time,x,y,z,qx,qy,qz,qw,fx,fy,fz
0.003800,0.621302,-0.253075,0.483325,0.820120,-0.569900,0.038760,0.033380,-3.976259,1.514718,-0.987056
0.037800,0.621327,-0.253046,0.483339,0.820133,-0.569881,0.038783,0.033373,-4.223881,1.403075,-0.914190
0.071800,0.621342,-0.253087,0.483281,0.820118,-0.569903,0.038754,0.033399,-4.278039,1.576852,-0.989921
0.105800,0.621347,-0.253104,0.483244,0.820112,-0.569912,0.038733,0.033414,-3.957494,1.607401,-0.985297
