{
  "skill_name": "eight_2",
  "match_ms": 594.149,
  "j_end": 633,
  "s": 1.36127824,
  "t": [
    -0.16259746,
    0.05412558,
    -0.0801043
  ],
  "R": [
    [
      0.99193063,
      0.08212659,
      0.09658593
    ],
    [
      -0.08020141,
      0.99649795,
      -0.02365503
    ],
    [
      -0.09819039,
      0.01571782,
      0.99504352
    ]
  ]
}
