{
  "skill_name": "rectangle_1",
  "match_ms": 141.548,
  "j_end": 273,
  "s": 1.10031098,
  "t": [
    0.51884396,
    -0.53206492,
    0.87996878
  ],
  "R": [
    [
      -0.09075291,
      0.99386534,
      0.06321065
    ],
    [
      0.99542953,
      0.0924245,
      -0.02403684
    ],
    [
      -0.0297316,
      0.06074034,
      -0.9977107
    ]
  ]
}
