{
  "skill_name": "line2_3",
  "match_ms": 1825.044,
  "j_end": 453,
  "s": 0.72740684,
  "t": [
    0.12974512,
    0.02107049,
    0.08263414
  ],
  "R": [
    [
      0.99956234,
      0.02958037,
      -0.00034691
    ],
    [
      -0.02949235,
      0.99553667,
      -0.08964897
    ],
    [
      -0.00230649,
      0.08961996,
      0.99597336
    ]
  ]
}
