{
  "skill_name": "sw2_2",
  "match_ms": 1535.295,
  "j_end": 298,
  "s": 1.07954252,
  "t": [
    0.08267761,
    0.03700887,
    -0.02990999
  ],
  "R": [
    [
      0.9997187,
      0.00504659,
      0.02317427
    ],
    [
      -0.00460879,
      0.99981064,
      -0.01890614
    ],
    [
      -0.02326529,
      0.01879402,
      0.99955266
    ]
  ]
}
