{
  "skill_name": "circle_2",
  "match_ms": 201.922,
  "j_end": 468,
  "s": 0.63490659,
  "t": [
    0.05872534,
    -0.04868905,
    0.21773778
  ],
  "R": [
    [
      0.98136077,
      0.08226791,
      0.17367508
    ],
    [
      -0.11128587,
      0.98006556,
      0.16458113
    ],
    [
      -0.15667322,
      -0.18084104,
      0.97095315
    ]
  ]
}
