{
  "skill_name": "circle1_1",
  "match_ms": 1796.764,
  "j_end": 463,
  "s": 1.17832389,
  "t": [
    -0.06985995,
    -0.13772481,
    0.033927
  ],
  "R": [
    [
      0.98120107,
      -0.16050053,
      0.10716357
    ],
    [
      0.14095952,
      0.975297,
      0.17007697
    ],
    [
      -0.13181375,
      -0.15177398,
      0.97958654
    ]
  ]
}
