{
  "skill_name": "circle_2",
  "match_ms": 213.289,
  "j_end": 393,
  "s": 0.86006733,
  "t": [
    -0.13714193,
    -0.07918708,
    0.45307649
  ],
  "R": [
    [
      0.78410002,
      -0.20475387,
      0.58588652
    ],
    [
      0.36144637,
      0.91805415,
      -0.16288984
    ],
    [
      -0.50452322,
      0.33948848,
      0.79385382
    ]
  ]
}
