{
  "skill_name": "circle2_2",
  "match_ms": 1351.228,
  "j_end": 413,
  "s": 0.67508436,
  "t": [
    0.20092686,
    0.2204366,
    0.08162072
  ],
  "R": [
    [
      0.36734978,
      -0.92586584,
      0.08846798
    ],
    [
      0.92537071,
      0.35426887,
      -0.13484292
    ],
    [
      0.093505,
      0.13140019,
      0.98690972
    ]
  ]
}
