{
  "skill_name": "arc2_5",
  "match_ms": 2650.743,
  "j_end": 798,
  "s": 0.92693885,
  "t": [
    0.0886206,
    -0.0323936,
    0.04473555
  ],
  "R": [
    [
      0.89418249,
      0.44592241,
      -0.03988579
    ],
    [
      -0.44770244,
      0.89053929,
      -0.08063679
    ],
    [
      -0.00043789,
      0.08996098,
      0.99594519
    ]
  ]
}
