{
  "skill_name": "sw1_5",
  "match_ms": 674.716,
  "j_end": 138,
  "s": 1.28599986,
  "t": [
    0.01003651,
    0.02318922,
    -0.12015827
  ],
  "R": [
    [
      0.99985263,
      0.00983488,
      0.01407085
    ],
    [
      -0.01006677,
      0.9998131,
      0.01650556
    ],
    [
      -0.01390589,
      -0.01664478,
      0.99976476
    ]
  ]
}
