{
  "skill_name": "sw2_1",
  "match_ms": 1477.616,
  "j_end": 293,
  "s": 1.13701876,
  "t": [
    0.07100962,
    0.01213773,
    -0.0576833
  ],
  "R": [
    [
      0.99974243,
      -0.02225083,
      0.00446957
    ],
    [
      0.02217283,
      0.99961294,
      0.01680271
    ],
    [
      -0.00484171,
      -0.01669928,
      0.99984883
    ]
  ]
}
