{
  "skill_name": "circle_1",
  "match_ms": 280.739,
  "j_end": 498,
  "s": 0.73493984,
  "t": [
    0.09718427,
    0.19055966,
    0.21034377
  ],
  "R": [
    [
      0.88310601,
      -0.46813825,
      -0.03115054
    ],
    [
      0.43183881,
      0.83699385,
      -0.33609008
    ],
    [
      0.18340944,
      0.28335115,
      0.94131456
    ]
  ]
}
