{
  "skill_name": "circle2_2",
  "match_ms": 1188.52,
  "j_end": 328,
  "s": 0.87197381,
  "t": [
    0.05797384,
    -0.00552377,
    0.05305833
  ],
  "R": [
    [
      0.98368557,
      -0.15834163,
      0.08538512
    ],
    [
      0.16766273,
      0.97898373,
      -0.11610372
    ],
    [
      -0.06520659,
      0.12852545,
      0.98956016
    ]
  ]
}
