{
  "skill_name": "rectangle_1",
  "match_ms": 81.031,
  "j_end": 273,
  "s": 0.53418691,
  "t": [
    0.18554142,
    -0.02316774,
    0.63183445
  ],
  "R": [
    [
      0.99969403,
      0.02321362,
      0.00854208
    ],
    [
      0.02331891,
      -0.99965067,
      -0.01244063
    ],
    [
      0.0082503,
      0.01263601,
      -0.99988613
    ]
  ]
}
