{
  "skill_name": "circle3_4",
  "match_ms": 1994.633,
  "j_end": 363,
  "s": 1.33226907,
  "t": [
    -0.31488729,
    -0.2389144,
    0.72803198
  ],
  "R": [
    [
      0.16807223,
      -0.24477691,
      0.95490104
    ],
    [
      0.23746911,
      0.95020762,
      0.20177685
    ],
    [
      -0.95674456,
      0.19284642,
      0.21783047
    ]
  ]
}
