{
  "skill_name": "triangle_2",
  "match_ms": 157.94,
  "j_end": 288,
  "s": 1.09731188,
  "t": [
    -0.02229409,
    0.01288074,
    -0.03106118
  ],
  "R": [
    [
      0.99969338,
      -0.01239534,
      0.02143612
    ],
    [
      0.0127745,
      0.99976275,
      -0.0176424
    ],
    [
      -0.02121235,
      0.01791083,
      0.99961454
    ]
  ]
}
