{
  "skill_name": "line1_2",
  "match_ms": 777.574,
  "j_end": 348,
  "s": 1.14929217,
  "t": [
    1.08807354,
    -0.096936,
    0.68488682
  ],
  "R": [
    [
      -0.99087846,
      0.11496867,
      -0.07029997
    ],
    [
      0.10603639,
      0.98712397,
      0.11976041
    ],
    [
      0.08316348,
      0.11121365,
      -0.99031074
    ]
  ]
}
