{
  "skill_name": "recip_line_1",
  "match_ms": 373.361,
  "j_end": 453,
  "s": 0.80698953,
  "t": [
    0.22361319,
    0.07424885,
    0.22123984
  ],
  "R": [
    [
      0.73836156,
      0.57310375,
      -0.35549163
    ],
    [
      -0.67321057,
      0.5949828,
      -0.4390706
    ],
    [
      -0.0401216,
      0.56351357,
      0.82513193
    ]
  ]
}
