{
  "skill_name": "circle_3",
  "match_ms": 212.469,
  "j_end": 423,
  "s": 0.64019601,
  "t": [
    0.73221384,
    0.23891013,
    0.67522504
  ],
  "R": [
    [
      -0.77161359,
      -0.6360607,
      -0.00626569
    ],
    [
      -0.63596544,
      0.77161931,
      -0.0123123
    ],
    [
      0.0126661,
      -0.00551558,
      -0.99990457
    ]
  ]
}
