{
  "skill_name": "circle1_1",
  "match_ms": 1218.846,
  "j_end": 303,
  "s": 1.10136246,
  "t": [
    -0.00666031,
    -0.04338895,
    0.00204147
  ],
  "R": [
    [
      0.99933041,
      -0.03655282,
      0.00161699
    ],
    [
      0.03647738,
      0.99876289,
      0.03379491
    ],
    [
      -0.00285029,
      -0.0337133,
      0.99942748
    ]
  ]
}
