{
  "skill_name": "lc1_5",
  "match_ms": 3733.319,
  "j_end": 738,
  "s": 1.03390664,
  "t": [
    -0.08408528,
    -0.09256204,
    0.03075846
  ],
  "R": [
    [
      0.98618895,
      -0.12952276,
      0.10322407
    ],
    [
      0.10946462,
      0.97743684,
      0.18065085
    ],
    [
      -0.12429341,
      -0.16685649,
      0.97811557
    ]
  ]
}
