{
  "skill_name": "triangle_2",
  "match_ms": 153.769,
  "j_end": 348,
  "s": 0.86182557,
  "t": [
    0.07859892,
    -0.00420272,
    0.06030419
  ],
  "R": [
    [
      0.99323012,
      -0.11591362,
      0.00761368
    ],
    [
      0.11589713,
      0.99325789,
      0.00257355
    ],
    [
      -0.00786066,
      -0.00167372,
      0.9999677
    ]
  ]
}
