{
  "skill_name": "arc_1",
  "match_ms": 379.18,
  "j_end": 828,
  "s": 0.76124328,
  "t": [
    0.04000365,
    0.04543569,
    0.09606066
  ],
  "R": [
    [
      0.99749626,
      0.00922296,
      0.07011521
    ],
    [
      -0.00475496,
      0.99796252,
      -0.06362547
    ],
    [
      -0.07055917,
      0.06313278,
      0.99550774
    ]
  ]
}
