{
  "skill_name": "sw1_3",
  "match_ms": 742.445,
  "j_end": 193,
  "s": 1.07715444,
  "t": [
    0.09029167,
    0.04116621,
    -0.02905591
  ],
  "R": [
    [
      0.99976176,
      0.00620586,
      0.02092643
    ],
    [
      -0.00606129,
      0.99995737,
      -0.00696518
    ],
    [
      -0.02096877,
      0.00683668,
      0.99975676
    ]
  ]
}
