{
  "skill_name": "arc_1",
  "match_ms": 378.497,
  "j_end": 813,
  "s": 0.83546361,
  "t": [
    0.02723009,
    -0.01765996,
    0.06521692
  ],
  "R": [
    [
      0.99989568,
      0.01266251,
      -0.00694913
    ],
    [
      -0.01248971,
      0.99962499,
      0.02436983
    ],
    [
      0.00725511,
      -0.02428049,
      0.99967886
    ]
  ]
}
