time,x,y,z,qx,qy,qz,qw,alpha,tank_energy,passivity_lambda,passivity_power,autonomy_wrench_norm
0.000000,0.507214,0.207648,0.395327,0.964584,-0.251982,0.004402,-0.077862,0.007346,2.000000,1.000000,0.000000,0.000000
0.005000,0.507011,0.207558,0.395409,0.964600,-0.252004,0.004196,-0.077603,0.013958,2.000000,1.000000,0.000022,0.339337
0.010000,0.506809,0.207465,0.395491,0.964614,-0.252027,0.004007,-0.077368,0.019908,2.000000,1.000000,0.000072,0.481754
0.015000,0.506632,0.207378,0.395560,0.964626,-0.252051,0.003834,-0.077156,0.025264,1.999999,1.000000,0.000143,0.608536
0.020000,0.506476,0.207295,0.395618,0.964635,-0.252076,0.003675,-0.076964,0.030084,1.999998,1.000000,0.000229,0.721321
0.025000,0.506340,0.207218,0.395666,0.964643,-0.252101,0.003529,-0.076790,0.034422,1.999997,1.000000,0.000324,0.821564
0.030000,0.506220,0.207145,0.395706,0.964649,-0.252127,0.003394,-0.076633,0.038326,1.999995,1.000000,0.000424,0.910599
0.035000,0.506116,0.207075,0.395737,0.964654,-0.252154,0.003269,-0.076490,0.041840,1.999992,1.000000,0.000523,0.989598
0.040000,0.506025,0.207009,0.395761,0.964658,-0.252181,0.003154,-0.076360,0.045002,1.999989,1.000000,0.000620,1.059623
0.045000,0.505946,0.206946,0.395779,0.964660,-0.252208,0.003046,-0.076241,0.047849,1.999986,1.000000,0.000712,1.121618
0.050000,0.505878,0.206870,0.395767,0.964659,-0.252250,0.002926,-0.076122,0.050410,1.999982,1.000000,0.000798,1.176659
0.055000,0.505821,0.206797,0.395750,0.964657,-0.252293,0.002812,-0.076013,0.052716,1.999977,1.000000,0.000957,1.225355
0.060000,0.505774,0.206726,0.395727,0.964654,-0.252336,0.002704,-0.075912,0.054791,1.999972,1.000000,0.001214,1.268349
0.065000,0.505737,0.206659,0.395699,0.964650,-0.252379,0.002602,-0.075819,0.056659,1.999965,1.000000,0.001539,1.306279
0.070000,0.505707,0.206593,0.395667,0.964646,-0.252422,0.002505,-0.075732,0.058340,1.999956,1.000000,0.001900,1.339685
0.075000,0.505685,0.206530,0.395631,0.964641,-0.252465,0.002412,-0.075652,0.059853,1.999945,1.000000,0.002275,1.369045
0.080000,0.505671,0.206469,0.395591,0.964636,-0.252509,0.002322,-0.075578,0.061214,1.999932,1.000000,0.002645,1.394770
0.085000,0.505668,0.206390,0.395514,0.964626,-0.252572,0.002210,-0.075493,0.062440,1.999918,1.000000,0.003019,1.417972
0.090000,0.505673,0.206315,0.395434,0.964616,-0.252634,0.002100,-0.075414,0.063543,1.999902,1.000000,0.003384,1.438478
0.095000,0.505687,0.206244,0.395351,0.964606,-0.252697,0.001994,-0.075338,0.064535,1.999884,1.000000,0.003725,1.456581
0.100000,0.505708,0.206177,0.395264,0.964595,-0.252760,0.001890,-0.075266,0.065429,1.999864,1.000000,0.004032,1.472563
0.105000,0.505737,0.206114,0.395176,0.964584,-0.252823,0.001788,-0.075197,0.066233,1.999843,1.000000,0.004299,1.486651
0.110000,0.505767,0.206052,0.395085,0.964573,-0.252886,0.001689,-0.075131,0.066957,1.999821,1.000000,0.004527,1.498900
0.115000,0.505801,0.205990,0.394994,0.964562,-0.252949,0.001591,-0.075068,0.067608,1.999798,1.000000,0.004717,1.509524
0.120000,0.505841,0.205924,0.394882,0.964549,-0.253019,0.001481,-0.074999,0.068194,1.999774,1.000000,0.004879,1.519277
0.125000,0.505883,0.205858,0.394770,0.964536,-0.253089,0.001372,-0.074933,0.068722,1.999749,1.000000,0.005015,1.527739
0.130000,0.505927,0.205792,0.394656,0.964522,-0.253159,0.001264,-0.074869,0.069197,1.999723,1.000000,0.005126,1.535045
0.135000,0.505973,0.205727,0.394542,0.964509,-0.253229,0.001158,-0.074806,0.069624,1.999697,1.000000,0.005210,1.541305
0.140000,0.506020,0.205663,0.394426,0.964496,-0.253299,0.001053,-0.074745,0.070009,1.999671,1.000000,0.005270,1.546652
0.145000,0.506068,0.205599,0.394310,0.964482,-0.253369,0.000948,-0.074686,0.070356,1.999645,1.000000,0.005256,1.551188
0.150000,0.506118,0.205535,0.394194,0.964468,-0.253439,0.000845,-0.074627,0.070667,1.999619,1.000000,0.005152,1.555006
0.155000,0.506175,0.205465,0.394052,0.964452,-0.253519,0.000723,-0.074561,0.070948,1.999594,1.000000,0.004958,1.559074
0.160000,0.506234,0.205396,0.393909,0.964437,-0.253598,0.000602,-0.074495,0.071200,1.999570,1.000000,0.004677,1.562596
0.165000,0.506293,0.205327,0.393766,0.964421,-0.253678,0.000481,-0.074430,0.071428,1.999548,1.000000,0.004310,1.565633
0.170000,0.506352,0.205258,0.393622,0.964405,-0.253757,0.000361,-0.074366,0.071632,1.999528,1.000000,0.003857,1.568274
0.175000,0.506413,0.205190,0.393478,0.964389,-0.253837,0.000241,-0.074303,0.071816,1.999510,1.000000,0.003321,1.570565
0.180000,0.506474,0.205121,0.393334,0.964373,-0.253917,0.000122,-0.074241,0.071982,1.999495,1.000000,0.002705,1.572532
0.185000,0.506543,0.205043,0.393164,0.964354,-0.254008,-0.000017,-0.074169,0.072131,1.999484,1.000000,0.002006,1.575126
0.190000,0.506612,0.204965,0.392994,0.964335,-0.254100,-0.000155,-0.074097,0.072265,1.999476,1.000000,0.001231,1.577475
0.195000,0.506682,0.204888,0.392823,0.964317,-0.254191,-0.000293,-0.074026,0.072386,1.999473,1.000000,0.000404,1.579621
0.200000,0.506752,0.204810,0.392653,0.964298,-0.254283,-0.000431,-0.073956,0.072495,1.999474,1.000000,-0.000449,1.581602
0.205000,0.506822,0.204732,0.392482,0.964279,-0.254374,-0.000568,-0.073885,0.072593,1.999478,1.000000,-0.001339,1.583445
0.210000,0.506893,0.204655,0.392311,0.964260,-0.254466,-0.000706,-0.073815,0.072681,1.999485,1.000000,-0.002272,1.585187
0.215000,0.506964,0.204578,0.392139,0.964241,-0.254557,-0.000843,-0.073746,0.072761,1.999497,1.000000,-0.003252,1.586839
0.220000,0.507037,0.204496,0.391951,0.964221,-0.254654,-0.000993,-0.073669,0.072832,1.999513,1.000000,-0.004289,1.588996
0.225000,0.507111,0.204415,0.391763,0.964202,-0.254751,-0.001143,-0.073593,0.072896,1.999533,1.000000,-0.005377,1.591106
0.230000,0.507185,0.204333,0.391575,0.964182,-0.254848,-0.001293,-0.073517,0.072954,1.999557,1.000000,-0.006516,1.593171
0.235000,0.507259,0.204252,0.391386,0.964162,-0.254944,-0.001443,-0.073441,0.073006,1.999586,1.000000,-0.007705,1.595218
0.240000,0.507333,0.204171,0.391197,0.964142,-0.255041,-0.001592,-0.073366,0.073053,1.999620,1.000000,-0.008942,1.597262
0.245000,0.507407,0.204089,0.391008,0.964122,-0.255138,-0.001742,-0.073290,0.073096,1.999659,1.000000,-0.010225,1.599312
0.250000,0.507482,0.204008,0.390820,0.964101,-0.255234,-0.001891,-0.073215,0.073134,1.999704,1.000000,-0.011550,1.601416
0.255000,0.507559,0.203927,0.390621,0.964081,-0.255332,-0.002048,-0.073137,0.073168,1.999754,1.000000,-0.012928,1.603969
0.260000,0.507636,0.203847,0.390423,0.964061,-0.255430,-0.002205,-0.073059,0.073199,1.999809,1.000000,-0.014348,1.606562
0.265000,0.507714,0.203766,0.390224,0.964040,-0.255528,-0.002362,-0.072981,0.073227,1.999870,1.000000,-0.015808,1.609198
0.270000,0.507792,0.203686,0.390025,0.964020,-0.255625,-0.002519,-0.072904,0.073252,1.999937,1.000000,-0.017305,1.611876
0.275000,0.507869,0.203605,0.389827,0.963999,-0.255723,-0.002676,-0.072826,0.073274,2.000011,1.000000,-0.018834,1.614610
0.280000,0.507947,0.203525,0.389628,0.963979,-0.255821,-0.002832,-0.072749,0.073295,2.000090,1.000000,-0.020393,1.617406
0.285000,0.508025,0.203444,0.389429,0.963958,-0.255918,-0.002989,-0.072671,0.073313,2.000176,1.000000,-0.021978,1.620267
0.290000,0.508111,0.203368,0.389228,0.963938,-0.256015,-0.003147,-0.072596,0.073330,2.000268,1.000000,-0.023597,1.623573
0.295000,0.508198,0.203292,0.389026,0.963917,-0.256112,-0.003305,-0.072522,0.073344,2.000367,1.000000,-0.025243,1.626947
0.300000,0.508285,0.203216,0.388824,0.963897,-0.256208,-0.003463,-0.072447,0.073358,2.000472,1.000000,-0.026912,1.630393
0.305000,0.508371,0.203140,0.388622,0.963876,-0.256305,-0.003621,-0.072372,0.073370,2.000584,1.000000,-0.028599,1.633914
0.310000,0.508458,0.203064,0.388420,0.963855,-0.256402,-0.003780,-0.072298,0.073381,2.000703,1.000000,-0.030301,1.637551
0.315000,0.508545,0.202988,0.388219,0.963834,-0.256498,-0.003938,-0.072223,0.073391,2.000829,1.000000,-0.031965,1.641267
0.320000,0.508632,0.202911,0.388017,0.963814,-0.256595,-0.004096,-0.072148,0.073400,2.000961,1.000000,-0.033557,1.645064
0.325000,0.508729,0.202842,0.387818,0.963793,-0.256690,-0.004250,-0.072080,0.073408,2.001100,1.000000,-0.035099,1.649160
0.330000,0.508827,0.202772,0.387619,0.963772,-0.256784,-0.004404,-0.072012,0.073415,2.001244,1.000000,-0.036611,1.653316
0.335000,0.508925,0.202702,0.387420,0.963751,-0.256878,-0.004558,-0.071944,0.073421,2.001395,1.000000,-0.038103,1.657545
0.340000,0.509023,0.202632,0.387222,0.963731,-0.256973,-0.004712,-0.071875,0.073427,2.001551,1.000000,-0.039577,1.661852
0.345000,0.509120,0.202562,0.387023,0.963710,-0.257067,-0.004866,-0.071807,0.073432,2.001714,1.000000,-0.041035,1.666235
0.350000,0.509218,0.202492,0.386824,0.963689,-0.257162,-0.005021,-0.071739,0.073437,2.001882,1.000000,-0.042478,1.670717
0.355000,0.509324,0.202423,0.386634,0.963667,-0.257257,-0.005163,-0.071680,0.073442,2.002056,1.000000,-0.043887,1.675151
0.360000,0.509430,0.202354,0.386443,0.963645,-0.257353,-0.005305,-0.071621,0.073446,2.002235,1.000000,-0.045271,1.679656
0.365000,0.509536,0.202284,0.386253,0.963623,-0.257449,-0.005447,-0.071561,0.073449,2.002420,1.000000,-0.046636,1.684230
0.370000,0.509641,0.202215,0.386062,0.963601,-0.257545,-0.005589,-0.071502,0.073452,2.002610,1.000000,-0.048004,1.688864
0.375000,0.509747,0.202145,0.385871,0.963579,-0.257641,-0.005731,-0.071443,0.073455,2.002806,1.000000,-0.049368,1.693565
0.380000,0.509853,0.202076,0.385681,0.963557,-0.257737,-0.005873,-0.071384,0.073458,2.003008,1.000000,-0.050724,1.698339
0.385000,0.509959,0.202007,0.385490,0.963535,-0.257833,-0.006015,-0.071325,0.073460,2.003214,1.000000,-0.052066,1.703183
0.390000,0.510070,0.201941,0.385316,0.963512,-0.257927,-0.006133,-0.071281,0.073463,2.003426,1.000000,-0.053347,1.707595
0.395000,0.510182,0.201875,0.385142,0.963489,-0.258021,-0.006250,-0.071237,0.073464,2.003643,1.000000,-0.054598,1.712080
0.400000,0.510293,0.201809,0.384968,0.963466,-0.258115,-0.006367,-0.071194,0.073466,2.003865,1.000000,-0.055817,1.716628
0.405000,0.510404,0.201743,0.384794,0.963444,-0.258209,-0.006484,-0.071150,0.073468,2.004092,1.000000,-0.057001,1.721237
0.410000,0.510516,0.201677,0.384620,0.963421,-0.258303,-0.006602,-0.071106,0.073469,2.004323,1.000000,-0.058148,1.725911
0.415000,0.510627,0.201612,0.384446,0.963398,-0.258397,-0.006719,-0.071063,0.073471,2.004559,1.000000,-0.059258,1.730651
0.420000,0.510738,0.201546,0.384271,0.963375,-0.258492,-0.006836,-0.071019,0.073472,2.004799,1.000000,-0.060329,1.735453
0.425000,0.510864,0.201483,0.384113,0.963351,-0.258586,-0.006933,-0.070991,0.073473,2.005044,1.000000,-0.061325,1.739986
0.430000,0.510991,0.201421,0.383955,0.963346,-0.258607,-0.006978,-0.070983,0.073474,2.005292,1.000000,-0.062244,1.744575
0.435000,0.511117,0.201359,0.383796,0.963349,-0.258594,-0.007001,-0.070985,0.073475,2.005543,1.000000,-0.063101,1.749204
0.440000,0.511243,0.201296,0.383638,0.963351,-0.258582,-0.007026,-0.070991,0.073476,2.005798,1.000000,-0.063910,1.753884
0.445000,0.511369,0.201234,0.383480,0.963354,-0.258571,-0.007053,-0.071000,0.073477,2.006056,1.000000,-0.064670,1.758613
0.450000,0.511495,0.201171,0.383321,0.963356,-0.258559,-0.007081,-0.071010,0.073478,2.006317,1.000000,-0.065380,1.763389
0.455000,0.511621,0.201109,0.383163,0.963358,-0.258547,-0.007111,-0.071023,0.073478,2.006580,1.000000,-0.066042,1.768230
0.460000,0.511776,0.201043,0.383027,0.963355,-0.258550,-0.007128,-0.071053,0.073479,2.006846,1.000000,-0.066626,1.772678
0.465000,0.511930,0.200977,0.382891,0.963351,-0.258554,-0.007147,-0.071085,0.073480,2.007115,1.000000,-0.067155,1.777160
0.470000,0.512084,0.200911,0.382755,0.963348,-0.258558,-0.007168,-0.071118,0.073480,2.007385,1.000000,-0.067648,1.781673
0.475000,0.512239,0.200845,0.382619,0.963344,-0.258562,-0.007191,-0.071154,0.073481,2.007657,1.000000,-0.068169,1.786211
0.480000,0.512393,0.200779,0.382483,0.963339,-0.258567,-0.007216,-0.071190,0.073481,2.007931,1.000000,-0.068702,1.790777
0.485000,0.512548,0.200713,0.382347,0.963335,-0.258572,-0.007242,-0.071227,0.073482,2.008208,1.000000,-0.069231,1.795375
0.490000,0.512703,0.200648,0.382212,0.963331,-0.258576,-0.007270,-0.071264,0.073482,2.008487,1.000000,-0.069744,1.800003
0.495000,0.512886,0.200587,0.382114,0.963322,-0.258596,-0.007280,-0.071317,0.073483,2.008767,1.000000,-0.070168,1.803548
0.500000,0.513070,0.200526,0.382017,0.963313,-0.258615,-0.007291,-0.071370,0.073483,2.009049,1.000000,-0.070556,1.807101
0.505000,0.513253,0.200465,0.381919,0.963304,-0.258634,-0.007305,-0.071423,0.073483,2.009332,1.000000,-0.070906,1.810671
0.510000,0.513437,0.200405,0.381822,0.963295,-0.258652,-0.007321,-0.071475,0.073484,2.009617,1.000000,-0.071215,1.814257
0.515000,0.513621,0.200344,0.381724,0.963286,-0.258669,-0.007339,-0.071528,0.073484,2.009903,1.000000,-0.071482,1.817857
0.520000,0.513804,0.200283,0.381627,0.963278,-0.258685,-0.007360,-0.071580,0.073484,2.010189,1.000000,-0.071706,1.821475
0.525000,0.514003,0.200227,0.381555,0.963267,-0.258709,-0.007369,-0.071642,0.073485,2.010477,1.000000,-0.071842,1.824279
0.530000,0.514203,0.200171,0.381484,0.963256,-0.258732,-0.007380,-0.071703,0.073485,2.010765,1.000000,-0.071931,1.827094
0.535000,0.514402,0.200115,0.381412,0.963245,-0.258754,-0.007396,-0.071764,0.073485,2.011053,1.000000,-0.071973,1.829916
0.540000,0.514601,0.200059,0.381341,0.963235,-0.258776,-0.007415,-0.071825,0.073485,2.011341,1.000000,-0.071970,1.832748
0.545000,0.514800,0.200003,0.381269,0.963225,-0.258796,-0.007438,-0.071884,0.073486,2.011629,1.000000,-0.071922,1.835587
0.550000,0.514999,0.199947,0.381197,0.963215,-0.258816,-0.007466,-0.071942,0.073486,2.011916,1.000000,-0.071831,1.838435
0.555000,0.515198,0.199891,0.381126,0.963205,-0.258836,-0.007499,-0.071998,0.073486,2.012204,1.000000,-0.071699,1.841292
0.560000,0.515401,0.199831,0.381050,0.963195,-0.258857,-0.007539,-0.072053,0.073486,2.012490,1.000000,-0.071544,1.844360
0.565000,0.515603,0.199772,0.380975,0.963185,-0.258880,-0.007585,-0.072105,0.073487,2.012776,1.000000,-0.071352,1.847411
0.570000,0.515805,0.199713,0.380899,0.963174,-0.258904,-0.007636,-0.072155,0.073487,2.013061,1.000000,-0.071127,1.850469
0.575000,0.516007,0.199653,0.380823,0.963163,-0.258931,-0.007691,-0.072201,0.073487,2.013346,1.000000,-0.070871,1.853537
0.580000,0.516210,0.199594,0.380748,0.963151,-0.258962,-0.007752,-0.072245,0.073487,2.013629,1.000000,-0.070586,1.856612
0.585000,0.516412,0.199535,0.380672,0.963138,-0.258997,-0.007816,-0.072285,0.073488,2.013910,1.000000,-0.070273,1.859688
0.590000,0.516614,0.199476,0.380596,0.963124,-0.259036,-0.007884,-0.072322,0.073488,2.014191,1.000000,-0.069934,1.862766
0.595000,0.516821,0.199422,0.380515,0.963109,-0.259081,-0.007955,-0.072356,0.073488,2.014470,1.000000,-0.069587,1.866195
0.600000,0.517028,0.199368,0.380434,0.963092,-0.259131,-0.008028,-0.072387,0.073488,2.014748,1.000000,-0.069224,1.869631
0.605000,0.517235,0.199314,0.380353,0.963075,-0.259187,-0.008101,-0.072416,0.073488,2.015024,1.000000,-0.068847,1.873075
0.610000,0.517442,0.199260,0.380272,0.963056,-0.259246,-0.008175,-0.072443,0.073489,2.015298,1.000000,-0.068457,1.876525
0.615000,0.517648,0.199207,0.380191,0.963036,-0.259311,-0.008248,-0.072468,0.073489,2.015572,1.000000,-0.068055,1.879983
0.620000,0.517855,0.199153,0.380110,0.963015,-0.259380,-0.008320,-0.072492,0.073489,2.015843,1.000000,-0.067641,1.883450
0.625000,0.518062,0.199099,0.380029,0.962993,-0.259454,-0.008390,-0.072515,0.073489,2.016113,1.000000,-0.067218,1.886925
0.630000,0.518273,0.199056,0.379963,0.962972,-0.259519,-0.008450,-0.072546,0.073489,2.016381,1.000000,-0.066746,1.889849
0.635000,0.518483,0.199014,0.379898,0.962951,-0.259587,-0.008508,-0.072576,0.073489,2.016646,1.000000,-0.066254,1.892770
0.640000,0.518694,0.198971,0.379832,0.962929,-0.259658,-0.008565,-0.072606,0.073490,2.016910,1.000000,-0.065741,1.895698
0.645000,0.518905,0.198928,0.379766,0.962907,-0.259732,-0.008621,-0.072635,0.073490,2.017172,1.000000,-0.065210,1.898631
0.650000,0.519116,0.198885,0.379700,0.962883,-0.259808,-0.008675,-0.072665,0.073490,2.017432,1.000000,-0.064661,1.901570
0.655000,0.519327,0.198843,0.379634,0.962859,-0.259887,-0.008727,-0.072694,0.073490,2.017689,1.000000,-0.064095,1.904499
0.660000,0.519538,0.198800,0.379568,0.962835,-0.259969,-0.008776,-0.072724,0.073490,2.017944,1.000000,-0.063513,1.907432
0.665000,0.519743,0.198755,0.379507,0.962810,-0.260050,-0.008823,-0.072755,0.073491,2.018197,1.000000,-0.062901,1.910087
0.670000,0.519948,0.198711,0.379445,0.962785,-0.260134,-0.008867,-0.072785,0.073491,2.018447,1.000000,-0.062271,1.912749
0.675000,0.520153,0.198666,0.379383,0.962759,-0.260219,-0.008909,-0.072816,0.073491,2.018695,1.000000,-0.061625,1.915411
0.680000,0.520359,0.198622,0.379322,0.962733,-0.260305,-0.008949,-0.072848,0.073491,2.018940,1.000000,-0.060964,1.918061
0.685000,0.520564,0.198577,0.379260,0.962706,-0.260393,-0.008986,-0.072880,0.073491,2.019182,1.000000,-0.060290,1.920717
0.690000,0.520769,0.198532,0.379198,0.962679,-0.260483,-0.009021,-0.072913,0.073492,2.019422,1.000000,-0.059606,1.923381
0.695000,0.520973,0.198483,0.379131,0.962651,-0.260578,-0.009054,-0.072945,0.073492,2.019659,1.000000,-0.058922,1.926275
0.700000,0.521178,0.198434,0.379063,0.962622,-0.260673,-0.009085,-0.072978,0.073492,2.019893,1.000000,-0.058232,1.929157
0.705000,0.521382,0.198385,0.378996,0.962593,-0.260770,-0.009113,-0.073011,0.073492,2.020124,1.000000,-0.057537,1.932029
0.710000,0.521587,0.198336,0.378928,0.962564,-0.260867,-0.009140,-0.073045,0.073492,2.020353,1.000000,-0.056840,1.934909
0.715000,0.521791,0.198287,0.378861,0.962535,-0.260963,-0.009167,-0.073078,0.073492,2.020578,1.000000,-0.056143,1.937795
0.720000,0.521995,0.198238,0.378793,0.962506,-0.261060,-0.009194,-0.073112,0.073493,2.020801,1.000000,-0.055446,1.940688
0.725000,0.522200,0.198189,0.378726,0.962477,-0.261156,-0.009221,-0.073146,0.073493,2.021021,1.000000,-0.054750,1.943568
0.730000,0.522419,0.198147,0.378673,0.962448,-0.261249,-0.009233,-0.073192,0.073493,2.021239,1.000000,-0.054048,1.946047
0.735000,0.522639,0.198105,0.378620,0.962419,-0.261342,-0.009246,-0.073238,0.073493,2.021453,1.000000,-0.053353,1.948531
0.740000,0.522858,0.198064,0.378567,0.962390,-0.261435,-0.009259,-0.073284,0.073493,2.021665,1.000000,-0.052676,1.951019
0.745000,0.523078,0.198022,0.378514,0.962361,-0.261528,-0.009272,-0.073330,0.073493,2.021874,1.000000,-0.052023,1.953508
0.750000,0.523297,0.197980,0.378460,0.962333,-0.261621,-0.009285,-0.073376,0.073494,2.022081,1.000000,-0.051398,1.955976
0.755000,0.523517,0.197939,0.378407,0.962304,-0.261714,-0.009297,-0.073422,0.073494,2.022285,1.000000,-0.050801,1.958447
0.760000,0.523736,0.197897,0.378354,0.962275,-0.261807,-0.009310,-0.073469,0.073494,2.022487,1.000000,-0.050233,1.960936
0.765000,0.523956,0.197859,0.378310,0.962247,-0.261896,-0.009315,-0.073520,0.073495,2.022687,1.000000,-0.049679,1.963039
0.770000,0.524176,0.197820,0.378266,0.962218,-0.261985,-0.009319,-0.073571,0.073496,2.022884,1.000000,-0.049147,1.965137
0.775000,0.524395,0.197782,0.378222,0.962190,-0.262075,-0.009324,-0.073622,0.073496,2.023079,1.000000,-0.048635,1.967213
0.780000,0.524615,0.197744,0.378178,0.962162,-0.262164,-0.009328,-0.073673,0.073497,2.023273,1.000000,-0.048145,1.969291
0.785000,0.524835,0.197705,0.378134,0.962134,-0.262253,-0.009333,-0.073724,0.073497,2.023464,1.000000,-0.047676,1.971372
0.790000,0.525055,0.197667,0.378089,0.962105,-0.262342,-0.009338,-0.073775,0.073498,2.023654,1.000000,-0.047229,1.973455
0.795000,0.525275,0.197629,0.378045,0.962077,-0.262431,-0.009342,-0.073826,0.073498,2.023842,1.000000,-0.046802,1.975525
0.800000,0.525480,0.197581,0.377991,0.962048,-0.262524,-0.009357,-0.073867,0.073498,2.024028,1.000000,-0.046383,1.977814
0.805000,0.525686,0.197534,0.377936,0.962020,-0.262618,-0.009371,-0.073909,0.073499,2.024213,1.000000,-0.045979,1.980107
0.810000,0.525892,0.197486,0.377881,0.961991,-0.262711,-0.009385,-0.073950,0.073499,2.024395,1.000000,-0.045589,1.982407
0.815000,0.526098,0.197439,0.377827,0.961962,-0.262804,-0.009400,-0.073991,0.073499,2.024577,1.000000,-0.045212,1.984712
0.820000,0.526304,0.197392,0.377772,0.961933,-0.262897,-0.009414,-0.074032,0.073500,2.024757,1.000000,-0.044853,1.986980
0.825000,0.526510,0.197346,0.377718,0.961905,-0.262990,-0.009429,-0.074073,0.073500,2.024935,1.000000,-0.044509,1.989213
0.830000,0.526716,0.197299,0.377663,0.961876,-0.263082,-0.009443,-0.074114,0.073500,2.025113,1.000000,-0.044176,1.991454
0.835000,0.526925,0.197249,0.377606,0.961847,-0.263179,-0.009458,-0.074155,0.073501,2.025289,1.000000,-0.043862,1.993818
0.840000,0.527133,0.197199,0.377549,0.961817,-0.263275,-0.009474,-0.074195,0.073501,2.025463,1.000000,-0.043557,1.996178
0.845000,0.527341,0.197149,0.377492,0.961787,-0.263371,-0.009489,-0.074236,0.073501,2.025637,1.000000,-0.043260,1.998533
0.850000,0.527550,0.197098,0.377435,0.961757,-0.263468,-0.009505,-0.074277,0.073501,2.025809,1.000000,-0.042972,2.000895
0.855000,0.527758,0.197048,0.377378,0.961728,-0.263564,-0.009520,-0.074317,0.073502,2.025980,1.000000,-0.042694,2.003263
0.860000,0.527967,0.196998,0.377321,0.961698,-0.263661,-0.009536,-0.074358,0.073502,2.026150,1.000000,-0.042424,2.005632
0.865000,0.528185,0.196946,0.377273,0.961667,-0.263760,-0.009542,-0.074406,0.073502,2.026319,1.000000,-0.042170,2.007712
0.870000,0.528403,0.196894,0.377224,0.961636,-0.263859,-0.009548,-0.074455,0.073502,2.026488,1.000000,-0.041919,2.009798
0.875000,0.528621,0.196842,0.377176,0.961605,-0.263957,-0.009555,-0.074503,0.073503,2.026655,1.000000,-0.041672,2.011887
0.880000,0.528839,0.196791,0.377127,0.961574,-0.264056,-0.009561,-0.074551,0.073503,2.026821,1.000000,-0.041429,2.013981
0.885000,0.529057,0.196739,0.377079,0.961543,-0.264155,-0.009567,-0.074599,0.073503,2.026986,1.000000,-0.041190,2.016076
0.890000,0.529274,0.196687,0.377031,0.961512,-0.264254,-0.009574,-0.074647,0.073503,2.027150,1.000000,-0.040955,2.018174
0.895000,0.529492,0.196635,0.376982,0.961481,-0.264353,-0.009580,-0.074696,0.073504,2.027313,1.000000,-0.040724,2.020278
0.900000,0.529695,0.196579,0.376936,0.961451,-0.264451,-0.009586,-0.074740,0.073504,2.027475,1.000000,-0.040466,2.022065
0.905000,0.529899,0.196522,0.376891,0.961420,-0.264549,-0.009591,-0.074783,0.073504,2.027637,1.000000,-0.040202,2.023850
0.910000,0.530102,0.196466,0.376845,0.961390,-0.264647,-0.009597,-0.074827,0.073504,2.027797,1.000000,-0.039934,2.025631
0.915000,0.530305,0.196409,0.376799,0.961360,-0.264745,-0.009602,-0.074871,0.073505,2.027956,1.000000,-0.039663,2.027419
0.920000,0.530508,0.196353,0.376754,0.961329,-0.264843,-0.009608,-0.074915,0.073505,2.028114,1.000000,-0.039390,2.029214
0.925000,0.530711,0.196296,0.376708,0.961299,-0.264941,-0.009613,-0.074959,0.073505,2.028271,1.000000,-0.039114,2.031013
0.930000,0.530914,0.196239,0.376662,0.961268,-0.265039,-0.009619,-0.075003,0.073505,2.028426,1.000000,-0.038838,2.032813
0.935000,0.531108,0.196188,0.376619,0.961239,-0.265131,-0.009624,-0.075045,0.073505,2.028581,1.000000,-0.038537,2.034436
0.940000,0.531302,0.196137,0.376575,0.961211,-0.265223,-0.009629,-0.075088,0.073506,2.028734,1.000000,-0.038234,2.036068
0.945000,0.531496,0.196086,0.376531,0.961182,-0.265314,-0.009634,-0.075130,0.073506,2.028886,1.000000,-0.037928,2.037706
0.950000,0.531690,0.196035,0.376488,0.961153,-0.265406,-0.009639,-0.075172,0.073506,2.029037,1.000000,-0.037618,2.039350
0.955000,0.531884,0.195983,0.376444,0.961125,-0.265497,-0.009644,-0.075215,0.073506,2.029187,1.000000,-0.037304,2.040993
0.960000,0.532079,0.195932,0.376401,0.961096,-0.265589,-0.009649,-0.075257,0.073506,2.029335,1.000000,-0.036987,2.042643
0.965000,0.532273,0.195881,0.376357,0.961067,-0.265680,-0.009654,-0.075300,0.073506,2.029482,1.000000,-0.036668,2.044301
0.970000,0.532480,0.195845,0.376328,0.961041,-0.265762,-0.009644,-0.075355,0.073507,2.029628,1.000000,-0.036351,2.045461
0.975000,0.532687,0.195808,0.376300,0.961014,-0.265843,-0.009634,-0.075411,0.073507,2.029773,1.000000,-0.036026,2.046619
0.980000,0.532894,0.195772,0.376272,0.960987,-0.265925,-0.009624,-0.075467,0.073507,2.029916,1.000000,-0.035695,2.047768
0.985000,0.533101,0.195736,0.376243,0.960960,-0.266006,-0.009615,-0.075523,0.073507,2.030058,1.000000,-0.035356,2.048919
0.990000,0.533308,0.195699,0.376215,0.960933,-0.266087,-0.009605,-0.075578,0.073507,2.030198,1.000000,-0.035012,2.050077
0.995000,0.533515,0.195663,0.376186,0.960907,-0.266169,-0.009595,-0.075634,0.073508,2.030337,1.000000,-0.034661,2.051237
1.000000,0.533722,0.195627,0.376158,0.960880,-0.266250,-0.009585,-0.075690,0.073508,2.030475,1.000000,-0.034305,2.052391
1.005000,0.533917,0.195594,0.376134,0.960855,-0.266324,-0.009573,-0.075744,0.073508,2.030611,1.000000,-0.033911,2.053191
1.010000,0.534111,0.195562,0.376111,0.960830,-0.266398,-0.009561,-0.075799,0.073508,2.030746,1.000000,-0.033507,2.053998
1.015000,0.534305,0.195530,0.376087,0.960806,-0.266472,-0.009548,-0.075853,0.073508,2.030878,1.000000,-0.033094,2.054808
1.020000,0.534500,0.195498,0.376063,0.960781,-0.266547,-0.009536,-0.075907,0.073508,2.031010,1.000000,-0.032670,2.055624
1.025000,0.534694,0.195466,0.376040,0.960756,-0.266621,-0.009524,-0.075961,0.073509,2.031139,1.000000,-0.032238,2.056433
1.030000,0.534889,0.195433,0.376016,0.960731,-0.266695,-0.009512,-0.076016,0.073509,2.031267,1.000000,-0.031797,2.057240
1.035000,0.535062,0.195394,0.375980,0.960707,-0.266770,-0.009513,-0.076056,0.073509,2.031393,1.000000,-0.031323,2.058428
1.040000,0.535236,0.195355,0.375943,0.960683,-0.266846,-0.009514,-0.076096,0.073509,2.031517,1.000000,-0.030849,2.059625
1.045000,0.535410,0.195315,0.375906,0.960659,-0.266921,-0.009516,-0.076137,0.073509,2.031639,1.000000,-0.030374,2.060830
1.050000,0.535583,0.195276,0.375869,0.960635,-0.266997,-0.009517,-0.076177,0.073510,2.031759,1.000000,-0.029899,2.062031
1.055000,0.535757,0.195236,0.375833,0.960611,-0.267072,-0.009518,-0.076218,0.073510,2.031877,1.000000,-0.029424,2.063234
1.060000,0.535931,0.195197,0.375796,0.960586,-0.267148,-0.009520,-0.076258,0.073510,2.031993,1.000000,-0.028952,2.064449
1.065000,0.536104,0.195157,0.375759,0.960562,-0.267223,-0.009521,-0.076298,0.073510,2.032108,1.000000,-0.028482,2.065671
1.070000,0.536285,0.195119,0.375718,0.960538,-0.267300,-0.009524,-0.076340,0.073510,2.032221,1.000000,-0.028034,2.067170
1.075000,0.536466,0.195080,0.375677,0.960513,-0.267376,-0.009528,-0.076381,0.073510,2.032331,1.000000,-0.027595,2.068658
1.080000,0.536646,0.195042,0.375636,0.960488,-0.267452,-0.009531,-0.076423,0.073511,2.032441,1.000000,-0.027166,2.070147
1.085000,0.536827,0.195003,0.375595,0.960464,-0.267529,-0.009535,-0.076464,0.073511,2.032548,1.000000,-0.026748,2.071645
1.090000,0.537008,0.194965,0.375554,0.960439,-0.267605,-0.009538,-0.076505,0.073511,2.032654,1.000000,-0.026341,2.073150
1.095000,0.537188,0.194926,0.375513,0.960415,-0.267681,-0.009541,-0.076547,0.073511,2.032758,1.000000,-0.025944,2.074662
1.100000,0.537369,0.194887,0.375471,0.960390,-0.267758,-0.009545,-0.076588,0.073511,2.032861,1.000000,-0.025560,2.076172
1.105000,0.537560,0.194857,0.375443,0.960366,-0.267829,-0.009536,-0.076640,0.073511,2.032962,1.000000,-0.025190,2.077191
1.110000,0.537750,0.194826,0.375415,0.960342,-0.267901,-0.009527,-0.076692,0.073512,2.033062,1.000000,-0.024824,2.078217
1.115000,0.537941,0.194795,0.375387,0.960318,-0.267973,-0.009518,-0.076744,0.073512,2.033160,1.000000,-0.024462,2.079248
1.120000,0.538132,0.194765,0.375359,0.960294,-0.268045,-0.009509,-0.076796,0.073512,2.033257,1.000000,-0.024105,2.080283
1.125000,0.538323,0.194734,0.375331,0.960270,-0.268116,-0.009499,-0.076848,0.073512,2.033352,1.000000,-0.023752,2.081309
1.130000,0.538513,0.194703,0.375303,0.960246,-0.268188,-0.009490,-0.076899,0.073512,2.033446,1.000000,-0.023405,2.082336
1.135000,0.538704,0.194672,0.375275,0.960222,-0.268260,-0.009481,-0.076951,0.073512,2.033539,1.000000,-0.023065,2.083370
1.140000,0.538880,0.194642,0.375256,0.960199,-0.268327,-0.009467,-0.077002,0.073513,2.033630,1.000000,-0.022693,2.083852
1.145000,0.539057,0.194611,0.375237,0.960176,-0.268394,-0.009452,-0.077052,0.073513,2.033720,1.000000,-0.022318,2.084342
1.150000,0.539233,0.194580,0.375219,0.960154,-0.268461,-0.009437,-0.077103,0.073513,2.033808,1.000000,-0.021938,2.084831
1.155000,0.539409,0.194550,0.375200,0.960131,-0.268528,-0.009423,-0.077153,0.073513,2.033894,1.000000,-0.021556,2.085326
1.160000,0.539585,0.194519,0.375181,0.960108,-0.268595,-0.009408,-0.077204,0.073513,2.033979,1.000000,-0.021172,2.085831
1.165000,0.539761,0.194488,0.375163,0.960086,-0.268662,-0.009394,-0.077254,0.073513,2.034063,1.000000,-0.020787,2.086341
1.170000,0.539938,0.194457,0.375144,0.960063,-0.268729,-0.009379,-0.077305,0.073514,2.034145,1.000000,-0.020403,2.086858
1.175000,0.540111,0.194419,0.375121,0.960039,-0.268801,-0.009368,-0.077352,0.073514,2.034225,1.000000,-0.020020,2.087507
1.180000,0.540284,0.194380,0.375098,0.960015,-0.268873,-0.009357,-0.077399,0.073514,2.034304,1.000000,-0.019640,2.088160
1.185000,0.540457,0.194342,0.375075,0.959991,-0.268945,-0.009345,-0.077446,0.073514,2.034382,1.000000,-0.019265,2.088823
1.190000,0.540630,0.194303,0.375053,0.959967,-0.269017,-0.009334,-0.077493,0.073514,2.034458,1.000000,-0.018894,2.089492
1.195000,0.540804,0.194265,0.375030,0.959944,-0.269089,-0.009323,-0.077539,0.073514,2.034532,1.000000,-0.018529,2.090169
1.200000,0.540977,0.194226,0.375007,0.959920,-0.269162,-0.009312,-0.077586,0.073515,2.034605,1.000000,-0.018169,2.090835
1.205000,0.541173,0.194189,0.374996,0.959894,-0.269238,-0.009286,-0.077647,0.073515,2.034677,1.000000,-0.017845,2.091111
1.210000,0.541370,0.194151,0.374986,0.959868,-0.269314,-0.009261,-0.077708,0.073515,2.034747,1.000000,-0.017520,2.091392
1.215000,0.541566,0.194114,0.374975,0.959842,-0.269390,-0.009235,-0.077769,0.073515,2.034817,1.000000,-0.017195,2.091677
1.220000,0.541763,0.194076,0.374964,0.959816,-0.269466,-0.009210,-0.077829,0.073515,2.034884,1.000000,-0.016874,2.091965
1.225000,0.541959,0.194039,0.374953,0.959789,-0.269542,-0.009184,-0.077890,0.073515,2.034951,1.000000,-0.016559,2.092260
1.230000,0.542155,0.194001,0.374943,0.959763,-0.269618,-0.009159,-0.077951,0.073516,2.035016,1.000000,-0.016251,2.092558
1.235000,0.542351,0.193964,0.374932,0.959737,-0.269694,-0.009133,-0.078011,0.073516,2.035080,1.000000,-0.015948,2.092862
1.240000,0.542552,0.193932,0.374934,0.959712,-0.269766,-0.009096,-0.078080,0.073516,2.035143,1.000000,-0.015647,2.092603
1.245000,0.542753,0.193900,0.374937,0.959687,-0.269838,-0.009059,-0.078148,0.073516,2.035205,1.000000,-0.015341,2.092345
1.250000,0.542953,0.193868,0.374939,0.959661,-0.269910,-0.009022,-0.078217,0.073516,2.035266,1.000000,-0.015032,2.092072
1.255000,0.543154,0.193837,0.374941,0.959636,-0.269981,-0.008986,-0.078286,0.073516,2.035325,1.000000,-0.014722,2.091799
1.260000,0.543355,0.193805,0.374943,0.959610,-0.270053,-0.008949,-0.078354,0.073517,2.035383,1.000000,-0.014412,2.091530
1.265000,0.543556,0.193773,0.374946,0.959585,-0.270125,-0.008912,-0.078423,0.073517,2.035440,1.000000,-0.014102,2.091264
1.270000,0.543756,0.193741,0.374948,0.959559,-0.270197,-0.008875,-0.078491,0.073517,2.035495,1.000000,-0.013794,2.091000
1.275000,0.543942,0.193706,0.374941,0.959535,-0.270267,-0.008848,-0.078550,0.073517,2.035549,1.000000,-0.013471,2.091056
1.280000,0.544127,0.193671,0.374934,0.959510,-0.270338,-0.008820,-0.078609,0.073517,2.035602,1.000000,-0.013157,2.091116
1.285000,0.544312,0.193636,0.374928,0.959486,-0.270408,-0.008793,-0.078668,0.073517,2.035654,1.000000,-0.012851,2.091183
1.290000,0.544497,0.193600,0.374921,0.959462,-0.270479,-0.008766,-0.078727,0.073518,2.035704,1.000000,-0.012553,2.091254
1.295000,0.544683,0.193565,0.374914,0.959437,-0.270549,-0.008739,-0.078785,0.073518,2.035754,1.000000,-0.012263,2.091330
1.300000,0.544868,0.193530,0.374907,0.959413,-0.270620,-0.008712,-0.078844,0.073518,2.035802,1.000000,-0.011980,2.091398
1.305000,0.545053,0.193495,0.374900,0.959388,-0.270690,-0.008685,-0.078903,0.073518,2.035849,1.000000,-0.011704,2.091469
1.310000,0.545243,0.193458,0.374884,0.959363,-0.270764,-0.008663,-0.078960,0.073518,2.035895,1.000000,-0.011453,2.091979
1.315000,0.545432,0.193421,0.374869,0.959338,-0.270837,-0.008642,-0.079016,0.073518,2.035940,1.000000,-0.011217,2.092493
1.320000,0.545622,0.193384,0.374853,0.959313,-0.270911,-0.008620,-0.079073,0.073519,2.035984,1.000000,-0.010997,2.093011
1.325000,0.545812,0.193347,0.374837,0.959287,-0.270984,-0.008599,-0.079129,0.073519,2.036028,1.000000,-0.010791,2.093525
1.330000,0.546001,0.193309,0.374822,0.959262,-0.271057,-0.008577,-0.079186,0.073519,2.036070,1.000000,-0.010601,2.094042
1.335000,0.546191,0.193272,0.374806,0.959237,-0.271131,-0.008556,-0.079242,0.073519,2.036112,1.000000,-0.010425,2.094565
1.340000,0.546380,0.193235,0.374790,0.959212,-0.271204,-0.008534,-0.079299,0.073519,2.036153,1.000000,-0.010263,2.095093
1.345000,0.546582,0.193204,0.374782,0.959187,-0.271275,-0.008504,-0.079364,0.073519,2.036194,1.000000,-0.010128,2.095360
1.350000,0.546783,0.193172,0.374774,0.959162,-0.271346,-0.008474,-0.079428,0.073520,2.036234,1.000000,-0.010002,2.095634
1.355000,0.546984,0.193141,0.374765,0.959136,-0.271416,-0.008444,-0.079493,0.073520,2.036273,1.000000,-0.009885,2.095912
1.360000,0.547185,0.193109,0.374757,0.959111,-0.271487,-0.008414,-0.079557,0.073520,2.036312,1.000000,-0.009777,2.096194
1.365000,0.547386,0.193078,0.374749,0.959086,-0.271558,-0.008385,-0.079622,0.073520,2.036351,1.000000,-0.009678,2.096478
1.370000,0.547587,0.193046,0.374740,0.959061,-0.271629,-0.008355,-0.079687,0.073520,2.036389,1.000000,-0.009589,2.096766
1.375000,0.547776,0.193022,0.374743,0.959038,-0.271691,-0.008318,-0.079753,0.073520,2.036427,1.000000,-0.009476,2.096484
1.380000,0.547966,0.192997,0.374745,0.959016,-0.271752,-0.008281,-0.079818,0.073521,2.036465,1.000000,-0.009362,2.096207
1.385000,0.548155,0.192972,0.374748,0.958993,-0.271814,-0.008245,-0.079884,0.073521,2.036502,1.000000,-0.009246,2.095936
1.390000,0.548345,0.192947,0.374750,0.958970,-0.271875,-0.008208,-0.079950,0.073521,2.036538,1.000000,-0.009129,2.095669
1.395000,0.548534,0.192922,0.374753,0.958948,-0.271937,-0.008171,-0.080016,0.073521,2.036574,1.000000,-0.009009,2.095406
1.400000,0.548724,0.192898,0.374755,0.958925,-0.271999,-0.008135,-0.080081,0.073521,2.036610,1.000000,-0.008888,2.095149
1.405000,0.548913,0.192873,0.374758,0.958903,-0.272060,-0.008098,-0.080147,0.073521,2.036645,1.000000,-0.008764,2.094896
1.410000,0.549095,0.192854,0.374765,0.958882,-0.272115,-0.008059,-0.080213,0.073522,2.036680,1.000000,-0.008621,2.094396
1.415000,0.549276,0.192836,0.374773,0.958861,-0.272169,-0.008019,-0.080278,0.073522,2.036713,1.000000,-0.008473,2.093902
1.420000,0.549458,0.192817,0.374780,0.958841,-0.272223,-0.007980,-0.080344,0.073522,2.036747,1.000000,-0.008319,2.093413
1.425000,0.549640,0.192799,0.374788,0.958820,-0.272278,-0.007941,-0.080410,0.073522,2.036779,1.000000,-0.008160,2.092922
1.430000,0.549821,0.192780,0.374795,0.958800,-0.272332,-0.007901,-0.080475,0.073522,2.036812,1.000000,-0.007996,2.092436
1.435000,0.550003,0.192762,0.374803,0.958779,-0.272386,-0.007862,-0.080541,0.073522,2.036843,1.000000,-0.007827,2.091958
1.440000,0.550184,0.192743,0.374810,0.958758,-0.272441,-0.007823,-0.080607,0.073523,2.036874,1.000000,-0.007652,2.091485
1.445000,0.550378,0.192730,0.374827,0.958738,-0.272492,-0.007773,-0.080681,0.073523,2.036904,1.000000,-0.007485,2.090649
1.450000,0.550573,0.192718,0.374844,0.958717,-0.272544,-0.007724,-0.080756,0.073523,2.036933,1.000000,-0.007304,2.089813
1.455000,0.550767,0.192705,0.374861,0.958697,-0.272596,-0.007674,-0.080831,0.073523,2.036962,1.000000,-0.007113,2.088982
1.460000,0.550961,0.192692,0.374877,0.958676,-0.272647,-0.007625,-0.080906,0.073523,2.036989,1.000000,-0.006913,2.088156
1.465000,0.551155,0.192679,0.374894,0.958655,-0.272699,-0.007575,-0.080981,0.073523,2.037016,1.000000,-0.006706,2.087334
1.470000,0.551349,0.192667,0.374911,0.958635,-0.272751,-0.007525,-0.081056,0.073524,2.037042,1.000000,-0.006492,2.086517
1.475000,0.551543,0.192654,0.374928,0.958614,-0.272802,-0.007476,-0.081131,0.073524,2.037068,1.000000,-0.006275,2.085703
1.480000,0.551737,0.192639,0.374945,0.958593,-0.272855,-0.007426,-0.081205,0.073524,2.037092,1.000000,-0.006051,2.084852
1.485000,0.551930,0.192624,0.374963,0.958572,-0.272909,-0.007375,-0.081280,0.073524,2.037116,1.000000,-0.005821,2.084007
1.490000,0.552124,0.192609,0.374980,0.958551,-0.272962,-0.007325,-0.081355,0.073524,2.037138,1.000000,-0.005586,2.083166
1.495000,0.552318,0.192594,0.374997,0.958530,-0.273015,-0.007274,-0.081430,0.073524,2.037160,1.000000,-0.005347,2.082328
1.500000,0.552511,0.192579,0.375015,0.958508,-0.273068,-0.007224,-0.081505,0.073525,2.037180,1.000000,-0.005106,2.081490
1.505000,0.552705,0.192564,0.375032,0.958487,-0.273121,-0.007173,-0.081580,0.073525,2.037200,1.000000,-0.004861,2.080656
1.510000,0.552898,0.192549,0.375050,0.958466,-0.273175,-0.007123,-0.081655,0.073525,2.037219,1.000000,-0.004614,2.079828
1.515000,0.553081,0.192527,0.375060,0.958445,-0.273232,-0.007080,-0.081722,0.073525,2.037236,1.000000,-0.004354,2.079302
1.520000,0.553264,0.192504,0.375070,0.958423,-0.273288,-0.007038,-0.081788,0.073525,2.037253,1.000000,-0.004098,2.078781
1.525000,0.553446,0.192482,0.375079,0.958401,-0.273345,-0.006995,-0.081855,0.073525,2.037269,1.000000,-0.003844,2.078261
1.530000,0.553629,0.192460,0.375089,0.958380,-0.273402,-0.006952,-0.081922,0.073526,2.037283,1.000000,-0.003594,2.077747
1.535000,0.553812,0.192437,0.375099,0.958358,-0.273459,-0.006910,-0.081989,0.073526,2.037297,1.000000,-0.003348,2.077240
1.540000,0.553994,0.192415,0.375109,0.958336,-0.273516,-0.006867,-0.082055,0.073526,2.037309,1.000000,-0.003105,2.076738
1.545000,0.554188,0.192393,0.375125,0.958314,-0.273574,-0.006817,-0.082129,0.073526,2.037321,1.000000,-0.002878,2.075959
1.550000,0.554381,0.192372,0.375142,0.958292,-0.273631,-0.006767,-0.082203,0.073526,2.037332,1.000000,-0.002649,2.075188
1.555000,0.554575,0.192350,0.375158,0.958269,-0.273688,-0.006716,-0.082276,0.073526,2.037342,1.000000,-0.002419,2.074421
1.560000,0.554768,0.192329,0.375175,0.958247,-0.273746,-0.006666,-0.082350,0.073527,2.037351,1.000000,-0.002189,2.073660
1.565000,0.554962,0.192307,0.375191,0.958225,-0.273803,-0.006615,-0.082423,0.073527,2.037359,1.000000,-0.001960,2.072902
1.570000,0.555155,0.192286,0.375208,0.958202,-0.273860,-0.006565,-0.082497,0.073527,2.037366,1.000000,-0.001732,2.072150
1.575000,0.555349,0.192264,0.375225,0.958180,-0.273918,-0.006515,-0.082571,0.073527,2.037372,1.000000,-0.001507,2.071413
1.580000,0.555550,0.192248,0.375251,0.958158,-0.273972,-0.006454,-0.082652,0.073527,2.037378,1.000000,-0.001288,2.070239
1.585000,0.555750,0.192231,0.375278,0.958136,-0.274026,-0.006394,-0.082733,0.073527,2.037382,1.000000,-0.001063,2.069071
1.590000,0.555951,0.192214,0.375304,0.958114,-0.274081,-0.006334,-0.082814,0.073528,2.037386,1.000000,-0.000833,2.067905
1.595000,0.556152,0.192197,0.375331,0.958091,-0.274135,-0.006274,-0.082895,0.073528,2.037388,1.000000,-0.000600,2.066743
1.600000,0.556353,0.192181,0.375357,0.958069,-0.274189,-0.006214,-0.082976,0.073528,2.037390,1.000000,-0.000366,2.065587
1.605000,0.556553,0.192164,0.375384,0.958047,-0.274243,-0.006154,-0.083058,0.073528,2.037391,1.000000,-0.000130,2.064434
1.610000,0.556754,0.192147,0.375410,0.958025,-0.274297,-0.006094,-0.083139,0.073528,2.037390,1.000000,0.000107,2.063286
1.615000,0.556944,0.192129,0.375436,0.958003,-0.274350,-0.006036,-0.083216,0.073528,2.037389,1.000000,0.000361,2.062148
1.620000,0.557133,0.192111,0.375462,0.957982,-0.274403,-0.005978,-0.083292,0.073529,2.037386,1.000000,0.000615,2.061018
1.625000,0.557323,0.192093,0.375488,0.957960,-0.274456,-0.005920,-0.083369,0.073529,2.037382,1.000000,0.000871,2.059907
1.630000,0.557513,0.192075,0.375514,0.957939,-0.274509,-0.005863,-0.083446,0.073529,2.037377,1.000000,0.001127,2.058800
1.635000,0.557702,0.192057,0.375540,0.957917,-0.274562,-0.005805,-0.083523,0.073529,2.037370,1.000000,0.001383,2.057700
1.640000,0.557892,0.192038,0.375566,0.957896,-0.274615,-0.005747,-0.083600,0.073529,2.037362,1.000000,0.001639,2.056604
1.645000,0.558082,0.192020,0.375592,0.957874,-0.274668,-0.005689,-0.083677,0.073529,2.037353,1.000000,0.001894,2.055515
1.650000,0.558279,0.192000,0.375622,0.957852,-0.274723,-0.005626,-0.083758,0.073530,2.037343,1.000000,0.002140,2.054240
1.655000,0.558476,0.191980,0.375652,0.957829,-0.274779,-0.005563,-0.083839,0.073530,2.037331,1.000000,0.002390,2.052969
1.660000,0.558674,0.191960,0.375683,0.957806,-0.274834,-0.005500,-0.083921,0.073530,2.037318,1.000000,0.002643,2.051703
1.665000,0.558871,0.191940,0.375713,0.957784,-0.274890,-0.005437,-0.084002,0.073530,2.037304,1.000000,0.002897,2.050440
1.670000,0.559069,0.191919,0.375743,0.957761,-0.274945,-0.005373,-0.084084,0.073530,2.037289,1.000000,0.003145,2.049188
1.675000,0.559266,0.191899,0.375773,0.957738,-0.275000,-0.005310,-0.084165,0.073530,2.037272,1.000000,0.003385,2.047960
1.680000,0.559463,0.191879,0.375804,0.957716,-0.275056,-0.005247,-0.084246,0.073531,2.037254,1.000000,0.003618,2.046735
1.685000,0.559676,0.191856,0.375842,0.957691,-0.275116,-0.005173,-0.084337,0.073531,2.037235,1.000000,0.003827,2.045111
1.690000,0.559889,0.191832,0.375881,0.957666,-0.275176,-0.005099,-0.084427,0.073531,2.037215,1.000000,0.004041,2.043487
1.695000,0.560102,0.191808,0.375920,0.957641,-0.275237,-0.005025,-0.084518,0.073531,2.037195,1.000000,0.004256,2.041874
1.700000,0.560315,0.191785,0.375959,0.957616,-0.275297,-0.004951,-0.084608,0.073531,2.037172,1.000000,0.004471,2.040280
1.705000,0.560527,0.191762,0.375998,0.957591,-0.275357,-0.004877,-0.084699,0.073531,2.037149,1.000000,0.004685,2.038688
1.710000,0.560740,0.191738,0.376037,0.957566,-0.275418,-0.004803,-0.084789,0.073532,2.037125,1.000000,0.004898,2.037100
1.715000,0.560950,0.191704,0.376067,0.957539,-0.275486,-0.004736,-0.084874,0.073532,2.037100,1.000000,0.005110,2.035860
1.720000,0.561160,0.191670,0.376098,0.957512,-0.275555,-0.004669,-0.084959,0.073532,2.037074,1.000000,0.005316,2.034632
1.725000,0.561370,0.191636,0.376129,0.957485,-0.275623,-0.004602,-0.085044,0.073532,2.037046,1.000000,0.005515,2.033424
1.730000,0.561579,0.191602,0.376159,0.957458,-0.275691,-0.004535,-0.085129,0.073532,2.037018,1.000000,0.005708,2.032219
1.735000,0.561789,0.191568,0.376190,0.957432,-0.275760,-0.004468,-0.085214,0.073532,2.036989,1.000000,0.005894,2.031019
1.740000,0.561999,0.191534,0.376220,0.957405,-0.275828,-0.004400,-0.085299,0.073533,2.036959,1.000000,0.006074,2.029820
1.745000,0.562209,0.191500,0.376251,0.957378,-0.275896,-0.004333,-0.085384,0.073533,2.036928,1.000000,0.006247,2.028635
1.750000,0.562424,0.191463,0.376277,0.957350,-0.275967,-0.004268,-0.085469,0.073533,2.036896,1.000000,0.006402,2.027695
1.755000,0.562639,0.191427,0.376303,0.957322,-0.276038,-0.004203,-0.085553,0.073533,2.036863,1.000000,0.006547,2.026757
1.760000,0.562854,0.191390,0.376329,0.957294,-0.276109,-0.004137,-0.085638,0.073533,2.036830,1.000000,0.006682,2.025823
1.765000,0.563069,0.191354,0.376355,0.957267,-0.276180,-0.004072,-0.085723,0.073533,2.036796,1.000000,0.006808,2.024891
1.770000,0.563283,0.191317,0.376381,0.957239,-0.276251,-0.004007,-0.085808,0.073534,2.036762,1.000000,0.006926,2.023970
1.775000,0.563498,0.191281,0.376406,0.957211,-0.276322,-0.003942,-0.085893,0.073534,2.036727,1.000000,0.007035,2.023070
1.780000,0.563713,0.191245,0.376432,0.957183,-0.276393,-0.003876,-0.085978,0.073534,2.036691,1.000000,0.007137,2.022172
1.785000,0.563941,0.191212,0.376465,0.957155,-0.276462,-0.003802,-0.086072,0.073534,2.036655,1.000000,0.007211,2.020966
1.790000,0.564169,0.191179,0.376498,0.957127,-0.276531,-0.003728,-0.086165,0.073534,2.036619,1.000000,0.007285,2.019762
1.795000,0.564396,0.191147,0.376531,0.957099,-0.276601,-0.003653,-0.086259,0.073534,2.036582,1.000000,0.007355,2.018570
1.800000,0.564624,0.191114,0.376564,0.957071,-0.276670,-0.003579,-0.086353,0.073535,2.036545,1.000000,0.007420,2.017402
1.805000,0.564851,0.191082,0.376597,0.957042,-0.276739,-0.003505,-0.086446,0.073535,2.036508,1.000000,0.007482,2.016235
1.810000,0.565079,0.191049,0.376630,0.957014,-0.276809,-0.003430,-0.086540,0.073535,2.036470,1.000000,0.007539,2.015071
1.815000,0.565307,0.191017,0.376662,0.956986,-0.276878,-0.003356,-0.086633,0.073535,2.036432,1.000000,0.007591,2.013908
1.820000,0.565538,0.190983,0.376699,0.956957,-0.276949,-0.003277,-0.086730,0.073535,2.036394,1.000000,0.007635,2.012597
1.825000,0.565770,0.190950,0.376735,0.956928,-0.277020,-0.003199,-0.086827,0.073535,2.036356,1.000000,0.007681,2.011307
1.830000,0.566002,0.190917,0.376771,0.956899,-0.277091,-0.003121,-0.086923,0.073536,2.036317,1.000000,0.007725,2.010017
1.835000,0.566234,0.190883,0.376807,0.956870,-0.277162,-0.003042,-0.087020,0.073536,2.036278,1.000000,0.007768,2.008731
1.840000,0.566465,0.190850,0.376844,0.956841,-0.277233,-0.002964,-0.087117,0.073536,2.036239,1.000000,0.007810,2.007445
1.845000,0.566697,0.190817,0.376880,0.956812,-0.277303,-0.002885,-0.087213,0.073536,2.036200,1.000000,0.007850,2.006170
1.850000,0.566929,0.190783,0.376916,0.956782,-0.277374,-0.002806,-0.087310,0.073536,2.036161,1.000000,0.007887,2.004912
1.855000,0.567168,0.190753,0.376955,0.956753,-0.277445,-0.002723,-0.087411,0.073536,2.036121,1.000000,0.007908,2.003534
1.860000,0.567407,0.190722,0.376994,0.956724,-0.277515,-0.002640,-0.087512,0.073537,2.036082,1.000000,0.007932,2.002157
1.865000,0.567646,0.190691,0.377033,0.956694,-0.277586,-0.002557,-0.087614,0.073537,2.036042,1.000000,0.007955,2.000780
1.870000,0.567886,0.190661,0.377072,0.956665,-0.277656,-0.002474,-0.087715,0.073537,2.036002,1.000000,0.007980,1.999418
1.875000,0.568125,0.190630,0.377111,0.956635,-0.277726,-0.002391,-0.087817,0.073537,2.035962,1.000000,0.008006,1.998083
1.880000,0.568364,0.190600,0.377150,0.956605,-0.277797,-0.002307,-0.087918,0.073537,2.035922,1.000000,0.008032,1.996748
1.885000,0.568602,0.190568,0.377172,0.956576,-0.277868,-0.002237,-0.088013,0.073537,2.035882,1.000000,0.008052,1.996240
1.890000,0.568840,0.190536,0.377193,0.956547,-0.277940,-0.002167,-0.088107,0.073538,2.035841,1.000000,0.008055,1.995733
1.895000,0.569078,0.190503,0.377215,0.956517,-0.278012,-0.002097,-0.088201,0.073538,2.035801,1.000000,0.008043,1.995234
1.900000,0.569315,0.190471,0.377236,0.956488,-0.278084,-0.002027,-0.088296,0.073538,2.035761,1.000000,0.008019,1.994750
1.905000,0.569553,0.190439,0.377258,0.956459,-0.278155,-0.001956,-0.088390,0.073538,2.035721,1.000000,0.007983,1.994267
1.910000,0.569791,0.190407,0.377279,0.956429,-0.278227,-0.001886,-0.088484,0.073538,2.035681,1.000000,0.007938,1.993787
1.915000,0.570029,0.190375,0.377301,0.956400,-0.278298,-0.001816,-0.088579,0.073538,2.035641,1.000000,0.007883,1.993307
1.920000,0.570264,0.190339,0.377299,0.956370,-0.278374,-0.001764,-0.088663,0.073539,2.035602,1.000000,0.007813,1.993948
1.925000,0.570500,0.190304,0.377297,0.956340,-0.278449,-0.001712,-0.088747,0.073539,2.035563,1.000000,0.007712,1.994603
1.930000,0.570736,0.190268,0.377294,0.956311,-0.278525,-0.001659,-0.088831,0.073539,2.035525,1.000000,0.007585,1.995260
1.935000,0.570971,0.190232,0.377292,0.956281,-0.278600,-0.001607,-0.088915,0.073539,2.035487,1.000000,0.007433,1.995920
1.940000,0.571207,0.190196,0.377290,0.956251,-0.278675,-0.001555,-0.088999,0.073539,2.035451,1.000000,0.007260,1.996581
1.945000,0.571442,0.190161,0.377288,0.956222,-0.278750,-0.001503,-0.089083,0.073539,2.035415,1.000000,0.007068,1.997259
1.950000,0.571678,0.190125,0.377286,0.956192,-0.278826,-0.001451,-0.089168,0.073540,2.035380,1.000000,0.006856,1.997958
1.955000,0.571915,0.190091,0.377284,0.956163,-0.278900,-0.001397,-0.089253,0.073540,2.035347,1.000000,0.006625,1.998646
1.960000,0.572153,0.190057,0.377282,0.956133,-0.278973,-0.001343,-0.089339,0.073540,2.035314,1.000000,0.006380,1.999336
1.965000,0.572390,0.190022,0.377280,0.956104,-0.279047,-0.001289,-0.089424,0.073540,2.035283,1.000000,0.006121,2.000028
1.970000,0.572628,0.189988,0.377279,0.956074,-0.279121,-0.001236,-0.089510,0.073540,2.035253,1.000000,0.005852,2.000728
1.975000,0.572866,0.189954,0.377277,0.956045,-0.279195,-0.001182,-0.089596,0.073540,2.035225,1.000000,0.005574,2.001440
1.980000,0.573103,0.189920,0.377275,0.956015,-0.279269,-0.001128,-0.089681,0.073541,2.035197,1.000000,0.005286,2.002152
1.985000,0.573341,0.189886,0.377274,0.955986,-0.279343,-0.001073,-0.089767,0.073541,2.035172,1.000000,0.004990,2.002869
1.990000,0.573572,0.189849,0.377273,0.955956,-0.279416,-0.001019,-0.089851,0.073541,2.035148,1.000000,0.004701,2.003534
1.995000,0.573803,0.189813,0.377272,0.955927,-0.279490,-0.000965,-0.089935,0.073541,2.035125,1.000000,0.004407,2.004217
2.000000,0.574035,0.189776,0.377272,0.955897,-0.279564,-0.000911,-0.090019,0.073541,2.035104,1.000000,0.004111,2.004923
2.005000,0.574266,0.189740,0.377271,0.955868,-0.279638,-0.000857,-0.090103,0.073541,2.035084,1.000000,0.003813,2.005630
2.010000,0.574497,0.189703,0.377271,0.955838,-0.279711,-0.000803,-0.090187,0.073542,2.035066,1.000000,0.003513,2.006341
2.015000,0.574729,0.189667,0.377270,0.955809,-0.279785,-0.000748,-0.090271,0.073542,2.035049,1.000000,0.003212,2.007053
2.020000,0.574960,0.189630,0.377269,0.955780,-0.279859,-0.000694,-0.090355,0.073542,2.035034,1.000000,0.002910,2.007781
2.025000,0.575203,0.189599,0.377277,0.955750,-0.279929,-0.000630,-0.090447,0.073542,2.035020,1.000000,0.002589,2.008141
2.030000,0.575445,0.189569,0.377285,0.955721,-0.279999,-0.000566,-0.090540,0.073542,2.035008,1.000000,0.002278,2.008502
2.035000,0.575687,0.189538,0.377292,0.955692,-0.280068,-0.000502,-0.090632,0.073542,2.034998,1.000000,0.001975,2.008866
2.040000,0.575930,0.189508,0.377300,0.955663,-0.280138,-0.000437,-0.090725,0.073543,2.034989,1.000000,0.001680,2.009231
2.045000,0.576172,0.189477,0.377308,0.955634,-0.280208,-0.000373,-0.090818,0.073543,2.034981,1.000000,0.001391,2.009613
2.050000,0.576414,0.189447,0.377315,0.955604,-0.280278,-0.000309,-0.090910,0.073543,2.034975,1.000000,0.001109,2.010012
2.055000,0.576663,0.189427,0.377326,0.955577,-0.280338,-0.000240,-0.091008,0.073543,2.034970,1.000000,0.000824,2.010297
2.060000,0.576911,0.189406,0.377336,0.955550,-0.280399,-0.000171,-0.091106,0.073543,2.034967,1.000000,0.000548,2.010582
2.065000,0.577160,0.189386,0.377347,0.955523,-0.280460,-0.000102,-0.091203,0.073543,2.034965,1.000000,0.000281,2.010867
2.070000,0.577408,0.189365,0.377357,0.955496,-0.280520,-0.000033,-0.091301,0.073544,2.034964,1.000000,0.000023,2.011177
2.075000,0.577657,0.189345,0.377368,0.955469,-0.280581,0.000036,-0.091399,0.073544,2.034965,1.000000,-0.000224,2.011510
2.080000,0.577905,0.189325,0.377379,0.955442,-0.280641,0.000106,-0.091497,0.073544,2.034966,1.000000,-0.000462,2.011845
2.085000,0.578154,0.189304,0.377389,0.955415,-0.280701,0.000175,-0.091594,0.073544,2.034969,1.000000,-0.000691,2.012180
2.090000,0.578391,0.189281,0.377388,0.955388,-0.280763,0.000233,-0.091683,0.073544,2.034972,1.000000,-0.000894,2.013062
2.095000,0.578629,0.189258,0.377388,0.955361,-0.280825,0.000292,-0.091773,0.073544,2.034976,1.000000,-0.001100,2.013970
2.100000,0.578866,0.189235,0.377387,0.955334,-0.280887,0.000350,-0.091862,0.073545,2.034981,1.000000,-0.001306,2.014900
2.105000,0.579104,0.189212,0.377386,0.955308,-0.280948,0.000409,-0.091951,0.073545,2.034986,1.000000,-0.001509,2.015833
2.110000,0.579341,0.189189,0.377385,0.955281,-0.281010,0.000468,-0.092040,0.073545,2.034993,1.000000,-0.001709,2.016766
2.115000,0.579579,0.189166,0.377385,0.955254,-0.281072,0.000526,-0.092129,0.073545,2.035000,1.000000,-0.001905,2.017700
2.120000,0.579816,0.189143,0.377384,0.955227,-0.281134,0.000585,-0.092218,0.073545,2.035008,1.000000,-0.002095,2.018669
2.125000,0.580051,0.189107,0.377375,0.955198,-0.281207,0.000637,-0.092301,0.073545,2.035017,1.000000,-0.002280,2.020021
2.130000,0.580285,0.189072,0.377367,0.955168,-0.281280,0.000689,-0.092385,0.073546,2.035026,1.000000,-0.002465,2.021377
2.135000,0.580519,0.189036,0.377358,0.955138,-0.281354,0.000741,-0.092468,0.073546,2.035037,1.000000,-0.002650,2.022733
2.140000,0.580753,0.189000,0.377349,0.955109,-0.281427,0.000793,-0.092551,0.073546,2.035048,1.000000,-0.002834,2.024091
2.145000,0.580987,0.188964,0.377341,0.955079,-0.281500,0.000846,-0.092634,0.073546,2.035059,1.000000,-0.003016,2.025496
2.150000,0.581221,0.188928,0.377332,0.955049,-0.281573,0.000898,-0.092718,0.073546,2.035072,1.000000,-0.003197,2.026923
2.155000,0.581455,0.188892,0.377324,0.955019,-0.281647,0.000950,-0.092801,0.073546,2.035085,1.000000,-0.003375,2.028353
2.160000,0.581692,0.188845,0.377303,0.954987,-0.281730,0.000994,-0.092879,0.073547,2.035099,1.000000,-0.003567,2.030351
2.165000,0.581928,0.188797,0.377282,0.954955,-0.281813,0.001038,-0.092957,0.073547,2.035114,1.000000,-0.003768,2.032350
2.170000,0.582164,0.188750,0.377261,0.954923,-0.281895,0.001083,-0.093035,0.073547,2.035129,1.000000,-0.003976,2.034409
2.175000,0.582400,0.188702,0.377240,0.954891,-0.281978,0.001127,-0.093113,0.073547,2.035145,1.000000,-0.004190,2.036485
2.180000,0.582637,0.188655,0.377219,0.954859,-0.282061,0.001171,-0.093191,0.073547,2.035163,1.000000,-0.004410,2.038565
2.185000,0.582873,0.188607,0.377198,0.954827,-0.282144,0.001215,-0.093269,0.073547,2.035181,1.000000,-0.004635,2.040647
2.190000,0.583109,0.188560,0.377177,0.954795,-0.282227,0.001259,-0.093347,0.073548,2.035200,1.000000,-0.004865,2.042730
2.195000,0.583351,0.188518,0.377162,0.954764,-0.282304,0.001311,-0.093431,0.073548,2.035220,1.000000,-0.005102,2.044395
2.200000,0.583594,0.188476,0.377148,0.954732,-0.282381,0.001363,-0.093515,0.073548,2.035241,1.000000,-0.005336,2.046054
2.205000,0.583836,0.188434,0.377133,0.954701,-0.282458,0.001414,-0.093598,0.073548,2.035263,1.000000,-0.005567,2.047716
2.210000,0.584078,0.188392,0.377118,0.954670,-0.282535,0.001466,-0.093682,0.073548,2.035286,1.000000,-0.005795,2.049379
2.215000,0.584320,0.188350,0.377104,0.954639,-0.282612,0.001518,-0.093766,0.073548,2.035309,1.000000,-0.006021,2.051043
2.220000,0.584562,0.188308,0.377089,0.954608,-0.282689,0.001569,-0.093849,0.073549,2.035334,1.000000,-0.006245,2.052701
2.225000,0.584797,0.188275,0.377084,0.954580,-0.282754,0.001628,-0.093935,0.073549,2.035359,1.000000,-0.006438,2.053921
2.230000,0.585032,0.188241,0.377079,0.954553,-0.282819,0.001686,-0.094021,0.073549,2.035385,1.000000,-0.006620,2.055144
2.235000,0.585267,0.188208,0.377074,0.954525,-0.282884,0.001744,-0.094107,0.073549,2.035412,1.000000,-0.006790,2.056368
2.240000,0.585502,0.188174,0.377069,0.954497,-0.282949,0.001803,-0.094193,0.073549,2.035440,1.000000,-0.006948,2.057593
2.245000,0.585737,0.188140,0.377064,0.954469,-0.283014,0.001861,-0.094279,0.073549,2.035468,1.000000,-0.007093,2.058826
2.250000,0.585972,0.188107,0.377059,0.954441,-0.283079,0.001920,-0.094365,0.073550,2.035497,1.000000,-0.007226,2.060058
2.255000,0.586207,0.188073,0.377054,0.954413,-0.283143,0.001978,-0.094451,0.073550,2.035526,1.000000,-0.007349,2.061294
2.260000,0.586436,0.188046,0.377047,0.954387,-0.283204,0.002034,-0.094535,0.073550,2.035555,1.000000,-0.007449,2.062628
2.265000,0.586666,0.188019,0.377041,0.954361,-0.283265,0.002090,-0.094619,0.073550,2.035585,1.000000,-0.007542,2.063967
2.270000,0.586895,0.187992,0.377034,0.954334,-0.283325,0.002146,-0.094703,0.073550,2.035615,1.000000,-0.007630,2.065315
2.275000,0.587124,0.187965,0.377027,0.954308,-0.283386,0.002202,-0.094787,0.073550,2.035646,1.000000,-0.007708,2.066665
2.280000,0.587353,0.187938,0.377021,0.954281,-0.283446,0.002258,-0.094871,0.073551,2.035677,1.000000,-0.007777,2.068017
2.285000,0.587583,0.187910,0.377014,0.954255,-0.283507,0.002314,-0.094955,0.073551,2.035708,1.000000,-0.007837,2.069369
2.290000,0.587812,0.187883,0.377007,0.954228,-0.283568,0.002370,-0.095039,0.073551,2.035740,1.000000,-0.007887,2.070727
2.295000,0.588045,0.187865,0.377003,0.954202,-0.283624,0.002430,-0.095127,0.073551,2.035771,1.000000,-0.007930,2.071991
2.300000,0.588278,0.187847,0.376999,0.954177,-0.283680,0.002489,-0.095215,0.073551,2.035803,1.000000,-0.007963,2.073255
2.305000,0.588511,0.187830,0.376994,0.954151,-0.283737,0.002548,-0.095303,0.073551,2.035835,1.000000,-0.007986,2.074521
2.310000,0.588744,0.187812,0.376990,0.954125,-0.283793,0.002608,-0.095391,0.073552,2.035867,1.000000,-0.007998,2.075787
2.315000,0.588978,0.187794,0.376986,0.954100,-0.283849,0.002667,-0.095479,0.073552,2.035899,1.000000,-0.008002,2.077066
2.320000,0.589211,0.187776,0.376981,0.954074,-0.283906,0.002727,-0.095567,0.073552,2.035931,1.000000,-0.007995,2.078361
2.325000,0.589444,0.187758,0.376977,0.954048,-0.283962,0.002786,-0.095655,0.073552,2.035962,1.000000,-0.007981,2.079658
2.330000,0.589663,0.187743,0.376965,0.954026,-0.284010,0.002837,-0.095734,0.073552,2.035994,1.000000,-0.007933,2.081338
2.335000,0.589881,0.187729,0.376954,0.954003,-0.284059,0.002888,-0.095814,0.073552,2.036026,1.000000,-0.007887,2.083019
2.340000,0.590100,0.187715,0.376942,0.953980,-0.284108,0.002939,-0.095894,0.073553,2.036057,1.000000,-0.007843,2.084708
2.345000,0.590319,0.187701,0.376930,0.953958,-0.284156,0.002990,-0.095974,0.073553,2.036088,1.000000,-0.007798,2.086403
2.350000,0.590537,0.187687,0.376919,0.953935,-0.284205,0.003041,-0.096054,0.073553,2.036119,1.000000,-0.007749,2.088102
2.355000,0.590756,0.187672,0.376907,0.953912,-0.284254,0.003092,-0.096133,0.073553,2.036150,1.000000,-0.007698,2.089801
2.360000,0.590975,0.187658,0.376895,0.953890,-0.284302,0.003143,-0.096213,0.073553,2.036180,1.000000,-0.007642,2.091501
2.365000,0.591187,0.187653,0.376880,0.953869,-0.284344,0.003190,-0.096291,0.073553,2.036211,1.000000,-0.007569,2.093380
2.370000,0.591399,0.187648,0.376866,0.953849,-0.284386,0.003238,-0.096368,0.073554,2.036241,1.000000,-0.007498,2.095264
2.375000,0.591611,0.187644,0.376851,0.953828,-0.284427,0.003285,-0.096446,0.073554,2.036270,1.000000,-0.007427,2.097151
2.380000,0.591823,0.187639,0.376836,0.953808,-0.284469,0.003332,-0.096524,0.073554,2.036300,1.000000,-0.007356,2.099040
2.385000,0.592036,0.187634,0.376821,0.953787,-0.284511,0.003380,-0.096601,0.073554,2.036329,1.000000,-0.007284,2.100930
2.390000,0.592248,0.187629,0.376806,0.953767,-0.284553,0.003427,-0.096679,0.073554,2.036358,1.000000,-0.007210,2.102780
2.395000,0.592464,0.187637,0.376799,0.953748,-0.284587,0.003482,-0.096763,0.073554,2.036386,1.000000,-0.007133,2.104249
2.400000,0.592680,0.187645,0.376792,0.953729,-0.284622,0.003537,-0.096848,0.073555,2.036414,1.000000,-0.007047,2.105722
2.405000,0.592897,0.187654,0.376786,0.953710,-0.284656,0.003592,-0.096932,0.073555,2.036442,1.000000,-0.006953,2.107197
2.410000,0.593113,0.187662,0.376779,0.953691,-0.284690,0.003647,-0.097016,0.073555,2.036470,1.000000,-0.006853,2.108674
2.415000,0.593329,0.187670,0.376772,0.953672,-0.284725,0.003702,-0.097101,0.073555,2.036497,1.000000,-0.006748,2.110090
2.420000,0.593545,0.187678,0.376765,0.953652,-0.284759,0.003757,-0.097185,0.073555,2.036523,1.000000,-0.006639,2.111505
2.425000,0.593762,0.187686,0.376758,0.953633,-0.284794,0.003812,-0.097269,0.073555,2.036549,1.000000,-0.006525,2.112923
2.430000,0.593970,0.187702,0.376750,0.953617,-0.284821,0.003866,-0.097352,0.073556,2.036575,1.000000,-0.006392,2.114381
2.435000,0.594179,0.187718,0.376743,0.953600,-0.284847,0.003919,-0.097435,0.073556,2.036600,1.000000,-0.006257,2.115839
2.440000,0.594387,0.187734,0.376736,0.953583,-0.284874,0.003973,-0.097517,0.073556,2.036625,1.000000,-0.006119,2.117223
2.445000,0.594596,0.187750,0.376729,0.953567,-0.284901,0.004026,-0.097600,0.073556,2.036649,1.000000,-0.005979,2.118612
2.450000,0.594805,0.187766,0.376722,0.953550,-0.284928,0.004080,-0.097682,0.073556,2.036672,1.000000,-0.005837,2.120007
2.455000,0.595014,0.187782,0.376714,0.953533,-0.284955,0.004133,-0.097765,0.073556,2.036695,1.000000,-0.005692,2.121405
2.460000,0.595222,0.187798,0.376707,0.953517,-0.284981,0.004187,-0.097847,0.073557,2.036717,1.000000,-0.005546,2.122792
2.465000,0.595426,0.187825,0.376717,0.953502,-0.284998,0.004252,-0.097936,0.073557,2.036739,1.000000,-0.005371,2.123325
2.470000,0.595631,0.187852,0.376727,0.953488,-0.285014,0.004318,-0.098025,0.073557,2.036760,1.000000,-0.005179,2.123865
2.475000,0.595835,0.187879,0.376736,0.953474,-0.285031,0.004384,-0.098113,0.073557,2.036780,1.000000,-0.004970,2.124412
2.480000,0.596039,0.187906,0.376746,0.953459,-0.285047,0.004450,-0.098202,0.073557,2.036799,1.000000,-0.004747,2.124966
2.485000,0.596244,0.187933,0.376756,0.953445,-0.285063,0.004515,-0.098291,0.073557,2.036817,1.000000,-0.004510,2.125505
2.490000,0.596448,0.187959,0.376766,0.953431,-0.285080,0.004581,-0.098380,0.073558,2.036834,1.000000,-0.004262,2.125999
2.495000,0.596652,0.187986,0.376775,0.953416,-0.285096,0.004647,-0.098468,0.073558,2.036851,1.000000,-0.004004,2.126500
2.500000,0.596853,0.188018,0.376801,0.953403,-0.285106,0.004725,-0.098563,0.073558,2.036866,1.000000,-0.003713,2.126265
2.505000,0.597054,0.188051,0.376827,0.953390,-0.285116,0.004802,-0.098657,0.073558,2.036880,1.000000,-0.003398,2.126038
2.510000,0.597254,0.188083,0.376853,0.953377,-0.285126,0.004880,-0.098751,0.073558,2.036892,1.000000,-0.003063,2.125791
2.515000,0.597455,0.188116,0.376879,0.953364,-0.285136,0.004957,-0.098845,0.073558,2.036904,1.000000,-0.002710,2.125516
2.520000,0.597655,0.188148,0.376905,0.953350,-0.285147,0.005035,-0.098940,0.073559,2.036913,1.000000,-0.002341,2.125249
2.525000,0.597856,0.188181,0.376931,0.953337,-0.285157,0.005113,-0.099034,0.073559,2.036922,1.000000,-0.001957,2.124992
2.530000,0.598056,0.188213,0.376957,0.953324,-0.285167,0.005190,-0.099128,0.073559,2.036928,1.000000,-0.001561,2.124744
2.535000,0.598256,0.188244,0.376986,0.953310,-0.285178,0.005271,-0.099223,0.073559,2.036933,1.000000,-0.001149,2.124304
2.540000,0.598456,0.188275,0.377015,0.953297,-0.285189,0.005352,-0.099319,0.073559,2.036937,1.000000,-0.000722,2.123845
2.545000,0.598656,0.188306,0.377044,0.953283,-0.285200,0.005432,-0.099414,0.073559,2.036939,1.000000,-0.000284,2.123397
2.550000,0.598856,0.188337,0.377074,0.953269,-0.285211,0.005513,-0.099509,0.073560,2.036938,1.000000,0.000164,2.122958
2.555000,0.599056,0.188368,0.377103,0.953255,-0.285222,0.005593,-0.099605,0.073560,2.036936,1.000000,0.000619,2.122527
2.560000,0.599256,0.188398,0.377132,0.953242,-0.285233,0.005674,-0.099700,0.073560,2.036931,1.000000,0.001078,2.122062
2.565000,0.599452,0.188427,0.377160,0.953228,-0.285245,0.005753,-0.099793,0.073560,2.036924,1.000000,0.001547,2.121668
2.570000,0.599648,0.188456,0.377188,0.953214,-0.285257,0.005831,-0.099886,0.073560,2.036915,1.000000,0.002018,2.121284
2.575000,0.599844,0.188485,0.377215,0.953200,-0.285269,0.005910,-0.099980,0.073560,2.036903,1.000000,0.002489,2.120910
2.580000,0.600040,0.188513,0.377243,0.953186,-0.285281,0.005989,-0.100073,0.073561,2.036889,1.000000,0.002960,2.120545
2.585000,0.600236,0.188542,0.377271,0.953172,-0.285293,0.006068,-0.100166,0.073561,2.036873,1.000000,0.003430,2.120158
2.590000,0.600432,0.188570,0.377298,0.953159,-0.285305,0.006147,-0.100259,0.073561,2.036854,1.000000,0.003899,2.119772
2.595000,0.600629,0.188599,0.377326,0.953145,-0.285317,0.006225,-0.100353,0.073561,2.036833,1.000000,0.004364,2.119399
2.600000,0.600807,0.188620,0.377338,0.953131,-0.285332,0.006288,-0.100432,0.073561,2.036810,1.000000,0.004847,2.119826
2.605000,0.600985,0.188641,0.377350,0.953118,-0.285347,0.006350,-0.100511,0.073561,2.036784,1.000000,0.005304,2.120265
2.610000,0.601164,0.188662,0.377362,0.953105,-0.285362,0.006412,-0.100590,0.073562,2.036756,1.000000,0.005738,2.120658
2.615000,0.601342,0.188683,0.377374,0.953092,-0.285377,0.006475,-0.100669,0.073562,2.036726,1.000000,0.006153,2.121058
2.620000,0.601520,0.188704,0.377385,0.953079,-0.285392,0.006537,-0.100748,0.073562,2.036693,1.000000,0.006552,2.121472
2.625000,0.601698,0.188725,0.377397,0.953065,-0.285407,0.006599,-0.100827,0.073562,2.036659,1.000000,0.006935,2.121896
2.630000,0.601877,0.188746,0.377409,0.953052,-0.285421,0.006661,-0.100906,0.073562,2.036623,1.000000,0.007304,2.122328
2.635000,0.602055,0.188765,0.377414,0.953038,-0.285439,0.006719,-0.100982,0.073562,2.036585,1.000000,0.007652,2.123036
2.640000,0.602233,0.188783,0.377418,0.953025,-0.285456,0.006776,-0.101058,0.073563,2.036546,1.000000,0.007977,2.123754
2.645000,0.602411,0.188801,0.377423,0.953011,-0.285474,0.006833,-0.101135,0.073563,2.036505,1.000000,0.008283,2.124485
2.650000,0.602589,0.188819,0.377428,0.952997,-0.285491,0.006890,-0.101211,0.073563,2.036462,1.000000,0.008568,2.125227
2.655000,0.602767,0.188837,0.377432,0.952983,-0.285509,0.006947,-0.101287,0.073563,2.036419,1.000000,0.008834,2.125970
2.660000,0.602945,0.188855,0.377437,0.952970,-0.285527,0.007004,-0.101363,0.073563,2.036374,1.000000,0.009079,2.126681
2.665000,0.603123,0.188873,0.377441,0.952956,-0.285544,0.007062,-0.101439,0.073563,2.036327,1.000000,0.009307,2.127403
2.670000,0.603309,0.188892,0.377456,0.952941,-0.285561,0.007129,-0.101523,0.073564,2.036280,1.000000,0.009512,2.127620
2.675000,0.603495,0.188911,0.377471,0.952927,-0.285579,0.007196,-0.101607,0.073564,2.036232,1.000000,0.009714,2.127847
2.680000,0.603681,0.188931,0.377486,0.952912,-0.285596,0.007263,-0.101690,0.073564,2.036182,1.000000,0.009909,2.128071
2.685000,0.603867,0.188950,0.377500,0.952897,-0.285614,0.007330,-0.101774,0.073564,2.036132,1.000000,0.010095,2.128276
2.690000,0.604053,0.188969,0.377515,0.952883,-0.285631,0.007397,-0.101858,0.073564,2.036081,1.000000,0.010272,2.128491
2.695000,0.604239,0.188988,0.377530,0.952868,-0.285648,0.007465,-0.101941,0.073564,2.036029,1.000000,0.010438,2.128720
2.700000,0.604424,0.189007,0.377545,0.952853,-0.285666,0.007532,-0.102025,0.073565,2.035976,1.000000,0.010595,2.128960
2.705000,0.604597,0.189028,0.377574,0.952840,-0.285679,0.007606,-0.102109,0.073565,2.035922,1.000000,0.010769,2.128597
2.710000,0.604769,0.189048,0.377604,0.952826,-0.285691,0.007681,-0.102192,0.073565,2.035868,1.000000,0.010944,2.128231
2.715000,0.604942,0.189068,0.377633,0.952813,-0.285704,0.007755,-0.102276,0.073565,2.035812,1.000000,0.011122,2.127879
2.720000,0.605114,0.189088,0.377663,0.952800,-0.285717,0.007829,-0.102360,0.073565,2.035756,1.000000,0.011302,2.127544
2.725000,0.605287,0.189108,0.377692,0.952786,-0.285730,0.007904,-0.102443,0.073565,2.035699,1.000000,0.011483,2.127222
2.730000,0.605459,0.189128,0.377721,0.952773,-0.285742,0.007978,-0.102527,0.073566,2.035641,1.000000,0.011663,2.126901
2.735000,0.605634,0.189150,0.377762,0.952759,-0.285753,0.008062,-0.102616,0.073566,2.035582,1.000000,0.011847,2.126051
2.740000,0.605810,0.189173,0.377803,0.952746,-0.285763,0.008146,-0.102706,0.073566,2.035522,1.000000,0.012044,2.125218
2.745000,0.605985,0.189195,0.377844,0.952732,-0.285774,0.008230,-0.102795,0.073566,2.035461,1.000000,0.012252,2.124400
2.750000,0.606160,0.189217,0.377885,0.952719,-0.285784,0.008314,-0.102884,0.073566,2.035399,1.000000,0.012468,2.123597
2.755000,0.606335,0.189239,0.377926,0.952705,-0.285794,0.008398,-0.102974,0.073566,2.035335,1.000000,0.012690,2.122807
2.760000,0.606510,0.189262,0.377966,0.952692,-0.285805,0.008482,-0.103063,0.073567,2.035271,1.000000,0.012916,2.122031
2.765000,0.606685,0.189284,0.378007,0.952678,-0.285815,0.008566,-0.103152,0.073567,2.035206,1.000000,0.013146,2.121273
2.770000,0.606869,0.189303,0.378049,0.952663,-0.285829,0.008654,-0.103245,0.073567,2.035139,1.000000,0.013372,2.120382
2.775000,0.607052,0.189323,0.378092,0.952648,-0.285842,0.008741,-0.103339,0.073567,2.035071,1.000000,0.013607,2.119506
2.780000,0.607235,0.189342,0.378134,0.952633,-0.285856,0.008829,-0.103432,0.073567,2.035003,1.000000,0.013845,2.118639
2.785000,0.607419,0.189361,0.378176,0.952618,-0.285869,0.008916,-0.103525,0.073567,2.034933,1.000000,0.014086,2.117784
2.790000,0.607602,0.189381,0.378218,0.952603,-0.285883,0.009004,-0.103618,0.073568,2.034861,1.000000,0.014328,2.116947
2.795000,0.607785,0.189400,0.378261,0.952588,-0.285896,0.009091,-0.103711,0.073568,2.034789,1.000000,0.014571,2.116123
2.800000,0.607969,0.189419,0.378303,0.952573,-0.285910,0.009179,-0.103805,0.073568,2.034715,1.000000,0.014813,2.115314
2.805000,0.608134,0.189427,0.378331,0.952558,-0.285929,0.009250,-0.103883,0.073568,2.034640,1.000000,0.015073,2.115224
2.810000,0.608300,0.189436,0.378359,0.952543,-0.285948,0.009322,-0.103962,0.073568,2.034564,1.000000,0.015312,2.115147
2.815000,0.608466,0.189444,0.378387,0.952528,-0.285968,0.009394,-0.104040,0.073568,2.034486,1.000000,0.015536,2.115086
2.820000,0.608631,0.189452,0.378415,0.952513,-0.285987,0.009465,-0.104119,0.073569,2.034408,1.000000,0.015747,2.115039
2.825000,0.608797,0.189460,0.378442,0.952498,-0.286006,0.009537,-0.104198,0.073569,2.034328,1.000000,0.015947,2.115007
2.830000,0.608963,0.189468,0.378470,0.952483,-0.286026,0.009608,-0.104276,0.073569,2.034248,1.000000,0.016136,2.114976
2.835000,0.609128,0.189476,0.378498,0.952468,-0.286045,0.009680,-0.104355,0.073569,2.034166,1.000000,0.016317,2.114959
2.840000,0.609287,0.189473,0.378511,0.952451,-0.286073,0.009739,-0.104423,0.073569,2.034084,1.000000,0.016497,2.115605
2.845000,0.609446,0.189469,0.378524,0.952435,-0.286101,0.009797,-0.104492,0.073569,2.034001,1.000000,0.016655,2.116265
2.850000,0.609605,0.189466,0.378537,0.952418,-0.286128,0.009856,-0.104560,0.073570,2.033917,1.000000,0.016794,2.116937
2.855000,0.609763,0.189462,0.378550,0.952402,-0.286156,0.009914,-0.104628,0.073570,2.033832,1.000000,0.016914,2.117619
2.860000,0.609922,0.189459,0.378563,0.952385,-0.286184,0.009973,-0.104697,0.073570,2.033747,1.000000,0.017019,2.118315
2.865000,0.610081,0.189455,0.378576,0.952369,-0.286212,0.010031,-0.104765,0.073570,2.033662,1.000000,0.017109,2.119026
2.870000,0.610240,0.189451,0.378589,0.952352,-0.286240,0.010090,-0.104833,0.073570,2.033576,1.000000,0.017187,2.119751
2.875000,0.610404,0.189443,0.378598,0.952335,-0.286272,0.010147,-0.104902,0.073570,2.033489,1.000000,0.017247,2.120594
2.880000,0.610568,0.189435,0.378607,0.952317,-0.286304,0.010204,-0.104971,0.073571,2.033403,1.000000,0.017293,2.121433
2.885000,0.610732,0.189426,0.378615,0.952299,-0.286336,0.010261,-0.105039,0.073571,2.033316,1.000000,0.017326,2.122283
2.890000,0.610896,0.189418,0.378624,0.952281,-0.286368,0.010318,-0.105108,0.073571,2.033229,1.000000,0.017348,2.123147
2.895000,0.611061,0.189410,0.378633,0.952263,-0.286399,0.010375,-0.105176,0.073571,2.033142,1.000000,0.017357,2.124023
2.900000,0.611225,0.189401,0.378641,0.952246,-0.286431,0.010432,-0.105245,0.073571,2.033055,1.000000,0.017355,2.124904
2.905000,0.611378,0.189388,0.378657,0.952229,-0.286462,0.010491,-0.105311,0.073571,2.032968,1.000000,0.017360,2.125479
2.910000,0.611531,0.189374,0.378674,0.952211,-0.286492,0.010551,-0.105377,0.073571,2.032881,1.000000,0.017364,2.126066
2.915000,0.611685,0.189361,0.378690,0.952194,-0.286523,0.010610,-0.105443,0.073572,2.032794,1.000000,0.017366,2.126668
2.920000,0.611838,0.189347,0.378706,0.952177,-0.286553,0.010670,-0.105508,0.073572,2.032707,1.000000,0.017365,2.127284
2.925000,0.611991,0.189334,0.378722,0.952160,-0.286584,0.010729,-0.105574,0.073572,2.032620,1.000000,0.017363,2.127907
2.930000,0.612145,0.189320,0.378738,0.952143,-0.286614,0.010788,-0.105640,0.073572,2.032533,1.000000,0.017360,2.128521
2.935000,0.612298,0.189306,0.378755,0.952126,-0.286645,0.010848,-0.105706,0.073572,2.032446,1.000000,0.017355,2.129149
2.940000,0.612442,0.189288,0.378780,0.952108,-0.286677,0.010911,-0.105770,0.073572,2.032359,1.000000,0.017370,2.129414
2.945000,0.612587,0.189269,0.378806,0.952091,-0.286708,0.010975,-0.105835,0.073573,2.032272,1.000000,0.017395,2.129694
2.950000,0.612731,0.189251,0.378831,0.952073,-0.286740,0.011039,-0.105899,0.073573,2.032184,1.000000,0.017428,2.129975
2.955000,0.612875,0.189232,0.378857,0.952056,-0.286772,0.011102,-0.105964,0.073573,2.032097,1.000000,0.017467,2.130233
2.960000,0.613019,0.189214,0.378882,0.952038,-0.286804,0.011166,-0.106028,0.073573,2.032009,1.000000,0.017513,2.130507
2.965000,0.613163,0.189195,0.378908,0.952021,-0.286836,0.011229,-0.106092,0.073573,2.031921,1.000000,0.017565,2.130798
2.970000,0.613307,0.189177,0.378933,0.952003,-0.286867,0.011293,-0.106157,0.073573,2.031833,1.000000,0.017625,2.131105
2.975000,0.613461,0.189160,0.378977,0.951984,-0.286901,0.011372,-0.106232,0.073574,2.031744,1.000000,0.017694,2.130520
2.980000,0.613615,0.189143,0.379020,0.951964,-0.286934,0.011452,-0.106307,0.073574,2.031655,1.000000,0.017794,2.129922
2.985000,0.613769,0.189126,0.379063,0.951945,-0.286968,0.011531,-0.106383,0.073574,2.031566,1.000000,0.017919,2.129340
2.990000,0.613923,0.189109,0.379107,0.951925,-0.287002,0.011611,-0.106458,0.073574,2.031475,1.000000,0.018064,2.128776
2.995000,0.614076,0.189092,0.379150,0.951906,-0.287035,0.011690,-0.106533,0.073574,2.031384,1.000000,0.018227,2.128227
3.000000,0.614230,0.189076,0.379193,0.951886,-0.287069,0.011769,-0.106608,0.073574,2.031293,1.000000,0.018404,2.127668
3.005000,0.614384,0.189059,0.379237,0.951867,-0.287102,0.011849,-0.106683,0.073575,2.031200,1.000000,0.018594,2.127087
3.010000,0.614537,0.189041,0.379286,0.951847,-0.287136,0.011932,-0.106760,0.073575,2.031106,1.000000,0.018802,2.126239
3.015000,0.614689,0.189023,0.379336,0.951827,-0.287170,0.012016,-0.106837,0.073575,2.031011,1.000000,0.019028,2.125408
3.020000,0.614842,0.189005,0.379386,0.951807,-0.287203,0.012100,-0.106914,0.073575,2.030915,1.000000,0.019270,2.124594
3.025000,0.614995,0.188987,0.379435,0.951787,-0.287237,0.012184,-0.106991,0.073575,2.030818,1.000000,0.019527,2.123784
3.030000,0.615148,0.188969,0.379485,0.951768,-0.287271,0.012267,-0.107068,0.073575,2.030719,1.000000,0.019796,2.122975
3.035000,0.615301,0.188951,0.379534,0.951748,-0.287305,0.012351,-0.107145,0.073576,2.030619,1.000000,0.020076,2.122185
3.040000,0.615454,0.188933,0.379584,0.951728,-0.287338,0.012434,-0.107221,0.073576,2.030517,1.000000,0.020366,2.121412
3.045000,0.615584,0.188904,0.379616,0.951708,-0.287378,0.012499,-0.107281,0.073576,2.030414,1.000000,0.020679,2.121561
3.050000,0.615715,0.188874,0.379648,0.951689,-0.287418,0.012563,-0.107340,0.073576,2.030310,1.000000,0.020973,2.121705
3.055000,0.615846,0.188844,0.379681,0.951669,-0.287458,0.012627,-0.107399,0.073576,2.030204,1.000000,0.021256,2.121845
3.060000,0.615976,0.188814,0.379713,0.951650,-0.287498,0.012691,-0.107458,0.073576,2.030096,1.000000,0.021531,2.122006
3.065000,0.616107,0.188784,0.379745,0.951630,-0.287538,0.012755,-0.107517,0.073577,2.029988,1.000000,0.021801,2.122185
3.070000,0.616237,0.188754,0.379777,0.951610,-0.287577,0.012819,-0.107576,0.073577,2.029877,1.000000,0.022067,2.122381
3.075000,0.616354,0.188712,0.379790,0.951590,-0.287626,0.012864,-0.107620,0.073577,2.029766,1.000000,0.022334,2.123489
3.080000,0.616471,0.188669,0.379802,0.951570,-0.287674,0.012909,-0.107663,0.073577,2.029653,1.000000,0.022574,2.124602
3.085000,0.616588,0.188627,0.379814,0.951550,-0.287723,0.012954,-0.107707,0.073577,2.029539,1.000000,0.022795,2.125734
3.090000,0.616705,0.188584,0.379826,0.951530,-0.287771,0.012999,-0.107751,0.073577,2.029424,1.000000,0.022998,2.126885
3.095000,0.616822,0.188542,0.379838,0.951509,-0.287820,0.013044,-0.107795,0.073578,2.029309,1.000000,0.023187,2.128053
3.100000,0.616938,0.188499,0.379851,0.951489,-0.287868,0.013089,-0.107838,0.073578,2.029192,1.000000,0.023364,2.129252
3.105000,0.617055,0.188457,0.379863,0.951469,-0.287917,0.013134,-0.107882,0.073578,2.029074,1.000000,0.023530,2.130475
3.110000,0.617176,0.188412,0.379875,0.951448,-0.287968,0.013180,-0.107927,0.073578,2.028956,1.000000,0.023684,2.131670
3.115000,0.617296,0.188367,0.379886,0.951427,-0.288018,0.013226,-0.107971,0.073578,2.028836,1.000000,0.023832,2.132882
3.120000,0.617416,0.188322,0.379898,0.951406,-0.288069,0.013272,-0.108016,0.073578,2.028717,1.000000,0.023972,2.134110
3.125000,0.617536,0.188278,0.379910,0.951385,-0.288119,0.013317,-0.108060,0.073578,2.028596,1.000000,0.024104,2.135375
3.130000,0.617656,0.188233,0.379921,0.951364,-0.288170,0.013363,-0.108105,0.073579,2.028475,1.000000,0.024227,2.136664
3.135000,0.617776,0.188188,0.379933,0.951343,-0.288221,0.013409,-0.108149,0.073579,2.028353,1.000000,0.024342,2.137971
3.140000,0.617896,0.188144,0.379945,0.951322,-0.288271,0.013454,-0.108194,0.073579,2.028231,1.000000,0.024450,2.139295
3.145000,0.618027,0.188103,0.379985,0.951300,-0.288317,0.013524,-0.108253,0.073579,2.028108,1.000000,0.024567,2.139286
3.150000,0.618157,0.188062,0.380026,0.951278,-0.288364,0.013595,-0.108313,0.073579,2.027984,1.000000,0.024717,2.139357
3.155000,0.618288,0.188020,0.380066,0.951256,-0.288410,0.013665,-0.108373,0.073579,2.027860,1.000000,0.024892,2.139461
3.160000,0.618418,0.187979,0.380107,0.951234,-0.288457,0.013735,-0.108432,0.073580,2.027734,1.000000,0.025084,2.139584
3.165000,0.618549,0.187938,0.380147,0.951212,-0.288504,0.013805,-0.108492,0.073580,2.027608,1.000000,0.025290,2.139724
3.170000,0.618679,0.187897,0.380188,0.951190,-0.288550,0.013875,-0.108551,0.073580,2.027481,1.000000,0.025507,2.139882
3.175000,0.618809,0.187856,0.380229,0.951168,-0.288597,0.013945,-0.108611,0.073580,2.027352,1.000000,0.025732,2.140142
3.180000,0.618944,0.187813,0.380295,0.951146,-0.288640,0.014036,-0.108681,0.073580,2.027223,1.000000,0.025986,2.139233
3.185000,0.619079,0.187770,0.380362,0.951123,-0.288683,0.014127,-0.108752,0.073580,2.027092,1.000000,0.026281,2.138345
3.190000,0.619214,0.187727,0.380428,0.951101,-0.288726,0.014218,-0.108822,0.073581,2.026959,1.000000,0.026608,2.137476
3.195000,0.619349,0.187684,0.380494,0.951078,-0.288769,0.014309,-0.108892,0.073581,2.026825,1.000000,0.026961,2.136626
3.200000,0.619484,0.187641,0.380561,0.951056,-0.288813,0.014400,-0.108963,0.073581,2.026689,1.000000,0.027336,2.135907
3.205000,0.619620,0.187598,0.380628,0.951033,-0.288856,0.014491,-0.109033,0.073581,2.026550,1.000000,0.027729,2.135211
3.210000,0.619755,0.187556,0.380694,0.951010,-0.288900,0.014582,-0.109103,0.073581,2.026410,1.000000,0.028136,2.134536
3.215000,0.619886,0.187508,0.380762,0.950987,-0.288946,0.014673,-0.109171,0.073581,2.026268,1.000000,0.028560,2.133852
3.220000,0.620017,0.187460,0.380829,0.950964,-0.288993,0.014763,-0.109239,0.073582,2.026124,1.000000,0.028997,2.133192
3.225000,0.620148,0.187412,0.380897,0.950940,-0.289040,0.014854,-0.109307,0.073582,2.025977,1.000000,0.029446,2.132697
3.230000,0.620279,0.187364,0.380964,0.950917,-0.289087,0.014945,-0.109375,0.073582,2.025828,1.000000,0.029905,2.132221
3.235000,0.620410,0.187317,0.381032,0.950893,-0.289134,0.015036,-0.109443,0.073582,2.025677,1.000000,0.030371,2.131766
3.240000,0.620541,0.187269,0.381100,0.950870,-0.289181,0.015127,-0.109511,0.073582,2.025524,1.000000,0.030844,2.131329
3.245000,0.620669,0.187220,0.381162,0.950845,-0.289233,0.015213,-0.109576,0.073582,2.025368,1.000000,0.031319,2.131164
3.250000,0.620798,0.187170,0.381225,0.950820,-0.289285,0.015299,-0.109641,0.073582,2.025210,1.000000,0.031794,2.131120
3.255000,0.620926,0.187121,0.381288,0.950795,-0.289338,0.015386,-0.109706,0.073583,2.025049,1.000000,0.032267,2.131094
3.260000,0.621054,0.187071,0.381351,0.950770,-0.289391,0.015472,-0.109771,0.073583,2.024886,1.000000,0.032738,2.131088
3.265000,0.621182,0.187021,0.381414,0.950745,-0.289443,0.015559,-0.109835,0.073583,2.024721,1.000000,0.033207,2.131101
3.270000,0.621311,0.186972,0.381477,0.950720,-0.289496,0.015645,-0.109900,0.073583,2.024553,1.000000,0.033675,2.131194
3.275000,0.621438,0.186921,0.381540,0.950695,-0.289550,0.015732,-0.109965,0.073583,2.024383,1.000000,0.034147,2.131483
3.280000,0.621568,0.186873,0.381610,0.950669,-0.289604,0.015825,-0.110033,0.073583,2.024210,1.000000,0.034619,2.131520
3.285000,0.621697,0.186824,0.381680,0.950644,-0.289657,0.015917,-0.110102,0.073584,2.024036,1.000000,0.035096,2.131579
3.290000,0.621826,0.186776,0.381749,0.950618,-0.289710,0.016010,-0.110170,0.073584,2.023858,1.000000,0.035576,2.131656
3.295000,0.621955,0.186727,0.381819,0.950592,-0.289764,0.016102,-0.110238,0.073584,2.023679,1.000000,0.036059,2.131814
3.300000,0.622084,0.186678,0.381889,0.950566,-0.289818,0.016195,-0.110306,0.073584,2.023497,1.000000,0.036544,2.132032
3.305000,0.622213,0.186629,0.381959,0.950540,-0.289872,0.016288,-0.110374,0.073584,2.023312,1.000000,0.037028,2.132272
3.310000,0.622342,0.186580,0.382029,0.950514,-0.289926,0.016380,-0.110443,0.073584,2.023126,1.000000,0.037510,2.132530
3.315000,0.622487,0.186522,0.382100,0.950485,-0.289989,0.016479,-0.110517,0.073585,2.022936,1.000000,0.037987,2.132317
3.320000,0.622631,0.186463,0.382172,0.950455,-0.290052,0.016579,-0.110592,0.073585,2.022745,1.000000,0.038480,2.132180
3.325000,0.622775,0.186404,0.382244,0.950425,-0.290116,0.016678,-0.110667,0.073585,2.022551,1.000000,0.038983,2.132061
3.330000,0.622919,0.186345,0.382316,0.950395,-0.290180,0.016777,-0.110742,0.073585,2.022354,1.000000,0.039490,2.131958
3.335000,0.623063,0.186286,0.382388,0.950365,-0.290243,0.016876,-0.110816,0.073585,2.022155,1.000000,0.039997,2.131870
3.340000,0.623207,0.186226,0.382459,0.950335,-0.290307,0.016976,-0.110891,0.073585,2.021953,1.000000,0.040502,2.131827
3.345000,0.623350,0.186166,0.382531,0.950305,-0.290372,0.017075,-0.110966,0.073586,2.021749,1.000000,0.041004,2.131859
3.350000,0.623497,0.186091,0.382588,0.950272,-0.290449,0.017165,-0.111035,0.073586,2.021542,1.000000,0.041500,2.132220
3.355000,0.623645,0.186016,0.382645,0.950238,-0.290526,0.017256,-0.111104,0.073586,2.021333,1.000000,0.041989,2.132592
3.360000,0.623792,0.185940,0.382702,0.950205,-0.290603,0.017346,-0.111173,0.073586,2.021122,1.000000,0.042467,2.132974
3.365000,0.623939,0.185864,0.382760,0.950172,-0.290680,0.017436,-0.111242,0.073586,2.020908,1.000000,0.042933,2.133425
3.370000,0.624086,0.185788,0.382817,0.950138,-0.290758,0.017526,-0.111311,0.073586,2.020692,1.000000,0.043388,2.133904
3.375000,0.624232,0.185712,0.382874,0.950105,-0.290835,0.017617,-0.111380,0.073587,2.020473,1.000000,0.043831,2.134396
3.380000,0.624379,0.185635,0.382931,0.950071,-0.290913,0.017707,-0.111449,0.073587,2.020253,1.000000,0.044262,2.134898
3.385000,0.624504,0.185554,0.382974,0.950039,-0.290991,0.017780,-0.111503,0.073587,2.020030,1.000000,0.044688,2.136374
3.390000,0.624629,0.185472,0.383017,0.950008,-0.291070,0.017854,-0.111556,0.073587,2.019805,1.000000,0.045076,2.137941
3.395000,0.624753,0.185390,0.383060,0.949976,-0.291149,0.017928,-0.111610,0.073587,2.019578,1.000000,0.045433,2.139523
3.400000,0.624878,0.185308,0.383103,0.949944,-0.291228,0.018001,-0.111664,0.073588,2.019350,1.000000,0.045765,2.141116
3.405000,0.625003,0.185226,0.383146,0.949912,-0.291307,0.018075,-0.111717,0.073588,2.019120,1.000000,0.046077,2.142720
3.410000,0.625127,0.185143,0.383190,0.949880,-0.291386,0.018148,-0.111771,0.073588,2.018888,1.000000,0.046365,2.144328
3.415000,0.625238,0.185066,0.383240,0.949851,-0.291458,0.018223,-0.111822,0.073588,2.018655,1.000000,0.046644,2.146014
3.420000,0.625349,0.184988,0.383290,0.949821,-0.291530,0.018298,-0.111873,0.073588,2.018421,1.000000,0.046903,2.147716
3.425000,0.625460,0.184911,0.383340,0.949791,-0.291602,0.018373,-0.111924,0.073588,2.018185,1.000000,0.047147,2.149434
3.430000,0.625571,0.184833,0.383390,0.949762,-0.291674,0.018448,-0.111975,0.073589,2.017949,1.000000,0.047377,2.151163
3.435000,0.625681,0.184755,0.383440,0.949732,-0.291747,0.018522,-0.112027,0.073589,2.017711,1.000000,0.047594,2.152904
3.440000,0.625791,0.184677,0.383490,0.949702,-0.291819,0.018597,-0.112078,0.073589,2.017472,1.000000,0.047802,2.154663
3.445000,0.625901,0.184599,0.383540,0.949672,-0.291892,0.018672,-0.112129,0.073589,2.017232,1.000000,0.048003,2.156438
3.450000,0.626015,0.184527,0.383604,0.949643,-0.291958,0.018758,-0.112188,0.073589,2.016991,1.000000,0.048197,2.157708
3.455000,0.626127,0.184455,0.383668,0.949614,-0.292025,0.018844,-0.112247,0.073589,2.016749,1.000000,0.048390,2.158916
3.460000,0.626240,0.184383,0.383732,0.949585,-0.292091,0.018930,-0.112306,0.073590,2.016507,1.000000,0.048588,2.160143
3.465000,0.626353,0.184310,0.383796,0.949556,-0.292158,0.019017,-0.112365,0.073590,2.016263,1.000000,0.048788,2.161393
3.470000,0.626465,0.184238,0.383860,0.949527,-0.292224,0.019103,-0.112423,0.073590,2.016018,1.000000,0.048990,2.162663
3.475000,0.626577,0.184165,0.383923,0.949498,-0.292291,0.019189,-0.112482,0.073590,2.015772,1.000000,0.049186,2.163867
3.480000,0.626689,0.184092,0.383987,0.949468,-0.292357,0.019275,-0.112541,0.073590,2.015526,1.000000,0.049379,2.165053
3.485000,0.626798,0.184007,0.384050,0.949437,-0.292432,0.019359,-0.112597,0.073590,2.015278,1.000000,0.049578,2.166162
3.490000,0.626908,0.183921,0.384112,0.949406,-0.292506,0.019443,-0.112653,0.073591,2.015029,1.000000,0.049784,2.167290
3.495000,0.627017,0.183836,0.384175,0.949375,-0.292581,0.019527,-0.112708,0.073591,2.014779,1.000000,0.049990,2.168371
3.500000,0.627125,0.183749,0.384237,0.949343,-0.292655,0.019611,-0.112764,0.073591,2.014529,1.000000,0.050188,2.169284
3.505000,0.627233,0.183663,0.384299,0.949312,-0.292730,0.019695,-0.112820,0.073591,2.014277,1.000000,0.050386,2.170220
3.510000,0.627341,0.183577,0.384361,0.949281,-0.292804,0.019778,-0.112875,0.073591,2.014024,1.000000,0.050583,2.171176
3.515000,0.627449,0.183491,0.384424,0.949249,-0.292878,0.019862,-0.112931,0.073592,2.013770,1.000000,0.050779,2.172153
3.520000,0.627535,0.183366,0.384465,0.949214,-0.292977,0.019923,-0.112964,0.073592,2.013516,1.000000,0.050981,2.173534
3.525000,0.627620,0.183240,0.384506,0.949178,-0.293076,0.019984,-0.112996,0.073592,2.013260,1.000000,0.051176,2.174859
3.530000,0.627705,0.183115,0.384547,0.949142,-0.293176,0.020045,-0.113029,0.073592,2.013003,1.000000,0.051365,2.176198
3.535000,0.627790,0.182989,0.384588,0.949106,-0.293275,0.020105,-0.113062,0.073592,2.012746,1.000000,0.051547,2.177548
3.540000,0.627875,0.182864,0.384629,0.949071,-0.293374,0.020166,-0.113094,0.073592,2.012487,1.000000,0.051720,2.178864
3.545000,0.627959,0.182738,0.384669,0.949035,-0.293473,0.020226,-0.113127,0.073593,2.012228,1.000000,0.051876,2.179954
3.550000,0.628043,0.182612,0.384710,0.948999,-0.293571,0.020287,-0.113160,0.073593,2.011968,1.000000,0.052026,2.181057
3.555000,0.628108,0.182439,0.384722,0.948957,-0.293701,0.020320,-0.113166,0.073593,2.011707,1.000000,0.052185,2.182850
3.560000,0.628172,0.182266,0.384733,0.948916,-0.293832,0.020353,-0.113172,0.073593,2.011445,1.000000,0.052338,2.184647
3.565000,0.628236,0.182092,0.384745,0.948874,-0.293961,0.020385,-0.113178,0.073593,2.011183,1.000000,0.052475,2.186327
3.570000,0.628300,0.181919,0.384756,0.948832,-0.294091,0.020417,-0.113185,0.073593,2.010920,1.000000,0.052594,2.187880
3.575000,0.628364,0.181745,0.384767,0.948791,-0.294221,0.020450,-0.113191,0.073594,2.010657,1.000000,0.052701,2.189438
3.580000,0.628427,0.181571,0.384778,0.948749,-0.294351,0.020482,-0.113197,0.073594,2.010393,1.000000,0.052796,2.191001
3.585000,0.628491,0.181354,0.384776,0.948700,-0.294508,0.020505,-0.113192,0.073594,2.010128,1.000000,0.052886,2.192270
3.590000,0.628555,0.181137,0.384774,0.948651,-0.294665,0.020528,-0.113187,0.073594,2.009863,1.000000,0.052986,2.193339
3.595000,0.628618,0.180920,0.384772,0.948603,-0.294822,0.020551,-0.113182,0.073594,2.009598,1.000000,0.053087,2.194330
3.600000,0.628681,0.180703,0.384770,0.948554,-0.294979,0.020574,-0.113177,0.073594,2.009332,1.000000,0.053185,2.195324
3.605000,0.628744,0.180486,0.384768,0.948505,-0.295136,0.020597,-0.113172,0.073595,2.009066,1.000000,0.053277,2.196317
3.610000,0.628808,0.180269,0.384765,0.948457,-0.295293,0.020619,-0.113168,0.073595,2.008799,1.000000,0.053359,2.197310
3.615000,0.628870,0.180052,0.384763,0.948408,-0.295450,0.020642,-0.113162,0.073595,2.008532,1.000000,0.053423,2.198172
3.620000,0.628945,0.179792,0.384764,0.948350,-0.295635,0.020671,-0.113158,0.073595,2.008265,1.000000,0.053467,2.197834
3.625000,0.629020,0.179532,0.384766,0.948292,-0.295821,0.020700,-0.113154,0.073595,2.007997,1.000000,0.053543,2.197498
3.630000,0.629095,0.179272,0.384767,0.948234,-0.296007,0.020729,-0.113150,0.073595,2.007729,1.000000,0.053630,2.197161
3.635000,0.629169,0.179013,0.384768,0.948176,-0.296192,0.020758,-0.113146,0.073596,2.007461,1.000000,0.053716,2.196824
3.640000,0.629244,0.178753,0.384770,0.948118,-0.296377,0.020787,-0.113142,0.073596,2.007192,1.000000,0.053793,2.196380
3.645000,0.629318,0.178493,0.384771,0.948060,-0.296563,0.020816,-0.113137,0.073596,2.006923,1.000000,0.053843,2.195930
3.650000,0.629393,0.178233,0.384772,0.948002,-0.296748,0.020844,-0.113133,0.073596,2.006654,1.000000,0.053863,2.195483
3.655000,0.629477,0.177936,0.384775,0.947934,-0.296963,0.020878,-0.113129,0.073596,2.006385,1.000000,0.053844,2.194078
3.660000,0.629561,0.177640,0.384778,0.947866,-0.297179,0.020911,-0.113124,0.073596,2.006116,1.000000,0.053856,2.192673
3.665000,0.629646,0.177343,0.384781,0.947798,-0.297394,0.020945,-0.113120,0.073596,2.005847,1.000000,0.053884,2.191220
3.670000,0.629730,0.177046,0.384784,0.947731,-0.297610,0.020978,-0.113115,0.073597,2.005577,1.000000,0.053925,2.189769
3.675000,0.629814,0.176750,0.384788,0.947663,-0.297825,0.021011,-0.113111,0.073597,2.005308,1.000000,0.053969,2.188321
3.680000,0.629898,0.176453,0.384791,0.947595,-0.298040,0.021044,-0.113106,0.073597,2.005038,1.000000,0.054014,2.186875
3.685000,0.629982,0.176156,0.384794,0.947527,-0.298256,0.021077,-0.113102,0.073597,2.004768,1.000000,0.054054,2.185428
3.690000,0.630074,0.175828,0.384794,0.947451,-0.298498,0.021111,-0.113096,0.073597,2.004498,1.000000,0.054057,2.183330
3.695000,0.630165,0.175500,0.384795,0.947374,-0.298741,0.021144,-0.113089,0.073597,2.004228,1.000000,0.054079,2.181237
3.700000,0.630257,0.175171,0.384796,0.947298,-0.298983,0.021178,-0.113083,0.073598,2.003958,1.000000,0.054111,2.179152
3.705000,0.630348,0.174843,0.384796,0.947221,-0.299225,0.021212,-0.113077,0.073598,2.003688,1.000000,0.054143,2.177072
3.710000,0.630440,0.174515,0.384797,0.947145,-0.299468,0.021245,-0.113071,0.073598,2.003417,1.000000,0.054170,2.174988
3.715000,0.630531,0.174187,0.384797,0.947068,-0.299710,0.021279,-0.113064,0.073598,2.003147,1.000000,0.054185,2.172878
3.720000,0.630622,0.173858,0.384798,0.946991,-0.299952,0.021312,-0.113058,0.073598,2.002876,1.000000,0.054189,2.170773
3.725000,0.630719,0.173506,0.384798,0.946909,-0.300213,0.021347,-0.113051,0.073598,2.002606,1.000000,0.054150,2.168145
3.730000,0.630816,0.173153,0.384798,0.946826,-0.300474,0.021381,-0.113044,0.073599,2.002336,1.000000,0.054122,2.165527
3.735000,0.630913,0.172800,0.384799,0.946743,-0.300735,0.021416,-0.113037,0.073599,2.002066,1.000000,0.054096,2.162918
3.740000,0.631010,0.172447,0.384799,0.946660,-0.300996,0.021451,-0.113030,0.073599,2.001796,1.000000,0.054066,2.160321
3.745000,0.631107,0.172095,0.384799,0.946577,-0.301257,0.021485,-0.113023,0.073599,2.001527,1.000000,0.054066,2.157733
3.750000,0.631204,0.171742,0.384799,0.946494,-0.301518,0.021520,-0.113017,0.073599,2.001257,1.000000,0.054113,2.155157
3.755000,0.631306,0.171364,0.384798,0.946405,-0.301796,0.021556,-0.113009,0.073599,2.000987,1.000000,0.054149,2.152094
3.760000,0.631409,0.170986,0.384797,0.946317,-0.302075,0.021592,-0.113000,0.073599,2.000717,1.000000,0.054224,2.149039
3.765000,0.631511,0.170608,0.384796,0.946228,-0.302354,0.021628,-0.112992,0.073600,2.000446,1.000000,0.054319,2.145990
3.770000,0.631613,0.170230,0.384795,0.946139,-0.302632,0.021664,-0.112984,0.073600,2.000175,1.000000,0.054421,2.142956
3.775000,0.631715,0.169852,0.384794,0.946050,-0.302910,0.021700,-0.112976,0.073600,1.999903,1.000000,0.054520,2.139939
3.780000,0.631818,0.169474,0.384794,0.945961,-0.303189,0.021736,-0.112968,0.073600,1.999631,1.000000,0.054611,2.136938
3.785000,0.631920,0.169096,0.384793,0.945872,-0.303467,0.021772,-0.112960,0.073600,1.999359,1.000000,0.054687,2.133935
3.790000,0.632028,0.168688,0.384790,0.945776,-0.303767,0.021810,-0.112950,0.073600,1.999086,1.000000,0.054686,2.130400
3.795000,0.632136,0.168280,0.384787,0.945680,-0.304066,0.021847,-0.112940,0.073601,1.998814,1.000000,0.054694,2.126892
3.800000,0.632244,0.167872,0.384784,0.945584,-0.304365,0.021884,-0.112930,0.073601,1.998542,1.000000,0.054699,2.123407
3.805000,0.632352,0.167464,0.384781,0.945488,-0.304665,0.021922,-0.112921,0.073601,1.998269,1.000000,0.054694,2.119946
3.810000,0.632460,0.167056,0.384779,0.945392,-0.304964,0.021959,-0.112911,0.073601,1.997997,1.000000,0.054674,2.116522
3.815000,0.632567,0.166648,0.384776,0.945296,-0.305263,0.021996,-0.112901,0.073601,1.997725,1.000000,0.054637,2.113131
3.820000,0.632675,0.166240,0.384773,0.945199,-0.305562,0.022033,-0.112891,0.073601,1.997453,1.000000,0.054579,2.109766
3.825000,0.632792,0.165795,0.384773,0.945094,-0.305887,0.022076,-0.112881,0.073602,1.997182,1.000000,0.054414,2.105598
3.830000,0.632908,0.165350,0.384772,0.944989,-0.306212,0.022119,-0.112872,0.073602,1.996912,1.000000,0.054263,2.101467
3.835000,0.633024,0.164905,0.384772,0.944884,-0.306537,0.022161,-0.112863,0.073602,1.996642,1.000000,0.054109,2.097354
3.840000,0.633140,0.164459,0.384772,0.944779,-0.306862,0.022204,-0.112853,0.073602,1.996374,1.000000,0.053943,2.093271
3.845000,0.633256,0.164014,0.384771,0.944673,-0.307187,0.022246,-0.112844,0.073602,1.996106,1.000000,0.053759,2.089227
3.850000,0.633372,0.163569,0.384771,0.944568,-0.307512,0.022288,-0.112835,0.073602,1.995840,1.000000,0.053552,2.085221
3.855000,0.633488,0.163124,0.384771,0.944462,-0.307837,0.022331,-0.112825,0.073602,1.995574,1.000000,0.053320,2.081252
3.860000,0.633613,0.162639,0.384773,0.944346,-0.308191,0.022378,-0.112816,0.073603,1.995310,1.000000,0.052954,2.076527
3.865000,0.633738,0.162155,0.384774,0.944231,-0.308545,0.022426,-0.112808,0.073603,1.995049,1.000000,0.052597,2.071861
3.870000,0.633863,0.161670,0.384776,0.944115,-0.308899,0.022474,-0.112799,0.073603,1.994789,1.000000,0.052233,2.067253
3.875000,0.633987,0.161186,0.384778,0.943999,-0.309253,0.022521,-0.112790,0.073603,1.994531,1.000000,0.051852,2.062700
3.880000,0.634112,0.160701,0.384780,0.943883,-0.309606,0.022569,-0.112782,0.073603,1.994275,1.000000,0.051447,2.058204
3.885000,0.634237,0.160217,0.384782,0.943767,-0.309960,0.022617,-0.112773,0.073603,1.994021,1.000000,0.051012,2.053758
3.890000,0.634362,0.159732,0.384784,0.943650,-0.310314,0.022664,-0.112764,0.073603,1.993769,1.000000,0.050546,2.049367
3.895000,0.634489,0.159227,0.384786,0.943528,-0.310684,0.022713,-0.112755,0.073604,1.993520,1.000000,0.049978,2.044746
3.900000,0.634616,0.158722,0.384788,0.943406,-0.311055,0.022762,-0.112746,0.073604,1.993274,1.000000,0.049390,2.040193
3.905000,0.634744,0.158217,0.384789,0.943284,-0.311425,0.022811,-0.112737,0.073604,1.993032,1.000000,0.048774,2.035709
3.910000,0.634871,0.157712,0.384791,0.943161,-0.311795,0.022860,-0.112728,0.073604,1.992792,1.000000,0.048128,2.031305
3.915000,0.634998,0.157207,0.384793,0.943039,-0.312166,0.022909,-0.112719,0.073604,1.992556,1.000000,0.047447,2.026971
3.920000,0.635125,0.156702,0.384795,0.942916,-0.312536,0.022958,-0.112710,0.073604,1.992323,1.000000,0.046730,2.022709
3.925000,0.635251,0.156190,0.384798,0.942792,-0.312911,0.023008,-0.112700,0.073605,1.992094,1.000000,0.045955,2.018427
3.930000,0.635376,0.155679,0.384801,0.942667,-0.313287,0.023059,-0.112691,0.073605,1.991870,1.000000,0.045146,2.014219
3.935000,0.635502,0.155167,0.384805,0.942542,-0.313662,0.023109,-0.112681,0.073605,1.991649,1.000000,0.044303,2.010083
3.940000,0.635628,0.154656,0.384808,0.942417,-0.314037,0.023159,-0.112672,0.073605,1.991433,1.000000,0.043424,2.006022
3.945000,0.635753,0.154145,0.384811,0.942292,-0.314412,0.023210,-0.112662,0.073605,1.991221,1.000000,0.042509,2.002038
3.950000,0.635879,0.153633,0.384814,0.942166,-0.314787,0.023260,-0.112652,0.073605,1.991014,1.000000,0.041557,1.998130
3.955000,0.636004,0.153122,0.384818,0.942041,-0.315162,0.023311,-0.112643,0.073605,1.990812,1.000000,0.040570,1.994296
3.960000,0.636130,0.152597,0.384821,0.941912,-0.315545,0.023363,-0.112633,0.073606,1.990615,1.000000,0.039492,1.990402
3.965000,0.636255,0.152073,0.384825,0.941784,-0.315928,0.023415,-0.112622,0.073606,1.990423,1.000000,0.038388,1.986593
3.970000,0.636380,0.151548,0.384829,0.941655,-0.316311,0.023467,-0.112612,0.073606,1.990238,1.000000,0.037254,1.982872
3.975000,0.636506,0.151024,0.384832,0.941527,-0.316694,0.023519,-0.112602,0.073606,1.990058,1.000000,0.036089,1.979237
3.980000,0.636631,0.150500,0.384836,0.941398,-0.317077,0.023571,-0.112592,0.073606,1.989884,1.000000,0.034893,1.975688
3.985000,0.636756,0.149975,0.384840,0.941269,-0.317460,0.023623,-0.112581,0.073606,1.989716,1.000000,0.033670,1.972228
3.990000,0.636882,0.149451,0.384843,0.941139,-0.317843,0.023675,-0.112571,0.073606,1.989554,1.000000,0.032417,1.968856
3.995000,0.637011,0.148896,0.384843,0.941004,-0.318243,0.023727,-0.112559,0.073607,1.989400,1.000000,0.030997,1.965460
4.000000,0.637140,0.148341,0.384843,0.940869,-0.318644,0.023780,-0.112546,0.073607,1.989253,1.000000,0.029559,1.962172
4.005000,0.637269,0.147786,0.384843,0.940733,-0.319044,0.023833,-0.112534,0.073607,1.989113,1.000000,0.028097,1.958992
4.010000,0.637398,0.147231,0.384843,0.940598,-0.319444,0.023885,-0.112521,0.073607,1.988980,1.000000,0.026603,1.955915
4.015000,0.637527,0.146677,0.384844,0.940462,-0.319845,0.023938,-0.112509,0.073607,1.988855,1.000000,0.025079,1.952950
4.020000,0.637656,0.146122,0.384844,0.940326,-0.320245,0.023990,-0.112496,0.073607,1.988738,1.000000,0.023524,1.950097
4.025000,0.637785,0.145567,0.384844,0.940190,-0.320645,0.024043,-0.112483,0.073608,1.988628,1.000000,0.021938,1.947356
4.030000,0.637917,0.144984,0.384841,0.940048,-0.321062,0.024096,-0.112468,0.073608,1.988528,1.000000,0.020183,1.944697
4.035000,0.638049,0.144400,0.384838,0.939905,-0.321480,0.024150,-0.112452,0.073608,1.988436,1.000000,0.018407,1.942172
4.040000,0.638181,0.143817,0.384835,0.939763,-0.321897,0.024203,-0.112436,0.073608,1.988353,1.000000,0.016604,1.939781
4.045000,0.638312,0.143234,0.384832,0.939620,-0.322314,0.024257,-0.112421,0.073608,1.988279,1.000000,0.014771,1.937528
4.050000,0.638444,0.142650,0.384829,0.939478,-0.322732,0.024310,-0.112405,0.073608,1.988215,1.000000,0.012905,1.935411
4.055000,0.638576,0.142067,0.384826,0.939335,-0.323149,0.024364,-0.112389,0.073608,1.988160,1.000000,0.011005,1.933426
4.060000,0.638707,0.141484,0.384823,0.939192,-0.323566,0.024417,-0.112373,0.073609,1.988115,1.000000,0.009071,1.931572
4.065000,0.638837,0.140892,0.384824,0.939048,-0.323985,0.024477,-0.112354,0.073609,1.988080,1.000000,0.007073,1.929688
4.070000,0.638967,0.140300,0.384826,0.938904,-0.324404,0.024537,-0.112335,0.073609,1.988054,1.000000,0.005051,1.927949
4.075000,0.639097,0.139709,0.384827,0.938760,-0.324824,0.024597,-0.112316,0.073609,1.988039,1.000000,0.003005,1.926355
4.080000,0.639227,0.139117,0.384828,0.938615,-0.325243,0.024658,-0.112296,0.073609,1.988035,1.000000,0.000936,1.924902
4.085000,0.639357,0.138525,0.384830,0.938471,-0.325662,0.024718,-0.112277,0.073609,1.988039,1.000000,-0.001154,1.923589
4.090000,0.639487,0.137933,0.384831,0.938326,-0.326081,0.024778,-0.112258,0.073609,1.988052,1.000000,-0.003267,1.922420
4.095000,0.639613,0.137338,0.384838,0.938183,-0.326495,0.024845,-0.112235,0.073610,1.988074,1.000000,-0.005406,1.921218
4.100000,0.639740,0.136742,0.384845,0.938039,-0.326910,0.024913,-0.112213,0.073610,1.988104,1.000000,-0.007556,1.920163
4.105000,0.639867,0.136146,0.384852,0.937896,-0.327324,0.024980,-0.112190,0.073610,1.988143,1.000000,-0.009717,1.919252
4.110000,0.639994,0.135550,0.384859,0.937752,-0.327738,0.025048,-0.112168,0.073610,1.988190,1.000000,-0.011891,1.918485
4.115000,0.640120,0.134954,0.384866,0.937608,-0.328153,0.025115,-0.112145,0.073610,1.988247,1.000000,-0.014074,1.917869
4.120000,0.640247,0.134359,0.384873,0.937464,-0.328567,0.025183,-0.112123,0.073610,1.988312,1.000000,-0.016266,1.917401
4.125000,0.640374,0.133763,0.384880,0.937319,-0.328981,0.025250,-0.112100,0.073611,1.988386,1.000000,-0.018466,1.917083
4.130000,0.640499,0.133152,0.384883,0.937174,-0.329398,0.025319,-0.112071,0.073611,1.988469,1.000000,-0.020755,1.917160
4.135000,0.640624,0.132542,0.384886,0.937029,-0.329816,0.025387,-0.112043,0.073611,1.988561,1.000000,-0.023056,1.917394
4.140000,0.640750,0.131931,0.384889,0.936884,-0.330233,0.025456,-0.112014,0.073611,1.988662,1.000000,-0.025369,1.917791
4.145000,0.640875,0.131321,0.384892,0.936738,-0.330651,0.025524,-0.111985,0.073611,1.988773,1.000000,-0.027693,1.918350
4.150000,0.641000,0.130710,0.384895,0.936592,-0.331068,0.025593,-0.111956,0.073611,1.988893,1.000000,-0.030030,1.919069
4.155000,0.641125,0.130100,0.384898,0.936446,-0.331485,0.025661,-0.111927,0.073612,1.989023,1.000000,-0.032378,1.919946
4.160000,0.641250,0.129489,0.384901,0.936300,-0.331902,0.025730,-0.111898,0.073612,1.989161,1.000000,-0.034738,1.920980
4.165000,0.641370,0.128884,0.384901,0.936160,-0.332305,0.025801,-0.111858,0.073612,1.989310,1.000000,-0.037063,1.922375
4.170000,0.641491,0.128278,0.384901,0.936020,-0.332707,0.025872,-0.111817,0.073612,1.989467,1.000000,-0.039400,1.923925
4.175000,0.641611,0.127672,0.384900,0.935880,-0.333109,0.025944,-0.111777,0.073612,1.989634,1.000000,-0.041745,1.925629
4.180000,0.641731,0.127066,0.384900,0.935740,-0.333511,0.026015,-0.111736,0.073612,1.989810,1.000000,-0.044095,1.927470
4.185000,0.641851,0.126461,0.384899,0.935599,-0.333914,0.026086,-0.111695,0.073612,1.989996,1.000000,-0.046448,1.929455
4.190000,0.641971,0.125855,0.384899,0.935458,-0.334316,0.026157,-0.111655,0.073613,1.990191,1.000000,-0.048807,1.931595
4.195000,0.642091,0.125249,0.384899,0.935317,-0.334718,0.026229,-0.111614,0.073613,1.990396,1.000000,-0.051171,1.933886
4.200000,0.642207,0.124642,0.384900,0.935185,-0.335102,0.026316,-0.111548,0.073613,1.990610,1.000000,-0.053512,1.936293
4.205000,0.642323,0.124035,0.384902,0.935053,-0.335486,0.026403,-0.111483,0.073613,1.990833,1.000000,-0.055852,1.938849
4.210000,0.642438,0.123428,0.384904,0.934920,-0.335870,0.026489,-0.111418,0.073613,1.991066,1.000000,-0.058189,1.941555
4.215000,0.642554,0.122821,0.384906,0.934788,-0.336254,0.026576,-0.111352,0.073613,1.991308,1.000000,-0.060522,1.944414
4.220000,0.642670,0.122214,0.384908,0.934655,-0.336638,0.026663,-0.111287,0.073614,1.991560,1.000000,-0.062851,1.947423
4.225000,0.642786,0.121607,0.384910,0.934522,-0.337022,0.026750,-0.111221,0.073614,1.991821,1.000000,-0.065179,1.950581
4.230000,0.642902,0.121000,0.384912,0.934388,-0.337405,0.026837,-0.111155,0.073614,1.992091,1.000000,-0.067498,1.953880
4.235000,0.643016,0.120382,0.384912,0.934263,-0.337775,0.026939,-0.111061,0.073614,1.992370,1.000000,-0.069853,1.957558
4.240000,0.643130,0.119764,0.384912,0.934138,-0.338144,0.027041,-0.110966,0.073614,1.992659,1.000000,-0.072201,1.961392
4.245000,0.643243,0.119147,0.384912,0.934012,-0.338514,0.027142,-0.110872,0.073614,1.992957,1.000000,-0.074547,1.965379
4.250000,0.643357,0.118529,0.384912,0.933887,-0.338883,0.027244,-0.110777,0.073614,1.993265,1.000000,-0.076891,1.969519
4.255000,0.643471,0.117911,0.384912,0.933761,-0.339252,0.027346,-0.110683,0.073615,1.993582,1.000000,-0.079242,1.973805
4.260000,0.643584,0.117294,0.384912,0.933635,-0.339621,0.027447,-0.110588,0.073615,1.993908,1.000000,-0.081595,1.978242
4.265000,0.643693,0.116676,0.384908,0.933521,-0.339965,0.027562,-0.110463,0.073615,1.994244,1.000000,-0.083913,1.983026
4.270000,0.643802,0.116059,0.384904,0.933407,-0.340309,0.027676,-0.110339,0.073615,1.994589,1.000000,-0.086227,1.987957
4.275000,0.643912,0.115442,0.384901,0.933293,-0.340653,0.027790,-0.110214,0.073615,1.994944,1.000000,-0.088538,1.993034
4.280000,0.644021,0.114824,0.384897,0.933179,-0.340997,0.027905,-0.110089,0.073615,1.995307,1.000000,-0.090842,1.998237
4.285000,0.644130,0.114207,0.384893,0.933064,-0.341341,0.028019,-0.109964,0.073615,1.995680,1.000000,-0.093145,2.003582
4.290000,0.644239,0.113589,0.384890,0.932950,-0.341685,0.028133,-0.109839,0.073616,1.996062,1.000000,-0.095447,2.009070
4.295000,0.644348,0.112972,0.384886,0.932835,-0.342028,0.028248,-0.109715,0.073616,1.996453,1.000000,-0.097749,2.014699
4.300000,0.644452,0.112354,0.384885,0.932738,-0.342335,0.028387,-0.109546,0.073616,1.996853,1.000000,-0.099997,2.020416
4.305000,0.644557,0.111736,0.384883,0.932641,-0.342642,0.028526,-0.109378,0.073616,1.997262,1.000000,-0.102237,2.026276
4.310000,0.644661,0.111119,0.384882,0.932544,-0.342949,0.028665,-0.109209,0.073616,1.997680,1.000000,-0.104465,2.032274
4.315000,0.644766,0.110501,0.384881,0.932446,-0.343255,0.028805,-0.109041,0.073616,1.998107,1.000000,-0.106684,2.038411
4.320000,0.644870,0.109884,0.384879,0.932349,-0.343562,0.028944,-0.108872,0.073616,1.998543,1.000000,-0.108895,2.044683
4.325000,0.644975,0.109266,0.384878,0.932251,-0.343868,0.029083,-0.108704,0.073617,1.998988,1.000000,-0.111098,2.051087
4.330000,0.645079,0.108648,0.384876,0.932153,-0.344175,0.029222,-0.108535,0.073617,1.999441,1.000000,-0.113289,2.057596
4.335000,0.645177,0.108044,0.384879,0.932078,-0.344431,0.029388,-0.108322,0.073617,1.999903,1.000000,-0.115319,2.063844
4.340000,0.645275,0.107440,0.384882,0.932003,-0.344688,0.029553,-0.108109,0.073617,2.000373,1.000000,-0.117319,2.070215
4.345000,0.645373,0.106836,0.384885,0.931927,-0.344944,0.029718,-0.107896,0.073617,2.000850,1.000000,-0.119293,2.076705
4.350000,0.645471,0.106232,0.384888,0.931852,-0.345201,0.029884,-0.107683,0.073617,2.001336,1.000000,-0.121244,2.083317
4.355000,0.645568,0.105628,0.384891,0.931776,-0.345457,0.030049,-0.107470,0.073617,2.001829,1.000000,-0.123179,2.090062
4.360000,0.645666,0.105024,0.384894,0.931700,-0.345713,0.030214,-0.107257,0.073618,2.002330,1.000000,-0.125095,2.096925
4.365000,0.645764,0.104420,0.384896,0.931624,-0.345970,0.030380,-0.107044,0.073618,2.002838,1.000000,-0.126993,2.103906
4.370000,0.645857,0.103822,0.384898,0.931574,-0.346172,0.030573,-0.106774,0.073618,2.003354,1.000000,-0.128770,2.110962
4.375000,0.645949,0.103223,0.384899,0.931523,-0.346374,0.030766,-0.106504,0.073618,2.003877,1.000000,-0.130511,2.118117
4.380000,0.646042,0.102625,0.384900,0.931472,-0.346577,0.030959,-0.106233,0.073618,2.004406,1.000000,-0.132218,2.125347
4.385000,0.646134,0.102027,0.384902,0.931421,-0.346779,0.031153,-0.105963,0.073618,2.004943,1.000000,-0.133899,2.132683
4.390000,0.646227,0.101428,0.384903,0.931370,-0.346981,0.031346,-0.105693,0.073618,2.005486,1.000000,-0.135558,2.140126
4.395000,0.646320,0.100830,0.384904,0.931319,-0.347183,0.031539,-0.105422,0.073619,2.006035,1.000000,-0.137197,2.147674
4.400000,0.646412,0.100231,0.384906,0.931268,-0.347386,0.031732,-0.105152,0.073619,2.006591,1.000000,-0.138827,2.155333
4.405000,0.646501,0.099628,0.384904,0.931239,-0.347542,0.031953,-0.104822,0.073619,2.007154,1.000000,-0.140434,2.163372
4.410000,0.646590,0.099025,0.384902,0.931210,-0.347698,0.032173,-0.104493,0.073619,2.007723,1.000000,-0.142031,2.171515
4.415000,0.646679,0.098421,0.384900,0.931181,-0.347855,0.032393,-0.104163,0.073619,2.008299,1.000000,-0.143627,2.179762
4.420000,0.646769,0.097818,0.384898,0.931152,-0.348011,0.032614,-0.103834,0.073619,2.008880,1.000000,-0.145229,2.188109
4.425000,0.646858,0.097215,0.384896,0.931122,-0.348167,0.032834,-0.103504,0.073619,2.009469,1.000000,-0.146831,2.196551
4.430000,0.646947,0.096611,0.384894,0.931093,-0.348323,0.033054,-0.103174,0.073620,2.010063,1.000000,-0.148437,2.205083
4.435000,0.647031,0.096016,0.384891,0.931074,-0.348457,0.033285,-0.102815,0.073620,2.010664,1.000000,-0.149964,2.213581
4.440000,0.647115,0.095421,0.384887,0.931056,-0.348590,0.033517,-0.102455,0.073620,2.011271,1.000000,-0.151507,2.222173
4.445000,0.647199,0.094826,0.384884,0.931037,-0.348724,0.033748,-0.102095,0.073620,2.011884,1.000000,-0.153076,2.230855
4.450000,0.647284,0.094231,0.384881,0.931018,-0.348857,0.033979,-0.101736,0.073620,2.012503,1.000000,-0.154666,2.239625
4.455000,0.647368,0.093635,0.384878,0.930999,-0.348990,0.034210,-0.101376,0.073620,2.013129,1.000000,-0.156268,2.248481
4.460000,0.647452,0.093040,0.384875,0.930979,-0.349123,0.034442,-0.101016,0.073620,2.013761,1.000000,-0.157876,2.257425
4.465000,0.647536,0.092445,0.384872,0.930960,-0.349257,0.034673,-0.100656,0.073621,2.014400,1.000000,-0.159488,2.266457
4.470000,0.647612,0.091881,0.384869,0.930948,-0.349372,0.034903,-0.100286,0.073621,2.015044,1.000000,-0.160865,2.274802
4.475000,0.647688,0.091316,0.384866,0.930936,-0.349487,0.035134,-0.099917,0.073621,2.015694,1.000000,-0.162206,2.283219
4.480000,0.647765,0.090752,0.384863,0.930923,-0.349602,0.035364,-0.099547,0.073621,2.016349,1.000000,-0.163518,2.291707
4.485000,0.647841,0.090187,0.384860,0.930911,-0.349717,0.035595,-0.099177,0.073621,2.017009,1.000000,-0.164806,2.300265
4.490000,0.647917,0.089623,0.384857,0.930898,-0.349832,0.035825,-0.098806,0.073621,2.017674,1.000000,-0.166073,2.308889
4.495000,0.647993,0.089058,0.384854,0.930885,-0.349947,0.036056,-0.098436,0.073622,2.018345,1.000000,-0.167322,2.317579
4.500000,0.648069,0.088494,0.384851,0.930872,-0.350062,0.036286,-0.098066,0.073622,2.019020,1.000000,-0.168557,2.326335
4.505000,0.648140,0.087940,0.384848,0.930860,-0.350175,0.036513,-0.097695,0.073622,2.019700,1.000000,-0.169697,2.334868
4.510000,0.648212,0.087386,0.384846,0.930848,-0.350287,0.036740,-0.097324,0.073622,2.020384,1.000000,-0.170816,2.343463
4.515000,0.648283,0.086833,0.384843,0.930835,-0.350399,0.036967,-0.096953,0.073622,2.021073,1.000000,-0.171918,2.352116
4.520000,0.648354,0.086279,0.384841,0.930822,-0.350511,0.037194,-0.096582,0.073622,2.021766,1.000000,-0.173006,2.360827
4.525000,0.648425,0.085726,0.384838,0.930809,-0.350624,0.037421,-0.096211,0.073622,2.022463,1.000000,-0.174085,2.369602
4.530000,0.648496,0.085172,0.384836,0.930796,-0.350736,0.037648,-0.095840,0.073623,2.023165,1.000000,-0.175157,2.378439
4.535000,0.648567,0.084619,0.384834,0.930783,-0.350848,0.037875,-0.095469,0.073623,2.023871,1.000000,-0.176223,2.387335
4.540000,0.648636,0.084064,0.384831,0.930762,-0.350976,0.038090,-0.095116,0.073623,2.024582,1.000000,-0.177297,2.396358
4.545000,0.648704,0.083510,0.384828,0.930741,-0.351104,0.038304,-0.094763,0.073623,2.025296,1.000000,-0.178374,2.405436
4.550000,0.648772,0.082955,0.384825,0.930720,-0.351232,0.038518,-0.094410,0.073623,2.026015,1.000000,-0.179453,2.414551
4.555000,0.648840,0.082401,0.384823,0.930698,-0.351360,0.038733,-0.094058,0.073623,2.026738,1.000000,-0.180536,2.423711
4.560000,0.648908,0.081847,0.384820,0.930677,-0.351488,0.038947,-0.093705,0.073623,2.027466,1.000000,-0.181627,2.432926
4.565000,0.648976,0.081292,0.384817,0.930655,-0.351615,0.039161,-0.093352,0.073624,2.028198,1.000000,-0.182725,2.442191
4.570000,0.649044,0.080738,0.384815,0.930633,-0.351743,0.039376,-0.092999,0.073624,2.028934,1.000000,-0.183833,2.451508
4.575000,0.649106,0.080205,0.384812,0.930607,-0.351877,0.039572,-0.092673,0.073624,2.029674,1.000000,-0.184792,2.460277
4.580000,0.649169,0.079672,0.384810,0.930580,-0.352010,0.039769,-0.092347,0.073624,2.030418,1.000000,-0.185730,2.469099
4.585000,0.649231,0.079139,0.384808,0.930554,-0.352144,0.039966,-0.092020,0.073624,2.031166,1.000000,-0.186655,2.477966
4.590000,0.649294,0.078606,0.384805,0.930527,-0.352277,0.040163,-0.091694,0.073624,2.031918,1.000000,-0.187572,2.486874
4.595000,0.649356,0.078073,0.384803,0.930500,-0.352410,0.040360,-0.091368,0.073624,2.032673,1.000000,-0.188481,2.495823
4.600000,0.649418,0.077540,0.384801,0.930473,-0.352543,0.040557,-0.091041,0.073625,2.033431,1.000000,-0.189379,2.504795
4.605000,0.649475,0.077036,0.384799,0.930442,-0.352681,0.040734,-0.090747,0.073625,2.034193,1.000000,-0.190045,2.512913
4.610000,0.649531,0.076531,0.384797,0.930411,-0.352819,0.040911,-0.090452,0.073625,2.034957,1.000000,-0.190621,2.521064
4.615000,0.649588,0.076027,0.384796,0.930379,-0.352956,0.041088,-0.090157,0.073625,2.035722,1.000000,-0.191125,2.529247
4.620000,0.649644,0.075523,0.384794,0.930348,-0.353094,0.041265,-0.089862,0.073625,2.036490,1.000000,-0.191575,2.537460
4.625000,0.649701,0.075019,0.384792,0.930316,-0.353231,0.041442,-0.089567,0.073625,2.037260,1.000000,-0.191989,2.545708
4.630000,0.649757,0.074514,0.384791,0.930284,-0.353369,0.041619,-0.089272,0.073625,2.038031,1.000000,-0.192372,2.553986
4.635000,0.649814,0.074010,0.384789,0.930252,-0.353506,0.041796,-0.088977,0.073626,2.038804,1.000000,-0.192731,2.562298
4.640000,0.649865,0.073531,0.384787,0.930213,-0.353655,0.041951,-0.088719,0.073626,2.039577,1.000000,-0.192891,2.569886
4.645000,0.649916,0.073051,0.384785,0.930174,-0.353805,0.042105,-0.088460,0.073626,2.040351,1.000000,-0.193001,2.577498
4.650000,0.649967,0.072572,0.384783,0.930135,-0.353954,0.042260,-0.088202,0.073626,2.041125,1.000000,-0.193074,2.585110
4.655000,0.650018,0.072092,0.384781,0.930096,-0.354103,0.042415,-0.087944,0.073626,2.041899,1.000000,-0.193121,2.592745
4.660000,0.650069,0.071612,0.384779,0.930056,-0.354253,0.042570,-0.087685,0.073626,2.042674,1.000000,-0.193150,2.600405
4.665000,0.650120,0.071133,0.384777,0.930016,-0.354402,0.042724,-0.087427,0.073626,2.043449,1.000000,-0.193166,2.608087
4.670000,0.650171,0.070653,0.384775,0.929977,-0.354551,0.042879,-0.087169,0.073627,2.044223,1.000000,-0.193173,2.615792
4.675000,0.650218,0.070188,0.384773,0.929930,-0.354713,0.043016,-0.086939,0.073627,2.044997,1.000000,-0.193071,2.623063
4.680000,0.650265,0.069723,0.384771,0.929883,-0.354875,0.043153,-0.086710,0.073627,2.045771,1.000000,-0.192947,2.630353
4.685000,0.650313,0.069258,0.384769,0.929836,-0.355038,0.043291,-0.086481,0.073627,2.046545,1.000000,-0.192810,2.637665
4.690000,0.650360,0.068792,0.384767,0.929789,-0.355200,0.043428,-0.086252,0.073627,2.047317,1.000000,-0.192669,2.644994
4.695000,0.650407,0.068327,0.384765,0.929742,-0.355362,0.043565,-0.086022,0.073627,2.048089,1.000000,-0.192526,2.652339
4.700000,0.650454,0.067862,0.384763,0.929695,-0.355524,0.043702,-0.085793,0.073627,2.048861,1.000000,-0.192384,2.659662
4.705000,0.650501,0.067397,0.384761,0.929647,-0.355687,0.043840,-0.085564,0.073627,2.049632,1.000000,-0.192249,2.667003
4.710000,0.650546,0.066932,0.384759,0.929589,-0.355871,0.043961,-0.085363,0.073628,2.050402,1.000000,-0.192121,2.674369
4.715000,0.650590,0.066467,0.384758,0.929532,-0.356055,0.044083,-0.085161,0.073628,2.051172,1.000000,-0.192008,2.681753
4.720000,0.650635,0.066002,0.384756,0.929474,-0.356240,0.044204,-0.084960,0.073628,2.051942,1.000000,-0.191915,2.689156
4.725000,0.650680,0.065538,0.384754,0.929415,-0.356424,0.044326,-0.084759,0.073628,2.052711,1.000000,-0.191846,2.696590
4.730000,0.650725,0.065073,0.384752,0.929357,-0.356608,0.044447,-0.084558,0.073628,2.053480,1.000000,-0.191800,2.704042
4.735000,0.650770,0.064608,0.384750,0.929299,-0.356792,0.044568,-0.084356,0.073628,2.054249,1.000000,-0.191777,2.711514
4.740000,0.650814,0.064143,0.384748,0.929241,-0.356976,0.044690,-0.084155,0.073628,2.055018,1.000000,-0.191778,2.719002
4.745000,0.650857,0.063675,0.384747,0.929171,-0.357185,0.044796,-0.083982,0.073629,2.055787,1.000000,-0.191828,2.726634
4.750000,0.650900,0.063207,0.384745,0.929102,-0.357393,0.044903,-0.083809,0.073629,2.056556,1.000000,-0.191915,2.734269
4.755000,0.650943,0.062739,0.384744,0.929032,-0.357601,0.045009,-0.083636,0.073629,2.057326,1.000000,-0.192038,2.741920
4.760000,0.650986,0.062271,0.384742,0.928962,-0.357809,0.045115,-0.083463,0.073629,2.058096,1.000000,-0.192198,2.749592
4.765000,0.651029,0.061803,0.384741,0.928893,-0.358017,0.045221,-0.083290,0.073629,2.058867,1.000000,-0.192394,2.757280
4.770000,0.651072,0.061335,0.384739,0.928823,-0.358225,0.045328,-0.083117,0.073629,2.059639,1.000000,-0.192626,2.764967
4.775000,0.651112,0.060876,0.384738,0.928749,-0.358439,0.045424,-0.082962,0.073629,2.060411,1.000000,-0.192828,2.772335
4.780000,0.651151,0.060416,0.384737,0.928676,-0.358653,0.045521,-0.082807,0.073630,2.061185,1.000000,-0.193050,2.779718
4.785000,0.651191,0.059956,0.384736,0.928602,-0.358867,0.045617,-0.082652,0.073630,2.061959,1.000000,-0.193298,2.787117
4.790000,0.651231,0.059497,0.384735,0.928528,-0.359081,0.045714,-0.082497,0.073630,2.062735,1.000000,-0.193574,2.794532
4.795000,0.651271,0.059037,0.384734,0.928455,-0.359295,0.045811,-0.082343,0.073630,2.063511,1.000000,-0.193881,2.801965
4.800000,0.651311,0.058577,0.384734,0.928381,-0.359509,0.045907,-0.082188,0.073630,2.064289,1.000000,-0.194223,2.809419
4.805000,0.651351,0.058118,0.384733,0.928307,-0.359723,0.046003,-0.082033,0.073630,2.065068,1.000000,-0.194596,2.816889
4.810000,0.651389,0.057663,0.384731,0.928236,-0.359929,0.046099,-0.081877,0.073630,2.065849,1.000000,-0.194962,2.824231
4.815000,0.651426,0.057208,0.384730,0.928165,-0.360136,0.046195,-0.081721,0.073631,2.066632,1.000000,-0.195348,2.831587
4.820000,0.651463,0.056753,0.384728,0.928094,-0.360342,0.046291,-0.081565,0.073631,2.067415,1.000000,-0.195757,2.838942
4.825000,0.651501,0.056298,0.384727,0.928022,-0.360549,0.046387,-0.081409,0.073631,2.068201,1.000000,-0.196190,2.846292
4.830000,0.651538,0.055844,0.384726,0.927951,-0.360755,0.046483,-0.081253,0.073631,2.068988,1.000000,-0.196648,2.853655
4.835000,0.651575,0.055389,0.384724,0.927879,-0.360962,0.046578,-0.081097,0.073631,2.069778,1.000000,-0.197131,2.861034
4.840000,0.651613,0.054934,0.384723,0.927808,-0.361168,0.046674,-0.080941,0.073631,2.070569,1.000000,-0.197640,2.868425
4.845000,0.651648,0.054478,0.384721,0.927735,-0.361378,0.046767,-0.080789,0.073631,2.071362,1.000000,-0.198178,2.875853
4.850000,0.651683,0.054022,0.384720,0.927662,-0.361587,0.046860,-0.080637,0.073631,2.072158,1.000000,-0.198744,2.883260
4.855000,0.651718,0.053566,0.384718,0.927589,-0.361797,0.046953,-0.080485,0.073632,2.072956,1.000000,-0.199338,2.890681
4.860000,0.651753,0.053111,0.384717,0.927515,-0.362006,0.047046,-0.080333,0.073632,2.073756,1.000000,-0.199962,2.898116
4.865000,0.651788,0.052655,0.384715,0.927442,-0.362216,0.047139,-0.080181,0.073632,2.074559,1.000000,-0.200614,2.905562
4.870000,0.651824,0.052199,0.384714,0.927369,-0.362425,0.047232,-0.080029,0.073632,2.075365,1.000000,-0.201298,2.913019
4.875000,0.651859,0.051743,0.384712,0.927295,-0.362634,0.047325,-0.079877,0.073632,2.076173,1.000000,-0.202014,2.920486
4.880000,0.651892,0.051279,0.384710,0.927219,-0.362851,0.047417,-0.079726,0.073632,2.076985,1.000000,-0.202820,2.928292
4.885000,0.651926,0.050815,0.384709,0.927142,-0.363068,0.047509,-0.079574,0.073633,2.077800,1.000000,-0.203678,2.936111
4.890000,0.651959,0.050351,0.384707,0.927065,-0.363285,0.047600,-0.079423,0.073633,2.078618,1.000000,-0.204580,2.943943
4.895000,0.651993,0.049887,0.384705,0.926989,-0.363502,0.047692,-0.079271,0.073633,2.079440,1.000000,-0.205524,2.951772
4.900000,0.652026,0.049423,0.384703,0.926912,-0.363719,0.047783,-0.079120,0.073633,2.080266,1.000000,-0.206504,2.959604
4.905000,0.652060,0.048959,0.384701,0.926835,-0.363936,0.047875,-0.078969,0.073633,2.081096,1.000000,-0.207518,2.967452
4.910000,0.652093,0.048495,0.384699,0.926758,-0.364153,0.047967,-0.078817,0.073633,2.081930,1.000000,-0.208565,2.975313
4.915000,0.652125,0.048019,0.384697,0.926687,-0.364358,0.048072,-0.078638,0.073633,2.082769,1.000000,-0.209739,2.983664
4.920000,0.652158,0.047542,0.384696,0.926616,-0.364564,0.048177,-0.078459,0.073633,2.083613,1.000000,-0.210972,2.991976
4.925000,0.652190,0.047065,0.384694,0.926544,-0.364769,0.048282,-0.078280,0.073634,2.084461,1.000000,-0.212252,3.000278
4.930000,0.652222,0.046588,0.384692,0.926473,-0.364975,0.048387,-0.078100,0.073634,2.085315,1.000000,-0.213572,3.008597
4.935000,0.652254,0.046111,0.384690,0.926402,-0.365180,0.048492,-0.077921,0.073634,2.086174,1.000000,-0.214925,3.016930
4.940000,0.652286,0.045634,0.384689,0.926330,-0.365385,0.048597,-0.077742,0.073634,2.087039,1.000000,-0.216307,3.025277
4.945000,0.652316,0.045157,0.384688,0.926265,-0.365577,0.048711,-0.077544,0.073634,2.087909,1.000000,-0.217720,3.033625
4.950000,0.652346,0.044681,0.384687,0.926200,-0.365768,0.048825,-0.077346,0.073634,2.088785,1.000000,-0.219158,3.041988
4.955000,0.652376,0.044204,0.384686,0.926135,-0.365959,0.048939,-0.077148,0.073634,2.089667,1.000000,-0.220615,3.050368
4.960000,0.652406,0.043727,0.384685,0.926070,-0.366151,0.049053,-0.076950,0.073635,2.090554,1.000000,-0.222089,3.058762
4.965000,0.652436,0.043250,0.384684,0.926005,-0.366342,0.049167,-0.076752,0.073635,2.091448,1.000000,-0.223577,3.067169
4.970000,0.652466,0.042773,0.384683,0.925940,-0.366533,0.049281,-0.076554,0.073635,2.092348,1.000000,-0.225077,3.075575
4.975000,0.652496,0.042297,0.384682,0.925874,-0.366724,0.049395,-0.076357,0.073635,2.093253,1.000000,-0.226589,3.083991
4.980000,0.652522,0.041839,0.384680,0.925813,-0.366905,0.049505,-0.076160,0.073635,2.094164,1.000000,-0.227968,3.091750
4.985000,0.652548,0.041381,0.384678,0.925752,-0.367085,0.049615,-0.075964,0.073635,2.095081,1.000000,-0.229307,3.099519
4.990000,0.652575,0.040924,0.384676,0.925690,-0.367266,0.049725,-0.075768,0.073635,2.096003,1.000000,-0.230619,3.107299
4.995000,0.652601,0.040466,0.384674,0.925629,-0.367446,0.049835,-0.075572,0.073635,2.096930,1.000000,-0.231910,3.115058
5.000000,0.652627,0.040008,0.384672,0.925567,-0.367626,0.049945,-0.075376,0.073636,2.097862,1.000000,-0.233187,3.122822
5.005000,0.652653,0.039551,0.384670,0.925506,-0.367807,0.050055,-0.075180,0.073636,2.098800,1.000000,-0.234453,3.130601
5.010000,0.652680,0.039093,0.384667,0.925444,-0.367987,0.050165,-0.074983,0.073636,2.099742,1.000000,-0.235708,3.138389
5.015000,0.652703,0.038641,0.384665,0.925384,-0.368163,0.050274,-0.074786,0.073636,2.100689,1.000000,-0.236909,3.145957
5.020000,0.652727,0.038190,0.384663,0.925324,-0.368340,0.050383,-0.074589,0.073636,2.101641,1.000000,-0.238086,3.153515
5.025000,0.652751,0.037739,0.384661,0.925263,-0.368516,0.050492,-0.074392,0.073636,2.102598,1.000000,-0.239245,3.161081
5.030000,0.652775,0.037287,0.384659,0.925203,-0.368693,0.050600,-0.074195,0.073636,2.103559,1.000000,-0.240389,3.168660
5.035000,0.652798,0.036836,0.384657,0.925142,-0.368869,0.050709,-0.073998,0.073637,2.104525,1.000000,-0.241519,3.176248
5.040000,0.652822,0.036385,0.384655,0.925082,-0.369046,0.050818,-0.073801,0.073637,2.105495,1.000000,-0.242638,3.183846
5.045000,0.652846,0.035933,0.384653,0.925021,-0.369222,0.050927,-0.073604,0.073637,2.106470,1.000000,-0.243742,3.191392
5.050000,0.652868,0.035481,0.384652,0.924950,-0.369421,0.051023,-0.073435,0.073637,2.107449,1.000000,-0.244835,3.198950
5.055000,0.652889,0.035030,0.384651,0.924879,-0.369619,0.051118,-0.073266,0.073637,2.108432,1.000000,-0.245919,3.206519
5.060000,0.652911,0.034578,0.384650,0.924807,-0.369818,0.051214,-0.073098,0.073637,2.109420,1.000000,-0.246998,3.214098
5.065000,0.652933,0.034126,0.384649,0.924736,-0.370017,0.051309,-0.072929,0.073637,2.110412,1.000000,-0.248073,3.221688
5.070000,0.652955,0.033674,0.384647,0.924664,-0.370215,0.051405,-0.072760,0.073637,2.111408,1.000000,-0.249151,3.229303
5.075000,0.652977,0.033223,0.384646,0.924593,-0.370414,0.051501,-0.072591,0.073638,2.112409,1.000000,-0.250228,3.236927
5.080000,0.652999,0.032771,0.384645,0.924521,-0.370613,0.051596,-0.072422,0.073638,2.113414,1.000000,-0.251304,3.244563
5.085000,0.653018,0.032324,0.384644,0.924434,-0.370843,0.051668,-0.072300,0.073638,2.114423,1.000000,-0.252331,3.252054
5.090000,0.653038,0.031877,0.384642,0.924348,-0.371073,0.051740,-0.072179,0.073638,2.115436,1.000000,-0.253340,3.259553
5.095000,0.653057,0.031430,0.384641,0.924261,-0.371302,0.051812,-0.072058,0.073638,2.116454,1.000000,-0.254343,3.267054
5.100000,0.653077,0.030983,0.384639,0.924174,-0.371532,0.051884,-0.071937,0.073638,2.117475,1.000000,-0.255344,3.274562
5.105000,0.653096,0.030536,0.384638,0.924087,-0.371762,0.051955,-0.071815,0.073638,2.118500,1.000000,-0.256348,3.282082
5.110000,0.653116,0.030089,0.384636,0.923999,-0.371992,0.052027,-0.071694,0.073639,2.119529,1.000000,-0.257357,3.289611
5.115000,0.653133,0.029643,0.384635,0.923905,-0.372236,0.052089,-0.071593,0.073639,2.120563,1.000000,-0.258357,3.297109
5.120000,0.653151,0.029197,0.384633,0.923811,-0.372481,0.052151,-0.071492,0.073639,2.121600,1.000000,-0.259355,3.304554
5.125000,0.653168,0.028751,0.384632,0.923717,-0.372725,0.052213,-0.071391,0.073639,2.122641,1.000000,-0.260357,3.312007
5.130000,0.653185,0.028305,0.384630,0.923623,-0.372969,0.052275,-0.071290,0.073639,2.123686,1.000000,-0.261365,3.319471
5.135000,0.653203,0.027859,0.384629,0.923529,-0.373213,0.052337,-0.071190,0.073639,2.124736,1.000000,-0.262381,3.326943
5.140000,0.653220,0.027413,0.384627,0.923434,-0.373457,0.052399,-0.071089,0.073639,2.125789,1.000000,-0.263405,3.334432
5.145000,0.653238,0.026967,0.384626,0.923340,-0.373701,0.052461,-0.070988,0.073639,2.126847,1.000000,-0.264439,3.341955
5.150000,0.653253,0.026536,0.384625,0.923248,-0.373938,0.052519,-0.070892,0.073640,2.127908,1.000000,-0.265351,3.348849
5.155000,0.653267,0.026106,0.384624,0.923155,-0.374176,0.052578,-0.070797,0.073640,2.128973,1.000000,-0.266222,3.355752
5.160000,0.653282,0.025676,0.384623,0.923063,-0.374413,0.052637,-0.070701,0.073640,2.130041,1.000000,-0.267063,3.362662
5.165000,0.653297,0.025246,0.384623,0.922971,-0.374650,0.052696,-0.070606,0.073640,2.131113,1.000000,-0.267880,3.369558
5.170000,0.653312,0.024816,0.384622,0.922878,-0.374888,0.052755,-0.070510,0.073640,2.132187,1.000000,-0.268679,3.376420
5.175000,0.653327,0.024386,0.384621,0.922786,-0.375125,0.052814,-0.070415,0.073640,2.133265,1.000000,-0.269464,3.383288
5.180000,0.653341,0.023956,0.384620,0.922693,-0.375362,0.052873,-0.070319,0.073640,2.134346,1.000000,-0.270239,3.390166
5.185000,0.653354,0.023543,0.384619,0.922602,-0.375594,0.052927,-0.070232,0.073640,2.135430,1.000000,-0.270860,3.396346
5.190000,0.653366,0.023131,0.384619,0.922511,-0.375826,0.052981,-0.070145,0.073641,2.136516,1.000000,-0.271420,3.402543
5.195000,0.653379,0.022719,0.384618,0.922420,-0.376058,0.053034,-0.070058,0.073641,2.137604,1.000000,-0.271937,3.408762
5.200000,0.653391,0.022307,0.384617,0.922329,-0.376290,0.053088,-0.069971,0.073641,2.138694,1.000000,-0.272418,3.414986
5.205000,0.653403,0.021894,0.384616,0.922238,-0.376522,0.053142,-0.069884,0.073641,2.139786,1.000000,-0.272872,3.421218
5.210000,0.653416,0.021482,0.384615,0.922147,-0.376754,0.053195,-0.069797,0.073641,2.140880,1.000000,-0.273303,3.427454
5.215000,0.653428,0.021070,0.384614,0.922056,-0.376986,0.053249,-0.069710,0.073641,2.141975,1.000000,-0.273715,3.433685
5.220000,0.653438,0.020670,0.384613,0.921962,-0.377221,0.053294,-0.069640,0.073641,2.143072,1.000000,-0.274004,3.439408
5.225000,0.653448,0.020271,0.384612,0.921869,-0.377457,0.053339,-0.069569,0.073641,2.144169,1.000000,-0.274239,3.445138
5.230000,0.653458,0.019872,0.384612,0.921775,-0.377692,0.053385,-0.069498,0.073642,2.145268,1.000000,-0.274435,3.450872
5.235000,0.653469,0.019472,0.384611,0.921681,-0.377928,0.053430,-0.069427,0.073642,2.146367,1.000000,-0.274601,3.456610
5.240000,0.653479,0.019073,0.384610,0.921587,-0.378163,0.053475,-0.069356,0.073642,2.147467,1.000000,-0.274744,3.462345
5.245000,0.653489,0.018673,0.384609,0.921493,-0.378398,0.053520,-0.069286,0.073642,2.148567,1.000000,-0.274869,3.468078
5.250000,0.653499,0.018274,0.384608,0.921399,-0.378634,0.053565,-0.069215,0.073642,2.149668,1.000000,-0.274979,3.473818
5.255000,0.653507,0.017883,0.384607,0.921302,-0.378874,0.053603,-0.069161,0.073642,2.150769,1.000000,-0.275001,3.479209
5.260000,0.653516,0.017493,0.384606,0.921206,-0.379114,0.053640,-0.069107,0.073642,2.151870,1.000000,-0.274983,3.484603
5.265000,0.653524,0.017103,0.384605,0.921109,-0.379354,0.053677,-0.069053,0.073643,2.152971,1.000000,-0.274935,3.489978
5.270000,0.653532,0.016712,0.384604,0.921012,-0.379594,0.053714,-0.068999,0.073643,2.154072,1.000000,-0.274867,3.495341
5.275000,0.653541,0.016322,0.384603,0.920915,-0.379834,0.053751,-0.068945,0.073643,2.155172,1.000000,-0.274787,3.500711
5.280000,0.653549,0.015931,0.384602,0.920817,-0.380074,0.053788,-0.068891,0.073643,2.156272,1.000000,-0.274698,3.506083
5.285000,0.653556,0.015544,0.384601,0.920718,-0.380318,0.053821,-0.068846,0.073643,2.157371,1.000000,-0.274572,3.511324
5.290000,0.653563,0.015157,0.384600,0.920619,-0.380562,0.053853,-0.068802,0.073643,2.158470,1.000000,-0.274432,3.516582
5.295000,0.653569,0.014770,0.384599,0.920519,-0.380805,0.053886,-0.068758,0.073643,2.159568,1.000000,-0.274282,3.521851
5.300000,0.653576,0.014383,0.384599,0.920420,-0.381049,0.053918,-0.068714,0.073643,2.160666,1.000000,-0.274124,3.527126
5.305000,0.653583,0.013996,0.384598,0.920320,-0.381293,0.053951,-0.068670,0.073644,2.161763,1.000000,-0.273960,3.532404
5.310000,0.653590,0.013610,0.384597,0.920221,-0.381536,0.053983,-0.068626,0.073644,2.162860,1.000000,-0.273793,3.537684
5.315000,0.653596,0.013223,0.384596,0.920121,-0.381780,0.054016,-0.068582,0.073644,2.163955,1.000000,-0.273624,3.542967
5.320000,0.653601,0.012841,0.384595,0.920023,-0.382020,0.054048,-0.068538,0.073644,2.165050,1.000000,-0.273410,3.548028
5.325000,0.653606,0.012460,0.384594,0.919925,-0.382259,0.054079,-0.068495,0.073644,2.166144,1.000000,-0.273182,3.553095
5.330000,0.653611,0.012079,0.384594,0.919827,-0.382499,0.054111,-0.068451,0.073644,2.167237,1.000000,-0.272945,3.558165
5.335000,0.653616,0.011698,0.384593,0.919728,-0.382738,0.054143,-0.068408,0.073644,2.168329,1.000000,-0.272705,3.563237
5.340000,0.653621,0.011316,0.384592,0.919630,-0.382978,0.054175,-0.068364,0.073644,2.169420,1.000000,-0.272460,3.568273
5.345000,0.653626,0.010935,0.384592,0.919532,-0.383217,0.054206,-0.068320,0.073645,2.170511,1.000000,-0.272217,3.573303
5.350000,0.653631,0.010554,0.384591,0.919433,-0.383457,0.054238,-0.068277,0.073645,2.171600,1.000000,-0.271980,3.578338
5.355000,0.653634,0.010187,0.384590,0.919342,-0.383680,0.054271,-0.068228,0.073645,2.172688,1.000000,-0.271633,3.582802
5.360000,0.653637,0.009820,0.384589,0.919250,-0.383904,0.054304,-0.068179,0.073645,2.173774,1.000000,-0.271247,3.587268
5.365000,0.653641,0.009453,0.384587,0.919158,-0.384127,0.054337,-0.068131,0.073645,2.174859,1.000000,-0.270839,3.591776
5.370000,0.653644,0.009086,0.384586,0.919067,-0.384350,0.054370,-0.068082,0.073645,2.175942,1.000000,-0.270416,3.596292
5.375000,0.653647,0.008719,0.384585,0.918975,-0.384574,0.054403,-0.068033,0.073645,2.177023,1.000000,-0.269983,3.600812
5.380000,0.653650,0.008352,0.384584,0.918883,-0.384797,0.054436,-0.067984,0.073645,2.178103,1.000000,-0.269546,3.605335
5.385000,0.653653,0.007985,0.384583,0.918791,-0.385021,0.054469,-0.067936,0.073646,2.179181,1.000000,-0.269107,3.609859
5.390000,0.653655,0.007633,0.384582,0.918704,-0.385233,0.054501,-0.067887,0.073646,2.180257,1.000000,-0.268553,3.613775
5.395000,0.653657,0.007281,0.384581,0.918616,-0.385446,0.054534,-0.067839,0.073646,2.181330,1.000000,-0.267955,3.617692
5.400000,0.653659,0.006929,0.384580,0.918528,-0.385659,0.054566,-0.067790,0.073646,2.182401,1.000000,-0.267328,3.621614
5.405000,0.653661,0.006577,0.384579,0.918441,-0.385871,0.054598,-0.067741,0.073646,2.183470,1.000000,-0.266684,3.625536
5.410000,0.653663,0.006224,0.384578,0.918353,-0.386084,0.054631,-0.067693,0.073646,2.184535,1.000000,-0.266029,3.629460
5.415000,0.653664,0.005872,0.384577,0.918265,-0.386297,0.054663,-0.067644,0.073646,2.185599,1.000000,-0.265366,3.633349
5.420000,0.653666,0.005520,0.384576,0.918177,-0.386509,0.054695,-0.067596,0.073646,2.186659,1.000000,-0.264702,3.637238
5.425000,0.653667,0.005173,0.384575,0.918088,-0.386724,0.054724,-0.067554,0.073647,2.187717,1.000000,-0.264002,3.640920
5.430000,0.653667,0.004826,0.384575,0.917999,-0.386940,0.054753,-0.067513,0.073647,2.188772,1.000000,-0.263291,3.644603
5.435000,0.653668,0.004479,0.384574,0.917909,-0.387155,0.054783,-0.067471,0.073647,2.189824,1.000000,-0.262577,3.648290
5.440000,0.653668,0.004132,0.384573,0.917820,-0.387370,0.054812,-0.067429,0.073647,2.190873,1.000000,-0.261869,3.652017
5.445000,0.653669,0.003785,0.384573,0.917730,-0.387585,0.054841,-0.067388,0.073647,2.191920,1.000000,-0.261168,3.655746
5.450000,0.653669,0.003438,0.384572,0.917641,-0.387800,0.054870,-0.067346,0.073647,2.192963,1.000000,-0.260476,3.659478
5.455000,0.653668,0.003093,0.384571,0.917551,-0.388016,0.054895,-0.067311,0.073647,2.194004,1.000000,-0.259772,3.663119
5.460000,0.653667,0.002749,0.384570,0.917461,-0.388231,0.054921,-0.067275,0.073647,2.195042,1.000000,-0.259072,3.666762
5.465000,0.653666,0.002404,0.384569,0.917371,-0.388446,0.054946,-0.067240,0.073648,2.196077,1.000000,-0.258381,3.670408
5.470000,0.653665,0.002060,0.384568,0.917281,-0.388661,0.054972,-0.067204,0.073648,2.197110,1.000000,-0.257704,3.674055
5.475000,0.653664,0.001716,0.384568,0.917191,-0.388876,0.054997,-0.067169,0.073648,2.198139,1.000000,-0.257040,3.677707
5.480000,0.653663,0.001371,0.384567,0.917101,-0.389091,0.055023,-0.067134,0.073648,2.199167,1.000000,-0.256382,3.681359
5.485000,0.653662,0.001027,0.384566,0.917010,-0.389306,0.055048,-0.067098,0.073648,2.200191,1.000000,-0.255732,3.685004
5.490000,0.653658,0.000680,0.384564,0.916921,-0.389521,0.055066,-0.067063,0.073648,2.201213,1.000000,-0.255099,3.688742
5.495000,0.653655,0.000334,0.384561,0.916831,-0.389735,0.055084,-0.067029,0.073648,2.202233,1.000000,-0.254487,3.692481
5.500000,0.653651,-0.000012,0.384559,0.916741,-0.389950,0.055101,-0.066994,0.073648,2.203250,1.000000,-0.253897,3.696224
5.505000,0.653647,-0.000359,0.384557,0.916652,-0.390164,0.055119,-0.066959,0.073649,2.204265,1.000000,-0.253330,3.699967
5.510000,0.653644,-0.000705,0.384555,0.916562,-0.390379,0.055136,-0.066925,0.073649,2.205277,1.000000,-0.252789,3.703721
5.515000,0.653640,-0.001051,0.384553,0.916472,-0.390593,0.055154,-0.066890,0.073649,2.206288,1.000000,-0.252276,3.707501
5.520000,0.653636,-0.001397,0.384550,0.916382,-0.390808,0.055171,-0.066855,0.073649,2.207296,1.000000,-0.251788,3.711282
5.525000,0.653628,-0.001750,0.384545,0.916292,-0.391025,0.055172,-0.066816,0.073649,2.208303,1.000000,-0.251377,3.715440
5.530000,0.653620,-0.002103,0.384539,0.916202,-0.391242,0.055172,-0.066776,0.073649,2.209308,1.000000,-0.251017,3.719598
5.535000,0.653612,-0.002455,0.384533,0.916112,-0.391460,0.055172,-0.066737,0.073649,2.210312,1.000000,-0.250702,3.723758
5.540000,0.653603,-0.002808,0.384527,0.916022,-0.391677,0.055172,-0.066697,0.073649,2.211315,1.000000,-0.250428,3.727922
5.545000,0.653595,-0.003161,0.384522,0.915932,-0.391894,0.055172,-0.066658,0.073649,2.212316,1.000000,-0.250190,3.732086
5.550000,0.653587,-0.003514,0.384516,0.915842,-0.392111,0.055173,-0.066618,0.073650,2.213317,1.000000,-0.249994,3.736254
5.555000,0.653578,-0.003866,0.384510,0.915752,-0.392328,0.055173,-0.066579,0.073650,2.214318,1.000000,-0.249843,3.740423
5.560000,0.653566,-0.004219,0.384500,0.915663,-0.392546,0.055157,-0.066538,0.073650,2.215317,1.000000,-0.249736,3.744720
5.565000,0.653554,-0.004573,0.384490,0.915573,-0.392764,0.055141,-0.066498,0.073650,2.216317,1.000000,-0.249668,3.748997
5.570000,0.653542,-0.004926,0.384480,0.915484,-0.392982,0.055126,-0.066457,0.073650,2.217316,1.000000,-0.249634,3.753274
5.575000,0.653529,-0.005279,0.384469,0.915394,-0.393199,0.055110,-0.066417,0.073650,2.218315,1.000000,-0.249632,3.757555
5.580000,0.653517,-0.005632,0.384459,0.915304,-0.393417,0.055095,-0.066376,0.073650,2.219314,1.000000,-0.249659,3.761837
5.585000,0.653505,-0.005985,0.384449,0.915215,-0.393635,0.055079,-0.066336,0.073650,2.220313,1.000000,-0.249715,3.766142
5.590000,0.653493,-0.006339,0.384439,0.915125,-0.393852,0.055063,-0.066295,0.073651,2.221313,1.000000,-0.249798,3.770472
5.595000,0.653478,-0.006690,0.384428,0.915039,-0.394062,0.055043,-0.066251,0.073651,2.222313,1.000000,-0.249891,3.774788
5.600000,0.653463,-0.007042,0.384417,0.914953,-0.394271,0.055023,-0.066208,0.073651,2.223313,1.000000,-0.250003,3.779105
5.605000,0.653449,-0.007394,0.384406,0.914867,-0.394480,0.055003,-0.066164,0.073651,2.224314,1.000000,-0.250133,3.783422
5.610000,0.653434,-0.007746,0.384394,0.914781,-0.394690,0.054983,-0.066120,0.073651,2.225316,1.000000,-0.250283,3.787734
5.615000,0.653419,-0.008098,0.384383,0.914695,-0.394899,0.054963,-0.066076,0.073651,2.226318,1.000000,-0.250451,3.792043
5.620000,0.653404,-0.008450,0.384372,0.914609,-0.395108,0.054943,-0.066033,0.073651,2.227321,1.000000,-0.250639,3.796356
5.625000,0.653387,-0.008808,0.384362,0.914531,-0.395303,0.054927,-0.065971,0.073651,2.228325,1.000000,-0.250889,3.800933
5.630000,0.653371,-0.009166,0.384351,0.914452,-0.395498,0.054911,-0.065909,0.073652,2.229329,1.000000,-0.251179,3.805512
5.635000,0.653354,-0.009525,0.384341,0.914373,-0.395693,0.054895,-0.065847,0.073652,2.230335,1.000000,-0.251500,3.810078
5.640000,0.653337,-0.009883,0.384330,0.914294,-0.395888,0.054879,-0.065785,0.073652,2.231343,1.000000,-0.251845,3.814636
5.645000,0.653320,-0.010242,0.384320,0.914215,-0.396083,0.054863,-0.065723,0.073652,2.232352,1.000000,-0.252214,3.819198
5.650000,0.653303,-0.010600,0.384309,0.914136,-0.396278,0.054846,-0.065661,0.073652,2.233362,1.000000,-0.252602,3.823760
5.655000,0.653286,-0.010958,0.384299,0.914057,-0.396473,0.054830,-0.065600,0.073652,2.234374,1.000000,-0.253007,3.828323
5.660000,0.653266,-0.011330,0.384287,0.913987,-0.396651,0.054823,-0.065500,0.073652,2.235388,1.000000,-0.253540,3.833507
5.665000,0.653246,-0.011701,0.384275,0.913917,-0.396829,0.054816,-0.065401,0.073652,2.236404,1.000000,-0.254145,3.838703
5.670000,0.653226,-0.012072,0.384263,0.913847,-0.397008,0.054808,-0.065302,0.073652,2.237423,1.000000,-0.254802,3.843903
5.675000,0.653206,-0.012444,0.384251,0.913777,-0.397186,0.054801,-0.065202,0.073653,2.238445,1.000000,-0.255499,3.849103
5.680000,0.653186,-0.012815,0.384238,0.913707,-0.397364,0.054793,-0.065103,0.073653,2.239469,1.000000,-0.256225,3.854304
5.685000,0.653166,-0.013187,0.384226,0.913637,-0.397543,0.054786,-0.065004,0.073653,2.240496,1.000000,-0.256978,3.859510
5.690000,0.653145,-0.013558,0.384214,0.913567,-0.397721,0.054779,-0.064905,0.073653,2.241527,1.000000,-0.257751,3.864719
5.695000,0.653123,-0.013940,0.384201,0.913517,-0.397860,0.054794,-0.064739,0.073653,2.242561,1.000000,-0.258650,3.870443
5.700000,0.653100,-0.014323,0.384187,0.913467,-0.398000,0.054809,-0.064573,0.073653,2.243598,1.000000,-0.259627,3.876168
5.705000,0.653077,-0.014705,0.384173,0.913417,-0.398139,0.054824,-0.064407,0.073653,2.244640,1.000000,-0.260655,3.881895
5.710000,0.653054,-0.015088,0.384160,0.913368,-0.398278,0.054839,-0.064241,0.073653,2.245686,1.000000,-0.261713,3.887594
5.715000,0.653031,-0.015471,0.384146,0.913318,-0.398417,0.054854,-0.064075,0.073653,2.246736,1.000000,-0.262794,3.893288
5.720000,0.653008,-0.015853,0.384133,0.913268,-0.398557,0.054869,-0.063909,0.073654,2.247791,1.000000,-0.263889,3.898985
5.725000,0.652985,-0.016236,0.384119,0.913217,-0.398696,0.054884,-0.063743,0.073654,2.248850,1.000000,-0.264995,3.904684
5.730000,0.652961,-0.016633,0.384106,0.913195,-0.398779,0.054939,-0.063500,0.073654,2.249913,1.000000,-0.266231,3.910965
5.735000,0.652938,-0.017030,0.384093,0.913172,-0.398862,0.054994,-0.063256,0.073654,2.250982,1.000000,-0.267547,3.917296
5.740000,0.652914,-0.017427,0.384081,0.913149,-0.398945,0.055048,-0.063012,0.073654,2.252056,1.000000,-0.268909,3.923635
5.745000,0.652890,-0.017823,0.384068,0.913126,-0.399029,0.055103,-0.062769,0.073654,2.253136,1.000000,-0.270296,3.929979
5.750000,0.652867,-0.018220,0.384055,0.913104,-0.399112,0.055157,-0.062525,0.073654,2.254222,1.000000,-0.271695,3.936324
5.755000,0.652843,-0.018617,0.384042,0.913081,-0.399195,0.055212,-0.062282,0.073654,2.255312,1.000000,-0.273094,3.942671
5.760000,0.652819,-0.019014,0.384029,0.913058,-0.399278,0.055267,-0.062038,0.073655,2.256409,1.000000,-0.274432,3.949014
5.765000,0.652797,-0.019426,0.384020,0.913062,-0.399302,0.055373,-0.061717,0.073655,2.257511,1.000000,-0.275837,3.955925
5.770000,0.652775,-0.019839,0.384010,0.913067,-0.399326,0.055479,-0.061396,0.073655,2.258619,1.000000,-0.277312,3.962842
5.775000,0.652752,-0.020251,0.384001,0.913072,-0.399349,0.055585,-0.061075,0.073655,2.259732,1.000000,-0.278860,3.969762
5.780000,0.652730,-0.020664,0.383992,0.913076,-0.399373,0.055691,-0.060754,0.073655,2.260853,1.000000,-0.280477,3.976684
5.785000,0.652707,-0.021076,0.383982,0.913081,-0.399397,0.055798,-0.060433,0.073655,2.261980,1.000000,-0.282155,3.983577
5.790000,0.652685,-0.021489,0.383973,0.913085,-0.399421,0.055904,-0.060112,0.073655,2.263113,1.000000,-0.283888,3.990472
5.795000,0.652665,-0.021904,0.383968,0.913109,-0.399401,0.056057,-0.059729,0.073655,2.264254,1.000000,-0.285700,3.997352
5.800000,0.652645,-0.022319,0.383964,0.913134,-0.399381,0.056211,-0.059346,0.073655,2.265402,1.000000,-0.287580,4.004235
5.805000,0.652625,-0.022734,0.383960,0.913158,-0.399361,0.056364,-0.058963,0.073656,2.266558,1.000000,-0.289514,4.011124
5.810000,0.652604,-0.023148,0.383956,0.913182,-0.399340,0.056518,-0.058579,0.073656,2.267722,1.000000,-0.291494,4.018053
5.815000,0.652584,-0.023563,0.383951,0.913206,-0.399320,0.056671,-0.058196,0.073656,2.268894,1.000000,-0.293507,4.024987
5.820000,0.652564,-0.023978,0.383947,0.913230,-0.399300,0.056825,-0.057813,0.073656,2.270074,1.000000,-0.295546,4.031926
5.825000,0.652544,-0.024393,0.383943,0.913253,-0.399279,0.056978,-0.057430,0.073656,2.271262,1.000000,-0.297604,4.038869
5.830000,0.652524,-0.024806,0.383941,0.913290,-0.399230,0.057164,-0.056991,0.073656,2.272458,1.000000,-0.299695,4.045653
5.835000,0.652504,-0.025219,0.383940,0.913327,-0.399181,0.057350,-0.056552,0.073656,2.273663,1.000000,-0.301811,4.052421
5.840000,0.652485,-0.025631,0.383939,0.913364,-0.399132,0.057536,-0.056114,0.073656,2.274877,1.000000,-0.303945,4.059192
5.845000,0.652465,-0.026044,0.383938,0.913401,-0.399083,0.057722,-0.055675,0.073656,2.276098,1.000000,-0.306082,4.065970
5.850000,0.652445,-0.026457,0.383936,0.913437,-0.399034,0.057908,-0.055236,0.073657,2.277329,1.000000,-0.308212,4.072751
5.855000,0.652426,-0.026870,0.383935,0.913473,-0.398985,0.058094,-0.054798,0.073657,2.278568,1.000000,-0.310328,4.079546
5.860000,0.652406,-0.027282,0.383934,0.913509,-0.398935,0.058280,-0.054359,0.073657,2.279816,1.000000,-0.312424,4.086377
5.865000,0.652385,-0.027699,0.383933,0.913558,-0.398861,0.058488,-0.053864,0.073657,2.281072,1.000000,-0.314577,4.093410
5.870000,0.652364,-0.028116,0.383931,0.913606,-0.398786,0.058696,-0.053368,0.073657,2.282336,1.000000,-0.316746,4.100451
5.875000,0.652343,-0.028533,0.383930,0.913654,-0.398712,0.058904,-0.052872,0.073657,2.283610,1.000000,-0.318914,4.107495
5.880000,0.652321,-0.028950,0.383929,0.913702,-0.398637,0.059112,-0.052377,0.073657,2.284892,1.000000,-0.321066,4.114537
5.885000,0.652300,-0.029367,0.383927,0.913749,-0.398562,0.059320,-0.051881,0.073657,2.286182,1.000000,-0.323194,4.121565
5.890000,0.652279,-0.029785,0.383926,0.913797,-0.398487,0.059528,-0.051386,0.073657,2.287481,1.000000,-0.325294,4.128597
5.895000,0.652258,-0.030202,0.383925,0.913844,-0.398412,0.059735,-0.050890,0.073658,2.288789,1.000000,-0.327362,4.135637
5.900000,0.652235,-0.030624,0.383923,0.913898,-0.398321,0.059955,-0.050360,0.073658,2.290105,1.000000,-0.329472,4.142930
5.905000,0.652212,-0.031047,0.383922,0.913952,-0.398230,0.060175,-0.049830,0.073658,2.291429,1.000000,-0.331583,4.150232
5.910000,0.652189,-0.031470,0.383921,0.914006,-0.398139,0.060394,-0.049300,0.073658,2.292762,1.000000,-0.333683,4.157548
5.915000,0.652167,-0.031893,0.383920,0.914060,-0.398047,0.060614,-0.048770,0.073658,2.294103,1.000000,-0.335761,4.164868
5.920000,0.652144,-0.032315,0.383919,0.914113,-0.397956,0.060834,-0.048240,0.073658,2.295452,1.000000,-0.337810,4.172195
5.925000,0.652121,-0.032738,0.383917,0.914166,-0.397864,0.061053,-0.047711,0.073658,2.296810,1.000000,-0.339827,4.179527
5.930000,0.652098,-0.033161,0.383916,0.914219,-0.397772,0.061273,-0.047181,0.073658,2.298175,1.000000,-0.341809,4.186856
5.935000,0.652073,-0.033592,0.383916,0.914272,-0.397679,0.061495,-0.046640,0.073658,2.299549,1.000000,-0.343836,4.194527
5.940000,0.652048,-0.034023,0.383916,0.914325,-0.397586,0.061717,-0.046100,0.073658,2.300931,1.000000,-0.345863,4.202203
5.945000,0.652023,-0.034454,0.383916,0.914378,-0.397493,0.061939,-0.045559,0.073659,2.302321,1.000000,-0.347877,4.209887
5.950000,0.651998,-0.034885,0.383916,0.914430,-0.397399,0.062161,-0.045019,0.073659,2.303718,1.000000,-0.349871,4.217575
5.955000,0.651973,-0.035316,0.383916,0.914482,-0.397306,0.062382,-0.044479,0.073659,2.305124,1.000000,-0.351840,4.225283
5.960000,0.651947,-0.035747,0.383916,0.914534,-0.397212,0.062604,-0.043938,0.073659,2.306538,1.000000,-0.353782,4.233008
5.965000,0.651920,-0.036189,0.383916,0.914573,-0.397146,0.062814,-0.043421,0.073659,2.307960,1.000000,-0.355778,4.241245
5.970000,0.651892,-0.036632,0.383917,0.914612,-0.397080,0.063024,-0.042904,0.073659,2.309389,1.000000,-0.357781,4.249487
5.975000,0.651864,-0.037074,0.383917,0.914651,-0.397013,0.063233,-0.042387,0.073659,2.310827,1.000000,-0.359777,4.257734
5.980000,0.651836,-0.037517,0.383917,0.914689,-0.396946,0.063443,-0.041869,0.073659,2.312272,1.000000,-0.361757,4.265979
5.985000,0.651808,-0.037959,0.383917,0.914727,-0.396880,0.063653,-0.041352,0.073659,2.313726,1.000000,-0.363719,4.274225
5.990000,0.651781,-0.038402,0.383917,0.914764,-0.396813,0.063862,-0.040835,0.073660,2.315187,1.000000,-0.365661,4.282478
5.995000,0.651753,-0.038844,0.383917,0.914802,-0.396746,0.064072,-0.040318,0.073660,2.316656,1.000000,-0.367581,4.290736
6.000000,0.651723,-0.039290,0.383917,0.914816,-0.396730,0.064253,-0.039864,0.073660,2.318133,1.000000,-0.369443,4.299156
6.005000,0.651693,-0.039735,0.383916,0.914829,-0.396715,0.064435,-0.039410,0.073660,2.319617,1.000000,-0.371267,4.307592
6.010000,0.651663,-0.040181,0.383915,0.914843,-0.396699,0.064616,-0.038956,0.073660,2.321108,1.000000,-0.373057,4.316037
6.015000,0.651633,-0.040626,0.383915,0.914856,-0.396683,0.064798,-0.038503,0.073660,2.322606,1.000000,-0.374816,4.324488
6.020000,0.651603,-0.041072,0.383914,0.914869,-0.396667,0.064979,-0.038049,0.073660,2.324111,1.000000,-0.376547,4.332943
6.025000,0.651573,-0.041517,0.383913,0.914882,-0.396651,0.065160,-0.037595,0.073660,2.325623,1.000000,-0.378254,4.341402
6.030000,0.651543,-0.041963,0.383913,0.914894,-0.396635,0.065342,-0.037141,0.073660,2.327142,1.000000,-0.379937,4.349861
6.035000,0.651511,-0.042403,0.383912,0.914881,-0.396676,0.065489,-0.036768,0.073661,2.328667,1.000000,-0.381456,4.358100
6.040000,0.651480,-0.042843,0.383910,0.914868,-0.396717,0.065636,-0.036395,0.073661,2.330198,1.000000,-0.382894,4.366346
6.045000,0.651448,-0.043283,0.383909,0.914854,-0.396758,0.065783,-0.036021,0.073661,2.331735,1.000000,-0.384269,4.374594
6.050000,0.651416,-0.043723,0.383908,0.914840,-0.396799,0.065930,-0.035648,0.073661,2.333277,1.000000,-0.385597,4.382844
6.055000,0.651384,-0.044163,0.383907,0.914827,-0.396840,0.066078,-0.035274,0.073661,2.334824,1.000000,-0.386888,4.391105
6.060000,0.651352,-0.044603,0.383906,0.914813,-0.396881,0.066225,-0.034901,0.073661,2.336376,1.000000,-0.388148,4.399369
6.065000,0.651321,-0.045043,0.383904,0.914798,-0.396921,0.066372,-0.034528,0.073661,2.337934,1.000000,-0.389383,4.407638
6.070000,0.651287,-0.045478,0.383904,0.914762,-0.397012,0.066491,-0.034223,0.073661,2.339495,1.000000,-0.390476,4.415704
6.075000,0.651254,-0.045914,0.383904,0.914725,-0.397103,0.066611,-0.033919,0.073661,2.341061,1.000000,-0.391496,4.423774
6.080000,0.651220,-0.046350,0.383904,0.914688,-0.397194,0.066731,-0.033615,0.073661,2.342631,1.000000,-0.392467,4.431886
6.085000,0.651187,-0.046785,0.383904,0.914651,-0.397285,0.066850,-0.033311,0.073662,2.344205,1.000000,-0.393397,4.440001
6.090000,0.651154,-0.047221,0.383904,0.914614,-0.397375,0.066970,-0.033006,0.073662,2.345782,1.000000,-0.394296,4.448121
6.095000,0.651120,-0.047656,0.383904,0.914577,-0.397466,0.067089,-0.032702,0.073662,2.347363,1.000000,-0.395171,4.456243
6.100000,0.651087,-0.048092,0.383904,0.914539,-0.397556,0.067209,-0.032398,0.073662,2.348948,1.000000,-0.396026,4.464366
6.105000,0.651052,-0.048525,0.383905,0.914485,-0.397685,0.067308,-0.032145,0.073662,2.350535,1.000000,-0.396776,4.472329
6.110000,0.651017,-0.048957,0.383906,0.914431,-0.397813,0.067407,-0.031892,0.073662,2.352126,1.000000,-0.397474,4.480294
6.115000,0.650982,-0.049390,0.383906,0.914377,-0.397941,0.067505,-0.031639,0.073662,2.353719,1.000000,-0.398136,4.488265
6.120000,0.650947,-0.049823,0.383907,0.914323,-0.398069,0.067604,-0.031386,0.073662,2.355314,1.000000,-0.398772,4.496237
6.125000,0.650912,-0.050255,0.383908,0.914268,-0.398197,0.067703,-0.031134,0.073662,2.356912,1.000000,-0.399389,4.504218
6.130000,0.650877,-0.050688,0.383908,0.914214,-0.398325,0.067802,-0.030881,0.073662,2.358513,1.000000,-0.399997,4.512248
6.135000,0.650839,-0.051123,0.383908,0.914141,-0.398495,0.067879,-0.030681,0.073663,2.360116,1.000000,-0.400554,4.520403
6.140000,0.650802,-0.051558,0.383908,0.914067,-0.398665,0.067955,-0.030482,0.073663,2.361721,1.000000,-0.401088,4.528563
6.145000,0.650765,-0.051993,0.383908,0.913994,-0.398835,0.068032,-0.030283,0.073663,2.363328,1.000000,-0.401606,4.536724
6.150000,0.650727,-0.052427,0.383907,0.913921,-0.399006,0.068109,-0.030083,0.073663,2.364937,1.000000,-0.402115,4.544880
6.155000,0.650690,-0.052862,0.383907,0.913847,-0.399176,0.068186,-0.029884,0.073663,2.366548,1.000000,-0.402619,4.552999
6.160000,0.650653,-0.053297,0.383907,0.913773,-0.399346,0.068262,-0.029684,0.073663,2.368161,1.000000,-0.403124,4.561119
6.165000,0.650615,-0.053732,0.383907,0.913700,-0.399516,0.068339,-0.029485,0.073663,2.369776,1.000000,-0.403634,4.569245
6.170000,0.650576,-0.054169,0.383907,0.913611,-0.399721,0.068398,-0.029329,0.073663,2.371394,1.000000,-0.404119,4.577469
6.175000,0.650536,-0.054606,0.383906,0.913522,-0.399926,0.068457,-0.029174,0.073663,2.373013,1.000000,-0.404600,4.585700
6.180000,0.650496,-0.055043,0.383906,0.913433,-0.400131,0.068515,-0.029018,0.073663,2.374634,1.000000,-0.405082,4.593949
6.185000,0.650457,-0.055480,0.383905,0.913343,-0.400335,0.068574,-0.028863,0.073664,2.376257,1.000000,-0.405571,4.602199
6.190000,0.650417,-0.055917,0.383905,0.913254,-0.400540,0.068633,-0.028707,0.073664,2.377881,1.000000,-0.406069,4.610455
6.195000,0.650378,-0.056353,0.383904,0.913165,-0.400745,0.068692,-0.028552,0.073664,2.379508,1.000000,-0.406580,4.618712
6.200000,0.650338,-0.056790,0.383904,0.913075,-0.400949,0.068751,-0.028396,0.073664,2.381137,1.000000,-0.407106,4.626973
6.205000,0.650298,-0.057218,0.383904,0.912987,-0.401151,0.068807,-0.028248,0.073664,2.382768,1.000000,-0.407552,4.634844
6.210000,0.650257,-0.057646,0.383904,0.912899,-0.401352,0.068863,-0.028100,0.073664,2.384401,1.000000,-0.407970,4.642717
6.215000,0.650217,-0.058074,0.383905,0.912811,-0.401553,0.068919,-0.027951,0.073664,2.386035,1.000000,-0.408376,4.650594
6.220000,0.650177,-0.058502,0.383905,0.912723,-0.401754,0.068975,-0.027803,0.073664,2.387671,1.000000,-0.408778,4.658473
6.225000,0.650136,-0.058929,0.383905,0.912635,-0.401955,0.069031,-0.027654,0.073664,2.389308,1.000000,-0.409182,4.666356
6.230000,0.650096,-0.059357,0.383905,0.912547,-0.402156,0.069087,-0.027506,0.073664,2.390947,1.000000,-0.409591,4.674247
6.235000,0.650056,-0.059785,0.383905,0.912458,-0.402357,0.069143,-0.027357,0.073665,2.392588,1.000000,-0.410007,4.682139
6.240000,0.650015,-0.060202,0.383906,0.912382,-0.402531,0.069205,-0.027191,0.073665,2.394230,1.000000,-0.410334,4.689541
6.245000,0.649974,-0.060618,0.383906,0.912305,-0.402705,0.069268,-0.027024,0.073665,2.395874,1.000000,-0.410588,4.696944
6.250000,0.649933,-0.061035,0.383907,0.912228,-0.402879,0.069330,-0.026858,0.073665,2.397518,1.000000,-0.410786,4.704355
6.255000,0.649892,-0.061451,0.383907,0.912152,-0.403053,0.069393,-0.026691,0.073665,2.399163,1.000000,-0.410949,4.711777
6.260000,0.649851,-0.061867,0.383908,0.912075,-0.403227,0.069455,-0.026525,0.073665,2.400808,1.000000,-0.411088,4.719201
6.265000,0.649810,-0.062284,0.383908,0.911998,-0.403401,0.069518,-0.026358,0.073665,2.402454,1.000000,-0.411213,4.726629
6.270000,0.649769,-0.062700,0.383909,0.911921,-0.403575,0.069580,-0.026192,0.073665,2.404100,1.000000,-0.411331,4.734058
6.275000,0.649727,-0.063112,0.383909,0.911859,-0.403716,0.069655,-0.025989,0.073665,2.405747,1.000000,-0.411442,4.741306
6.280000,0.649684,-0.063524,0.383909,0.911796,-0.403857,0.069730,-0.025785,0.073665,2.407394,1.000000,-0.411558,4.748553
6.285000,0.649642,-0.063936,0.383909,0.911734,-0.403998,0.069805,-0.025582,0.073665,2.409042,1.000000,-0.411681,4.755801
6.290000,0.649600,-0.064348,0.383909,0.911671,-0.404139,0.069880,-0.025379,0.073666,2.410691,1.000000,-0.411812,4.763054
6.295000,0.649558,-0.064760,0.383909,0.911609,-0.404280,0.069955,-0.025176,0.073666,2.412339,1.000000,-0.411950,4.770308
6.300000,0.649516,-0.065172,0.383910,0.911546,-0.404421,0.070030,-0.024972,0.073666,2.413989,1.000000,-0.412096,4.777571
6.305000,0.649473,-0.065581,0.383910,0.911498,-0.404527,0.070119,-0.024727,0.073666,2.415639,1.000000,-0.412269,4.784718
6.310000,0.649429,-0.065990,0.383911,0.911451,-0.404634,0.070209,-0.024481,0.073666,2.417290,1.000000,-0.412465,4.791870
6.315000,0.649386,-0.066398,0.383911,0.911403,-0.404740,0.070299,-0.024235,0.073666,2.418941,1.000000,-0.412679,4.799022
6.320000,0.649343,-0.066807,0.383912,0.911356,-0.404846,0.070388,-0.023990,0.073666,2.420594,1.000000,-0.412908,4.806176
6.325000,0.649300,-0.067216,0.383912,0.911308,-0.404953,0.070478,-0.023744,0.073666,2.422247,1.000000,-0.413149,4.813354
6.330000,0.649257,-0.067625,0.383913,0.911260,-0.405059,0.070568,-0.023499,0.073666,2.423902,1.000000,-0.413399,4.820549
6.335000,0.649214,-0.068034,0.383913,0.911213,-0.405165,0.070657,-0.023253,0.073666,2.425557,1.000000,-0.413655,4.827749
6.340000,0.649169,-0.068443,0.383914,0.911175,-0.405248,0.070757,-0.022976,0.073667,2.427214,1.000000,-0.413959,4.834976
6.345000,0.649124,-0.068852,0.383915,0.911137,-0.405332,0.070858,-0.022699,0.073667,2.428872,1.000000,-0.414292,4.842205
6.350000,0.649079,-0.069262,0.383916,0.911099,-0.405415,0.070958,-0.022422,0.073667,2.430531,1.000000,-0.414645,4.849411
6.355000,0.649034,-0.069671,0.383917,0.911061,-0.405498,0.071058,-0.022145,0.073667,2.432192,1.000000,-0.415012,4.856605
6.360000,0.648990,-0.070080,0.383918,0.911022,-0.405581,0.071158,-0.021868,0.073667,2.433854,1.000000,-0.415390,4.863803
6.365000,0.648945,-0.070490,0.383919,0.910984,-0.405665,0.071259,-0.021591,0.073667,2.435518,1.000000,-0.415776,4.871003
6.370000,0.648900,-0.070899,0.383920,0.910946,-0.405748,0.071359,-0.021314,0.073667,2.437183,1.000000,-0.416168,4.878204
6.375000,0.648854,-0.071311,0.383921,0.910916,-0.405812,0.071469,-0.021006,0.073667,2.438850,1.000000,-0.416636,4.885565
6.380000,0.648807,-0.071724,0.383922,0.910886,-0.405876,0.071578,-0.020698,0.073667,2.440519,1.000000,-0.417147,4.892929
6.385000,0.648760,-0.072136,0.383923,0.910856,-0.405940,0.071688,-0.020389,0.073667,2.442190,1.000000,-0.417689,4.900298
6.390000,0.648714,-0.072549,0.383924,0.910825,-0.406003,0.071798,-0.020081,0.073668,2.443864,1.000000,-0.418253,4.907668
6.395000,0.648667,-0.072961,0.383925,0.910795,-0.406067,0.071908,-0.019773,0.073668,2.445540,1.000000,-0.418832,4.915040
6.400000,0.648620,-0.073374,0.383926,0.910765,-0.406131,0.072018,-0.019465,0.073668,2.447218,1.000000,-0.419422,4.922410
6.405000,0.648574,-0.073786,0.383927,0.910734,-0.406195,0.072128,-0.019157,0.073668,2.448898,1.000000,-0.420022,4.929780
6.410000,0.648526,-0.074196,0.383928,0.910716,-0.406229,0.072250,-0.018812,0.073668,2.450581,1.000000,-0.420653,4.937065
6.415000,0.648478,-0.074606,0.383929,0.910698,-0.406264,0.072372,-0.018467,0.073668,2.452267,1.000000,-0.421310,4.944350
6.420000,0.648431,-0.075017,0.383931,0.910680,-0.406298,0.072494,-0.018121,0.073668,2.453955,1.000000,-0.421986,4.951638
6.425000,0.648383,-0.075427,0.383932,0.910662,-0.406332,0.072616,-0.017776,0.073668,2.455646,1.000000,-0.422679,4.958965
6.430000,0.648335,-0.075837,0.383933,0.910644,-0.406367,0.072738,-0.017431,0.073668,2.457339,1.000000,-0.423381,4.966303
6.435000,0.648288,-0.076247,0.383935,0.910625,-0.406401,0.072860,-0.017086,0.073668,2.459036,1.000000,-0.424090,4.973646
6.440000,0.648240,-0.076657,0.383936,0.910606,-0.406435,0.072982,-0.016741,0.073668,2.460735,1.000000,-0.424803,4.980991
6.445000,0.648191,-0.077064,0.383938,0.910593,-0.406456,0.073109,-0.016376,0.073669,2.462438,1.000000,-0.425520,4.988214
6.450000,0.648142,-0.077472,0.383939,0.910580,-0.406478,0.073237,-0.016012,0.073669,2.464143,1.000000,-0.426240,4.995395
6.455000,0.648093,-0.077879,0.383941,0.910566,-0.406499,0.073364,-0.015648,0.073669,2.465851,1.000000,-0.426963,5.002570
6.460000,0.648044,-0.078286,0.383943,0.910553,-0.406521,0.073492,-0.015283,0.073669,2.467562,1.000000,-0.427688,5.009750
6.465000,0.647996,-0.078693,0.383945,0.910539,-0.406542,0.073620,-0.014919,0.073669,2.469276,1.000000,-0.428412,5.016931
6.470000,0.647947,-0.079101,0.383946,0.910525,-0.406563,0.073747,-0.014554,0.073669,2.470992,1.000000,-0.429135,5.024114
6.475000,0.647897,-0.079505,0.383948,0.910508,-0.406592,0.073870,-0.014198,0.073669,2.472712,1.000000,-0.429823,5.031209
6.480000,0.647847,-0.079908,0.383949,0.910490,-0.406621,0.073993,-0.013842,0.073669,2.474434,1.000000,-0.430489,5.038310
6.485000,0.647797,-0.080312,0.383950,0.910473,-0.406650,0.074115,-0.013485,0.073669,2.476159,1.000000,-0.431138,5.045416
6.490000,0.647747,-0.080716,0.383951,0.910455,-0.406679,0.074238,-0.013129,0.073669,2.477886,1.000000,-0.431774,5.052524
6.495000,0.647697,-0.081120,0.383953,0.910437,-0.406708,0.074361,-0.012772,0.073669,2.479616,1.000000,-0.432399,5.059634
6.500000,0.647647,-0.081524,0.383954,0.910419,-0.406737,0.074484,-0.012416,0.073669,2.481349,1.000000,-0.433012,5.066691
6.505000,0.647597,-0.081928,0.383955,0.910401,-0.406766,0.074606,-0.012059,0.073670,2.483084,1.000000,-0.433618,5.073746
6.510000,0.647546,-0.082323,0.383956,0.910375,-0.406814,0.074716,-0.011735,0.073670,2.484820,1.000000,-0.434092,5.080428
6.515000,0.647496,-0.082719,0.383958,0.910349,-0.406862,0.074826,-0.011411,0.073670,2.486559,1.000000,-0.434494,5.087112
6.520000,0.647445,-0.083114,0.383959,0.910322,-0.406909,0.074936,-0.011086,0.073670,2.488299,1.000000,-0.434846,5.093797
6.525000,0.647395,-0.083510,0.383960,0.910296,-0.406957,0.075046,-0.010762,0.073670,2.490041,1.000000,-0.435167,5.100516
6.530000,0.647344,-0.083905,0.383961,0.910269,-0.407005,0.075156,-0.010438,0.073670,2.491783,1.000000,-0.435463,5.107237
6.535000,0.647294,-0.084300,0.383962,0.910242,-0.407053,0.075266,-0.010114,0.073670,2.493527,1.000000,-0.435741,5.113962
6.540000,0.647243,-0.084696,0.383964,0.910215,-0.407100,0.075376,-0.009790,0.073670,2.495272,1.000000,-0.436008,5.120690
6.545000,0.647193,-0.085080,0.383964,0.910175,-0.407180,0.075466,-0.009518,0.073670,2.497017,1.000000,-0.436078,5.126915
6.550000,0.647142,-0.085464,0.383965,0.910135,-0.407259,0.075556,-0.009247,0.073670,2.498763,1.000000,-0.436040,5.133104
6.555000,0.647091,-0.085848,0.383966,0.910095,-0.407339,0.075646,-0.008975,0.073670,2.500508,1.000000,-0.435930,5.139294
6.560000,0.647041,-0.086232,0.383967,0.910054,-0.407418,0.075736,-0.008704,0.073670,2.502252,1.000000,-0.435773,5.145488
6.565000,0.646990,-0.086616,0.383967,0.910014,-0.407497,0.075827,-0.008432,0.073671,2.503996,1.000000,-0.435584,5.151684
6.570000,0.646940,-0.087000,0.383968,0.909973,-0.407577,0.075917,-0.008160,0.073671,2.505739,1.000000,-0.435375,5.157883
6.575000,0.646889,-0.087384,0.383969,0.909933,-0.407656,0.076007,-0.007889,0.073671,2.507481,1.000000,-0.435155,5.164101
6.580000,0.646839,-0.087755,0.383970,0.909870,-0.407789,0.076068,-0.007700,0.073671,2.509222,1.000000,-0.434677,5.169705
6.585000,0.646788,-0.088126,0.383971,0.909807,-0.407921,0.076129,-0.007511,0.073671,2.510960,1.000000,-0.434058,5.175313
6.590000,0.646738,-0.088496,0.383972,0.909744,-0.408054,0.076190,-0.007322,0.073671,2.512695,1.000000,-0.433347,5.180922
6.595000,0.646688,-0.088867,0.383973,0.909681,-0.408186,0.076252,-0.007133,0.073671,2.514428,1.000000,-0.432577,5.186532
6.600000,0.646637,-0.089238,0.383974,0.909617,-0.408319,0.076313,-0.006944,0.073671,2.516157,1.000000,-0.431770,5.192144
6.605000,0.646587,-0.089608,0.383975,0.909554,-0.408451,0.076374,-0.006755,0.073671,2.517883,1.000000,-0.430941,5.197757
6.610000,0.646536,-0.089979,0.383976,0.909491,-0.408584,0.076435,-0.006566,0.073671,2.519606,1.000000,-0.430103,5.203375
6.615000,0.646487,-0.090329,0.383976,0.909403,-0.408776,0.076461,-0.006477,0.073671,2.521324,1.000000,-0.428921,5.208078
6.620000,0.646438,-0.090679,0.383976,0.909315,-0.408968,0.076488,-0.006387,0.073671,2.523038,1.000000,-0.427555,5.212771
6.625000,0.646389,-0.091030,0.383976,0.909227,-0.409161,0.076514,-0.006297,0.073672,2.524745,1.000000,-0.426070,5.217411
6.630000,0.646339,-0.091380,0.383977,0.909139,-0.409353,0.076540,-0.006207,0.073672,2.526446,1.000000,-0.424514,5.222053
6.635000,0.646290,-0.091731,0.383977,0.909051,-0.409545,0.076567,-0.006117,0.073672,2.528141,1.000000,-0.422919,5.226698
6.640000,0.646241,-0.092081,0.383977,0.908962,-0.409737,0.076593,-0.006027,0.073672,2.529830,1.000000,-0.421304,5.231344
6.645000,0.646194,-0.092408,0.383976,0.908867,-0.409949,0.076599,-0.005994,0.073672,2.531511,1.000000,-0.419370,5.234966
6.650000,0.646147,-0.092735,0.383975,0.908771,-0.410161,0.076605,-0.005961,0.073672,2.533184,1.000000,-0.417276,5.238620
6.655000,0.646099,-0.093063,0.383974,0.908675,-0.410373,0.076611,-0.005928,0.073672,2.534848,1.000000,-0.415085,5.242275
6.660000,0.646052,-0.093390,0.383973,0.908579,-0.410584,0.076617,-0.005895,0.073672,2.536504,1.000000,-0.412841,5.245934
6.665000,0.646005,-0.093717,0.383973,0.908483,-0.410796,0.076623,-0.005862,0.073672,2.538150,1.000000,-0.410571,5.249593
6.670000,0.645958,-0.094044,0.383972,0.908387,-0.411007,0.076630,-0.005829,0.073672,2.539788,1.000000,-0.408294,5.253241
6.675000,0.645911,-0.094371,0.383971,0.908291,-0.411219,0.076636,-0.005796,0.073672,2.541416,1.000000,-0.406022,5.256857
6.680000,0.645865,-0.094684,0.383970,0.908201,-0.411418,0.076638,-0.005774,0.073672,2.543035,1.000000,-0.403596,5.259799
6.685000,0.645819,-0.094996,0.383970,0.908110,-0.411617,0.076641,-0.005752,0.073672,2.544644,1.000000,-0.401104,5.262746
6.690000,0.645773,-0.095309,0.383970,0.908020,-0.411816,0.076644,-0.005731,0.073673,2.546242,1.000000,-0.398585,5.265693
6.695000,0.645727,-0.095621,0.383969,0.907930,-0.412014,0.076647,-0.005709,0.073673,2.547831,1.000000,-0.396062,5.268648
6.700000,0.645681,-0.095934,0.383969,0.907840,-0.412213,0.076650,-0.005688,0.073673,2.549410,1.000000,-0.393553,5.271617
6.705000,0.645635,-0.096246,0.383969,0.907749,-0.412412,0.076653,-0.005666,0.073673,2.550978,1.000000,-0.391065,5.274587
6.710000,0.645589,-0.096559,0.383968,0.907659,-0.412610,0.076656,-0.005645,0.073673,2.552537,1.000000,-0.388606,5.277561
6.715000,0.645543,-0.096868,0.383968,0.907577,-0.412790,0.076659,-0.005621,0.073673,2.554086,1.000000,-0.386128,5.280375
6.720000,0.645497,-0.097176,0.383968,0.907495,-0.412970,0.076662,-0.005597,0.073673,2.555625,1.000000,-0.383663,5.283174
6.725000,0.645451,-0.097485,0.383967,0.907413,-0.413151,0.076665,-0.005574,0.073673,2.557154,1.000000,-0.381224,5.285949
6.730000,0.645404,-0.097794,0.383967,0.907331,-0.413331,0.076668,-0.005550,0.073673,2.558674,1.000000,-0.378823,5.288726
6.735000,0.645358,-0.098103,0.383967,0.907249,-0.413511,0.076671,-0.005527,0.073673,2.560184,1.000000,-0.376465,5.291507
6.740000,0.645312,-0.098412,0.383966,0.907166,-0.413691,0.076675,-0.005503,0.073673,2.561684,1.000000,-0.374153,5.294288
6.745000,0.645266,-0.098720,0.383966,0.907084,-0.413870,0.076678,-0.005480,0.073673,2.563176,1.000000,-0.371892,5.297085
6.750000,0.645219,-0.099026,0.383965,0.907013,-0.414026,0.076681,-0.005453,0.073673,2.564658,1.000000,-0.369628,5.299760
6.755000,0.645172,-0.099331,0.383964,0.906942,-0.414181,0.076684,-0.005427,0.073674,2.566132,1.000000,-0.367390,5.302435
6.760000,0.645126,-0.099637,0.383963,0.906871,-0.414336,0.076687,-0.005400,0.073674,2.567596,1.000000,-0.365192,5.305115
6.765000,0.645079,-0.099942,0.383962,0.906800,-0.414491,0.076691,-0.005373,0.073674,2.569052,1.000000,-0.363044,5.307796
6.770000,0.645033,-0.100247,0.383961,0.906729,-0.414647,0.076694,-0.005347,0.073674,2.570500,1.000000,-0.360949,5.310459
6.775000,0.644986,-0.100553,0.383961,0.906658,-0.414802,0.076697,-0.005320,0.073674,2.571939,1.000000,-0.358909,5.313103
6.780000,0.644940,-0.100858,0.383960,0.906587,-0.414957,0.076701,-0.005294,0.073674,2.573370,1.000000,-0.356928,5.315751
6.785000,0.644893,-0.101159,0.383959,0.906527,-0.415086,0.076705,-0.005262,0.073674,2.574793,1.000000,-0.354944,5.318207
6.790000,0.644846,-0.101460,0.383957,0.906468,-0.415215,0.076709,-0.005230,0.073674,2.576209,1.000000,-0.352991,5.320664
6.795000,0.644800,-0.101761,0.383956,0.906409,-0.415344,0.076714,-0.005198,0.073674,2.577617,1.000000,-0.351083,5.323141
6.800000,0.644753,-0.102062,0.383955,0.906350,-0.415473,0.076718,-0.005167,0.073674,2.579017,1.000000,-0.349230,5.325637
6.805000,0.644706,-0.102363,0.383954,0.906290,-0.415602,0.076722,-0.005135,0.073674,2.580410,1.000000,-0.347433,5.328135
6.810000,0.644660,-0.102664,0.383953,0.906231,-0.415731,0.076727,-0.005103,0.073674,2.581795,1.000000,-0.345695,5.330635
6.815000,0.644612,-0.102967,0.383953,0.906187,-0.415826,0.076733,-0.005064,0.073675,2.583174,1.000000,-0.344008,5.333246
6.820000,0.644564,-0.103271,0.383953,0.906143,-0.415921,0.076740,-0.005024,0.073675,2.584547,1.000000,-0.342380,5.335842
6.825000,0.644516,-0.103575,0.383953,0.906100,-0.416015,0.076746,-0.004985,0.073675,2.585913,1.000000,-0.340819,5.338427
6.830000,0.644468,-0.103878,0.383953,0.906056,-0.416110,0.076753,-0.004946,0.073675,2.587273,1.000000,-0.339327,5.341015
6.835000,0.644420,-0.104182,0.383953,0.906012,-0.416204,0.076760,-0.004907,0.073675,2.588627,1.000000,-0.337905,5.343605
6.840000,0.644372,-0.104485,0.383953,0.905968,-0.416299,0.076767,-0.004867,0.073675,2.589976,1.000000,-0.336551,5.346196
6.845000,0.644324,-0.104789,0.383953,0.905924,-0.416394,0.076773,-0.004828,0.073675,2.591319,1.000000,-0.335264,5.348794
6.850000,0.644275,-0.105098,0.383952,0.905888,-0.416471,0.076781,-0.004781,0.073675,2.592657,1.000000,-0.334081,5.351664
6.855000,0.644225,-0.105407,0.383951,0.905852,-0.416548,0.076789,-0.004734,0.073675,2.593991,1.000000,-0.332988,5.354539
6.860000,0.644175,-0.105716,0.383950,0.905816,-0.416626,0.076797,-0.004687,0.073675,2.595321,1.000000,-0.331979,5.357414
6.865000,0.644125,-0.106025,0.383950,0.905780,-0.416703,0.076805,-0.004640,0.073675,2.596647,1.000000,-0.331048,5.360291
6.870000,0.644075,-0.106334,0.383949,0.905744,-0.416780,0.076813,-0.004594,0.073675,2.597970,1.000000,-0.330194,5.363207
6.875000,0.644025,-0.106643,0.383948,0.905708,-0.416858,0.076821,-0.004547,0.073675,2.599289,1.000000,-0.329412,5.366141
6.880000,0.643976,-0.106952,0.383947,0.905672,-0.416935,0.076829,-0.004500,0.073675,2.600605,1.000000,-0.328699,5.369079
6.885000,0.643925,-0.107261,0.383946,0.905638,-0.417008,0.076839,-0.004444,0.073676,2.601919,1.000000,-0.328067,5.372045
6.890000,0.643874,-0.107571,0.383945,0.905604,-0.417082,0.076849,-0.004388,0.073676,2.603230,1.000000,-0.327511,5.375013
6.895000,0.643823,-0.107880,0.383944,0.905569,-0.417155,0.076860,-0.004333,0.073676,2.604539,1.000000,-0.327022,5.377964
6.900000,0.643772,-0.108189,0.383943,0.905535,-0.417228,0.076870,-0.004277,0.073676,2.605846,1.000000,-0.326596,5.380911
6.905000,0.643721,-0.108498,0.383942,0.905500,-0.417301,0.076880,-0.004221,0.073676,2.607152,1.000000,-0.326232,5.383862
6.910000,0.643670,-0.108808,0.383940,0.905466,-0.417375,0.076890,-0.004166,0.073676,2.608457,1.000000,-0.325925,5.386814
6.915000,0.643620,-0.109117,0.383939,0.905432,-0.417448,0.076901,-0.004110,0.073676,2.609760,1.000000,-0.325673,5.389768
6.920000,0.643569,-0.109420,0.383940,0.905404,-0.417506,0.076918,-0.004039,0.073676,2.611062,1.000000,-0.325435,5.392422
6.925000,0.643519,-0.109723,0.383940,0.905376,-0.417564,0.076934,-0.003968,0.073676,2.612364,1.000000,-0.325229,5.395079
6.930000,0.643469,-0.110025,0.383941,0.905348,-0.417622,0.076951,-0.003897,0.073676,2.613665,1.000000,-0.325061,5.397740
6.935000,0.643419,-0.110328,0.383941,0.905320,-0.417680,0.076968,-0.003827,0.073676,2.614965,1.000000,-0.324929,5.400402
6.940000,0.643368,-0.110631,0.383942,0.905292,-0.417738,0.076985,-0.003756,0.073676,2.616265,1.000000,-0.324835,5.403066
6.945000,0.643318,-0.110934,0.383942,0.905264,-0.417796,0.077001,-0.003685,0.073676,2.617564,1.000000,-0.324779,5.405740
6.950000,0.643268,-0.111237,0.383943,0.905237,-0.417854,0.077018,-0.003614,0.073676,2.618864,1.000000,-0.324759,5.408416
6.955000,0.643218,-0.111535,0.383944,0.905199,-0.417932,0.077044,-0.003521,0.073676,2.620163,1.000000,-0.324805,5.410883
6.960000,0.643168,-0.111833,0.383945,0.905161,-0.418009,0.077069,-0.003428,0.073677,2.621463,1.000000,-0.324903,5.413350
6.965000,0.643118,-0.112131,0.383946,0.905123,-0.418087,0.077095,-0.003335,0.073677,2.622763,1.000000,-0.325033,5.415819
6.970000,0.643068,-0.112429,0.383947,0.905086,-0.418165,0.077120,-0.003241,0.073677,2.624064,1.000000,-0.325187,5.418308
6.975000,0.643018,-0.112727,0.383948,0.905048,-0.418243,0.077146,-0.003148,0.073677,2.625365,1.000000,-0.325356,5.420799
6.980000,0.642969,-0.113025,0.383949,0.905010,-0.418321,0.077172,-0.003055,0.073677,2.626667,1.000000,-0.325539,5.423295
6.985000,0.642917,-0.113327,0.383949,0.904953,-0.418438,0.077204,-0.002941,0.073677,2.627971,1.000000,-0.325859,5.425988
6.990000,0.642865,-0.113628,0.383949,0.904896,-0.418556,0.077235,-0.002828,0.073677,2.629275,1.000000,-0.326262,5.428683
6.995000,0.642814,-0.113930,0.383949,0.904840,-0.418674,0.077267,-0.002714,0.073677,2.630582,1.000000,-0.326708,5.431352
7.000000,0.642762,-0.114231,0.383948,0.904783,-0.418791,0.077299,-0.002600,0.073677,2.631890,1.000000,-0.327182,5.434022
7.005000,0.642710,-0.114533,0.383948,0.904726,-0.418909,0.077331,-0.002487,0.073677,2.633200,1.000000,-0.327673,5.436697
7.010000,0.642659,-0.114834,0.383948,0.904669,-0.419027,0.077363,-0.002373,0.073677,2.634512,1.000000,-0.328173,5.439372
7.015000,0.642607,-0.115136,0.383948,0.904612,-0.419144,0.077395,-0.002259,0.073677,2.635827,1.000000,-0.328680,5.442052
7.020000,0.642555,-0.115435,0.383947,0.904551,-0.419270,0.077431,-0.002134,0.073677,2.637143,1.000000,-0.329211,5.444698
7.025000,0.642503,-0.115734,0.383946,0.904490,-0.419395,0.077466,-0.002008,0.073677,2.638461,1.000000,-0.329756,5.447345
7.030000,0.642451,-0.116033,0.383945,0.904429,-0.419521,0.077502,-0.001882,0.073677,2.639782,1.000000,-0.330307,5.449996
7.035000,0.642399,-0.116332,0.383944,0.904368,-0.419646,0.077538,-0.001757,0.073677,2.641105,1.000000,-0.330858,5.452649
7.040000,0.642347,-0.116631,0.383944,0.904307,-0.419771,0.077573,-0.001631,0.073678,2.642430,1.000000,-0.331407,5.455306
7.045000,0.642295,-0.116930,0.383943,0.904246,-0.419897,0.077609,-0.001505,0.073678,2.643757,1.000000,-0.331952,5.457988
7.050000,0.642243,-0.117229,0.383942,0.904185,-0.420022,0.077644,-0.001379,0.073678,2.645087,1.000000,-0.332492,5.460671
7.055000,0.642192,-0.117522,0.383943,0.904132,-0.420130,0.077687,-0.001236,0.073678,2.646418,1.000000,-0.332987,5.463046
7.060000,0.642141,-0.117814,0.383944,0.904078,-0.420238,0.077730,-0.001092,0.073678,2.647752,1.000000,-0.333459,5.465422
7.065000,0.642090,-0.118107,0.383945,0.904024,-0.420346,0.077772,-0.000949,0.073678,2.649087,1.000000,-0.333913,5.467798
7.070000,0.642039,-0.118400,0.383946,0.903971,-0.420454,0.077815,-0.000805,0.073678,2.650424,1.000000,-0.334348,5.470164
7.075000,0.641988,-0.118692,0.383947,0.903917,-0.420562,0.077858,-0.000662,0.073678,2.651763,1.000000,-0.334767,5.472532
7.080000,0.641937,-0.118985,0.383948,0.903863,-0.420669,0.077900,-0.000518,0.073678,2.653103,1.000000,-0.335171,5.474904
7.085000,0.641886,-0.119278,0.383948,0.903809,-0.420777,0.077943,-0.000375,0.073678,2.654445,1.000000,-0.335559,5.477277
7.090000,0.641833,-0.119573,0.383949,0.903768,-0.420857,0.077996,-0.000194,0.073678,2.655789,1.000000,-0.335995,5.479814
7.095000,0.641781,-0.119868,0.383949,0.903726,-0.420937,0.078048,-0.000013,0.073678,2.657134,1.000000,-0.336464,5.482382
7.100000,0.641728,-0.120164,0.383950,0.903684,-0.421016,0.078101,0.000168,0.073678,2.658481,1.000000,-0.336951,5.484952
7.105000,0.641676,-0.120459,0.383950,0.903643,-0.421096,0.078154,0.000348,0.073678,2.659831,1.000000,-0.337446,5.487526
7.110000,0.641623,-0.120754,0.383950,0.903601,-0.421176,0.078207,0.000529,0.073678,2.661182,1.000000,-0.337943,5.490102
7.115000,0.641570,-0.121049,0.383951,0.903559,-0.421255,0.078259,0.000710,0.073678,2.662535,1.000000,-0.338436,5.492667
7.120000,0.641518,-0.121345,0.383951,0.903517,-0.421335,0.078312,0.000891,0.073679,2.663891,1.000000,-0.338919,5.495209
7.125000,0.641463,-0.121645,0.383950,0.903485,-0.421392,0.078373,0.001106,0.073679,2.665248,1.000000,-0.339478,5.498010
7.130000,0.641409,-0.121945,0.383949,0.903452,-0.421450,0.078434,0.001321,0.073679,2.666608,1.000000,-0.340084,5.500815
7.135000,0.641354,-0.122245,0.383949,0.903420,-0.421507,0.078495,0.001536,0.073679,2.667970,1.000000,-0.340719,5.503622
7.140000,0.641300,-0.122545,0.383948,0.903387,-0.421565,0.078556,0.001751,0.073679,2.669335,1.000000,-0.341371,5.506441
7.145000,0.641245,-0.122845,0.383947,0.903355,-0.421622,0.078617,0.001966,0.073679,2.670702,1.000000,-0.342030,5.509275
7.150000,0.641191,-0.123146,0.383946,0.903322,-0.421680,0.078678,0.002181,0.073679,2.672072,1.000000,-0.342690,5.512113
7.155000,0.641136,-0.123445,0.383947,0.903292,-0.421732,0.078743,0.002407,0.073679,2.673445,1.000000,-0.343357,5.514904
7.160000,0.641081,-0.123744,0.383947,0.903261,-0.421784,0.078808,0.002632,0.073679,2.674820,1.000000,-0.344027,5.517698
7.165000,0.641026,-0.124043,0.383947,0.903231,-0.421836,0.078873,0.002858,0.073679,2.676198,1.000000,-0.344695,5.520512
7.170000,0.640971,-0.124342,0.383948,0.903200,-0.421888,0.078937,0.003084,0.073679,2.677579,1.000000,-0.345356,5.523343
7.175000,0.640916,-0.124641,0.383948,0.903169,-0.421939,0.079002,0.003309,0.073679,2.678963,1.000000,-0.346009,5.526177
7.180000,0.640861,-0.124941,0.383948,0.903139,-0.421991,0.079067,0.003535,0.073679,2.680349,1.000000,-0.346649,5.529013
7.185000,0.640807,-0.125240,0.383949,0.903108,-0.422043,0.079132,0.003761,0.073679,2.681737,1.000000,-0.347277,5.531851
7.190000,0.640751,-0.125537,0.383951,0.903079,-0.422089,0.079200,0.003995,0.073679,2.683128,1.000000,-0.347885,5.534566
7.195000,0.640696,-0.125835,0.383953,0.903051,-0.422134,0.079269,0.004229,0.073679,2.684521,1.000000,-0.348478,5.537275
7.200000,0.640641,-0.126132,0.383955,0.903023,-0.422180,0.079337,0.004463,0.073679,2.685917,1.000000,-0.349054,5.539989
7.205000,0.640586,-0.126429,0.383957,0.902994,-0.422225,0.079405,0.004697,0.073680,2.687315,1.000000,-0.349612,5.542705
7.210000,0.640531,-0.126727,0.383959,0.902966,-0.422271,0.079474,0.004931,0.073680,2.688715,1.000000,-0.350150,5.545423
7.215000,0.640476,-0.127024,0.383961,0.902937,-0.422317,0.079542,0.005165,0.073680,2.690117,1.000000,-0.350672,5.548198
7.220000,0.640421,-0.127321,0.383963,0.902908,-0.422362,0.079611,0.005399,0.073680,2.691522,1.000000,-0.351172,5.550976
7.225000,0.640364,-0.127623,0.383965,0.902882,-0.422400,0.079682,0.005648,0.073680,2.692928,1.000000,-0.351713,5.553964
7.230000,0.640307,-0.127924,0.383967,0.902857,-0.422439,0.079754,0.005896,0.073680,2.694337,1.000000,-0.352271,5.556954
7.235000,0.640250,-0.128226,0.383969,0.902831,-0.422477,0.079825,0.006145,0.073680,2.695747,1.000000,-0.352834,5.559926
7.240000,0.640193,-0.128527,0.383971,0.902805,-0.422516,0.079896,0.006393,0.073680,2.697161,1.000000,-0.353393,5.562825
7.245000,0.640136,-0.128829,0.383972,0.902779,-0.422554,0.079967,0.006642,0.073680,2.698576,1.000000,-0.353947,5.565727
7.250000,0.640079,-0.129130,0.383974,0.902752,-0.422593,0.080038,0.006890,0.073680,2.699993,1.000000,-0.354491,5.568632
7.255000,0.640022,-0.129431,0.383976,0.902726,-0.422631,0.080109,0.007139,0.073680,2.701413,1.000000,-0.355024,5.571540
7.260000,0.639962,-0.129740,0.383977,0.902697,-0.422676,0.080179,0.007386,0.073680,2.702835,1.000000,-0.355616,5.574792
7.265000,0.639903,-0.130049,0.383978,0.902667,-0.422721,0.080249,0.007634,0.073680,2.704259,1.000000,-0.356234,5.578009
7.270000,0.639844,-0.130358,0.383980,0.902638,-0.422767,0.080318,0.007882,0.073680,2.705686,1.000000,-0.356866,5.581228
7.275000,0.639784,-0.130667,0.383981,0.902608,-0.422812,0.080388,0.008129,0.073680,2.707116,1.000000,-0.357504,5.584452
7.280000,0.639725,-0.130976,0.383982,0.902579,-0.422857,0.080458,0.008377,0.073680,2.708548,1.000000,-0.358143,5.587677
7.285000,0.639665,-0.131285,0.383983,0.902549,-0.422902,0.080527,0.008625,0.073680,2.709982,1.000000,-0.358782,5.590912
7.290000,0.639606,-0.131594,0.383985,0.902519,-0.422947,0.080597,0.008873,0.073680,2.711420,1.000000,-0.359418,5.594162
7.295000,0.639546,-0.131904,0.383988,0.902481,-0.423012,0.080660,0.009094,0.073680,2.712859,1.000000,-0.360023,5.597420
7.300000,0.639486,-0.132213,0.383990,0.902443,-0.423077,0.080723,0.009316,0.073681,2.714301,1.000000,-0.360601,5.600682
7.305000,0.639427,-0.132523,0.383993,0.902404,-0.423142,0.080786,0.009538,0.073681,2.715745,1.000000,-0.361156,5.603946
7.310000,0.639367,-0.132832,0.383996,0.902366,-0.423207,0.080849,0.009759,0.073681,2.717192,1.000000,-0.361695,5.607220
7.315000,0.639307,-0.133142,0.383999,0.902327,-0.423272,0.080912,0.009981,0.073681,2.718640,1.000000,-0.362221,5.610507
7.320000,0.639247,-0.133452,0.384002,0.902288,-0.423337,0.080976,0.010203,0.073681,2.720091,1.000000,-0.362738,5.613797
7.325000,0.639187,-0.133761,0.384007,0.902238,-0.423431,0.081029,0.010386,0.073681,2.721543,1.000000,-0.363190,5.617042
7.330000,0.639126,-0.134070,0.384012,0.902187,-0.423524,0.081082,0.010569,0.073681,2.722998,1.000000,-0.363595,5.620290
7.335000,0.639066,-0.134379,0.384016,0.902136,-0.423618,0.081135,0.010752,0.073681,2.724453,1.000000,-0.363963,5.623517
7.340000,0.639006,-0.134689,0.384021,0.902085,-0.423712,0.081187,0.010935,0.073681,2.725910,1.000000,-0.364305,5.626719
7.345000,0.638945,-0.134998,0.384026,0.902034,-0.423805,0.081240,0.011119,0.073681,2.727369,1.000000,-0.364630,5.629924
7.350000,0.638885,-0.135307,0.384031,0.901983,-0.423899,0.081293,0.011302,0.073681,2.728829,1.000000,-0.364944,5.633132
7.355000,0.638825,-0.135617,0.384036,0.901932,-0.423992,0.081346,0.011485,0.073681,2.730290,1.000000,-0.365251,5.636343
7.360000,0.638763,-0.135929,0.384041,0.901870,-0.424113,0.081390,0.011635,0.073681,2.731752,1.000000,-0.365541,5.639717
7.365000,0.638701,-0.136242,0.384047,0.901807,-0.424233,0.081433,0.011785,0.073681,2.733215,1.000000,-0.365814,5.643112
7.370000,0.638639,-0.136555,0.384053,0.901744,-0.424354,0.081476,0.011936,0.073681,2.734679,1.000000,-0.366074,5.646511
7.375000,0.638577,-0.136867,0.384058,0.901682,-0.424474,0.081520,0.012086,0.073681,2.736145,1.000000,-0.366327,5.649911
7.380000,0.638515,-0.137180,0.384064,0.901619,-0.424594,0.081563,0.012236,0.073681,2.737611,1.000000,-0.366578,5.653314
7.385000,0.638453,-0.137492,0.384070,0.901557,-0.424715,0.081607,0.012386,0.073681,2.739078,1.000000,-0.366829,5.656721
7.390000,0.638391,-0.137805,0.384075,0.901504,-0.424815,0.081648,0.012543,0.073681,2.740547,1.000000,-0.367070,5.660133
7.395000,0.638328,-0.138119,0.384080,0.901479,-0.424859,0.081668,0.012687,0.073681,2.742016,1.000000,-0.367217,5.663634
7.400000,0.638265,-0.138434,0.384086,0.901455,-0.424902,0.081689,0.012831,0.073681,2.743486,1.000000,-0.367321,5.667136
7.405000,0.638202,-0.138748,0.384091,0.901430,-0.424946,0.081709,0.012975,0.073682,2.744955,1.000000,-0.367418,5.670641
7.410000,0.638139,-0.139062,0.384096,0.901406,-0.424989,0.081729,0.013118,0.073682,2.746426,1.000000,-0.367526,5.674150
7.415000,0.638076,-0.139376,0.384101,0.901382,-0.425032,0.081749,0.013262,0.073682,2.747897,1.000000,-0.367652,5.677663
7.420000,0.638013,-0.139691,0.384106,0.901358,-0.425075,0.081768,0.013406,0.073682,2.749368,1.000000,-0.367801,5.681180
7.425000,0.637949,-0.140005,0.384111,0.901334,-0.425117,0.081788,0.013549,0.073682,2.750840,1.000000,-0.367972,5.684698
7.430000,0.637883,-0.140323,0.384114,0.901314,-0.425155,0.081788,0.013663,0.073682,2.752313,1.000000,-0.368122,5.688450
7.435000,0.637816,-0.140641,0.384116,0.901295,-0.425193,0.081788,0.013777,0.073682,2.753786,1.000000,-0.368263,5.692211
7.440000,0.637750,-0.140959,0.384119,0.901275,-0.425230,0.081788,0.013890,0.073682,2.755260,1.000000,-0.368411,5.695980
7.445000,0.637683,-0.141277,0.384122,0.901256,-0.425267,0.081787,0.014003,0.073682,2.756734,1.000000,-0.368576,5.699752
7.450000,0.637617,-0.141595,0.384124,0.901237,-0.425304,0.081787,0.014116,0.073682,2.758210,1.000000,-0.368762,5.703527
7.455000,0.637550,-0.141913,0.384127,0.901218,-0.425341,0.081786,0.014229,0.073682,2.759686,1.000000,-0.368971,5.707303
7.460000,0.637483,-0.142232,0.384130,0.901199,-0.425377,0.081785,0.014342,0.073682,2.761162,1.000000,-0.369204,5.711090
7.465000,0.637414,-0.142552,0.384131,0.901182,-0.425412,0.081773,0.014439,0.073682,2.762640,1.000000,-0.369447,5.715056
7.470000,0.637344,-0.142873,0.384132,0.901166,-0.425446,0.081761,0.014536,0.073682,2.764119,1.000000,-0.369703,5.719025
7.475000,0.637274,-0.143194,0.384133,0.901149,-0.425480,0.081748,0.014632,0.073682,2.765599,1.000000,-0.369979,5.722996
7.480000,0.637205,-0.143514,0.384134,0.901133,-0.425514,0.081736,0.014729,0.073682,2.767080,1.000000,-0.370278,5.726970
7.485000,0.637135,-0.143835,0.384135,0.901117,-0.425547,0.081723,0.014825,0.073682,2.768562,1.000000,-0.370602,5.730954
7.490000,0.637065,-0.144156,0.384136,0.901100,-0.425581,0.081710,0.014920,0.073682,2.770046,1.000000,-0.370951,5.734945
7.495000,0.636993,-0.144480,0.384136,0.901085,-0.425614,0.081693,0.015012,0.073682,2.771531,1.000000,-0.371352,5.739149
7.500000,0.636921,-0.144805,0.384136,0.901069,-0.425646,0.081676,0.015104,0.073682,2.773018,1.000000,-0.371792,5.743355
7.505000,0.636849,-0.145129,0.384136,0.901054,-0.425679,0.081659,0.015196,0.073682,2.774507,1.000000,-0.372266,5.747563
7.510000,0.636777,-0.145453,0.384136,0.901039,-0.425712,0.081642,0.015287,0.073682,2.775998,1.000000,-0.372772,5.751781
7.515000,0.636705,-0.145778,0.384136,0.901023,-0.425744,0.081625,0.015378,0.073682,2.777490,1.000000,-0.373307,5.756004
7.520000,0.636633,-0.146102,0.384136,0.901008,-0.425776,0.081608,0.015468,0.073683,2.778986,1.000000,-0.373868,5.760231
7.525000,0.636561,-0.146427,0.384136,0.900993,-0.425808,0.081590,0.015559,0.073683,2.780483,1.000000,-0.374453,5.764461
7.530000,0.636484,-0.146765,0.384135,0.900977,-0.425841,0.081572,0.015654,0.073683,2.781983,1.000000,-0.375195,5.769334
7.535000,0.636408,-0.147102,0.384135,0.900962,-0.425874,0.081553,0.015749,0.073683,2.783486,1.000000,-0.376036,5.774216
7.540000,0.636332,-0.147440,0.384134,0.900946,-0.425907,0.081535,0.015844,0.073683,2.784993,1.000000,-0.376950,5.779102
7.545000,0.636255,-0.147778,0.384134,0.900931,-0.425939,0.081516,0.015939,0.073683,2.786504,1.000000,-0.377920,5.783991
7.550000,0.636179,-0.148116,0.384133,0.900916,-0.425972,0.081497,0.016033,0.073683,2.788018,1.000000,-0.378934,5.788883
7.555000,0.636103,-0.148453,0.384133,0.900901,-0.426004,0.081478,0.016127,0.073683,2.789537,1.000000,-0.379986,5.793778
7.560000,0.636027,-0.148791,0.384132,0.900885,-0.426036,0.081458,0.016221,0.073683,2.791060,1.000000,-0.381069,5.798684
7.565000,0.635946,-0.149142,0.384133,0.900869,-0.426070,0.081442,0.016326,0.073683,2.792588,1.000000,-0.382337,5.804239
7.570000,0.635865,-0.149494,0.384133,0.900853,-0.426104,0.081426,0.016431,0.073683,2.794121,1.000000,-0.383724,5.809799
7.575000,0.635785,-0.149845,0.384133,0.900836,-0.426137,0.081410,0.016537,0.073683,2.795661,1.000000,-0.385199,5.815361
7.580000,0.635704,-0.150197,0.384133,0.900820,-0.426170,0.081393,0.016641,0.073683,2.797206,1.000000,-0.386740,5.820926
7.585000,0.635624,-0.150548,0.384133,0.900804,-0.426203,0.081377,0.016746,0.073683,2.798757,1.000000,-0.388325,5.826466
7.590000,0.635543,-0.150899,0.384134,0.900788,-0.426236,0.081360,0.016850,0.073683,2.800315,1.000000,-0.389942,5.832005
7.595000,0.635463,-0.151251,0.384134,0.900772,-0.426269,0.081343,0.016953,0.073683,2.801879,1.000000,-0.391583,5.837548
7.600000,0.635378,-0.151614,0.384133,0.900753,-0.426305,0.081336,0.017086,0.073683,2.803451,1.000000,-0.393424,5.843684
7.605000,0.635293,-0.151977,0.384132,0.900734,-0.426341,0.081329,0.017218,0.073683,2.805030,1.000000,-0.395391,5.849824
7.610000,0.635207,-0.152340,0.384132,0.900716,-0.426377,0.081322,0.017351,0.073683,2.806617,1.000000,-0.397441,5.856011
7.615000,0.635122,-0.152703,0.384131,0.900697,-0.426412,0.081314,0.017483,0.073683,2.808212,1.000000,-0.399546,5.862204
7.620000,0.635037,-0.153066,0.384130,0.900678,-0.426448,0.081307,0.017614,0.073683,2.809816,1.000000,-0.401687,5.868400
7.625000,0.634952,-0.153429,0.384130,0.900660,-0.426483,0.081299,0.017746,0.073683,2.811429,1.000000,-0.403851,5.874600
7.630000,0.634867,-0.153792,0.384129,0.900641,-0.426518,0.081291,0.017877,0.073683,2.813051,1.000000,-0.406030,5.880802
7.635000,0.634776,-0.154175,0.384129,0.900617,-0.426559,0.081305,0.018064,0.073683,2.814681,1.000000,-0.408545,5.887982
7.640000,0.634684,-0.154557,0.384129,0.900592,-0.426600,0.081319,0.018251,0.073683,2.816323,1.000000,-0.411264,5.895165
7.645000,0.634593,-0.154940,0.384129,0.900568,-0.426641,0.081333,0.018438,0.073683,2.817976,1.000000,-0.414110,5.902353
7.650000,0.634501,-0.155323,0.384128,0.900543,-0.426682,0.081346,0.018625,0.073683,2.819640,1.000000,-0.417036,5.909543
7.655000,0.634410,-0.155705,0.384128,0.900519,-0.426723,0.081360,0.018811,0.073683,2.821316,1.000000,-0.420012,5.916737
7.660000,0.634319,-0.156088,0.384128,0.900495,-0.426763,0.081374,0.018998,0.073683,2.823005,1.000000,-0.423018,5.923949
7.665000,0.634223,-0.156483,0.384129,0.900465,-0.426809,0.081408,0.019234,0.073684,2.824705,1.000000,-0.426284,5.931752
7.670000,0.634127,-0.156878,0.384130,0.900435,-0.426855,0.081441,0.019471,0.073684,2.826420,1.000000,-0.429707,5.939560
7.675000,0.634031,-0.157272,0.384131,0.900405,-0.426900,0.081475,0.019708,0.073684,2.828148,1.000000,-0.433222,5.947370
7.680000,0.633936,-0.157667,0.384132,0.900375,-0.426946,0.081509,0.019944,0.073684,2.829891,1.000000,-0.436789,5.955185
7.685000,0.633840,-0.158062,0.384133,0.900345,-0.426992,0.081543,0.020181,0.073684,2.831647,1.000000,-0.440381,5.963020
7.690000,0.633744,-0.158457,0.384134,0.900315,-0.427038,0.081577,0.020418,0.073684,2.833419,1.000000,-0.443981,5.970858
7.695000,0.633649,-0.158851,0.384135,0.900285,-0.427083,0.081611,0.020654,0.073684,2.835204,1.000000,-0.447575,5.978701
7.700000,0.633554,-0.159238,0.384137,0.900252,-0.427132,0.081657,0.020917,0.073684,2.837004,1.000000,-0.451145,5.986182
7.705000,0.633459,-0.159624,0.384138,0.900218,-0.427180,0.081704,0.021180,0.073684,2.838818,1.000000,-0.454696,5.993669
7.710000,0.633364,-0.160011,0.384140,0.900185,-0.427229,0.081751,0.021443,0.073684,2.840647,1.000000,-0.458213,6.001178
7.715000,0.633269,-0.160397,0.384141,0.900151,-0.427278,0.081797,0.021706,0.073684,2.842489,1.000000,-0.461686,6.008689
7.720000,0.633174,-0.160784,0.384143,0.900117,-0.427327,0.081844,0.021969,0.073684,2.844345,1.000000,-0.465109,6.016205
7.725000,0.633079,-0.161170,0.384144,0.900083,-0.427377,0.081891,0.022232,0.073684,2.846215,1.000000,-0.468477,6.023724
7.730000,0.632984,-0.161557,0.384146,0.900048,-0.427427,0.081937,0.022495,0.073684,2.848098,1.000000,-0.471786,6.031252
7.735000,0.632890,-0.161937,0.384148,0.900012,-0.427478,0.081992,0.022772,0.073684,2.849994,1.000000,-0.475009,6.038508
7.740000,0.632796,-0.162316,0.384151,0.899975,-0.427530,0.082047,0.023050,0.073684,2.851902,1.000000,-0.478159,6.045768
7.745000,0.632702,-0.162696,0.384153,0.899938,-0.427583,0.082101,0.023328,0.073684,2.853823,1.000000,-0.481230,6.053032
7.750000,0.632607,-0.163076,0.384156,0.899900,-0.427637,0.082156,0.023605,0.073684,2.855757,1.000000,-0.484221,6.060300
7.755000,0.632513,-0.163456,0.384159,0.899862,-0.427690,0.082211,0.023883,0.073684,2.857702,1.000000,-0.487128,6.067564
7.760000,0.632419,-0.163836,0.384161,0.899824,-0.427745,0.082266,0.024160,0.073684,2.859658,1.000000,-0.489950,6.074803
7.765000,0.632325,-0.164216,0.384164,0.899785,-0.427800,0.082321,0.024437,0.073684,2.861625,1.000000,-0.492686,6.082045
7.770000,0.632229,-0.164596,0.384166,0.899746,-0.427856,0.082374,0.024714,0.073684,2.863604,1.000000,-0.495342,6.089335
7.775000,0.632133,-0.164976,0.384168,0.899707,-0.427912,0.082427,0.024990,0.073684,2.865592,1.000000,-0.497915,6.096629
7.780000,0.632037,-0.165356,0.384170,0.899667,-0.427969,0.082480,0.025266,0.073684,2.867591,1.000000,-0.500405,6.103943
7.785000,0.631941,-0.165736,0.384172,0.899627,-0.428027,0.082533,0.025542,0.073684,2.869600,1.000000,-0.502816,6.111318
7.790000,0.631846,-0.166116,0.384175,0.899587,-0.428085,0.082586,0.025818,0.073684,2.871618,1.000000,-0.505143,6.118695
7.795000,0.631750,-0.166497,0.384177,0.899546,-0.428144,0.082639,0.026094,0.073684,2.873645,1.000000,-0.507386,6.126077
7.800000,0.631654,-0.166877,0.384179,0.899505,-0.428203,0.082693,0.026370,0.073684,2.875681,1.000000,-0.509547,6.133462
7.805000,0.631556,-0.167257,0.384180,0.899465,-0.428262,0.082738,0.026632,0.073684,2.877725,1.000000,-0.511591,6.140882
7.810000,0.631459,-0.167637,0.384182,0.899425,-0.428320,0.082783,0.026894,0.073684,2.879777,1.000000,-0.513531,6.148318
7.815000,0.631361,-0.168017,0.384183,0.899385,-0.428380,0.082828,0.027156,0.073684,2.881837,1.000000,-0.515380,6.155758
7.820000,0.631263,-0.168397,0.384184,0.899344,-0.428440,0.082874,0.027418,0.073684,2.883904,1.000000,-0.517143,6.163203
7.825000,0.631166,-0.168777,0.384186,0.899303,-0.428500,0.082919,0.027680,0.073684,2.885978,1.000000,-0.518826,6.170650
7.830000,0.631068,-0.169157,0.384187,0.899262,-0.428561,0.082965,0.027942,0.073684,2.888058,1.000000,-0.520432,6.178096
7.835000,0.630967,-0.169542,0.384188,0.899225,-0.428617,0.082992,0.028170,0.073684,2.890145,1.000000,-0.521931,6.185821
7.840000,0.630866,-0.169928,0.384189,0.899188,-0.428674,0.083020,0.028399,0.073684,2.892237,1.000000,-0.523333,6.193548
7.845000,0.630764,-0.170313,0.384190,0.899151,-0.428731,0.083047,0.028628,0.073684,2.894335,1.000000,-0.524656,6.201281
7.850000,0.630663,-0.170699,0.384191,0.899114,-0.428789,0.083074,0.028857,0.073684,2.896438,1.000000,-0.525912,6.209016
7.855000,0.630562,-0.171084,0.384192,0.899077,-0.428846,0.083102,0.029086,0.073685,2.898545,1.000000,-0.527112,6.216779
7.860000,0.630460,-0.171470,0.384193,0.899039,-0.428904,0.083129,0.029315,0.073685,2.900658,1.000000,-0.528259,6.224582
7.865000,0.630359,-0.171855,0.384194,0.899001,-0.428962,0.083157,0.029544,0.073685,2.902775,1.000000,-0.529356,6.232389
7.870000,0.630255,-0.172242,0.384194,0.898973,-0.429011,0.083153,0.029712,0.073685,2.904895,1.000000,-0.530253,6.240303
7.875000,0.630151,-0.172630,0.384194,0.898944,-0.429060,0.083150,0.029881,0.073685,2.907019,1.000000,-0.531005,6.248219
7.880000,0.630047,-0.173017,0.384194,0.898916,-0.429109,0.083146,0.030049,0.073685,2.909146,1.000000,-0.531661,6.256132
7.885000,0.629943,-0.173404,0.384194,0.898887,-0.429158,0.083142,0.030217,0.073685,2.911275,1.000000,-0.532248,6.264038
7.890000,0.629839,-0.173791,0.384194,0.898858,-0.429207,0.083138,0.030385,0.073685,2.913407,1.000000,-0.532786,6.271947
7.895000,0.629736,-0.174178,0.384194,0.898830,-0.429255,0.083134,0.030553,0.073685,2.915540,1.000000,-0.533284,6.279861
7.900000,0.629632,-0.174566,0.384194,0.898801,-0.429304,0.083130,0.030721,0.073685,2.917676,1.000000,-0.533751,6.287778
7.905000,0.629529,-0.174942,0.384194,0.898781,-0.429344,0.083103,0.030833,0.073685,2.919812,1.000000,-0.533929,6.295205
7.910000,0.629426,-0.175319,0.384195,0.898760,-0.429384,0.083076,0.030945,0.073685,2.921949,1.000000,-0.533925,6.302648
7.915000,0.629324,-0.175696,0.384196,0.898740,-0.429423,0.083048,0.031057,0.073685,2.924086,1.000000,-0.533800,6.310095
7.920000,0.629221,-0.176073,0.384197,0.898720,-0.429463,0.083020,0.031169,0.073685,2.926221,1.000000,-0.533595,6.317545
7.925000,0.629118,-0.176449,0.384198,0.898700,-0.429502,0.082992,0.031280,0.073685,2.928356,1.000000,-0.533332,6.324999
7.930000,0.629016,-0.176826,0.384199,0.898680,-0.429542,0.082963,0.031392,0.073685,2.930490,1.000000,-0.533029,6.332466
7.935000,0.628913,-0.177203,0.384200,0.898660,-0.429581,0.082935,0.031503,0.073685,2.932622,1.000000,-0.532697,6.339946
7.940000,0.628812,-0.177571,0.384202,0.898643,-0.429617,0.082899,0.031593,0.073685,2.934753,1.000000,-0.532194,6.347011
7.945000,0.628710,-0.177939,0.384204,0.898626,-0.429653,0.082863,0.031682,0.073685,2.936881,1.000000,-0.531587,6.354081
7.950000,0.628608,-0.178306,0.384207,0.898609,-0.429688,0.082827,0.031771,0.073685,2.939007,1.000000,-0.530911,6.361153
7.955000,0.628506,-0.178674,0.384209,0.898592,-0.429724,0.082791,0.031860,0.073685,2.941130,1.000000,-0.530189,6.368269
7.960000,0.628405,-0.179042,0.384211,0.898576,-0.429759,0.082754,0.031949,0.073685,2.943250,1.000000,-0.529436,6.375415
7.965000,0.628303,-0.179410,0.384213,0.898559,-0.429795,0.082717,0.032037,0.073685,2.945367,1.000000,-0.528660,6.382565
7.970000,0.628202,-0.179778,0.384216,0.898542,-0.429830,0.082680,0.032126,0.073685,2.947480,1.000000,-0.527867,6.389718
7.975000,0.628100,-0.180140,0.384217,0.898526,-0.429865,0.082643,0.032212,0.073685,2.949591,1.000000,-0.527004,6.396646
7.980000,0.627999,-0.180503,0.384219,0.898509,-0.429901,0.082605,0.032298,0.073685,2.951697,1.000000,-0.526100,6.403564
7.985000,0.627898,-0.180865,0.384220,0.898493,-0.429936,0.082567,0.032384,0.073685,2.953801,1.000000,-0.525171,6.410477
7.990000,0.627797,-0.181228,0.384222,0.898476,-0.429971,0.082529,0.032470,0.073685,2.955900,1.000000,-0.524225,6.417394
7.995000,0.627695,-0.181590,0.384224,0.898460,-0.430006,0.082490,0.032555,0.073685,2.957995,1.000000,-0.523271,6.424315
8.000000,0.627594,-0.181953,0.384225,0.898443,-0.430041,0.082451,0.032641,0.073685,2.960087,1.000000,-0.522314,6.431239
8.005000,0.627495,-0.182307,0.384228,0.898427,-0.430076,0.082415,0.032725,0.073685,2.962175,1.000000,-0.521272,6.437796
8.010000,0.627395,-0.182662,0.384230,0.898411,-0.430111,0.082378,0.032810,0.073685,2.964258,1.000000,-0.520185,6.444364
8.015000,0.627296,-0.183016,0.384232,0.898395,-0.430146,0.082341,0.032894,0.073685,2.966337,1.000000,-0.519072,6.450937
8.020000,0.627196,-0.183370,0.384235,0.898378,-0.430180,0.082303,0.032978,0.073685,2.968412,1.000000,-0.517942,6.457514
8.025000,0.627097,-0.183725,0.384237,0.898362,-0.430215,0.082266,0.033062,0.073685,2.970481,1.000000,-0.516804,6.464094
8.030000,0.626997,-0.184079,0.384240,0.898346,-0.430250,0.082228,0.033146,0.073685,2.972547,1.000000,-0.515667,6.470719
8.035000,0.626898,-0.184433,0.384242,0.898329,-0.430285,0.082190,0.033231,0.073685,2.974608,1.000000,-0.514533,6.477362
8.040000,0.626800,-0.184782,0.384248,0.898313,-0.430319,0.082156,0.033314,0.073685,2.976664,1.000000,-0.513343,6.483698
8.045000,0.626702,-0.185130,0.384253,0.898297,-0.430353,0.082121,0.033397,0.073685,2.978715,1.000000,-0.512127,6.490039
8.050000,0.626604,-0.185479,0.384258,0.898280,-0.430388,0.082086,0.033480,0.073685,2.980761,1.000000,-0.510898,6.496383
8.055000,0.626507,-0.185827,0.384263,0.898264,-0.430422,0.082051,0.033563,0.073685,2.982803,1.000000,-0.509663,6.502718
8.060000,0.626409,-0.186176,0.384269,0.898247,-0.430457,0.082016,0.033646,0.073685,2.984839,1.000000,-0.508430,6.509054
8.065000,0.626311,-0.186524,0.384274,0.898231,-0.430491,0.081981,0.033728,0.073685,2.986871,1.000000,-0.507204,6.515394
8.070000,0.626213,-0.186872,0.384279,0.898215,-0.430526,0.081945,0.033811,0.073685,2.988898,1.000000,-0.505988,6.521738
8.075000,0.626115,-0.187219,0.384286,0.898198,-0.430560,0.081911,0.033895,0.073685,2.990920,1.000000,-0.504776,6.528004
8.080000,0.626017,-0.187566,0.384293,0.898181,-0.430595,0.081878,0.033979,0.073685,2.992937,1.000000,-0.503579,6.534317
8.085000,0.625919,-0.187913,0.384299,0.898165,-0.430629,0.081844,0.034063,0.073685,2.994949,1.000000,-0.502396,6.540640
8.090000,0.625822,-0.188260,0.384306,0.898148,-0.430664,0.081810,0.034147,0.073685,2.996956,1.000000,-0.501230,6.546968
8.095000,0.625724,-0.188607,0.384313,0.898131,-0.430698,0.081775,0.034230,0.073685,2.998959,1.000000,-0.500085,6.553299
8.100000,0.625626,-0.188954,0.384320,0.898115,-0.430733,0.081740,0.034314,0.073685,3.000958,1.000000,-0.498961,6.559634
8.105000,0.625528,-0.189301,0.384326,0.898098,-0.430768,0.081705,0.034398,0.073685,3.002952,1.000000,-0.497860,6.565957
8.110000,0.625429,-0.189645,0.384332,0.898081,-0.430803,0.081670,0.034483,0.073685,3.004941,1.000000,-0.496769,6.572197
8.115000,0.625331,-0.189989,0.384337,0.898064,-0.430839,0.081635,0.034569,0.073685,3.006927,1.000000,-0.495696,6.578440
8.120000,0.625232,-0.190333,0.384342,0.898047,-0.430874,0.081599,0.034655,0.073685,3.008908,1.000000,-0.494647,6.584688
8.125000,0.625133,-0.190678,0.384347,0.898030,-0.430910,0.081563,0.034741,0.073685,3.010885,1.000000,-0.493623,6.590940
8.130000,0.625034,-0.191022,0.384353,0.898013,-0.430945,0.081526,0.034826,0.073685,3.012858,1.000000,-0.492628,6.597207
8.135000,0.624936,-0.191366,0.384358,0.897996,-0.430981,0.081490,0.034912,0.073685,3.014827,1.000000,-0.491663,6.603478
8.140000,0.624837,-0.191710,0.384363,0.897978,-0.431017,0.081453,0.034997,0.073685,3.016792,1.000000,-0.490728,6.609753
8.145000,0.624740,-0.192039,0.384366,0.897962,-0.431052,0.081415,0.035079,0.073685,3.018753,1.000000,-0.489668,6.615379
8.150000,0.624644,-0.192368,0.384369,0.897945,-0.431087,0.081377,0.035161,0.073685,3.020709,1.000000,-0.488549,6.621009
8.155000,0.624548,-0.192698,0.384372,0.897929,-0.431122,0.081339,0.035243,0.073685,3.022662,1.000000,-0.487405,6.626699
8.160000,0.624451,-0.193027,0.384375,0.897912,-0.431157,0.081301,0.035324,0.073685,3.024609,1.000000,-0.486248,6.632394
8.165000,0.624355,-0.193356,0.384377,0.897895,-0.431193,0.081262,0.035406,0.073685,3.026552,1.000000,-0.485092,6.638092
8.170000,0.624259,-0.193685,0.384380,0.897878,-0.431228,0.081224,0.035488,0.073685,3.028490,1.000000,-0.483944,6.643794
8.175000,0.624166,-0.193997,0.384382,0.897862,-0.431263,0.081185,0.035565,0.073685,3.030424,1.000000,-0.482628,6.648736
8.180000,0.624073,-0.194310,0.384384,0.897846,-0.431297,0.081147,0.035642,0.073685,3.032351,1.000000,-0.481222,6.653660
8.185000,0.623980,-0.194622,0.384385,0.897830,-0.431332,0.081108,0.035718,0.073685,3.034273,1.000000,-0.479762,6.658588
8.190000,0.623887,-0.194934,0.384387,0.897814,-0.431367,0.081069,0.035795,0.073685,3.036189,1.000000,-0.478272,6.663520
8.195000,0.623794,-0.195247,0.384389,0.897797,-0.431402,0.081030,0.035872,0.073685,3.038099,1.000000,-0.476767,6.668457
8.200000,0.623701,-0.195559,0.384391,0.897781,-0.431437,0.080991,0.035949,0.073685,3.040003,1.000000,-0.475257,6.673399
8.205000,0.623608,-0.195871,0.384392,0.897764,-0.431472,0.080952,0.036027,0.073685,3.041901,1.000000,-0.473749,6.678361
8.210000,0.623518,-0.196172,0.384394,0.897748,-0.431507,0.080917,0.036106,0.073685,3.043793,1.000000,-0.472131,6.682747
8.215000,0.623429,-0.196472,0.384397,0.897731,-0.431542,0.080881,0.036185,0.073685,3.045678,1.000000,-0.470457,6.687137
8.220000,0.623339,-0.196772,0.384399,0.897714,-0.431577,0.080846,0.036264,0.073685,3.047556,1.000000,-0.468748,6.691531
8.225000,0.623249,-0.197072,0.384401,0.897697,-0.431612,0.080810,0.036344,0.073685,3.049428,1.000000,-0.467021,6.695931
8.230000,0.623159,-0.197372,0.384403,0.897680,-0.431648,0.080775,0.036423,0.073685,3.051292,1.000000,-0.465287,6.700347
8.235000,0.623069,-0.197672,0.384405,0.897663,-0.431683,0.080739,0.036503,0.073685,3.053150,1.000000,-0.463552,6.704767
8.240000,0.622980,-0.197972,0.384407,0.897645,-0.431719,0.080703,0.036583,0.073685,3.055000,1.000000,-0.461823,6.709191
8.245000,0.622895,-0.198255,0.384410,0.897628,-0.431754,0.080674,0.036666,0.073685,3.056843,1.000000,-0.459935,6.712776
8.250000,0.622811,-0.198538,0.384413,0.897610,-0.431790,0.080646,0.036750,0.073685,3.058679,1.000000,-0.457960,6.716362
8.255000,0.622727,-0.198820,0.384416,0.897592,-0.431825,0.080617,0.036833,0.073685,3.060506,1.000000,-0.455925,6.719944
8.260000,0.622642,-0.199103,0.384419,0.897574,-0.431861,0.080588,0.036917,0.073685,3.062325,1.000000,-0.453848,6.723531
8.265000,0.622558,-0.199386,0.384422,0.897556,-0.431897,0.080559,0.037001,0.073685,3.064136,1.000000,-0.451742,6.727121
8.270000,0.622474,-0.199669,0.384425,0.897538,-0.431933,0.080530,0.037085,0.073685,3.065938,1.000000,-0.449617,6.730716
8.275000,0.622389,-0.199951,0.384427,0.897519,-0.431969,0.080500,0.037169,0.073685,3.067732,1.000000,-0.447483,6.734330
8.280000,0.622310,-0.200220,0.384432,0.897500,-0.432005,0.080480,0.037261,0.073685,3.069517,1.000000,-0.445223,6.737290
8.285000,0.622230,-0.200489,0.384436,0.897481,-0.432041,0.080460,0.037354,0.073685,3.071293,1.000000,-0.442893,6.740253
8.290000,0.622150,-0.200757,0.384440,0.897461,-0.432077,0.080440,0.037447,0.073685,3.073059,1.000000,-0.440513,6.743221
8.295000,0.622071,-0.201026,0.384444,0.897441,-0.432114,0.080420,0.037539,0.073685,3.074815,1.000000,-0.438101,6.746193
8.300000,0.621991,-0.201294,0.384448,0.897421,-0.432151,0.080400,0.037632,0.073685,3.076562,1.000000,-0.435668,6.749156
8.305000,0.621912,-0.201563,0.384452,0.897402,-0.432188,0.080380,0.037725,0.073685,3.078299,1.000000,-0.433222,6.752101
8.310000,0.621832,-0.201832,0.384456,0.897382,-0.432225,0.080359,0.037818,0.073685,3.080027,1.000000,-0.430774,6.755050
8.315000,0.621754,-0.202096,0.384463,0.897358,-0.432264,0.080355,0.037933,0.073685,3.081744,1.000000,-0.428340,6.757741
8.320000,0.621677,-0.202360,0.384470,0.897335,-0.432303,0.080350,0.038048,0.073685,3.083452,1.000000,-0.425926,6.760436
8.325000,0.621599,-0.202624,0.384477,0.897312,-0.432342,0.080345,0.038163,0.073685,3.085150,1.000000,-0.423529,6.763162
8.330000,0.621522,-0.202888,0.384484,0.897288,-0.432382,0.080340,0.038278,0.073685,3.086839,1.000000,-0.421147,6.765922
8.335000,0.621444,-0.203151,0.384491,0.897265,-0.432422,0.080335,0.038394,0.073685,3.088518,1.000000,-0.418781,6.768686
8.340000,0.621367,-0.203415,0.384498,0.897241,-0.432461,0.080330,0.038509,0.073685,3.090188,1.000000,-0.416433,6.771454
8.345000,0.621291,-0.203678,0.384508,0.897213,-0.432504,0.080344,0.038653,0.073685,3.091849,1.000000,-0.414170,6.774118
8.350000,0.621215,-0.203941,0.384519,0.897185,-0.432547,0.080358,0.038798,0.073685,3.093500,1.000000,-0.411976,6.776766
8.355000,0.621139,-0.204203,0.384529,0.897156,-0.432590,0.080371,0.038942,0.073685,3.095143,1.000000,-0.409832,6.779405
8.360000,0.621063,-0.204466,0.384539,0.897128,-0.432634,0.080385,0.039087,0.073685,3.096778,1.000000,-0.407730,6.782047
8.365000,0.620987,-0.204729,0.384549,0.897099,-0.432677,0.080399,0.039232,0.073685,3.098404,1.000000,-0.405666,6.784693
8.370000,0.620912,-0.204992,0.384560,0.897071,-0.432721,0.080413,0.039376,0.073685,3.100022,1.000000,-0.403639,6.787343
8.375000,0.620836,-0.205254,0.384570,0.897042,-0.432765,0.080427,0.039521,0.073685,3.101632,1.000000,-0.401650,6.790022
8.380000,0.620761,-0.205519,0.384585,0.897009,-0.432811,0.080457,0.039692,0.073685,3.103235,1.000000,-0.399787,6.792733
8.385000,0.620686,-0.205783,0.384599,0.896976,-0.432858,0.080488,0.039863,0.073685,3.104830,1.000000,-0.398023,6.795448
8.390000,0.620611,-0.206048,0.384614,0.896943,-0.432905,0.080519,0.040033,0.073685,3.106418,1.000000,-0.396333,6.798167
8.395000,0.620537,-0.206312,0.384629,0.896910,-0.432952,0.080549,0.040204,0.073685,3.108000,1.000000,-0.394706,6.800890
8.400000,0.620462,-0.206577,0.384644,0.896877,-0.432999,0.080580,0.040375,0.073685,3.109575,1.000000,-0.393134,6.803666
8.405000,0.620387,-0.206841,0.384659,0.896844,-0.433046,0.080610,0.040546,0.073685,3.111144,1.000000,-0.391615,6.806458
8.410000,0.620313,-0.207106,0.384674,0.896811,-0.433093,0.080641,0.040717,0.073685,3.112708,1.000000,-0.390147,6.809255
8.415000,0.620239,-0.207375,0.384697,0.896772,-0.433143,0.080695,0.040921,0.073685,3.114265,1.000000,-0.388867,6.812180
8.420000,0.620165,-0.207645,0.384720,0.896734,-0.433194,0.080748,0.041126,0.073685,3.115818,1.000000,-0.387728,6.815110
8.425000,0.620091,-0.207915,0.384743,0.896695,-0.433245,0.080802,0.041330,0.073685,3.117367,1.000000,-0.386693,6.818053
8.430000,0.620017,-0.208184,0.384766,0.896656,-0.433295,0.080856,0.041534,0.073685,3.118912,1.000000,-0.385739,6.821002
8.435000,0.619943,-0.208454,0.384789,0.896618,-0.433346,0.080909,0.041738,0.073685,3.120453,1.000000,-0.384855,6.823955
8.440000,0.619870,-0.208724,0.384812,0.896579,-0.433396,0.080963,0.041942,0.073685,3.121991,1.000000,-0.384033,6.826912
8.445000,0.619796,-0.208994,0.384835,0.896540,-0.433447,0.081017,0.042146,0.073685,3.123525,1.000000,-0.383268,6.829873
8.450000,0.619724,-0.209268,0.384866,0.896511,-0.433469,0.081087,0.042394,0.073685,3.125057,1.000000,-0.382678,6.832977
8.455000,0.619652,-0.209542,0.384897,0.896483,-0.433490,0.081157,0.042642,0.073685,3.126587,1.000000,-0.382226,6.836090
8.460000,0.619580,-0.209816,0.384927,0.896454,-0.433512,0.081228,0.042890,0.073685,3.128116,1.000000,-0.381880,6.839206
8.465000,0.619509,-0.210090,0.384958,0.896426,-0.433533,0.081298,0.043138,0.073685,3.129643,1.000000,-0.381619,6.842327
8.470000,0.619437,-0.210365,0.384989,0.896397,-0.433555,0.081368,0.043387,0.073685,3.131169,1.000000,-0.381430,6.845451
8.475000,0.619365,-0.210639,0.385020,0.896368,-0.433576,0.081439,0.043635,0.073685,3.132695,1.000000,-0.381304,6.848605
8.480000,0.619293,-0.210913,0.385051,0.896339,-0.433598,0.081509,0.043883,0.073685,3.134220,1.000000,-0.381234,6.851764
8.485000,0.619220,-0.211196,0.385087,0.896309,-0.433618,0.081587,0.044142,0.073685,3.135746,1.000000,-0.381332,6.855270
8.490000,0.619148,-0.211479,0.385124,0.896279,-0.433638,0.081665,0.044402,0.073685,3.137272,1.000000,-0.381554,6.858781
8.495000,0.619075,-0.211763,0.385160,0.896250,-0.433659,0.081743,0.044662,0.073685,3.138800,1.000000,-0.381871,6.862296
8.500000,0.619002,-0.212046,0.385197,0.896220,-0.433679,0.081821,0.044921,0.073685,3.140328,1.000000,-0.382267,6.865805
8.505000,0.618929,-0.212329,0.385233,0.896189,-0.433700,0.081900,0.045181,0.073685,3.141859,1.000000,-0.382743,6.869319
8.510000,0.618857,-0.212613,0.385270,0.896159,-0.433720,0.081978,0.045441,0.073685,3.143392,1.000000,-0.383291,6.872837
8.515000,0.618781,-0.212911,0.385312,0.896125,-0.433748,0.082062,0.045707,0.073685,3.144927,1.000000,-0.384076,6.876979
8.520000,0.618705,-0.213209,0.385354,0.896090,-0.433775,0.082146,0.045972,0.073685,3.146466,1.000000,-0.385022,6.881125
8.525000,0.618629,-0.213507,0.385396,0.896056,-0.433802,0.082230,0.046238,0.073685,3.148009,1.000000,-0.386086,6.885285
8.530000,0.618553,-0.213805,0.385439,0.896021,-0.433829,0.082315,0.046504,0.073685,3.149557,1.000000,-0.387239,6.889450
8.535000,0.618477,-0.214103,0.385481,0.895987,-0.433856,0.082399,0.046770,0.073685,3.151109,1.000000,-0.388463,6.893618
8.540000,0.618401,-0.214401,0.385523,0.895952,-0.433883,0.082483,0.047036,0.073685,3.152667,1.000000,-0.389745,6.897790
8.545000,0.618325,-0.214700,0.385565,0.895917,-0.433910,0.082567,0.047301,0.073685,3.154229,1.000000,-0.391076,6.901964
8.550000,0.618249,-0.215005,0.385615,0.895883,-0.433933,0.082661,0.047581,0.073685,3.155798,1.000000,-0.392550,6.906311
8.555000,0.618174,-0.215310,0.385665,0.895848,-0.433955,0.082754,0.047860,0.073685,3.157372,1.000000,-0.394125,6.910663
8.560000,0.618099,-0.215615,0.385715,0.895814,-0.433977,0.082848,0.048140,0.073685,3.158953,1.000000,-0.395772,6.915019
8.565000,0.618024,-0.215919,0.385765,0.895779,-0.434000,0.082941,0.048419,0.073685,3.160541,1.000000,-0.397473,6.919379
8.570000,0.617948,-0.216225,0.385815,0.895745,-0.434022,0.083035,0.048699,0.073685,3.162136,1.000000,-0.399213,6.923740
8.575000,0.617873,-0.216530,0.385865,0.895710,-0.434044,0.083129,0.048978,0.073685,3.163737,1.000000,-0.400985,6.928090
8.580000,0.617798,-0.216835,0.385915,0.895675,-0.434066,0.083222,0.049258,0.073685,3.165346,1.000000,-0.402780,6.932445
8.585000,0.617726,-0.217141,0.385976,0.895636,-0.434097,0.083324,0.049526,0.073685,3.166962,1.000000,-0.404592,6.936693
8.590000,0.617654,-0.217448,0.386036,0.895597,-0.434128,0.083425,0.049794,0.073685,3.168585,1.000000,-0.406408,6.940947
8.595000,0.617582,-0.217755,0.386097,0.895558,-0.434158,0.083526,0.050063,0.073685,3.170216,1.000000,-0.408224,6.945209
8.600000,0.617510,-0.218062,0.386157,0.895518,-0.434189,0.083628,0.050331,0.073685,3.171854,1.000000,-0.410036,6.949486
8.605000,0.617438,-0.218369,0.386218,0.895479,-0.434219,0.083729,0.050599,0.073685,3.173499,1.000000,-0.411843,6.953767
8.610000,0.617367,-0.218676,0.386278,0.895440,-0.434250,0.083830,0.050868,0.073685,3.175151,1.000000,-0.413641,6.958053
8.615000,0.617295,-0.218983,0.386339,0.895400,-0.434280,0.083932,0.051136,0.073685,3.176811,1.000000,-0.415429,6.962343
8.620000,0.617227,-0.219297,0.386416,0.895347,-0.434340,0.084043,0.051369,0.073685,3.178477,1.000000,-0.417216,6.966695
8.625000,0.617160,-0.219612,0.386492,0.895294,-0.434400,0.084154,0.051602,0.073684,3.180151,1.000000,-0.418978,6.971078
8.630000,0.617092,-0.219926,0.386569,0.895241,-0.434460,0.084264,0.051834,0.073684,3.181832,1.000000,-0.420713,6.975467
8.635000,0.617024,-0.220240,0.386646,0.895188,-0.434520,0.084375,0.052067,0.073684,3.183519,1.000000,-0.422421,6.979860
8.640000,0.616957,-0.220554,0.386723,0.895135,-0.434580,0.084486,0.052300,0.073684,3.185214,1.000000,-0.424103,6.984258
8.645000,0.616889,-0.220869,0.386799,0.895082,-0.434640,0.084597,0.052533,0.073684,3.186915,1.000000,-0.425759,6.988652
8.650000,0.616821,-0.221183,0.386876,0.895029,-0.434700,0.084708,0.052765,0.073684,3.188622,1.000000,-0.427390,6.993038
8.655000,0.616760,-0.221506,0.386973,0.894965,-0.434781,0.084835,0.052976,0.073684,3.190337,1.000000,-0.429045,6.997442
8.660000,0.616698,-0.221829,0.387070,0.894901,-0.434862,0.084963,0.053186,0.073684,3.192057,1.000000,-0.430688,7.001851
8.665000,0.616636,-0.222152,0.387167,0.894837,-0.434944,0.085090,0.053396,0.073684,3.193785,1.000000,-0.432309,7.006267
8.670000,0.616574,-0.222474,0.387264,0.894773,-0.435025,0.085217,0.053606,0.073684,3.195519,1.000000,-0.433904,7.010700
8.675000,0.616513,-0.222797,0.387361,0.894709,-0.435106,0.085344,0.053816,0.073684,3.197259,1.000000,-0.435470,7.015150
8.680000,0.616451,-0.223120,0.387458,0.894644,-0.435186,0.085472,0.054026,0.073684,3.199005,1.000000,-0.437006,7.019605
8.685000,0.616397,-0.223445,0.387575,0.894576,-0.435274,0.085617,0.054226,0.073684,3.200757,1.000000,-0.438515,7.023772
8.690000,0.616343,-0.223769,0.387692,0.894507,-0.435361,0.085763,0.054426,0.073684,3.202516,1.000000,-0.439980,7.027946
8.695000,0.616289,-0.224094,0.387809,0.894439,-0.435448,0.085909,0.054626,0.073684,3.204280,1.000000,-0.441397,7.032125
8.700000,0.616235,-0.224418,0.387926,0.894370,-0.435535,0.086055,0.054826,0.073684,3.206049,1.000000,-0.442765,7.036308
8.705000,0.616181,-0.224743,0.388044,0.894301,-0.435622,0.086201,0.055026,0.073684,3.207824,1.000000,-0.444087,7.040498
8.710000,0.616127,-0.225068,0.388161,0.894233,-0.435709,0.086347,0.055226,0.073684,3.209605,1.000000,-0.445363,7.044695
8.715000,0.616073,-0.225392,0.388278,0.894192,-0.435741,0.086476,0.055438,0.073684,3.211390,1.000000,-0.446561,7.048906
8.720000,0.616026,-0.225712,0.388411,0.894160,-0.435749,0.086617,0.055657,0.073684,3.213179,1.000000,-0.447662,7.052659
8.725000,0.615979,-0.226032,0.388543,0.894129,-0.435757,0.086757,0.055877,0.073684,3.214973,1.000000,-0.448691,7.056432
8.730000,0.615931,-0.226352,0.388676,0.894098,-0.435764,0.086897,0.056096,0.073684,3.216771,1.000000,-0.449663,7.060212
8.735000,0.615884,-0.226672,0.388809,0.894068,-0.435771,0.087037,0.056315,0.073684,3.218573,1.000000,-0.450583,7.064000
8.740000,0.615837,-0.226991,0.388942,0.894037,-0.435777,0.087176,0.056534,0.073684,3.220378,1.000000,-0.451454,7.067798
8.745000,0.615790,-0.227311,0.389075,0.894007,-0.435782,0.087314,0.056753,0.073684,3.222187,1.000000,-0.452276,7.071613
8.750000,0.615742,-0.227631,0.389208,0.893977,-0.435787,0.087452,0.056973,0.073684,3.223998,1.000000,-0.453051,7.075440
8.755000,0.615691,-0.227949,0.389338,0.893946,-0.435793,0.087592,0.057204,0.073684,3.225813,1.000000,-0.453810,7.079307
8.760000,0.615641,-0.228267,0.389468,0.893915,-0.435798,0.087731,0.057436,0.073684,3.227631,1.000000,-0.454548,7.083183
8.765000,0.615590,-0.228586,0.389598,0.893884,-0.435803,0.087869,0.057667,0.073684,3.229452,1.000000,-0.455317,7.087067
8.770000,0.615539,-0.228904,0.389729,0.893853,-0.435808,0.088008,0.057899,0.073684,3.231276,1.000000,-0.456255,7.090934
8.775000,0.615489,-0.229222,0.389859,0.893823,-0.435812,0.088146,0.058131,0.073684,3.233104,1.000000,-0.457279,7.094800
8.780000,0.615438,-0.229540,0.389989,0.893792,-0.435815,0.088284,0.058362,0.073684,3.234937,1.000000,-0.458319,7.098673
8.785000,0.615387,-0.229859,0.390119,0.893762,-0.435818,0.088421,0.058594,0.073684,3.236773,1.000000,-0.459341,7.102555
8.790000,0.615326,-0.230174,0.390226,0.893733,-0.435827,0.088529,0.058815,0.073684,3.238614,1.000000,-0.460271,7.106787
8.795000,0.615264,-0.230490,0.390333,0.893703,-0.435836,0.088637,0.059036,0.073684,3.240458,1.000000,-0.461147,7.110998
8.800000,0.615202,-0.230806,0.390440,0.893674,-0.435843,0.088745,0.059257,0.073684,3.242305,1.000000,-0.461982,7.115210
8.805000,0.615140,-0.231122,0.390546,0.893645,-0.435851,0.088852,0.059478,0.073684,3.244156,1.000000,-0.462782,7.119427
8.810000,0.615078,-0.231438,0.390653,0.893617,-0.435857,0.088958,0.059698,0.073683,3.246009,1.000000,-0.463555,7.123651
8.815000,0.615016,-0.231753,0.390760,0.893588,-0.435864,0.089065,0.059919,0.073683,3.247866,1.000000,-0.464304,7.127882
8.820000,0.614954,-0.232069,0.390866,0.893560,-0.435869,0.089171,0.060140,0.073683,3.249726,1.000000,-0.465033,7.132078
8.825000,0.614881,-0.232373,0.390941,0.893532,-0.435885,0.089239,0.060338,0.073683,3.251588,1.000000,-0.465538,7.136261
8.830000,0.614808,-0.232676,0.391015,0.893505,-0.435900,0.089306,0.060536,0.073683,3.253452,1.000000,-0.465926,7.140448
8.835000,0.614735,-0.232979,0.391090,0.893478,-0.435914,0.089373,0.060734,0.073683,3.255317,1.000000,-0.466241,7.144640
8.840000,0.614663,-0.233282,0.391164,0.893451,-0.435929,0.089440,0.060932,0.073683,3.257183,1.000000,-0.466509,7.148838
8.845000,0.614590,-0.233586,0.391238,0.893423,-0.435943,0.089507,0.061130,0.073683,3.259050,1.000000,-0.466746,7.152985
8.850000,0.614517,-0.233889,0.391313,0.893396,-0.435958,0.089574,0.061328,0.073683,3.260919,1.000000,-0.466964,7.157129
8.855000,0.614434,-0.234176,0.391357,0.893369,-0.435981,0.089606,0.061503,0.073683,3.262787,1.000000,-0.466920,7.161044
8.860000,0.614351,-0.234462,0.391401,0.893343,-0.436005,0.089637,0.061678,0.073683,3.264655,1.000000,-0.466740,7.164964
8.865000,0.614268,-0.234749,0.391445,0.893316,-0.436028,0.089669,0.061853,0.073683,3.266522,1.000000,-0.466477,7.168889
8.870000,0.614186,-0.235036,0.391489,0.893289,-0.436052,0.089700,0.062028,0.073683,3.268387,1.000000,-0.466165,7.172749
8.875000,0.614103,-0.235322,0.391533,0.893262,-0.436075,0.089732,0.062202,0.073683,3.270252,1.000000,-0.465821,7.176610
8.880000,0.614020,-0.235609,0.391577,0.893235,-0.436099,0.089764,0.062377,0.073683,3.272115,1.000000,-0.465459,7.180474
8.885000,0.613937,-0.235896,0.391620,0.893208,-0.436123,0.089796,0.062552,0.073683,3.273976,1.000000,-0.465087,7.184343
8.890000,0.613848,-0.236163,0.391637,0.893184,-0.436155,0.089787,0.062682,0.073683,3.275835,1.000000,-0.464372,7.187771
8.895000,0.613759,-0.236430,0.391654,0.893160,-0.436188,0.089778,0.062812,0.073683,3.277691,1.000000,-0.463471,7.191169
8.900000,0.613669,-0.236698,0.391670,0.893136,-0.436220,0.089770,0.062942,0.073683,3.279543,1.000000,-0.462458,7.194573
8.905000,0.613580,-0.236965,0.391687,0.893112,-0.436253,0.089761,0.063072,0.073683,3.281390,1.000000,-0.461378,7.197980
8.910000,0.613491,-0.237233,0.391704,0.893088,-0.436285,0.089753,0.063202,0.073683,3.283233,1.000000,-0.460263,7.201392
8.915000,0.613401,-0.237500,0.391720,0.893063,-0.436318,0.089746,0.063332,0.073683,3.285072,1.000000,-0.459129,7.204797
8.920000,0.613312,-0.237768,0.391737,0.893038,-0.436351,0.089738,0.063462,0.073683,3.286906,1.000000,-0.457987,7.208121
8.925000,0.613226,-0.238008,0.391735,0.893019,-0.436387,0.089700,0.063541,0.073683,3.288735,1.000000,-0.456402,7.210370
8.930000,0.613139,-0.238248,0.391734,0.893000,-0.436423,0.089662,0.063619,0.073683,3.290556,1.000000,-0.454558,7.212621
8.935000,0.613053,-0.238488,0.391733,0.892980,-0.436459,0.089624,0.063697,0.073683,3.292370,1.000000,-0.452553,7.214879
8.940000,0.612967,-0.238728,0.391732,0.892961,-0.436494,0.089587,0.063776,0.073683,3.294175,1.000000,-0.450450,7.217147
8.945000,0.612881,-0.238967,0.391731,0.892942,-0.436530,0.089550,0.063856,0.073683,3.295972,1.000000,-0.448289,7.219434
8.950000,0.612794,-0.239207,0.391730,0.892922,-0.436566,0.089514,0.063935,0.073682,3.297760,1.000000,-0.446094,7.221727
8.955000,0.612708,-0.239447,0.391729,0.892902,-0.436602,0.089478,0.064015,0.073682,3.299539,1.000000,-0.443884,7.224023
8.960000,0.612621,-0.239682,0.391724,0.892886,-0.436638,0.089429,0.064071,0.073682,3.301309,1.000000,-0.441556,7.226166
8.965000,0.612534,-0.239918,0.391719,0.892869,-0.436674,0.089380,0.064128,0.073682,3.303070,1.000000,-0.439161,7.228306
8.970000,0.612447,-0.240153,0.391715,0.892852,-0.436710,0.089332,0.064185,0.073682,3.304820,1.000000,-0.436734,7.230441
8.975000,0.612360,-0.240388,0.391710,0.892835,-0.436745,0.089284,0.064242,0.073682,3.306562,1.000000,-0.434300,7.232579
8.980000,0.612273,-0.240623,0.391705,0.892819,-0.436781,0.089236,0.064300,0.073682,3.308293,1.000000,-0.431874,7.234723
8.985000,0.612186,-0.240858,0.391701,0.892802,-0.436816,0.089190,0.064358,0.073682,3.310015,1.000000,-0.429466,7.236873
8.990000,0.612099,-0.241094,0.391697,0.892785,-0.436851,0.089143,0.064417,0.073682,3.311727,1.000000,-0.427082,7.239052
8.995000,0.612016,-0.241318,0.391696,0.892770,-0.436883,0.089100,0.064468,0.073682,3.313430,1.000000,-0.424599,7.240681
9.000000,0.611933,-0.241543,0.391696,0.892755,-0.436916,0.089057,0.064519,0.073682,3.315122,1.000000,-0.422067,7.242313
9.005000,0.611850,-0.241767,0.391695,0.892739,-0.436948,0.089014,0.064571,0.073682,3.316804,1.000000,-0.419513,7.243951
9.010000,0.611767,-0.241991,0.391694,0.892724,-0.436981,0.088972,0.064622,0.073682,3.318476,1.000000,-0.416957,7.245595
9.015000,0.611683,-0.242216,0.391694,0.892709,-0.437012,0.088931,0.064675,0.073682,3.320138,1.000000,-0.414410,7.247322
9.020000,0.611600,-0.242440,0.391694,0.892694,-0.437043,0.088890,0.064727,0.073682,3.321790,1.000000,-0.411882,7.249077
9.025000,0.611529,-0.242636,0.391697,0.892680,-0.437071,0.088856,0.064772,0.073682,3.323430,1.000000,-0.409068,7.249403
9.030000,0.611458,-0.242833,0.391699,0.892667,-0.437098,0.088823,0.064817,0.073682,3.325059,1.000000,-0.406079,7.249735
9.035000,0.611387,-0.243029,0.391701,0.892653,-0.437126,0.088791,0.064862,0.073682,3.326676,1.000000,-0.402978,7.250073
9.040000,0.611315,-0.243226,0.391704,0.892640,-0.437153,0.088759,0.064908,0.073682,3.328280,1.000000,-0.399804,7.250516
9.045000,0.611244,-0.243422,0.391706,0.892627,-0.437179,0.088728,0.064954,0.073682,3.329872,1.000000,-0.396585,7.250983
9.050000,0.611173,-0.243618,0.391709,0.892614,-0.437205,0.088696,0.065000,0.073682,3.331450,1.000000,-0.393337,7.251454
9.055000,0.611102,-0.243815,0.391712,0.892601,-0.437232,0.088666,0.065047,0.073682,3.333016,1.000000,-0.390075,7.251931
9.060000,0.611033,-0.244004,0.391712,0.892588,-0.437258,0.088634,0.065092,0.073681,3.334568,1.000000,-0.386705,7.252086
9.065000,0.610964,-0.244193,0.391713,0.892575,-0.437283,0.088604,0.065137,0.073681,3.336106,1.000000,-0.383254,7.252287
9.070000,0.610896,-0.244382,0.391714,0.892562,-0.437308,0.088574,0.065182,0.073681,3.337631,1.000000,-0.379745,7.252506
9.075000,0.610827,-0.244571,0.391715,0.892550,-0.437333,0.088544,0.065227,0.073681,3.339141,1.000000,-0.376201,7.252729
9.080000,0.610758,-0.244761,0.391716,0.892537,-0.437358,0.088515,0.065273,0.073681,3.340637,1.000000,-0.372640,7.252958
9.085000,0.610690,-0.244950,0.391717,0.892524,-0.437383,0.088485,0.065318,0.073681,3.342119,1.000000,-0.369077,7.253194
9.090000,0.610621,-0.245139,0.391718,0.892512,-0.437408,0.088456,0.065364,0.073681,3.343587,1.000000,-0.365524,7.253439
9.095000,0.610552,-0.245328,0.391719,0.892499,-0.437432,0.088428,0.065408,0.073681,3.345041,1.000000,-0.361981,7.253657
9.100000,0.610484,-0.245516,0.391720,0.892487,-0.437457,0.088400,0.065453,0.073681,3.346480,1.000000,-0.358460,7.253881
9.105000,0.610415,-0.245704,0.391720,0.892475,-0.437481,0.088372,0.065498,0.073681,3.347905,1.000000,-0.354970,7.254109
9.110000,0.610347,-0.245893,0.391721,0.892462,-0.437505,0.088344,0.065543,0.073681,3.349317,1.000000,-0.351520,7.254342
9.115000,0.610278,-0.246081,0.391722,0.892450,-0.437530,0.088316,0.065588,0.073681,3.350715,1.000000,-0.348116,7.254556
9.120000,0.610209,-0.246269,0.391722,0.892436,-0.437555,0.088289,0.065633,0.073681,3.352099,1.000000,-0.344763,7.254681
9.125000,0.610141,-0.246458,0.391722,0.892423,-0.437581,0.088261,0.065677,0.073681,3.353470,1.000000,-0.341466,7.254813
9.130000,0.610071,-0.246648,0.391723,0.892410,-0.437606,0.088234,0.065723,0.073681,3.354828,1.000000,-0.338258,7.255068
9.135000,0.610000,-0.246839,0.391724,0.892397,-0.437631,0.088207,0.065768,0.073681,3.356174,1.000000,-0.335135,7.255330
9.140000,0.609930,-0.247030,0.391725,0.892384,-0.437657,0.088179,0.065814,0.073681,3.357507,1.000000,-0.332094,7.255597
9.145000,0.609860,-0.247221,0.391724,0.892370,-0.437685,0.088151,0.065859,0.073681,3.358828,1.000000,-0.329132,7.255586
9.150000,0.609790,-0.247412,0.391723,0.892355,-0.437713,0.088123,0.065904,0.073681,3.360137,1.000000,-0.326253,7.255555
9.155000,0.609719,-0.247602,0.391722,0.892341,-0.437742,0.088095,0.065950,0.073681,3.361436,1.000000,-0.323459,7.255528
9.160000,0.609649,-0.247793,0.391721,0.892326,-0.437770,0.088067,0.065995,0.073681,3.362723,1.000000,-0.320749,7.255506
9.165000,0.609578,-0.247986,0.391720,0.892312,-0.437799,0.088038,0.066041,0.073680,3.364000,1.000000,-0.318143,7.255585
9.170000,0.609506,-0.248178,0.391716,0.892295,-0.437832,0.088007,0.066087,0.073680,3.365266,1.000000,-0.315636,7.255346
9.175000,0.609433,-0.248370,0.391711,0.892278,-0.437867,0.087976,0.066133,0.073680,3.366523,1.000000,-0.313226,7.255050
9.180000,0.609361,-0.248562,0.391707,0.892260,-0.437901,0.087944,0.066180,0.073680,3.367770,1.000000,-0.310913,7.254757
9.185000,0.609289,-0.248754,0.391702,0.892243,-0.437935,0.087913,0.066226,0.073680,3.369008,1.000000,-0.308695,7.254470
9.190000,0.609217,-0.248946,0.391698,0.892226,-0.437970,0.087881,0.066272,0.073680,3.370238,1.000000,-0.306575,7.254164
9.195000,0.609145,-0.249131,0.391689,0.892206,-0.438011,0.087845,0.066317,0.073680,3.371459,1.000000,-0.304505,7.253309
9.200000,0.609073,-0.249317,0.391681,0.892186,-0.438053,0.087810,0.066363,0.073680,3.372672,1.000000,-0.302499,7.252461
9.205000,0.609002,-0.249502,0.391673,0.892166,-0.438094,0.087775,0.066408,0.073680,3.373877,1.000000,-0.300567,7.251616
9.210000,0.608930,-0.249688,0.391665,0.892145,-0.438135,0.087740,0.066454,0.073680,3.375075,1.000000,-0.298715,7.250777
9.215000,0.608857,-0.249873,0.391655,0.892123,-0.438180,0.087701,0.066500,0.073680,3.376266,1.000000,-0.296953,7.249865
9.220000,0.608783,-0.250057,0.391644,0.892100,-0.438229,0.087659,0.066547,0.073680,3.377449,1.000000,-0.295281,7.248915
9.225000,0.608709,-0.250241,0.391634,0.892077,-0.438277,0.087618,0.066594,0.073680,3.378627,1.000000,-0.293694,7.247970
9.230000,0.608640,-0.250415,0.391623,0.892055,-0.438323,0.087579,0.066638,0.073680,3.379798,1.000000,-0.292084,7.246525
9.235000,0.608569,-0.250589,0.391613,0.892032,-0.438372,0.087537,0.066682,0.073680,3.380962,1.000000,-0.290475,7.244727
9.240000,0.608497,-0.250763,0.391604,0.892009,-0.438421,0.087493,0.066728,0.073680,3.382120,1.000000,-0.288893,7.242629
9.245000,0.608425,-0.250937,0.391594,0.891985,-0.438470,0.087449,0.066773,0.073680,3.383272,1.000000,-0.287360,7.240532
9.250000,0.608353,-0.251112,0.391585,0.891962,-0.438519,0.087406,0.066819,0.073680,3.384417,1.000000,-0.285880,7.238411
9.255000,0.608280,-0.251288,0.391582,0.891945,-0.438556,0.087365,0.066864,0.073679,3.385557,1.000000,-0.284425,7.235554
9.260000,0.608206,-0.251464,0.391580,0.891927,-0.438593,0.087324,0.066909,0.073679,3.386691,1.000000,-0.283044,7.232696
9.265000,0.608137,-0.251631,0.391578,0.891910,-0.438628,0.087286,0.066951,0.073679,3.387820,1.000000,-0.281630,7.229379
9.270000,0.608069,-0.251796,0.391585,0.891905,-0.438639,0.087258,0.066990,0.073679,3.388943,1.000000,-0.280249,7.228046
9.275000,0.608002,-0.251961,0.391592,0.891899,-0.438651,0.087231,0.067029,0.073679,3.390060,1.000000,-0.278857,7.226716
9.280000,0.607934,-0.252126,0.391599,0.891893,-0.438662,0.087204,0.067067,0.073679,3.391172,1.000000,-0.277476,7.225390
9.285000,0.607865,-0.252292,0.391603,0.891884,-0.438681,0.087174,0.067106,0.073679,3.392279,1.000000,-0.276103,7.223311
9.290000,0.607793,-0.252457,0.391603,0.891867,-0.438715,0.087138,0.067146,0.073679,3.393380,1.000000,-0.274746,7.219887
9.295000,0.607720,-0.252622,0.391603,0.891851,-0.438749,0.087103,0.067185,0.073679,3.394475,1.000000,-0.273442,7.216461
9.300000,0.607655,-0.252770,0.391603,0.891836,-0.438782,0.087069,0.067221,0.073679,3.395565,1.000000,-0.272009,7.212101
9.305000,0.607589,-0.252918,0.391602,0.891821,-0.438814,0.087035,0.067257,0.073679,3.396650,1.000000,-0.270494,7.207621
9.310000,0.607523,-0.253066,0.391600,0.891806,-0.438846,0.087001,0.067292,0.073679,3.397728,1.000000,-0.268932,7.203138
9.315000,0.607457,-0.253214,0.391599,0.891791,-0.438877,0.086967,0.067328,0.073678,3.398799,1.000000,-0.267346,7.198631
9.320000,0.607391,-0.253362,0.391597,0.891776,-0.438909,0.086932,0.067364,0.073678,3.399865,1.000000,-0.265751,7.194092
9.325000,0.607325,-0.253510,0.391595,0.891761,-0.438941,0.086896,0.067399,0.073678,3.400923,1.000000,-0.264158,7.189551
9.330000,0.607258,-0.253657,0.391594,0.891746,-0.438972,0.086861,0.067435,0.073678,3.401976,1.000000,-0.262575,7.185056
9.335000,0.607198,-0.253786,0.391593,0.891733,-0.439000,0.086829,0.067466,0.073678,3.403022,1.000000,-0.260822,7.179719
9.340000,0.607138,-0.253915,0.391592,0.891720,-0.439029,0.086797,0.067496,0.073678,3.404060,1.000000,-0.258948,7.174380
9.345000,0.607078,-0.254043,0.391591,0.891707,-0.439057,0.086764,0.067527,0.073678,3.405091,1.000000,-0.256997,7.169095
9.350000,0.607015,-0.254170,0.391592,0.891696,-0.439081,0.086732,0.067557,0.073678,3.406114,1.000000,-0.255010,7.164196
9.355000,0.606953,-0.254296,0.391592,0.891684,-0.439106,0.086700,0.067588,0.073678,3.407129,1.000000,-0.252986,7.159296
9.360000,0.606891,-0.254423,0.391593,0.891673,-0.439130,0.086668,0.067618,0.073678,3.408136,1.000000,-0.250940,7.154399
9.365000,0.606832,-0.254537,0.391594,0.891664,-0.439150,0.086638,0.067645,0.073677,3.409134,1.000000,-0.248782,7.149366
9.370000,0.606772,-0.254651,0.391596,0.891656,-0.439169,0.086609,0.067672,0.073677,3.410124,1.000000,-0.246541,7.144614
9.375000,0.606713,-0.254764,0.391599,0.891647,-0.439187,0.086580,0.067699,0.073677,3.411104,1.000000,-0.244238,7.139863
9.380000,0.606653,-0.254878,0.391601,0.891639,-0.439206,0.086551,0.067726,0.073677,3.412075,1.000000,-0.241893,7.135118
9.385000,0.606593,-0.254991,0.391603,0.891631,-0.439223,0.086521,0.067753,0.073677,3.413037,1.000000,-0.239533,7.130698
9.390000,0.606532,-0.255103,0.391605,0.891624,-0.439241,0.086492,0.067780,0.073677,3.413989,1.000000,-0.237149,7.126408
9.395000,0.606472,-0.255215,0.391607,0.891616,-0.439258,0.086463,0.067806,0.073677,3.414932,1.000000,-0.234725,7.122121
9.400000,0.606414,-0.255319,0.391608,0.891608,-0.439275,0.086435,0.067832,0.073677,3.415864,1.000000,-0.232190,7.117447
9.405000,0.606355,-0.255422,0.391608,0.891600,-0.439294,0.086405,0.067857,0.073677,3.416786,1.000000,-0.229577,7.112656
9.410000,0.606297,-0.255525,0.391608,0.891591,-0.439314,0.086374,0.067883,0.073677,3.417698,1.000000,-0.226917,7.107814
9.415000,0.606238,-0.255629,0.391607,0.891582,-0.439334,0.086344,0.067909,0.073677,3.418599,1.000000,-0.224230,7.102974
9.420000,0.606180,-0.255732,0.391606,0.891573,-0.439355,0.086314,0.067935,0.073676,3.419489,1.000000,-0.221532,7.098140
9.425000,0.606121,-0.255836,0.391604,0.891562,-0.439378,0.086282,0.067961,0.073676,3.420369,1.000000,-0.218830,7.093089
9.430000,0.606063,-0.255939,0.391601,0.891551,-0.439403,0.086249,0.067988,0.073676,3.421237,1.000000,-0.216140,7.088002
9.435000,0.606006,-0.256035,0.391593,0.891541,-0.439428,0.086213,0.068012,0.073676,3.422095,1.000000,-0.213393,7.082592
9.440000,0.605949,-0.256130,0.391585,0.891530,-0.439452,0.086177,0.068037,0.073676,3.422942,1.000000,-0.210614,7.077157
9.445000,0.605893,-0.256226,0.391577,0.891520,-0.439476,0.086143,0.068061,0.073676,3.423777,1.000000,-0.207822,7.071442
9.450000,0.605838,-0.256323,0.391569,0.891510,-0.439500,0.086108,0.068086,0.073676,3.424602,1.000000,-0.205043,7.065728
9.455000,0.605782,-0.256420,0.391561,0.891499,-0.439524,0.086073,0.068110,0.073676,3.425415,1.000000,-0.202288,7.060019
9.460000,0.605726,-0.256516,0.391554,0.891489,-0.439547,0.086039,0.068134,0.073676,3.426217,1.000000,-0.199564,7.054307
9.465000,0.605671,-0.256613,0.391547,0.891480,-0.439569,0.086006,0.068158,0.073676,3.427009,1.000000,-0.196877,7.048572
9.470000,0.605613,-0.256705,0.391531,0.891471,-0.439592,0.085965,0.068181,0.073676,3.427790,1.000000,-0.194188,7.042739
9.475000,0.605556,-0.256796,0.391514,0.891462,-0.439615,0.085923,0.068204,0.073675,3.428560,1.000000,-0.191515,7.036910
9.480000,0.605498,-0.256888,0.391498,0.891452,-0.439638,0.085882,0.068226,0.073675,3.429319,1.000000,-0.188872,7.031073
9.485000,0.605441,-0.256980,0.391482,0.891443,-0.439661,0.085842,0.068248,0.073675,3.430068,1.000000,-0.186268,7.025171
9.490000,0.605384,-0.257072,0.391466,0.891434,-0.439684,0.085802,0.068271,0.073675,3.430807,1.000000,-0.183713,7.019270
9.495000,0.605327,-0.257163,0.391450,0.891425,-0.439707,0.085762,0.068293,0.073675,3.431535,1.000000,-0.181210,7.013373
9.500000,0.605270,-0.257255,0.391434,0.891416,-0.439730,0.085723,0.068315,0.073675,3.432254,1.000000,-0.178763,7.007461
9.505000,0.605209,-0.257344,0.391407,0.891405,-0.439758,0.085673,0.068337,0.073675,3.432963,1.000000,-0.176355,7.001353
9.510000,0.605149,-0.257433,0.391380,0.891395,-0.439785,0.085624,0.068359,0.073675,3.433663,1.000000,-0.174074,6.995244
9.515000,0.605088,-0.257521,0.391353,0.891385,-0.439812,0.085575,0.068381,0.073675,3.434353,1.000000,-0.171919,6.989139
9.520000,0.605027,-0.257610,0.391327,0.891374,-0.439839,0.085526,0.068403,0.073675,3.435036,1.000000,-0.169854,6.983009
9.525000,0.604967,-0.257699,0.391298,0.891362,-0.439870,0.085476,0.068425,0.073674,3.435710,1.000000,-0.167857,6.976547
9.530000,0.604907,-0.257789,0.391270,0.891350,-0.439900,0.085426,0.068447,0.073674,3.436377,1.000000,-0.165926,6.970084
9.535000,0.604849,-0.257864,0.391234,0.891339,-0.439931,0.085370,0.068466,0.073674,3.437035,1.000000,-0.163974,6.963071
9.540000,0.604791,-0.257940,0.391199,0.891327,-0.439962,0.085315,0.068486,0.073674,3.437686,1.000000,-0.162016,6.956039
9.545000,0.604735,-0.258016,0.391162,0.891315,-0.439995,0.085259,0.068505,0.073674,3.438329,1.000000,-0.160065,6.948893
9.550000,0.604678,-0.258092,0.391126,0.891302,-0.440028,0.085203,0.068524,0.073674,3.438965,1.000000,-0.158133,6.941745
9.555000,0.604621,-0.258168,0.391089,0.891290,-0.440061,0.085147,0.068543,0.073674,3.439592,1.000000,-0.156228,6.934599
9.560000,0.604564,-0.258244,0.391053,0.891278,-0.440094,0.085091,0.068563,0.073674,3.440213,1.000000,-0.154355,6.927440
9.565000,0.604508,-0.258321,0.391017,0.891265,-0.440127,0.085036,0.068582,0.073674,3.440825,1.000000,-0.152514,6.920198
9.570000,0.604451,-0.258382,0.390964,0.891254,-0.440161,0.084966,0.068597,0.073674,3.441431,1.000000,-0.150648,6.912482
9.575000,0.604394,-0.258443,0.390910,0.891242,-0.440196,0.084896,0.068613,0.073673,3.442028,1.000000,-0.148775,6.904768
9.580000,0.604336,-0.258504,0.390857,0.891230,-0.440231,0.084826,0.068628,0.073673,3.442619,1.000000,-0.146906,6.897058
9.585000,0.604280,-0.258565,0.390805,0.891219,-0.440265,0.084757,0.068643,0.073673,3.443202,1.000000,-0.145052,6.889364
9.590000,0.604223,-0.258626,0.390752,0.891208,-0.440299,0.084688,0.068658,0.073673,3.443777,1.000000,-0.143216,6.881672
9.595000,0.604166,-0.258687,0.390700,0.891196,-0.440333,0.084619,0.068673,0.073673,3.444345,1.000000,-0.141404,6.873980
9.600000,0.604109,-0.258748,0.390647,0.891185,-0.440366,0.084550,0.068688,0.073673,3.444906,1.000000,-0.139620,6.866290
9.605000,0.604046,-0.258795,0.390571,0.891174,-0.440404,0.084459,0.068701,0.073673,3.445460,1.000000,-0.137846,6.858390
9.610000,0.603984,-0.258841,0.390495,0.891164,-0.440441,0.084368,0.068713,0.073673,3.446007,1.000000,-0.136087,6.850502
9.615000,0.603921,-0.258888,0.390419,0.891153,-0.440478,0.084277,0.068725,0.073673,3.446547,1.000000,-0.134348,6.842615
9.620000,0.603858,-0.258934,0.390342,0.891142,-0.440515,0.084187,0.068737,0.073673,3.447080,1.000000,-0.132631,6.834732
9.625000,0.603796,-0.258981,0.390266,0.891131,-0.440553,0.084096,0.068749,0.073673,3.447606,1.000000,-0.130939,6.826832
9.630000,0.603733,-0.259027,0.390190,0.891120,-0.440591,0.084005,0.068761,0.073672,3.448126,1.000000,-0.129217,6.818915
9.635000,0.603670,-0.259073,0.390113,0.891109,-0.440629,0.083913,0.068772,0.073672,3.448638,1.000000,-0.127453,6.810998
9.640000,0.603606,-0.259109,0.390024,0.891098,-0.440669,0.083811,0.068783,0.073672,3.449143,1.000000,-0.125621,6.802782
9.645000,0.603542,-0.259144,0.389935,0.891087,-0.440709,0.083708,0.068793,0.073672,3.449641,1.000000,-0.123747,6.794580
9.650000,0.603478,-0.259179,0.389846,0.891076,-0.440749,0.083604,0.068803,0.073672,3.450131,1.000000,-0.121856,6.786416
9.655000,0.603413,-0.259214,0.389757,0.891065,-0.440790,0.083501,0.068813,0.073672,3.450614,1.000000,-0.119967,6.778253
9.660000,0.603349,-0.259250,0.389667,0.891054,-0.440830,0.083397,0.068823,0.073672,3.451089,1.000000,-0.118092,6.770095
9.665000,0.603285,-0.259285,0.389578,0.891043,-0.440870,0.083293,0.068834,0.073672,3.451557,1.000000,-0.116262,6.761943
9.670000,0.603220,-0.259319,0.389489,0.891033,-0.440909,0.083189,0.068844,0.073672,3.452017,1.000000,-0.114544,6.753845
9.675000,0.603153,-0.259355,0.389396,0.891022,-0.440950,0.083078,0.068855,0.073672,3.452472,1.000000,-0.112967,6.745893
9.680000,0.603086,-0.259391,0.389303,0.891012,-0.440990,0.082967,0.068867,0.073671,3.452920,1.000000,-0.111517,6.737941
9.685000,0.603019,-0.259427,0.389210,0.891001,-0.441030,0.082856,0.068878,0.073671,3.453362,1.000000,-0.110179,6.729996
9.690000,0.602951,-0.259462,0.389117,0.890991,-0.441069,0.082745,0.068890,0.073671,3.453800,1.000000,-0.108943,6.722156
9.695000,0.602883,-0.259498,0.389025,0.890982,-0.441106,0.082634,0.068901,0.073671,3.454233,1.000000,-0.107798,6.714394
9.700000,0.602815,-0.259533,0.388933,0.890973,-0.441144,0.082523,0.068912,0.073671,3.454661,1.000000,-0.106735,6.706634
9.705000,0.602745,-0.259568,0.388839,0.890964,-0.441182,0.082409,0.068924,0.073671,3.455086,1.000000,-0.105760,6.698928
9.710000,0.602676,-0.259603,0.388745,0.890955,-0.441219,0.082294,0.068936,0.073671,3.455506,1.000000,-0.104867,6.691250
9.715000,0.602605,-0.259637,0.388652,0.890947,-0.441254,0.082180,0.068948,0.073671,3.455924,1.000000,-0.104052,6.683714
9.720000,0.602534,-0.259671,0.388558,0.890940,-0.441290,0.082066,0.068960,0.073671,3.456338,1.000000,-0.103306,6.676185
9.725000,0.602464,-0.259706,0.388465,0.890932,-0.441324,0.081952,0.068971,0.073671,3.456749,1.000000,-0.102623,6.668659
9.730000,0.602393,-0.259740,0.388372,0.890924,-0.441359,0.081838,0.068983,0.073670,3.457158,1.000000,-0.102002,6.661140
9.735000,0.602322,-0.259774,0.388279,0.890917,-0.441392,0.081724,0.068995,0.073670,3.457565,1.000000,-0.101442,6.653768
9.740000,0.602254,-0.259800,0.388186,0.890911,-0.441424,0.081613,0.069005,0.073670,3.457969,1.000000,-0.100880,6.646100
9.745000,0.602185,-0.259826,0.388093,0.890905,-0.441455,0.081502,0.069014,0.073670,3.458371,1.000000,-0.100323,6.638436
9.750000,0.602117,-0.259851,0.388000,0.890899,-0.441487,0.081392,0.069024,0.073670,3.458771,1.000000,-0.099785,6.630779
9.755000,0.602049,-0.259877,0.387907,0.890893,-0.441518,0.081281,0.069034,0.073670,3.459169,1.000000,-0.099270,6.623131
9.760000,0.601980,-0.259902,0.387814,0.890887,-0.441547,0.081170,0.069044,0.073670,3.459565,1.000000,-0.098786,6.615676
9.765000,0.601911,-0.259927,0.387721,0.890882,-0.441577,0.081059,0.069053,0.073670,3.459959,1.000000,-0.098331,6.608230
9.770000,0.601842,-0.259952,0.387629,0.890877,-0.441606,0.080949,0.069063,0.073670,3.460351,1.000000,-0.097906,6.600787
9.775000,0.601776,-0.259966,0.387533,0.890874,-0.441631,0.080838,0.069071,0.073669,3.460741,1.000000,-0.097440,6.592861
9.780000,0.601709,-0.259979,0.387438,0.890871,-0.441656,0.080727,0.069079,0.073669,3.461130,1.000000,-0.096944,6.584996
9.785000,0.601643,-0.259992,0.387343,0.890869,-0.441680,0.080617,0.069087,0.073669,3.461517,1.000000,-0.096435,6.577248
9.790000,0.601576,-0.260006,0.387247,0.890866,-0.441704,0.080506,0.069095,0.073669,3.461901,1.000000,-0.095924,6.569510
9.795000,0.601509,-0.260019,0.387152,0.890863,-0.441728,0.080395,0.069103,0.073669,3.462283,1.000000,-0.095416,6.561775
9.800000,0.601442,-0.260032,0.387057,0.890861,-0.441752,0.080284,0.069111,0.073669,3.462664,1.000000,-0.094916,6.554050
9.805000,0.601375,-0.260045,0.386961,0.890859,-0.441776,0.080173,0.069119,0.073669,3.463042,1.000000,-0.094428,6.546459
9.810000,0.601308,-0.260044,0.386854,0.890863,-0.441789,0.080051,0.069127,0.073669,3.463419,1.000000,-0.093897,6.538574
9.815000,0.601240,-0.260043,0.386747,0.890866,-0.441802,0.079929,0.069135,0.073669,3.463793,1.000000,-0.093321,6.530695
9.820000,0.601173,-0.260042,0.386639,0.890870,-0.441815,0.079807,0.069143,0.073669,3.464165,1.000000,-0.092718,6.522827
9.825000,0.601105,-0.260041,0.386532,0.890874,-0.441828,0.079684,0.069151,0.073668,3.464534,1.000000,-0.092098,6.514970
9.830000,0.601037,-0.260040,0.386425,0.890879,-0.441839,0.079562,0.069159,0.073668,3.464901,1.000000,-0.091473,6.507282
9.835000,0.600969,-0.260039,0.386318,0.890883,-0.441851,0.079440,0.069167,0.073668,3.465265,1.000000,-0.090809,6.499656
9.840000,0.600901,-0.260038,0.386211,0.890888,-0.441863,0.079318,0.069175,0.073668,3.465627,1.000000,-0.090053,6.492036
9.845000,0.600826,-0.260019,0.386079,0.890900,-0.441863,0.079170,0.069183,0.073668,3.465985,1.000000,-0.089132,6.484155
9.850000,0.600751,-0.260000,0.385947,0.890912,-0.441863,0.079021,0.069192,0.073668,3.466339,1.000000,-0.088080,6.476288
9.855000,0.600676,-0.259980,0.385815,0.890925,-0.441863,0.078873,0.069200,0.073668,3.466689,1.000000,-0.086954,6.468622
9.860000,0.600601,-0.259961,0.385683,0.890938,-0.441862,0.078725,0.069208,0.073668,3.467034,1.000000,-0.085789,6.461000
9.865000,0.600526,-0.259942,0.385551,0.890951,-0.441861,0.078577,0.069216,0.073668,3.467374,1.000000,-0.084606,6.453389
9.870000,0.600450,-0.259922,0.385419,0.890964,-0.441860,0.078429,0.069224,0.073668,3.467710,1.000000,-0.083419,6.445792
9.875000,0.600364,-0.259879,0.385261,0.890986,-0.441846,0.078251,0.069231,0.073667,3.468041,1.000000,-0.082118,6.437807
9.880000,0.600278,-0.259836,0.385103,0.891008,-0.441832,0.078073,0.069239,0.073667,3.468366,1.000000,-0.080709,6.429991
9.885000,0.600192,-0.259793,0.384945,0.891030,-0.441817,0.077895,0.069246,0.073667,3.468685,1.000000,-0.079240,6.422210
9.890000,0.600106,-0.259750,0.384787,0.891053,-0.441802,0.077718,0.069254,0.073667,3.468999,1.000000,-0.077741,6.414442
9.895000,0.600019,-0.259707,0.384629,0.891075,-0.441788,0.077540,0.069261,0.073667,3.469306,1.000000,-0.076233,6.406692
9.900000,0.599933,-0.259663,0.384471,0.891097,-0.441773,0.077362,0.069268,0.073667,3.469608,1.000000,-0.074727,6.398961
9.905000,0.599847,-0.259620,0.384312,0.891119,-0.441758,0.077184,0.069276,0.073667,3.469903,1.000000,-0.073222,6.391406
9.910000,0.599770,-0.259540,0.384157,0.891154,-0.441718,0.077007,0.069275,0.073667,3.470192,1.000000,-0.071541,6.382190
9.915000,0.599694,-0.259461,0.384001,0.891189,-0.441679,0.076831,0.069274,0.073667,3.470475,1.000000,-0.069851,6.372988
9.920000,0.599617,-0.259381,0.383845,0.891224,-0.441639,0.076655,0.069273,0.073667,3.470750,1.000000,-0.068191,6.363804
9.925000,0.599541,-0.259302,0.383689,0.891259,-0.441599,0.076479,0.069272,0.073667,3.471019,1.000000,-0.066571,6.354640
9.930000,0.599465,-0.259222,0.383533,0.891294,-0.441559,0.076302,0.069271,0.073666,3.471282,1.000000,-0.064990,6.345650
9.935000,0.599388,-0.259142,0.383377,0.891329,-0.441519,0.076126,0.069270,0.073666,3.471538,1.000000,-0.063455,6.336682
9.940000,0.599311,-0.259062,0.383221,0.891364,-0.441479,0.075949,0.069269,0.073666,3.471789,1.000000,-0.061966,6.327727
9.945000,0.599263,-0.258943,0.383094,0.891412,-0.441408,0.075804,0.069255,0.073666,3.472033,1.000000,-0.060186,6.316263
9.950000,0.599214,-0.258825,0.382968,0.891461,-0.441338,0.075659,0.069242,0.073666,3.472269,1.000000,-0.058209,6.304817
9.955000,0.599165,-0.258706,0.382841,0.891509,-0.441268,0.075514,0.069229,0.073666,3.472497,1.000000,-0.056110,6.293465
9.960000,0.599116,-0.258587,0.382714,0.891557,-0.441197,0.075368,0.069216,0.073666,3.472716,1.000000,-0.053944,6.282129
9.965000,0.599067,-0.258468,0.382587,0.891605,-0.441127,0.075223,0.069203,0.073666,3.472927,1.000000,-0.051742,6.270805
9.970000,0.599018,-0.258349,0.382461,0.891653,-0.441056,0.075078,0.069189,0.073666,3.473129,1.000000,-0.049527,6.259499
9.975000,0.598969,-0.258230,0.382334,0.891702,-0.440985,0.074933,0.069176,0.073666,3.473322,1.000000,-0.047311,6.248220
9.980000,0.598926,-0.258098,0.382227,0.891753,-0.440906,0.074804,0.069162,0.073665,3.473506,1.000000,-0.045003,6.236199
9.985000,0.598883,-0.257966,0.382120,0.891804,-0.440826,0.074675,0.069147,0.073665,3.473680,1.000000,-0.042647,6.224192
9.990000,0.598840,-0.257834,0.382013,0.891856,-0.440746,0.074547,0.069133,0.073665,3.473845,1.000000,-0.040263,6.212196
9.995000,0.598797,-0.257702,0.381905,0.891907,-0.440666,0.074418,0.069118,0.073665,3.474001,1.000000,-0.037865,6.200214
10.000000,0.598754,-0.257570,0.381798,0.891958,-0.440587,0.074289,0.069104,0.073665,3.474146,1.000000,-0.035463,6.188258
10.005000,0.598711,-0.257438,0.381691,0.892009,-0.440507,0.074161,0.069089,0.073665,3.474283,1.000000,-0.032993,6.176394
10.010000,0.598668,-0.257306,0.381584,0.892061,-0.440427,0.074032,0.069075,0.073665,3.474408,1.000000,-0.030395,6.164545
10.015000,0.598590,-0.257198,0.381468,0.892101,-0.440370,0.073883,0.069077,0.073665,3.474524,1.000000,-0.027961,6.154512
10.020000,0.598513,-0.257090,0.381353,0.892141,-0.440314,0.073735,0.069078,0.073665,3.474631,1.000000,-0.025646,6.144493
10.025000,0.598436,-0.256982,0.381237,0.892181,-0.440257,0.073587,0.069080,0.073664,3.474728,1.000000,-0.023389,6.134508
10.030000,0.598358,-0.256874,0.381121,0.892221,-0.440200,0.073438,0.069082,0.073664,3.474817,1.000000,-0.021150,6.124628
10.035000,0.598281,-0.256766,0.381006,0.892261,-0.440144,0.073290,0.069084,0.073664,3.474896,1.000000,-0.018913,6.114761
10.040000,0.598204,-0.256657,0.380890,0.892301,-0.440087,0.073141,0.069085,0.073664,3.474967,1.000000,-0.016671,6.104902
10.045000,0.598081,-0.256588,0.380760,0.892324,-0.440066,0.072964,0.069106,0.073664,3.475029,1.000000,-0.014810,6.097735
10.050000,0.597958,-0.256518,0.380630,0.892348,-0.440044,0.072787,0.069127,0.073664,3.475085,1.000000,-0.013250,6.090585
10.055000,0.597836,-0.256448,0.380500,0.892371,-0.440023,0.072609,0.069147,0.073664,3.475135,1.000000,-0.011886,6.083461
10.060000,0.597713,-0.256377,0.380370,0.892394,-0.440002,0.072432,0.069168,0.073664,3.475180,1.000000,-0.010659,6.076349
10.065000,0.597590,-0.256307,0.380240,0.892418,-0.439980,0.072255,0.069189,0.073664,3.475220,1.000000,-0.009531,6.069245
10.070000,0.597467,-0.256237,0.380110,0.892441,-0.439959,0.072077,0.069209,0.073664,3.475256,1.000000,-0.008479,6.062153
10.075000,0.597344,-0.256167,0.379980,0.892464,-0.439938,0.071900,0.069230,0.073663,3.475288,1.000000,-0.007485,6.055108
10.080000,0.597193,-0.256121,0.379847,0.892477,-0.439940,0.071703,0.069261,0.073663,3.475316,1.000000,-0.006777,6.049742
10.085000,0.597043,-0.256075,0.379713,0.892489,-0.439942,0.071505,0.069291,0.073663,3.475342,1.000000,-0.006309,6.044386
10.090000,0.596892,-0.256029,0.379580,0.892501,-0.439944,0.071308,0.069322,0.073663,3.475367,1.000000,-0.006013,6.039036
10.095000,0.596741,-0.255983,0.379446,0.892514,-0.439946,0.071111,0.069353,0.073663,3.475391,1.000000,-0.005845,6.033697
10.100000,0.596590,-0.255938,0.379313,0.892526,-0.439948,0.070913,0.069383,0.073663,3.475415,1.000000,-0.005773,6.028383
10.105000,0.596439,-0.255891,0.379179,0.892538,-0.439950,0.070716,0.069414,0.073663,3.475438,1.000000,-0.005780,6.023096
10.110000,0.596289,-0.255845,0.379046,0.892551,-0.439952,0.070518,0.069445,0.073663,3.475462,1.000000,-0.005855,6.017815
10.115000,0.596114,-0.255807,0.378906,0.892558,-0.439965,0.070303,0.069482,0.073663,3.475486,1.000000,-0.006123,6.013423
10.120000,0.595940,-0.255768,0.378766,0.892566,-0.439977,0.070089,0.069518,0.073662,3.475512,1.000000,-0.006540,6.009041
10.125000,0.595765,-0.255730,0.378626,0.892574,-0.439990,0.069874,0.069555,0.073662,3.475539,1.000000,-0.007069,6.004687
10.130000,0.595590,-0.255691,0.378486,0.892582,-0.440002,0.069659,0.069592,0.073662,3.475569,1.000000,-0.007685,6.000353
10.135000,0.595416,-0.255652,0.378346,0.892590,-0.440014,0.069444,0.069629,0.073662,3.475602,1.000000,-0.008373,5.996025
10.140000,0.595241,-0.255614,0.378206,0.892598,-0.440027,0.069229,0.069666,0.073662,3.475638,1.000000,-0.009122,5.991707
10.145000,0.595066,-0.255575,0.378066,0.892605,-0.440039,0.069014,0.069703,0.073662,3.475676,1.000000,-0.009924,5.987400
10.150000,0.594877,-0.255539,0.377925,0.892611,-0.440055,0.068799,0.069742,0.073662,3.475719,1.000000,-0.010835,5.983595
10.155000,0.594688,-0.255502,0.377784,0.892617,-0.440071,0.068584,0.069781,0.073662,3.475765,1.000000,-0.011834,5.979814
10.160000,0.594498,-0.255466,0.377643,0.892622,-0.440087,0.068368,0.069821,0.073662,3.475815,1.000000,-0.012901,5.976039
10.165000,0.594309,-0.255430,0.377502,0.892628,-0.440103,0.068153,0.069860,0.073661,3.475870,1.000000,-0.014020,5.972273
10.170000,0.594119,-0.255393,0.377361,0.892633,-0.440119,0.067938,0.069899,0.073661,3.475929,1.000000,-0.015182,5.968524
10.175000,0.593930,-0.255357,0.377220,0.892639,-0.440135,0.067722,0.069938,0.073661,3.475993,1.000000,-0.016377,5.964875
10.180000,0.593741,-0.255320,0.377079,0.892644,-0.440150,0.067507,0.069978,0.073661,3.476061,1.000000,-0.017604,5.961235
10.185000,0.593549,-0.255287,0.376947,0.892647,-0.440170,0.067301,0.070017,0.073661,3.476135,1.000000,-0.018892,5.957628
10.190000,0.593357,-0.255253,0.376815,0.892650,-0.440189,0.067096,0.070057,0.073661,3.476214,1.000000,-0.020250,5.954029
10.195000,0.593165,-0.255220,0.376683,0.892653,-0.440209,0.066890,0.070096,0.073661,3.476299,1.000000,-0.021662,5.950445
10.200000,0.592973,-0.255186,0.376551,0.892655,-0.440228,0.066685,0.070135,0.073661,3.476389,1.000000,-0.023115,5.946886
10.205000,0.592781,-0.255152,0.376418,0.892658,-0.440247,0.066479,0.070175,0.073661,3.476486,1.000000,-0.024602,5.943335
10.210000,0.592590,-0.255119,0.376286,0.892661,-0.440266,0.066274,0.070214,0.073660,3.476588,1.000000,-0.026116,5.939788
10.215000,0.592388,-0.255082,0.376159,0.892662,-0.440289,0.066067,0.070256,0.073660,3.476696,1.000000,-0.027691,5.936276
10.220000,0.592186,-0.255046,0.376032,0.892663,-0.440311,0.065861,0.070297,0.073660,3.476811,1.000000,-0.029418,5.932831
10.225000,0.591984,-0.255010,0.375904,0.892664,-0.440333,0.065655,0.070339,0.073660,3.476934,1.000000,-0.031307,5.929446
10.230000,0.591782,-0.254973,0.375777,0.892665,-0.440356,0.065449,0.070380,0.073660,3.477064,1.000000,-0.033336,5.926065
10.235000,0.591580,-0.254937,0.375650,0.892665,-0.440378,0.065243,0.070421,0.073660,3.477203,1.000000,-0.035483,5.922692
10.240000,0.591378,-0.254901,0.375523,0.892666,-0.440400,0.065037,0.070463,0.073660,3.477350,1.000000,-0.037728,5.919328
10.245000,0.591176,-0.254864,0.375395,0.892667,-0.440422,0.064831,0.070504,0.073660,3.477507,1.000000,-0.040051,5.916016
10.250000,0.590971,-0.254824,0.375285,0.892674,-0.440429,0.064643,0.070547,0.073659,3.477673,1.000000,-0.042423,5.912381
10.255000,0.590766,-0.254784,0.375175,0.892707,-0.440378,0.064486,0.070591,0.073659,3.477849,1.000000,-0.044826,5.908769
10.260000,0.590561,-0.254744,0.375065,0.892740,-0.440326,0.064329,0.070634,0.073659,3.478034,1.000000,-0.047273,5.905165
10.265000,0.590356,-0.254704,0.374955,0.892774,-0.440274,0.064173,0.070678,0.073659,3.478229,1.000000,-0.049757,5.901570
10.270000,0.590151,-0.254664,0.374844,0.892807,-0.440222,0.064018,0.070722,0.073659,3.478434,1.000000,-0.052262,5.898070
10.275000,0.589946,-0.254624,0.374734,0.892841,-0.440168,0.063863,0.070765,0.073659,3.478650,1.000000,-0.054780,5.894576
10.280000,0.589741,-0.254584,0.374624,0.892875,-0.440115,0.063708,0.070809,0.073659,3.478875,1.000000,-0.057301,5.891085
10.285000,0.589539,-0.254540,0.374539,0.892905,-0.440067,0.063570,0.070853,0.073659,3.479110,1.000000,-0.059778,5.887010
10.290000,0.589336,-0.254497,0.374454,0.892935,-0.440020,0.063433,0.070897,0.073658,3.479355,1.000000,-0.062219,5.882972
10.295000,0.589134,-0.254454,0.374369,0.892965,-0.439971,0.063296,0.070941,0.073658,3.479610,1.000000,-0.064618,5.879038
10.300000,0.588931,-0.254410,0.374285,0.892995,-0.439923,0.063160,0.070984,0.073658,3.479874,1.000000,-0.066970,5.875110
10.305000,0.588728,-0.254367,0.374200,0.893025,-0.439874,0.063024,0.071028,0.073658,3.480148,1.000000,-0.069270,5.871182
10.310000,0.588526,-0.254324,0.374115,0.893055,-0.439825,0.062888,0.071072,0.073658,3.480430,1.000000,-0.071514,5.867260
10.315000,0.588323,-0.254280,0.374030,0.893086,-0.439776,0.062753,0.071116,0.073658,3.480722,1.000000,-0.073699,5.863369
10.320000,0.588125,-0.254237,0.373969,0.893111,-0.439734,0.062634,0.071160,0.073658,3.481022,1.000000,-0.075795,5.859082
10.325000,0.587926,-0.254195,0.373908,0.893137,-0.439691,0.062515,0.071205,0.073658,3.481330,1.000000,-0.077824,5.854799
10.330000,0.587727,-0.254152,0.373846,0.893163,-0.439648,0.062397,0.071249,0.073658,3.481646,1.000000,-0.079777,5.850514
10.335000,0.587529,-0.254110,0.373785,0.893188,-0.439606,0.062279,0.071293,0.073657,3.481969,1.000000,-0.081646,5.846233
10.340000,0.587330,-0.254067,0.373724,0.893214,-0.439563,0.062161,0.071337,0.073657,3.482300,1.000000,-0.083429,5.842017
10.345000,0.587131,-0.254024,0.373663,0.893240,-0.439520,0.062043,0.071382,0.073657,3.482638,1.000000,-0.085125,5.837855
10.350000,0.586933,-0.253982,0.373602,0.893266,-0.439477,0.061926,0.071426,0.073657,3.482982,1.000000,-0.086732,5.833693
10.355000,0.586738,-0.253949,0.373573,0.893284,-0.439446,0.061835,0.071471,0.073657,3.483333,1.000000,-0.088258,5.829275
10.360000,0.586544,-0.253916,0.373544,0.893302,-0.439415,0.061744,0.071515,0.073657,3.483689,1.000000,-0.089732,5.824860
10.365000,0.586349,-0.253883,0.373516,0.893320,-0.439384,0.061653,0.071560,0.073657,3.484051,1.000000,-0.091131,5.820518
10.370000,0.586155,-0.253849,0.373487,0.893338,-0.439353,0.061563,0.071605,0.073657,3.484419,1.000000,-0.092443,5.816217
10.375000,0.585960,-0.253816,0.373459,0.893356,-0.439322,0.061472,0.071650,0.073656,3.484792,1.000000,-0.093665,5.811914
10.380000,0.585766,-0.253783,0.373430,0.893373,-0.439291,0.061381,0.071695,0.073656,3.485169,1.000000,-0.094792,5.807613
10.385000,0.585560,-0.253762,0.373426,0.893385,-0.439268,0.061309,0.071744,0.073656,3.485551,1.000000,-0.095926,5.803615
10.390000,0.585353,-0.253741,0.373422,0.893398,-0.439246,0.061237,0.071793,0.073656,3.485937,1.000000,-0.097055,5.799704
10.395000,0.585147,-0.253720,0.373419,0.893410,-0.439223,0.061164,0.071842,0.073656,3.486328,1.000000,-0.098149,5.795832
10.400000,0.584941,-0.253699,0.373415,0.893422,-0.439201,0.061092,0.071891,0.073656,3.486723,1.000000,-0.099189,5.791955
10.405000,0.584734,-0.253678,0.373411,0.893434,-0.439178,0.061019,0.071941,0.073656,3.487122,1.000000,-0.100166,5.788081
10.410000,0.584528,-0.253658,0.373407,0.893446,-0.439156,0.060947,0.071990,0.073656,3.487524,1.000000,-0.101074,5.784207
10.415000,0.584322,-0.253636,0.373404,0.893458,-0.439133,0.060874,0.072040,0.073655,3.487931,1.000000,-0.101911,5.780414
10.420000,0.584115,-0.253627,0.373416,0.893465,-0.439118,0.060816,0.072091,0.073655,3.488340,1.000000,-0.102724,5.776834
10.425000,0.583908,-0.253617,0.373428,0.893472,-0.439103,0.060759,0.072142,0.073655,3.488753,1.000000,-0.103519,5.773250
10.430000,0.583701,-0.253607,0.373441,0.893480,-0.439088,0.060701,0.072193,0.073655,3.489168,1.000000,-0.104274,5.769668
10.435000,0.583494,-0.253597,0.373453,0.893487,-0.439072,0.060644,0.072244,0.073655,3.489587,1.000000,-0.104980,5.766087
10.440000,0.583287,-0.253587,0.373466,0.893494,-0.439057,0.060586,0.072295,0.073655,3.490008,1.000000,-0.105630,5.762588
10.445000,0.583080,-0.253577,0.373478,0.893501,-0.439042,0.060528,0.072347,0.073655,3.490432,1.000000,-0.106221,5.759121
10.450000,0.582873,-0.253567,0.373490,0.893508,-0.439027,0.060469,0.072398,0.073655,3.490858,1.000000,-0.106752,5.755650
10.455000,0.582671,-0.253566,0.373525,0.893510,-0.439021,0.060431,0.072449,0.073654,3.491286,1.000000,-0.107233,5.752036
10.460000,0.582470,-0.253565,0.373559,0.893511,-0.439015,0.060393,0.072500,0.073654,3.491716,1.000000,-0.107683,5.748424
10.465000,0.582268,-0.253563,0.373592,0.893512,-0.439010,0.060354,0.072551,0.073654,3.492147,1.000000,-0.108071,5.744891
10.470000,0.582067,-0.253562,0.373626,0.893513,-0.439004,0.060314,0.072603,0.073654,3.492580,1.000000,-0.108398,5.741393
10.475000,0.581865,-0.253560,0.373659,0.893514,-0.438999,0.060274,0.072654,0.073654,3.493014,1.000000,-0.108666,5.737891
10.480000,0.581664,-0.253558,0.373692,0.893515,-0.438994,0.060234,0.072706,0.073654,3.493449,1.000000,-0.108884,5.734392
10.485000,0.581462,-0.253556,0.373725,0.893516,-0.438989,0.060194,0.072758,0.073654,3.493885,1.000000,-0.109056,5.730894
10.490000,0.581247,-0.253561,0.373778,0.893513,-0.438990,0.060167,0.072815,0.073654,3.494321,1.000000,-0.109278,5.727616
10.495000,0.581033,-0.253566,0.373831,0.893510,-0.438991,0.060139,0.072872,0.073653,3.494759,1.000000,-0.109511,5.724343
10.500000,0.580818,-0.253571,0.373884,0.893507,-0.438992,0.060111,0.072930,0.073653,3.495197,1.000000,-0.109723,5.721067
10.505000,0.580604,-0.253576,0.373937,0.893503,-0.438993,0.060084,0.072987,0.073653,3.495636,1.000000,-0.109897,5.717794
10.510000,0.580389,-0.253582,0.373990,0.893500,-0.438994,0.060056,0.073044,0.073653,3.496076,1.000000,-0.110022,5.714523
10.515000,0.580175,-0.253587,0.374043,0.893497,-0.438995,0.060027,0.073101,0.073653,3.496516,1.000000,-0.110094,5.711265
10.520000,0.579960,-0.253592,0.374096,0.893494,-0.438996,0.059999,0.073158,0.073653,3.496956,1.000000,-0.110108,5.708010
10.525000,0.579736,-0.253603,0.374162,0.893488,-0.439000,0.059980,0.073219,0.073653,3.497397,1.000000,-0.110148,5.704965
10.530000,0.579511,-0.253614,0.374228,0.893482,-0.439005,0.059960,0.073280,0.073653,3.497837,1.000000,-0.110187,5.701923
10.535000,0.579287,-0.253625,0.374294,0.893476,-0.439010,0.059941,0.073341,0.073652,3.498278,1.000000,-0.110205,5.698887
10.540000,0.579062,-0.253636,0.374360,0.893470,-0.439014,0.059921,0.073401,0.073652,3.498719,1.000000,-0.110191,5.695871
10.545000,0.578838,-0.253647,0.374426,0.893464,-0.439019,0.059902,0.073462,0.073652,3.499159,1.000000,-0.110138,5.692857
10.550000,0.578613,-0.253658,0.374493,0.893458,-0.439023,0.059882,0.073523,0.073652,3.499599,1.000000,-0.110044,5.689842
10.555000,0.578378,-0.253672,0.374563,0.893452,-0.439028,0.059864,0.073586,0.073652,3.500039,1.000000,-0.109978,5.687089
10.560000,0.578143,-0.253686,0.374633,0.893445,-0.439033,0.059845,0.073650,0.073652,3.500479,1.000000,-0.109912,5.684354
10.565000,0.577908,-0.253700,0.374704,0.893438,-0.439038,0.059827,0.073714,0.073652,3.500918,1.000000,-0.109834,5.681665
10.570000,0.577673,-0.253714,0.374774,0.893432,-0.439043,0.059809,0.073777,0.073652,3.501357,1.000000,-0.109738,5.678979
10.575000,0.577438,-0.253728,0.374845,0.893426,-0.439048,0.059791,0.073841,0.073651,3.501796,1.000000,-0.109620,5.676291
10.580000,0.577203,-0.253742,0.374915,0.893419,-0.439053,0.059772,0.073904,0.073651,3.502234,1.000000,-0.109478,5.673606
10.585000,0.576968,-0.253756,0.374986,0.893413,-0.439058,0.059753,0.073968,0.073651,3.502672,1.000000,-0.109313,5.670957
10.590000,0.576717,-0.253775,0.375058,0.893406,-0.439062,0.059733,0.074039,0.073651,3.503109,1.000000,-0.109239,5.668877
10.595000,0.576465,-0.253794,0.375130,0.893399,-0.439067,0.059713,0.074110,0.073651,3.503546,1.000000,-0.109211,5.666799
10.600000,0.576214,-0.253813,0.375202,0.893393,-0.439071,0.059693,0.074180,0.073651,3.503982,1.000000,-0.109212,5.664721
10.605000,0.575962,-0.253832,0.375274,0.893386,-0.439076,0.059672,0.074251,0.073651,3.504419,1.000000,-0.109230,5.662645
10.610000,0.575710,-0.253851,0.375346,0.893379,-0.439080,0.059652,0.074322,0.073651,3.504856,1.000000,-0.109258,5.660603
10.615000,0.575459,-0.253870,0.375419,0.893373,-0.439084,0.059631,0.074393,0.073650,3.505293,1.000000,-0.109291,5.658593
10.620000,0.575207,-0.253888,0.375491,0.893366,-0.439088,0.059611,0.074463,0.073650,3.505731,1.000000,-0.109328,5.656582
10.625000,0.574942,-0.253916,0.375563,0.893359,-0.439093,0.059590,0.074539,0.073650,3.506169,1.000000,-0.109483,5.655206
10.630000,0.574676,-0.253944,0.375635,0.893352,-0.439097,0.059569,0.074616,0.073650,3.506607,1.000000,-0.109715,5.653834
10.635000,0.574411,-0.253972,0.375708,0.893345,-0.439102,0.059549,0.074692,0.073650,3.507047,1.000000,-0.110002,5.652506
10.640000,0.574146,-0.253999,0.375780,0.893337,-0.439106,0.059528,0.074768,0.073650,3.507488,1.000000,-0.110333,5.651204
10.645000,0.573880,-0.254027,0.375853,0.893330,-0.439111,0.059507,0.074844,0.073650,3.507930,1.000000,-0.110697,5.649901
10.650000,0.573615,-0.254055,0.375925,0.893323,-0.439115,0.059486,0.074921,0.073649,3.508374,1.000000,-0.111089,5.648601
10.655000,0.573349,-0.254083,0.375998,0.893316,-0.439119,0.059465,0.074997,0.073649,3.508819,1.000000,-0.111505,5.647306
10.660000,0.573073,-0.254115,0.376075,0.893308,-0.439125,0.059447,0.075074,0.073649,3.509267,1.000000,-0.112025,5.646388
10.665000,0.572796,-0.254147,0.376152,0.893300,-0.439130,0.059429,0.075152,0.073649,3.509716,1.000000,-0.112610,5.645485
10.670000,0.572519,-0.254179,0.376229,0.893292,-0.439136,0.059411,0.075229,0.073649,3.510168,1.000000,-0.113245,5.644582
10.675000,0.572243,-0.254211,0.376307,0.893284,-0.439141,0.059392,0.075307,0.073649,3.510623,1.000000,-0.113920,5.643682
10.680000,0.571966,-0.254244,0.376384,0.893276,-0.439147,0.059374,0.075385,0.073649,3.511081,1.000000,-0.114627,5.642787
10.685000,0.571689,-0.254276,0.376461,0.893268,-0.439152,0.059355,0.075462,0.073649,3.511541,1.000000,-0.115361,5.641907
10.690000,0.571413,-0.254308,0.376538,0.893260,-0.439158,0.059337,0.075540,0.073648,3.512005,1.000000,-0.116118,5.641032
10.695000,0.571126,-0.254344,0.376627,0.893250,-0.439166,0.059326,0.075620,0.073648,3.512471,1.000000,-0.116984,5.640325
10.700000,0.570840,-0.254380,0.376716,0.893240,-0.439175,0.059316,0.075699,0.073648,3.512942,1.000000,-0.117914,5.639622
10.705000,0.570554,-0.254417,0.376805,0.893229,-0.439183,0.059306,0.075779,0.073648,3.513416,1.000000,-0.118889,5.638927
10.710000,0.570267,-0.254453,0.376894,0.893219,-0.439192,0.059296,0.075859,0.073648,3.513894,1.000000,-0.119898,5.638262
10.715000,0.569981,-0.254489,0.376983,0.893209,-0.439200,0.059285,0.075939,0.073648,3.514377,1.000000,-0.120931,5.637601
10.720000,0.569695,-0.254525,0.377073,0.893198,-0.439209,0.059275,0.076018,0.073648,3.514863,1.000000,-0.121981,5.636941
10.725000,0.569390,-0.254572,0.377162,0.893188,-0.439218,0.059264,0.076102,0.073647,3.515354,1.000000,-0.123197,5.637081
10.730000,0.569084,-0.254619,0.377252,0.893177,-0.439226,0.059254,0.076186,0.073647,3.515851,1.000000,-0.124515,5.637223
10.735000,0.568779,-0.254666,0.377342,0.893166,-0.439235,0.059244,0.076269,0.073647,3.516352,1.000000,-0.125905,5.637350
10.740000,0.568474,-0.254712,0.377432,0.893155,-0.439244,0.059233,0.076353,0.073647,3.516860,1.000000,-0.127353,5.637483
10.745000,0.568169,-0.254759,0.377522,0.893144,-0.439253,0.059223,0.076436,0.073647,3.517373,1.000000,-0.128847,5.637617
10.750000,0.567863,-0.254806,0.377612,0.893134,-0.439262,0.059212,0.076520,0.073647,3.517893,1.000000,-0.130376,5.637758
10.755000,0.567558,-0.254853,0.377702,0.893123,-0.439271,0.059201,0.076604,0.073647,3.518418,1.000000,-0.131934,5.637923
10.760000,0.567240,-0.254911,0.377790,0.893111,-0.439280,0.059192,0.076690,0.073646,3.518950,1.000000,-0.133640,5.638892
10.765000,0.566921,-0.254970,0.377879,0.893100,-0.439290,0.059182,0.076776,0.073646,3.519490,1.000000,-0.135444,5.639869
10.770000,0.566603,-0.255028,0.377967,0.893089,-0.439299,0.059173,0.076861,0.073646,3.520037,1.000000,-0.137322,5.640846
10.775000,0.566285,-0.255086,0.378055,0.893077,-0.439308,0.059163,0.076947,0.073646,3.520591,1.000000,-0.139257,5.641831
10.780000,0.565966,-0.255145,0.378144,0.893066,-0.439318,0.059154,0.077033,0.073646,3.521153,1.000000,-0.141236,5.642825
10.785000,0.565648,-0.255203,0.378232,0.893054,-0.439327,0.059144,0.077119,0.073646,3.521723,1.000000,-0.143249,5.643829
10.790000,0.565330,-0.255261,0.378320,0.893043,-0.439337,0.059134,0.077205,0.073646,3.522302,1.000000,-0.145289,5.644835
10.795000,0.565012,-0.255322,0.378410,0.893031,-0.439347,0.059128,0.077292,0.073645,3.522888,1.000000,-0.147362,5.645904
10.800000,0.564694,-0.255382,0.378499,0.893018,-0.439358,0.059121,0.077378,0.073645,3.523483,1.000000,-0.149461,5.646980
10.805000,0.564376,-0.255443,0.378589,0.893006,-0.439368,0.059115,0.077465,0.073645,3.524087,1.000000,-0.151575,5.648104
10.810000,0.564058,-0.255503,0.378678,0.892994,-0.439379,0.059108,0.077552,0.073645,3.524699,1.000000,-0.153699,5.649265
10.815000,0.563741,-0.255563,0.378768,0.892981,-0.439390,0.059102,0.077638,0.073645,3.525319,1.000000,-0.155828,5.650427
10.820000,0.563423,-0.255624,0.378857,0.892969,-0.439401,0.059095,0.077725,0.073645,3.525948,1.000000,-0.157958,5.651597
10.825000,0.563105,-0.255684,0.378947,0.892957,-0.439411,0.059088,0.077812,0.073645,3.526585,1.000000,-0.160085,5.652773
10.830000,0.562791,-0.255739,0.379046,0.892942,-0.439425,0.059089,0.077899,0.073645,3.527231,1.000000,-0.162179,5.653599
10.835000,0.562477,-0.255794,0.379145,0.892928,-0.439438,0.059090,0.077986,0.073644,3.527885,1.000000,-0.164237,5.654459
10.840000,0.562163,-0.255849,0.379244,0.892914,-0.439452,0.059090,0.078073,0.073644,3.528548,1.000000,-0.166258,5.655321
10.845000,0.561849,-0.255904,0.379343,0.892899,-0.439465,0.059091,0.078160,0.073644,3.529218,1.000000,-0.168241,5.656191
10.850000,0.561535,-0.255959,0.379442,0.892885,-0.439479,0.059091,0.078247,0.073644,3.529896,1.000000,-0.170185,5.657067
10.855000,0.561220,-0.256014,0.379541,0.892871,-0.439493,0.059092,0.078335,0.073644,3.530582,1.000000,-0.172084,5.657992
10.860000,0.560906,-0.256069,0.379640,0.892856,-0.439507,0.059092,0.078423,0.073644,3.531275,1.000000,-0.173941,5.658931
10.865000,0.560588,-0.256115,0.379739,0.892842,-0.439520,0.059089,0.078512,0.073644,3.531976,1.000000,-0.175731,5.659597
10.870000,0.560270,-0.256161,0.379839,0.892828,-0.439533,0.059086,0.078601,0.073643,3.532683,1.000000,-0.177450,5.660270
10.875000,0.559952,-0.256207,0.379938,0.892814,-0.439546,0.059083,0.078690,0.073643,3.533398,1.000000,-0.179104,5.660951
10.880000,0.559634,-0.256253,0.380037,0.892800,-0.439559,0.059080,0.078779,0.073643,3.534118,1.000000,-0.180695,5.661717
10.885000,0.559316,-0.256298,0.380136,0.892785,-0.439573,0.059076,0.078869,0.073643,3.534845,1.000000,-0.182229,5.662492
10.890000,0.558998,-0.256344,0.380235,0.892771,-0.439586,0.059073,0.078959,0.073643,3.535578,1.000000,-0.183706,5.663268
10.895000,0.558675,-0.256384,0.380330,0.892758,-0.439598,0.059063,0.079050,0.073643,3.536317,1.000000,-0.185120,5.664019
10.900000,0.558351,-0.256425,0.380424,0.892744,-0.439610,0.059054,0.079141,0.073643,3.537061,1.000000,-0.186467,5.664789
10.905000,0.558028,-0.256465,0.380518,0.892731,-0.439622,0.059044,0.079233,0.073642,3.537811,1.000000,-0.187754,5.665658
10.910000,0.557704,-0.256505,0.380613,0.892717,-0.439635,0.059035,0.079325,0.073642,3.538565,1.000000,-0.188985,5.666534
10.915000,0.557380,-0.256545,0.380707,0.892703,-0.439647,0.059025,0.079417,0.073642,3.539325,1.000000,-0.190161,5.667411
10.920000,0.557057,-0.256585,0.380802,0.892689,-0.439660,0.059015,0.079509,0.073642,3.540089,1.000000,-0.191285,5.668295
10.925000,0.556733,-0.256625,0.380896,0.892676,-0.439673,0.059005,0.079602,0.073642,3.540857,1.000000,-0.192358,5.669201
10.930000,0.556411,-0.256661,0.380979,0.892663,-0.439683,0.058987,0.079694,0.073642,3.541629,1.000000,-0.193329,5.670166
10.935000,0.556088,-0.256698,0.381062,0.892651,-0.439694,0.058968,0.079785,0.073642,3.542405,1.000000,-0.194224,5.671137
10.940000,0.555765,-0.256734,0.381145,0.892639,-0.439705,0.058950,0.079878,0.073641,3.543185,1.000000,-0.195058,5.672108
10.945000,0.555443,-0.256770,0.381228,0.892627,-0.439715,0.058931,0.079970,0.073641,3.543967,1.000000,-0.195838,5.673084
10.950000,0.555120,-0.256807,0.381311,0.892614,-0.439727,0.058913,0.080063,0.073641,3.544753,1.000000,-0.196570,5.674093
10.955000,0.554797,-0.256843,0.381394,0.892601,-0.439738,0.058894,0.080156,0.073641,3.545541,1.000000,-0.197257,5.675153
10.960000,0.554475,-0.256879,0.381477,0.892589,-0.439749,0.058875,0.080249,0.073641,3.546333,1.000000,-0.197902,5.676218
10.965000,0.554150,-0.256911,0.381552,0.892577,-0.439759,0.058850,0.080342,0.073641,3.547126,1.000000,-0.198475,5.677256
10.970000,0.553826,-0.256943,0.381628,0.892566,-0.439769,0.058825,0.080436,0.073641,3.547922,1.000000,-0.198990,5.678299
10.975000,0.553502,-0.256975,0.381703,0.892554,-0.439779,0.058799,0.080530,0.073640,3.548719,1.000000,-0.199459,5.679384
10.980000,0.553178,-0.257007,0.381778,0.892542,-0.439789,0.058774,0.080624,0.073640,3.549519,1.000000,-0.199886,5.680515
10.985000,0.552854,-0.257039,0.381853,0.892530,-0.439799,0.058748,0.080718,0.073640,3.550320,1.000000,-0.200277,5.681646
10.990000,0.552529,-0.257071,0.381928,0.892518,-0.439810,0.058722,0.080813,0.073640,3.551122,1.000000,-0.200636,5.682782
10.995000,0.552205,-0.257102,0.382004,0.892506,-0.439821,0.058697,0.080908,0.073640,3.551926,1.000000,-0.200964,5.683923
11.000000,0.551871,-0.257129,0.382073,0.892495,-0.439830,0.058663,0.081005,0.073640,3.552731,1.000000,-0.201281,5.685196
11.005000,0.551537,-0.257155,0.382142,0.892483,-0.439839,0.058630,0.081103,0.073640,3.553538,1.000000,-0.201568,5.686508
11.010000,0.551203,-0.257181,0.382211,0.892472,-0.439848,0.058597,0.081201,0.073639,3.554345,1.000000,-0.201831,5.687819
11.015000,0.550869,-0.257207,0.382281,0.892461,-0.439858,0.058563,0.081299,0.073639,3.555153,1.000000,-0.202074,5.689136
11.020000,0.550535,-0.257234,0.382350,0.892449,-0.439867,0.058530,0.081397,0.073639,3.555963,1.000000,-0.202301,5.690458
11.025000,0.550201,-0.257260,0.382419,0.892438,-0.439877,0.058497,0.081495,0.073639,3.556773,1.000000,-0.202510,5.691834
11.030000,0.549867,-0.257286,0.382488,0.892426,-0.439887,0.058463,0.081594,0.073639,3.557584,1.000000,-0.202705,5.693234
11.035000,0.549527,-0.257304,0.382551,0.892415,-0.439895,0.058422,0.081694,0.073639,3.558396,1.000000,-0.202869,5.694554
11.040000,0.549187,-0.257323,0.382614,0.892405,-0.439903,0.058381,0.081794,0.073638,3.559208,1.000000,-0.202999,5.695879
11.045000,0.548846,-0.257341,0.382677,0.892394,-0.439911,0.058341,0.081895,0.073638,3.560021,1.000000,-0.203106,5.697209
11.050000,0.548506,-0.257359,0.382740,0.892384,-0.439920,0.058300,0.081995,0.073638,3.560834,1.000000,-0.203199,5.698650
11.055000,0.548166,-0.257377,0.382803,0.892373,-0.439928,0.058259,0.082096,0.073638,3.561648,1.000000,-0.203279,5.700112
11.060000,0.547826,-0.257396,0.382866,0.892362,-0.439937,0.058218,0.082197,0.073638,3.562462,1.000000,-0.203348,5.701574
11.065000,0.547489,-0.257411,0.382921,0.892352,-0.439944,0.058173,0.082296,0.073638,3.563276,1.000000,-0.203348,5.702934
11.070000,0.547153,-0.257425,0.382976,0.892343,-0.439951,0.058127,0.082395,0.073638,3.564089,1.000000,-0.203309,5.704298
11.075000,0.546817,-0.257440,0.383031,0.892333,-0.439958,0.058082,0.082495,0.073637,3.564903,1.000000,-0.203245,5.705757
11.080000,0.546480,-0.257455,0.383085,0.892323,-0.439965,0.058037,0.082594,0.073637,3.565716,1.000000,-0.203162,5.707222
11.085000,0.546144,-0.257470,0.383140,0.892313,-0.439973,0.057991,0.082694,0.073637,3.566529,1.000000,-0.203068,5.708686
11.090000,0.545807,-0.257484,0.383195,0.892303,-0.439980,0.057946,0.082794,0.073637,3.567342,1.000000,-0.202966,5.710155
11.095000,0.545471,-0.257499,0.383250,0.892293,-0.439988,0.057900,0.082894,0.073637,3.568154,1.000000,-0.202860,5.711641
11.100000,0.545131,-0.257512,0.383289,0.892285,-0.439992,0.057844,0.082994,0.073637,3.568966,1.000000,-0.202731,5.713457
11.105000,0.544791,-0.257525,0.383329,0.892278,-0.439996,0.057788,0.083094,0.073637,3.569777,1.000000,-0.202590,5.715277
11.110000,0.544451,-0.257538,0.383368,0.892270,-0.440000,0.057731,0.083194,0.073636,3.570587,1.000000,-0.202450,5.717095
11.115000,0.544111,-0.257551,0.383408,0.892262,-0.440004,0.057675,0.083295,0.073636,3.571397,1.000000,-0.202317,5.718917
11.120000,0.543771,-0.257564,0.383447,0.892254,-0.440009,0.057618,0.083395,0.073636,3.572207,1.000000,-0.202196,5.720771
11.125000,0.543431,-0.257577,0.383486,0.892246,-0.440013,0.057562,0.083496,0.073636,3.573016,1.000000,-0.202091,5.722726
11.130000,0.543091,-0.257590,0.383526,0.892238,-0.440018,0.057506,0.083596,0.073636,3.573824,1.000000,-0.202001,5.724684
11.135000,0.542738,-0.257603,0.383555,0.892232,-0.440019,0.057440,0.083700,0.073636,3.574633,1.000000,-0.201988,5.727092
11.140000,0.542385,-0.257616,0.383583,0.892225,-0.440021,0.057374,0.083805,0.073636,3.575442,1.000000,-0.202019,5.729505
11.145000,0.542032,-0.257629,0.383612,0.892219,-0.440024,0.057309,0.083909,0.073635,3.576250,1.000000,-0.202095,5.731955
11.150000,0.541679,-0.257643,0.383641,0.892212,-0.440026,0.057243,0.084013,0.073635,3.577060,1.000000,-0.202213,5.734480
11.155000,0.541326,-0.257656,0.383670,0.892205,-0.440028,0.057178,0.084117,0.073635,3.577869,1.000000,-0.202372,5.737009
11.160000,0.540973,-0.257669,0.383698,0.892199,-0.440030,0.057112,0.084222,0.073635,3.578680,1.000000,-0.202570,5.739537
11.165000,0.540620,-0.257682,0.383727,0.892192,-0.440032,0.057047,0.084326,0.073635,3.579491,1.000000,-0.202807,5.742069
11.170000,0.540259,-0.257693,0.383743,0.892187,-0.440031,0.056971,0.084432,0.073635,3.580304,1.000000,-0.203098,5.744940
11.175000,0.539897,-0.257704,0.383759,0.892183,-0.440029,0.056895,0.084539,0.073635,3.581118,1.000000,-0.203428,5.747875
11.180000,0.539536,-0.257715,0.383775,0.892178,-0.440028,0.056819,0.084645,0.073634,3.581933,1.000000,-0.203802,5.750814
11.185000,0.539174,-0.257726,0.383791,0.892174,-0.440027,0.056744,0.084751,0.073634,3.582750,1.000000,-0.204220,5.753752
11.190000,0.538813,-0.257737,0.383807,0.892169,-0.440025,0.056668,0.084857,0.073634,3.583568,1.000000,-0.204683,5.756695
11.195000,0.538451,-0.257748,0.383823,0.892164,-0.440024,0.056593,0.084964,0.073634,3.584389,1.000000,-0.205189,5.759696
11.200000,0.538089,-0.257759,0.383838,0.892160,-0.440023,0.056517,0.085070,0.073634,3.585211,1.000000,-0.205737,5.762749
11.205000,0.537736,-0.257761,0.383848,0.892157,-0.440019,0.056438,0.085173,0.073634,3.586036,1.000000,-0.206218,5.765355
11.210000,0.537382,-0.257764,0.383858,0.892153,-0.440016,0.056359,0.085276,0.073633,3.586863,1.000000,-0.206671,5.767965
11.215000,0.537028,-0.257766,0.383868,0.892150,-0.440013,0.056280,0.085379,0.073633,3.587691,1.000000,-0.207114,5.770580
11.220000,0.536674,-0.257768,0.383878,0.892147,-0.440009,0.056201,0.085482,0.073633,3.588521,1.000000,-0.207560,5.773273
11.225000,0.536320,-0.257770,0.383887,0.892144,-0.440006,0.056122,0.085585,0.073633,3.589353,1.000000,-0.208013,5.776017
11.230000,0.535967,-0.257772,0.383897,0.892140,-0.440002,0.056043,0.085688,0.073633,3.590187,1.000000,-0.208476,5.778759
11.235000,0.535621,-0.257757,0.383892,0.892141,-0.439993,0.055950,0.085787,0.073633,3.591022,1.000000,-0.208788,5.780856
11.240000,0.535275,-0.257742,0.383887,0.892142,-0.439985,0.055858,0.085885,0.073632,3.591858,1.000000,-0.209004,5.782956
11.245000,0.534929,-0.257727,0.383882,0.892143,-0.439976,0.055765,0.085984,0.073632,3.592695,1.000000,-0.209159,5.785109
11.250000,0.534583,-0.257712,0.383877,0.892143,-0.439967,0.055673,0.086083,0.073632,3.593532,1.000000,-0.209275,5.787285
11.255000,0.534237,-0.257697,0.383872,0.892144,-0.439958,0.055580,0.086182,0.073632,3.594370,1.000000,-0.209369,5.789459
11.260000,0.533891,-0.257683,0.383867,0.892144,-0.439949,0.055487,0.086281,0.073632,3.595208,1.000000,-0.209450,5.791638
11.265000,0.533545,-0.257668,0.383862,0.892145,-0.439941,0.055395,0.086380,0.073632,3.596047,1.000000,-0.209523,5.793819
11.270000,0.533202,-0.257638,0.383858,0.892146,-0.439931,0.055300,0.086477,0.073632,3.596886,1.000000,-0.209501,5.795444
11.275000,0.532859,-0.257609,0.383854,0.892147,-0.439922,0.055205,0.086574,0.073631,3.597724,1.000000,-0.209406,5.797092
11.280000,0.532516,-0.257580,0.383850,0.892148,-0.439912,0.055110,0.086671,0.073631,3.598562,1.000000,-0.209257,5.798738
11.285000,0.532173,-0.257550,0.383846,0.892149,-0.439903,0.055015,0.086768,0.073631,3.599399,1.000000,-0.209071,5.800388
11.290000,0.531830,-0.257521,0.383842,0.892150,-0.439893,0.054919,0.086865,0.073631,3.600235,1.000000,-0.208855,5.802041
11.295000,0.531487,-0.257491,0.383837,0.892151,-0.439884,0.054824,0.086962,0.073631,3.601070,1.000000,-0.208620,5.803796
11.300000,0.531144,-0.257462,0.383833,0.892152,-0.439875,0.054729,0.087059,0.073631,3.601905,1.000000,-0.208367,5.805566
11.305000,0.530813,-0.257420,0.383840,0.892152,-0.439868,0.054642,0.087152,0.073630,3.602738,1.000000,-0.207985,5.806469
11.310000,0.530481,-0.257379,0.383847,0.892151,-0.439861,0.054555,0.087246,0.073630,3.603569,1.000000,-0.207516,5.807375
11.315000,0.530149,-0.257338,0.383854,0.892151,-0.439855,0.054468,0.087339,0.073630,3.604398,1.000000,-0.206977,5.808286
11.320000,0.529817,-0.257296,0.383860,0.892150,-0.439848,0.054380,0.087432,0.073630,3.605225,1.000000,-0.206378,5.809272
11.325000,0.529486,-0.257255,0.383867,0.892150,-0.439841,0.054293,0.087526,0.073630,3.606050,1.000000,-0.205729,5.810263
11.330000,0.529154,-0.257213,0.383874,0.892149,-0.439835,0.054205,0.087619,0.073630,3.606871,1.000000,-0.205038,5.811251
11.335000,0.528822,-0.257171,0.383881,0.892148,-0.439829,0.054117,0.087712,0.073630,3.607690,1.000000,-0.204311,5.812243
11.340000,0.528500,-0.257118,0.383890,0.892148,-0.439822,0.054032,0.087802,0.073629,3.608506,1.000000,-0.203437,5.812524
11.345000,0.528179,-0.257065,0.383900,0.892147,-0.439816,0.053946,0.087891,0.073629,3.609318,1.000000,-0.202461,5.812917
11.350000,0.527857,-0.257012,0.383910,0.892147,-0.439809,0.053860,0.087980,0.073629,3.610125,1.000000,-0.201404,5.813314
11.355000,0.527536,-0.256958,0.383919,0.892147,-0.439803,0.053773,0.088070,0.073629,3.610929,1.000000,-0.200282,5.813708
11.360000,0.527214,-0.256905,0.383929,0.892146,-0.439797,0.053687,0.088159,0.073629,3.611727,1.000000,-0.199108,5.814105
11.365000,0.526893,-0.256852,0.383939,0.892145,-0.439791,0.053600,0.088248,0.073629,3.612521,1.000000,-0.197890,5.814517
11.370000,0.526571,-0.256798,0.383948,0.892145,-0.439785,0.053513,0.088337,0.073628,3.613310,1.000000,-0.196632,5.814985
11.375000,0.526258,-0.256737,0.383951,0.892146,-0.439776,0.053421,0.088423,0.073628,3.614094,1.000000,-0.195244,5.815034
11.380000,0.525944,-0.256676,0.383955,0.892147,-0.439768,0.053329,0.088508,0.073628,3.614872,1.000000,-0.193768,5.815079
11.385000,0.525631,-0.256615,0.383958,0.892148,-0.439760,0.053237,0.088593,0.073628,3.615643,1.000000,-0.192228,5.815128
11.390000,0.525318,-0.256553,0.383961,0.892149,-0.439752,0.053145,0.088679,0.073628,3.616409,1.000000,-0.190645,5.815205
11.395000,0.525005,-0.256492,0.383964,0.892150,-0.439744,0.053052,0.088764,0.073628,3.617168,1.000000,-0.189030,5.815358
11.400000,0.524692,-0.256431,0.383967,0.892151,-0.439736,0.052959,0.088849,0.073628,3.617920,1.000000,-0.187392,5.815514
11.405000,0.524379,-0.256369,0.383979,0.892150,-0.439731,0.052874,0.088934,0.073627,3.618666,1.000000,-0.185746,5.815559
11.410000,0.524066,-0.256308,0.383990,0.892149,-0.439726,0.052789,0.089020,0.073627,3.619406,1.000000,-0.184098,5.815607
11.415000,0.523754,-0.256247,0.384001,0.892148,-0.439721,0.052704,0.089105,0.073627,3.620139,1.000000,-0.182448,5.815683
11.420000,0.523441,-0.256186,0.384012,0.892147,-0.439716,0.052618,0.089190,0.073627,3.620865,1.000000,-0.180795,5.815812
11.425000,0.523129,-0.256124,0.384024,0.892146,-0.439711,0.052533,0.089275,0.073627,3.621584,1.000000,-0.179145,5.815944
11.430000,0.522816,-0.256063,0.384035,0.892145,-0.439705,0.052447,0.089361,0.073627,3.622297,1.000000,-0.177498,5.816072
11.435000,0.522504,-0.256002,0.384046,0.892144,-0.439700,0.052361,0.089446,0.073626,3.623004,1.000000,-0.175860,5.816204
11.440000,0.522195,-0.255944,0.384072,0.892140,-0.439700,0.052291,0.089531,0.073626,3.623704,1.000000,-0.174246,5.816213
11.445000,0.521887,-0.255885,0.384099,0.892135,-0.439700,0.052220,0.089616,0.073626,3.624397,1.000000,-0.172663,5.816257
11.450000,0.521578,-0.255827,0.384125,0.892131,-0.439700,0.052150,0.089701,0.073626,3.625084,1.000000,-0.171104,5.816304
11.455000,0.521269,-0.255769,0.384151,0.892127,-0.439700,0.052079,0.089786,0.073626,3.625765,1.000000,-0.169564,5.816348
11.460000,0.520961,-0.255711,0.384178,0.892123,-0.439700,0.052008,0.089871,0.073626,3.626440,1.000000,-0.168044,5.816395
11.465000,0.520652,-0.255653,0.384204,0.892118,-0.439699,0.051937,0.089955,0.073626,3.627109,1.000000,-0.166543,5.816486
11.470000,0.520344,-0.255595,0.384230,0.892114,-0.439699,0.051866,0.090040,0.073625,3.627772,1.000000,-0.165064,5.816617
11.475000,0.520046,-0.255536,0.384256,0.892110,-0.439698,0.051797,0.090121,0.073625,3.628429,1.000000,-0.163538,5.816459
11.480000,0.519747,-0.255476,0.384282,0.892106,-0.439698,0.051729,0.090202,0.073625,3.629080,1.000000,-0.162001,5.816304
11.485000,0.519449,-0.255417,0.384308,0.892102,-0.439697,0.051660,0.090283,0.073625,3.629724,1.000000,-0.160466,5.816152
11.490000,0.519151,-0.255358,0.384333,0.892099,-0.439696,0.051591,0.090364,0.073625,3.630363,1.000000,-0.158940,5.816036
11.495000,0.518853,-0.255298,0.384359,0.892095,-0.439695,0.051521,0.090445,0.073625,3.630995,1.000000,-0.157428,5.815944
11.500000,0.518555,-0.255239,0.384385,0.892091,-0.439695,0.051451,0.090525,0.073624,3.631621,1.000000,-0.155935,5.815849
11.505000,0.518256,-0.255179,0.384411,0.892088,-0.439694,0.051382,0.090606,0.073624,3.632242,1.000000,-0.154465,5.815757
11.510000,0.517962,-0.255126,0.384436,0.892084,-0.439693,0.051314,0.090685,0.073624,3.632857,1.000000,-0.153027,5.815824
11.515000,0.517667,-0.255073,0.384462,0.892080,-0.439693,0.051247,0.090765,0.073624,3.633466,1.000000,-0.151635,5.815930
11.520000,0.517373,-0.255020,0.384487,0.892076,-0.439692,0.051179,0.090844,0.073624,3.634069,1.000000,-0.150286,5.816055
11.525000,0.517079,-0.254967,0.384512,0.892072,-0.439691,0.051111,0.090923,0.073624,3.634667,1.000000,-0.148981,5.816176
11.530000,0.516784,-0.254913,0.384538,0.892068,-0.439690,0.051043,0.091001,0.073623,3.635260,1.000000,-0.147721,5.816300
11.535000,0.516490,-0.254860,0.384563,0.892065,-0.439689,0.050975,0.091080,0.073623,3.635849,1.000000,-0.146504,5.816426
11.540000,0.516195,-0.254807,0.384588,0.892061,-0.439688,0.050906,0.091158,0.073623,3.636432,1.000000,-0.145332,5.816593
11.545000,0.515900,-0.254761,0.384619,0.892056,-0.439689,0.050844,0.091238,0.073623,3.637011,1.000000,-0.144207,5.817031
11.550000,0.515604,-0.254715,0.384649,0.892051,-0.439689,0.050782,0.091318,0.073623,3.637585,1.000000,-0.143108,5.817464
11.555000,0.515309,-0.254670,0.384679,0.892047,-0.439689,0.050719,0.091397,0.073623,3.638155,1.000000,-0.142030,5.817901
11.560000,0.515014,-0.254624,0.384709,0.892042,-0.439690,0.050657,0.091476,0.073622,3.638721,1.000000,-0.140983,5.818340
11.565000,0.514718,-0.254578,0.384739,0.892038,-0.439690,0.050594,0.091555,0.073622,3.639283,1.000000,-0.139983,5.818797
11.570000,0.514423,-0.254532,0.384769,0.892033,-0.439690,0.050531,0.091634,0.073622,3.639841,1.000000,-0.139039,5.819260
11.575000,0.514130,-0.254487,0.384811,0.892027,-0.439692,0.050480,0.091713,0.073622,3.640395,1.000000,-0.138137,5.819558
11.580000,0.513838,-0.254443,0.384852,0.892020,-0.439695,0.050429,0.091792,0.073622,3.640946,1.000000,-0.137289,5.819859
11.585000,0.513546,-0.254398,0.384893,0.892014,-0.439697,0.050378,0.091871,0.073622,3.641493,1.000000,-0.136495,5.820163
11.590000,0.513253,-0.254353,0.384935,0.892008,-0.439699,0.050326,0.091949,0.073621,3.642038,1.000000,-0.135760,5.820527
11.595000,0.512961,-0.254308,0.384976,0.892001,-0.439701,0.050275,0.092027,0.073621,3.642579,1.000000,-0.135080,5.820897
11.600000,0.512669,-0.254264,0.385018,0.891995,-0.439702,0.050223,0.092106,0.073621,3.643118,1.000000,-0.134453,5.821264
11.605000,0.512377,-0.254219,0.385059,0.891990,-0.439704,0.050172,0.092184,0.073621,3.643655,1.000000,-0.133879,5.821634
11.610000,0.512088,-0.254170,0.385095,0.891985,-0.439704,0.050116,0.092260,0.073621,3.644189,1.000000,-0.133322,5.821830
11.615000,0.511800,-0.254122,0.385130,0.891980,-0.439705,0.050061,0.092336,0.073621,3.644722,1.000000,-0.132790,5.822062
11.620000,0.511511,-0.254073,0.385166,0.891975,-0.439705,0.050005,0.092412,0.073621,3.645252,1.000000,-0.132287,5.822296
11.625000,0.511223,-0.254024,0.385202,0.891970,-0.439705,0.049949,0.092487,0.073620,3.645780,1.000000,-0.131816,5.822527
11.630000,0.510934,-0.253975,0.385237,0.891966,-0.439705,0.049893,0.092563,0.073620,3.646307,1.000000,-0.131381,5.822760
11.635000,0.510646,-0.253927,0.385273,0.891961,-0.439705,0.049837,0.092638,0.073620,3.646831,1.000000,-0.130980,5.823000
11.640000,0.510357,-0.253878,0.385309,0.891956,-0.439704,0.049781,0.092713,0.073620,3.647355,1.000000,-0.130616,5.823280
11.645000,0.510063,-0.253831,0.385335,0.891953,-0.439703,0.049716,0.092789,0.073620,3.647877,1.000000,-0.130331,5.823910
11.650000,0.509768,-0.253785,0.385361,0.891950,-0.439701,0.049652,0.092865,0.073620,3.648398,1.000000,-0.130110,5.824536
11.655000,0.509474,-0.253738,0.385386,0.891946,-0.439699,0.049587,0.092940,0.073619,3.648918,1.000000,-0.129946,5.825165
11.660000,0.509179,-0.253692,0.385412,0.891943,-0.439697,0.049522,0.093016,0.073619,3.649438,1.000000,-0.129835,5.825799
11.665000,0.508884,-0.253645,0.385438,0.891940,-0.439694,0.049457,0.093091,0.073619,3.649957,1.000000,-0.129773,5.826446
11.670000,0.508590,-0.253598,0.385464,0.891937,-0.439692,0.049392,0.093166,0.073619,3.650476,1.000000,-0.129758,5.827096
11.675000,0.508295,-0.253552,0.385490,0.891934,-0.439690,0.049326,0.093241,0.073619,3.650996,1.000000,-0.129788,5.827741
11.680000,0.507998,-0.253507,0.385512,0.891931,-0.439687,0.049258,0.093316,0.073619,3.651515,1.000000,-0.129882,5.828600
11.685000,0.507700,-0.253463,0.385533,0.891928,-0.439684,0.049190,0.093391,0.073618,3.652035,1.000000,-0.130033,5.829473
11.690000,0.507403,-0.253418,0.385554,0.891926,-0.439681,0.049122,0.093466,0.073618,3.652556,1.000000,-0.130236,5.830378
11.695000,0.507105,-0.253374,0.385576,0.891923,-0.439678,0.049053,0.093541,0.073618,3.653078,1.000000,-0.130487,5.831285
11.700000,0.506808,-0.253330,0.385597,0.891921,-0.439675,0.048985,0.093615,0.073618,3.653601,1.000000,-0.130782,5.832187
11.705000,0.506510,-0.253285,0.385619,0.891918,-0.439672,0.048916,0.093690,0.073618,3.654125,1.000000,-0.131120,5.833093
11.710000,0.506213,-0.253241,0.385640,0.891916,-0.439669,0.048847,0.093764,0.073618,3.654651,1.000000,-0.131499,5.834012
11.715000,0.505929,-0.253193,0.385665,0.891913,-0.439667,0.048785,0.093836,0.073617,3.655178,1.000000,-0.131818,5.834444
11.720000,0.505645,-0.253145,0.385690,0.891910,-0.439664,0.048723,0.093907,0.073617,3.655706,1.000000,-0.132111,5.834877
11.725000,0.505360,-0.253096,0.385715,0.891907,-0.439662,0.048661,0.093978,0.073617,3.656235,1.000000,-0.132392,5.835306
11.730000,0.505076,-0.253048,0.385740,0.891904,-0.439660,0.048599,0.094050,0.073617,3.656766,1.000000,-0.132666,5.835738
11.735000,0.504792,-0.253000,0.385764,0.891901,-0.439657,0.048536,0.094121,0.073617,3.657297,1.000000,-0.132939,5.836179
11.740000,0.504508,-0.252952,0.385789,0.891898,-0.439655,0.048474,0.094192,0.073617,3.657830,1.000000,-0.133212,5.836631
11.745000,0.504229,-0.252902,0.385816,0.891894,-0.439653,0.048416,0.094262,0.073616,3.658363,1.000000,-0.133449,5.836860
11.750000,0.503950,-0.252853,0.385844,0.891891,-0.439652,0.048358,0.094332,0.073616,3.658898,1.000000,-0.133668,5.837091
11.755000,0.503671,-0.252803,0.385871,0.891887,-0.439650,0.048299,0.094402,0.073616,3.659433,1.000000,-0.133873,5.837324
11.760000,0.503393,-0.252753,0.385898,0.891884,-0.439648,0.048241,0.094472,0.073616,3.659969,1.000000,-0.134071,5.837583
11.765000,0.503114,-0.252704,0.385925,0.891881,-0.439647,0.048183,0.094542,0.073616,3.660506,1.000000,-0.134263,5.837859
11.770000,0.502835,-0.252654,0.385952,0.891877,-0.439645,0.048125,0.094612,0.073616,3.661044,1.000000,-0.134451,5.838130
11.775000,0.502556,-0.252604,0.385979,0.891873,-0.439644,0.048066,0.094682,0.073615,3.661583,1.000000,-0.134637,5.838404
11.780000,0.502268,-0.252564,0.386006,0.891869,-0.439643,0.048009,0.094755,0.073615,3.662122,1.000000,-0.134901,5.839286
11.785000,0.501980,-0.252524,0.386033,0.891865,-0.439642,0.047952,0.094827,0.073615,3.662662,1.000000,-0.135220,5.840172
11.790000,0.501692,-0.252484,0.386060,0.891861,-0.439640,0.047894,0.094900,0.073615,3.663204,1.000000,-0.135584,5.841061
11.795000,0.501404,-0.252444,0.386087,0.891857,-0.439639,0.047837,0.094973,0.073615,3.663748,1.000000,-0.135985,5.841946
11.800000,0.501116,-0.252404,0.386114,0.891853,-0.439638,0.047779,0.095045,0.073615,3.664293,1.000000,-0.136418,5.842833
11.805000,0.500828,-0.252364,0.386141,0.891849,-0.439637,0.047722,0.095118,0.073614,3.664840,1.000000,-0.136878,5.843722
11.810000,0.500540,-0.252323,0.386168,0.891845,-0.439636,0.047665,0.095191,0.073614,3.665389,1.000000,-0.137364,5.844644
11.815000,0.500250,-0.252296,0.386195,0.891840,-0.439636,0.047611,0.095264,0.073614,3.665940,1.000000,-0.137908,5.846128
11.820000,0.499960,-0.252269,0.386222,0.891835,-0.439635,0.047557,0.095338,0.073614,3.666493,1.000000,-0.138510,5.847607
11.825000,0.499670,-0.252242,0.386249,0.891830,-0.439635,0.047504,0.095411,0.073614,3.667049,1.000000,-0.139160,5.849089
11.830000,0.499380,-0.252215,0.386276,0.891826,-0.439634,0.047450,0.095485,0.073614,3.667607,1.000000,-0.139851,5.850574
11.835000,0.499090,-0.252188,0.386303,0.891821,-0.439634,0.047397,0.095559,0.073613,3.668169,1.000000,-0.140576,5.852069
11.840000,0.498799,-0.252161,0.386330,0.891816,-0.439633,0.047343,0.095632,0.073613,3.668733,1.000000,-0.141331,5.853567
11.845000,0.498509,-0.252134,0.386357,0.891811,-0.439633,0.047290,0.095706,0.073613,3.669301,1.000000,-0.142113,5.855061
11.850000,0.498225,-0.252112,0.386375,0.891808,-0.439631,0.047232,0.095776,0.073613,3.669871,1.000000,-0.142880,5.856677
11.855000,0.497941,-0.252089,0.386393,0.891804,-0.439629,0.047174,0.095847,0.073613,3.670445,1.000000,-0.143655,5.858297
11.860000,0.497657,-0.252067,0.386411,0.891800,-0.439628,0.047116,0.095918,0.073613,3.671021,1.000000,-0.144440,5.859932
11.865000,0.497373,-0.252044,0.386429,0.891796,-0.439626,0.047058,0.095989,0.073612,3.671601,1.000000,-0.145234,5.861568
11.870000,0.497089,-0.252022,0.386447,0.891792,-0.439625,0.047000,0.096060,0.073612,3.672184,1.000000,-0.146037,5.863201
11.875000,0.496805,-0.251999,0.386465,0.891788,-0.439623,0.046942,0.096131,0.073612,3.672770,1.000000,-0.146848,5.864835
11.880000,0.496521,-0.251977,0.386483,0.891785,-0.439622,0.046884,0.096202,0.073612,3.673360,1.000000,-0.147667,5.866479
11.885000,0.496231,-0.251955,0.386502,0.891780,-0.439621,0.046828,0.096275,0.073612,3.673953,1.000000,-0.148536,5.868330
11.890000,0.495941,-0.251934,0.386522,0.891776,-0.439620,0.046772,0.096348,0.073612,3.674549,1.000000,-0.149436,5.870183
11.895000,0.495651,-0.251913,0.386541,0.891771,-0.439619,0.046716,0.096421,0.073611,3.675149,1.000000,-0.150358,5.872031
11.900000,0.495361,-0.251891,0.386561,0.891767,-0.439618,0.046660,0.096495,0.073611,3.675753,1.000000,-0.151298,5.873882
11.905000,0.495071,-0.251870,0.386580,0.891762,-0.439617,0.046605,0.096568,0.073611,3.676361,1.000000,-0.152252,5.875744
11.910000,0.494781,-0.251848,0.386600,0.891758,-0.439616,0.046549,0.096641,0.073611,3.676973,1.000000,-0.153215,5.877623
11.915000,0.494479,-0.251820,0.386617,0.891753,-0.439614,0.046488,0.096717,0.073611,3.677588,1.000000,-0.154252,5.879579
11.920000,0.494177,-0.251792,0.386634,0.891749,-0.439612,0.046428,0.096794,0.073611,3.678208,1.000000,-0.155321,5.881532
11.925000,0.493875,-0.251764,0.386652,0.891745,-0.439611,0.046367,0.096870,0.073610,3.678832,1.000000,-0.156411,5.883487
11.930000,0.493573,-0.251736,0.386669,0.891740,-0.439609,0.046307,0.096946,0.073610,3.679461,1.000000,-0.157516,5.885458
11.935000,0.493271,-0.251708,0.386686,0.891736,-0.439607,0.046247,0.097023,0.073610,3.680094,1.000000,-0.158628,5.887448
11.940000,0.492969,-0.251680,0.386704,0.891732,-0.439606,0.046187,0.097099,0.073610,3.680731,1.000000,-0.159743,5.889433
11.945000,0.492667,-0.251652,0.386721,0.891727,-0.439604,0.046127,0.097175,0.073610,3.681373,1.000000,-0.160857,5.891421
11.950000,0.492373,-0.251619,0.386739,0.891723,-0.439603,0.046070,0.097250,0.073610,3.682019,1.000000,-0.161899,5.892997
11.955000,0.492079,-0.251585,0.386757,0.891718,-0.439602,0.046013,0.097324,0.073609,3.682669,1.000000,-0.162889,5.894583
11.960000,0.491785,-0.251552,0.386776,0.891714,-0.439600,0.045956,0.097398,0.073609,3.683324,1.000000,-0.163832,5.896176
11.965000,0.491491,-0.251519,0.386794,0.891709,-0.439599,0.045900,0.097473,0.073609,3.683981,1.000000,-0.164736,5.897765
11.970000,0.491197,-0.251485,0.386812,0.891704,-0.439598,0.045844,0.097547,0.073609,3.684643,1.000000,-0.165602,5.899357
11.975000,0.490903,-0.251452,0.386830,0.891700,-0.439597,0.045787,0.097622,0.073609,3.685307,1.000000,-0.166434,5.900951
11.980000,0.490609,-0.251419,0.386848,0.891695,-0.439596,0.045731,0.097697,0.073608,3.685975,1.000000,-0.167233,5.902585
11.985000,0.490324,-0.251383,0.386871,0.891689,-0.439596,0.045681,0.097769,0.073608,3.686646,1.000000,-0.167931,5.903863
11.990000,0.490040,-0.251347,0.386893,0.891684,-0.439596,0.045632,0.097842,0.073608,3.687319,1.000000,-0.168553,5.905137
11.995000,0.489756,-0.251311,0.386915,0.891678,-0.439596,0.045582,0.097915,0.073608,3.687995,1.000000,-0.169111,5.906414
12.000000,0.489471,-0.251276,0.386937,0.891673,-0.439596,0.045533,0.097988,0.073608,3.688673,1.000000,-0.169611,5.907693
12.005000,0.489187,-0.251240,0.386959,0.891667,-0.439596,0.045483,0.098061,0.073608,3.689353,1.000000,-0.170058,5.908992
12.010000,0.488903,-0.251204,0.386981,0.891661,-0.439597,0.045434,0.098134,0.073607,3.690034,1.000000,-0.170457,5.910297
12.015000,0.488618,-0.251169,0.387003,0.891656,-0.439597,0.045385,0.098207,0.073607,3.690717,1.000000,-0.170810,5.911598
12.020000,0.488339,-0.251132,0.387027,0.891649,-0.439598,0.045340,0.098280,0.073607,3.691401,1.000000,-0.171085,5.912736
12.025000,0.488060,-0.251096,0.387051,0.891643,-0.439600,0.045294,0.098352,0.073607,3.692086,1.000000,-0.171300,5.913877
12.030000,0.487780,-0.251060,0.387075,0.891637,-0.439601,0.045249,0.098425,0.073607,3.692772,1.000000,-0.171461,5.915050
12.035000,0.487501,-0.251024,0.387099,0.891630,-0.439603,0.045204,0.098498,0.073607,3.693458,1.000000,-0.171573,5.916226
12.040000,0.487222,-0.250988,0.387123,0.891624,-0.439604,0.045158,0.098571,0.073606,3.694145,1.000000,-0.171639,5.917398
12.045000,0.486942,-0.250951,0.387147,0.891617,-0.439606,0.045113,0.098644,0.073606,3.694832,1.000000,-0.171663,5.918572
12.050000,0.486663,-0.250915,0.387172,0.891610,-0.439608,0.045068,0.098717,0.073606,3.695518,1.000000,-0.171647,5.919750
12.055000,0.486381,-0.250877,0.387198,0.891603,-0.439610,0.045025,0.098792,0.073606,3.696205,1.000000,-0.171607,5.920921
12.060000,0.486099,-0.250839,0.387224,0.891596,-0.439613,0.044982,0.098866,0.073606,3.696891,1.000000,-0.171537,5.922094
12.065000,0.485817,-0.250801,0.387251,0.891588,-0.439615,0.044939,0.098941,0.073606,3.697578,1.000000,-0.171437,5.923262
12.070000,0.485536,-0.250763,0.387277,0.891581,-0.439618,0.044896,0.099016,0.073605,3.698263,1.000000,-0.171308,5.924432
12.075000,0.485254,-0.250725,0.387303,0.891573,-0.439621,0.044853,0.099091,0.073605,3.698948,1.000000,-0.171151,5.925610
12.080000,0.484972,-0.250687,0.387330,0.891566,-0.439624,0.044810,0.099166,0.073605,3.699633,1.000000,-0.170968,5.926812
12.085000,0.484692,-0.250651,0.387357,0.891557,-0.439627,0.044770,0.099241,0.073605,3.700316,1.000000,-0.170753,5.928079
12.090000,0.484412,-0.250616,0.387384,0.891549,-0.439631,0.044730,0.099316,0.073605,3.700999,1.000000,-0.170514,5.929341
12.095000,0.484132,-0.250581,0.387411,0.891541,-0.439635,0.044690,0.099391,0.073605,3.701680,1.000000,-0.170253,5.930606
12.100000,0.483851,-0.250546,0.387438,0.891533,-0.439638,0.044650,0.099466,0.073604,3.702361,1.000000,-0.169970,5.931878
12.105000,0.483571,-0.250510,0.387464,0.891525,-0.439642,0.044610,0.099541,0.073604,3.703040,1.000000,-0.169667,5.933163
12.110000,0.483291,-0.250475,0.387491,0.891516,-0.439646,0.044570,0.099617,0.073604,3.703718,1.000000,-0.169346,5.934449
12.115000,0.483011,-0.250440,0.387518,0.891508,-0.439650,0.044530,0.099692,0.073604,3.704395,1.000000,-0.169009,5.935731
12.120000,0.482731,-0.250412,0.387544,0.891499,-0.439654,0.044492,0.099768,0.073604,3.705070,1.000000,-0.168667,5.937281
12.125000,0.482452,-0.250384,0.387570,0.891490,-0.439659,0.044454,0.099843,0.073604,3.705744,1.000000,-0.168325,5.938859
12.130000,0.482173,-0.250355,0.387596,0.891482,-0.439663,0.044417,0.099918,0.073603,3.706417,1.000000,-0.167984,5.940469
12.135000,0.481893,-0.250327,0.387622,0.891473,-0.439668,0.044379,0.099994,0.073603,3.707088,1.000000,-0.167643,5.942075
12.140000,0.481614,-0.250299,0.387647,0.891464,-0.439673,0.044342,0.100069,0.073603,3.707758,1.000000,-0.167301,5.943683
12.145000,0.481334,-0.250271,0.387673,0.891455,-0.439677,0.044305,0.100145,0.073603,3.708427,1.000000,-0.166959,5.945294
12.150000,0.481055,-0.250242,0.387699,0.891446,-0.439682,0.044267,0.100221,0.073603,3.709094,1.000000,-0.166618,5.946924
12.155000,0.480768,-0.250219,0.387722,0.891437,-0.439687,0.044228,0.100299,0.073602,3.709760,1.000000,-0.166339,5.948978
12.160000,0.480481,-0.250195,0.387746,0.891427,-0.439692,0.044190,0.100377,0.073602,3.710425,1.000000,-0.166102,5.951027
12.165000,0.480193,-0.250172,0.387769,0.891418,-0.439697,0.044151,0.100456,0.073602,3.711089,1.000000,-0.165900,5.953078
12.170000,0.479906,-0.250148,0.387792,0.891409,-0.439702,0.044112,0.100534,0.073602,3.711752,1.000000,-0.165726,5.955132
12.175000,0.479619,-0.250124,0.387816,0.891399,-0.439706,0.044074,0.100612,0.073602,3.712415,1.000000,-0.165577,5.957213
12.180000,0.479332,-0.250101,0.387839,0.891390,-0.439711,0.044035,0.100691,0.073602,3.713077,1.000000,-0.165450,5.959308
12.185000,0.479044,-0.250077,0.387863,0.891381,-0.439716,0.043997,0.100769,0.073601,3.713739,1.000000,-0.165342,5.961398
12.190000,0.478754,-0.250052,0.387879,0.891372,-0.439720,0.043952,0.100848,0.073601,3.714400,1.000000,-0.165263,5.963558
12.195000,0.478464,-0.250026,0.387895,0.891364,-0.439724,0.043908,0.100926,0.073601,3.715061,1.000000,-0.165206,5.965721
12.200000,0.478174,-0.250000,0.387911,0.891355,-0.439727,0.043863,0.101005,0.073601,3.715722,1.000000,-0.165168,5.967917
12.205000,0.477884,-0.249975,0.387928,0.891347,-0.439731,0.043819,0.101084,0.073601,3.716383,1.000000,-0.165147,5.970122
12.210000,0.477594,-0.249949,0.387944,0.891338,-0.439734,0.043774,0.101162,0.073601,3.717044,1.000000,-0.165142,5.972321
12.215000,0.477304,-0.249923,0.387961,0.891330,-0.439738,0.043730,0.101241,0.073600,3.717705,1.000000,-0.165151,5.974523
12.220000,0.477013,-0.249898,0.387977,0.891321,-0.439742,0.043686,0.101320,0.073600,3.718366,1.000000,-0.165174,5.976727
12.225000,0.476729,-0.249864,0.387988,0.891313,-0.439744,0.043638,0.101396,0.073600,3.719026,1.000000,-0.165153,5.978569
12.230000,0.476444,-0.249831,0.388000,0.891306,-0.439747,0.043589,0.101472,0.073600,3.719687,1.000000,-0.165102,5.980415
12.235000,0.476160,-0.249798,0.388011,0.891298,-0.439749,0.043541,0.101548,0.073600,3.720348,1.000000,-0.165030,5.982255
12.240000,0.475875,-0.249764,0.388022,0.891291,-0.439752,0.043493,0.101624,0.073599,3.721008,1.000000,-0.164942,5.984097
12.245000,0.475590,-0.249731,0.388034,0.891283,-0.439754,0.043445,0.101701,0.073599,3.721667,1.000000,-0.164842,5.985943
12.250000,0.475306,-0.249698,0.388045,0.891275,-0.439757,0.043397,0.101777,0.073599,3.722327,1.000000,-0.164732,5.987821
12.255000,0.475027,-0.249661,0.388065,0.891266,-0.439762,0.043359,0.101853,0.073599,3.722985,1.000000,-0.164573,5.989337
12.260000,0.474748,-0.249624,0.388085,0.891257,-0.439767,0.043320,0.101929,0.073599,3.723643,1.000000,-0.164380,5.990848
12.265000,0.474469,-0.249587,0.388106,0.891248,-0.439771,0.043282,0.102005,0.073599,3.724300,1.000000,-0.164158,5.992361
12.270000,0.474190,-0.249550,0.388126,0.891238,-0.439777,0.043243,0.102081,0.073598,3.724957,1.000000,-0.163914,5.993880
12.275000,0.473911,-0.249513,0.388146,0.891229,-0.439782,0.043205,0.102157,0.073598,3.725612,1.000000,-0.163650,5.995417
12.280000,0.473632,-0.249476,0.388166,0.891220,-0.439787,0.043166,0.102234,0.073598,3.726266,1.000000,-0.163372,5.996956
12.285000,0.473353,-0.249439,0.388186,0.891210,-0.439792,0.043128,0.102310,0.073598,3.726919,1.000000,-0.163080,5.998489
12.290000,0.473070,-0.249402,0.388212,0.891199,-0.439799,0.043095,0.102388,0.073598,3.727571,1.000000,-0.162798,6.000032
12.295000,0.472788,-0.249364,0.388238,0.891188,-0.439806,0.043062,0.102466,0.073598,3.728221,1.000000,-0.162518,6.001584
12.300000,0.472506,-0.249327,0.388263,0.891178,-0.439813,0.043029,0.102544,0.073597,3.728871,1.000000,-0.162239,6.003150
12.305000,0.472224,-0.249289,0.388289,0.891167,-0.439820,0.042996,0.102623,0.073597,3.729519,1.000000,-0.161958,6.004718
12.310000,0.471942,-0.249252,0.388315,0.891156,-0.439828,0.042964,0.102701,0.073597,3.730167,1.000000,-0.161676,6.006281
12.315000,0.471660,-0.249214,0.388340,0.891145,-0.439835,0.042931,0.102779,0.073597,3.730813,1.000000,-0.161393,6.007847
12.320000,0.471377,-0.249176,0.388366,0.891134,-0.439842,0.042898,0.102858,0.073597,3.731458,1.000000,-0.161108,6.009416
12.325000,0.471100,-0.249137,0.388389,0.891123,-0.439849,0.042865,0.102933,0.073597,3.732102,1.000000,-0.160777,6.010814
12.330000,0.470823,-0.249098,0.388413,0.891112,-0.439856,0.042832,0.103009,0.073596,3.732744,1.000000,-0.160420,6.012215
12.335000,0.470546,-0.249059,0.388436,0.891102,-0.439863,0.042799,0.103084,0.073596,3.733385,1.000000,-0.160042,6.013610
12.340000,0.470269,-0.249020,0.388459,0.891091,-0.439870,0.042767,0.103160,0.073596,3.734024,1.000000,-0.159647,6.015008
12.345000,0.469992,-0.248981,0.388483,0.891080,-0.439877,0.042734,0.103235,0.073596,3.734662,1.000000,-0.159242,6.016419
12.350000,0.469715,-0.248941,0.388506,0.891070,-0.439884,0.042701,0.103311,0.073596,3.735298,1.000000,-0.158827,6.017840
12.355000,0.469438,-0.248902,0.388529,0.891059,-0.439891,0.042668,0.103387,0.073595,3.735933,1.000000,-0.158404,6.019257
12.360000,0.469164,-0.248858,0.388538,0.891051,-0.439895,0.042624,0.103460,0.073595,3.736565,1.000000,-0.157941,6.020544
12.365000,0.468889,-0.248814,0.388548,0.891043,-0.439899,0.042579,0.103532,0.073595,3.737196,1.000000,-0.157448,6.021832
12.370000,0.468615,-0.248769,0.388557,0.891035,-0.439902,0.042534,0.103605,0.073595,3.737825,1.000000,-0.156931,6.023118
12.375000,0.468340,-0.248725,0.388566,0.891026,-0.439906,0.042489,0.103678,0.073595,3.738451,1.000000,-0.156396,6.024403
12.380000,0.468066,-0.248681,0.388575,0.891018,-0.439910,0.042444,0.103750,0.073595,3.739076,1.000000,-0.155848,6.025683
12.385000,0.467791,-0.248636,0.388585,0.891010,-0.439914,0.042399,0.103823,0.073594,3.739698,1.000000,-0.155291,6.026964
12.390000,0.467517,-0.248592,0.388594,0.891002,-0.439918,0.042354,0.103896,0.073594,3.740318,1.000000,-0.154726,6.028247
12.395000,0.467241,-0.248554,0.388605,0.890992,-0.439924,0.042313,0.103972,0.073594,3.740936,1.000000,-0.154184,6.029814
12.400000,0.466965,-0.248516,0.388617,0.890982,-0.439929,0.042272,0.104047,0.073594,3.741551,1.000000,-0.153663,6.031385
12.405000,0.466689,-0.248478,0.388628,0.890973,-0.439935,0.042232,0.104123,0.073594,3.742165,1.000000,-0.153159,6.032951
12.410000,0.466413,-0.248440,0.388640,0.890963,-0.439941,0.042191,0.104199,0.073593,3.742776,1.000000,-0.152672,6.034519
12.415000,0.466137,-0.248402,0.388651,0.890953,-0.439947,0.042150,0.104275,0.073593,3.743386,1.000000,-0.152201,6.036089
12.420000,0.465861,-0.248364,0.388663,0.890943,-0.439953,0.042110,0.104351,0.073593,3.743994,1.000000,-0.151744,6.037639
12.425000,0.465583,-0.248333,0.388682,0.890931,-0.439962,0.042079,0.104428,0.073593,3.744600,1.000000,-0.151326,6.039437
12.430000,0.465306,-0.248303,0.388702,0.890919,-0.439971,0.042049,0.104506,0.073593,3.745205,1.000000,-0.150945,6.041228
12.435000,0.465029,-0.248273,0.388721,0.890906,-0.439980,0.042020,0.104584,0.073593,3.745808,1.000000,-0.150599,6.043023
12.440000,0.464752,-0.248242,0.388740,0.890894,-0.439989,0.041990,0.104661,0.073592,3.746409,1.000000,-0.150285,6.044819
12.445000,0.464475,-0.248212,0.388760,0.890882,-0.439998,0.041960,0.104739,0.073592,3.747010,1.000000,-0.150000,6.046620
12.450000,0.464197,-0.248181,0.388779,0.890870,-0.440008,0.041930,0.104817,0.073592,3.747610,1.000000,-0.149742,6.048423
12.455000,0.463920,-0.248151,0.388799,0.890857,-0.440017,0.041901,0.104895,0.073592,3.748208,1.000000,-0.149511,6.050220
12.460000,0.463643,-0.248123,0.388822,0.890844,-0.440028,0.041876,0.104973,0.073592,3.748806,1.000000,-0.149314,6.052084
12.465000,0.463365,-0.248095,0.388845,0.890830,-0.440039,0.041851,0.105052,0.073592,3.749403,1.000000,-0.149147,6.053947
12.470000,0.463087,-0.248066,0.388867,0.890817,-0.440050,0.041827,0.105131,0.073591,3.749999,1.000000,-0.149037,6.055801
12.475000,0.462809,-0.248038,0.388890,0.890803,-0.440061,0.041802,0.105210,0.073591,3.750595,1.000000,-0.149058,6.057657
12.480000,0.462532,-0.248010,0.388913,0.890789,-0.440072,0.041778,0.105289,0.073591,3.751192,1.000000,-0.149210,6.059507
12.485000,0.462254,-0.247982,0.388936,0.890776,-0.440083,0.041753,0.105368,0.073591,3.751790,1.000000,-0.149450,6.061359
12.490000,0.461976,-0.247953,0.388959,0.890762,-0.440093,0.041729,0.105446,0.073591,3.752388,1.000000,-0.149750,6.063211
12.495000,0.461698,-0.247926,0.388982,0.890748,-0.440105,0.041707,0.105526,0.073590,3.752988,1.000000,-0.150104,6.065104
12.500000,0.461421,-0.247900,0.389006,0.890734,-0.440116,0.041684,0.105606,0.073590,3.753590,1.000000,-0.150500,6.066998
12.505000,0.461143,-0.247873,0.389030,0.890720,-0.440128,0.041662,0.105685,0.073590,3.754193,1.000000,-0.150925,6.068887
12.510000,0.460865,-0.247846,0.389054,0.890706,-0.440139,0.041640,0.105764,0.073590,3.754798,1.000000,-0.151373,6.070779
12.515000,0.460588,-0.247819,0.389077,0.890692,-0.440150,0.041618,0.105844,0.073590,3.755405,1.000000,-0.151841,6.072661
12.520000,0.460310,-0.247792,0.389101,0.890679,-0.440161,0.041595,0.105923,0.073590,3.756013,1.000000,-0.152324,6.074533
12.525000,0.460032,-0.247765,0.389125,0.890665,-0.440172,0.041573,0.106002,0.073589,3.756624,1.000000,-0.152821,6.076400
12.530000,0.459748,-0.247731,0.389134,0.890654,-0.440179,0.041536,0.106081,0.073589,3.757236,1.000000,-0.153294,6.078300
12.535000,0.459464,-0.247698,0.389142,0.890643,-0.440186,0.041499,0.106159,0.073589,3.757851,1.000000,-0.153740,6.080202
12.540000,0.459180,-0.247664,0.389151,0.890632,-0.440193,0.041461,0.106238,0.073589,3.758467,1.000000,-0.154178,6.082101
12.545000,0.458896,-0.247630,0.389160,0.890621,-0.440199,0.041424,0.106316,0.073589,3.759085,1.000000,-0.154617,6.083999
12.550000,0.458612,-0.247596,0.389168,0.890610,-0.440206,0.041387,0.106395,0.073588,3.759705,1.000000,-0.155064,6.085891
12.555000,0.458328,-0.247562,0.389177,0.890599,-0.440213,0.041349,0.106474,0.073588,3.760326,1.000000,-0.155522,6.087786
12.560000,0.458044,-0.247529,0.389186,0.890588,-0.440219,0.041312,0.106552,0.073588,3.760950,1.000000,-0.155993,6.089682
12.565000,0.457760,-0.247492,0.389198,0.890576,-0.440227,0.041278,0.106631,0.073588,3.761575,1.000000,-0.156472,6.091414
12.570000,0.457476,-0.247455,0.389211,0.890564,-0.440235,0.041245,0.106710,0.073588,3.762202,1.000000,-0.156957,6.093140
12.575000,0.457191,-0.247418,0.389223,0.890553,-0.440243,0.041211,0.106789,0.073588,3.762831,1.000000,-0.157448,6.094861
12.580000,0.456907,-0.247381,0.389235,0.890541,-0.440251,0.041178,0.106869,0.073587,3.763462,1.000000,-0.157943,6.096584
12.585000,0.456623,-0.247344,0.389248,0.890529,-0.440258,0.041144,0.106948,0.073587,3.764096,1.000000,-0.158442,6.098309
12.590000,0.456338,-0.247308,0.389260,0.890517,-0.440266,0.041111,0.107027,0.073587,3.764731,1.000000,-0.158948,6.100037
12.595000,0.456050,-0.247269,0.389281,0.890504,-0.440276,0.041085,0.107108,0.073587,3.765368,1.000000,-0.159492,6.101729
12.600000,0.455762,-0.247230,0.389301,0.890490,-0.440286,0.041059,0.107189,0.073587,3.766008,1.000000,-0.160054,6.103416
12.605000,0.455473,-0.247191,0.389321,0.890476,-0.440297,0.041033,0.107270,0.073586,3.766649,1.000000,-0.160626,6.105105
12.610000,0.455185,-0.247152,0.389342,0.890463,-0.440307,0.041007,0.107352,0.073586,3.767293,1.000000,-0.161201,6.106794
12.615000,0.454896,-0.247114,0.389362,0.890449,-0.440317,0.040982,0.107433,0.073586,3.767940,1.000000,-0.161774,6.108452
12.620000,0.454608,-0.247075,0.389382,0.890436,-0.440327,0.040956,0.107514,0.073586,3.768588,1.000000,-0.162345,6.110112
12.625000,0.454320,-0.247036,0.389402,0.890422,-0.440337,0.040930,0.107595,0.073586,3.769239,1.000000,-0.162912,6.111767
12.630000,0.454026,-0.246998,0.389426,0.890407,-0.440348,0.040908,0.107678,0.073586,3.769893,1.000000,-0.163514,6.113560
12.635000,0.453733,-0.246961,0.389449,0.890393,-0.440359,0.040886,0.107761,0.073585,3.770548,1.000000,-0.164134,6.115352
12.640000,0.453440,-0.246923,0.389472,0.890378,-0.440371,0.040864,0.107844,0.073585,3.771207,1.000000,-0.164765,6.117136
12.645000,0.453147,-0.246885,0.389495,0.890364,-0.440382,0.040842,0.107927,0.073585,3.771867,1.000000,-0.165400,6.118923
12.650000,0.452854,-0.246848,0.389518,0.890349,-0.440393,0.040820,0.108010,0.073585,3.772531,1.000000,-0.166034,6.120705
12.655000,0.452561,-0.246810,0.389542,0.890334,-0.440404,0.040798,0.108093,0.073585,3.773197,1.000000,-0.166666,6.122489
12.660000,0.452268,-0.246772,0.389565,0.890320,-0.440415,0.040776,0.108176,0.073585,3.773865,1.000000,-0.167294,6.124269
12.665000,0.451968,-0.246735,0.389582,0.890306,-0.440426,0.040750,0.108260,0.073584,3.774536,1.000000,-0.167948,6.126312
12.670000,0.451668,-0.246699,0.389599,0.890292,-0.440436,0.040723,0.108345,0.073584,3.775210,1.000000,-0.168612,6.128358
12.675000,0.451368,-0.246662,0.389617,0.890278,-0.440446,0.040697,0.108429,0.073584,3.775886,1.000000,-0.169284,6.130398
12.680000,0.451068,-0.246625,0.389634,0.890264,-0.440456,0.040671,0.108513,0.073584,3.776565,1.000000,-0.169962,6.132441
12.685000,0.450768,-0.246589,0.389651,0.890250,-0.440466,0.040644,0.108598,0.073584,3.777247,1.000000,-0.170646,6.134477
12.690000,0.450468,-0.246552,0.389669,0.890236,-0.440476,0.040618,0.108682,0.073583,3.777931,1.000000,-0.171333,6.136509
12.695000,0.450168,-0.246516,0.389686,0.890222,-0.440486,0.040591,0.108766,0.073583,3.778618,1.000000,-0.172022,6.138535
12.700000,0.449862,-0.246484,0.389697,0.890208,-0.440495,0.040561,0.108852,0.073583,3.779309,1.000000,-0.172758,6.140965
12.705000,0.449557,-0.246453,0.389707,0.890194,-0.440504,0.040530,0.108939,0.073583,3.780002,1.000000,-0.173526,6.143398
12.710000,0.449251,-0.246421,0.389718,0.890181,-0.440513,0.040499,0.109025,0.073583,3.780698,1.000000,-0.174319,6.145809
12.715000,0.448946,-0.246390,0.389729,0.890167,-0.440522,0.040469,0.109111,0.073583,3.781397,1.000000,-0.175131,6.148214
12.720000,0.448640,-0.246359,0.389740,0.890153,-0.440531,0.040438,0.109197,0.073582,3.782100,1.000000,-0.175961,6.150613
12.725000,0.448334,-0.246327,0.389751,0.890140,-0.440540,0.040407,0.109284,0.073582,3.782806,1.000000,-0.176805,6.153015
12.730000,0.448029,-0.246296,0.389761,0.890126,-0.440549,0.040377,0.109370,0.073582,3.783516,1.000000,-0.177660,6.155419
12.735000,0.447721,-0.246273,0.389779,0.890110,-0.440561,0.040356,0.109459,0.073582,3.784229,1.000000,-0.178603,6.158135
12.740000,0.447413,-0.246249,0.389797,0.890095,-0.440573,0.040335,0.109548,0.073582,3.784946,1.000000,-0.179613,6.160854
12.745000,0.447104,-0.246226,0.389815,0.890079,-0.440584,0.040314,0.109636,0.073581,3.785667,1.000000,-0.180667,6.163567
12.750000,0.446796,-0.246203,0.389833,0.890063,-0.440596,0.040293,0.109725,0.073581,3.786393,1.000000,-0.181750,6.166283
12.755000,0.446488,-0.246179,0.389851,0.890047,-0.440608,0.040272,0.109814,0.073581,3.787123,1.000000,-0.182853,6.169001
12.760000,0.446180,-0.246156,0.389869,0.890031,-0.440619,0.040251,0.109903,0.073581,3.787857,1.000000,-0.183969,6.171717
12.765000,0.445869,-0.246134,0.389893,0.890014,-0.440633,0.040238,0.109994,0.073581,3.788596,1.000000,-0.185140,6.174512
12.770000,0.445557,-0.246111,0.389918,0.889996,-0.440647,0.040224,0.110085,0.073580,3.789340,1.000000,-0.186343,6.177302
12.775000,0.445246,-0.246089,0.389943,0.889979,-0.440661,0.040211,0.110176,0.073580,3.790089,1.000000,-0.187564,6.180095
12.780000,0.444934,-0.246067,0.389967,0.889961,-0.440674,0.040198,0.110267,0.073580,3.790842,1.000000,-0.188795,6.182885
12.785000,0.444623,-0.246045,0.389992,0.889944,-0.440688,0.040184,0.110358,0.073580,3.791601,1.000000,-0.190027,6.185659
12.790000,0.444311,-0.246023,0.390017,0.889927,-0.440701,0.040171,0.110449,0.073580,3.792364,1.000000,-0.191257,6.188435
12.795000,0.444000,-0.246001,0.390041,0.889909,-0.440715,0.040157,0.110540,0.073580,3.793132,1.000000,-0.192481,6.191207
12.800000,0.443685,-0.245979,0.390064,0.889892,-0.440728,0.040143,0.110631,0.073579,3.793906,1.000000,-0.193709,6.194077
12.805000,0.443371,-0.245956,0.390086,0.889875,-0.440741,0.040128,0.110723,0.073579,3.794684,1.000000,-0.194933,6.196945
12.810000,0.443057,-0.245934,0.390109,0.889858,-0.440754,0.040114,0.110814,0.073579,3.795467,1.000000,-0.196149,6.199804
12.815000,0.442742,-0.245912,0.390131,0.889841,-0.440767,0.040099,0.110905,0.073579,3.796254,1.000000,-0.197357,6.202667
12.820000,0.442428,-0.245890,0.390154,0.889824,-0.440780,0.040084,0.110997,0.073579,3.797047,1.000000,-0.198554,6.205524
12.825000,0.442113,-0.245868,0.390176,0.889807,-0.440792,0.040069,0.111088,0.073578,3.797845,1.000000,-0.199738,6.208385
12.830000,0.441799,-0.245846,0.390198,0.889790,-0.440805,0.040054,0.111179,0.073578,3.798647,1.000000,-0.200908,6.211242
12.835000,0.441483,-0.245820,0.390208,0.889775,-0.440814,0.040027,0.111268,0.073578,3.799453,1.000000,-0.202013,6.214088
12.840000,0.441168,-0.245794,0.390217,0.889761,-0.440823,0.040000,0.111357,0.073578,3.800264,1.000000,-0.203062,6.216927
12.845000,0.440852,-0.245768,0.390226,0.889746,-0.440833,0.039972,0.111446,0.073578,3.801079,1.000000,-0.204072,6.219770
12.850000,0.440537,-0.245742,0.390235,0.889732,-0.440842,0.039945,0.111535,0.073578,3.801898,1.000000,-0.205053,6.222616
12.855000,0.440221,-0.245716,0.390244,0.889717,-0.440851,0.039918,0.111624,0.073577,3.802721,1.000000,-0.206010,6.225447
12.860000,0.439906,-0.245690,0.390254,0.889703,-0.440860,0.039890,0.111713,0.073577,3.803548,1.000000,-0.206948,6.228274
12.865000,0.439590,-0.245664,0.390263,0.889688,-0.440870,0.039862,0.111802,0.073577,3.804378,1.000000,-0.207868,6.231096
12.870000,0.439280,-0.245633,0.390271,0.889674,-0.440879,0.039834,0.111890,0.073577,3.805212,1.000000,-0.208709,6.233585
12.875000,0.438969,-0.245602,0.390279,0.889660,-0.440888,0.039806,0.111977,0.073577,3.806049,1.000000,-0.209490,6.236077
12.880000,0.438659,-0.245570,0.390288,0.889645,-0.440897,0.039778,0.112065,0.073576,3.806889,1.000000,-0.210222,6.238572
12.885000,0.438348,-0.245539,0.390296,0.889631,-0.440906,0.039750,0.112153,0.073576,3.807732,1.000000,-0.210913,6.241070
12.890000,0.438038,-0.245508,0.390304,0.889617,-0.440915,0.039722,0.112240,0.073576,3.808577,1.000000,-0.211566,6.243563
12.895000,0.437727,-0.245476,0.390313,0.889602,-0.440924,0.039694,0.112328,0.073576,3.809426,1.000000,-0.212187,6.246058
12.900000,0.437417,-0.245445,0.390321,0.889588,-0.440934,0.039665,0.112416,0.073576,3.810276,1.000000,-0.212776,6.248556
12.905000,0.437110,-0.245404,0.390339,0.889572,-0.440945,0.039646,0.112503,0.073576,3.811129,1.000000,-0.213289,6.250519
12.910000,0.436803,-0.245363,0.390357,0.889556,-0.440957,0.039626,0.112590,0.073575,3.811983,1.000000,-0.213732,6.252485
12.915000,0.436497,-0.245322,0.390375,0.889540,-0.440968,0.039606,0.112678,0.073575,3.812839,1.000000,-0.214111,6.254446
12.920000,0.436190,-0.245281,0.390393,0.889524,-0.440980,0.039586,0.112765,0.073575,3.813697,1.000000,-0.214433,6.256410
12.925000,0.435884,-0.245240,0.390411,0.889508,-0.440992,0.039566,0.112853,0.073575,3.814556,1.000000,-0.214700,6.258373
12.930000,0.435577,-0.245199,0.390429,0.889492,-0.441003,0.039546,0.112941,0.073575,3.815415,1.000000,-0.214914,6.260318
12.935000,0.435269,-0.245153,0.390451,0.889475,-0.441016,0.039531,0.113029,0.073574,3.816276,1.000000,-0.215078,6.262077
12.940000,0.434962,-0.245107,0.390474,0.889458,-0.441029,0.039515,0.113118,0.073574,3.817137,1.000000,-0.215186,6.263831
12.945000,0.434654,-0.245061,0.390497,0.889441,-0.441043,0.039499,0.113207,0.073574,3.817998,1.000000,-0.215242,6.265588
12.950000,0.434346,-0.245015,0.390519,0.889424,-0.441056,0.039484,0.113296,0.073574,3.818859,1.000000,-0.215250,6.267350
12.955000,0.434039,-0.244969,0.390542,0.889407,-0.441069,0.039468,0.113385,0.073574,3.819721,1.000000,-0.215213,6.269118
12.960000,0.433731,-0.244923,0.390564,0.889389,-0.441082,0.039452,0.113474,0.073574,3.820581,1.000000,-0.215132,6.270890
12.965000,0.433423,-0.244878,0.390587,0.889372,-0.441096,0.039436,0.113563,0.073573,3.821442,1.000000,-0.215011,6.272656
12.970000,0.433110,-0.244833,0.390599,0.889356,-0.441107,0.039411,0.113653,0.073573,3.822302,1.000000,-0.214869,6.274717
12.975000,0.432797,-0.244789,0.390612,0.889340,-0.441119,0.039387,0.113743,0.073573,3.823162,1.000000,-0.214700,6.276778
12.980000,0.432484,-0.244745,0.390624,0.889324,-0.441131,0.039362,0.113833,0.073573,3.824020,1.000000,-0.214508,6.278839
12.985000,0.432170,-0.244701,0.390637,0.889307,-0.441142,0.039337,0.113923,0.073573,3.824878,1.000000,-0.214298,6.280895
12.990000,0.431857,-0.244657,0.390649,0.889291,-0.441154,0.039312,0.114013,0.073572,3.825735,1.000000,-0.214075,6.282955
12.995000,0.431544,-0.244613,0.390662,0.889275,-0.441166,0.039287,0.114104,0.073572,3.826591,1.000000,-0.213841,6.285017
13.000000,0.431230,-0.244568,0.390674,0.889258,-0.441178,0.039262,0.114194,0.073572,3.827446,1.000000,-0.213596,6.287081
13.005000,0.430921,-0.244527,0.390685,0.889242,-0.441190,0.039238,0.114283,0.073572,3.828300,1.000000,-0.213330,6.289173
13.010000,0.430612,-0.244486,0.390696,0.889226,-0.441202,0.039213,0.114372,0.073572,3.829153,1.000000,-0.213058,6.291261
13.015000,0.430303,-0.244445,0.390707,0.889209,-0.441214,0.039189,0.114462,0.073571,3.830005,1.000000,-0.212781,6.293350
13.020000,0.429993,-0.244404,0.390718,0.889193,-0.441226,0.039164,0.114551,0.073571,3.830856,1.000000,-0.212500,6.295443
13.025000,0.429684,-0.244363,0.390729,0.889177,-0.441238,0.039140,0.114641,0.073571,3.831706,1.000000,-0.212217,6.297555
13.030000,0.429375,-0.244322,0.390740,0.889160,-0.441250,0.039115,0.114730,0.073571,3.832554,1.000000,-0.211934,6.299673
13.035000,0.429065,-0.244281,0.390751,0.889144,-0.441262,0.039090,0.114819,0.073571,3.833402,1.000000,-0.211649,6.301785
13.040000,0.428759,-0.244240,0.390771,0.889125,-0.441276,0.039076,0.114910,0.073571,3.834248,1.000000,-0.211373,6.303753
13.045000,0.428453,-0.244199,0.390791,0.889107,-0.441291,0.039061,0.115001,0.073570,3.835093,1.000000,-0.211108,6.305724
13.050000,0.428146,-0.244158,0.390811,0.889089,-0.441305,0.039047,0.115091,0.073570,3.835937,1.000000,-0.210846,6.307705
13.055000,0.427840,-0.244117,0.390831,0.889071,-0.441320,0.039032,0.115182,0.073570,3.836780,1.000000,-0.210583,6.309688
13.060000,0.427534,-0.244076,0.390851,0.889052,-0.441334,0.039017,0.115272,0.073570,3.837622,1.000000,-0.210318,6.311666
13.065000,0.427227,-0.244035,0.390871,0.889034,-0.441348,0.039003,0.115363,0.073570,3.838463,1.000000,-0.210051,6.313647
13.070000,0.426921,-0.243994,0.390891,0.889016,-0.441363,0.038988,0.115453,0.073569,3.839303,1.000000,-0.209781,6.315630
13.075000,0.426614,-0.243947,0.390914,0.888997,-0.441378,0.038977,0.115544,0.073569,3.840142,1.000000,-0.209487,6.317353
13.080000,0.426307,-0.243899,0.390938,0.888978,-0.441393,0.038965,0.115634,0.073569,3.840979,1.000000,-0.209169,6.319077
13.085000,0.426001,-0.243851,0.390962,0.888960,-0.441408,0.038954,0.115725,0.073569,3.841816,1.000000,-0.208832,6.320797
13.090000,0.425694,-0.243804,0.390985,0.888941,-0.441423,0.038943,0.115815,0.073569,3.842650,1.000000,-0.208481,6.322519
13.095000,0.425387,-0.243756,0.391009,0.888922,-0.441438,0.038931,0.115906,0.073569,3.843484,1.000000,-0.208118,6.324232
13.100000,0.425081,-0.243709,0.391032,0.888903,-0.441453,0.038920,0.115996,0.073568,3.844316,1.000000,-0.207747,6.325939
13.105000,0.424778,-0.243651,0.391044,0.888887,-0.441465,0.038897,0.116082,0.073568,3.845146,1.000000,-0.207254,6.327210
13.110000,0.424475,-0.243592,0.391056,0.888871,-0.441477,0.038875,0.116169,0.073568,3.845974,1.000000,-0.206669,6.328484
13.115000,0.424173,-0.243534,0.391069,0.888855,-0.441489,0.038852,0.116255,0.073568,3.846799,1.000000,-0.206024,6.329761
13.120000,0.423870,-0.243476,0.391081,0.888839,-0.441501,0.038829,0.116341,0.073568,3.847622,1.000000,-0.205343,6.331061
13.125000,0.423568,-0.243418,0.391093,0.888822,-0.441513,0.038807,0.116427,0.073567,3.848442,1.000000,-0.204638,6.332369
13.130000,0.423265,-0.243360,0.391105,0.888806,-0.441525,0.038784,0.116513,0.073567,3.849259,1.000000,-0.203916,6.333671
13.135000,0.422963,-0.243302,0.391118,0.888790,-0.441537,0.038761,0.116600,0.073567,3.850073,1.000000,-0.203184,6.334977
13.140000,0.422667,-0.243240,0.391121,0.888775,-0.441547,0.038730,0.116682,0.073567,3.850884,1.000000,-0.202353,6.336005
13.145000,0.422372,-0.243177,0.391124,0.888761,-0.441557,0.038699,0.116765,0.073567,3.851692,1.000000,-0.201457,6.337038
13.150000,0.422077,-0.243115,0.391127,0.888747,-0.441567,0.038668,0.116847,0.073566,3.852496,1.000000,-0.200522,6.338073
13.155000,0.421781,-0.243053,0.391130,0.888732,-0.441577,0.038637,0.116930,0.073566,3.853296,1.000000,-0.199563,6.339102
13.160000,0.421486,-0.242991,0.391133,0.888718,-0.441587,0.038606,0.117013,0.073566,3.854092,1.000000,-0.198593,6.340135
13.165000,0.421190,-0.242928,0.391136,0.888703,-0.441597,0.038575,0.117095,0.073566,3.854884,1.000000,-0.197617,6.341170
13.170000,0.420895,-0.242866,0.391139,0.888688,-0.441607,0.038544,0.117178,0.073566,3.855673,1.000000,-0.196642,6.342212
13.175000,0.420604,-0.242803,0.391149,0.888672,-0.441619,0.038522,0.117261,0.073566,3.856457,1.000000,-0.195666,6.343058
13.180000,0.420312,-0.242740,0.391160,0.888656,-0.441631,0.038500,0.117344,0.073565,3.857238,1.000000,-0.194697,6.343898
13.185000,0.420021,-0.242677,0.391171,0.888640,-0.441644,0.038478,0.117428,0.073565,3.858014,1.000000,-0.193735,6.344741
13.190000,0.419730,-0.242614,0.391182,0.888624,-0.441656,0.038456,0.117511,0.073565,3.858787,1.000000,-0.192778,6.345599
13.195000,0.419439,-0.242551,0.391193,0.888608,-0.441668,0.038434,0.117594,0.073565,3.859556,1.000000,-0.191828,6.346490
13.200000,0.419147,-0.242488,0.391204,0.888591,-0.441681,0.038412,0.117677,0.073565,3.860322,1.000000,-0.190884,6.347384
13.205000,0.418856,-0.242425,0.391215,0.888575,-0.441693,0.038390,0.117760,0.073564,3.861083,1.000000,-0.189950,6.348272
13.210000,0.418573,-0.242359,0.391241,0.888557,-0.441709,0.038383,0.117844,0.073564,3.861841,1.000000,-0.189003,6.348707
13.215000,0.418289,-0.242292,0.391267,0.888538,-0.441724,0.038377,0.117927,0.073564,3.862595,1.000000,-0.188055,6.349156
13.220000,0.418006,-0.242226,0.391292,0.888520,-0.441740,0.038371,0.118010,0.073564,3.863345,1.000000,-0.187102,6.349623
13.225000,0.417723,-0.242159,0.391318,0.888501,-0.441755,0.038365,0.118094,0.073564,3.864091,1.000000,-0.186144,6.350085
13.230000,0.417439,-0.242092,0.391344,0.888483,-0.441771,0.038359,0.118177,0.073563,3.864834,1.000000,-0.185180,6.350550
13.235000,0.417156,-0.242026,0.391370,0.888464,-0.441786,0.038353,0.118260,0.073563,3.865572,1.000000,-0.184212,6.351017
13.240000,0.416873,-0.241959,0.391396,0.888446,-0.441801,0.038346,0.118343,0.073563,3.866307,1.000000,-0.183241,6.351508
13.245000,0.416596,-0.241891,0.391424,0.888427,-0.441817,0.038344,0.118425,0.073563,3.867038,1.000000,-0.182225,6.351735
13.250000,0.416320,-0.241822,0.391453,0.888408,-0.441833,0.038342,0.118507,0.073563,3.867764,1.000000,-0.181186,6.351958
13.255000,0.416044,-0.241754,0.391482,0.888390,-0.441849,0.038340,0.118588,0.073562,3.868487,1.000000,-0.180129,6.352183
13.260000,0.415767,-0.241685,0.391510,0.888371,-0.441865,0.038338,0.118670,0.073562,3.869205,1.000000,-0.179061,6.352412
13.265000,0.415491,-0.241617,0.391539,0.888353,-0.441880,0.038336,0.118751,0.073562,3.869919,1.000000,-0.177986,6.352667
13.270000,0.415215,-0.241548,0.391568,0.888334,-0.441896,0.038334,0.118833,0.073562,3.870628,1.000000,-0.176906,6.352934
13.275000,0.414939,-0.241483,0.391591,0.888316,-0.441910,0.038328,0.118914,0.073562,3.871333,1.000000,-0.175820,6.353316
13.280000,0.414664,-0.241418,0.391614,0.888298,-0.441925,0.038321,0.118995,0.073562,3.872034,1.000000,-0.174738,6.353701
13.285000,0.414389,-0.241352,0.391637,0.888280,-0.441940,0.038315,0.119077,0.073561,3.872731,1.000000,-0.173666,6.354088
13.290000,0.414114,-0.241287,0.391660,0.888263,-0.441954,0.038309,0.119158,0.073561,3.873423,1.000000,-0.172611,6.354520
13.295000,0.413839,-0.241222,0.391684,0.888245,-0.441968,0.038302,0.119239,0.073561,3.874111,1.000000,-0.171571,6.354957
13.300000,0.413564,-0.241156,0.391707,0.888227,-0.441983,0.038296,0.119320,0.073561,3.874795,1.000000,-0.170550,6.355389
13.305000,0.413289,-0.241091,0.391730,0.888210,-0.441997,0.038290,0.119401,0.073561,3.875475,1.000000,-0.169549,6.355824
13.310000,0.413022,-0.241032,0.391757,0.888191,-0.442012,0.038289,0.119481,0.073560,3.876151,1.000000,-0.168566,6.356251
13.315000,0.412754,-0.240972,0.391784,0.888173,-0.442027,0.038289,0.119561,0.073560,3.876823,1.000000,-0.167619,6.356684
13.320000,0.412487,-0.240913,0.391811,0.888155,-0.442042,0.038289,0.119641,0.073560,3.877492,1.000000,-0.166702,6.357120
13.325000,0.412219,-0.240854,0.391838,0.888137,-0.442057,0.038289,0.119722,0.073560,3.878156,1.000000,-0.165815,6.357550
13.330000,0.411952,-0.240794,0.391865,0.888119,-0.442071,0.038289,0.119802,0.073560,3.878818,1.000000,-0.164954,6.357982
13.335000,0.411684,-0.240735,0.391892,0.888101,-0.442086,0.038288,0.119882,0.073560,3.879476,1.000000,-0.164120,6.358424
13.340000,0.411417,-0.240675,0.391919,0.888083,-0.442100,0.038288,0.119961,0.073559,3.880130,1.000000,-0.163313,6.358894
13.345000,0.411153,-0.240617,0.391948,0.888064,-0.442115,0.038292,0.120041,0.073559,3.880782,1.000000,-0.162526,6.359310
13.350000,0.410889,-0.240559,0.391978,0.888046,-0.442130,0.038296,0.120120,0.073559,3.881430,1.000000,-0.161769,6.359720
13.355000,0.410625,-0.240502,0.392007,0.888028,-0.442145,0.038299,0.120200,0.073559,3.882076,1.000000,-0.161040,6.360133
13.360000,0.410361,-0.240444,0.392037,0.888009,-0.442160,0.038303,0.120279,0.073559,3.882718,1.000000,-0.160338,6.360567
13.365000,0.410097,-0.240386,0.392066,0.887991,-0.442174,0.038307,0.120359,0.073558,3.883358,1.000000,-0.159665,6.361035
13.370000,0.409834,-0.240328,0.392095,0.887973,-0.442188,0.038311,0.120438,0.073558,3.883995,1.000000,-0.159018,6.361505
13.375000,0.409570,-0.240270,0.392125,0.887955,-0.442203,0.038314,0.120517,0.073558,3.884630,1.000000,-0.158398,6.361969
13.380000,0.409308,-0.240215,0.392161,0.887936,-0.442218,0.038327,0.120598,0.073558,3.885262,1.000000,-0.157838,6.362455
13.385000,0.409046,-0.240160,0.392198,0.887916,-0.442234,0.038340,0.120679,0.073558,3.885893,1.000000,-0.157332,6.362945
13.390000,0.408783,-0.240105,0.392235,0.887897,-0.442250,0.038353,0.120759,0.073558,3.886521,1.000000,-0.156870,6.363437
13.395000,0.408521,-0.240050,0.392272,0.887878,-0.442265,0.038366,0.120840,0.073557,3.887147,1.000000,-0.156444,6.363925
13.400000,0.408259,-0.239995,0.392308,0.887859,-0.442280,0.038379,0.120921,0.073557,3.887772,1.000000,-0.156050,6.364415
13.405000,0.407997,-0.239941,0.392345,0.887840,-0.442295,0.038392,0.121001,0.073557,3.888396,1.000000,-0.155686,6.364909
13.410000,0.407735,-0.239886,0.392382,0.887821,-0.442310,0.038404,0.121082,0.073557,3.889018,1.000000,-0.155350,6.365422
13.415000,0.407470,-0.239829,0.392413,0.887803,-0.442324,0.038412,0.121161,0.073557,3.889639,1.000000,-0.155031,6.366004
13.420000,0.407206,-0.239773,0.392444,0.887785,-0.442338,0.038420,0.121240,0.073556,3.890258,1.000000,-0.154726,6.366580
13.425000,0.406941,-0.239717,0.392475,0.887767,-0.442351,0.038428,0.121319,0.073556,3.890876,1.000000,-0.154443,6.367159
13.430000,0.406676,-0.239661,0.392506,0.887749,-0.442365,0.038436,0.121399,0.073556,3.891494,1.000000,-0.154186,6.367741
13.435000,0.406412,-0.239605,0.392537,0.887731,-0.442378,0.038444,0.121478,0.073556,3.892110,1.000000,-0.153957,6.368361
13.440000,0.406147,-0.239549,0.392569,0.887714,-0.442391,0.038452,0.121556,0.073556,3.892726,1.000000,-0.153756,6.368989
13.445000,0.405890,-0.239488,0.392594,0.887698,-0.442403,0.038456,0.121630,0.073555,3.893340,1.000000,-0.153496,6.369289
13.450000,0.405633,-0.239428,0.392620,0.887681,-0.442415,0.038460,0.121704,0.073555,3.893953,1.000000,-0.153205,6.369591
13.455000,0.405376,-0.239368,0.392646,0.887665,-0.442426,0.038463,0.121777,0.073555,3.894566,1.000000,-0.152901,6.369896
13.460000,0.405119,-0.239308,0.392672,0.887649,-0.442438,0.038467,0.121851,0.073555,3.895177,1.000000,-0.152600,6.370241
13.465000,0.404862,-0.239247,0.392698,0.887634,-0.442449,0.038471,0.121924,0.073555,3.895786,1.000000,-0.152304,6.370589
13.470000,0.404604,-0.239187,0.392723,0.887618,-0.442460,0.038475,0.121997,0.073555,3.896395,1.000000,-0.152020,6.370930
13.475000,0.404347,-0.239127,0.392749,0.887602,-0.442472,0.038479,0.122071,0.073554,3.897002,1.000000,-0.151749,6.371274
13.480000,0.404101,-0.239066,0.392784,0.887585,-0.442484,0.038494,0.122139,0.073554,3.897609,1.000000,-0.151448,6.371233
13.485000,0.403856,-0.239005,0.392819,0.887569,-0.442496,0.038510,0.122208,0.073554,3.898214,1.000000,-0.151138,6.371203
13.490000,0.403610,-0.238945,0.392854,0.887553,-0.442509,0.038526,0.122276,0.073554,3.898818,1.000000,-0.150821,6.371175
13.495000,0.403364,-0.238884,0.392889,0.887537,-0.442521,0.038542,0.122345,0.073554,3.899420,1.000000,-0.150499,6.371142
13.500000,0.403118,-0.238823,0.392924,0.887521,-0.442533,0.038557,0.122413,0.073553,3.900022,1.000000,-0.150174,6.371111
13.505000,0.402872,-0.238762,0.392959,0.887504,-0.442545,0.038573,0.122482,0.073553,3.900622,1.000000,-0.149847,6.371091
13.510000,0.402626,-0.238701,0.392994,0.887488,-0.442557,0.038589,0.122550,0.073553,3.901220,1.000000,-0.149518,6.371092
13.515000,0.402378,-0.238636,0.393035,0.887472,-0.442570,0.038612,0.122618,0.073553,3.901818,1.000000,-0.149195,6.370949
13.520000,0.402130,-0.238571,0.393076,0.887455,-0.442583,0.038634,0.122685,0.073553,3.902414,1.000000,-0.148868,6.370801
13.525000,0.401882,-0.238505,0.393116,0.887438,-0.442596,0.038657,0.122753,0.073553,3.903008,1.000000,-0.148536,6.370656
13.530000,0.401634,-0.238440,0.393157,0.887421,-0.442608,0.038680,0.122820,0.073552,3.903602,1.000000,-0.148202,6.370522
13.535000,0.401386,-0.238374,0.393198,0.887405,-0.442621,0.038703,0.122887,0.073552,3.904194,1.000000,-0.147866,6.370401
13.540000,0.401138,-0.238309,0.393239,0.887388,-0.442634,0.038726,0.122955,0.073552,3.904785,1.000000,-0.147529,6.370274
13.545000,0.400890,-0.238244,0.393279,0.887372,-0.442646,0.038749,0.123022,0.073552,3.905374,1.000000,-0.147193,6.370151
13.550000,0.400645,-0.238176,0.393329,0.887354,-0.442660,0.038783,0.123089,0.073552,3.905962,1.000000,-0.146855,6.369804
13.555000,0.400401,-0.238109,0.393379,0.887336,-0.442674,0.038817,0.123156,0.073551,3.906549,1.000000,-0.146517,6.369454
13.560000,0.400157,-0.238042,0.393428,0.887319,-0.442688,0.038850,0.123222,0.073551,3.907134,1.000000,-0.146174,6.369103
13.565000,0.399913,-0.237975,0.393478,0.887301,-0.442701,0.038884,0.123289,0.073551,3.907718,1.000000,-0.145825,6.368747
13.570000,0.399668,-0.237908,0.393528,0.887284,-0.442715,0.038918,0.123356,0.073551,3.908300,1.000000,-0.145471,6.368394
13.575000,0.399424,-0.237840,0.393578,0.887266,-0.442729,0.038952,0.123422,0.073551,3.908881,1.000000,-0.145110,6.368045
13.580000,0.399180,-0.237773,0.393627,0.887249,-0.442742,0.038986,0.123489,0.073550,3.909461,1.000000,-0.144745,6.367714
13.585000,0.398934,-0.237706,0.393671,0.887232,-0.442755,0.039015,0.123552,0.073550,3.910039,1.000000,-0.144362,6.367488
13.590000,0.398688,-0.237639,0.393715,0.887216,-0.442767,0.039045,0.123616,0.073550,3.910616,1.000000,-0.143964,6.367256
13.595000,0.398441,-0.237572,0.393759,0.887199,-0.442780,0.039074,0.123679,0.073550,3.911191,1.000000,-0.143560,6.367029
13.600000,0.398195,-0.237506,0.393803,0.887183,-0.442792,0.039104,0.123742,0.073550,3.911764,1.000000,-0.143155,6.366804
13.605000,0.397949,-0.237439,0.393847,0.887167,-0.442804,0.039133,0.123806,0.073549,3.912336,1.000000,-0.142750,6.366579
13.610000,0.397703,-0.237372,0.393891,0.887151,-0.442817,0.039163,0.123869,0.073549,3.912906,1.000000,-0.142350,6.366358
13.615000,0.397456,-0.237305,0.393925,0.887136,-0.442827,0.039184,0.123928,0.073549,3.913474,1.000000,-0.141919,6.366201
13.620000,0.397209,-0.237238,0.393960,0.887121,-0.442838,0.039205,0.123988,0.073549,3.914041,1.000000,-0.141471,6.366048
13.625000,0.396962,-0.237171,0.393994,0.887107,-0.442849,0.039226,0.124047,0.073549,3.914606,1.000000,-0.141020,6.365894
13.630000,0.396716,-0.237105,0.394029,0.887092,-0.442860,0.039247,0.124107,0.073549,3.915169,1.000000,-0.140573,6.365727
13.635000,0.396469,-0.237038,0.394063,0.887078,-0.442870,0.039268,0.124166,0.073548,3.915730,1.000000,-0.140137,6.365562
13.640000,0.396222,-0.236971,0.394097,0.887063,-0.442881,0.039290,0.124226,0.073548,3.916290,1.000000,-0.139715,6.365392
13.645000,0.395976,-0.236904,0.394132,0.887048,-0.442892,0.039311,0.124285,0.073548,3.916848,1.000000,-0.139309,6.365224
13.650000,0.395740,-0.236848,0.394179,0.887032,-0.442904,0.039348,0.124343,0.073548,3.917404,1.000000,-0.138950,6.365075
13.655000,0.395504,-0.236792,0.394226,0.887016,-0.442917,0.039386,0.124400,0.073548,3.917959,1.000000,-0.138654,6.364929
13.660000,0.395269,-0.236736,0.394274,0.887000,-0.442930,0.039423,0.124458,0.073548,3.918513,1.000000,-0.138398,6.364786
13.665000,0.395033,-0.236679,0.394321,0.886984,-0.442943,0.039461,0.124515,0.073547,3.919066,1.000000,-0.138169,6.364639
13.670000,0.394797,-0.236623,0.394368,0.886968,-0.442955,0.039498,0.124573,0.073547,3.919619,1.000000,-0.137960,6.364494
13.675000,0.394562,-0.236567,0.394416,0.886952,-0.442968,0.039536,0.124630,0.073547,3.920170,1.000000,-0.137766,6.364342
13.680000,0.394326,-0.236511,0.394463,0.886936,-0.442980,0.039574,0.124688,0.073547,3.920721,1.000000,-0.137583,6.364181
13.685000,0.394086,-0.236464,0.394521,0.886918,-0.442995,0.039624,0.124746,0.073547,3.921271,1.000000,-0.137517,6.364437
13.690000,0.393845,-0.236417,0.394578,0.886901,-0.443009,0.039674,0.124805,0.073546,3.921821,1.000000,-0.137541,6.364696
13.695000,0.393604,-0.236369,0.394636,0.886883,-0.443023,0.039724,0.124863,0.073546,3.922371,1.000000,-0.137628,6.364960
13.700000,0.393364,-0.236322,0.394693,0.886866,-0.443037,0.039775,0.124921,0.073546,3.922922,1.000000,-0.137761,6.365223
13.705000,0.393123,-0.236275,0.394751,0.886848,-0.443051,0.039825,0.124979,0.073546,3.923474,1.000000,-0.137929,6.365486
13.710000,0.392882,-0.236228,0.394808,0.886831,-0.443065,0.039875,0.125037,0.073546,3.924026,1.000000,-0.138123,6.365746
13.715000,0.392642,-0.236181,0.394866,0.886814,-0.443079,0.039925,0.125095,0.073545,3.924579,1.000000,-0.138341,6.366009
13.720000,0.392395,-0.236143,0.394928,0.886795,-0.443093,0.039982,0.125154,0.073545,3.925133,1.000000,-0.138669,6.366774
13.725000,0.392148,-0.236105,0.394990,0.886777,-0.443108,0.040039,0.125212,0.073545,3.925689,1.000000,-0.139085,6.367501
13.730000,0.391901,-0.236067,0.395052,0.886760,-0.443122,0.040096,0.125270,0.073545,3.926246,1.000000,-0.139567,6.368224
13.735000,0.391654,-0.236029,0.395113,0.886742,-0.443137,0.040152,0.125327,0.073545,3.926806,1.000000,-0.140099,6.368943
13.740000,0.391407,-0.235991,0.395175,0.886724,-0.443151,0.040209,0.125385,0.073544,3.927368,1.000000,-0.140672,6.369666
13.745000,0.391160,-0.235953,0.395237,0.886706,-0.443165,0.040266,0.125443,0.073544,3.927932,1.000000,-0.141279,6.370392
13.750000,0.390913,-0.235915,0.395299,0.886689,-0.443179,0.040322,0.125500,0.073544,3.928499,1.000000,-0.141914,6.371091
13.755000,0.390670,-0.235886,0.395362,0.886671,-0.443192,0.040382,0.125555,0.073544,3.929068,1.000000,-0.142593,6.372016
13.760000,0.390427,-0.235858,0.395425,0.886654,-0.443206,0.040442,0.125609,0.073544,3.929640,1.000000,-0.143324,6.372937
13.765000,0.390184,-0.235829,0.395488,0.886636,-0.443220,0.040502,0.125663,0.073544,3.930215,1.000000,-0.144093,6.373862
13.770000,0.389941,-0.235800,0.395551,0.886619,-0.443234,0.040562,0.125718,0.073543,3.930794,1.000000,-0.144891,6.374783
13.775000,0.389698,-0.235771,0.395614,0.886602,-0.443247,0.040622,0.125772,0.073543,3.931375,1.000000,-0.145713,6.375685
13.780000,0.389455,-0.235743,0.395677,0.886585,-0.443260,0.040682,0.125826,0.073543,3.931960,1.000000,-0.146554,6.376590
13.785000,0.389208,-0.235711,0.395730,0.886569,-0.443272,0.040731,0.125878,0.073543,3.932549,1.000000,-0.147372,6.377536
13.790000,0.388962,-0.235680,0.395782,0.886554,-0.443284,0.040781,0.125930,0.073543,3.933140,1.000000,-0.148171,6.378486
13.795000,0.388715,-0.235648,0.395834,0.886539,-0.443296,0.040830,0.125981,0.073542,3.933735,1.000000,-0.148964,6.379412
13.800000,0.388469,-0.235617,0.395887,0.886523,-0.443307,0.040879,0.126033,0.073542,3.934332,1.000000,-0.149758,6.380311
13.805000,0.388222,-0.235585,0.395939,0.886508,-0.443319,0.040928,0.126085,0.073542,3.934933,1.000000,-0.150557,6.381205
13.810000,0.387976,-0.235554,0.395991,0.886492,-0.443330,0.040977,0.126137,0.073542,3.935538,1.000000,-0.151364,6.382103
13.815000,0.387729,-0.235523,0.396044,0.886477,-0.443341,0.041026,0.126188,0.073542,3.936145,1.000000,-0.152177,6.383004
13.820000,0.387491,-0.235490,0.396103,0.886461,-0.443354,0.041084,0.126241,0.073541,3.936756,1.000000,-0.152977,6.383570
13.825000,0.387253,-0.235457,0.396163,0.886444,-0.443366,0.041142,0.126293,0.073541,3.937370,1.000000,-0.153771,6.384129
13.830000,0.387015,-0.235425,0.396222,0.886428,-0.443379,0.041199,0.126345,0.073541,3.937987,1.000000,-0.154554,6.384683
13.835000,0.386777,-0.235392,0.396281,0.886412,-0.443391,0.041257,0.126398,0.073541,3.938607,1.000000,-0.155325,6.385242
13.840000,0.386539,-0.235359,0.396341,0.886395,-0.443404,0.041315,0.126450,0.073541,3.939230,1.000000,-0.156080,6.385804
13.845000,0.386301,-0.235327,0.396400,0.886379,-0.443416,0.041373,0.126502,0.073541,3.939856,1.000000,-0.156817,6.386326
13.850000,0.386063,-0.235294,0.396460,0.886362,-0.443429,0.041430,0.126555,0.073540,3.940485,1.000000,-0.157538,6.386846
13.855000,0.385844,-0.235261,0.396540,0.886343,-0.443444,0.041511,0.126609,0.073540,3.941117,1.000000,-0.158223,6.386715
13.860000,0.385625,-0.235228,0.396621,0.886324,-0.443459,0.041593,0.126664,0.073540,3.941752,1.000000,-0.158885,6.386588
13.865000,0.385406,-0.235195,0.396701,0.886305,-0.443474,0.041674,0.126719,0.073540,3.942389,1.000000,-0.159511,6.386462
13.870000,0.385188,-0.235162,0.396781,0.886285,-0.443490,0.041755,0.126774,0.073540,3.943028,1.000000,-0.160090,6.386293
13.875000,0.384969,-0.235129,0.396862,0.886266,-0.443505,0.041836,0.126828,0.073539,3.943670,1.000000,-0.160619,6.386130
13.880000,0.384750,-0.235096,0.396942,0.886247,-0.443520,0.041917,0.126883,0.073539,3.944313,1.000000,-0.161094,6.385963
13.885000,0.384531,-0.235063,0.397023,0.886228,-0.443535,0.041998,0.126938,0.073539,3.944959,1.000000,-0.161515,6.385801
13.890000,0.384315,-0.235025,0.397107,0.886208,-0.443550,0.042084,0.126994,0.073539,3.945606,1.000000,-0.161859,6.385358
13.895000,0.384099,-0.234987,0.397190,0.886188,-0.443566,0.042169,0.127049,0.073539,3.946254,1.000000,-0.162128,6.384912
13.900000,0.383883,-0.234949,0.397274,0.886169,-0.443581,0.042255,0.127105,0.073539,3.946903,1.000000,-0.162327,6.384470
13.905000,0.383667,-0.234910,0.397358,0.886149,-0.443596,0.042340,0.127160,0.073538,3.947552,1.000000,-0.162462,6.384026
13.910000,0.383451,-0.234872,0.397442,0.886130,-0.443611,0.042425,0.127216,0.073538,3.948202,1.000000,-0.162536,6.383586
13.915000,0.383235,-0.234834,0.397526,0.886110,-0.443626,0.042511,0.127272,0.073538,3.948853,1.000000,-0.162551,6.383120
13.920000,0.383019,-0.234796,0.397610,0.886090,-0.443641,0.042596,0.127327,0.073538,3.949503,1.000000,-0.162511,6.382628
13.925000,0.382804,-0.234758,0.397687,0.886072,-0.443655,0.042675,0.127379,0.073538,3.950153,1.000000,-0.162375,6.382095
13.930000,0.382590,-0.234720,0.397764,0.886054,-0.443669,0.042754,0.127431,0.073537,3.950802,1.000000,-0.162161,6.381566
13.935000,0.382376,-0.234682,0.397842,0.886036,-0.443682,0.042833,0.127483,0.073537,3.951450,1.000000,-0.161884,6.381042
13.940000,0.382162,-0.234643,0.397919,0.886017,-0.443696,0.042912,0.127535,0.073537,3.952096,1.000000,-0.161556,6.380495
13.945000,0.381948,-0.234605,0.397996,0.885999,-0.443710,0.042990,0.127588,0.073537,3.952742,1.000000,-0.161183,6.379942
13.950000,0.381734,-0.234567,0.398074,0.885981,-0.443724,0.043069,0.127640,0.073537,3.953386,1.000000,-0.160827,6.379385
13.955000,0.381530,-0.234537,0.398150,0.885964,-0.443737,0.043148,0.127688,0.073536,3.954028,1.000000,-0.160523,6.378856
13.960000,0.381326,-0.234506,0.398226,0.885946,-0.443751,0.043227,0.127735,0.073536,3.954669,1.000000,-0.160234,6.378331
13.965000,0.381122,-0.234476,0.398303,0.885929,-0.443764,0.043307,0.127783,0.073536,3.955310,1.000000,-0.159929,6.377781
13.970000,0.380918,-0.234446,0.398379,0.885911,-0.443777,0.043385,0.127830,0.073536,3.955948,1.000000,-0.159594,6.377235
13.975000,0.380714,-0.234416,0.398455,0.885894,-0.443790,0.043464,0.127878,0.073536,3.956586,1.000000,-0.159226,6.376686
13.980000,0.380509,-0.234385,0.398532,0.885877,-0.443803,0.043543,0.127925,0.073535,3.957222,1.000000,-0.158823,6.376142
13.985000,0.380305,-0.234355,0.398608,0.885860,-0.443815,0.043622,0.127973,0.073535,3.957856,1.000000,-0.158390,6.375595
13.990000,0.380098,-0.234333,0.398679,0.885844,-0.443827,0.043695,0.128017,0.073535,3.958489,1.000000,-0.157952,6.375420
13.995000,0.379891,-0.234310,0.398749,0.885828,-0.443839,0.043769,0.128061,0.073535,3.959119,1.000000,-0.157517,6.375248
14.000000,0.379684,-0.234288,0.398820,0.885813,-0.443850,0.043842,0.128105,0.073535,3.959748,1.000000,-0.157084,6.375074
14.005000,0.379476,-0.234266,0.398890,0.885797,-0.443862,0.043915,0.128149,0.073535,3.960376,1.000000,-0.156652,6.374904
14.010000,0.379269,-0.234243,0.398961,0.885781,-0.443873,0.043989,0.128192,0.073534,3.961001,1.000000,-0.156225,6.374739
14.015000,0.379062,-0.234221,0.399031,0.885766,-0.443884,0.044062,0.128236,0.073534,3.961625,1.000000,-0.155802,6.374580
14.020000,0.378855,-0.234199,0.399102,0.885750,-0.443895,0.044135,0.128279,0.073534,3.962247,1.000000,-0.155385,6.374424
14.025000,0.378637,-0.234177,0.399156,0.885737,-0.443905,0.044191,0.128319,0.073534,3.962868,1.000000,-0.154955,6.374668
14.030000,0.378418,-0.234156,0.399209,0.885724,-0.443914,0.044246,0.128359,0.073534,3.963486,1.000000,-0.154519,6.374916
14.035000,0.378200,-0.234135,0.399263,0.885711,-0.443923,0.044301,0.128399,0.073533,3.964103,1.000000,-0.154091,6.375135
14.040000,0.377982,-0.234114,0.399317,0.885698,-0.443932,0.044357,0.128438,0.073533,3.964719,1.000000,-0.153680,6.375336
14.045000,0.377763,-0.234093,0.399370,0.885685,-0.443941,0.044412,0.128478,0.073533,3.965333,1.000000,-0.153295,6.375532
14.050000,0.377545,-0.234072,0.399424,0.885671,-0.443951,0.044467,0.128517,0.073533,3.965945,1.000000,-0.152939,6.375733
14.055000,0.377326,-0.234051,0.399478,0.885658,-0.443960,0.044523,0.128556,0.073533,3.966556,1.000000,-0.152614,6.375937
14.060000,0.377113,-0.234036,0.399527,0.885646,-0.443968,0.044575,0.128592,0.073532,3.967166,1.000000,-0.152306,6.376251
14.065000,0.376899,-0.234021,0.399577,0.885634,-0.443977,0.044626,0.128628,0.073532,3.967774,1.000000,-0.152032,6.376567
14.070000,0.376685,-0.234006,0.399626,0.885622,-0.443985,0.044678,0.128664,0.073532,3.968382,1.000000,-0.151793,6.376879
14.075000,0.376472,-0.233991,0.399676,0.885610,-0.443994,0.044730,0.128699,0.073532,3.968988,1.000000,-0.151588,6.377194
14.080000,0.376258,-0.233976,0.399725,0.885598,-0.444003,0.044782,0.128735,0.073532,3.969594,1.000000,-0.151417,6.377513
14.085000,0.376044,-0.233961,0.399775,0.885586,-0.444011,0.044835,0.128770,0.073532,3.970199,1.000000,-0.151281,6.377831
14.090000,0.375831,-0.233946,0.399824,0.885574,-0.444020,0.044887,0.128806,0.073531,3.970804,1.000000,-0.151176,6.378151
14.095000,0.375628,-0.233940,0.399878,0.885561,-0.444029,0.044944,0.128839,0.073531,3.971409,1.000000,-0.151109,6.378495
14.100000,0.375426,-0.233934,0.399932,0.885549,-0.444038,0.045002,0.128871,0.073531,3.972013,1.000000,-0.151093,6.378844
14.105000,0.375224,-0.233928,0.399985,0.885537,-0.444047,0.045059,0.128904,0.073531,3.972617,1.000000,-0.151118,6.379191
14.110000,0.375021,-0.233922,0.400039,0.885525,-0.444055,0.045117,0.128936,0.073531,3.973222,1.000000,-0.151176,6.379523
14.115000,0.374819,-0.233916,0.400092,0.885513,-0.444064,0.045175,0.128969,0.073530,3.973827,1.000000,-0.151261,6.379859
14.120000,0.374616,-0.233910,0.400146,0.885501,-0.444073,0.045232,0.129001,0.073530,3.974432,1.000000,-0.151369,6.380190
14.125000,0.374410,-0.233902,0.400188,0.885490,-0.444081,0.045278,0.129032,0.073530,3.975038,1.000000,-0.151456,6.380563
14.130000,0.374203,-0.233893,0.400231,0.885479,-0.444089,0.045324,0.129063,0.073530,3.975643,1.000000,-0.151528,6.380938
14.135000,0.373997,-0.233884,0.400273,0.885469,-0.444096,0.045370,0.129094,0.073530,3.976250,1.000000,-0.151600,6.381315
14.140000,0.373790,-0.233875,0.400315,0.885458,-0.444104,0.045416,0.129125,0.073530,3.976856,1.000000,-0.151679,6.381696
14.145000,0.373584,-0.233867,0.400358,0.885447,-0.444111,0.045461,0.129156,0.073529,3.977463,1.000000,-0.151771,6.382072
14.150000,0.373377,-0.233858,0.400400,0.885437,-0.444119,0.045507,0.129187,0.073529,3.978070,1.000000,-0.151879,6.382452
14.155000,0.373170,-0.233849,0.400442,0.885426,-0.444127,0.045553,0.129218,0.073529,3.978678,1.000000,-0.152003,6.382833
14.160000,0.372960,-0.233829,0.400465,0.885417,-0.444133,0.045578,0.129249,0.073529,3.979286,1.000000,-0.152022,6.382927
14.165000,0.372750,-0.233809,0.400488,0.885408,-0.444139,0.045603,0.129279,0.073529,3.979894,1.000000,-0.151961,6.383016
14.170000,0.372540,-0.233788,0.400511,0.885400,-0.444145,0.045629,0.129310,0.073528,3.980501,1.000000,-0.151855,6.383108
14.175000,0.372329,-0.233768,0.400534,0.885391,-0.444151,0.045654,0.129340,0.073528,3.981108,1.000000,-0.151728,6.383203
14.180000,0.372119,-0.233748,0.400557,0.885382,-0.444157,0.045679,0.129371,0.073528,3.981715,1.000000,-0.151593,6.383355
14.185000,0.371909,-0.233727,0.400580,0.885373,-0.444162,0.045704,0.129402,0.073528,3.982321,1.000000,-0.151459,6.383532
14.190000,0.371698,-0.233707,0.400603,0.885364,-0.444169,0.045730,0.129433,0.073528,3.982926,1.000000,-0.151330,6.383705
14.195000,0.371496,-0.233679,0.400618,0.885356,-0.444174,0.045748,0.129464,0.073527,3.983531,1.000000,-0.151109,6.383413
14.200000,0.371293,-0.233651,0.400634,0.885348,-0.444180,0.045766,0.129496,0.073527,3.984135,1.000000,-0.150825,6.383125
14.205000,0.371091,-0.233623,0.400649,0.885339,-0.444185,0.045784,0.129527,0.073527,3.984737,1.000000,-0.150500,6.382858
14.210000,0.370888,-0.233595,0.400665,0.885331,-0.444191,0.045802,0.129559,0.073527,3.985338,1.000000,-0.150148,6.382596
14.215000,0.370685,-0.233568,0.400680,0.885322,-0.444197,0.045820,0.129591,0.073527,3.985938,1.000000,-0.149779,6.382328
14.220000,0.370483,-0.233540,0.400695,0.885314,-0.444203,0.045839,0.129623,0.073526,3.986536,1.000000,-0.149397,6.382064
14.225000,0.370280,-0.233512,0.400711,0.885305,-0.444209,0.045857,0.129655,0.073526,3.987132,1.000000,-0.149008,6.381806
14.230000,0.370074,-0.233481,0.400723,0.885297,-0.444215,0.045874,0.129686,0.073526,3.987727,1.000000,-0.148599,6.381554
14.235000,0.369869,-0.233451,0.400736,0.885288,-0.444220,0.045891,0.129718,0.073526,3.988321,1.000000,-0.148171,6.381305
14.240000,0.369663,-0.233420,0.400748,0.885280,-0.444226,0.045907,0.129750,0.073526,3.988912,1.000000,-0.147732,6.381051
14.245000,0.369457,-0.233389,0.400760,0.885271,-0.444233,0.045924,0.129782,0.073526,3.989502,1.000000,-0.147287,6.380799
14.250000,0.369251,-0.233359,0.400773,0.885263,-0.444239,0.045941,0.129814,0.073525,3.990090,1.000000,-0.146839,6.380564
14.255000,0.369045,-0.233328,0.400785,0.885254,-0.444245,0.045958,0.129846,0.073525,3.990676,1.000000,-0.146390,6.380349
14.260000,0.368840,-0.233297,0.400798,0.885245,-0.444251,0.045976,0.129878,0.073525,3.991260,1.000000,-0.145940,6.380130
14.265000,0.368620,-0.233260,0.400793,0.885238,-0.444256,0.045977,0.129906,0.073525,3.991843,1.000000,-0.145441,6.380035
14.270000,0.368401,-0.233222,0.400789,0.885232,-0.444261,0.045978,0.129935,0.073525,3.992423,1.000000,-0.144890,6.379942
14.275000,0.368182,-0.233184,0.400785,0.885225,-0.444266,0.045980,0.129963,0.073524,3.993001,1.000000,-0.144313,6.379855
14.280000,0.367963,-0.233146,0.400781,0.885218,-0.444271,0.045981,0.129992,0.073524,3.993577,1.000000,-0.143730,6.379772
14.285000,0.367744,-0.233108,0.400777,0.885211,-0.444276,0.045983,0.130020,0.073524,3.994151,1.000000,-0.143149,6.379683
14.290000,0.367524,-0.233070,0.400772,0.885204,-0.444281,0.045985,0.130049,0.073524,3.994722,1.000000,-0.142580,6.379598
14.295000,0.367308,-0.233032,0.400761,0.885199,-0.444285,0.045981,0.130074,0.073524,3.995290,1.000000,-0.141979,6.379465
14.300000,0.367091,-0.232994,0.400750,0.885193,-0.444290,0.045977,0.130100,0.073523,3.995857,1.000000,-0.141365,6.379367
14.305000,0.366874,-0.232956,0.400739,0.885187,-0.444294,0.045973,0.130125,0.073523,3.996421,1.000000,-0.140750,6.379274
14.310000,0.366657,-0.232918,0.400728,0.885182,-0.444299,0.045969,0.130151,0.073523,3.996982,1.000000,-0.140141,6.379176
14.315000,0.366440,-0.232880,0.400717,0.885176,-0.444303,0.045966,0.130177,0.073523,3.997541,1.000000,-0.139543,6.379080
14.320000,0.366224,-0.232842,0.400706,0.885170,-0.444308,0.045962,0.130203,0.073523,3.998098,1.000000,-0.138960,6.378991
14.325000,0.366007,-0.232804,0.400695,0.885164,-0.444313,0.045959,0.130229,0.073523,3.998652,1.000000,-0.138392,6.378928
14.330000,0.365795,-0.232775,0.400688,0.885157,-0.444318,0.045962,0.130253,0.073522,3.999204,1.000000,-0.137875,6.379073
14.335000,0.365584,-0.232746,0.400681,0.885151,-0.444323,0.045965,0.130277,0.073522,3.999755,1.000000,-0.137413,6.379212
14.340000,0.365373,-0.232717,0.400674,0.885144,-0.444329,0.045968,0.130301,0.073522,4.000303,1.000000,-0.136992,6.379353
14.345000,0.365161,-0.232688,0.400667,0.885138,-0.444334,0.045971,0.130326,0.073522,4.000850,1.000000,-0.136603,6.379502
14.350000,0.364950,-0.232660,0.400660,0.885131,-0.444340,0.045974,0.130350,0.073522,4.001396,1.000000,-0.136239,6.379659
14.355000,0.364738,-0.232631,0.400653,0.885124,-0.444346,0.045977,0.130375,0.073521,4.001940,1.000000,-0.135895,6.379811
14.360000,0.364527,-0.232602,0.400646,0.885118,-0.444352,0.045981,0.130399,0.073521,4.002482,1.000000,-0.135570,6.379966
14.365000,0.364301,-0.232580,0.400634,0.885112,-0.444357,0.045981,0.130422,0.073521,4.003024,1.000000,-0.135341,6.380797
14.370000,0.364075,-0.232559,0.400622,0.885106,-0.444362,0.045982,0.130446,0.073521,4.003565,1.000000,-0.135183,6.381648
14.375000,0.363849,-0.232537,0.400610,0.885099,-0.444368,0.045983,0.130469,0.073521,4.004105,1.000000,-0.135084,6.382507
14.380000,0.363624,-0.232516,0.400598,0.885093,-0.444373,0.045984,0.130492,0.073520,4.004645,1.000000,-0.135036,6.383360
14.385000,0.363398,-0.232494,0.400586,0.885087,-0.444379,0.045985,0.130516,0.073520,4.005185,1.000000,-0.135034,6.384216
14.390000,0.363172,-0.232472,0.400574,0.885080,-0.444384,0.045986,0.130539,0.073520,4.005725,1.000000,-0.135075,6.385074
14.395000,0.362946,-0.232451,0.400562,0.885074,-0.444390,0.045988,0.130563,0.073520,4.006266,1.000000,-0.135153,6.385941
14.400000,0.362717,-0.232435,0.400548,0.885068,-0.444395,0.045989,0.130585,0.073520,4.006807,1.000000,-0.135316,6.387137
14.405000,0.362488,-0.232420,0.400535,0.885062,-0.444401,0.045991,0.130607,0.073520,4.007349,1.000000,-0.135557,6.388328
14.410000,0.362259,-0.232405,0.400521,0.885056,-0.444407,0.045993,0.130629,0.073519,4.007891,1.000000,-0.135868,6.389522
14.415000,0.362030,-0.232389,0.400508,0.885049,-0.444412,0.045995,0.130651,0.073519,4.008436,1.000000,-0.136235,6.390723
14.420000,0.361801,-0.232374,0.400495,0.885043,-0.444418,0.045997,0.130673,0.073519,4.008982,1.000000,-0.136651,6.391941
14.425000,0.361572,-0.232358,0.400481,0.885037,-0.444424,0.045999,0.130695,0.073519,4.009529,1.000000,-0.137108,6.393162
14.430000,0.361344,-0.232343,0.400468,0.885031,-0.444429,0.046002,0.130717,0.073519,4.010079,1.000000,-0.137601,6.394376
14.435000,0.361129,-0.232334,0.400467,0.885023,-0.444437,0.046018,0.130739,0.073518,4.010630,1.000000,-0.138134,6.395422
14.440000,0.360915,-0.232325,0.400466,0.885015,-0.444445,0.046035,0.130760,0.073518,4.011184,1.000000,-0.138720,6.396480
14.445000,0.360700,-0.232316,0.400465,0.885007,-0.444453,0.046052,0.130782,0.073518,4.011740,1.000000,-0.139336,6.397550
14.450000,0.360486,-0.232306,0.400464,0.884999,-0.444460,0.046069,0.130804,0.073518,4.012299,1.000000,-0.139968,6.398615
14.455000,0.360271,-0.232297,0.400463,0.884991,-0.444468,0.046086,0.130825,0.073518,4.012860,1.000000,-0.140607,6.399683
14.460000,0.360057,-0.232288,0.400462,0.884983,-0.444476,0.046103,0.130846,0.073517,4.013424,1.000000,-0.141245,6.400753
14.465000,0.359841,-0.232281,0.400472,0.884973,-0.444485,0.046133,0.130869,0.073517,4.013991,1.000000,-0.141938,6.401941
14.470000,0.359625,-0.232273,0.400483,0.884964,-0.444495,0.046163,0.130892,0.073517,4.014560,1.000000,-0.142669,6.403137
14.475000,0.359409,-0.232266,0.400493,0.884954,-0.444505,0.046194,0.130915,0.073517,4.015132,1.000000,-0.143414,6.404328
14.480000,0.359193,-0.232259,0.400503,0.884944,-0.444514,0.046224,0.130937,0.073517,4.015708,1.000000,-0.144161,6.405522
14.485000,0.358977,-0.232251,0.400513,0.884934,-0.444524,0.046254,0.130960,0.073517,4.016286,1.000000,-0.144900,6.406719
14.490000,0.358761,-0.232244,0.400523,0.884925,-0.444533,0.046285,0.130982,0.073516,4.016867,1.000000,-0.145624,6.407924
14.495000,0.358544,-0.232237,0.400533,0.884915,-0.444543,0.046315,0.131005,0.073516,4.017451,1.000000,-0.146329,6.409131
14.500000,0.358326,-0.232228,0.400543,0.884905,-0.444552,0.046347,0.131027,0.073516,4.018038,1.000000,-0.147018,6.410325
14.505000,0.358108,-0.232219,0.400554,0.884896,-0.444562,0.046379,0.131049,0.073516,4.018628,1.000000,-0.147686,6.411522
14.510000,0.357890,-0.232210,0.400565,0.884886,-0.444571,0.046411,0.131071,0.073516,4.019220,1.000000,-0.148330,6.412745
14.515000,0.357672,-0.232201,0.400576,0.884876,-0.444580,0.046443,0.131092,0.073515,4.019815,1.000000,-0.148950,6.414006
14.520000,0.357454,-0.232192,0.400587,0.884867,-0.444589,0.046475,0.131114,0.073515,4.020412,1.000000,-0.149546,6.415263
14.525000,0.357236,-0.232183,0.400597,0.884857,-0.444599,0.046506,0.131136,0.073515,4.021011,1.000000,-0.150115,6.416523
14.530000,0.357018,-0.232174,0.400608,0.884848,-0.444608,0.046538,0.131157,0.073515,4.021613,1.000000,-0.150659,6.417785
14.535000,0.356820,-0.232172,0.400629,0.884838,-0.444618,0.046580,0.131176,0.073515,4.022217,1.000000,-0.151149,6.418812
14.540000,0.356623,-0.232171,0.400650,0.884828,-0.444628,0.046622,0.131195,0.073515,4.022822,1.000000,-0.151618,6.419862
14.545000,0.356426,-0.232169,0.400670,0.884818,-0.444638,0.046664,0.131214,0.073514,4.023430,1.000000,-0.152055,6.420909
14.550000,0.356229,-0.232167,0.400691,0.884808,-0.444647,0.046705,0.131233,0.073514,4.024039,1.000000,-0.152453,6.421959
14.555000,0.356031,-0.232166,0.400712,0.884798,-0.444657,0.046747,0.131251,0.073514,4.024649,1.000000,-0.152808,6.423014
14.560000,0.355834,-0.232164,0.400733,0.884789,-0.444667,0.046788,0.131270,0.073514,4.025261,1.000000,-0.153115,6.424098
14.565000,0.355637,-0.232162,0.400753,0.884779,-0.444676,0.046829,0.131288,0.073514,4.025874,1.000000,-0.153375,6.425188
14.570000,0.355454,-0.232173,0.400794,0.884767,-0.444688,0.046892,0.131307,0.073513,4.026488,1.000000,-0.153664,6.426329
14.575000,0.355271,-0.232184,0.400836,0.884755,-0.444700,0.046956,0.131325,0.073513,4.027103,1.000000,-0.153989,6.427476
14.580000,0.355089,-0.232194,0.400877,0.884743,-0.444711,0.047019,0.131343,0.073513,4.027720,1.000000,-0.154315,6.428641
14.585000,0.354906,-0.232205,0.400918,0.884731,-0.444722,0.047081,0.131360,0.073513,4.028338,1.000000,-0.154619,6.429867
14.590000,0.354724,-0.232215,0.400959,0.884720,-0.444733,0.047144,0.131378,0.073513,4.028957,1.000000,-0.154889,6.431099
14.595000,0.354541,-0.232226,0.401000,0.884709,-0.444744,0.047206,0.131395,0.073512,4.029576,1.000000,-0.155117,6.432329
14.600000,0.354359,-0.232237,0.401041,0.884698,-0.444755,0.047268,0.131413,0.073512,4.030197,1.000000,-0.155299,6.433565
14.605000,0.354174,-0.232247,0.401087,0.884686,-0.444766,0.047336,0.131431,0.073512,4.030819,1.000000,-0.155466,6.434874
14.610000,0.353989,-0.232257,0.401134,0.884674,-0.444776,0.047404,0.131448,0.073512,4.031441,1.000000,-0.155607,6.436224
14.615000,0.353805,-0.232267,0.401180,0.884663,-0.444787,0.047472,0.131466,0.073512,4.032063,1.000000,-0.155715,6.437572
14.620000,0.353620,-0.232277,0.401226,0.884651,-0.444797,0.047539,0.131483,0.073511,4.032686,1.000000,-0.155787,6.438926
14.625000,0.353435,-0.232287,0.401272,0.884640,-0.444807,0.047606,0.131500,0.073511,4.033309,1.000000,-0.155822,6.440287
14.630000,0.353250,-0.232298,0.401318,0.884629,-0.444816,0.047673,0.131517,0.073511,4.033932,1.000000,-0.155822,6.441719
14.635000,0.353066,-0.232301,0.401352,0.884620,-0.444824,0.047726,0.131531,0.073511,4.034555,1.000000,-0.155693,6.442947
14.640000,0.352881,-0.232305,0.401386,0.884612,-0.444832,0.047779,0.131545,0.073511,4.035177,1.000000,-0.155457,6.444172
14.645000,0.352697,-0.232308,0.401420,0.884603,-0.444839,0.047832,0.131559,0.073511,4.035798,1.000000,-0.155143,6.445403
14.650000,0.352512,-0.232312,0.401454,0.884594,-0.444847,0.047885,0.131573,0.073510,4.036418,1.000000,-0.154771,6.446640
14.655000,0.352328,-0.232315,0.401487,0.884586,-0.444854,0.047938,0.131587,0.073510,4.037036,1.000000,-0.154355,6.447940
14.660000,0.352143,-0.232318,0.401521,0.884577,-0.444861,0.047990,0.131601,0.073510,4.037652,1.000000,-0.153903,6.449245
14.665000,0.351958,-0.232322,0.401555,0.884569,-0.444868,0.048043,0.131614,0.073510,4.038266,1.000000,-0.153424,6.450547
14.670000,0.351785,-0.232319,0.401583,0.884562,-0.444874,0.048087,0.131626,0.073510,4.038878,1.000000,-0.152807,6.451337
14.675000,0.351612,-0.232316,0.401610,0.884554,-0.444880,0.048132,0.131638,0.073509,4.039487,1.000000,-0.152090,6.452158
14.680000,0.351439,-0.232313,0.401637,0.884547,-0.444886,0.048177,0.131650,0.073509,4.040094,1.000000,-0.151300,6.453041
14.685000,0.351266,-0.232310,0.401665,0.884540,-0.444891,0.048221,0.131663,0.073509,4.040697,1.000000,-0.150457,6.453930
14.690000,0.351093,-0.232308,0.401692,0.884533,-0.444897,0.048266,0.131675,0.073509,4.041296,1.000000,-0.149573,6.454816
14.695000,0.350920,-0.232305,0.401719,0.884526,-0.444903,0.048310,0.131687,0.073509,4.041892,1.000000,-0.148723,6.455707
14.700000,0.350747,-0.232302,0.401747,0.884519,-0.444908,0.048354,0.131699,0.073509,4.042485,1.000000,-0.147929,6.456650
14.705000,0.350593,-0.232287,0.401782,0.884511,-0.444915,0.048406,0.131714,0.073508,4.043074,1.000000,-0.147036,6.456670
14.710000,0.350439,-0.232272,0.401816,0.884502,-0.444921,0.048459,0.131730,0.073508,4.043660,1.000000,-0.146055,6.456688
14.715000,0.350286,-0.232257,0.401851,0.884494,-0.444927,0.048511,0.131745,0.073508,4.044241,1.000000,-0.144994,6.456713
14.720000,0.350132,-0.232242,0.401886,0.884486,-0.444933,0.048562,0.131761,0.073508,4.044818,1.000000,-0.143859,6.456745
14.725000,0.349978,-0.232228,0.401921,0.884478,-0.444938,0.048614,0.131776,0.073508,4.045391,1.000000,-0.142660,6.456873
14.730000,0.349824,-0.232213,0.401956,0.884470,-0.444944,0.048666,0.131792,0.073507,4.045958,1.000000,-0.141404,6.457011
14.735000,0.349670,-0.232198,0.401991,0.884462,-0.444950,0.048718,0.131807,0.073507,4.046520,1.000000,-0.140097,6.457148
14.740000,0.349545,-0.232165,0.402034,0.884452,-0.444956,0.048778,0.131828,0.073507,4.047077,1.000000,-0.138579,6.455869
14.745000,0.349419,-0.232132,0.402077,0.884443,-0.444962,0.048838,0.131849,0.073507,4.047627,1.000000,-0.136901,6.454617
14.750000,0.349293,-0.232099,0.402120,0.884433,-0.444968,0.048898,0.131870,0.073507,4.048170,1.000000,-0.135092,6.453424
14.755000,0.349168,-0.232066,0.402163,0.884424,-0.444974,0.048958,0.131891,0.073507,4.048706,1.000000,-0.133174,6.452240
14.760000,0.349042,-0.232033,0.402207,0.884415,-0.444980,0.049018,0.131912,0.073506,4.049233,1.000000,-0.131162,6.451055
14.765000,0.348917,-0.232000,0.402250,0.884405,-0.444986,0.049078,0.131934,0.073506,4.049752,1.000000,-0.129070,6.449878
14.770000,0.348791,-0.231967,0.402293,0.884396,-0.444991,0.049138,0.131955,0.073506,4.050263,1.000000,-0.126908,6.448783
14.775000,0.348689,-0.231917,0.402327,0.884387,-0.444996,0.049188,0.131977,0.073506,4.050765,1.000000,-0.124463,6.446502
14.780000,0.348587,-0.231866,0.402362,0.884379,-0.445001,0.049237,0.132000,0.073506,4.051256,1.000000,-0.121802,6.444223
14.785000,0.348485,-0.231816,0.402396,0.884370,-0.445006,0.049286,0.132023,0.073505,4.051736,1.000000,-0.118978,6.441952
14.790000,0.348383,-0.231765,0.402430,0.884361,-0.445011,0.049336,0.132046,0.073505,4.052205,1.000000,-0.116028,6.439690
14.795000,0.348282,-0.231715,0.402465,0.884353,-0.445016,0.049385,0.132069,0.073505,4.052661,1.000000,-0.112980,6.437577
14.800000,0.348180,-0.231664,0.402499,0.884344,-0.445020,0.049435,0.132092,0.073505,4.053105,1.000000,-0.109852,6.435491
14.805000,0.348078,-0.231603,0.402503,0.884339,-0.445023,0.049452,0.132110,0.073505,4.053536,1.000000,-0.106464,6.433013
14.810000,0.347977,-0.231541,0.402508,0.884334,-0.445026,0.049468,0.132128,0.073504,4.053953,1.000000,-0.102874,6.430542
14.815000,0.347875,-0.231479,0.402512,0.884329,-0.445029,0.049485,0.132146,0.073504,4.054355,1.000000,-0.099152,6.428113
14.820000,0.347774,-0.231417,0.402517,0.884324,-0.445031,0.049502,0.132163,0.073504,4.054743,1.000000,-0.095345,6.425871
14.825000,0.347673,-0.231355,0.402521,0.884320,-0.445034,0.049519,0.132181,0.073504,4.055114,1.000000,-0.091485,6.423637
14.830000,0.347571,-0.231294,0.402526,0.884315,-0.445036,0.049536,0.132199,0.073504,4.055471,1.000000,-0.087599,6.421403
14.835000,0.347470,-0.231232,0.402530,0.884310,-0.445039,0.049553,0.132217,0.073503,4.055811,1.000000,-0.083703,6.419177
14.840000,0.347357,-0.231165,0.402506,0.884308,-0.445040,0.049538,0.132230,0.073503,4.056136,1.000000,-0.079700,6.417244
14.845000,0.347244,-0.231099,0.402481,0.884307,-0.445041,0.049524,0.132242,0.073503,4.056445,1.000000,-0.075623,6.415485
14.850000,0.347132,-0.231032,0.402457,0.884305,-0.445041,0.049510,0.132255,0.073503,4.056738,1.000000,-0.071524,6.413726
14.855000,0.347019,-0.230965,0.402433,0.884304,-0.445042,0.049495,0.132268,0.073503,4.057014,1.000000,-0.067440,6.411975
14.860000,0.346906,-0.230899,0.402408,0.884302,-0.445043,0.049481,0.132280,0.073503,4.057273,1.000000,-0.063395,6.410231
14.865000,0.346794,-0.230832,0.402384,0.884301,-0.445043,0.049466,0.132293,0.073502,4.057517,1.000000,-0.059408,6.408794
14.870000,0.346681,-0.230764,0.402360,0.884300,-0.445043,0.049452,0.132306,0.073502,4.057745,1.000000,-0.055488,6.407469
14.875000,0.346566,-0.230695,0.402324,0.884300,-0.445043,0.049425,0.132316,0.073502,4.057957,1.000000,-0.051595,6.406175
14.880000,0.346450,-0.230626,0.402288,0.884300,-0.445042,0.049398,0.132326,0.073502,4.058154,1.000000,-0.047748,6.404888
14.885000,0.346334,-0.230557,0.402251,0.884301,-0.445042,0.049371,0.132337,0.073502,4.058336,1.000000,-0.043970,6.403639
14.890000,0.346219,-0.230488,0.402215,0.884301,-0.445040,0.049344,0.132347,0.073501,4.058502,1.000000,-0.040275,6.402875
14.895000,0.346103,-0.230418,0.402179,0.884302,-0.445039,0.049317,0.132358,0.073501,4.058655,1.000000,-0.036672,6.402118
14.900000,0.345988,-0.230348,0.402143,0.884303,-0.445037,0.049291,0.132368,0.073501,4.058793,1.000000,-0.033170,6.401360
14.905000,0.345873,-0.230278,0.402107,0.884303,-0.445035,0.049264,0.132379,0.073501,4.058917,1.000000,-0.029775,6.400610
14.910000,0.345762,-0.230207,0.402071,0.884305,-0.445033,0.049237,0.132389,0.073501,4.059028,1.000000,-0.026467,6.400015
14.915000,0.345652,-0.230136,0.402034,0.884306,-0.445030,0.049211,0.132398,0.073501,4.059126,1.000000,-0.023252,6.399791
14.920000,0.345542,-0.230065,0.401998,0.884307,-0.445027,0.049184,0.132408,0.073500,4.059211,1.000000,-0.020136,6.399566
14.925000,0.345432,-0.229993,0.401962,0.884309,-0.445025,0.049157,0.132418,0.073500,4.059284,1.000000,-0.017123,6.399350
14.930000,0.345322,-0.229922,0.401925,0.884310,-0.445022,0.049131,0.132428,0.073500,4.059345,1.000000,-0.014215,6.399141
14.935000,0.345212,-0.229850,0.401889,0.884312,-0.445018,0.049104,0.132438,0.073500,4.059395,1.000000,-0.011412,6.399626
14.940000,0.345103,-0.229777,0.401853,0.884314,-0.445013,0.049077,0.132448,0.073500,4.059434,1.000000,-0.008711,6.400194
14.945000,0.344995,-0.229705,0.401813,0.884317,-0.445009,0.049047,0.132457,0.073499,4.059462,1.000000,-0.006092,6.400743
14.950000,0.344887,-0.229632,0.401772,0.884320,-0.445004,0.049016,0.132466,0.073499,4.059480,1.000000,-0.003562,6.401300
14.955000,0.344779,-0.229560,0.401732,0.884323,-0.444998,0.048985,0.132474,0.073499,4.059488,1.000000,-0.001125,6.402225
14.960000,0.344672,-0.229486,0.401692,0.884327,-0.444992,0.048954,0.132484,0.073499,4.059486,1.000000,0.001219,6.403656
14.965000,0.344565,-0.229412,0.401651,0.884330,-0.444986,0.048924,0.132493,0.073499,4.059473,1.000000,0.003469,6.405086
14.970000,0.344457,-0.229339,0.401611,0.884334,-0.444980,0.048893,0.132502,0.073498,4.059449,1.000000,0.005612,6.406524
14.975000,0.344346,-0.229258,0.401555,0.884341,-0.444968,0.048846,0.132509,0.073498,4.059415,1.000000,0.007670,6.407819
14.980000,0.344236,-0.229175,0.401498,0.884349,-0.444955,0.048798,0.132517,0.073498,4.059370,1.000000,0.009641,6.410039
14.985000,0.344126,-0.229093,0.401442,0.884357,-0.444943,0.048751,0.132524,0.073498,4.059316,1.000000,0.011516,6.412265
14.990000,0.344016,-0.229010,0.401386,0.884365,-0.444930,0.048703,0.132532,0.073498,4.059253,1.000000,0.013272,6.414491
14.995000,0.343906,-0.228927,0.401329,0.884373,-0.444917,0.048656,0.132539,0.073497,4.059181,1.000000,0.014896,6.416725
15.000000,0.343797,-0.228844,0.401273,0.884381,-0.444903,0.048609,0.132547,0.073497,4.059102,1.000000,0.016403,6.419707
15.005000,0.343689,-0.228760,0.401217,0.884390,-0.444889,0.048561,0.132555,0.073497,4.059015,1.000000,0.017808,6.422931
15.010000,0.343581,-0.228664,0.401150,0.884404,-0.444863,0.048505,0.132563,0.073497,4.058922,1.000000,0.019233,6.425629
15.015000,0.343472,-0.228567,0.401083,0.884419,-0.444837,0.048448,0.132571,0.073497,4.058821,1.000000,0.020672,6.428334
15.020000,0.343365,-0.228469,0.401016,0.884434,-0.444811,0.048391,0.132580,0.073496,4.058713,1.000000,0.022095,6.431559
15.025000,0.343258,-0.228371,0.400949,0.884450,-0.444784,0.048334,0.132589,0.073496,4.058598,1.000000,0.023488,6.435263
15.030000,0.343152,-0.228273,0.400882,0.884465,-0.444757,0.048277,0.132597,0.073496,4.058477,1.000000,0.024840,6.438966
15.035000,0.343045,-0.228175,0.400815,0.884481,-0.444730,0.048221,0.132606,0.073496,4.058348,1.000000,0.026145,6.442675
15.040000,0.342939,-0.228077,0.400747,0.884496,-0.444702,0.048164,0.132615,0.073496,4.058214,1.000000,0.027396,6.446692
15.045000,0.342847,-0.227967,0.400691,0.884518,-0.444660,0.048121,0.132628,0.073495,4.058073,1.000000,0.028650,6.450586
15.050000,0.342756,-0.227857,0.400634,0.884540,-0.444617,0.048078,0.132641,0.073495,4.057925,1.000000,0.029902,6.454478
15.055000,0.342665,-0.227747,0.400577,0.884561,-0.444575,0.048036,0.132654,0.073495,4.057772,1.000000,0.031142,6.458376
15.060000,0.342574,-0.227638,0.400520,0.884583,-0.444532,0.047993,0.132667,0.073495,4.057612,1.000000,0.032365,6.462389
15.065000,0.342484,-0.227527,0.400464,0.884606,-0.444488,0.047950,0.132681,0.073495,4.057447,1.000000,0.033593,6.467218
15.070000,0.342395,-0.227416,0.400407,0.884628,-0.444444,0.047907,0.132694,0.073494,4.057275,1.000000,0.034837,6.472043
15.075000,0.342305,-0.227305,0.400350,0.884650,-0.444401,0.047864,0.132707,0.073494,4.057097,1.000000,0.036088,6.476873
15.080000,0.342233,-0.227182,0.400311,0.884681,-0.444337,0.047844,0.132726,0.073494,4.056912,1.000000,0.037383,6.480772
15.085000,0.342162,-0.227058,0.400273,0.884712,-0.444272,0.047824,0.132744,0.073494,4.056721,1.000000,0.038705,6.485370
15.090000,0.342091,-0.226934,0.400234,0.884742,-0.444207,0.047804,0.132763,0.073494,4.056523,1.000000,0.040057,6.490032
15.095000,0.342020,-0.226811,0.400195,0.884773,-0.444142,0.047784,0.132781,0.073493,4.056319,1.000000,0.041437,6.494691
15.100000,0.341950,-0.226687,0.400156,0.884804,-0.444077,0.047764,0.132800,0.073493,4.056107,1.000000,0.042840,6.499353
15.105000,0.341880,-0.226563,0.400117,0.884836,-0.444011,0.047744,0.132819,0.073493,4.055889,1.000000,0.044257,6.504470
15.110000,0.341811,-0.226438,0.400079,0.884867,-0.443945,0.047723,0.132837,0.073493,4.055663,1.000000,0.045693,6.509822
15.115000,0.341746,-0.226298,0.400043,0.884907,-0.443862,0.047711,0.132853,0.073493,4.055430,1.000000,0.047241,6.514407
15.120000,0.341682,-0.226158,0.400007,0.884947,-0.443778,0.047698,0.132870,0.073492,4.055188,1.000000,0.048895,6.518995
15.125000,0.341618,-0.226017,0.399971,0.884988,-0.443694,0.047685,0.132886,0.073492,4.054938,1.000000,0.050617,6.523779
15.130000,0.341555,-0.225877,0.399935,0.885028,-0.443610,0.047672,0.132902,0.073492,4.054680,1.000000,0.052388,6.528974
15.135000,0.341493,-0.225736,0.399899,0.885069,-0.443526,0.047659,0.132918,0.073492,4.054412,1.000000,0.054196,6.534164
15.140000,0.341430,-0.225596,0.399863,0.885109,-0.443441,0.047646,0.132935,0.073492,4.054136,1.000000,0.056031,6.539356
15.145000,0.341365,-0.225441,0.399813,0.885157,-0.443347,0.047621,0.132939,0.073491,4.053850,1.000000,0.058037,6.544042
15.150000,0.341302,-0.225287,0.399763,0.885205,-0.443253,0.047596,0.132944,0.073491,4.053553,1.000000,0.060189,6.549124
15.155000,0.341240,-0.225132,0.399713,0.885253,-0.443158,0.047572,0.132949,0.073491,4.053245,1.000000,0.062438,6.554251
15.160000,0.341177,-0.224977,0.399663,0.885301,-0.443064,0.047547,0.132953,0.073491,4.052926,1.000000,0.064745,6.559373
15.165000,0.341114,-0.224823,0.399613,0.885349,-0.442969,0.047522,0.132958,0.073491,4.052595,1.000000,0.067083,6.564498
15.170000,0.341052,-0.224668,0.399562,0.885397,-0.442874,0.047497,0.132963,0.073490,4.052252,1.000000,0.069430,6.569772
15.175000,0.340990,-0.224513,0.399512,0.885445,-0.442779,0.047472,0.132968,0.073490,4.051898,1.000000,0.071772,6.575307
15.180000,0.340933,-0.224352,0.399455,0.885498,-0.442676,0.047441,0.132971,0.073490,4.051532,1.000000,0.074187,6.580477
15.185000,0.340876,-0.224190,0.399397,0.885551,-0.442572,0.047409,0.132975,0.073490,4.051154,1.000000,0.076651,6.585651
15.190000,0.340819,-0.224029,0.399340,0.885604,-0.442468,0.047378,0.132978,0.073490,4.050763,1.000000,0.078958,6.590827
15.195000,0.340763,-0.223867,0.399283,0.885657,-0.442364,0.047346,0.132981,0.073489,4.050362,1.000000,0.081040,6.596236
15.200000,0.340708,-0.223706,0.399225,0.885710,-0.442260,0.047315,0.132985,0.073489,4.049951,1.000000,0.082956,6.601728
15.205000,0.340652,-0.223544,0.399168,0.885763,-0.442157,0.047283,0.132989,0.073489,4.049531,1.000000,0.084768,6.607215
15.210000,0.340596,-0.223383,0.399110,0.885816,-0.442053,0.047251,0.132992,0.073489,4.049102,1.000000,0.086520,6.612705
15.215000,0.340550,-0.223224,0.399066,0.885869,-0.441945,0.047234,0.133003,0.073489,4.048664,1.000000,0.088266,6.618078
15.220000,0.340504,-0.223065,0.399021,0.885922,-0.441837,0.047216,0.133015,0.073488,4.048217,1.000000,0.089994,6.623654
15.225000,0.340459,-0.222907,0.398977,0.885975,-0.441730,0.047198,0.133026,0.073488,4.047762,1.000000,0.091716,6.629233
15.230000,0.340413,-0.222748,0.398932,0.886028,-0.441622,0.047180,0.133037,0.073488,4.047298,1.000000,0.093431,6.634806
15.235000,0.340368,-0.222589,0.398888,0.886081,-0.441514,0.047162,0.133049,0.073488,4.046826,1.000000,0.095135,6.640382
15.240000,0.340322,-0.222430,0.398843,0.886134,-0.441407,0.047144,0.133060,0.073488,4.046345,1.000000,0.096827,6.645997
15.245000,0.340278,-0.222272,0.398799,0.886186,-0.441299,0.047126,0.133071,0.073488,4.045855,1.000000,0.098498,6.651718
15.250000,0.340239,-0.222113,0.398768,0.886238,-0.441193,0.047124,0.133082,0.073487,4.045358,1.000000,0.100180,6.657254
15.255000,0.340201,-0.221954,0.398736,0.886289,-0.441087,0.047121,0.133092,0.073487,4.044852,1.000000,0.101857,6.662784
15.260000,0.340162,-0.221795,0.398705,0.886340,-0.440981,0.047119,0.133102,0.073487,4.044337,1.000000,0.103523,6.668317
15.265000,0.340124,-0.221636,0.398673,0.886392,-0.440875,0.047116,0.133113,0.073487,4.043814,1.000000,0.105171,6.673913
15.270000,0.340086,-0.221478,0.398642,0.886443,-0.440769,0.047113,0.133123,0.073487,4.043284,1.000000,0.106798,6.679595
15.275000,0.340048,-0.221319,0.398610,0.886494,-0.440663,0.047110,0.133134,0.073487,4.042745,1.000000,0.108403,6.685279
15.280000,0.340010,-0.221160,0.398579,0.886546,-0.440557,0.047108,0.133144,0.073486,4.042198,1.000000,0.109983,6.690958
15.285000,0.339970,-0.220993,0.398546,0.886597,-0.440452,0.047107,0.133151,0.073486,4.041643,1.000000,0.111535,6.696352
15.290000,0.339931,-0.220827,0.398514,0.886648,-0.440346,0.047105,0.133159,0.073486,4.041080,1.000000,0.113068,6.701785
15.295000,0.339892,-0.220660,0.398482,0.886699,-0.440241,0.047104,0.133166,0.073486,4.040510,1.000000,0.114568,6.707250
15.300000,0.339852,-0.220493,0.398449,0.886750,-0.440136,0.047103,0.133174,0.073486,4.039933,1.000000,0.116025,6.712710
15.305000,0.339813,-0.220327,0.398417,0.886802,-0.440031,0.047102,0.133181,0.073485,4.039349,1.000000,0.117440,6.718172
15.310000,0.339773,-0.220160,0.398384,0.886853,-0.439926,0.047101,0.133188,0.073485,4.038757,1.000000,0.118813,6.723637
15.315000,0.339741,-0.219983,0.398347,0.886913,-0.439802,0.047097,0.133197,0.073485,4.038159,1.000000,0.120176,6.728619
15.320000,0.339708,-0.219806,0.398311,0.886973,-0.439679,0.047093,0.133205,0.073485,4.037554,1.000000,0.121549,6.733626
15.325000,0.339675,-0.219629,0.398274,0.887033,-0.439555,0.047090,0.133214,0.073485,4.036942,1.000000,0.122922,6.738627
15.330000,0.339643,-0.219453,0.398237,0.887093,-0.439431,0.047086,0.133222,0.073485,4.036323,1.000000,0.124289,6.743632
15.335000,0.339610,-0.219276,0.398200,0.887154,-0.439308,0.047082,0.133230,0.073484,4.035697,1.000000,0.125645,6.748640
15.340000,0.339577,-0.219099,0.398163,0.887214,-0.439184,0.047078,0.133239,0.073484,4.035065,1.000000,0.126986,6.753713
15.345000,0.339545,-0.218922,0.398126,0.887274,-0.439061,0.047075,0.133247,0.073484,4.034426,1.000000,0.128311,6.758804
15.350000,0.339535,-0.218735,0.398098,0.887349,-0.438905,0.047083,0.133256,0.073484,4.033780,1.000000,0.129704,6.762964
15.355000,0.339524,-0.218548,0.398070,0.887424,-0.438750,0.047092,0.133265,0.073484,4.033127,1.000000,0.131166,6.767127
15.360000,0.339513,-0.218362,0.398041,0.887499,-0.438595,0.047101,0.133274,0.073483,4.032466,1.000000,0.132673,6.771292
15.365000,0.339503,-0.218175,0.398013,0.887573,-0.438440,0.047110,0.133284,0.073483,4.031798,1.000000,0.134205,6.775472
15.370000,0.339493,-0.217988,0.397985,0.887648,-0.438285,0.047119,0.133293,0.073483,4.031123,1.000000,0.135753,6.779654
15.375000,0.339483,-0.217801,0.397957,0.887723,-0.438130,0.047127,0.133302,0.073483,4.030439,1.000000,0.137307,6.783831
15.380000,0.339472,-0.217614,0.397929,0.887798,-0.437974,0.047136,0.133311,0.073483,4.029748,1.000000,0.138861,6.788009
15.385000,0.339494,-0.217415,0.397920,0.887887,-0.437787,0.047171,0.133318,0.073483,4.029048,1.000000,0.140526,6.790916
15.390000,0.339516,-0.217216,0.397912,0.887977,-0.437600,0.047205,0.133326,0.073482,4.028340,1.000000,0.142290,6.793823
15.395000,0.339538,-0.217017,0.397903,0.888066,-0.437413,0.047240,0.133333,0.073482,4.027623,1.000000,0.144123,6.796732
15.400000,0.339559,-0.216818,0.397895,0.888155,-0.437225,0.047274,0.133340,0.073482,4.026897,1.000000,0.146000,6.799634
15.405000,0.339581,-0.216618,0.397886,0.888244,-0.437038,0.047309,0.133348,0.073482,4.026161,1.000000,0.147904,6.802538
15.410000,0.339603,-0.216419,0.397878,0.888334,-0.436851,0.047343,0.133355,0.073482,4.025416,1.000000,0.149821,6.805488
15.415000,0.339625,-0.216220,0.397870,0.888423,-0.436664,0.047377,0.133363,0.073482,4.024661,1.000000,0.151741,6.808484
15.420000,0.339681,-0.216008,0.397882,0.888525,-0.436445,0.047438,0.133371,0.073481,4.023896,1.000000,0.153770,6.810124
15.425000,0.339736,-0.215796,0.397895,0.888628,-0.436227,0.047498,0.133379,0.073481,4.023120,1.000000,0.155905,6.811766
15.430000,0.339792,-0.215583,0.397907,0.888731,-0.436009,0.047558,0.133387,0.073481,4.022334,1.000000,0.158109,6.813410
15.435000,0.339848,-0.215371,0.397920,0.888834,-0.435790,0.047619,0.133395,0.073481,4.021537,1.000000,0.160357,6.815057
15.440000,0.339903,-0.215159,0.397932,0.888936,-0.435572,0.047679,0.133403,0.073481,4.020728,1.000000,0.162629,6.816706
15.445000,0.339959,-0.214947,0.397945,0.889039,-0.435354,0.047740,0.133411,0.073480,4.019908,1.000000,0.164912,6.818349
15.450000,0.340015,-0.214734,0.397957,0.889141,-0.435135,0.047800,0.133419,0.073480,4.019076,1.000000,0.167196,6.819993
15.455000,0.340092,-0.214511,0.397981,0.889253,-0.434894,0.047875,0.133433,0.073480,4.018233,1.000000,0.169534,6.820658
15.460000,0.340170,-0.214287,0.398005,0.889365,-0.434653,0.047950,0.133447,0.073480,4.017378,1.000000,0.171934,6.821304
15.465000,0.340247,-0.214063,0.398029,0.889477,-0.434412,0.048025,0.133461,0.073480,4.016511,1.000000,0.174370,6.821947
15.470000,0.340324,-0.213840,0.398053,0.889588,-0.434170,0.048100,0.133474,0.073480,4.015632,1.000000,0.176825,6.822584
15.475000,0.340402,-0.213616,0.398078,0.889700,-0.433929,0.048175,0.133488,0.073479,4.014741,1.000000,0.179285,6.823223
15.480000,0.340479,-0.213392,0.398102,0.889811,-0.433688,0.048250,0.133502,0.073479,4.013837,1.000000,0.181738,6.823864
15.485000,0.340566,-0.213153,0.398127,0.889932,-0.433428,0.048329,0.133512,0.073479,4.012921,1.000000,0.184212,6.823657
15.490000,0.340653,-0.212913,0.398152,0.890052,-0.433169,0.048409,0.133523,0.073479,4.011992,1.000000,0.186732,6.823453
15.495000,0.340740,-0.212673,0.398178,0.890172,-0.432909,0.048489,0.133534,0.073479,4.011051,1.000000,0.189276,6.823242
15.500000,0.340827,-0.212434,0.398203,0.890293,-0.432650,0.048569,0.133544,0.073479,4.010097,1.000000,0.191830,6.823033
15.505000,0.340914,-0.212194,0.398228,0.890413,-0.432390,0.048649,0.133555,0.073478,4.009130,1.000000,0.194380,6.822824
15.510000,0.341001,-0.211955,0.398254,0.890533,-0.432131,0.048729,0.133565,0.073478,4.008150,1.000000,0.196917,6.822602
15.515000,0.341088,-0.211715,0.398279,0.890653,-0.431871,0.048809,0.133576,0.073478,4.007158,1.000000,0.199434,6.822381
15.520000,0.341180,-0.211455,0.398296,0.890785,-0.431590,0.048885,0.133577,0.073478,4.006154,1.000000,0.201955,6.821217
15.525000,0.341272,-0.211194,0.398313,0.890916,-0.431309,0.048962,0.133577,0.073478,4.005136,1.000000,0.204525,6.820055
15.530000,0.341365,-0.210934,0.398330,0.891048,-0.431028,0.049038,0.133578,0.073478,4.004106,1.000000,0.207121,6.818906
15.535000,0.341457,-0.210674,0.398347,0.891180,-0.430748,0.049114,0.133578,0.073477,4.003063,1.000000,0.209729,6.817782
15.540000,0.341549,-0.210413,0.398364,0.891311,-0.430466,0.049191,0.133579,0.073477,4.002006,1.000000,0.212335,6.816660
15.545000,0.341641,-0.210153,0.398382,0.891443,-0.430185,0.049267,0.133580,0.073477,4.000937,1.000000,0.214928,6.815531
15.550000,0.341733,-0.209893,0.398399,0.891574,-0.429904,0.049343,0.133580,0.073477,3.999855,1.000000,0.217501,6.814405
15.555000,0.341831,-0.209613,0.398396,0.891719,-0.429599,0.049401,0.133575,0.073477,3.998760,1.000000,0.220079,6.812402
15.560000,0.341929,-0.209333,0.398393,0.891863,-0.429294,0.049459,0.133570,0.073477,3.997652,1.000000,0.222711,6.810391
15.565000,0.342027,-0.209053,0.398391,0.892008,-0.428988,0.049517,0.133566,0.073476,3.996531,1.000000,0.225374,6.808374
15.570000,0.342125,-0.208773,0.398388,0.892152,-0.428683,0.049575,0.133561,0.073476,3.995396,1.000000,0.228050,6.806359
15.575000,0.342223,-0.208493,0.398385,0.892296,-0.428377,0.049632,0.133556,0.073476,3.994248,1.000000,0.230726,6.804347
15.580000,0.342320,-0.208214,0.398383,0.892440,-0.428072,0.049690,0.133551,0.073476,3.993087,1.000000,0.233391,6.802331
15.585000,0.342418,-0.207934,0.398380,0.892584,-0.427766,0.049748,0.133546,0.073476,3.991912,1.000000,0.236036,6.800316
15.590000,0.342527,-0.207633,0.398355,0.892744,-0.427434,0.049785,0.133531,0.073475,3.990723,1.000000,0.238982,6.797250
15.595000,0.342636,-0.207332,0.398330,0.892903,-0.427102,0.049821,0.133516,0.073475,3.989519,1.000000,0.242477,6.794187
15.600000,0.342746,-0.207031,0.398305,0.893062,-0.426770,0.049858,0.133501,0.073475,3.988295,1.000000,0.246407,6.791126
15.605000,0.342855,-0.206730,0.398280,0.893221,-0.426437,0.049895,0.133486,0.073475,3.987051,1.000000,0.250581,6.788098
15.610000,0.342964,-0.206429,0.398255,0.893379,-0.426105,0.049931,0.133471,0.073475,3.985785,1.000000,0.254873,6.785075
15.615000,0.343073,-0.206128,0.398230,0.893538,-0.425773,0.049968,0.133455,0.073475,3.984498,1.000000,0.259201,6.782045
15.620000,0.343182,-0.205827,0.398205,0.893697,-0.425440,0.050004,0.133440,0.073474,3.983190,1.000000,0.263512,6.779019
15.625000,0.343308,-0.205501,0.398168,0.893871,-0.425077,0.050032,0.133417,0.073474,3.981860,1.000000,0.267956,6.774646
15.630000,0.343435,-0.205176,0.398131,0.894046,-0.424714,0.050061,0.133394,0.073474,3.980507,1.000000,0.272554,6.770270
15.635000,0.343562,-0.204851,0.398094,0.894220,-0.424350,0.050089,0.133371,0.073474,3.979131,1.000000,0.277213,6.765896
15.640000,0.343689,-0.204526,0.398058,0.894395,-0.423987,0.050117,0.133348,0.073474,3.977731,1.000000,0.281870,6.761517
15.645000,0.343815,-0.204200,0.398021,0.894569,-0.423624,0.050145,0.133325,0.073473,3.976308,1.000000,0.286488,6.757142
15.650000,0.343942,-0.203875,0.397984,0.894743,-0.423260,0.050173,0.133301,0.073473,3.974863,1.000000,0.291039,6.752754
15.655000,0.344091,-0.203532,0.397953,0.894929,-0.422869,0.050211,0.133275,0.073473,3.973395,1.000000,0.295581,6.747098
15.660000,0.344240,-0.203189,0.397921,0.895116,-0.422479,0.050248,0.133248,0.073473,3.971904,1.000000,0.300165,6.741445
15.665000,0.344389,-0.202845,0.397890,0.895302,-0.422088,0.050286,0.133221,0.073473,3.970390,1.000000,0.304740,6.735787
15.670000,0.344538,-0.202502,0.397858,0.895488,-0.421697,0.050323,0.133194,0.073473,3.968854,1.000000,0.309272,6.730132
15.675000,0.344687,-0.202159,0.397827,0.895674,-0.421306,0.050361,0.133167,0.073472,3.967295,1.000000,0.313742,6.724510
15.680000,0.344835,-0.201815,0.397796,0.895860,-0.420915,0.050399,0.133140,0.073472,3.965714,1.000000,0.318135,6.718914
15.685000,0.344984,-0.201472,0.397764,0.896045,-0.420524,0.050436,0.133113,0.073472,3.964111,1.000000,0.322435,6.713314
15.690000,0.345158,-0.201118,0.397747,0.896240,-0.420114,0.050492,0.133075,0.073472,3.962487,1.000000,0.326674,6.706657
15.695000,0.345332,-0.200763,0.397730,0.896434,-0.419704,0.050547,0.133037,0.073472,3.960842,1.000000,0.330900,6.700004
15.700000,0.345506,-0.200409,0.397713,0.896629,-0.419295,0.050603,0.132999,0.073472,3.959176,1.000000,0.335081,6.693332
15.705000,0.345680,-0.200055,0.397695,0.896823,-0.418885,0.050658,0.132961,0.073471,3.957489,1.000000,0.339197,6.686657
15.710000,0.345854,-0.199700,0.397678,0.897016,-0.418475,0.050714,0.132922,0.073471,3.955782,1.000000,0.343235,6.679977
15.715000,0.346028,-0.199346,0.397661,0.897210,-0.418065,0.050769,0.132884,0.073471,3.954055,1.000000,0.347185,6.673301
15.720000,0.346202,-0.198992,0.397644,0.897404,-0.417655,0.050824,0.132846,0.073471,3.952309,1.000000,0.351041,6.666627
15.725000,0.346396,-0.198626,0.397639,0.897604,-0.417231,0.050897,0.132797,0.073471,3.950544,1.000000,0.354827,6.659016
15.730000,0.346590,-0.198260,0.397635,0.897804,-0.416807,0.050969,0.132748,0.073471,3.948759,1.000000,0.358595,6.651408
15.735000,0.346784,-0.197894,0.397631,0.898004,-0.416383,0.051041,0.132698,0.073470,3.946957,1.000000,0.362315,6.643796
15.740000,0.346978,-0.197528,0.397627,0.898204,-0.415959,0.051113,0.132649,0.073470,3.945135,1.000000,0.365967,6.636188
15.745000,0.347172,-0.197162,0.397622,0.898403,-0.415535,0.051186,0.132599,0.073470,3.943296,1.000000,0.369510,6.628578
15.750000,0.347366,-0.196797,0.397618,0.898603,-0.415110,0.051258,0.132550,0.073470,3.941440,1.000000,0.372919,6.620948
15.755000,0.347560,-0.196431,0.397614,0.898802,-0.414686,0.051330,0.132500,0.073470,3.939567,1.000000,0.376209,6.613321
15.760000,0.347771,-0.196047,0.397620,0.899008,-0.414246,0.051418,0.132443,0.073470,3.937677,1.000000,0.379408,6.604536
15.765000,0.347981,-0.195663,0.397626,0.899214,-0.413806,0.051505,0.132385,0.073469,3.935772,1.000000,0.382617,6.595755
15.770000,0.348192,-0.195279,0.397632,0.899420,-0.413366,0.051593,0.132327,0.073469,3.933851,1.000000,0.385826,6.586983
15.775000,0.348403,-0.194895,0.397637,0.899626,-0.412926,0.051680,0.132269,0.073469,3.931914,1.000000,0.389022,6.578226
15.780000,0.348613,-0.194511,0.397643,0.899831,-0.412485,0.051768,0.132211,0.073469,3.929961,1.000000,0.392190,6.569471
15.785000,0.348824,-0.194127,0.397649,0.900036,-0.412045,0.051856,0.132153,0.073469,3.927992,1.000000,0.395319,6.560713
15.790000,0.349034,-0.193743,0.397655,0.900241,-0.411604,0.051943,0.132095,0.073468,3.926008,1.000000,0.398398,6.551959
15.795000,0.349258,-0.193341,0.397667,0.900450,-0.411164,0.052042,0.132006,0.073468,3.924009,1.000000,0.401500,6.542164
15.800000,0.349482,-0.192940,0.397678,0.900658,-0.410724,0.052140,0.131918,0.073468,3.921994,1.000000,0.404677,6.532363
15.805000,0.349705,-0.192538,0.397689,0.900866,-0.410283,0.052238,0.131829,0.073468,3.919962,1.000000,0.407880,6.522559
15.810000,0.349929,-0.192137,0.397701,0.901074,-0.409842,0.052336,0.131740,0.073468,3.917915,1.000000,0.411073,6.512759
15.815000,0.350152,-0.191736,0.397712,0.901282,-0.409402,0.052434,0.131651,0.073468,3.915852,1.000000,0.414234,6.502964
15.820000,0.350376,-0.191334,0.397723,0.901489,-0.408961,0.052533,0.131563,0.073467,3.913774,1.000000,0.417344,6.493180
15.825000,0.350605,-0.190919,0.397733,0.901691,-0.408553,0.052633,0.131405,0.073467,3.911679,1.000000,0.420607,6.482639
15.830000,0.350834,-0.190503,0.397742,0.901892,-0.408146,0.052733,0.131248,0.073467,3.909568,1.000000,0.424000,6.472095
15.835000,0.351064,-0.190088,0.397752,0.902094,-0.407739,0.052833,0.131091,0.073467,3.907440,1.000000,0.427438,6.461555
15.840000,0.351293,-0.189672,0.397761,0.902295,-0.407331,0.052934,0.130933,0.073467,3.905295,1.000000,0.430690,6.451019
15.845000,0.351522,-0.189256,0.397771,0.902495,-0.406924,0.053034,0.130776,0.073467,3.903134,1.000000,0.433704,6.440472
15.850000,0.351752,-0.188841,0.397780,0.902696,-0.406516,0.053134,0.130618,0.073466,3.900959,1.000000,0.436532,6.429927
15.855000,0.351981,-0.188425,0.397790,0.902896,-0.406109,0.053234,0.130461,0.073466,3.898771,1.000000,0.439212,6.419378
15.860000,0.352216,-0.187990,0.397794,0.903092,-0.405733,0.053333,0.130236,0.073466,3.896569,1.000000,0.442000,6.407839
15.865000,0.352452,-0.187554,0.397799,0.903287,-0.405357,0.053432,0.130011,0.073466,3.894352,1.000000,0.444917,6.396303
15.870000,0.352687,-0.187119,0.397804,0.903483,-0.404980,0.053531,0.129787,0.073466,3.892121,1.000000,0.447886,6.384820
15.875000,0.352922,-0.186683,0.397809,0.903678,-0.404604,0.053630,0.129562,0.073466,3.889875,1.000000,0.450848,6.373341
15.880000,0.353158,-0.186247,0.397814,0.903872,-0.404228,0.053729,0.129337,0.073465,3.887614,1.000000,0.453767,6.361858
15.885000,0.353393,-0.185812,0.397819,0.904067,-0.403851,0.053828,0.129112,0.073465,3.885339,1.000000,0.456618,6.350379
15.890000,0.353628,-0.185376,0.397824,0.904261,-0.403475,0.053927,0.128887,0.073465,3.883050,1.000000,0.459385,6.338895
15.895000,0.353865,-0.184929,0.397829,0.904455,-0.403106,0.054027,0.128636,0.073465,3.880747,1.000000,0.462135,6.326814
15.900000,0.354102,-0.184481,0.397834,0.904649,-0.402738,0.054127,0.128384,0.073465,3.878431,1.000000,0.464890,6.314737
15.905000,0.354339,-0.184034,0.397839,0.904843,-0.402369,0.054227,0.128133,0.073465,3.876101,1.000000,0.467607,6.302656
15.910000,0.354576,-0.183587,0.397844,0.905036,-0.402000,0.054326,0.127881,0.073464,3.873757,1.000000,0.470257,6.290580
15.915000,0.354813,-0.183139,0.397850,0.905230,-0.401631,0.054426,0.127630,0.073464,3.871401,1.000000,0.472824,6.278520
15.920000,0.355050,-0.182692,0.397855,0.905423,-0.401262,0.054526,0.127378,0.073464,3.869032,1.000000,0.475299,6.266499
15.925000,0.355287,-0.182245,0.397860,0.905616,-0.400893,0.054626,0.127127,0.073464,3.866650,1.000000,0.477669,6.254481
15.930000,0.355522,-0.181789,0.397868,0.905806,-0.400534,0.054728,0.126855,0.073464,3.864258,1.000000,0.479985,6.242135
15.935000,0.355758,-0.181334,0.397876,0.905997,-0.400175,0.054831,0.126584,0.073464,3.861854,1.000000,0.482252,6.229793
15.940000,0.355994,-0.180879,0.397883,0.906187,-0.399816,0.054933,0.126312,0.073463,3.859438,1.000000,0.484445,6.217443
15.945000,0.356229,-0.180424,0.397891,0.906377,-0.399457,0.055036,0.126041,0.073463,3.857012,1.000000,0.486546,6.205079
15.950000,0.356465,-0.179968,0.397899,0.906566,-0.399098,0.055138,0.125769,0.073463,3.854576,1.000000,0.488547,6.192719
15.955000,0.356700,-0.179513,0.397907,0.906756,-0.398739,0.055241,0.125497,0.073463,3.852130,1.000000,0.490441,6.180355
15.960000,0.356936,-0.179058,0.397915,0.906945,-0.398379,0.055343,0.125226,0.073463,3.849675,1.000000,0.492225,6.167995
15.965000,0.357174,-0.178587,0.397921,0.907134,-0.398029,0.055444,0.124924,0.073463,3.847212,1.000000,0.493993,6.154889
15.970000,0.357412,-0.178115,0.397927,0.907323,-0.397678,0.055545,0.124623,0.073462,3.844739,1.000000,0.495788,6.141788
15.975000,0.357650,-0.177643,0.397933,0.907512,-0.397327,0.055646,0.124322,0.073462,3.842258,1.000000,0.497558,6.128684
15.980000,0.357889,-0.177172,0.397939,0.907701,-0.396977,0.055747,0.124020,0.073462,3.839768,1.000000,0.499273,6.115584
15.985000,0.358127,-0.176700,0.397945,0.907889,-0.396626,0.055848,0.123719,0.073462,3.837269,1.000000,0.500911,6.102488
15.990000,0.358365,-0.176229,0.397950,0.908077,-0.396275,0.055948,0.123417,0.073462,3.834763,1.000000,0.502460,6.089397
15.995000,0.358604,-0.175744,0.397958,0.908266,-0.395928,0.056051,0.123094,0.073462,3.832249,1.000000,0.503968,6.075725
16.000000,0.358843,-0.175260,0.397965,0.908455,-0.395581,0.056153,0.122771,0.073461,3.829728,1.000000,0.505470,6.062050
16.005000,0.359083,-0.174775,0.397973,0.908643,-0.395233,0.056256,0.122447,0.073461,3.827199,1.000000,0.506931,6.048378
16.010000,0.359322,-0.174290,0.397980,0.908831,-0.394886,0.056358,0.122124,0.073461,3.824664,1.000000,0.508328,6.034711
16.015000,0.359561,-0.173806,0.397987,0.909019,-0.394539,0.056460,0.121801,0.073461,3.822121,1.000000,0.509644,6.021022
16.020000,0.359800,-0.173321,0.397995,0.909207,-0.394191,0.056563,0.121477,0.073461,3.819572,1.000000,0.510870,6.007329
16.025000,0.360039,-0.172837,0.398002,0.909394,-0.393844,0.056665,0.121154,0.073460,3.817018,1.000000,0.512003,5.993632
16.030000,0.360275,-0.172346,0.398014,0.909581,-0.393499,0.056771,0.120821,0.073460,3.814458,1.000000,0.513054,5.979742
16.035000,0.360510,-0.171856,0.398027,0.909767,-0.393155,0.056878,0.120488,0.073460,3.811892,1.000000,0.514036,5.965855
16.040000,0.360745,-0.171365,0.398039,0.909954,-0.392810,0.056984,0.120154,0.073460,3.809323,1.000000,0.514947,5.952011
16.045000,0.360981,-0.170874,0.398051,0.910140,-0.392466,0.057090,0.119821,0.073460,3.806749,1.000000,0.515775,5.938177
16.050000,0.361216,-0.170384,0.398064,0.910326,-0.392121,0.057196,0.119488,0.073460,3.804171,1.000000,0.516514,5.924338
16.055000,0.361451,-0.169893,0.398076,0.910511,-0.391776,0.057303,0.119154,0.073459,3.801589,1.000000,0.517165,5.910504
16.060000,0.361687,-0.169402,0.398088,0.910696,-0.391431,0.057409,0.118821,0.073459,3.799005,1.000000,0.517725,5.896673
16.065000,0.361920,-0.168901,0.398104,0.910883,-0.391085,0.057518,0.118477,0.073459,3.796418,1.000000,0.518205,5.882366
16.070000,0.362154,-0.168400,0.398121,0.911069,-0.390739,0.057628,0.118133,0.073459,3.793829,1.000000,0.518653,5.868061
16.075000,0.362388,-0.167898,0.398137,0.911255,-0.390393,0.057737,0.117789,0.073459,3.791238,1.000000,0.519051,5.853753
16.080000,0.362622,-0.167397,0.398153,0.911441,-0.390047,0.057846,0.117445,0.073459,3.788645,1.000000,0.519388,5.839449
16.085000,0.362856,-0.166895,0.398169,0.911626,-0.389701,0.057956,0.117101,0.073458,3.786051,1.000000,0.519659,5.825149
16.090000,0.363090,-0.166394,0.398185,0.911811,-0.389354,0.058065,0.116756,0.073458,3.783455,1.000000,0.519859,5.810858
16.095000,0.363323,-0.165892,0.398201,0.911996,-0.389008,0.058174,0.116412,0.073458,3.780859,1.000000,0.519986,5.796570
16.100000,0.363556,-0.165380,0.398222,0.912177,-0.388678,0.058288,0.116038,0.073458,3.778262,1.000000,0.520102,5.781819
16.105000,0.363788,-0.164868,0.398243,0.912358,-0.388348,0.058402,0.115664,0.073458,3.775665,1.000000,0.520243,5.767072
16.110000,0.364020,-0.164356,0.398264,0.912539,-0.388018,0.058515,0.115289,0.073458,3.773067,1.000000,0.520390,5.752328
16.115000,0.364252,-0.163844,0.398285,0.912719,-0.387687,0.058629,0.114915,0.073457,3.770468,1.000000,0.520531,5.737585
16.120000,0.364484,-0.163332,0.398306,0.912899,-0.387357,0.058742,0.114541,0.073457,3.767868,1.000000,0.520656,5.722845
16.125000,0.364717,-0.162820,0.398327,0.913079,-0.387026,0.058856,0.114166,0.073457,3.765268,1.000000,0.520737,5.708101
16.130000,0.364949,-0.162308,0.398348,0.913258,-0.386696,0.058969,0.113792,0.073457,3.762668,1.000000,0.520765,5.693361
16.135000,0.365176,-0.161788,0.398377,0.913437,-0.386369,0.059089,0.113405,0.073457,3.760068,1.000000,0.520731,5.678339
16.140000,0.365403,-0.161267,0.398406,0.913615,-0.386043,0.059210,0.113019,0.073457,3.757468,1.000000,0.520651,5.663322
16.145000,0.365631,-0.160747,0.398434,0.913792,-0.385717,0.059330,0.112633,0.073457,3.754869,1.000000,0.520510,5.648308
16.150000,0.365858,-0.160226,0.398463,0.913970,-0.385391,0.059450,0.112247,0.073456,3.752271,1.000000,0.520299,5.633290
16.155000,0.366085,-0.159706,0.398491,0.914147,-0.385064,0.059570,0.111860,0.073456,3.749674,1.000000,0.520014,5.618275
16.160000,0.366312,-0.159186,0.398520,0.914324,-0.384737,0.059690,0.111474,0.073456,3.747078,1.000000,0.519653,5.603246
16.165000,0.366537,-0.158652,0.398558,0.914505,-0.384396,0.059821,0.111093,0.073456,3.744485,1.000000,0.519156,5.587675
16.170000,0.366761,-0.158119,0.398597,0.914686,-0.384054,0.059952,0.110712,0.073456,3.741895,1.000000,0.518603,5.572108
16.175000,0.366986,-0.157586,0.398636,0.914867,-0.383712,0.060083,0.110331,0.073456,3.739308,1.000000,0.517993,5.556537
16.180000,0.367210,-0.157052,0.398674,0.915048,-0.383370,0.060213,0.109950,0.073455,3.736724,1.000000,0.517328,5.540969
16.185000,0.367435,-0.156519,0.398713,0.915228,-0.383028,0.060344,0.109569,0.073455,3.734143,1.000000,0.516610,5.525425
16.190000,0.367659,-0.155986,0.398752,0.915408,-0.382686,0.060475,0.109188,0.073455,3.731566,1.000000,0.515842,5.509906
16.195000,0.367884,-0.155452,0.398791,0.915588,-0.382343,0.060606,0.108807,0.073455,3.728993,1.000000,0.515021,5.494383
16.200000,0.368101,-0.154920,0.398834,0.915764,-0.382013,0.060736,0.108417,0.073455,3.726425,1.000000,0.514167,5.479037
16.205000,0.368319,-0.154389,0.398876,0.915939,-0.381683,0.060867,0.108027,0.073454,3.723860,1.000000,0.513258,5.463694
16.210000,0.368536,-0.153857,0.398919,0.916114,-0.381352,0.060998,0.107637,0.073454,3.721301,1.000000,0.512293,5.448335
16.215000,0.368754,-0.153325,0.398962,0.916288,-0.381021,0.061129,0.107246,0.073454,3.718746,1.000000,0.511276,5.432965
16.220000,0.368971,-0.152793,0.399005,0.916463,-0.380691,0.061259,0.106856,0.073454,3.716197,1.000000,0.510210,5.417591
16.225000,0.369189,-0.152261,0.399048,0.916637,-0.380360,0.061390,0.106466,0.073454,3.713653,1.000000,0.509097,5.402222
16.230000,0.369406,-0.151729,0.399091,0.916810,-0.380029,0.061520,0.106075,0.073454,3.711115,1.000000,0.507939,5.386855
16.235000,0.369621,-0.151183,0.399134,0.916988,-0.379693,0.061645,0.105671,0.073454,3.708583,1.000000,0.506770,5.370946
16.240000,0.369836,-0.150636,0.399177,0.917165,-0.379358,0.061769,0.105267,0.073453,3.706056,1.000000,0.505651,5.355051
16.245000,0.370051,-0.150090,0.399220,0.917341,-0.379022,0.061893,0.104863,0.073453,3.703536,1.000000,0.504547,5.339154
16.250000,0.370266,-0.149543,0.399263,0.917518,-0.378687,0.062018,0.104459,0.073453,3.701020,1.000000,0.503440,5.323259
16.255000,0.370481,-0.148997,0.399306,0.917694,-0.378351,0.062142,0.104055,0.073453,3.698511,1.000000,0.502319,5.307368
16.260000,0.370696,-0.148450,0.399349,0.917869,-0.378015,0.062266,0.103651,0.073453,3.696007,1.000000,0.501170,5.291444
16.265000,0.370910,-0.147904,0.399392,0.918045,-0.377679,0.062390,0.103247,0.073453,3.693508,1.000000,0.499994,5.275511
16.270000,0.371118,-0.147344,0.399434,0.918227,-0.377326,0.062499,0.102850,0.073452,3.691016,1.000000,0.498784,5.259201
16.275000,0.371325,-0.146785,0.399475,0.918409,-0.376973,0.062607,0.102453,0.073452,3.688530,1.000000,0.497598,5.242894
16.280000,0.371532,-0.146225,0.399517,0.918591,-0.376620,0.062715,0.102056,0.073452,3.686050,1.000000,0.496417,5.226591
16.285000,0.371740,-0.145666,0.399559,0.918772,-0.376267,0.062824,0.101659,0.073452,3.683576,1.000000,0.495232,5.210296
16.290000,0.371947,-0.145106,0.399600,0.918953,-0.375914,0.062932,0.101263,0.073452,3.681107,1.000000,0.494035,5.194005
16.295000,0.372154,-0.144547,0.399642,0.919134,-0.375560,0.063040,0.100866,0.073452,3.678645,1.000000,0.492820,5.177712
16.300000,0.372362,-0.143987,0.399683,0.919314,-0.375207,0.063149,0.100469,0.073451,3.676189,1.000000,0.491584,5.161422
16.305000,0.372548,-0.143439,0.399716,0.919493,-0.374857,0.063215,0.100095,0.073451,3.673739,1.000000,0.490381,5.146051
16.310000,0.372735,-0.142891,0.399749,0.919671,-0.374508,0.063281,0.099720,0.073451,3.671295,1.000000,0.489111,5.130708
16.315000,0.372921,-0.142342,0.399782,0.919850,-0.374158,0.063347,0.099346,0.073451,3.668857,1.000000,0.487790,5.115370
16.320000,0.373108,-0.141794,0.399815,0.920028,-0.373808,0.063413,0.098971,0.073451,3.666427,1.000000,0.486426,5.100030
16.325000,0.373294,-0.141245,0.399848,0.920206,-0.373458,0.063479,0.098597,0.073451,3.664003,1.000000,0.485027,5.084693
16.330000,0.373481,-0.140697,0.399881,0.920383,-0.373108,0.063545,0.098223,0.073450,3.661586,1.000000,0.483597,5.069358
16.335000,0.373649,-0.140151,0.399896,0.920564,-0.372756,0.063534,0.097869,0.073450,3.659176,1.000000,0.482239,5.054526
16.340000,0.373816,-0.139605,0.399912,0.920745,-0.372404,0.063523,0.097516,0.073450,3.656773,1.000000,0.480887,5.039698
16.345000,0.373984,-0.139059,0.399927,0.920925,-0.372053,0.063512,0.097162,0.073450,3.654376,1.000000,0.479530,5.024867
16.350000,0.374151,-0.138513,0.399943,0.921105,-0.371701,0.063501,0.096809,0.073450,3.651987,1.000000,0.478161,5.010040
16.355000,0.374319,-0.137967,0.399958,0.921285,-0.371349,0.063490,0.096455,0.073450,3.649604,1.000000,0.476775,4.995216
16.360000,0.374487,-0.137421,0.399973,0.921464,-0.370996,0.063479,0.096101,0.073449,3.647229,1.000000,0.475335,4.980387
16.365000,0.374654,-0.136875,0.399989,0.921644,-0.370644,0.063468,0.095748,0.073449,3.644860,1.000000,0.473825,4.965562
16.370000,0.374796,-0.136339,0.399982,0.921822,-0.370307,0.063352,0.095413,0.073449,3.642499,1.000000,0.472445,4.951741
16.375000,0.374938,-0.135803,0.399976,0.922000,-0.369969,0.063236,0.095078,0.073449,3.640145,1.000000,0.471075,4.937925
16.380000,0.375080,-0.135268,0.399970,0.922178,-0.369632,0.063120,0.094743,0.073449,3.637797,1.000000,0.469711,4.924113
16.385000,0.375222,-0.134732,0.399963,0.922355,-0.369294,0.063004,0.094408,0.073449,3.635456,1.000000,0.468345,4.910305
16.390000,0.375365,-0.134197,0.399957,0.922533,-0.368956,0.062887,0.094073,0.073449,3.633123,1.000000,0.466970,4.896501
16.395000,0.375507,-0.133661,0.399951,0.922710,-0.368618,0.062771,0.093738,0.073448,3.630796,1.000000,0.465578,4.882696
16.400000,0.375649,-0.133125,0.399944,0.922887,-0.368280,0.062655,0.093403,0.073448,3.628476,1.000000,0.464163,4.868896
16.405000,0.375766,-0.132597,0.399920,0.923062,-0.367959,0.062448,0.093078,0.073448,3.626162,1.000000,0.462874,4.855948
16.410000,0.375883,-0.132068,0.399896,0.923236,-0.367638,0.062241,0.092754,0.073448,3.623855,1.000000,0.461595,4.843032
16.415000,0.376000,-0.131539,0.399872,0.923411,-0.367316,0.062034,0.092430,0.073448,3.621555,1.000000,0.460308,4.830122
16.420000,0.376117,-0.131010,0.399848,0.923585,-0.366995,0.061827,0.092106,0.073448,3.619260,1.000000,0.459000,4.817213
16.425000,0.376234,-0.130481,0.399823,0.923759,-0.366673,0.061619,0.091781,0.073447,3.616973,1.000000,0.457664,4.804310
16.430000,0.376351,-0.129953,0.399799,0.923932,-0.366352,0.061412,0.091457,0.073447,3.614692,1.000000,0.456294,4.791401
16.435000,0.376468,-0.129424,0.399775,0.924106,-0.366030,0.061205,0.091132,0.073447,3.612418,1.000000,0.454887,4.778478
16.440000,0.376576,-0.128899,0.399745,0.924280,-0.365702,0.060987,0.090822,0.073447,3.610152,1.000000,0.453453,4.765941
16.445000,0.376683,-0.128374,0.399715,0.924455,-0.365374,0.060768,0.090511,0.073447,3.607892,1.000000,0.451961,4.753405
16.450000,0.376791,-0.127849,0.399686,0.924629,-0.365046,0.060549,0.090200,0.073447,3.605641,1.000000,0.450421,4.740876
16.455000,0.376898,-0.127324,0.399656,0.924803,-0.364718,0.060330,0.089890,0.073446,3.603397,1.000000,0.448838,4.728349
16.460000,0.377006,-0.126798,0.399626,0.924977,-0.364389,0.060111,0.089579,0.073446,3.601161,1.000000,0.447213,4.715822
16.465000,0.377113,-0.126273,0.399596,0.925151,-0.364061,0.059893,0.089268,0.073446,3.598933,1.000000,0.445551,4.703302
16.470000,0.377221,-0.125748,0.399566,0.925324,-0.363733,0.059674,0.088958,0.073446,3.596714,1.000000,0.443854,4.690783
16.475000,0.377329,-0.125237,0.399543,0.925494,-0.363399,0.059506,0.088660,0.073446,3.594503,1.000000,0.442065,4.678832
16.480000,0.377438,-0.124726,0.399519,0.925664,-0.363065,0.059339,0.088362,0.073446,3.592302,1.000000,0.440139,4.666892
16.485000,0.377546,-0.124214,0.399495,0.925834,-0.362731,0.059171,0.088064,0.073445,3.590111,1.000000,0.438116,4.654964
16.490000,0.377654,-0.123703,0.399472,0.926004,-0.362397,0.059003,0.087766,0.073445,3.587930,1.000000,0.436024,4.643037
16.495000,0.377762,-0.123192,0.399448,0.926174,-0.362063,0.058836,0.087468,0.073445,3.585759,1.000000,0.433882,4.631117
16.500000,0.377870,-0.122680,0.399424,0.926343,-0.361729,0.058668,0.087170,0.073445,3.583600,1.000000,0.431702,4.619204
16.505000,0.377976,-0.122178,0.399406,0.926509,-0.361396,0.058526,0.086879,0.073445,3.581451,1.000000,0.429468,4.607702
16.510000,0.378081,-0.121676,0.399387,0.926675,-0.361063,0.058384,0.086587,0.073445,3.579314,1.000000,0.427146,4.596197
16.515000,0.378186,-0.121173,0.399369,0.926841,-0.360730,0.058242,0.086296,0.073444,3.577189,1.000000,0.424766,4.584694
16.520000,0.378292,-0.120671,0.399350,0.927007,-0.360396,0.058100,0.086005,0.073444,3.575075,1.000000,0.422348,4.573197
16.525000,0.378397,-0.120169,0.399331,0.927172,-0.360063,0.057959,0.085714,0.073444,3.572974,1.000000,0.419905,4.561706
16.530000,0.378502,-0.119666,0.399313,0.927338,-0.359729,0.057817,0.085422,0.073444,3.570885,1.000000,0.417446,4.550211
16.535000,0.378607,-0.119164,0.399294,0.927503,-0.359396,0.057675,0.085131,0.073444,3.568808,1.000000,0.414978,4.538716
16.540000,0.378698,-0.118670,0.399277,0.927671,-0.359048,0.057513,0.084877,0.073444,3.566744,1.000000,0.412476,4.527877
16.545000,0.378790,-0.118176,0.399260,0.927839,-0.358700,0.057351,0.084623,0.073443,3.564692,1.000000,0.409902,4.517045
16.550000,0.378881,-0.117681,0.399242,0.928006,-0.358352,0.057189,0.084368,0.073443,3.562654,1.000000,0.407289,4.506220
16.555000,0.378972,-0.117187,0.399225,0.928174,-0.358004,0.057027,0.084114,0.073443,3.560628,1.000000,0.404663,4.495430
16.560000,0.379063,-0.116693,0.399208,0.928341,-0.357655,0.056865,0.083860,0.073443,3.558616,1.000000,0.402033,4.484657
16.565000,0.379154,-0.116199,0.399191,0.928508,-0.357307,0.056703,0.083606,0.073443,3.556616,1.000000,0.399406,4.473885
16.570000,0.379245,-0.115704,0.399173,0.928675,-0.356958,0.056542,0.083352,0.073443,3.554630,1.000000,0.396790,4.463121
16.575000,0.379318,-0.115222,0.399157,0.928844,-0.356598,0.056348,0.083141,0.073442,3.552657,1.000000,0.394166,4.453250
16.580000,0.379390,-0.114739,0.399140,0.929012,-0.356238,0.056155,0.082931,0.073442,3.550697,1.000000,0.391472,4.443359
16.585000,0.379463,-0.114256,0.399123,0.929181,-0.355877,0.055962,0.082720,0.073442,3.548751,1.000000,0.388747,4.433473
16.590000,0.379535,-0.113773,0.399107,0.929349,-0.355517,0.055769,0.082509,0.073442,3.546818,1.000000,0.386013,4.423590
16.595000,0.379607,-0.113290,0.399090,0.929517,-0.355156,0.055576,0.082298,0.073442,3.544899,1.000000,0.383286,4.413715
16.600000,0.379680,-0.112807,0.399074,0.929685,-0.354796,0.055383,0.082088,0.073442,3.542993,1.000000,0.380574,4.403848
16.605000,0.379752,-0.112325,0.399057,0.929853,-0.354435,0.055189,0.081877,0.073442,3.541101,1.000000,0.377885,4.393997
16.610000,0.379813,-0.111843,0.399044,0.930021,-0.354069,0.055007,0.081679,0.073441,3.539223,1.000000,0.375206,4.384469
16.615000,0.379874,-0.111362,0.399030,0.930188,-0.353702,0.054824,0.081481,0.073441,3.537357,1.000000,0.372539,4.374945
16.620000,0.379935,-0.110881,0.399017,0.930355,-0.353336,0.054642,0.081283,0.073441,3.535505,1.000000,0.369901,4.365429
16.625000,0.379996,-0.110399,0.399004,0.930523,-0.352969,0.054459,0.081085,0.073441,3.533666,1.000000,0.367296,4.355922
16.630000,0.380057,-0.109918,0.398990,0.930689,-0.352603,0.054277,0.080887,0.073441,3.531840,1.000000,0.364723,4.346417
16.635000,0.380118,-0.109437,0.398977,0.930856,-0.352236,0.054094,0.080689,0.073441,3.530027,1.000000,0.362183,4.336922
16.640000,0.380179,-0.108956,0.398963,0.931023,-0.351869,0.053912,0.080490,0.073440,3.528227,1.000000,0.359671,4.327431
16.645000,0.380234,-0.108469,0.398953,0.931186,-0.351504,0.053782,0.080275,0.073440,3.526438,1.000000,0.357162,4.317863
16.650000,0.380288,-0.107982,0.398943,0.931350,-0.351139,0.053652,0.080060,0.073440,3.524663,1.000000,0.354678,4.308294
16.655000,0.380343,-0.107495,0.398932,0.931513,-0.350775,0.053523,0.079845,0.073440,3.522900,1.000000,0.352223,4.298725
16.660000,0.380398,-0.107008,0.398922,0.931677,-0.350409,0.053393,0.079630,0.073440,3.521149,1.000000,0.349799,4.289161
16.665000,0.380452,-0.106522,0.398912,0.931840,-0.350044,0.053263,0.079415,0.073440,3.519409,1.000000,0.347408,4.279608
16.670000,0.380507,-0.106035,0.398901,0.932002,-0.349679,0.053134,0.079200,0.073439,3.517682,1.000000,0.345053,4.270065
16.675000,0.380550,-0.105542,0.398884,0.932160,-0.349327,0.053048,0.078956,0.073439,3.515967,1.000000,0.342761,4.260619
16.680000,0.380593,-0.105050,0.398868,0.932317,-0.348975,0.052962,0.078712,0.073439,3.514262,1.000000,0.340540,4.251188
16.685000,0.380636,-0.104558,0.398851,0.932474,-0.348623,0.052876,0.078468,0.073439,3.512569,1.000000,0.338375,4.241765
16.690000,0.380680,-0.104065,0.398834,0.932631,-0.348271,0.052790,0.078224,0.073439,3.510886,1.000000,0.336258,4.232354
16.695000,0.380723,-0.103573,0.398817,0.932788,-0.347919,0.052705,0.077981,0.073439,3.509214,1.000000,0.334185,4.222965
16.700000,0.380766,-0.103080,0.398800,0.932945,-0.347567,0.052619,0.077737,0.073438,3.507552,1.000000,0.332150,4.213600
16.705000,0.380809,-0.102588,0.398784,0.933101,-0.347214,0.052533,0.077493,0.073438,3.505900,1.000000,0.330151,4.204242
16.710000,0.380831,-0.102080,0.398745,0.933265,-0.346838,0.052447,0.077260,0.073438,3.504258,1.000000,0.328199,4.194939
16.715000,0.380853,-0.101572,0.398706,0.933429,-0.346461,0.052362,0.077027,0.073438,3.502625,1.000000,0.326356,4.185651
16.720000,0.380875,-0.101064,0.398667,0.933593,-0.346084,0.052276,0.076793,0.073438,3.501001,1.000000,0.324588,4.176363
16.725000,0.380897,-0.100556,0.398628,0.933756,-0.345707,0.052190,0.076560,0.073438,3.499386,1.000000,0.322878,4.167089
16.730000,0.380918,-0.100048,0.398589,0.933920,-0.345331,0.052105,0.076327,0.073437,3.497780,1.000000,0.321213,4.157835
16.735000,0.380940,-0.099541,0.398550,0.934083,-0.344954,0.052019,0.076094,0.073437,3.496182,1.000000,0.319581,4.148601
16.740000,0.380962,-0.099033,0.398511,0.934246,-0.344577,0.051933,0.075861,0.073437,3.494591,1.000000,0.317977,4.139392
16.745000,0.380958,-0.098498,0.398443,0.934423,-0.344165,0.051798,0.075643,0.073437,3.493009,1.000000,0.316432,4.129962
16.750000,0.380953,-0.097963,0.398375,0.934477,-0.344066,0.051763,0.075444,0.073437,3.491433,1.000000,0.315243,4.120381
16.755000,0.380948,-0.097428,0.398306,0.934492,-0.344067,0.051759,0.075253,0.073436,3.489863,1.000000,0.314105,4.110779
16.760000,0.380944,-0.096893,0.398238,0.934507,-0.344069,0.051757,0.075065,0.073436,3.488298,1.000000,0.312917,4.101227
16.765000,0.380939,-0.096359,0.398170,0.934521,-0.344071,0.051755,0.074879,0.073436,3.486740,1.000000,0.311682,4.091703
16.770000,0.380934,-0.095824,0.398101,0.934535,-0.344073,0.051754,0.074696,0.073436,3.485187,1.000000,0.310409,4.082210
16.775000,0.380930,-0.095289,0.398033,0.934548,-0.344076,0.051754,0.074515,0.073436,3.483642,1.000000,0.309100,4.072772
16.780000,0.380905,-0.094730,0.397939,0.934558,-0.344096,0.051697,0.074346,0.073436,3.482103,1.000000,0.307841,4.063092
16.785000,0.380879,-0.094171,0.397844,0.934567,-0.344116,0.051639,0.074180,0.073435,3.480569,1.000000,0.306694,4.053451
16.790000,0.380854,-0.093612,0.397749,0.934575,-0.344137,0.051581,0.074017,0.073435,3.479042,1.000000,0.305608,4.043793
16.795000,0.380828,-0.093053,0.397654,0.934583,-0.344159,0.051524,0.073857,0.073435,3.477519,1.000000,0.304552,4.034061
16.800000,0.380802,-0.092494,0.397560,0.934591,-0.344180,0.051466,0.073699,0.073435,3.476002,1.000000,0.303498,4.024370
16.805000,0.380777,-0.091936,0.397465,0.934598,-0.344203,0.051409,0.073545,0.073435,3.474491,1.000000,0.302432,4.014719
16.810000,0.380751,-0.091377,0.397370,0.934604,-0.344225,0.051353,0.073394,0.073434,3.472984,1.000000,0.301345,4.005110
16.815000,0.380718,-0.090787,0.397268,0.934609,-0.344255,0.051273,0.073244,0.073434,3.471484,1.000000,0.300235,3.994546
16.820000,0.380685,-0.090196,0.397166,0.934614,-0.344286,0.051193,0.073097,0.073434,3.469988,1.000000,0.299212,3.984016
16.825000,0.380652,-0.089606,0.397064,0.934618,-0.344317,0.051114,0.072953,0.073434,3.468498,1.000000,0.298232,3.973535
16.830000,0.380619,-0.089016,0.396962,0.934622,-0.344348,0.051036,0.072813,0.073434,3.467013,1.000000,0.297268,3.963106
16.835000,0.380586,-0.088426,0.396861,0.934625,-0.344380,0.050958,0.072676,0.073433,3.465532,1.000000,0.296506,3.952730
16.840000,0.380553,-0.087836,0.396759,0.934628,-0.344411,0.050881,0.072542,0.073433,3.464053,1.000000,0.296193,3.942421
16.845000,0.380522,-0.087215,0.396664,0.934634,-0.344434,0.050854,0.072373,0.073433,3.462575,1.000000,0.296139,3.930887
16.850000,0.380492,-0.086594,0.396569,0.934640,-0.344456,0.050830,0.072207,0.073433,3.461097,1.000000,0.296389,3.919409
16.855000,0.380462,-0.085973,0.396475,0.934646,-0.344478,0.050810,0.072044,0.073433,3.459617,1.000000,0.296847,3.907993
16.860000,0.380431,-0.085352,0.396380,0.934651,-0.344499,0.050794,0.071886,0.073433,3.458134,1.000000,0.297448,3.896639
16.865000,0.380401,-0.084731,0.396286,0.934656,-0.344520,0.050782,0.071732,0.073432,3.456648,1.000000,0.298142,3.885337
16.870000,0.380371,-0.084110,0.396191,0.934661,-0.344539,0.050774,0.071581,0.073432,3.455159,1.000000,0.298898,3.874097
16.875000,0.380340,-0.083489,0.396096,0.934666,-0.344557,0.050771,0.071435,0.073432,3.453665,1.000000,0.299691,3.862918
16.880000,0.380315,-0.082844,0.395998,0.934676,-0.344560,0.050841,0.071237,0.073432,3.452168,1.000000,0.300456,3.850827
16.885000,0.380290,-0.082199,0.395900,0.934686,-0.344561,0.050917,0.071042,0.073432,3.450666,1.000000,0.301305,3.838806
16.890000,0.380264,-0.081555,0.395802,0.934697,-0.344560,0.050999,0.070849,0.073432,3.449161,1.000000,0.302206,3.826848
16.895000,0.380239,-0.080910,0.395704,0.934708,-0.344555,0.051086,0.070659,0.073431,3.447651,1.000000,0.303135,3.814963
16.900000,0.380214,-0.080265,0.395606,0.934720,-0.344548,0.051179,0.070471,0.073431,3.446136,1.000000,0.304073,3.803146
16.905000,0.380188,-0.079620,0.395508,0.934732,-0.344538,0.051277,0.070285,0.073431,3.444616,1.000000,0.305009,3.791403
16.910000,0.380163,-0.078975,0.395409,0.934745,-0.344525,0.051380,0.070101,0.073431,3.443092,1.000000,0.305930,3.779729
16.915000,0.380152,-0.078303,0.395315,0.934763,-0.344500,0.051535,0.069873,0.073431,3.441564,1.000000,0.306764,3.766727
16.920000,0.380140,-0.077632,0.395221,0.934782,-0.344470,0.051695,0.069645,0.073431,3.440032,1.000000,0.307645,3.753799
16.925000,0.380129,-0.076960,0.395126,0.934802,-0.344436,0.051861,0.069418,0.073430,3.438495,1.000000,0.308548,3.740950
16.930000,0.380118,-0.076288,0.395032,0.934824,-0.344398,0.052033,0.069192,0.073430,3.436953,1.000000,0.309451,3.728180
16.935000,0.380106,-0.075616,0.394937,0.934846,-0.344355,0.052209,0.068966,0.073430,3.435408,1.000000,0.310341,3.715491
16.940000,0.380095,-0.074944,0.394843,0.934870,-0.344308,0.052390,0.068740,0.073430,3.433857,1.000000,0.311205,3.702882
16.945000,0.380084,-0.074272,0.394748,0.934895,-0.344256,0.052575,0.068514,0.073430,3.432303,1.000000,0.312035,3.690351
16.950000,0.380091,-0.073576,0.394673,0.934927,-0.344183,0.052802,0.068275,0.073430,3.430745,1.000000,0.312703,3.676404
16.955000,0.380097,-0.072881,0.394598,0.934961,-0.344104,0.053033,0.068035,0.073429,3.429185,1.000000,0.313330,3.662539
16.960000,0.380104,-0.072186,0.394523,0.934996,-0.344020,0.053268,0.067794,0.073429,3.427621,1.000000,0.313910,3.648717
16.965000,0.380111,-0.071490,0.394448,0.935033,-0.343930,0.053508,0.067553,0.073429,3.426054,1.000000,0.314442,3.634977
16.970000,0.380118,-0.070795,0.394373,0.935071,-0.343835,0.053751,0.067310,0.073429,3.424485,1.000000,0.314925,3.621317
16.975000,0.380124,-0.070099,0.394298,0.935111,-0.343734,0.053997,0.067065,0.073429,3.422914,1.000000,0.315353,3.607741
16.980000,0.380131,-0.069404,0.394222,0.935153,-0.343628,0.054247,0.066819,0.073429,3.421341,1.000000,0.315725,3.594253
16.985000,0.380141,-0.068687,0.394155,0.935202,-0.343497,0.054524,0.066586,0.073428,3.419767,1.000000,0.315919,3.580029
16.990000,0.380150,-0.067971,0.394087,0.935253,-0.343359,0.054804,0.066351,0.073428,3.418192,1.000000,0.316041,3.565896
16.995000,0.380159,-0.067254,0.394019,0.935306,-0.343216,0.055087,0.066114,0.073428,3.416617,1.000000,0.316089,3.551852
17.000000,0.380169,-0.066538,0.393951,0.935361,-0.343067,0.055373,0.065875,0.073428,3.415041,1.000000,0.316065,3.537902
17.005000,0.380178,-0.065821,0.393883,0.935417,-0.342912,0.055661,0.065634,0.073428,3.413467,1.000000,0.315966,3.524033
17.010000,0.380187,-0.065105,0.393816,0.935475,-0.342752,0.055952,0.065391,0.073428,3.411893,1.000000,0.315790,3.510252
17.015000,0.380186,-0.064375,0.393734,0.935535,-0.342586,0.056242,0.065154,0.073427,3.410320,1.000000,0.315511,3.496609
17.020000,0.380184,-0.063645,0.393652,0.935597,-0.342415,0.056534,0.064915,0.073427,3.408749,1.000000,0.315190,3.483073
17.025000,0.380183,-0.062916,0.393570,0.935661,-0.342238,0.056829,0.064673,0.073427,3.407180,1.000000,0.314808,3.469645
17.030000,0.380181,-0.062186,0.393488,0.935726,-0.342055,0.057124,0.064429,0.073427,3.405613,1.000000,0.314350,3.456310
17.035000,0.380179,-0.061456,0.393407,0.935793,-0.341868,0.057422,0.064183,0.073427,3.404048,1.000000,0.313809,3.443084
17.040000,0.380178,-0.060727,0.393325,0.935862,-0.341675,0.057721,0.063934,0.073427,3.402487,1.000000,0.313175,3.429965
17.045000,0.380176,-0.059997,0.393243,0.935933,-0.341478,0.058021,0.063683,0.073426,3.400929,1.000000,0.312443,3.416959
17.050000,0.380164,-0.059267,0.393151,0.936004,-0.341278,0.058316,0.063438,0.073426,3.399375,1.000000,0.311616,3.404469
17.055000,0.380153,-0.058536,0.393059,0.936077,-0.341074,0.058612,0.063191,0.073426,3.397826,1.000000,0.310663,3.392085
17.060000,0.380141,-0.057806,0.392967,0.936151,-0.340865,0.058908,0.062941,0.073426,3.396282,1.000000,0.309577,3.379822
17.065000,0.380129,-0.057076,0.392874,0.936227,-0.340651,0.059206,0.062689,0.073426,3.394743,1.000000,0.308383,3.367678
17.070000,0.380118,-0.056346,0.392782,0.936305,-0.340433,0.059504,0.062434,0.073426,3.393211,1.000000,0.307076,3.355657
17.075000,0.380106,-0.055615,0.392690,0.936383,-0.340212,0.059803,0.062178,0.073426,3.391686,1.000000,0.305656,3.343743
17.080000,0.380095,-0.054885,0.392598,0.936462,-0.339988,0.060102,0.061920,0.073425,3.390169,1.000000,0.304107,3.331941
17.085000,0.380081,-0.054172,0.392507,0.936540,-0.339770,0.060392,0.061665,0.073425,3.388659,1.000000,0.302492,3.320803
17.090000,0.380068,-0.053459,0.392417,0.936618,-0.339550,0.060682,0.061408,0.073425,3.387158,1.000000,0.300690,3.309785
17.095000,0.380055,-0.052746,0.392327,0.936696,-0.339328,0.060972,0.061151,0.073425,3.385667,1.000000,0.298707,3.298887
17.100000,0.380042,-0.052033,0.392237,0.936775,-0.339104,0.061263,0.060892,0.073425,3.384186,1.000000,0.296551,3.288123
17.105000,0.380028,-0.051320,0.392146,0.936854,-0.338879,0.061553,0.060633,0.073425,3.382717,1.000000,0.294221,3.277483
17.110000,0.380015,-0.050607,0.392056,0.936934,-0.338652,0.061844,0.060373,0.073424,3.381259,1.000000,0.291719,3.266963
17.115000,0.380002,-0.049895,0.391966,0.937014,-0.338424,0.062135,0.060111,0.073424,3.379815,1.000000,0.289047,3.256567
17.120000,0.379991,-0.049201,0.391874,0.937087,-0.338223,0.062402,0.059829,0.073424,3.378384,1.000000,0.286351,3.246753
17.125000,0.379980,-0.048508,0.391781,0.937160,-0.338021,0.062669,0.059546,0.073424,3.376967,1.000000,0.283501,3.237038
17.130000,0.379969,-0.047815,0.391689,0.937233,-0.337818,0.062936,0.059262,0.073424,3.375564,1.000000,0.280495,3.227439
17.135000,0.379958,-0.047121,0.391597,0.937307,-0.337614,0.063202,0.058976,0.073424,3.374178,1.000000,0.277337,3.217954
17.140000,0.379946,-0.046428,0.391505,0.937380,-0.337410,0.063469,0.058688,0.073423,3.372807,1.000000,0.274028,3.208588
17.145000,0.379935,-0.045735,0.391412,0.937454,-0.337205,0.063735,0.058399,0.073423,3.371454,1.000000,0.270572,3.199317
17.150000,0.379924,-0.045041,0.391320,0.937528,-0.336999,0.064000,0.058109,0.073423,3.370118,1.000000,0.266973,3.190147
17.155000,0.379911,-0.044369,0.391211,0.937594,-0.336820,0.064237,0.057819,0.073423,3.368800,1.000000,0.263390,3.181929
17.160000,0.379898,-0.043697,0.391102,0.937660,-0.336641,0.064474,0.057528,0.073423,3.367500,1.000000,0.259667,3.173827
17.165000,0.379884,-0.043025,0.390993,0.937726,-0.336462,0.064710,0.057235,0.073423,3.366219,1.000000,0.255807,3.165842
17.170000,0.379871,-0.042353,0.390884,0.937792,-0.336282,0.064945,0.056941,0.073422,3.364958,1.000000,0.251820,3.157980
17.175000,0.379858,-0.041681,0.390775,0.937858,-0.336102,0.065180,0.056644,0.073422,3.363645,1.000000,0.270468,3.150237
17.180000,0.379845,-0.041009,0.390666,0.937922,-0.335916,0.065431,0.056404,0.073422,3.362269,1.000000,0.279162,3.142671
17.185000,0.379826,-0.040360,0.390537,0.937982,-0.335733,0.065665,0.056222,0.073422,3.360870,1.000000,0.281766,3.136310
17.190000,0.379807,-0.039711,0.390408,0.938043,-0.335546,0.065900,0.056054,0.073422,3.359469,1.000000,0.280531,3.130064
17.195000,0.379789,-0.039062,0.390280,0.938104,-0.335356,0.066136,0.055893,0.073422,3.358082,1.000000,0.277077,3.123893
17.200000,0.379770,-0.038413,0.390151,0.938165,-0.335165,0.066372,0.055736,0.073422,3.356716,1.000000,0.272432,3.117844
17.205000,0.379751,-0.037765,0.390023,0.938225,-0.334974,0.066607,0.055580,0.073421,3.355375,1.000000,0.267219,3.111912
17.210000,0.379733,-0.037116,0.389894,0.938286,-0.334783,0.066843,0.055422,0.073421,3.354061,1.000000,0.261801,3.106099
17.215000,0.379714,-0.036467,0.389765,0.938347,-0.334592,0.067079,0.055264,0.073421,3.352773,1.000000,0.256388,3.100411
17.220000,0.379697,-0.035847,0.389639,0.938407,-0.334401,0.067303,0.055126,0.073421,3.351512,1.000000,0.251196,3.095442
17.225000,0.379681,-0.035227,0.389514,0.938467,-0.334211,0.067527,0.054986,0.073421,3.350277,1.000000,0.246018,3.090575
17.230000,0.379664,-0.034607,0.389388,0.938527,-0.334020,0.067751,0.054845,0.073421,3.349067,1.000000,0.240892,3.085815
17.235000,0.379647,-0.033987,0.389262,0.938587,-0.333829,0.067976,0.054703,0.073420,3.347883,1.000000,0.235829,3.081162
17.240000,0.379630,-0.033367,0.389136,0.938647,-0.333637,0.068200,0.054559,0.073420,3.346724,1.000000,0.230832,3.076583
17.245000,0.379614,-0.032747,0.389010,0.938708,-0.333444,0.068425,0.054415,0.073420,3.345590,1.000000,0.225899,3.072110
17.250000,0.379597,-0.032127,0.388884,0.938768,-0.333251,0.068650,0.054270,0.073420,3.344480,1.000000,0.221024,3.067744
17.255000,0.379592,-0.031544,0.388786,0.938829,-0.333055,0.068874,0.054131,0.073420,3.343394,1.000000,0.216346,3.063427
17.260000,0.379587,-0.030961,0.388689,0.938891,-0.332859,0.069098,0.053992,0.073420,3.342330,1.000000,0.211634,3.059198
17.265000,0.379583,-0.030378,0.388591,0.938952,-0.332662,0.069321,0.053852,0.073419,3.341291,1.000000,0.206918,3.055058
17.270000,0.379578,-0.029794,0.388494,0.939013,-0.332464,0.069545,0.053711,0.073419,3.340275,1.000000,0.202214,3.050999
17.275000,0.379573,-0.029211,0.388396,0.939075,-0.332266,0.069769,0.053571,0.073419,3.339282,1.000000,0.197535,3.047027
17.280000,0.379568,-0.028628,0.388299,0.939137,-0.332067,0.069993,0.053430,0.073419,3.338313,1.000000,0.192890,3.043140
17.285000,0.379563,-0.028045,0.388201,0.939198,-0.331868,0.070217,0.053290,0.073419,3.337367,1.000000,0.188281,3.039300
17.290000,0.379570,-0.027501,0.388139,0.939261,-0.331664,0.070443,0.053156,0.073419,3.336443,1.000000,0.183858,3.035359
17.295000,0.379577,-0.026958,0.388076,0.939324,-0.331458,0.070669,0.053022,0.073418,3.335541,1.000000,0.179389,3.031478
17.300000,0.379584,-0.026415,0.388014,0.939387,-0.331253,0.070894,0.052888,0.073418,3.334661,1.000000,0.174912,3.027660
17.305000,0.379591,-0.025871,0.387951,0.939450,-0.331048,0.071120,0.052754,0.073418,3.333804,1.000000,0.170453,3.023904
17.310000,0.379598,-0.025328,0.387889,0.939513,-0.330842,0.071346,0.052620,0.073418,3.332968,1.000000,0.166030,3.020166
17.315000,0.379605,-0.024784,0.387827,0.939576,-0.330637,0.071571,0.052486,0.073418,3.332155,1.000000,0.161656,3.016492
17.320000,0.379611,-0.024241,0.387764,0.939638,-0.330431,0.071797,0.052352,0.073418,3.331364,1.000000,0.157343,3.012878
17.325000,0.379627,-0.023749,0.387732,0.939699,-0.330230,0.072015,0.052227,0.073418,3.330592,1.000000,0.153299,3.009503
17.330000,0.379642,-0.023256,0.387700,0.939760,-0.330028,0.072233,0.052102,0.073417,3.329841,1.000000,0.149224,3.006161
17.335000,0.379657,-0.022764,0.387668,0.939821,-0.329827,0.072451,0.051976,0.073417,3.329110,1.000000,0.145153,3.002850
17.340000,0.379672,-0.022272,0.387636,0.939881,-0.329626,0.072669,0.051851,0.073417,3.328399,1.000000,0.141108,2.999576
17.345000,0.379687,-0.021779,0.387603,0.939942,-0.329426,0.072887,0.051726,0.073417,3.327709,1.000000,0.137107,2.996344
17.350000,0.379702,-0.021287,0.387571,0.940002,-0.329226,0.073105,0.051600,0.073417,3.327038,1.000000,0.133162,2.993154
17.355000,0.379724,-0.020847,0.387563,0.940062,-0.329025,0.073314,0.051494,0.073417,3.326386,1.000000,0.129470,2.990285
17.360000,0.379746,-0.020407,0.387555,0.940121,-0.328825,0.073523,0.051388,0.073416,3.325752,1.000000,0.125735,2.987431
17.365000,0.379768,-0.019967,0.387546,0.940180,-0.328626,0.073732,0.051282,0.073416,3.325137,1.000000,0.121997,2.984598
17.370000,0.379789,-0.019526,0.387538,0.940239,-0.328426,0.073942,0.051175,0.073416,3.324540,1.000000,0.118283,2.981790
17.375000,0.379811,-0.019086,0.387530,0.940298,-0.328228,0.074151,0.051069,0.073416,3.323962,1.000000,0.114613,2.978997
17.380000,0.379833,-0.018646,0.387521,0.940356,-0.328029,0.074360,0.050962,0.073416,3.323402,1.000000,0.110999,2.976174
17.385000,0.379854,-0.018206,0.387513,0.940415,-0.327832,0.074569,0.050855,0.073416,3.322860,1.000000,0.107453,2.973377
17.390000,0.379876,-0.017805,0.387514,0.940474,-0.327627,0.074770,0.050778,0.073415,3.322334,1.000000,0.104101,2.971178
17.395000,0.379897,-0.017404,0.387514,0.940533,-0.327423,0.074972,0.050701,0.073415,3.321826,1.000000,0.100729,2.968994
17.400000,0.379919,-0.017004,0.387515,0.940592,-0.327219,0.075173,0.050624,0.073415,3.321334,1.000000,0.097370,2.966822
17.405000,0.379940,-0.016603,0.387515,0.940651,-0.327016,0.075374,0.050547,0.073415,3.320859,1.000000,0.094048,2.964662
17.410000,0.379962,-0.016202,0.387516,0.940710,-0.326813,0.075576,0.050470,0.073415,3.320400,1.000000,0.090775,2.962514
17.415000,0.379983,-0.015801,0.387517,0.940768,-0.326610,0.075777,0.050392,0.073415,3.319957,1.000000,0.087564,2.960382
17.420000,0.380005,-0.015400,0.387517,0.940826,-0.326408,0.075979,0.050315,0.073414,3.319530,1.000000,0.084425,2.958265
17.425000,0.380022,-0.015040,0.387516,0.940883,-0.326209,0.076164,0.050265,0.073414,3.319118,1.000000,0.081495,2.957033
17.430000,0.380039,-0.014679,0.387515,0.940939,-0.326011,0.076349,0.050216,0.073414,3.318721,1.000000,0.078560,2.955805
17.435000,0.380055,-0.014318,0.387515,0.940995,-0.325813,0.076535,0.050166,0.073414,3.318338,1.000000,0.075644,2.954583
17.440000,0.380072,-0.013957,0.387514,0.941051,-0.325616,0.076720,0.050117,0.073414,3.317969,1.000000,0.072761,2.953370
17.445000,0.380089,-0.013596,0.387513,0.941106,-0.325419,0.076905,0.050067,0.073414,3.317615,1.000000,0.069926,2.952152
17.450000,0.380106,-0.013235,0.387512,0.941162,-0.325222,0.077091,0.050017,0.073414,3.317275,1.000000,0.067142,2.950881
17.455000,0.380122,-0.012875,0.387511,0.941217,-0.325026,0.077276,0.049967,0.073413,3.316949,1.000000,0.064424,2.949618
17.460000,0.380136,-0.012560,0.387511,0.941272,-0.324831,0.077446,0.049949,0.073413,3.316635,1.000000,0.061898,2.949255
17.465000,0.380149,-0.012245,0.387511,0.941326,-0.324636,0.077616,0.049931,0.073413,3.316333,1.000000,0.059345,2.948895
17.470000,0.380162,-0.011930,0.387511,0.941380,-0.324442,0.077785,0.049912,0.073413,3.316045,1.000000,0.056797,2.948528
17.475000,0.380175,-0.011615,0.387511,0.941434,-0.324247,0.077955,0.049894,0.073413,3.315769,1.000000,0.054273,2.948152
17.480000,0.380188,-0.011300,0.387511,0.941487,-0.324053,0.078125,0.049875,0.073413,3.315506,1.000000,0.051785,2.947777
17.485000,0.380201,-0.010985,0.387511,0.941541,-0.323859,0.078295,0.049856,0.073412,3.315255,1.000000,0.049342,2.947405
17.490000,0.380214,-0.010670,0.387511,0.941595,-0.323665,0.078465,0.049837,0.073412,3.315016,1.000000,0.046954,2.947037
17.495000,0.380225,-0.010387,0.387512,0.941647,-0.323472,0.078624,0.049840,0.073412,3.314788,1.000000,0.044692,2.947221
17.500000,0.380235,-0.010104,0.387513,0.941700,-0.323280,0.078784,0.049843,0.073412,3.314572,1.000000,0.042425,2.947391
17.505000,0.380245,-0.009821,0.387514,0.941753,-0.323087,0.078943,0.049845,0.073412,3.314367,1.000000,0.040173,2.947559
17.510000,0.380256,-0.009538,0.387515,0.941805,-0.322895,0.079102,0.049848,0.073412,3.314173,1.000000,0.037952,2.947729
17.515000,0.380266,-0.009255,0.387516,0.941857,-0.322703,0.079262,0.049850,0.073412,3.313990,1.000000,0.035773,2.947899
17.520000,0.380276,-0.008972,0.387517,0.941910,-0.322511,0.079422,0.049852,0.073411,3.313818,1.000000,0.033649,2.948049
17.525000,0.380284,-0.008719,0.387517,0.941959,-0.322331,0.079566,0.049863,0.073411,3.313655,1.000000,0.031734,2.948754
17.530000,0.380293,-0.008465,0.387517,0.942007,-0.322151,0.079711,0.049874,0.073411,3.313502,1.000000,0.030116,2.949456
17.535000,0.380301,-0.008211,0.387517,0.942056,-0.321971,0.079855,0.049885,0.073411,3.313355,1.000000,0.028708,2.950160
17.540000,0.380309,-0.007957,0.387517,0.942105,-0.321790,0.079999,0.049896,0.073411,3.313216,1.000000,0.027427,2.950843
17.545000,0.380317,-0.007704,0.387517,0.942154,-0.321609,0.080144,0.049908,0.073411,3.313082,1.000000,0.026226,2.951491
17.550000,0.380325,-0.007450,0.387518,0.942203,-0.321427,0.080288,0.049919,0.073410,3.312955,1.000000,0.025079,2.952138
17.555000,0.380333,-0.007196,0.387518,0.942253,-0.321244,0.080431,0.049930,0.073410,3.312832,1.000000,0.023973,2.952786
17.560000,0.380340,-0.006978,0.387518,0.942298,-0.321076,0.080557,0.049950,0.073410,3.312715,1.000000,0.023016,2.954038
17.565000,0.380347,-0.006759,0.387518,0.942343,-0.320908,0.080683,0.049970,0.073410,3.312603,1.000000,0.022068,2.955243
17.570000,0.380353,-0.006541,0.387518,0.942389,-0.320740,0.080809,0.049990,0.073410,3.312495,1.000000,0.021125,2.956426
17.575000,0.380360,-0.006323,0.387518,0.942435,-0.320570,0.080934,0.050010,0.073410,3.312392,1.000000,0.020188,2.957608
17.580000,0.380366,-0.006105,0.387518,0.942481,-0.320400,0.081060,0.050030,0.073410,3.312294,1.000000,0.019260,2.958792
17.585000,0.380373,-0.005886,0.387518,0.942527,-0.320230,0.081185,0.050050,0.073409,3.312200,1.000000,0.018342,2.959978
17.590000,0.380380,-0.005668,0.387519,0.942573,-0.320058,0.081310,0.050070,0.073409,3.312111,1.000000,0.017441,2.961114
17.595000,0.380385,-0.005485,0.387519,0.942614,-0.319906,0.081415,0.050095,0.073409,3.312026,1.000000,0.016664,2.962853
17.600000,0.380390,-0.005302,0.387519,0.942656,-0.319754,0.081521,0.050119,0.073409,3.311944,1.000000,0.015888,2.964594
17.605000,0.380395,-0.005119,0.387519,0.942697,-0.319601,0.081626,0.050144,0.073409,3.311867,1.000000,0.015112,2.966338
17.610000,0.380400,-0.004936,0.387519,0.942739,-0.319448,0.081732,0.050169,0.073409,3.311793,1.000000,0.014337,2.968075
17.615000,0.380404,-0.004753,0.387520,0.942780,-0.319294,0.081837,0.050193,0.073408,3.311723,1.000000,0.013566,2.969768
17.620000,0.380409,-0.004570,0.387520,0.942822,-0.319140,0.081942,0.050218,0.073408,3.311657,1.000000,0.012802,2.971465
17.625000,0.380414,-0.004387,0.387520,0.942864,-0.318986,0.082047,0.050242,0.073408,3.311595,1.000000,0.012047,2.973164
17.630000,0.380418,-0.004234,0.387520,0.942899,-0.318855,0.082133,0.050264,0.073408,3.311536,1.000000,0.011394,2.975368
17.635000,0.380422,-0.004082,0.387521,0.942935,-0.318724,0.082219,0.050286,0.073408,3.311481,1.000000,0.010748,2.977543
17.640000,0.380427,-0.003930,0.387521,0.942971,-0.318593,0.082305,0.050308,0.073408,3.311428,1.000000,0.010103,2.979686
17.645000,0.380431,-0.003777,0.387521,0.943006,-0.318461,0.082391,0.050330,0.073408,3.311379,1.000000,0.009461,2.981833
17.650000,0.380435,-0.003625,0.387521,0.943042,-0.318329,0.082476,0.050352,0.073407,3.311334,1.000000,0.008823,2.983987
17.655000,0.380439,-0.003473,0.387522,0.943078,-0.318197,0.082562,0.050373,0.073407,3.311291,1.000000,0.008157,2.986150
17.660000,0.380443,-0.003321,0.387522,0.943114,-0.318065,0.082648,0.050395,0.073407,3.311252,1.000000,0.007398,2.988271
17.665000,0.380448,-0.003190,0.387525,0.943146,-0.317949,0.082721,0.050412,0.073407,3.311217,1.000000,0.006608,2.990630
17.670000,0.380453,-0.003059,0.387528,0.943177,-0.317834,0.082795,0.050429,0.073407,3.311186,1.000000,0.005766,2.992997
17.675000,0.380458,-0.002928,0.387531,0.943209,-0.317718,0.082869,0.050446,0.073407,3.311159,1.000000,0.004899,2.995375
17.680000,0.380463,-0.002796,0.387534,0.943240,-0.317602,0.082943,0.050463,0.073406,3.311136,1.000000,0.004026,2.997762
17.685000,0.380468,-0.002665,0.387537,0.943272,-0.317487,0.083017,0.050480,0.073406,3.311118,1.000000,0.003161,3.000114
17.690000,0.380473,-0.002534,0.387540,0.943304,-0.317371,0.083090,0.050497,0.073406,3.311105,1.000000,0.002311,3.002477
17.695000,0.380480,-0.002424,0.387548,0.943331,-0.317272,0.083153,0.050508,0.073406,3.311095,1.000000,0.001511,3.005015
17.700000,0.380487,-0.002315,0.387556,0.943358,-0.317172,0.083216,0.050520,0.073406,3.311089,1.000000,0.000717,3.007569
17.705000,0.380495,-0.002205,0.387564,0.943385,-0.317073,0.083280,0.050531,0.073406,3.311087,1.000000,-0.000064,3.010117
17.710000,0.380502,-0.002095,0.387572,0.943412,-0.316974,0.083343,0.050542,0.073406,3.311089,1.000000,-0.000827,3.012640
17.715000,0.380509,-0.001985,0.387580,0.943440,-0.316875,0.083406,0.050553,0.073406,3.311094,1.000000,-0.001568,3.015178
17.720000,0.380517,-0.001875,0.387589,0.943467,-0.316776,0.083469,0.050564,0.073405,3.311101,1.000000,-0.002283,3.017727
17.725000,0.380524,-0.001765,0.387597,0.943494,-0.316676,0.083532,0.050575,0.073405,3.311112,1.000000,-0.002969,3.020292
17.730000,0.380533,-0.001684,0.387607,0.943515,-0.316601,0.083578,0.050580,0.073405,3.311125,1.000000,-0.003598,3.023211
17.735000,0.380541,-0.001603,0.387618,0.943536,-0.316526,0.083625,0.050586,0.073405,3.311140,1.000000,-0.004189,3.026121
17.740000,0.380550,-0.001522,0.387629,0.943557,-0.316450,0.083671,0.050592,0.073405,3.311157,1.000000,-0.004510,3.029049
17.745000,0.380558,-0.001441,0.387640,0.943577,-0.316375,0.083717,0.050597,0.073405,3.311175,1.000000,-0.004618,3.031998
17.750000,0.380567,-0.001360,0.387651,0.943598,-0.316299,0.083763,0.050603,0.073404,3.311193,1.000000,-0.004583,3.034967
17.755000,0.380578,-0.001278,0.387662,0.943619,-0.316223,0.083809,0.050611,0.073404,3.311211,1.000000,-0.004453,3.039114
17.760000,0.380587,-0.001197,0.387673,0.943640,-0.316147,0.083855,0.050617,0.073404,3.311228,1.000000,-0.004251,3.042386
17.765000,0.380595,-0.001142,0.387684,0.943656,-0.316093,0.083885,0.050621,0.073404,3.311244,1.000000,-0.003999,3.046067
17.770000,0.380604,-0.001086,0.387695,0.943671,-0.316038,0.083915,0.050623,0.073403,3.311259,1.000000,-0.003737,3.049533
17.775000,0.380612,-0.001031,0.387707,0.943687,-0.315983,0.083945,0.050626,0.073403,3.311272,1.000000,-0.003459,3.053022
17.780000,0.380621,-0.000975,0.387718,0.943702,-0.315928,0.083975,0.050629,0.073403,3.311285,1.000000,-0.003170,3.056538
17.785000,0.380629,-0.000919,0.387730,0.943718,-0.315873,0.084005,0.050631,0.073403,3.311297,1.000000,-0.002871,3.060056
17.790000,0.380637,-0.000864,0.387741,0.943734,-0.315818,0.084034,0.050634,0.073403,3.311307,1.000000,-0.002563,3.063595
17.795000,0.380645,-0.000808,0.387752,0.943749,-0.315763,0.084064,0.050637,0.073402,3.311316,1.000000,-0.002246,3.067161
17.800000,0.380654,-0.000774,0.387765,0.943760,-0.315726,0.084080,0.050636,0.073402,3.311324,1.000000,-0.001930,3.071134
17.805000,0.380664,-0.000741,0.387778,0.943771,-0.315690,0.084097,0.050635,0.073402,3.311331,1.000000,-0.001637,3.075175
17.810000,0.380673,-0.000707,0.387791,0.943782,-0.315653,0.084113,0.050635,0.073402,3.311336,1.000000,-0.001357,3.079246
17.815000,0.380682,-0.000674,0.387804,0.943793,-0.315617,0.084130,0.050634,0.073401,3.311341,1.000000,-0.001086,3.083359
17.820000,0.380691,-0.000640,0.387818,0.943803,-0.315580,0.084146,0.050634,0.073401,3.311344,1.000000,-0.000819,3.087514
17.825000,0.380701,-0.000607,0.387831,0.943814,-0.315544,0.084163,0.050633,0.073401,3.311346,1.000000,-0.000553,3.091701
17.830000,0.380710,-0.000573,0.387844,0.943825,-0.315507,0.084179,0.050633,0.073401,3.311348,1.000000,-0.000286,3.096008
17.835000,0.380721,-0.000552,0.387859,0.943830,-0.315486,0.084197,0.050633,0.073400,3.311348,1.000000,-0.000032,3.100507
17.840000,0.380732,-0.000531,0.387875,0.943836,-0.315465,0.084215,0.050633,0.073400,3.311347,1.000000,0.000198,3.105082
17.845000,0.380744,-0.000510,0.387891,0.943841,-0.315444,0.084232,0.050634,0.073400,3.311345,1.000000,0.000415,3.109704
17.850000,0.380755,-0.000490,0.387907,0.943847,-0.315423,0.084250,0.050634,0.073400,3.311342,1.000000,0.000623,3.114429
17.855000,0.380766,-0.000469,0.387922,0.943852,-0.315402,0.084268,0.050635,0.073399,3.311338,1.000000,0.000827,3.119218
17.860000,0.380778,-0.000448,0.387938,0.943857,-0.315381,0.084285,0.050636,0.073399,3.311333,1.000000,0.001029,3.124102
17.865000,0.380791,-0.000428,0.387958,0.943862,-0.315362,0.084307,0.050636,0.073399,3.311327,1.000000,0.001225,3.128961
17.870000,0.380805,-0.000409,0.387977,0.943866,-0.315343,0.084328,0.050636,0.073398,3.311320,1.000000,0.001416,3.133899
17.875000,0.380819,-0.000390,0.387997,0.943870,-0.315325,0.084350,0.050636,0.073398,3.311312,1.000000,0.001604,3.138937
17.880000,0.380833,-0.000371,0.388017,0.943875,-0.315306,0.084372,0.050637,0.073398,3.311303,1.000000,0.001791,3.144133
17.885000,0.380848,-0.000351,0.388037,0.943879,-0.315287,0.084393,0.050638,0.073397,3.311293,1.000000,0.001982,3.149664
17.890000,0.380863,-0.000332,0.388056,0.943883,-0.315268,0.084415,0.050639,0.073397,3.311282,1.000000,0.002173,3.155320
17.895000,0.380878,-0.000313,0.388076,0.943887,-0.315250,0.084436,0.050641,0.073396,3.311271,1.000000,0.002365,3.160996
17.900000,0.380895,-0.000294,0.388098,0.943891,-0.315232,0.084461,0.050642,0.073396,3.311258,1.000000,0.002558,3.166731
17.905000,0.380912,-0.000275,0.388121,0.943895,-0.315213,0.084485,0.050643,0.073395,3.311244,1.000000,0.002753,3.172458
17.910000,0.380928,-0.000256,0.388143,0.943899,-0.315195,0.084509,0.050643,0.073394,3.311230,1.000000,0.002950,3.178234
17.915000,0.380945,-0.000236,0.388165,0.943903,-0.315177,0.084534,0.050644,0.073394,3.311214,1.000000,0.003151,3.184004
17.920000,0.380961,-0.000217,0.388187,0.943907,-0.315159,0.084558,0.050645,0.073393,3.311198,1.000000,0.003354,3.189750
17.925000,0.380978,-0.000198,0.388210,0.943911,-0.315140,0.084582,0.050645,0.073392,3.311180,1.000000,0.003560,3.195522
17.930000,0.380994,-0.000179,0.388232,0.943915,-0.315122,0.084607,0.050646,0.073392,3.311161,1.000000,0.003769,3.201246
17.935000,0.381010,-0.000160,0.388255,0.943918,-0.315104,0.084631,0.050646,0.073391,3.311142,1.000000,0.003981,3.207033
17.937200,0.381017,-0.000151,0.388264,0.943920,-0.315096,0.084642,0.050646,0.073390,3.311133,1.000000,0.004093,3.209581
