{
  "skill_name": "helix_2",
  "match_ms": 275.881,
  "j_end": 483,
  "s": 0.89862112,
  "t": [
    0.19482236,
    -0.17375645,
    0.04784124
  ],
  "R": [
    [
      0.90088962,
      0.37738307,
      -0.21442928
    ],
    [
      -0.36724332,
      0.92605713,
      0.08689388
    ],
    [
      0.23136604,
      0.00046593,
      0.97286666
    ]
  ]
}
