{
  "skill_name": "helix_2",
  "match_ms": 357.856,
  "j_end": 483,
  "s": 1.12637193,
  "t": [
    0.17628142,
    -0.02188372,
    -0.10572779
  ],
  "R": [
    [
      0.96001135,
      0.15138808,
      -0.23549917
    ],
    [
      -0.16925703,
      0.98389377,
      -0.05749011
    ],
    [
      0.22300285,
      0.09505105,
      0.97017268
    ]
  ]
}
