time,x,y,z,qx,qy,qz,qw,alpha,tank_energy,passivity_lambda,passivity_power,autonomy_wrench_norm
0.000000,0.453554,-0.107074,0.387777,0.855554,-0.515536,0.013835,-0.045364,0.000000,2.000000,1.000000,0.000000,0.000000
0.005000,0.453554,-0.107074,0.387777,0.855554,-0.515536,0.013835,-0.045364,0.000000,2.000000,1.000000,-0.000000,0.000000
0.010000,0.453554,-0.107074,0.387777,0.855554,-0.515536,0.013835,-0.045364,0.000000,2.000000,1.000000,-0.000000,0.000000
0.015000,0.453554,-0.107074,0.387777,0.855554,-0.515536,0.013835,-0.045364,0.000000,2.000000,1.000000,0.000000,0.000000
0.020000,0.453554,-0.107074,0.387777,0.855554,-0.515536,0.013835,-0.045364,0.000000,2.000000,1.000000,-0.000000,0.000000
0.025000,0.453554,-0.107074,0.387776,0.855554,-0.515536,0.013835,-0.045364,0.000000,2.000000,1.000000,0.000000,0.000000
0.030000,0.453554,-0.107074,0.387776,0.855554,-0.515536,0.013834,-0.045364,0.000000,2.000000,1.000000,0.000000,0.000000
0.035000,0.453554,-0.107074,0.387776,0.855554,-0.515536,0.013834,-0.045364,0.000000,2.000000,1.000000,-0.000000,0.000000
0.040000,0.453554,-0.107074,0.387775,0.855554,-0.515537,0.013833,-0.045364,0.000000,2.000000,1.000000,0.000000,0.000000
0.045000,0.453554,-0.107074,0.387775,0.855554,-0.515537,0.013833,-0.045365,0.000000,2.000000,1.000000,-0.000000,0.000000
0.050000,0.453554,-0.107074,0.387774,0.855554,-0.515537,0.013832,-0.045365,0.000000,2.000000,1.000000,0.000000,0.000000
0.055000,0.453553,-0.107074,0.387773,0.855554,-0.515537,0.013831,-0.045365,0.000000,2.000000,1.000000,0.000000,0.000000
0.060000,0.453553,-0.107075,0.387773,0.855554,-0.515537,0.013829,-0.045365,0.000000,2.000000,1.000000,0.000000,0.000000
0.065000,0.453553,-0.107075,0.387772,0.855554,-0.515537,0.013828,-0.045365,0.000000,2.000000,1.000000,-0.000000,0.000000
0.070000,0.453553,-0.107075,0.387770,0.855553,-0.515538,0.013826,-0.045365,0.000000,2.000000,1.000000,-0.000000,0.000000
0.075000,0.453553,-0.107075,0.387769,0.855553,-0.515538,0.013824,-0.045365,0.000000,2.000000,1.000000,-0.000000,0.000000
0.080000,0.453553,-0.107075,0.387767,0.855553,-0.515538,0.013822,-0.045365,0.000000,2.000000,1.000000,0.000000,0.000000
0.085000,0.453553,-0.107075,0.387765,0.855553,-0.515539,0.013819,-0.045366,0.000000,2.000000,1.000000,0.000000,0.000000
0.090000,0.453553,-0.107075,0.387763,0.855553,-0.515539,0.013817,-0.045366,0.000000,2.000000,1.000000,0.000000,0.000000
0.095000,0.453553,-0.107075,0.387761,0.855552,-0.515540,0.013813,-0.045366,0.000000,2.000000,1.000000,0.000000,0.000000
0.100000,0.453553,-0.107076,0.387758,0.855552,-0.515540,0.013810,-0.045366,0.000000,2.000000,1.000000,0.000000,0.000000
0.105000,0.453553,-0.107076,0.387755,0.855552,-0.515541,0.013805,-0.045367,0.000000,2.000000,1.000000,0.000000,0.000000
0.110000,0.453553,-0.107076,0.387752,0.855552,-0.515541,0.013800,-0.045367,0.000000,2.000000,1.000000,0.000000,0.000000
0.115000,0.453554,-0.107076,0.387747,0.855551,-0.515542,0.013795,-0.045368,0.000000,2.000000,1.000000,-0.000000,0.000000
0.120000,0.453554,-0.107077,0.387742,0.855551,-0.515543,0.013787,-0.045369,0.000000,2.000000,1.000000,-0.000000,0.000000
0.125000,0.453554,-0.107077,0.387735,0.855550,-0.515544,0.013779,-0.045369,0.000000,2.000000,1.000000,0.000000,0.000000
0.130000,0.453554,-0.107078,0.387727,0.855550,-0.515545,0.013769,-0.045370,0.000000,2.000000,1.000000,0.000000,0.000000
0.135000,0.453555,-0.107079,0.387719,0.855549,-0.515546,0.013758,-0.045372,0.000000,2.000000,1.000000,-0.000000,0.000000
0.140000,0.453555,-0.107080,0.387708,0.855548,-0.515548,0.013745,-0.045373,0.000000,2.000000,1.000000,0.000000,0.000000
0.145000,0.453556,-0.107082,0.387696,0.855548,-0.515549,0.013730,-0.045375,0.000000,2.000000,1.000000,0.000000,0.000000
0.150000,0.453557,-0.107084,0.387683,0.855547,-0.515551,0.013713,-0.045377,0.000000,2.000000,1.000000,0.000000,0.000000
0.155000,0.453558,-0.107086,0.387667,0.855546,-0.515553,0.013694,-0.045379,0.000000,2.000000,1.000000,-0.000000,0.000000
0.160000,0.453559,-0.107088,0.387650,0.855545,-0.515555,0.013673,-0.045381,0.000000,2.000000,1.000000,0.000000,0.000000
0.165000,0.453561,-0.107091,0.387630,0.855543,-0.515558,0.013650,-0.045384,0.000000,2.000000,1.000000,0.000000,0.000000
0.170000,0.453562,-0.107094,0.387609,0.855542,-0.515560,0.013624,-0.045387,0.000000,2.000000,1.000000,0.000000,0.000000
0.175000,0.453564,-0.107097,0.387586,0.855540,-0.515563,0.013596,-0.045390,0.000000,2.000000,1.000000,0.000000,0.000000
0.180000,0.453566,-0.107101,0.387560,0.855539,-0.515567,0.013565,-0.045393,0.000000,2.000000,1.000000,0.000000,0.000000
0.185000,0.453568,-0.107105,0.387532,0.855537,-0.515570,0.013532,-0.045397,0.000000,2.000000,1.000000,0.000000,0.000000
0.190000,0.453571,-0.107110,0.387501,0.855535,-0.515574,0.013495,-0.045400,0.000000,2.000000,1.000000,0.000000,0.000000
0.195000,0.453573,-0.107115,0.387468,0.855533,-0.515579,0.013457,-0.045403,0.000000,2.000000,1.000000,0.000000,0.000000
0.200000,0.453576,-0.107121,0.387432,0.855530,-0.515583,0.013415,-0.045406,0.000000,2.000000,1.000000,0.000000,0.000000
0.205000,0.453579,-0.107127,0.387394,0.855528,-0.515588,0.013370,-0.045408,0.000000,2.000000,1.000000,-0.000000,0.000000
0.210000,0.453582,-0.107133,0.387353,0.855525,-0.515594,0.013323,-0.045411,0.000000,2.000000,1.000000,0.000000,0.000000
0.215000,0.453586,-0.107140,0.387309,0.855522,-0.515600,0.013272,-0.045413,0.000000,2.000000,1.000000,-0.000000,0.000000
0.220000,0.453590,-0.107148,0.387262,0.855519,-0.515606,0.013219,-0.045414,0.000000,2.000000,1.000000,0.000000,0.000000
0.225000,0.453594,-0.107156,0.387212,0.855516,-0.515612,0.013162,-0.045415,0.000000,2.000000,1.000000,0.000000,0.000000
0.230000,0.453598,-0.107164,0.387159,0.855513,-0.515619,0.013102,-0.045416,0.000000,2.000000,1.000000,0.000000,0.000000
0.235000,0.453603,-0.107173,0.387103,0.855509,-0.515627,0.013039,-0.045416,0.000000,2.000000,1.000000,0.000000,0.000000
0.240000,0.453608,-0.107182,0.387044,0.855506,-0.515635,0.012972,-0.045415,0.000000,2.000000,1.000000,0.000000,0.000000
0.245000,0.453613,-0.107192,0.386981,0.855502,-0.515643,0.012903,-0.045414,0.000000,2.000000,1.000000,0.000000,0.000000
0.250000,0.453619,-0.107202,0.386916,0.855498,-0.515651,0.012830,-0.045412,0.000000,2.000000,1.000000,0.000000,0.000000
0.255000,0.453625,-0.107213,0.386847,0.855494,-0.515660,0.012753,-0.045409,0.000000,2.000000,1.000000,0.000000,0.000000
0.260000,0.453631,-0.107224,0.386775,0.855490,-0.515670,0.012674,-0.045406,0.000000,2.000000,1.000000,-0.000000,0.000000
0.265000,0.453638,-0.107236,0.386699,0.855485,-0.515679,0.012591,-0.045401,0.000000,2.000000,1.000000,-0.000000,0.000000
0.270000,0.453645,-0.107248,0.386620,0.855481,-0.515690,0.012504,-0.045396,0.000000,2.000000,1.000000,0.000000,0.000000
0.275000,0.453652,-0.107260,0.386538,0.855476,-0.515700,0.012415,-0.045390,0.000000,2.000000,1.000000,-0.000000,0.000000
0.280000,0.453659,-0.107273,0.386453,0.855471,-0.515711,0.012322,-0.045382,0.000000,2.000000,1.000000,-0.000000,0.000000
0.285000,0.453667,-0.107287,0.386364,0.855466,-0.515722,0.012226,-0.045374,0.000000,2.000000,1.000000,-0.000000,0.000000
0.290000,0.453675,-0.107301,0.386272,0.855461,-0.515734,0.012126,-0.045365,0.000000,2.000000,1.000000,-0.000000,0.000000
0.295000,0.453684,-0.107315,0.386177,0.855456,-0.515746,0.012024,-0.045355,0.000000,2.000000,1.000000,-0.000000,0.000000
0.300000,0.453693,-0.107330,0.386078,0.855450,-0.515759,0.011918,-0.045343,0.000000,2.000000,1.000000,-0.000000,0.000000
0.305000,0.453702,-0.107345,0.385977,0.855445,-0.515771,0.011809,-0.045331,0.000000,2.000000,1.000000,-0.000000,0.000000
0.310000,0.453712,-0.107360,0.385872,0.855439,-0.515785,0.011697,-0.045317,0.000000,2.000000,1.000000,0.000000,0.000000
0.315000,0.453722,-0.107376,0.385764,0.855433,-0.515798,0.011582,-0.045302,0.000000,2.000000,1.000000,0.000000,0.000000
0.320000,0.453732,-0.107392,0.385653,0.855427,-0.515812,0.011465,-0.045286,0.000000,2.000000,1.000000,0.000000,0.000000
0.325000,0.453743,-0.107409,0.385540,0.855422,-0.515825,0.011345,-0.045269,0.000000,2.000000,1.000000,0.000000,0.000000
0.330000,0.453753,-0.107426,0.385424,0.855416,-0.515839,0.011223,-0.045249,0.000000,2.000000,1.000000,0.000000,0.000000
0.335000,0.453765,-0.107443,0.385305,0.855410,-0.515854,0.011099,-0.045229,0.000000,2.000000,1.000000,0.000000,0.000000
0.340000,0.453776,-0.107460,0.385183,0.855404,-0.515868,0.010972,-0.045207,0.000000,2.000000,1.000000,-0.000000,0.000000
0.345000,0.453788,-0.107478,0.385060,0.855398,-0.515882,0.010844,-0.045183,0.000000,2.000000,1.000000,0.000000,0.000000
0.350000,0.453801,-0.107496,0.384934,0.855393,-0.515897,0.010714,-0.045158,0.000000,2.000000,1.000000,0.000000,0.000000
0.355000,0.453813,-0.107514,0.384806,0.855387,-0.515911,0.010582,-0.045131,0.000000,2.000000,1.000000,0.000000,0.000000
0.360000,0.453826,-0.107532,0.384675,0.855381,-0.515926,0.010448,-0.045103,0.000000,2.000000,1.000000,0.000000,0.000000
0.365000,0.453840,-0.107550,0.384543,0.855376,-0.515940,0.010314,-0.045074,0.000000,2.000000,1.000000,0.000000,0.000000
0.370000,0.453854,-0.107568,0.384410,0.855371,-0.515954,0.010179,-0.045044,0.000000,2.000000,1.000000,-0.000000,0.000000
0.375000,0.453870,-0.107586,0.384274,0.855366,-0.515966,0.010044,-0.045013,0.000000,2.000000,1.000000,-0.000000,0.000000
0.380000,0.453886,-0.107604,0.384137,0.855363,-0.515978,0.009909,-0.044983,0.000000,2.000000,1.000000,-0.000000,0.000000
0.385000,0.453904,-0.107621,0.383998,0.855360,-0.515988,0.009774,-0.044952,0.000000,2.000000,1.000000,0.000000,0.000000
0.390000,0.453924,-0.107638,0.383858,0.855358,-0.515996,0.009639,-0.044922,0.000000,2.000000,1.000000,-0.000000,0.000000
0.395000,0.453944,-0.107655,0.383717,0.855357,-0.516003,0.009505,-0.044891,0.000000,2.000000,1.000000,-0.000000,0.000000
0.400000,0.453966,-0.107671,0.383574,0.855356,-0.516009,0.009372,-0.044861,0.000000,2.000000,1.000000,-0.000000,0.000000
0.405000,0.453990,-0.107688,0.383430,0.855356,-0.516014,0.009239,-0.044831,0.000000,2.000000,1.000000,-0.000000,0.000000
0.410000,0.454015,-0.107703,0.383285,0.855358,-0.516017,0.009107,-0.044800,0.000000,2.000000,1.000000,0.000000,0.000000
0.415000,0.454041,-0.107719,0.383139,0.855360,-0.516018,0.008976,-0.044771,0.000000,2.000000,1.000000,0.000000,0.000000
0.420000,0.454068,-0.107734,0.382991,0.855363,-0.516018,0.008846,-0.044741,0.000000,2.000000,1.000000,-0.000000,0.000000
0.425000,0.454097,-0.107749,0.382843,0.855366,-0.516017,0.008717,-0.044711,0.000000,2.000000,1.000000,0.000000,0.000000
0.430000,0.454127,-0.107763,0.382694,0.855371,-0.516014,0.008589,-0.044682,0.000000,2.000000,1.000000,-0.000000,0.000000
0.435000,0.454159,-0.107777,0.382545,0.855376,-0.516010,0.008462,-0.044652,0.000000,2.000000,1.000000,-0.000000,0.000000
0.440000,0.454192,-0.107792,0.382394,0.855382,-0.516004,0.008338,-0.044622,0.000000,2.000000,1.000000,-0.000000,0.000000
0.445000,0.454227,-0.107806,0.382243,0.855389,-0.515998,0.008215,-0.044591,0.000000,2.000000,1.000000,-0.000000,0.000000
0.450000,0.454263,-0.107821,0.382092,0.855397,-0.515989,0.008095,-0.044560,0.000000,2.000000,1.000000,0.000000,0.000000
0.455000,0.454300,-0.107836,0.381940,0.855406,-0.515980,0.007978,-0.044528,0.000000,2.000000,1.000000,0.000000,0.000000
0.460000,0.454339,-0.107851,0.381788,0.855415,-0.515969,0.007863,-0.044496,0.000000,2.000000,1.000000,-0.000000,0.000000
0.465000,0.454380,-0.107866,0.381636,0.855425,-0.515956,0.007751,-0.044463,0.000000,2.000000,1.000000,-0.000000,0.000000
0.470000,0.454422,-0.107882,0.381483,0.855436,-0.515942,0.007641,-0.044429,0.000000,2.000000,1.000000,0.000000,0.000000
0.475000,0.454465,-0.107898,0.381331,0.855448,-0.515927,0.007533,-0.044395,0.000000,2.000000,1.000000,0.000000,0.000000
0.480000,0.454511,-0.107914,0.381178,0.855461,-0.515911,0.007429,-0.044361,0.000000,2.000000,1.000000,-0.000000,0.000000
0.485000,0.454557,-0.107930,0.381025,0.855474,-0.515892,0.007327,-0.044326,0.000000,2.000000,1.000000,-0.000000,0.000000
0.490000,0.454605,-0.107946,0.380872,0.855489,-0.515873,0.007228,-0.044291,0.000000,2.000000,1.000000,-0.000000,0.000000
0.495000,0.454655,-0.107963,0.380719,0.855504,-0.515852,0.007132,-0.044256,0.000000,2.000000,1.000000,-0.000000,0.000000
0.500000,0.454706,-0.107980,0.380566,0.855520,-0.515830,0.007038,-0.044221,0.000000,2.000000,1.000000,-0.000000,0.000000
0.505000,0.454758,-0.107997,0.380413,0.855537,-0.515806,0.006947,-0.044186,0.000000,2.000000,1.000000,-0.000000,0.000000
0.510000,0.454812,-0.108014,0.380261,0.855554,-0.515781,0.006859,-0.044151,0.000000,2.000000,1.000000,0.000000,0.000000
0.515000,0.454867,-0.108031,0.380109,0.855573,-0.515755,0.006774,-0.044115,0.000000,2.000000,1.000000,-0.000000,0.000000
0.520000,0.454923,-0.108049,0.379957,0.855592,-0.515727,0.006692,-0.044080,0.000000,2.000000,1.000000,-0.000000,0.000000
0.525000,0.454981,-0.108066,0.379806,0.855612,-0.515697,0.006614,-0.044045,0.000000,2.000000,1.000000,-0.000000,0.000000
0.530000,0.455041,-0.108084,0.379656,0.855633,-0.515666,0.006538,-0.044010,0.000000,2.000000,1.000000,0.000000,0.000000
0.535000,0.455102,-0.108102,0.379506,0.855655,-0.515634,0.006466,-0.043976,0.000000,2.000000,1.000000,0.000000,0.000000
0.540000,0.455164,-0.108120,0.379356,0.855678,-0.515600,0.006396,-0.043941,0.000000,2.000000,1.000000,0.000000,0.000000
0.545000,0.455227,-0.108138,0.379208,0.855701,-0.515565,0.006330,-0.043907,0.000000,2.000000,1.000000,-0.000000,0.000000
0.550000,0.455292,-0.108156,0.379060,0.855726,-0.515528,0.006268,-0.043873,0.000000,2.000000,1.000000,0.000000,0.000000
0.555000,0.455359,-0.108174,0.378913,0.855751,-0.515490,0.006209,-0.043840,0.000000,2.000000,1.000000,-0.000000,0.000000
0.560000,0.455427,-0.108192,0.378768,0.855777,-0.515449,0.006154,-0.043807,0.000000,2.000000,1.000000,-0.000000,0.000000
0.565000,0.455496,-0.108210,0.378623,0.855805,-0.515408,0.006103,-0.043774,0.000000,2.000000,1.000000,-0.000000,0.000000
0.570000,0.455567,-0.108229,0.378480,0.855833,-0.515364,0.006056,-0.043742,0.000000,2.000000,1.000000,-0.000000,0.000000
0.575000,0.455639,-0.108247,0.378339,0.855862,-0.515319,0.006013,-0.043711,0.000000,2.000000,1.000000,-0.000000,0.000000
0.580000,0.455713,-0.108265,0.378199,0.855892,-0.515272,0.005974,-0.043680,0.000000,2.000000,1.000000,-0.000000,0.000000
0.585000,0.455789,-0.108284,0.378060,0.855923,-0.515224,0.005940,-0.043651,0.000000,2.000000,1.000000,0.000000,0.000000
0.590000,0.455866,-0.108302,0.377923,0.855955,-0.515173,0.005910,-0.043621,0.000000,2.000000,1.000000,-0.000000,0.000000
0.595000,0.455944,-0.108321,0.377788,0.855988,-0.515121,0.005885,-0.043593,0.000000,2.000000,1.000000,0.000000,0.000000
0.600000,0.456024,-0.108339,0.377655,0.856022,-0.515068,0.005864,-0.043566,0.000000,2.000000,1.000000,0.000000,0.000000
0.605000,0.456105,-0.108357,0.377524,0.856056,-0.515012,0.005848,-0.043539,0.000000,2.000000,1.000000,-0.000000,0.000000
0.610000,0.456187,-0.108376,0.377395,0.856092,-0.514955,0.005836,-0.043514,0.000000,2.000000,1.000000,-0.000000,0.000000
0.615000,0.456271,-0.108394,0.377267,0.856129,-0.514896,0.005828,-0.043489,0.000000,2.000000,1.000000,0.000000,0.000000
0.620000,0.456356,-0.108412,0.377142,0.856166,-0.514836,0.005825,-0.043465,0.000000,2.000000,1.000000,-0.000000,0.000000
0.625000,0.456443,-0.108430,0.377019,0.856205,-0.514774,0.005826,-0.043442,0.000000,2.000000,1.000000,-0.000000,0.000000
0.630000,0.456531,-0.108448,0.376899,0.856244,-0.514710,0.005831,-0.043420,0.000000,2.000000,1.000000,0.000000,0.000000
0.635000,0.456620,-0.108466,0.376781,0.856285,-0.514644,0.005840,-0.043398,0.000000,2.000000,1.000000,0.000000,0.000000
0.640000,0.456711,-0.108483,0.376665,0.856326,-0.514577,0.005853,-0.043376,0.000000,2.000000,1.000000,-0.000000,0.000000
0.645000,0.456804,-0.108500,0.376552,0.856369,-0.514508,0.005869,-0.043355,0.000000,2.000000,1.000000,0.000000,0.000000
0.650000,0.456898,-0.108516,0.376441,0.856413,-0.514436,0.005889,-0.043334,0.000000,2.000000,1.000000,0.000000,0.000000
0.655000,0.456994,-0.108532,0.376333,0.856457,-0.514363,0.005912,-0.043314,0.000000,2.000000,1.000000,0.000000,0.000000
0.660000,0.457091,-0.108548,0.376228,0.856504,-0.514288,0.005939,-0.043294,0.000000,2.000000,1.000000,0.000000,0.000000
0.665000,0.457191,-0.108563,0.376125,0.856551,-0.514211,0.005969,-0.043274,0.000000,2.000000,1.000000,-0.000000,0.000000
0.670000,0.457292,-0.108578,0.376025,0.856599,-0.514131,0.006002,-0.043254,0.000000,2.000000,1.000000,-0.000000,0.000000
0.675000,0.457395,-0.108593,0.375929,0.856649,-0.514049,0.006039,-0.043234,0.000000,2.000000,1.000000,0.000000,0.000000
0.680000,0.457500,-0.108607,0.375835,0.856700,-0.513966,0.006079,-0.043214,0.000000,2.000000,1.000000,0.000000,0.000000
0.685000,0.457607,-0.108620,0.375744,0.856752,-0.513880,0.006121,-0.043194,0.000000,2.000000,1.000000,0.000000,0.000000
0.690000,0.457716,-0.108633,0.375656,0.856806,-0.513792,0.006166,-0.043174,0.000000,2.000000,1.000000,0.000000,0.000000
0.695000,0.457827,-0.108645,0.375571,0.856860,-0.513702,0.006215,-0.043154,0.000000,2.000000,1.000000,0.000000,0.000000
0.700000,0.457939,-0.108657,0.375490,0.856916,-0.513610,0.006265,-0.043134,0.000000,2.000000,1.000000,-0.000000,0.000000
0.705000,0.458053,-0.108668,0.375411,0.856973,-0.513515,0.006319,-0.043115,0.000000,2.000000,1.000000,0.000000,0.000000
0.710000,0.458169,-0.108679,0.375335,0.857031,-0.513419,0.006374,-0.043095,0.000000,2.000000,1.000000,-0.000000,0.000000
0.715000,0.458287,-0.108689,0.375263,0.857091,-0.513321,0.006432,-0.043075,0.000000,2.000000,1.000000,0.000000,0.000000
0.720000,0.458407,-0.108698,0.375193,0.857151,-0.513221,0.006492,-0.043055,0.000000,2.000000,1.000000,-0.000000,0.000000
0.725000,0.458528,-0.108707,0.375127,0.857213,-0.513119,0.006555,-0.043034,0.000000,2.000000,1.000000,0.000000,0.000000
0.730000,0.458652,-0.108716,0.375064,0.857276,-0.513015,0.006619,-0.043014,0.000000,2.000000,1.000000,0.000000,0.000000
0.735000,0.458776,-0.108724,0.375003,0.857339,-0.512909,0.006685,-0.042994,0.000000,2.000000,1.000000,0.000000,0.000000
0.740000,0.458903,-0.108732,0.374946,0.857404,-0.512802,0.006753,-0.042973,0.000000,2.000000,1.000000,0.000000,0.000000
0.745000,0.459032,-0.108740,0.374893,0.857469,-0.512694,0.006822,-0.042952,0.000000,2.000000,1.000000,-0.000000,0.000000
0.750000,0.459162,-0.108748,0.374842,0.857536,-0.512583,0.006894,-0.042931,0.000000,2.000000,1.000000,0.000000,0.000000
0.755000,0.459294,-0.108756,0.374795,0.857603,-0.512472,0.006967,-0.042910,0.000000,2.000000,1.000000,0.000000,0.000000
0.760000,0.459428,-0.108764,0.374751,0.857671,-0.512359,0.007041,-0.042889,0.000000,2.000000,1.000000,0.000000,0.000000
0.765000,0.459563,-0.108772,0.374711,0.857740,-0.512244,0.007117,-0.042867,0.000000,2.000000,1.000000,-0.000000,0.000000
0.770000,0.459701,-0.108780,0.374673,0.857809,-0.512129,0.007194,-0.042845,0.000000,2.000000,1.000000,-0.000000,0.000000
0.775000,0.459840,-0.108789,0.374639,0.857879,-0.512012,0.007273,-0.042823,0.000000,2.000000,1.000000,0.000000,0.000000
0.780000,0.459981,-0.108798,0.374608,0.857950,-0.511894,0.007353,-0.042801,0.000000,2.000000,1.000000,0.000000,0.000000
0.785000,0.460124,-0.108807,0.374580,0.858021,-0.511776,0.007434,-0.042778,0.000000,2.000000,1.000000,-0.000000,0.000000
0.790000,0.460268,-0.108817,0.374555,0.858093,-0.511657,0.007516,-0.042754,0.000000,2.000000,1.000000,-0.000000,0.000000
0.795000,0.460414,-0.108828,0.374534,0.858165,-0.511537,0.007600,-0.042729,0.000000,2.000000,1.000000,0.000000,0.000000
0.800000,0.460561,-0.108839,0.374514,0.858236,-0.511417,0.007686,-0.042701,0.000000,2.000000,1.000000,-0.000000,0.000000
0.805000,0.460709,-0.108852,0.374498,0.858309,-0.511297,0.007773,-0.042672,0.000000,2.000000,1.000000,-0.000000,0.000000
0.810000,0.460859,-0.108864,0.374484,0.858381,-0.511177,0.007861,-0.042642,0.000000,2.000000,1.000000,-0.000000,0.000000
0.815000,0.461009,-0.108878,0.374472,0.858453,-0.511057,0.007951,-0.042610,0.000000,2.000000,1.000000,0.000000,0.000000
0.820000,0.461162,-0.108892,0.374462,0.858526,-0.510937,0.008041,-0.042577,0.000000,2.000000,1.000000,0.000000,0.000000
0.825000,0.461315,-0.108906,0.374455,0.858598,-0.510816,0.008132,-0.042543,0.000000,2.000000,1.000000,-0.000000,0.000000
0.830000,0.461470,-0.108922,0.374449,0.858671,-0.510695,0.008224,-0.042507,0.000000,2.000000,1.000000,-0.000000,0.000000
0.835000,0.461626,-0.108938,0.374445,0.858744,-0.510574,0.008316,-0.042472,0.000000,2.000000,1.000000,-0.000000,0.000000
0.840000,0.461783,-0.108954,0.374443,0.858817,-0.510453,0.008409,-0.042435,0.000000,2.000000,1.000000,-0.000000,0.000000
0.845000,0.461942,-0.108971,0.374443,0.858890,-0.510331,0.008501,-0.042398,0.000000,2.000000,1.000000,-0.000000,0.000000
0.850000,0.462102,-0.108989,0.374444,0.858964,-0.510209,0.008594,-0.042361,0.000000,2.000000,1.000000,0.000000,0.000000
0.855000,0.462263,-0.109008,0.374447,0.859037,-0.510087,0.008687,-0.042324,0.000000,2.000000,1.000000,-0.000000,0.000000
0.860000,0.462426,-0.109027,0.374451,0.859111,-0.509964,0.008779,-0.042287,0.000000,2.000000,1.000000,0.000000,0.000000
0.865000,0.462590,-0.109047,0.374457,0.859185,-0.509841,0.008871,-0.042249,0.000000,2.000000,1.000000,0.000000,0.000000
0.870000,0.462756,-0.109068,0.374464,0.859259,-0.509717,0.008963,-0.042212,0.000000,2.000000,1.000000,-0.000000,0.000000
0.875000,0.462923,-0.109090,0.374472,0.859333,-0.509594,0.009054,-0.042175,0.000000,2.000000,1.000000,0.000000,0.000000
0.880000,0.463092,-0.109112,0.374481,0.859408,-0.509470,0.009145,-0.042138,0.000000,2.000000,1.000000,0.000000,0.000000
0.885000,0.463262,-0.109136,0.374492,0.859482,-0.509345,0.009235,-0.042101,0.000000,2.000000,1.000000,0.000000,0.000000
0.890000,0.463433,-0.109160,0.374503,0.859557,-0.509221,0.009325,-0.042065,0.000000,2.000000,1.000000,-0.000000,0.000000
0.895000,0.463606,-0.109185,0.374516,0.859632,-0.509096,0.009413,-0.042029,0.000000,2.000000,1.000000,-0.000000,0.000000
0.900000,0.463781,-0.109211,0.374529,0.859706,-0.508971,0.009501,-0.041994,0.000000,2.000000,1.000000,0.000000,0.000000
0.905000,0.463956,-0.109238,0.374544,0.859781,-0.508845,0.009588,-0.041959,0.000000,2.000000,1.000000,-0.000000,0.000000
0.910000,0.464133,-0.109265,0.374559,0.859857,-0.508719,0.009675,-0.041924,0.000000,2.000000,1.000000,0.000000,0.000000
0.915000,0.464312,-0.109294,0.374575,0.859932,-0.508594,0.009760,-0.041890,0.000000,2.000000,1.000000,0.000000,0.000000
0.920000,0.464492,-0.109324,0.374592,0.860007,-0.508467,0.009844,-0.041857,0.000000,2.000000,1.000000,0.000000,0.000000
0.925000,0.464673,-0.109355,0.374610,0.860082,-0.508341,0.009928,-0.041824,0.000000,2.000000,1.000000,-0.000000,0.000000
0.930000,0.464855,-0.109387,0.374629,0.860158,-0.508215,0.010010,-0.041792,0.000000,2.000000,1.000000,0.000000,0.000000
0.935000,0.465039,-0.109419,0.374648,0.860233,-0.508088,0.010091,-0.041761,0.000000,2.000000,1.000000,-0.000000,0.000000
0.940000,0.465224,-0.109453,0.374668,0.860308,-0.507961,0.010172,-0.041730,0.000000,2.000000,1.000000,0.000000,0.000000
0.945000,0.465411,-0.109488,0.374689,0.860384,-0.507834,0.010251,-0.041700,0.000000,2.000000,1.000000,-0.000000,0.000000
0.950000,0.465599,-0.109524,0.374710,0.860459,-0.507707,0.010329,-0.041671,0.000000,2.000000,1.000000,0.000000,0.000000
0.955000,0.465788,-0.109561,0.374732,0.860535,-0.507580,0.010406,-0.041643,0.000000,2.000000,1.000000,-0.000000,0.000000
0.960000,0.465978,-0.109598,0.374754,0.860610,-0.507453,0.010482,-0.041615,0.000000,2.000000,1.000000,-0.000000,0.000000
0.965000,0.466169,-0.109637,0.374777,0.860686,-0.507325,0.010556,-0.041588,0.000000,2.000000,1.000000,0.000000,0.000000
0.970000,0.466361,-0.109677,0.374801,0.860761,-0.507198,0.010629,-0.041563,0.000000,2.000000,1.000000,0.000000,0.000000
0.975000,0.466555,-0.109717,0.374824,0.860836,-0.507071,0.010700,-0.041538,0.000000,2.000000,1.000000,0.000000,0.000000
0.980000,0.466749,-0.109759,0.374848,0.860912,-0.506944,0.010769,-0.041514,0.000000,2.000000,1.000000,-0.000000,0.000000
0.985000,0.466945,-0.109801,0.374873,0.860987,-0.506816,0.010837,-0.041491,0.000000,2.000000,1.000000,-0.000000,0.000000
0.990000,0.467141,-0.109844,0.374897,0.861062,-0.506689,0.010903,-0.041469,0.000000,2.000000,1.000000,-0.000000,0.000000
0.995000,0.467339,-0.109888,0.374922,0.861137,-0.506562,0.010967,-0.041448,0.000000,2.000000,1.000000,0.000000,0.000000
1.000000,0.467537,-0.109933,0.374946,0.861212,-0.506435,0.011029,-0.041428,0.000000,2.000000,1.000000,0.000000,0.000000
1.005000,0.467736,-0.109978,0.374971,0.861287,-0.506308,0.011090,-0.041409,0.000000,2.000000,1.000000,0.000000,0.000000
1.010000,0.467936,-0.110025,0.374996,0.861361,-0.506181,0.011148,-0.041391,0.000000,2.000000,1.000000,-0.000000,0.000000
1.015000,0.468137,-0.110072,0.375020,0.861436,-0.506054,0.011205,-0.041374,0.000000,2.000000,1.000000,0.000000,0.000000
1.020000,0.468339,-0.110119,0.375045,0.861511,-0.505927,0.011259,-0.041358,0.000000,2.000000,1.000000,0.000000,0.000000
1.025000,0.468542,-0.110168,0.375069,0.861585,-0.505800,0.011312,-0.041343,0.000000,2.000000,1.000000,0.000000,0.000000
1.030000,0.468745,-0.110217,0.375094,0.861659,-0.505674,0.011363,-0.041329,0.000000,2.000000,1.000000,0.000000,0.000000
1.035000,0.468949,-0.110267,0.375118,0.861733,-0.505548,0.011413,-0.041316,0.000000,2.000000,1.000000,0.000000,0.000000
1.040000,0.469155,-0.110317,0.375143,0.861807,-0.505423,0.011461,-0.041305,0.000000,2.000000,1.000000,0.000000,0.000000
1.045000,0.469361,-0.110368,0.375167,0.861879,-0.505299,0.011507,-0.041294,0.000000,2.000000,1.000000,-0.000000,0.000000
1.050000,0.469568,-0.110420,0.375191,0.861951,-0.505177,0.011552,-0.041285,0.000000,2.000000,1.000000,0.000000,0.000000
1.055000,0.469776,-0.110472,0.375215,0.862021,-0.505056,0.011596,-0.041276,0.000000,2.000000,1.000000,0.000000,0.000000
1.060000,0.469985,-0.110524,0.375239,0.862091,-0.504937,0.011639,-0.041270,0.000000,2.000000,1.000000,0.000000,0.000000
1.065000,0.470196,-0.110576,0.375263,0.862159,-0.504819,0.011680,-0.041264,0.000000,2.000000,1.000000,0.000000,0.000000
1.070000,0.470408,-0.110629,0.375287,0.862227,-0.504703,0.011721,-0.041260,0.000000,2.000000,1.000000,0.000000,0.000000
1.075000,0.470621,-0.110682,0.375311,0.862293,-0.504589,0.011761,-0.041258,0.000000,2.000000,1.000000,-0.000000,0.000000
1.080000,0.470836,-0.110736,0.375335,0.862358,-0.504477,0.011800,-0.041257,0.000000,2.000000,1.000000,0.000000,0.000000
1.085000,0.471052,-0.110789,0.375359,0.862423,-0.504366,0.011838,-0.041257,0.000000,2.000000,1.000000,0.000000,0.000000
1.090000,0.471270,-0.110842,0.375383,0.862486,-0.504257,0.011876,-0.041259,0.000000,2.000000,1.000000,0.000000,0.000000
1.095000,0.471489,-0.110896,0.375407,0.862548,-0.504149,0.011914,-0.041262,0.000000,2.000000,1.000000,0.000000,0.000000
1.100000,0.471710,-0.110949,0.375431,0.862609,-0.504043,0.011951,-0.041266,0.000000,2.000000,1.000000,0.000000,0.000000
1.105000,0.471933,-0.111003,0.375456,0.862670,-0.503939,0.011989,-0.041271,0.000000,2.000000,1.000000,0.000000,0.000000
1.110000,0.472157,-0.111056,0.375480,0.862729,-0.503836,0.012026,-0.041278,0.000000,2.000000,1.000000,-0.000000,0.000000
1.115000,0.472384,-0.111109,0.375505,0.862787,-0.503735,0.012063,-0.041286,0.000000,2.000000,1.000000,-0.000000,0.000000
1.120000,0.472612,-0.111162,0.375530,0.862844,-0.503635,0.012100,-0.041296,0.000000,2.000000,1.000000,0.000000,0.000000
1.125000,0.472842,-0.111215,0.375555,0.862900,-0.503537,0.012137,-0.041306,0.000000,2.000000,1.000000,-0.000000,0.000000
1.130000,0.473073,-0.111268,0.375580,0.862955,-0.503441,0.012173,-0.041318,0.000000,2.000000,1.000000,0.000000,0.000000
1.135000,0.473307,-0.111320,0.375605,0.863010,-0.503346,0.012210,-0.041330,0.000000,2.000000,1.000000,-0.000000,0.000000
1.140000,0.473542,-0.111372,0.375630,0.863063,-0.503253,0.012246,-0.041344,0.000000,2.000000,1.000000,0.000000,0.000000
1.145000,0.473779,-0.111423,0.375656,0.863115,-0.503161,0.012282,-0.041359,0.000000,2.000000,1.000000,-0.000000,0.000000
1.150000,0.474018,-0.111474,0.375681,0.863166,-0.503071,0.012318,-0.041375,0.000000,2.000000,1.000000,0.000000,0.000000
1.155000,0.474259,-0.111525,0.375706,0.863217,-0.502982,0.012354,-0.041392,0.000000,2.000000,1.000000,-0.000000,0.000000
1.160000,0.474502,-0.111575,0.375732,0.863266,-0.502895,0.012389,-0.041409,0.000000,2.000000,1.000000,0.000000,0.000000
1.165000,0.474746,-0.111625,0.375757,0.863315,-0.502809,0.012424,-0.041428,0.000000,2.000000,1.000000,0.000000,0.000000
1.170000,0.474992,-0.111674,0.375782,0.863363,-0.502725,0.012458,-0.041448,0.000000,2.000000,1.000000,0.000000,0.000000
1.175000,0.475240,-0.111722,0.375807,0.863409,-0.502642,0.012492,-0.041468,0.000000,2.000000,1.000000,0.000000,0.000000
1.180000,0.475489,-0.111770,0.375832,0.863455,-0.502560,0.012525,-0.041489,0.000000,2.000000,1.000000,0.000000,0.000000
1.185000,0.475740,-0.111818,0.375857,0.863500,-0.502480,0.012558,-0.041511,0.000000,2.000000,1.000000,0.000000,0.000000
1.190000,0.475993,-0.111864,0.375881,0.863545,-0.502402,0.012590,-0.041533,0.000000,2.000000,1.000000,-0.000000,0.000000
1.195000,0.476247,-0.111910,0.375906,0.863588,-0.502324,0.012621,-0.041556,0.000000,2.000000,1.000000,-0.000000,0.000000
1.200000,0.476503,-0.111956,0.375929,0.863631,-0.502248,0.012652,-0.041580,0.000000,2.000000,1.000000,0.000000,0.000000
1.205000,0.476760,-0.112001,0.375953,0.863672,-0.502173,0.012683,-0.041604,0.000000,2.000000,1.000000,0.000000,0.000000
1.210000,0.477019,-0.112045,0.375976,0.863713,-0.502100,0.012713,-0.041628,0.000000,2.000000,1.000000,-0.000000,0.000000
1.215000,0.477280,-0.112089,0.375999,0.863754,-0.502028,0.012742,-0.041654,0.000000,2.000000,1.000000,0.000000,0.000000
1.220000,0.477542,-0.112132,0.376022,0.863793,-0.501957,0.012771,-0.041679,0.000000,2.000000,1.000000,-0.000000,0.000000
1.225000,0.477805,-0.112174,0.376044,0.863832,-0.501888,0.012800,-0.041705,0.000000,2.000000,1.000000,-0.000000,0.000000
1.230000,0.478070,-0.112216,0.376066,0.863870,-0.501819,0.012828,-0.041731,0.000000,2.000000,1.000000,0.000000,0.000000
1.235000,0.478336,-0.112257,0.376087,0.863907,-0.501752,0.012856,-0.041758,0.000000,2.000000,1.000000,0.000000,0.000000
1.240000,0.478604,-0.112298,0.376108,0.863944,-0.501686,0.012883,-0.041785,0.000000,2.000000,1.000000,0.000000,0.000000
1.245000,0.478873,-0.112338,0.376129,0.863980,-0.501621,0.012911,-0.041812,0.000000,2.000000,1.000000,0.000000,0.000000
1.250000,0.479143,-0.112378,0.376149,0.864015,-0.501558,0.012937,-0.041839,0.000000,2.000000,1.000000,-0.000000,0.000000
1.255000,0.479414,-0.112417,0.376169,0.864050,-0.501495,0.012964,-0.041867,0.000000,2.000000,1.000000,-0.000000,0.000000
1.260000,0.479687,-0.112455,0.376188,0.864084,-0.501434,0.012990,-0.041895,0.000000,2.000000,1.000000,-0.000000,0.000000
1.265000,0.479961,-0.112493,0.376207,0.864117,-0.501373,0.013017,-0.041923,0.000000,2.000000,1.000000,0.000000,0.000000
1.270000,0.480236,-0.112531,0.376225,0.864149,-0.501314,0.013043,-0.041951,0.000000,2.000000,1.000000,0.000000,0.000000
1.275000,0.480513,-0.112568,0.376243,0.864181,-0.501256,0.013069,-0.041979,0.000000,2.000000,1.000000,0.000000,0.000000
1.280000,0.480791,-0.112605,0.376260,0.864213,-0.501199,0.013095,-0.042008,0.000000,2.000000,1.000000,0.000000,0.000000
1.285000,0.481069,-0.112642,0.376277,0.864244,-0.501143,0.013121,-0.042036,0.000000,2.000000,1.000000,0.000000,0.000000
1.290000,0.481350,-0.112678,0.376293,0.864274,-0.501088,0.013146,-0.042065,0.000000,2.000000,1.000000,0.000000,0.000000
1.295000,0.481631,-0.112713,0.376308,0.864303,-0.501034,0.013172,-0.042094,0.000000,2.000000,1.000000,0.000000,0.000000
1.300000,0.481913,-0.112749,0.376323,0.864332,-0.500981,0.013197,-0.042123,0.000000,2.000000,1.000000,-0.000000,0.000000
1.305000,0.482196,-0.112784,0.376337,0.864360,-0.500929,0.013222,-0.042151,0.000000,2.000000,1.000000,0.000000,0.000000
1.310000,0.482480,-0.112818,0.376350,0.864388,-0.500878,0.013247,-0.042180,0.000000,2.000000,1.000000,0.000000,0.000000
1.315000,0.482764,-0.112853,0.376362,0.864415,-0.500828,0.013271,-0.042209,0.000000,2.000000,1.000000,-0.000000,0.000000
1.320000,0.483050,-0.112887,0.376374,0.864442,-0.500779,0.013295,-0.042237,0.000000,2.000000,1.000000,-0.000000,0.000000
1.325000,0.483336,-0.112921,0.376384,0.864468,-0.500731,0.013318,-0.042266,0.000000,2.000000,1.000000,0.000000,0.000000
1.330000,0.483623,-0.112955,0.376394,0.864494,-0.500684,0.013341,-0.042294,0.000000,2.000000,1.000000,0.000000,0.000000
1.335000,0.483910,-0.112989,0.376402,0.864519,-0.500637,0.013364,-0.042323,0.000000,2.000000,1.000000,-0.000000,0.000000
1.340000,0.484199,-0.113023,0.376410,0.864543,-0.500592,0.013386,-0.042351,0.000000,2.000000,1.000000,0.000000,0.000000
1.345000,0.484487,-0.113056,0.376416,0.864567,-0.500548,0.013408,-0.042379,0.000000,2.000000,1.000000,0.000000,0.000000
1.350000,0.484776,-0.113090,0.376422,0.864590,-0.500504,0.013429,-0.042407,0.000000,2.000000,1.000000,0.000000,0.000000
1.355000,0.485066,-0.113123,0.376426,0.864613,-0.500462,0.013450,-0.042435,0.000000,2.000000,1.000000,0.000000,0.000000
1.360000,0.485356,-0.113157,0.376429,0.864636,-0.500420,0.013471,-0.042462,0.000000,2.000000,1.000000,0.000000,0.000000
1.365000,0.485646,-0.113190,0.376431,0.864658,-0.500379,0.013491,-0.042490,0.000000,2.000000,1.000000,0.000000,0.000000
1.370000,0.485937,-0.113224,0.376432,0.864680,-0.500338,0.013511,-0.042518,0.000000,2.000000,1.000000,-0.000000,0.000000
1.375000,0.486228,-0.113257,0.376433,0.864701,-0.500299,0.013531,-0.042545,0.000000,2.000000,1.000000,0.000000,0.000000
1.380000,0.486520,-0.113291,0.376432,0.864722,-0.500260,0.013552,-0.042572,0.000000,2.000000,1.000000,-0.000000,0.000000
1.385000,0.486811,-0.113325,0.376430,0.864742,-0.500221,0.013572,-0.042600,0.000000,2.000000,1.000000,-0.000000,0.000000
1.390000,0.487104,-0.113358,0.376427,0.864763,-0.500184,0.013592,-0.042627,0.000000,2.000000,1.000000,0.000000,0.000000
1.395000,0.487396,-0.113392,0.376423,0.864782,-0.500147,0.013612,-0.042655,0.000000,2.000000,1.000000,0.000000,0.000000
1.400000,0.487689,-0.113426,0.376419,0.864802,-0.500110,0.013633,-0.042682,0.000000,2.000000,1.000000,-0.000000,0.000000
1.405000,0.487983,-0.113460,0.376413,0.864821,-0.500075,0.013654,-0.042709,0.000000,2.000000,1.000000,0.000000,0.000000
1.410000,0.488276,-0.113494,0.376407,0.864839,-0.500039,0.013676,-0.042737,0.000000,2.000000,1.000000,0.000000,0.000000
1.415000,0.488571,-0.113528,0.376400,0.864858,-0.500005,0.013699,-0.042764,0.000000,2.000000,1.000000,-0.000000,0.000000
1.420000,0.488865,-0.113562,0.376393,0.864876,-0.499970,0.013722,-0.042792,0.000000,2.000000,1.000000,0.000000,0.000000
1.425000,0.489160,-0.113596,0.376385,0.864893,-0.499937,0.013745,-0.042819,0.000000,2.000000,1.000000,0.000000,0.000000
1.430000,0.489456,-0.113631,0.376376,0.864911,-0.499904,0.013770,-0.042847,0.000000,2.000000,1.000000,-0.000000,0.000000
1.435000,0.489751,-0.113665,0.376367,0.864928,-0.499871,0.013795,-0.042875,0.000000,2.000000,1.000000,0.000000,0.000000
1.440000,0.490047,-0.113699,0.376357,0.864944,-0.499840,0.013820,-0.042903,0.000000,2.000000,1.000000,0.000000,0.000000
1.445000,0.490343,-0.113733,0.376347,0.864961,-0.499808,0.013847,-0.042931,0.000000,2.000000,1.000000,0.000000,0.000000
1.450000,0.490640,-0.113768,0.376337,0.864977,-0.499778,0.013874,-0.042959,0.000000,2.000000,1.000000,-0.000000,0.000000
1.455000,0.490936,-0.113802,0.376326,0.864992,-0.499747,0.013901,-0.042988,0.000000,2.000000,1.000000,-0.000000,0.000000
1.460000,0.491233,-0.113836,0.376315,0.865007,-0.499718,0.013929,-0.043016,0.000000,2.000000,1.000000,0.000000,0.000000
1.465000,0.491530,-0.113870,0.376304,0.865022,-0.499689,0.013958,-0.043045,0.000000,2.000000,1.000000,0.000000,0.000000
1.470000,0.491827,-0.113903,0.376292,0.865037,-0.499660,0.013987,-0.043074,0.000000,2.000000,1.000000,-0.000000,0.000000
1.475000,0.492124,-0.113937,0.376280,0.865051,-0.499632,0.014017,-0.043102,0.000000,2.000000,1.000000,-0.000000,0.000000
1.480000,0.492422,-0.113970,0.376267,0.865065,-0.499604,0.014047,-0.043132,0.000000,2.000000,1.000000,0.000000,0.000000
1.485000,0.492719,-0.114003,0.376255,0.865079,-0.499577,0.014077,-0.043161,0.000000,2.000000,1.000000,0.000000,0.000000
1.490000,0.493016,-0.114036,0.376242,0.865092,-0.499551,0.014107,-0.043190,0.000000,2.000000,1.000000,-0.000000,0.000000
1.495000,0.493313,-0.114069,0.376229,0.865105,-0.499525,0.014138,-0.043219,0.000000,2.000000,1.000000,0.000000,0.000000
1.500000,0.493610,-0.114101,0.376215,0.865118,-0.499499,0.014169,-0.043249,0.000000,2.000000,1.000000,0.000000,0.000000
1.505000,0.493907,-0.114134,0.376201,0.865130,-0.499474,0.014200,-0.043279,0.000000,2.000000,1.000000,0.000000,0.000000
1.510000,0.494204,-0.114166,0.376187,0.865143,-0.499450,0.014232,-0.043308,0.000000,2.000000,1.000000,0.000000,0.000000
1.515000,0.494500,-0.114197,0.376173,0.865155,-0.499426,0.014263,-0.043338,0.000000,2.000000,1.000000,0.000000,0.000000
1.520000,0.494797,-0.114229,0.376159,0.865166,-0.499402,0.014295,-0.043368,0.000000,2.000000,1.000000,-0.000000,0.000000
1.525000,0.495093,-0.114260,0.376144,0.865178,-0.499378,0.014327,-0.043398,0.000000,2.000000,1.000000,0.000000,0.000000
1.530000,0.495389,-0.114291,0.376129,0.865189,-0.499356,0.014359,-0.043428,0.000000,2.000000,1.000000,-0.000000,0.000000
1.535000,0.495684,-0.114321,0.376114,0.865200,-0.499333,0.014391,-0.043459,0.000000,2.000000,1.000000,-0.000000,0.000000
1.540000,0.495980,-0.114352,0.376098,0.865210,-0.499311,0.014423,-0.043489,0.000000,2.000000,1.000000,-0.000000,0.000000
1.545000,0.496274,-0.114382,0.376083,0.865221,-0.499290,0.014455,-0.043519,0.000000,2.000000,1.000000,0.000000,0.000000
1.550000,0.496569,-0.114411,0.376067,0.865231,-0.499269,0.014486,-0.043549,0.000000,2.000000,1.000000,0.000000,0.000000
1.555000,0.496862,-0.114441,0.376050,0.865240,-0.499248,0.014518,-0.043579,0.000000,2.000000,1.000000,0.000000,0.000000
1.560000,0.497155,-0.114470,0.376034,0.865250,-0.499228,0.014550,-0.043609,0.000000,2.000000,1.000000,0.000000,0.000000
1.565000,0.497448,-0.114499,0.376017,0.865259,-0.499209,0.014581,-0.043639,0.000000,2.000000,1.000000,0.000000,0.000000
1.570000,0.497740,-0.114528,0.376000,0.865268,-0.499190,0.014612,-0.043668,0.000000,2.000000,1.000000,0.000000,0.000000
1.575000,0.498031,-0.114557,0.375983,0.865277,-0.499171,0.014643,-0.043698,0.000000,2.000000,1.000000,0.000000,0.000000
1.580000,0.498322,-0.114585,0.375965,0.865286,-0.499152,0.014674,-0.043728,0.000000,2.000000,1.000000,-0.000000,0.000000
1.585000,0.498611,-0.114614,0.375947,0.865294,-0.499134,0.014705,-0.043757,0.000000,2.000000,1.000000,-0.000000,0.000000
1.590000,0.498900,-0.114642,0.375929,0.865302,-0.499116,0.014735,-0.043786,0.000000,2.000000,1.000000,-0.000000,0.000000
1.595000,0.499189,-0.114670,0.375910,0.865311,-0.499099,0.014765,-0.043816,0.000000,2.000000,1.000000,-0.000000,0.000000
1.600000,0.499476,-0.114698,0.375891,0.865318,-0.499082,0.014795,-0.043845,0.000000,2.000000,1.000000,-0.000000,0.000000
1.605000,0.499763,-0.114725,0.375872,0.865326,-0.499065,0.014825,-0.043874,0.000000,2.000000,1.000000,0.000000,0.000000
1.610000,0.500049,-0.114753,0.375851,0.865334,-0.499049,0.014854,-0.043903,0.000000,2.000000,1.000000,-0.000000,0.000000
1.615000,0.500334,-0.114781,0.375831,0.865341,-0.499033,0.014883,-0.043932,0.000000,2.000000,1.000000,0.000000,0.000000
1.620000,0.500618,-0.114808,0.375809,0.865348,-0.499017,0.014912,-0.043961,0.000000,2.000000,1.000000,0.000000,0.000000
1.625000,0.500902,-0.114836,0.375787,0.865355,-0.499001,0.014940,-0.043989,0.000000,2.000000,1.000000,-0.000000,0.000000
1.630000,0.501185,-0.114863,0.375765,0.865362,-0.498986,0.014968,-0.044018,0.000000,2.000000,1.000000,-0.000000,0.000000
1.635000,0.501467,-0.114891,0.375741,0.865369,-0.498971,0.014996,-0.044047,0.000000,2.000000,1.000000,-0.000000,0.000000
1.640000,0.501748,-0.114918,0.375717,0.865376,-0.498956,0.015023,-0.044075,0.000000,2.000000,1.000000,-0.000000,0.000000
1.645000,0.502028,-0.114946,0.375692,0.865382,-0.498941,0.015049,-0.044103,0.000000,2.000000,1.000000,0.000000,0.000000
1.650000,0.502307,-0.114974,0.375666,0.865388,-0.498927,0.015076,-0.044132,0.000000,2.000000,1.000000,0.000000,0.000000
1.655000,0.502585,-0.115001,0.375639,0.865394,-0.498913,0.015101,-0.044159,0.000000,2.000000,1.000000,-0.000000,0.000000
1.660000,0.502863,-0.115029,0.375612,0.865400,-0.498900,0.015126,-0.044187,0.000000,2.000000,1.000000,0.000000,0.000000
1.665000,0.503139,-0.115058,0.375583,0.865406,-0.498886,0.015151,-0.044215,0.000000,2.000000,1.000000,-0.000000,0.000000
1.670000,0.503415,-0.115086,0.375554,0.865412,-0.498873,0.015175,-0.044242,0.000000,2.000000,1.000000,-0.000000,0.000000
1.675000,0.503689,-0.115115,0.375523,0.865417,-0.498860,0.015199,-0.044270,0.000000,2.000000,1.000000,0.000000,0.000000
1.680000,0.503962,-0.115143,0.375492,0.865423,-0.498848,0.015223,-0.044297,0.000000,2.000000,1.000000,0.000000,0.000000
1.685000,0.504235,-0.115173,0.375460,0.865428,-0.498835,0.015247,-0.044323,0.000000,2.000000,1.000000,-0.000000,0.000000
1.690000,0.504506,-0.115202,0.375427,0.865434,-0.498823,0.015270,-0.044350,0.000000,2.000000,1.000000,0.000000,0.000000
1.695000,0.504777,-0.115232,0.375394,0.865439,-0.498811,0.015293,-0.044376,0.000000,2.000000,1.000000,0.000000,0.000000
1.700000,0.505046,-0.115262,0.375359,0.865444,-0.498799,0.015317,-0.044403,0.000000,2.000000,1.000000,-0.000000,0.000000
1.705000,0.505315,-0.115293,0.375324,0.865449,-0.498788,0.015340,-0.044429,0.000000,2.000000,1.000000,-0.000000,0.000000
1.710000,0.505583,-0.115324,0.375288,0.865454,-0.498776,0.015364,-0.044454,0.000000,2.000000,1.000000,-0.000000,0.000000
1.715000,0.505849,-0.115355,0.375251,0.865458,-0.498765,0.015388,-0.044480,0.000000,2.000000,1.000000,-0.000000,0.000000
1.720000,0.506115,-0.115387,0.375214,0.865463,-0.498754,0.015412,-0.044505,0.000000,2.000000,1.000000,0.000000,0.000000
1.725000,0.506381,-0.115420,0.375176,0.865468,-0.498743,0.015437,-0.044531,0.000000,2.000000,1.000000,-0.000000,0.000000
1.730000,0.506645,-0.115453,0.375138,0.865472,-0.498732,0.015462,-0.044556,0.000000,2.000000,1.000000,0.000000,0.000000
1.735000,0.506908,-0.115486,0.375099,0.865476,-0.498722,0.015488,-0.044581,0.000000,2.000000,1.000000,0.000000,0.000000
1.740000,0.507171,-0.115520,0.375059,0.865481,-0.498711,0.015515,-0.044605,0.000000,2.000000,1.000000,-0.000000,0.000000
1.745000,0.507433,-0.115555,0.375019,0.865485,-0.498701,0.015541,-0.044630,0.000000,2.000000,1.000000,0.000000,0.000000
1.750000,0.507693,-0.115590,0.374979,0.865489,-0.498691,0.015568,-0.044654,0.000000,2.000000,1.000000,-0.000000,0.000000
1.755000,0.507953,-0.115626,0.374938,0.865493,-0.498681,0.015596,-0.044679,0.000000,2.000000,1.000000,-0.000000,0.000000
1.760000,0.508212,-0.115662,0.374896,0.865496,-0.498672,0.015623,-0.044703,0.000000,2.000000,1.000000,0.000000,0.000000
1.765000,0.508470,-0.115698,0.374854,0.865500,-0.498662,0.015651,-0.044727,0.000000,2.000000,1.000000,0.000000,0.000000
1.770000,0.508728,-0.115736,0.374811,0.865504,-0.498653,0.015680,-0.044751,0.000000,2.000000,1.000000,0.000000,0.000000
1.775000,0.508984,-0.115773,0.374768,0.865507,-0.498644,0.015709,-0.044775,0.000000,2.000000,1.000000,-0.000000,0.000000
1.780000,0.509239,-0.115812,0.374725,0.865511,-0.498635,0.015738,-0.044798,0.000000,2.000000,1.000000,0.000000,0.000000
1.785000,0.509494,-0.115850,0.374681,0.865514,-0.498626,0.015767,-0.044822,0.000000,2.000000,1.000000,0.000000,0.000000
1.790000,0.509747,-0.115890,0.374636,0.865517,-0.498618,0.015796,-0.044845,0.000000,2.000000,1.000000,-0.000000,0.000000
1.795000,0.510000,-0.115930,0.374591,0.865520,-0.498609,0.015826,-0.044868,0.000000,2.000000,1.000000,0.000000,0.000000
1.800000,0.510251,-0.115970,0.374546,0.865523,-0.498601,0.015856,-0.044891,0.000000,2.000000,1.000000,-0.000000,0.000000
1.805000,0.510502,-0.116011,0.374500,0.865526,-0.498593,0.015886,-0.044914,0.000000,2.000000,1.000000,-0.000000,0.000000
1.810000,0.510752,-0.116053,0.374454,0.865529,-0.498585,0.015917,-0.044937,0.000000,2.000000,1.000000,0.000000,0.000000
1.815000,0.511001,-0.116095,0.374407,0.865532,-0.498577,0.015947,-0.044960,0.000000,2.000000,1.000000,0.000000,0.000000
1.820000,0.511249,-0.116138,0.374360,0.865534,-0.498570,0.015978,-0.044983,0.000000,2.000000,1.000000,0.000000,0.000000
1.825000,0.511496,-0.116181,0.374312,0.865537,-0.498562,0.016008,-0.045006,0.000000,2.000000,1.000000,-0.000000,0.000000
1.830000,0.511742,-0.116225,0.374264,0.865539,-0.498555,0.016038,-0.045029,0.000000,2.000000,1.000000,-0.000000,0.000000
1.835000,0.511987,-0.116269,0.374215,0.865542,-0.498548,0.016069,-0.045051,0.000000,2.000000,1.000000,-0.000000,0.000000
1.840000,0.512232,-0.116314,0.374165,0.865544,-0.498541,0.016100,-0.045074,0.000000,2.000000,1.000000,-0.000000,0.000000
1.845000,0.512475,-0.116359,0.374116,0.865546,-0.498534,0.016130,-0.045096,0.000000,2.000000,1.000000,-0.000000,0.000000
1.850000,0.512718,-0.116405,0.374065,0.865548,-0.498527,0.016161,-0.045119,0.000000,2.000000,1.000000,-0.000000,0.000000
1.855000,0.512960,-0.116452,0.374015,0.865551,-0.498520,0.016192,-0.045141,0.000000,2.000000,1.000000,-0.000000,0.000000
1.860000,0.513201,-0.116499,0.373963,0.865553,-0.498514,0.016223,-0.045164,0.000000,2.000000,1.000000,0.000000,0.000000
1.865000,0.513441,-0.116546,0.373912,0.865555,-0.498507,0.016254,-0.045186,0.000000,2.000000,1.000000,-0.000000,0.000000
1.870000,0.513681,-0.116594,0.373860,0.865556,-0.498501,0.016286,-0.045209,0.000000,2.000000,1.000000,-0.000000,0.000000
1.875000,0.513920,-0.116643,0.373807,0.865558,-0.498494,0.016317,-0.045231,0.000000,2.000000,1.000000,-0.000000,0.000000
1.880000,0.514159,-0.116692,0.373754,0.865560,-0.498488,0.016349,-0.045254,0.000000,2.000000,1.000000,-0.000000,0.000000
1.885000,0.514397,-0.116742,0.373701,0.865562,-0.498482,0.016381,-0.045276,0.000000,2.000000,1.000000,-0.000000,0.000000
1.890000,0.514634,-0.116792,0.373647,0.865564,-0.498476,0.016414,-0.045299,0.000000,2.000000,1.000000,0.000000,0.000000
1.895000,0.514871,-0.116843,0.373593,0.865565,-0.498470,0.016447,-0.045322,0.000000,2.000000,1.000000,-0.000000,0.000000
1.900000,0.515108,-0.116895,0.373539,0.865567,-0.498464,0.016480,-0.045345,0.000000,2.000000,1.000000,-0.000000,0.000000
1.905000,0.515344,-0.116946,0.373484,0.865568,-0.498458,0.016513,-0.045367,0.000000,2.000000,1.000000,-0.000000,0.000000
1.910000,0.515579,-0.116999,0.373429,0.865570,-0.498452,0.016547,-0.045390,0.000000,2.000000,1.000000,0.000000,0.000000
1.915000,0.515814,-0.117051,0.373374,0.865571,-0.498447,0.016581,-0.045413,0.000000,2.000000,1.000000,0.000000,0.000000
1.920000,0.516049,-0.117105,0.373318,0.865573,-0.498441,0.016616,-0.045436,0.000000,2.000000,1.000000,-0.000000,0.000000
1.925000,0.516283,-0.117158,0.373262,0.865574,-0.498436,0.016650,-0.045459,0.000000,2.000000,1.000000,-0.000000,0.000000
1.930000,0.516517,-0.117212,0.373206,0.865575,-0.498431,0.016685,-0.045483,0.000000,2.000000,1.000000,0.000000,0.000000
1.935000,0.516751,-0.117267,0.373150,0.865576,-0.498426,0.016720,-0.045506,0.000000,2.000000,1.000000,0.000000,0.000000
1.940000,0.516984,-0.117322,0.373093,0.865577,-0.498421,0.016755,-0.045529,0.000000,2.000000,1.000000,0.000000,0.000000
1.945000,0.517217,-0.117378,0.373036,0.865577,-0.498416,0.016791,-0.045552,0.000000,2.000000,1.000000,0.000000,0.000000
1.950000,0.517450,-0.117434,0.372979,0.865578,-0.498412,0.016827,-0.045575,0.000000,2.000000,1.000000,0.000000,0.000000
1.955000,0.517682,-0.117490,0.372922,0.865579,-0.498407,0.016864,-0.045599,0.000000,2.000000,1.000000,-0.000000,0.000000
1.960000,0.517914,-0.117547,0.372864,0.865579,-0.498403,0.016900,-0.045622,0.000000,2.000000,1.000000,0.000000,0.000000
1.965000,0.518146,-0.117605,0.372807,0.865580,-0.498399,0.016938,-0.045645,0.000000,2.000000,1.000000,0.000000,0.000000
1.970000,0.518378,-0.117662,0.372749,0.865580,-0.498395,0.016975,-0.045669,0.000000,2.000000,1.000000,-0.000000,0.000000
1.975000,0.518610,-0.117721,0.372691,0.865580,-0.498391,0.017013,-0.045692,0.000000,2.000000,1.000000,0.000000,0.000000
1.980000,0.518842,-0.117779,0.372634,0.865580,-0.498388,0.017051,-0.045716,0.000000,2.000000,1.000000,0.000000,0.000000
1.985000,0.519073,-0.117838,0.372576,0.865580,-0.498384,0.017089,-0.045739,0.000000,2.000000,1.000000,0.000000,0.000000
1.990000,0.519304,-0.117897,0.372518,0.865580,-0.498381,0.017127,-0.045763,0.000000,2.000000,1.000000,0.000000,0.000000
1.995000,0.519535,-0.117956,0.372460,0.865580,-0.498377,0.017166,-0.045787,0.000000,2.000000,1.000000,-0.000000,0.000000
2.000000,0.519765,-0.118016,0.372401,0.865580,-0.498374,0.017204,-0.045811,0.000000,2.000000,1.000000,-0.000000,0.000000
2.005000,0.519996,-0.118076,0.372343,0.865580,-0.498371,0.017242,-0.045835,0.000000,2.000000,1.000000,-0.000000,0.000000
2.010000,0.520226,-0.118136,0.372285,0.865579,-0.498368,0.017280,-0.045859,0.000000,2.000000,1.000000,0.000000,0.000000
2.015000,0.520456,-0.118196,0.372227,0.865579,-0.498365,0.017318,-0.045883,0.000000,2.000000,1.000000,0.000000,0.000000
2.020000,0.520685,-0.118256,0.372169,0.865579,-0.498362,0.017357,-0.045908,0.000000,2.000000,1.000000,0.000000,0.000000
2.025000,0.520915,-0.118316,0.372111,0.865578,-0.498359,0.017395,-0.045932,0.000000,2.000000,1.000000,0.000000,0.000000
2.030000,0.521144,-0.118377,0.372053,0.865578,-0.498356,0.017433,-0.045957,0.000000,2.000000,1.000000,-0.000000,0.000000
2.035000,0.521373,-0.118437,0.371995,0.865578,-0.498353,0.017470,-0.045981,0.000000,2.000000,1.000000,-0.000000,0.000000
2.040000,0.521601,-0.118498,0.371938,0.865577,-0.498350,0.017508,-0.046006,0.000000,2.000000,1.000000,0.000000,0.000000
2.045000,0.521829,-0.118558,0.371881,0.865577,-0.498347,0.017546,-0.046031,0.000000,2.000000,1.000000,0.000000,0.000000
2.050000,0.522057,-0.118618,0.371824,0.865577,-0.498344,0.017583,-0.046056,0.000000,2.000000,1.000000,-0.000000,0.000000
2.055000,0.522284,-0.118678,0.371767,0.865576,-0.498341,0.017620,-0.046081,0.000000,2.000000,1.000000,0.000000,0.000000
2.060000,0.522511,-0.118737,0.371710,0.865576,-0.498337,0.017656,-0.046107,0.000000,2.000000,1.000000,0.000000,0.000000
2.065000,0.522738,-0.118796,0.371654,0.865576,-0.498334,0.017692,-0.046132,0.000000,2.000000,1.000000,0.000000,0.000000
2.070000,0.522964,-0.118855,0.371598,0.865576,-0.498331,0.017728,-0.046158,0.000000,2.000000,1.000000,0.000000,0.000000
2.075000,0.523189,-0.118914,0.371542,0.865576,-0.498327,0.017762,-0.046184,0.000000,2.000000,1.000000,-0.000000,0.000000
2.080000,0.523414,-0.118972,0.371487,0.865576,-0.498323,0.017796,-0.046210,0.000000,2.000000,1.000000,0.000000,0.000000
2.085000,0.523637,-0.119029,0.371432,0.865576,-0.498319,0.017829,-0.046237,0.000000,2.000000,1.000000,0.000000,0.000000
2.090000,0.523860,-0.119085,0.371377,0.865577,-0.498315,0.017860,-0.046263,0.000000,2.000000,1.000000,-0.000000,0.000000
2.095000,0.524082,-0.119141,0.371322,0.865577,-0.498310,0.017890,-0.046290,0.000000,2.000000,1.000000,0.000000,0.000000
2.100000,0.524303,-0.119195,0.371267,0.865578,-0.498305,0.017918,-0.046317,0.000000,2.000000,1.000000,0.000000,0.000000
2.105000,0.524523,-0.119249,0.371213,0.865579,-0.498301,0.017945,-0.046345,0.000000,2.000000,1.000000,0.000000,0.000000
2.110000,0.524741,-0.119302,0.371159,0.865580,-0.498296,0.017970,-0.046373,0.000000,2.000000,1.000000,0.000000,0.000000
2.115000,0.524958,-0.119353,0.371105,0.865581,-0.498291,0.017993,-0.046401,0.000000,2.000000,1.000000,-0.000000,0.000000
2.120000,0.525174,-0.119403,0.371051,0.865582,-0.498285,0.018014,-0.046429,0.000000,2.000000,1.000000,0.000000,0.000000
2.125000,0.525389,-0.119451,0.370998,0.865583,-0.498280,0.018033,-0.046459,0.000000,2.000000,1.000000,-0.000000,0.000000
2.130000,0.525603,-0.119498,0.370945,0.865584,-0.498275,0.018051,-0.046488,0.000000,2.000000,1.000000,-0.000000,0.000000
2.135000,0.525815,-0.119543,0.370892,0.865585,-0.498269,0.018067,-0.046518,0.000000,2.000000,1.000000,0.000000,0.000000
2.140000,0.526026,-0.119587,0.370839,0.865586,-0.498263,0.018081,-0.046549,0.000000,2.000000,1.000000,-0.000000,0.000000
2.145000,0.526235,-0.119628,0.370788,0.865588,-0.498258,0.018093,-0.046580,0.000000,2.000000,1.000000,0.000000,0.000000
2.150000,0.526443,-0.119667,0.370736,0.865589,-0.498251,0.018103,-0.046612,0.000000,2.000000,1.000000,0.000000,0.000000
2.155000,0.526649,-0.119705,0.370685,0.865591,-0.498245,0.018112,-0.046645,0.000000,2.000000,1.000000,0.000000,0.000000
2.160000,0.526855,-0.119739,0.370635,0.865593,-0.498239,0.018118,-0.046678,0.000000,2.000000,1.000000,-0.000000,0.000000
2.165000,0.527058,-0.119772,0.370585,0.865595,-0.498232,0.018123,-0.046713,0.000000,2.000000,1.000000,0.000000,0.000000
2.170000,0.527261,-0.119801,0.370536,0.865597,-0.498225,0.018126,-0.046748,0.000000,2.000000,1.000000,-0.000000,0.000000
2.175000,0.527461,-0.119828,0.370488,0.865599,-0.498218,0.018127,-0.046783,0.000000,2.000000,1.000000,0.000000,0.000000
2.180000,0.527661,-0.119852,0.370441,0.865601,-0.498211,0.018126,-0.046820,0.000000,2.000000,1.000000,-0.000000,0.000000
2.185000,0.527858,-0.119873,0.370394,0.865603,-0.498203,0.018123,-0.046857,0.000000,2.000000,1.000000,-0.000000,0.000000
2.190000,0.528054,-0.119891,0.370348,0.865606,-0.498196,0.018117,-0.046896,0.000000,2.000000,1.000000,0.000000,0.000000
2.195000,0.528247,-0.119905,0.370302,0.865608,-0.498188,0.018109,-0.046935,0.000000,2.000000,1.000000,-0.000000,0.000000
2.200000,0.528439,-0.119916,0.370258,0.865611,-0.498181,0.018098,-0.046975,0.000000,2.000000,1.000000,-0.000000,0.000000
2.205000,0.528629,-0.119923,0.370214,0.865613,-0.498173,0.018085,-0.047015,0.000000,2.000000,1.000000,0.000000,0.000000
2.210000,0.528816,-0.119926,0.370171,0.865616,-0.498165,0.018069,-0.047056,0.000000,2.000000,1.000000,-0.000000,0.000000
2.215000,0.529002,-0.119926,0.370129,0.865618,-0.498158,0.018051,-0.047098,0.000000,2.000000,1.000000,-0.000000,0.000000
2.220000,0.529185,-0.119921,0.370088,0.865621,-0.498150,0.018030,-0.047140,0.000000,2.000000,1.000000,-0.000000,0.000000
2.225000,0.529365,-0.119912,0.370047,0.865624,-0.498142,0.018005,-0.047183,0.000000,2.000000,1.000000,0.000000,0.000000
2.230000,0.529543,-0.119898,0.370008,0.865626,-0.498134,0.017977,-0.047227,0.000000,2.000000,1.000000,-0.000000,0.000000
2.235000,0.529718,-0.119880,0.369969,0.865629,-0.498126,0.017947,-0.047271,0.000000,2.000000,1.000000,0.000000,0.000000
2.240000,0.529890,-0.119858,0.369931,0.865632,-0.498118,0.017913,-0.047315,0.000000,2.000000,1.000000,0.000000,0.000000
2.245000,0.530060,-0.119831,0.369894,0.865635,-0.498110,0.017876,-0.047360,0.000000,2.000000,1.000000,0.000000,0.000000
2.250000,0.530226,-0.119799,0.369858,0.865638,-0.498102,0.017836,-0.047405,0.000000,2.000000,1.000000,0.000000,0.000000
2.255000,0.530390,-0.119762,0.369822,0.865641,-0.498094,0.017793,-0.047451,0.000000,2.000000,1.000000,-0.000000,0.000000
2.260000,0.530550,-0.119720,0.369788,0.865644,-0.498086,0.017747,-0.047497,0.000000,2.000000,1.000000,-0.000000,0.000000
2.265000,0.530707,-0.119673,0.369754,0.865647,-0.498078,0.017697,-0.047544,0.000000,2.000000,1.000000,0.000000,0.000000
2.270000,0.530861,-0.119621,0.369721,0.865650,-0.498070,0.017645,-0.047591,0.000000,2.000000,1.000000,-0.000000,0.000000
2.275000,0.531012,-0.119563,0.369690,0.865653,-0.498062,0.017590,-0.047638,0.000000,2.000000,1.000000,0.000000,0.000000
2.280000,0.531160,-0.119500,0.369659,0.865657,-0.498054,0.017534,-0.047684,0.000000,2.000000,1.000000,0.000000,0.000000
2.285000,0.531306,-0.119433,0.369630,0.865660,-0.498045,0.017478,-0.047730,0.000000,2.000000,1.000000,0.000000,0.000000
2.290000,0.531449,-0.119361,0.369602,0.865664,-0.498037,0.017422,-0.047775,0.000000,2.000000,1.000000,0.000000,0.000000
2.295000,0.531589,-0.119284,0.369576,0.865667,-0.498028,0.017367,-0.047820,0.000000,2.000000,1.000000,-0.000000,0.000000
2.300000,0.531728,-0.119202,0.369551,0.865671,-0.498019,0.017312,-0.047863,0.000000,2.000000,1.000000,-0.000000,0.000000
2.305000,0.531864,-0.119116,0.369527,0.865675,-0.498010,0.017259,-0.047905,0.000000,2.000000,1.000000,-0.000000,0.000000
2.310000,0.531999,-0.119026,0.369506,0.865679,-0.498002,0.017208,-0.047945,0.000000,2.000000,1.000000,-0.000000,0.000000
2.315000,0.532133,-0.118934,0.369487,0.865682,-0.497994,0.017159,-0.047981,0.000000,2.000000,1.000000,0.000000,0.000000
2.320000,0.532265,-0.118839,0.369470,0.865686,-0.497985,0.017113,-0.048016,0.000000,2.000000,1.000000,0.000000,0.000000
2.325000,0.532398,-0.118741,0.369456,0.865690,-0.497977,0.017069,-0.048048,0.000000,2.000000,1.000000,0.000000,0.000000
2.330000,0.532529,-0.118638,0.369444,0.865694,-0.497968,0.017027,-0.048079,0.000000,2.000000,1.000000,-0.000000,0.000000
2.335000,0.532660,-0.118532,0.369433,0.865698,-0.497959,0.016987,-0.048109,0.000000,2.000000,1.000000,0.000000,0.000000
2.340000,0.532790,-0.118422,0.369425,0.865703,-0.497950,0.016948,-0.048138,0.000000,2.000000,1.000000,0.000000,0.000000
2.345000,0.532918,-0.118306,0.369418,0.865707,-0.497940,0.016909,-0.048168,0.000000,2.000000,1.000000,0.000000,0.000000
2.350000,0.533046,-0.118184,0.369412,0.865712,-0.497930,0.016868,-0.048200,0.000000,2.000000,1.000000,0.000000,0.000000
2.355000,0.533172,-0.118056,0.369408,0.865718,-0.497919,0.016826,-0.048233,0.000000,2.000000,1.000000,-0.000000,0.000000
2.360000,0.533297,-0.117920,0.369405,0.865723,-0.497908,0.016782,-0.048268,0.000000,2.000000,1.000000,0.000000,0.000000
2.365000,0.533421,-0.117778,0.369403,0.865729,-0.497896,0.016736,-0.048305,0.000000,2.000000,1.000000,-0.000000,0.000000
2.370000,0.533543,-0.117629,0.369402,0.865734,-0.497884,0.016688,-0.048344,0.000000,2.000000,1.000000,-0.000000,0.000000
2.375000,0.533664,-0.117472,0.369403,0.865740,-0.497872,0.016638,-0.048384,0.000000,2.000000,1.000000,-0.000000,0.000000
2.380000,0.533784,-0.117308,0.369406,0.865746,-0.497859,0.016587,-0.048426,0.000000,2.000000,1.000000,0.000000,0.000000
2.385000,0.533902,-0.117136,0.369409,0.865752,-0.497845,0.016533,-0.048470,0.000000,2.000000,1.000000,0.000000,0.000000
2.390000,0.534019,-0.116955,0.369415,0.865759,-0.497832,0.016478,-0.048516,0.000000,2.000000,1.000000,-0.000000,0.000000
2.395000,0.534135,-0.116766,0.369421,0.865765,-0.497817,0.016420,-0.048564,0.000000,2.000000,1.000000,0.000000,0.000000
2.400000,0.534251,-0.116569,0.369428,0.865772,-0.497802,0.016361,-0.048615,0.000000,2.000000,1.000000,-0.000000,0.000000
2.405000,0.534365,-0.116363,0.369436,0.865779,-0.497787,0.016299,-0.048668,0.000000,2.000000,1.000000,0.000000,0.000000
2.410000,0.534479,-0.116149,0.369444,0.865787,-0.497771,0.016236,-0.048724,0.000000,2.000000,1.000000,0.000000,0.000000
2.415000,0.534593,-0.115926,0.369453,0.865794,-0.497754,0.016171,-0.048782,0.000000,2.000000,1.000000,0.000000,0.000000
2.420000,0.534707,-0.115693,0.369462,0.865802,-0.497737,0.016104,-0.048843,0.000000,2.000000,1.000000,-0.000000,0.000000
2.425000,0.534820,-0.115452,0.369471,0.865810,-0.497720,0.016036,-0.048906,0.000000,2.000000,1.000000,-0.000000,0.000000
2.430000,0.534934,-0.115201,0.369480,0.865818,-0.497701,0.015966,-0.048973,0.000000,2.000000,1.000000,0.000000,0.000000
2.435000,0.535047,-0.114941,0.369490,0.865826,-0.497683,0.015895,-0.049041,0.000000,2.000000,1.000000,-0.000000,0.000000
2.440000,0.535161,-0.114672,0.369500,0.865834,-0.497663,0.015823,-0.049112,0.000000,2.000000,1.000000,0.000000,0.000000
2.445000,0.535275,-0.114393,0.369510,0.865843,-0.497644,0.015749,-0.049185,0.000000,2.000000,1.000000,-0.000000,0.000000
2.450000,0.535389,-0.114105,0.369520,0.865851,-0.497624,0.015676,-0.049260,0.000000,2.000000,1.000000,-0.000000,0.000000
2.455000,0.535504,-0.113806,0.369530,0.865860,-0.497603,0.015601,-0.049337,0.000000,2.000000,1.000000,0.000000,0.000000
2.460000,0.535619,-0.113499,0.369540,0.865869,-0.497582,0.015526,-0.049416,0.000000,2.000000,1.000000,-0.000000,0.000000
2.465000,0.535735,-0.113181,0.369550,0.865878,-0.497561,0.015450,-0.049496,0.000000,2.000000,1.000000,-0.000000,0.000000
2.470000,0.535851,-0.112854,0.369561,0.865887,-0.497539,0.015375,-0.049578,0.000000,2.000000,1.000000,-0.000000,0.000000
2.475000,0.535968,-0.112517,0.369571,0.865896,-0.497517,0.015299,-0.049660,0.000000,2.000000,1.000000,0.000000,0.000000
2.480000,0.536085,-0.112170,0.369582,0.865906,-0.497495,0.015224,-0.049743,0.000000,2.000000,1.000000,0.000000,0.000000
2.485000,0.536203,-0.111813,0.369594,0.865915,-0.497473,0.015149,-0.049826,0.000000,2.000000,1.000000,-0.000000,0.000000
2.490000,0.536321,-0.111447,0.369606,0.865924,-0.497450,0.015075,-0.049910,0.000000,2.000000,1.000000,0.000000,0.000000
2.495000,0.536440,-0.111071,0.369619,0.865934,-0.497428,0.015002,-0.049993,0.000000,2.000000,1.000000,0.000000,0.000000
2.500000,0.536559,-0.110685,0.369632,0.865943,-0.497405,0.014930,-0.050076,0.000000,2.000000,1.000000,0.000000,0.000000
2.505000,0.536678,-0.110289,0.369647,0.865953,-0.497382,0.014859,-0.050158,0.000000,2.000000,1.000000,0.000000,0.000000
2.510000,0.536798,-0.109884,0.369662,0.865963,-0.497359,0.014789,-0.050239,0.000000,2.000000,1.000000,0.000000,0.000000
2.515000,0.536918,-0.109469,0.369677,0.865973,-0.497336,0.014720,-0.050319,0.000000,2.000000,1.000000,0.000000,0.000000
2.520000,0.537038,-0.109044,0.369694,0.865983,-0.497312,0.014653,-0.050398,0.000000,2.000000,1.000000,-0.000000,0.000000
2.525000,0.537158,-0.108609,0.369712,0.865993,-0.497289,0.014587,-0.050475,0.000000,2.000000,1.000000,-0.000000,0.000000
2.530000,0.537279,-0.108165,0.369730,0.866003,-0.497265,0.014523,-0.050551,0.000000,2.000000,1.000000,-0.000000,0.000000
2.535000,0.537399,-0.107711,0.369750,0.866013,-0.497242,0.014461,-0.050626,0.000000,2.000000,1.000000,0.000000,0.000000
2.540000,0.537520,-0.107248,0.369770,0.866024,-0.497217,0.014399,-0.050699,0.000000,2.000000,1.000000,-0.000000,0.000000
2.545000,0.537641,-0.106775,0.369791,0.866035,-0.497193,0.014339,-0.050771,0.000000,2.000000,1.000000,-0.000000,0.000000
2.550000,0.537762,-0.106292,0.369813,0.866046,-0.497168,0.014280,-0.050843,0.000000,2.000000,1.000000,-0.000000,0.000000
2.555000,0.537883,-0.105800,0.369836,0.866057,-0.497143,0.014222,-0.050914,0.000000,2.000000,1.000000,-0.000000,0.000000
2.560000,0.538005,-0.105299,0.369860,0.866068,-0.497118,0.014165,-0.050985,0.000000,2.000000,1.000000,-0.000000,0.000000
2.565000,0.538127,-0.104788,0.369886,0.866080,-0.497092,0.014110,-0.051054,0.000000,2.000000,1.000000,0.000000,0.000000
2.570000,0.538248,-0.104269,0.369912,0.866091,-0.497066,0.014055,-0.051123,0.000000,2.000000,1.000000,0.000000,0.000000
2.575000,0.538371,-0.103741,0.369940,0.866103,-0.497040,0.014002,-0.051191,0.000000,2.000000,1.000000,0.000000,0.000000
2.580000,0.538493,-0.103204,0.369969,0.866115,-0.497013,0.013951,-0.051257,0.000000,2.000000,1.000000,0.000000,0.000000
2.585000,0.538615,-0.102659,0.369999,0.866127,-0.496987,0.013901,-0.051322,0.000000,2.000000,1.000000,0.000000,0.000000
2.590000,0.538737,-0.102106,0.370031,0.866140,-0.496961,0.013854,-0.051385,0.000000,2.000000,1.000000,-0.000000,0.000000
2.595000,0.538859,-0.101544,0.370064,0.866152,-0.496934,0.013808,-0.051445,0.000000,2.000000,1.000000,0.000000,0.000000
2.600000,0.538980,-0.100975,0.370098,0.866165,-0.496907,0.013765,-0.051504,0.000000,2.000000,1.000000,-0.000000,0.000000
2.605000,0.539101,-0.100398,0.370134,0.866177,-0.496880,0.013724,-0.051560,0.000000,2.000000,1.000000,0.000000,0.000000
2.610000,0.539222,-0.099813,0.370170,0.866190,-0.496854,0.013686,-0.051614,0.000000,2.000000,1.000000,-0.000000,0.000000
2.615000,0.539343,-0.099222,0.370208,0.866203,-0.496827,0.013650,-0.051665,0.000000,2.000000,1.000000,0.000000,0.000000
2.620000,0.539463,-0.098622,0.370247,0.866216,-0.496800,0.013617,-0.051714,0.000000,2.000000,1.000000,0.000000,0.000000
2.625000,0.539582,-0.098016,0.370286,0.866229,-0.496772,0.013586,-0.051760,0.000000,2.000000,1.000000,0.000000,0.000000
2.630000,0.539700,-0.097403,0.370326,0.866243,-0.496745,0.013558,-0.051803,0.000000,2.000000,1.000000,0.000000,0.000000
2.635000,0.539818,-0.096784,0.370368,0.866257,-0.496718,0.013533,-0.051843,0.000000,2.000000,1.000000,-0.000000,0.000000
2.640000,0.539935,-0.096157,0.370409,0.866270,-0.496691,0.013510,-0.051880,0.000000,2.000000,1.000000,-0.000000,0.000000
2.645000,0.540051,-0.095525,0.370452,0.866284,-0.496663,0.013490,-0.051914,0.000000,2.000000,1.000000,-0.000000,0.000000
2.650000,0.540167,-0.094886,0.370495,0.866299,-0.496635,0.013472,-0.051945,0.000000,2.000000,1.000000,-0.000000,0.000000
2.655000,0.540282,-0.094241,0.370539,0.866314,-0.496607,0.013455,-0.051971,0.000000,2.000000,1.000000,-0.000000,0.000000
2.660000,0.540397,-0.093590,0.370584,0.866329,-0.496579,0.013440,-0.051993,0.000000,2.000000,1.000000,-0.000000,0.000000
2.665000,0.540512,-0.092933,0.370629,0.866344,-0.496550,0.013427,-0.052010,0.000000,2.000000,1.000000,-0.000000,0.000000
2.670000,0.540626,-0.092270,0.370674,0.866360,-0.496521,0.013415,-0.052024,0.000000,2.000000,1.000000,-0.000000,0.000000
2.675000,0.540741,-0.091603,0.370721,0.866376,-0.496492,0.013404,-0.052033,0.000000,2.000000,1.000000,0.000000,0.000000
2.680000,0.540855,-0.090929,0.370767,0.866393,-0.496463,0.013396,-0.052038,0.000000,2.000000,1.000000,0.000000,0.000000
2.685000,0.540969,-0.090251,0.370814,0.866410,-0.496434,0.013388,-0.052039,0.000000,2.000000,1.000000,-0.000000,0.000000
2.690000,0.541082,-0.089568,0.370862,0.866427,-0.496405,0.013383,-0.052036,0.000000,2.000000,1.000000,0.000000,0.000000
2.695000,0.541196,-0.088880,0.370909,0.866444,-0.496376,0.013378,-0.052028,0.000000,2.000000,1.000000,-0.000000,0.000000
2.700000,0.541309,-0.088188,0.370957,0.866461,-0.496347,0.013375,-0.052017,0.000000,2.000000,1.000000,-0.000000,0.000000
2.705000,0.541422,-0.087492,0.371005,0.866479,-0.496318,0.013374,-0.052002,0.000000,2.000000,1.000000,0.000000,0.000000
2.710000,0.541534,-0.086792,0.371053,0.866496,-0.496289,0.013373,-0.051983,0.000000,2.000000,1.000000,0.000000,0.000000
2.715000,0.541646,-0.086087,0.371102,0.866514,-0.496261,0.013375,-0.051960,0.000000,2.000000,1.000000,0.000000,0.000000
2.720000,0.541758,-0.085380,0.371150,0.866532,-0.496232,0.013377,-0.051934,0.000000,2.000000,1.000000,0.000000,0.000000
2.725000,0.541869,-0.084669,0.371198,0.866550,-0.496204,0.013381,-0.051904,0.000000,2.000000,1.000000,0.000000,0.000000
2.730000,0.541980,-0.083955,0.371246,0.866568,-0.496176,0.013385,-0.051870,0.000000,2.000000,1.000000,-0.000000,0.000000
2.735000,0.542090,-0.083237,0.371293,0.866585,-0.496149,0.013391,-0.051832,0.000000,2.000000,1.000000,-0.000000,0.000000
2.740000,0.542199,-0.082518,0.371341,0.866603,-0.496122,0.013397,-0.051791,0.000000,2.000000,1.000000,0.000000,0.000000
2.745000,0.542307,-0.081795,0.371388,0.866621,-0.496095,0.013405,-0.051747,0.000000,2.000000,1.000000,0.000000,0.000000
2.750000,0.542415,-0.081071,0.371434,0.866639,-0.496068,0.013413,-0.051700,0.000000,2.000000,1.000000,0.000000,0.000000
2.755000,0.542521,-0.080344,0.371481,0.866657,-0.496042,0.013422,-0.051649,0.000000,2.000000,1.000000,0.000000,0.000000
2.760000,0.542627,-0.079616,0.371527,0.866676,-0.496015,0.013432,-0.051595,0.000000,2.000000,1.000000,0.000000,0.000000
2.765000,0.542732,-0.078886,0.371572,0.866694,-0.495989,0.013442,-0.051538,0.000000,2.000000,1.000000,-0.000000,0.000000
2.770000,0.542836,-0.078154,0.371617,0.866712,-0.495963,0.013453,-0.051479,0.000000,2.000000,1.000000,0.000000,0.000000
2.775000,0.542939,-0.077421,0.371662,0.866730,-0.495937,0.013464,-0.051416,0.000000,2.000000,1.000000,0.000000,0.000000
2.780000,0.543041,-0.076687,0.371706,0.866749,-0.495911,0.013476,-0.051351,0.000000,2.000000,1.000000,0.000000,0.000000
2.785000,0.543141,-0.075952,0.371750,0.866767,-0.495885,0.013489,-0.051283,0.000000,2.000000,1.000000,0.000000,0.000000
2.790000,0.543241,-0.075216,0.371794,0.866786,-0.495859,0.013503,-0.051213,0.000000,2.000000,1.000000,-0.000000,0.000000
2.795000,0.543339,-0.074480,0.371837,0.866805,-0.495833,0.013517,-0.051141,0.000000,2.000000,1.000000,-0.000000,0.000000
2.800000,0.543437,-0.073743,0.371880,0.866824,-0.495807,0.013531,-0.051066,0.000000,2.000000,1.000000,-0.000000,0.000000
2.805000,0.543533,-0.073006,0.371922,0.866844,-0.495781,0.013547,-0.050990,0.000000,2.000000,1.000000,-0.000000,0.000000
2.810000,0.543628,-0.072270,0.371965,0.866863,-0.495754,0.013563,-0.050911,0.000000,2.000000,1.000000,0.000000,0.000000
2.815000,0.543721,-0.071533,0.372007,0.866883,-0.495727,0.013581,-0.050831,0.000000,2.000000,1.000000,-0.000000,0.000000
2.820000,0.543814,-0.070797,0.372049,0.866904,-0.495699,0.013599,-0.050749,0.000000,2.000000,1.000000,0.000000,0.000000
2.825000,0.543905,-0.070062,0.372091,0.866924,-0.495672,0.013618,-0.050665,0.000000,2.000000,1.000000,0.000000,0.000000
2.830000,0.543996,-0.069327,0.372133,0.866945,-0.495643,0.013638,-0.050580,0.000000,2.000000,1.000000,0.000000,0.000000
2.835000,0.544085,-0.068594,0.372176,0.866966,-0.495614,0.013660,-0.050494,0.000000,2.000000,1.000000,0.000000,0.000000
2.840000,0.544172,-0.067862,0.372218,0.866988,-0.495585,0.013683,-0.050407,0.000000,2.000000,1.000000,0.000000,0.000000
2.845000,0.544258,-0.067131,0.372260,0.867009,-0.495555,0.013708,-0.050320,0.000000,2.000000,1.000000,-0.000000,0.000000
2.850000,0.544343,-0.066402,0.372303,0.867031,-0.495525,0.013735,-0.050232,0.000000,2.000000,1.000000,0.000000,0.000000
2.855000,0.544426,-0.065676,0.372346,0.867054,-0.495494,0.013764,-0.050144,0.000000,2.000000,1.000000,0.000000,0.000000
2.860000,0.544507,-0.064951,0.372389,0.867076,-0.495462,0.013795,-0.050057,0.000000,2.000000,1.000000,0.000000,0.000000
2.865000,0.544585,-0.064229,0.372432,0.867099,-0.495430,0.013829,-0.049969,0.000000,2.000000,1.000000,0.000000,0.000000
2.870000,0.544662,-0.063509,0.372476,0.867122,-0.495398,0.013865,-0.049882,0.000000,2.000000,1.000000,-0.000000,0.000000
2.875000,0.544736,-0.062793,0.372520,0.867145,-0.495365,0.013904,-0.049795,0.000000,2.000000,1.000000,0.000000,0.000000
2.880000,0.544808,-0.062079,0.372564,0.867169,-0.495331,0.013945,-0.049710,0.000000,2.000000,1.000000,0.000000,0.000000
2.885000,0.544878,-0.061369,0.372608,0.867193,-0.495296,0.013989,-0.049625,0.000000,2.000000,1.000000,0.000000,0.000000
2.890000,0.544945,-0.060663,0.372653,0.867217,-0.495261,0.014036,-0.049541,0.000000,2.000000,1.000000,0.000000,0.000000
2.895000,0.545009,-0.059960,0.372699,0.867242,-0.495225,0.014085,-0.049459,0.000000,2.000000,1.000000,0.000000,0.000000
2.900000,0.545070,-0.059261,0.372745,0.867266,-0.495188,0.014137,-0.049377,0.000000,2.000000,1.000000,0.000000,0.000000
2.905000,0.545128,-0.058566,0.372791,0.867292,-0.495150,0.014191,-0.049297,0.000000,2.000000,1.000000,0.000000,0.000000
2.910000,0.545183,-0.057875,0.372837,0.867317,-0.495112,0.014249,-0.049218,0.000000,2.000000,1.000000,0.000000,0.000000
2.915000,0.545234,-0.057189,0.372885,0.867343,-0.495073,0.014309,-0.049141,0.000000,2.000000,1.000000,-0.000000,0.000000
2.920000,0.545282,-0.056507,0.372932,0.867369,-0.495032,0.014371,-0.049066,0.000000,2.000000,1.000000,-0.000000,0.000000
2.925000,0.545327,-0.055830,0.372980,0.867396,-0.494991,0.014436,-0.048992,0.000000,2.000000,1.000000,-0.000000,0.000000
2.930000,0.545368,-0.055158,0.373028,0.867423,-0.494949,0.014504,-0.048921,0.000000,2.000000,1.000000,-0.000000,0.000000
2.935000,0.545406,-0.054491,0.373077,0.867450,-0.494906,0.014573,-0.048851,0.000000,2.000000,1.000000,0.000000,0.000000
2.940000,0.545440,-0.053828,0.373126,0.867477,-0.494862,0.014645,-0.048783,0.000000,2.000000,1.000000,-0.000000,0.000000
2.945000,0.545469,-0.053171,0.373176,0.867505,-0.494818,0.014719,-0.048717,0.000000,2.000000,1.000000,0.000000,0.000000
2.950000,0.545495,-0.052519,0.373226,0.867533,-0.494773,0.014794,-0.048653,0.000000,2.000000,1.000000,-0.000000,0.000000
2.955000,0.545517,-0.051872,0.373276,0.867562,-0.494726,0.014872,-0.048591,0.000000,2.000000,1.000000,0.000000,0.000000
2.960000,0.545535,-0.051231,0.373327,0.867591,-0.494679,0.014951,-0.048531,0.000000,2.000000,1.000000,-0.000000,0.000000
2.965000,0.545548,-0.050596,0.373378,0.867620,-0.494631,0.015032,-0.048474,0.000000,2.000000,1.000000,0.000000,0.000000
2.970000,0.545557,-0.049966,0.373429,0.867649,-0.494583,0.015115,-0.048418,0.000000,2.000000,1.000000,0.000000,0.000000
2.975000,0.545561,-0.049342,0.373480,0.867679,-0.494533,0.015199,-0.048365,0.000000,2.000000,1.000000,0.000000,0.000000
2.980000,0.545562,-0.048724,0.373532,0.867709,-0.494483,0.015284,-0.048315,0.000000,2.000000,1.000000,-0.000000,0.000000
2.985000,0.545558,-0.048111,0.373584,0.867739,-0.494431,0.015371,-0.048267,0.000000,2.000000,1.000000,-0.000000,0.000000
2.990000,0.545550,-0.047504,0.373636,0.867770,-0.494379,0.015460,-0.048223,0.000000,2.000000,1.000000,-0.000000,0.000000
2.995000,0.545538,-0.046903,0.373688,0.867801,-0.494325,0.015550,-0.048182,0.000000,2.000000,1.000000,0.000000,0.000000
3.000000,0.545522,-0.046308,0.373741,0.867833,-0.494270,0.015642,-0.048144,0.000000,2.000000,1.000000,-0.000000,0.000000
3.005000,0.545502,-0.045719,0.373793,0.867865,-0.494215,0.015736,-0.048110,0.000000,2.000000,1.000000,0.000000,0.000000
3.010000,0.545478,-0.045136,0.373846,0.867897,-0.494158,0.015831,-0.048079,0.000000,2.000000,1.000000,0.000000,0.000000
3.015000,0.545450,-0.044558,0.373899,0.867930,-0.494100,0.015928,-0.048052,0.000000,2.000000,1.000000,-0.000000,0.000000
3.020000,0.545418,-0.043986,0.373951,0.867963,-0.494042,0.016026,-0.048028,0.000000,2.000000,1.000000,-0.000000,0.000000
3.025000,0.545382,-0.043421,0.374004,0.867996,-0.493982,0.016126,-0.048007,0.000000,2.000000,1.000000,0.000000,0.000000
3.030000,0.545343,-0.042861,0.374057,0.868029,-0.493922,0.016228,-0.047990,0.000000,2.000000,1.000000,-0.000000,0.000000
3.035000,0.545300,-0.042306,0.374110,0.868063,-0.493860,0.016330,-0.047976,0.000000,2.000000,1.000000,0.000000,0.000000
3.040000,0.545253,-0.041758,0.374163,0.868097,-0.493798,0.016435,-0.047965,0.000000,2.000000,1.000000,0.000000,0.000000
3.045000,0.545203,-0.041216,0.374216,0.868132,-0.493734,0.016541,-0.047958,0.000000,2.000000,1.000000,0.000000,0.000000
3.050000,0.545149,-0.040679,0.374269,0.868167,-0.493670,0.016648,-0.047954,0.000000,2.000000,1.000000,0.000000,0.000000
3.055000,0.545092,-0.040148,0.374322,0.868202,-0.493604,0.016756,-0.047954,0.000000,2.000000,1.000000,0.000000,0.000000
3.060000,0.545032,-0.039622,0.374375,0.868237,-0.493538,0.016866,-0.047956,0.000000,2.000000,1.000000,0.000000,0.000000
3.065000,0.544969,-0.039102,0.374428,0.868273,-0.493471,0.016977,-0.047962,0.000000,2.000000,1.000000,-0.000000,0.000000
3.070000,0.544903,-0.038587,0.374481,0.868309,-0.493402,0.017089,-0.047971,0.000000,2.000000,1.000000,-0.000000,0.000000
3.075000,0.544833,-0.038078,0.374534,0.868346,-0.493333,0.017203,-0.047983,0.000000,2.000000,1.000000,0.000000,0.000000
3.080000,0.544761,-0.037574,0.374588,0.868383,-0.493263,0.017318,-0.047997,0.000000,2.000000,1.000000,-0.000000,0.000000
3.085000,0.544687,-0.037075,0.374642,0.868420,-0.493191,0.017434,-0.048015,0.000000,2.000000,1.000000,0.000000,0.000000
3.090000,0.544609,-0.036581,0.374696,0.868457,-0.493119,0.017552,-0.048035,0.000000,2.000000,1.000000,-0.000000,0.000000
3.095000,0.544529,-0.036092,0.374750,0.868495,-0.493046,0.017670,-0.048058,0.000000,2.000000,1.000000,0.000000,0.000000
3.100000,0.544447,-0.035608,0.374804,0.868533,-0.492972,0.017789,-0.048084,0.000000,2.000000,1.000000,-0.000000,0.000000
3.105000,0.544363,-0.035129,0.374858,0.868572,-0.492897,0.017910,-0.048113,0.000000,2.000000,1.000000,-0.000000,0.000000
3.110000,0.544276,-0.034654,0.374913,0.868610,-0.492822,0.018030,-0.048145,0.000000,2.000000,1.000000,-0.000000,0.000000
3.115000,0.544187,-0.034183,0.374968,0.868649,-0.492745,0.018152,-0.048179,0.000000,2.000000,1.000000,0.000000,0.000000
3.120000,0.544096,-0.033717,0.375023,0.868688,-0.492668,0.018274,-0.048215,0.000000,2.000000,1.000000,0.000000,0.000000
3.125000,0.544003,-0.033254,0.375079,0.868728,-0.492590,0.018396,-0.048255,0.000000,2.000000,1.000000,-0.000000,0.000000
3.130000,0.543908,-0.032796,0.375134,0.868767,-0.492512,0.018519,-0.048296,0.000000,2.000000,1.000000,0.000000,0.000000
3.135000,0.543811,-0.032341,0.375190,0.868807,-0.492433,0.018641,-0.048341,0.000000,2.000000,1.000000,0.000000,0.000000
3.140000,0.543713,-0.031890,0.375245,0.868847,-0.492353,0.018763,-0.048388,0.000000,2.000000,1.000000,-0.000000,0.000000
3.145000,0.543612,-0.031442,0.375301,0.868887,-0.492273,0.018885,-0.048437,0.000000,2.000000,1.000000,0.000000,0.000000
3.150000,0.543510,-0.030998,0.375356,0.868927,-0.492193,0.019006,-0.048489,0.000000,2.000000,1.000000,0.000000,0.000000
3.155000,0.543406,-0.030557,0.375411,0.868967,-0.492112,0.019126,-0.048543,0.000000,2.000000,1.000000,-0.000000,0.000000
3.160000,0.543301,-0.030119,0.375467,0.869007,-0.492030,0.019246,-0.048599,0.000000,2.000000,1.000000,0.000000,0.000000
3.165000,0.543194,-0.029683,0.375521,0.869048,-0.491949,0.019365,-0.048658,0.000000,2.000000,1.000000,-0.000000,0.000000
3.170000,0.543086,-0.029251,0.375576,0.869088,-0.491867,0.019483,-0.048718,0.000000,2.000000,1.000000,0.000000,0.000000
3.175000,0.542976,-0.028821,0.375630,0.869128,-0.491784,0.019600,-0.048781,0.000000,2.000000,1.000000,0.000000,0.000000
3.180000,0.542865,-0.028393,0.375684,0.869169,-0.491702,0.019715,-0.048846,0.000000,2.000000,1.000000,0.000000,0.000000
3.185000,0.542752,-0.027968,0.375737,0.869209,-0.491620,0.019829,-0.048913,0.000000,2.000000,1.000000,0.000000,0.000000
3.190000,0.542638,-0.027544,0.375790,0.869249,-0.491537,0.019942,-0.048982,0.000000,2.000000,1.000000,0.000000,0.000000
3.195000,0.542523,-0.027123,0.375842,0.869290,-0.491454,0.020053,-0.049053,0.000000,2.000000,1.000000,0.000000,0.000000
3.200000,0.542406,-0.026704,0.375894,0.869330,-0.491371,0.020162,-0.049126,0.000000,2.000000,1.000000,0.000000,0.000000
3.205000,0.542288,-0.026286,0.375944,0.869370,-0.491288,0.020270,-0.049200,0.000000,2.000000,1.000000,-0.000000,0.000000
3.210000,0.542169,-0.025870,0.375994,0.869410,-0.491205,0.020376,-0.049276,0.000000,2.000000,1.000000,-0.000000,0.000000
3.215000,0.542049,-0.025455,0.376044,0.869450,-0.491122,0.020480,-0.049354,0.000000,2.000000,1.000000,-0.000000,0.000000
3.220000,0.541928,-0.025042,0.376092,0.869490,-0.491039,0.020582,-0.049433,0.000000,2.000000,1.000000,0.000000,0.000000
3.225000,0.541806,-0.024629,0.376139,0.869531,-0.490956,0.020683,-0.049513,0.000000,2.000000,1.000000,0.000000,0.000000
3.230000,0.541682,-0.024218,0.376186,0.869571,-0.490872,0.020782,-0.049595,0.000000,2.000000,1.000000,-0.000000,0.000000
3.235000,0.541558,-0.023808,0.376232,0.869611,-0.490789,0.020879,-0.049677,0.000000,2.000000,1.000000,-0.000000,0.000000
3.240000,0.541433,-0.023398,0.376276,0.869651,-0.490705,0.020974,-0.049761,0.000000,2.000000,1.000000,0.000000,0.000000
3.245000,0.541307,-0.022990,0.376320,0.869691,-0.490622,0.021068,-0.049846,0.000000,2.000000,1.000000,0.000000,0.000000
3.250000,0.541180,-0.022581,0.376362,0.869731,-0.490538,0.021159,-0.049932,0.000000,2.000000,1.000000,0.000000,0.000000
3.255000,0.541053,-0.022173,0.376404,0.869771,-0.490454,0.021250,-0.050018,0.000000,2.000000,1.000000,-0.000000,0.000000
3.260000,0.540924,-0.021766,0.376445,0.869811,-0.490370,0.021338,-0.050106,0.000000,2.000000,1.000000,0.000000,0.000000
3.265000,0.540795,-0.021358,0.376484,0.869851,-0.490286,0.021425,-0.050194,0.000000,2.000000,1.000000,0.000000,0.000000
3.270000,0.540666,-0.020951,0.376523,0.869891,-0.490202,0.021511,-0.050282,0.000000,2.000000,1.000000,-0.000000,0.000000
3.275000,0.540536,-0.020544,0.376560,0.869931,-0.490118,0.021595,-0.050372,0.000000,2.000000,1.000000,0.000000,0.000000
3.280000,0.540405,-0.020136,0.376597,0.869972,-0.490034,0.021677,-0.050461,0.000000,2.000000,1.000000,0.000000,0.000000
3.285000,0.540274,-0.019729,0.376632,0.870012,-0.489950,0.021758,-0.050551,0.000000,2.000000,1.000000,0.000000,0.000000
3.290000,0.540142,-0.019321,0.376666,0.870052,-0.489866,0.021838,-0.050642,0.000000,2.000000,1.000000,0.000000,0.000000
3.295000,0.540010,-0.018912,0.376699,0.870092,-0.489781,0.021916,-0.050733,0.000000,2.000000,1.000000,0.000000,0.000000
3.300000,0.539877,-0.018504,0.376731,0.870132,-0.489697,0.021994,-0.050824,0.000000,2.000000,1.000000,-0.000000,0.000000
3.305000,0.539744,-0.018094,0.376762,0.870172,-0.489613,0.022070,-0.050916,0.000000,2.000000,1.000000,-0.000000,0.000000
3.310000,0.539611,-0.017684,0.376791,0.870212,-0.489528,0.022145,-0.051007,0.000000,2.000000,1.000000,0.000000,0.000000
3.315000,0.539477,-0.017273,0.376819,0.870253,-0.489444,0.022218,-0.051099,0.000000,2.000000,1.000000,0.000000,0.000000
3.320000,0.539342,-0.016862,0.376846,0.870293,-0.489360,0.022291,-0.051191,0.000000,2.000000,1.000000,-0.000000,0.000000
3.325000,0.539208,-0.016450,0.376872,0.870333,-0.489276,0.022363,-0.051283,0.000000,2.000000,1.000000,-0.000000,0.000000
3.330000,0.539073,-0.016036,0.376896,0.870373,-0.489192,0.022433,-0.051374,0.000000,2.000000,1.000000,-0.000000,0.000000
3.335000,0.538938,-0.015622,0.376919,0.870413,-0.489108,0.022504,-0.051465,0.000000,2.000000,1.000000,-0.000000,0.000000
3.340000,0.538802,-0.015207,0.376941,0.870453,-0.489023,0.022573,-0.051557,0.000000,2.000000,1.000000,0.000000,0.000000
3.345000,0.538667,-0.014791,0.376961,0.870493,-0.488939,0.022643,-0.051648,0.000000,2.000000,1.000000,-0.000000,0.000000
3.350000,0.538531,-0.014374,0.376981,0.870534,-0.488854,0.022712,-0.051739,0.000000,2.000000,1.000000,-0.000000,0.000000
3.355000,0.538395,-0.013956,0.376999,0.870574,-0.488769,0.022781,-0.051829,0.000000,2.000000,1.000000,-0.000000,0.000000
3.360000,0.538260,-0.013537,0.377016,0.870615,-0.488684,0.022851,-0.051919,0.000000,2.000000,1.000000,0.000000,0.000000
3.365000,0.538124,-0.013117,0.377032,0.870655,-0.488599,0.022920,-0.052009,0.000000,2.000000,1.000000,-0.000000,0.000000
3.370000,0.537989,-0.012696,0.377048,0.870696,-0.488514,0.022990,-0.052098,0.000000,2.000000,1.000000,-0.000000,0.000000
3.375000,0.537853,-0.012273,0.377062,0.870737,-0.488428,0.023061,-0.052187,0.000000,2.000000,1.000000,0.000000,0.000000
3.380000,0.537718,-0.011850,0.377075,0.870778,-0.488343,0.023133,-0.052276,0.000000,2.000000,1.000000,0.000000,0.000000
3.385000,0.537584,-0.011425,0.377087,0.870819,-0.488257,0.023206,-0.052363,0.000000,2.000000,1.000000,0.000000,0.000000
3.390000,0.537450,-0.011000,0.377099,0.870860,-0.488171,0.023280,-0.052451,0.000000,2.000000,1.000000,0.000000,0.000000
3.395000,0.537316,-0.010573,0.377110,0.870901,-0.488084,0.023356,-0.052537,0.000000,2.000000,1.000000,-0.000000,0.000000
3.400000,0.537182,-0.010146,0.377120,0.870942,-0.487998,0.023432,-0.052623,0.000000,2.000000,1.000000,0.000000,0.000000
3.405000,0.537050,-0.009717,0.377130,0.870983,-0.487912,0.023510,-0.052708,0.000000,2.000000,1.000000,0.000000,0.000000
3.410000,0.536917,-0.009288,0.377139,0.871024,-0.487825,0.023590,-0.052792,0.000000,2.000000,1.000000,-0.000000,0.000000
3.415000,0.536785,-0.008858,0.377147,0.871065,-0.487739,0.023672,-0.052876,0.000000,2.000000,1.000000,0.000000,0.000000
3.420000,0.536653,-0.008427,0.377155,0.871106,-0.487653,0.023755,-0.052958,0.000000,2.000000,1.000000,0.000000,0.000000
3.425000,0.536522,-0.007995,0.377162,0.871147,-0.487567,0.023839,-0.053039,0.000000,2.000000,1.000000,-0.000000,0.000000
3.430000,0.536391,-0.007563,0.377169,0.871188,-0.487481,0.023926,-0.053119,0.000000,2.000000,1.000000,-0.000000,0.000000
3.435000,0.536261,-0.007131,0.377175,0.871228,-0.487396,0.024014,-0.053198,0.000000,2.000000,1.000000,0.000000,0.000000
3.440000,0.536130,-0.006697,0.377180,0.871269,-0.487310,0.024103,-0.053276,0.000000,2.000000,1.000000,-0.000000,0.000000
3.445000,0.536001,-0.006264,0.377186,0.871309,-0.487225,0.024194,-0.053353,0.000000,2.000000,1.000000,0.000000,0.000000
3.450000,0.535871,-0.005830,0.377190,0.871349,-0.487141,0.024287,-0.053428,0.000000,2.000000,1.000000,0.000000,0.000000
3.455000,0.535742,-0.005395,0.377194,0.871389,-0.487056,0.024381,-0.053502,0.000000,2.000000,1.000000,-0.000000,0.000000
3.460000,0.535612,-0.004961,0.377198,0.871429,-0.486972,0.024476,-0.053576,0.000000,2.000000,1.000000,0.000000,0.000000
3.465000,0.535484,-0.004526,0.377200,0.871469,-0.486888,0.024572,-0.053647,0.000000,2.000000,1.000000,0.000000,0.000000
3.470000,0.535355,-0.004091,0.377203,0.871508,-0.486805,0.024671,-0.053718,0.000000,2.000000,1.000000,-0.000000,0.000000
3.475000,0.535226,-0.003656,0.377205,0.871547,-0.486722,0.024770,-0.053788,0.000000,2.000000,1.000000,0.000000,0.000000
3.480000,0.535098,-0.003221,0.377206,0.871587,-0.486639,0.024870,-0.053856,0.000000,2.000000,1.000000,-0.000000,0.000000
3.485000,0.534970,-0.002785,0.377206,0.871626,-0.486557,0.024972,-0.053924,0.000000,2.000000,1.000000,0.000000,0.000000
3.490000,0.534843,-0.002350,0.377206,0.871664,-0.486475,0.025076,-0.053990,0.000000,2.000000,1.000000,-0.000000,0.000000
3.495000,0.534715,-0.001915,0.377205,0.871703,-0.486393,0.025180,-0.054056,0.000000,2.000000,1.000000,-0.000000,0.000000
3.500000,0.534588,-0.001480,0.377204,0.871741,-0.486311,0.025285,-0.054120,0.000000,2.000000,1.000000,0.000000,0.000000
3.505000,0.534462,-0.001045,0.377202,0.871780,-0.486230,0.025392,-0.054184,0.000000,2.000000,1.000000,-0.000000,0.000000
3.510000,0.534335,-0.000610,0.377199,0.871818,-0.486148,0.025501,-0.054247,0.000000,2.000000,1.000000,-0.000000,0.000000
3.515000,0.534210,-0.000175,0.377196,0.871856,-0.486067,0.025610,-0.054310,0.000000,2.000000,1.000000,-0.000000,0.000000
3.520000,0.534085,0.000259,0.377193,0.871894,-0.485986,0.025721,-0.054372,0.000000,2.000000,1.000000,-0.000000,0.000000
3.525000,0.533960,0.000694,0.377189,0.871932,-0.485905,0.025834,-0.054434,0.000000,2.000000,1.000000,0.000000,0.000000
3.530000,0.533836,0.001128,0.377184,0.871970,-0.485824,0.025948,-0.054495,0.000000,2.000000,1.000000,-0.000000,0.000000
3.535000,0.533712,0.001563,0.377179,0.872008,-0.485743,0.026063,-0.054556,0.000000,2.000000,1.000000,0.000000,0.000000
3.540000,0.533590,0.001997,0.377173,0.872046,-0.485661,0.026180,-0.054617,0.000000,2.000000,1.000000,0.000000,0.000000
3.545000,0.533468,0.002431,0.377167,0.872084,-0.485580,0.026298,-0.054677,0.000000,2.000000,1.000000,0.000000,0.000000
3.550000,0.533347,0.002864,0.377161,0.872122,-0.485499,0.026419,-0.054737,0.000000,2.000000,1.000000,0.000000,0.000000
3.555000,0.533228,0.003297,0.377155,0.872159,-0.485418,0.026541,-0.054797,0.000000,2.000000,1.000000,-0.000000,0.000000
3.560000,0.533109,0.003730,0.377148,0.872197,-0.485338,0.026665,-0.054857,0.000000,2.000000,1.000000,-0.000000,0.000000
3.565000,0.532991,0.004163,0.377141,0.872234,-0.485257,0.026791,-0.054916,0.000000,2.000000,1.000000,0.000000,0.000000
3.570000,0.532874,0.004595,0.377134,0.872271,-0.485176,0.026918,-0.054976,0.000000,2.000000,1.000000,-0.000000,0.000000
3.575000,0.532759,0.005027,0.377127,0.872309,-0.485095,0.027047,-0.055035,0.000000,2.000000,1.000000,0.000000,0.000000
3.580000,0.532644,0.005459,0.377120,0.872346,-0.485015,0.027177,-0.055095,0.000000,2.000000,1.000000,0.000000,0.000000
3.585000,0.532531,0.005890,0.377112,0.872383,-0.484934,0.027308,-0.055154,0.000000,2.000000,1.000000,-0.000000,0.000000
3.590000,0.532418,0.006321,0.377104,0.872419,-0.484854,0.027439,-0.055214,0.000000,2.000000,1.000000,-0.000000,0.000000
3.595000,0.532307,0.006752,0.377096,0.872456,-0.484774,0.027571,-0.055275,0.000000,2.000000,1.000000,0.000000,0.000000
3.600000,0.532196,0.007183,0.377088,0.872492,-0.484694,0.027704,-0.055335,0.000000,2.000000,1.000000,0.000000,0.000000
3.605000,0.532087,0.007613,0.377080,0.872528,-0.484614,0.027837,-0.055396,0.000000,2.000000,1.000000,0.000000,0.000000
3.610000,0.531979,0.008043,0.377072,0.872565,-0.484534,0.027971,-0.055456,0.000000,2.000000,1.000000,0.000000,0.000000
3.615000,0.531872,0.008472,0.377064,0.872601,-0.484455,0.028105,-0.055517,0.000000,2.000000,1.000000,-0.000000,0.000000
3.620000,0.531766,0.008901,0.377057,0.872636,-0.484375,0.028239,-0.055579,0.000000,2.000000,1.000000,-0.000000,0.000000
3.625000,0.531661,0.009330,0.377049,0.872672,-0.484296,0.028374,-0.055640,0.000000,2.000000,1.000000,-0.000000,0.000000
3.630000,0.531558,0.009758,0.377041,0.872707,-0.484217,0.028509,-0.055701,0.000000,2.000000,1.000000,0.000000,0.000000
3.635000,0.531455,0.010185,0.377033,0.872743,-0.484139,0.028645,-0.055763,0.000000,2.000000,1.000000,0.000000,0.000000
3.640000,0.531355,0.010612,0.377026,0.872778,-0.484060,0.028780,-0.055825,0.000000,2.000000,1.000000,0.000000,0.000000
3.645000,0.531255,0.011038,0.377018,0.872813,-0.483982,0.028916,-0.055886,0.000000,2.000000,1.000000,-0.000000,0.000000
3.650000,0.531157,0.011463,0.377010,0.872848,-0.483904,0.029052,-0.055948,0.000000,2.000000,1.000000,0.000000,0.000000
3.655000,0.531060,0.011888,0.377003,0.872882,-0.483826,0.029188,-0.056011,0.000000,2.000000,1.000000,0.000000,0.000000
3.660000,0.530965,0.012312,0.376995,0.872917,-0.483748,0.029324,-0.056073,0.000000,2.000000,1.000000,-0.000000,0.000000
3.665000,0.530872,0.012735,0.376988,0.872951,-0.483671,0.029459,-0.056136,0.000000,2.000000,1.000000,0.000000,0.000000
3.670000,0.530779,0.013158,0.376980,0.872985,-0.483594,0.029595,-0.056198,0.000000,2.000000,1.000000,-0.000000,0.000000
3.675000,0.530689,0.013579,0.376973,0.873019,-0.483517,0.029730,-0.056261,0.000000,2.000000,1.000000,-0.000000,0.000000
3.680000,0.530599,0.014000,0.376965,0.873053,-0.483441,0.029865,-0.056324,0.000000,2.000000,1.000000,0.000000,0.000000
3.685000,0.530512,0.014421,0.376957,0.873086,-0.483364,0.029999,-0.056387,0.000000,2.000000,1.000000,-0.000000,0.000000
3.690000,0.530425,0.014840,0.376950,0.873120,-0.483288,0.030133,-0.056450,0.000000,2.000000,1.000000,-0.000000,0.000000
3.695000,0.530341,0.015259,0.376941,0.873153,-0.483213,0.030267,-0.056513,0.000000,2.000000,1.000000,0.000000,0.000000
3.700000,0.530258,0.015677,0.376933,0.873186,-0.483137,0.030399,-0.056577,0.000000,2.000000,1.000000,0.000000,0.000000
3.705000,0.530176,0.016094,0.376924,0.873218,-0.483062,0.030531,-0.056640,0.000000,2.000000,1.000000,0.000000,0.000000
3.710000,0.530096,0.016510,0.376916,0.873251,-0.482988,0.030662,-0.056704,0.000000,2.000000,1.000000,-0.000000,0.000000
3.715000,0.530018,0.016925,0.376906,0.873283,-0.482913,0.030792,-0.056768,0.000000,2.000000,1.000000,-0.000000,0.000000
3.720000,0.529941,0.017339,0.376897,0.873315,-0.482840,0.030921,-0.056831,0.000000,2.000000,1.000000,-0.000000,0.000000
3.725000,0.529866,0.017753,0.376886,0.873347,-0.482766,0.031049,-0.056895,0.000000,2.000000,1.000000,0.000000,0.000000
3.730000,0.529792,0.018165,0.376875,0.873379,-0.482693,0.031176,-0.056959,0.000000,2.000000,1.000000,-0.000000,0.000000
3.735000,0.529720,0.018577,0.376864,0.873411,-0.482621,0.031301,-0.057022,0.000000,2.000000,1.000000,-0.000000,0.000000
3.740000,0.529649,0.018987,0.376852,0.873442,-0.482548,0.031426,-0.057086,0.000000,2.000000,1.000000,0.000000,0.000000
3.745000,0.529579,0.019397,0.376839,0.873473,-0.482477,0.031549,-0.057150,0.000000,2.000000,1.000000,0.000000,0.000000
3.750000,0.529511,0.019805,0.376826,0.873504,-0.482405,0.031670,-0.057213,0.000000,2.000000,1.000000,0.000000,0.000000
3.755000,0.529445,0.020213,0.376811,0.873534,-0.482335,0.031790,-0.057277,0.000000,2.000000,1.000000,0.000000,0.000000
3.760000,0.529379,0.020619,0.376796,0.873565,-0.482264,0.031908,-0.057340,0.000000,2.000000,1.000000,0.000000,0.000000
3.765000,0.529315,0.021025,0.376780,0.873595,-0.482194,0.032024,-0.057403,0.000000,2.000000,1.000000,-0.000000,0.000000
3.770000,0.529253,0.021429,0.376763,0.873625,-0.482125,0.032139,-0.057467,0.000000,2.000000,1.000000,0.000000,0.000000
3.775000,0.529191,0.021833,0.376745,0.873655,-0.482056,0.032253,-0.057530,0.000000,2.000000,1.000000,-0.000000,0.000000
3.780000,0.529131,0.022235,0.376726,0.873684,-0.481987,0.032364,-0.057593,0.000000,2.000000,1.000000,0.000000,0.000000
3.785000,0.529072,0.022636,0.376705,0.873714,-0.481919,0.032474,-0.057655,0.000000,2.000000,1.000000,0.000000,0.000000
3.790000,0.529014,0.023037,0.376684,0.873743,-0.481851,0.032582,-0.057718,0.000000,2.000000,1.000000,-0.000000,0.000000
3.795000,0.528958,0.023436,0.376662,0.873772,-0.481783,0.032688,-0.057781,0.000000,2.000000,1.000000,0.000000,0.000000
3.800000,0.528902,0.023834,0.376638,0.873801,-0.481716,0.032792,-0.057843,0.000000,2.000000,1.000000,0.000000,0.000000
3.805000,0.528848,0.024232,0.376613,0.873830,-0.481650,0.032894,-0.057905,0.000000,2.000000,1.000000,0.000000,0.000000
3.810000,0.528794,0.024628,0.376587,0.873859,-0.481583,0.032995,-0.057968,0.000000,2.000000,1.000000,0.000000,0.000000
3.815000,0.528742,0.025024,0.376559,0.873887,-0.481517,0.033094,-0.058030,0.000000,2.000000,1.000000,-0.000000,0.000000
3.820000,0.528690,0.025418,0.376531,0.873916,-0.481451,0.033191,-0.058092,0.000000,2.000000,1.000000,-0.000000,0.000000
3.825000,0.528639,0.025812,0.376501,0.873944,-0.481385,0.033286,-0.058154,0.000000,2.000000,1.000000,0.000000,0.000000
3.830000,0.528590,0.026205,0.376470,0.873973,-0.481320,0.033380,-0.058216,0.000000,2.000000,1.000000,0.000000,0.000000
3.835000,0.528541,0.026596,0.376437,0.874001,-0.481254,0.033471,-0.058278,0.000000,2.000000,1.000000,-0.000000,0.000000
3.840000,0.528493,0.026988,0.376404,0.874029,-0.481189,0.033562,-0.058340,0.000000,2.000000,1.000000,-0.000000,0.000000
3.845000,0.528445,0.027378,0.376369,0.874057,-0.481124,0.033650,-0.058402,0.000000,2.000000,1.000000,-0.000000,0.000000
3.850000,0.528399,0.027767,0.376333,0.874086,-0.481059,0.033737,-0.058465,0.000000,2.000000,1.000000,0.000000,0.000000
3.855000,0.528353,0.028156,0.376296,0.874114,-0.480994,0.033823,-0.058527,0.000000,2.000000,1.000000,-0.000000,0.000000
3.860000,0.528308,0.028545,0.376257,0.874142,-0.480929,0.033907,-0.058589,0.000000,2.000000,1.000000,-0.000000,0.000000
3.865000,0.528264,0.028932,0.376218,0.874171,-0.480864,0.033990,-0.058652,0.000000,2.000000,1.000000,-0.000000,0.000000
3.870000,0.528220,0.029319,0.376177,0.874199,-0.480799,0.034071,-0.058715,0.000000,2.000000,1.000000,-0.000000,0.000000
3.875000,0.528177,0.029706,0.376136,0.874228,-0.480733,0.034151,-0.058778,0.000000,2.000000,1.000000,-0.000000,0.000000
3.880000,0.528135,0.030092,0.376094,0.874256,-0.480668,0.034230,-0.058841,0.000000,2.000000,1.000000,0.000000,0.000000
3.885000,0.528093,0.030478,0.376050,0.874285,-0.480602,0.034308,-0.058905,0.000000,2.000000,1.000000,0.000000,0.000000
3.890000,0.528052,0.030864,0.376006,0.874314,-0.480536,0.034385,-0.058969,0.000000,2.000000,1.000000,-0.000000,0.000000
3.895000,0.528012,0.031249,0.375961,0.874343,-0.480470,0.034462,-0.059033,0.000000,2.000000,1.000000,0.000000,0.000000
3.900000,0.527972,0.031634,0.375916,0.874372,-0.480404,0.034537,-0.059098,0.000000,2.000000,1.000000,-0.000000,0.000000
3.905000,0.527932,0.032019,0.375869,0.874402,-0.480337,0.034611,-0.059163,0.000000,2.000000,1.000000,-0.000000,0.000000
3.910000,0.527894,0.032404,0.375822,0.874431,-0.480270,0.034685,-0.059228,0.000000,2.000000,1.000000,0.000000,0.000000
3.915000,0.527855,0.032790,0.375775,0.874461,-0.480202,0.034758,-0.059294,0.000000,2.000000,1.000000,-0.000000,0.000000
3.920000,0.527818,0.033175,0.375727,0.874491,-0.480134,0.034831,-0.059360,0.000000,2.000000,1.000000,0.000000,0.000000
3.925000,0.527780,0.033560,0.375679,0.874521,-0.480066,0.034903,-0.059427,0.000000,2.000000,1.000000,-0.000000,0.000000
3.930000,0.527743,0.033946,0.375631,0.874551,-0.479997,0.034975,-0.059494,0.000000,2.000000,1.000000,-0.000000,0.000000
3.935000,0.527707,0.034332,0.375582,0.874582,-0.479928,0.035047,-0.059562,0.000000,2.000000,1.000000,-0.000000,0.000000
3.940000,0.527671,0.034718,0.375533,0.874613,-0.479858,0.035118,-0.059630,0.000000,2.000000,1.000000,0.000000,0.000000
3.945000,0.527635,0.035105,0.375484,0.874644,-0.479788,0.035189,-0.059699,0.000000,2.000000,1.000000,0.000000,0.000000
3.950000,0.527600,0.035492,0.375435,0.874675,-0.479717,0.035261,-0.059768,0.000000,2.000000,1.000000,-0.000000,0.000000
3.955000,0.527565,0.035880,0.375386,0.874706,-0.479645,0.035332,-0.059838,0.000000,2.000000,1.000000,0.000000,0.000000
3.960000,0.527531,0.036268,0.375338,0.874738,-0.479573,0.035403,-0.059908,0.000000,2.000000,1.000000,0.000000,0.000000
3.965000,0.527497,0.036657,0.375290,0.874770,-0.479500,0.035475,-0.059980,0.000000,2.000000,1.000000,0.000000,0.000000
3.970000,0.527464,0.037047,0.375242,0.874803,-0.479427,0.035547,-0.060051,0.000000,2.000000,1.000000,-0.000000,0.000000
3.975000,0.527430,0.037438,0.375195,0.874836,-0.479353,0.035620,-0.060124,0.000000,2.000000,1.000000,0.000000,0.000000
3.980000,0.527398,0.037829,0.375148,0.874869,-0.479278,0.035693,-0.060197,0.000000,2.000000,1.000000,-0.000000,0.000000
3.985000,0.527365,0.038222,0.375102,0.874902,-0.479202,0.035766,-0.060270,0.000000,2.000000,1.000000,0.000000,0.000000
3.990000,0.527333,0.038616,0.375057,0.874936,-0.479126,0.035840,-0.060345,0.000000,2.000000,1.000000,-0.000000,0.000000
3.995000,0.527302,0.039011,0.375012,0.874970,-0.479048,0.035915,-0.060420,0.000000,2.000000,1.000000,-0.000000,0.000000
4.000000,0.527270,0.039407,0.374969,0.875004,-0.478970,0.035990,-0.060496,0.000000,2.000000,1.000000,0.000000,0.000000
4.005000,0.527239,0.039805,0.374927,0.875039,-0.478891,0.036067,-0.060573,0.000000,2.000000,1.000000,-0.000000,0.000000
4.010000,0.527208,0.040204,0.374885,0.875074,-0.478811,0.036144,-0.060650,0.000000,2.000000,1.000000,0.000000,0.000000
4.015000,0.527178,0.040604,0.374845,0.875110,-0.478731,0.036221,-0.060729,0.000000,2.000000,1.000000,0.000000,0.000000
4.020000,0.527148,0.041006,0.374806,0.875146,-0.478649,0.036300,-0.060807,0.000000,2.000000,1.000000,0.000000,0.000000
4.025000,0.527118,0.041409,0.374768,0.875182,-0.478567,0.036379,-0.060887,0.000000,2.000000,1.000000,0.000000,0.000000
4.030000,0.527088,0.041815,0.374731,0.875218,-0.478484,0.036460,-0.060967,0.000000,2.000000,1.000000,0.000000,0.000000
4.035000,0.527059,0.042221,0.374696,0.875255,-0.478400,0.036541,-0.061048,0.000000,2.000000,1.000000,0.000000,0.000000
4.040000,0.527029,0.042630,0.374662,0.875292,-0.478316,0.036623,-0.061129,0.000000,2.000000,1.000000,0.000000,0.000000
4.045000,0.527000,0.043040,0.374630,0.875329,-0.478231,0.036706,-0.061211,0.000000,2.000000,1.000000,-0.000000,0.000000
4.050000,0.526970,0.043452,0.374599,0.875367,-0.478145,0.036790,-0.061294,0.000000,2.000000,1.000000,-0.000000,0.000000
4.055000,0.526941,0.043866,0.374570,0.875405,-0.478059,0.036875,-0.061377,0.000000,2.000000,1.000000,-0.000000,0.000000
4.060000,0.526912,0.044282,0.374541,0.875443,-0.477971,0.036961,-0.061460,0.000000,2.000000,1.000000,0.000000,0.000000
4.065000,0.526883,0.044699,0.374515,0.875481,-0.477884,0.037047,-0.061544,0.000000,2.000000,1.000000,-0.000000,0.000000
4.070000,0.526853,0.045119,0.374490,0.875520,-0.477796,0.037134,-0.061628,0.000000,2.000000,1.000000,0.000000,0.000000
4.075000,0.526824,0.045540,0.374466,0.875558,-0.477707,0.037223,-0.061713,0.000000,2.000000,1.000000,0.000000,0.000000
4.080000,0.526794,0.045963,0.374444,0.875597,-0.477617,0.037312,-0.061798,0.000000,2.000000,1.000000,-0.000000,0.000000
4.085000,0.526764,0.046388,0.374423,0.875636,-0.477527,0.037401,-0.061883,0.000000,2.000000,1.000000,0.000000,0.000000
4.090000,0.526734,0.046814,0.374404,0.875676,-0.477437,0.037492,-0.061968,0.000000,2.000000,1.000000,0.000000,0.000000
4.095000,0.526703,0.047243,0.374387,0.875715,-0.477347,0.037584,-0.062054,0.000000,2.000000,1.000000,-0.000000,0.000000
4.100000,0.526672,0.047673,0.374371,0.875755,-0.477255,0.037676,-0.062139,0.000000,2.000000,1.000000,-0.000000,0.000000
4.105000,0.526641,0.048105,0.374356,0.875795,-0.477164,0.037769,-0.062224,0.000000,2.000000,1.000000,0.000000,0.000000
4.110000,0.526610,0.048538,0.374343,0.875834,-0.477072,0.037862,-0.062310,0.000000,2.000000,1.000000,-0.000000,0.000000
4.115000,0.526577,0.048973,0.374331,0.875874,-0.476980,0.037957,-0.062395,0.000000,2.000000,1.000000,0.000000,0.000000
4.120000,0.526545,0.049410,0.374320,0.875915,-0.476888,0.038052,-0.062480,0.000000,2.000000,1.000000,-0.000000,0.000000
4.125000,0.526511,0.049847,0.374311,0.875955,-0.476795,0.038148,-0.062565,0.000000,2.000000,1.000000,0.000000,0.000000
4.130000,0.526478,0.050287,0.374304,0.875995,-0.476702,0.038244,-0.062650,0.000000,2.000000,1.000000,-0.000000,0.000000
4.135000,0.526443,0.050727,0.374297,0.876035,-0.476609,0.038342,-0.062735,0.000000,2.000000,1.000000,-0.000000,0.000000
4.140000,0.526408,0.051169,0.374292,0.876076,-0.476516,0.038440,-0.062820,0.000000,2.000000,1.000000,-0.000000,0.000000
4.145000,0.526372,0.051612,0.374289,0.876116,-0.476422,0.038538,-0.062904,0.000000,2.000000,1.000000,0.000000,0.000000
4.150000,0.526336,0.052056,0.374286,0.876157,-0.476328,0.038637,-0.062988,0.000000,2.000000,1.000000,-0.000000,0.000000
4.155000,0.526299,0.052501,0.374285,0.876198,-0.476234,0.038737,-0.063072,0.000000,2.000000,1.000000,0.000000,0.000000
4.160000,0.526261,0.052947,0.374285,0.876238,-0.476140,0.038838,-0.063156,0.000000,2.000000,1.000000,-0.000000,0.000000
4.165000,0.526222,0.053394,0.374286,0.876279,-0.476046,0.038939,-0.063239,0.000000,2.000000,1.000000,-0.000000,0.000000
4.170000,0.526183,0.053842,0.374288,0.876320,-0.475951,0.039040,-0.063322,0.000000,2.000000,1.000000,0.000000,0.000000
4.175000,0.526142,0.054290,0.374291,0.876361,-0.475856,0.039143,-0.063405,0.000000,2.000000,1.000000,0.000000,0.000000
4.180000,0.526101,0.054739,0.374295,0.876402,-0.475762,0.039245,-0.063488,0.000000,2.000000,1.000000,-0.000000,0.000000
4.185000,0.526059,0.055189,0.374300,0.876443,-0.475666,0.039349,-0.063570,0.000000,2.000000,1.000000,-0.000000,0.000000
4.190000,0.526016,0.055639,0.374306,0.876484,-0.475571,0.039453,-0.063652,0.000000,2.000000,1.000000,0.000000,0.000000
4.195000,0.525972,0.056089,0.374313,0.876525,-0.475476,0.039557,-0.063734,0.000000,2.000000,1.000000,0.000000,0.000000
4.200000,0.525928,0.056540,0.374321,0.876566,-0.475380,0.039662,-0.063815,0.000000,2.000000,1.000000,-0.000000,0.000000
4.205000,0.525882,0.056991,0.374330,0.876608,-0.475284,0.039767,-0.063897,0.000000,2.000000,1.000000,-0.000000,0.000000
4.210000,0.525836,0.057442,0.374339,0.876649,-0.475188,0.039873,-0.063978,0.000000,2.000000,1.000000,0.000000,0.000000
4.215000,0.525788,0.057894,0.374350,0.876690,-0.475092,0.039980,-0.064058,0.000000,2.000000,1.000000,0.000000,0.000000
4.220000,0.525740,0.058345,0.374361,0.876732,-0.474996,0.040087,-0.064139,0.000000,2.000000,1.000000,0.000000,0.000000
4.225000,0.525691,0.058796,0.374372,0.876773,-0.474900,0.040194,-0.064219,0.000000,2.000000,1.000000,0.000000,0.000000
4.230000,0.525640,0.059246,0.374384,0.876814,-0.474803,0.040301,-0.064299,0.000000,2.000000,1.000000,-0.000000,0.000000
4.235000,0.525589,0.059696,0.374397,0.876856,-0.474707,0.040409,-0.064378,0.000000,2.000000,1.000000,-0.000000,0.000000
4.240000,0.525537,0.060146,0.374410,0.876897,-0.474610,0.040518,-0.064457,0.000000,2.000000,1.000000,-0.000000,0.000000
4.245000,0.525484,0.060595,0.374424,0.876938,-0.474514,0.040627,-0.064536,0.000000,2.000000,1.000000,-0.000000,0.000000
4.250000,0.525430,0.061044,0.374438,0.876980,-0.474417,0.040736,-0.064615,0.000000,2.000000,1.000000,-0.000000,0.000000
4.255000,0.525375,0.061491,0.374453,0.877021,-0.474321,0.040845,-0.064693,0.000000,2.000000,1.000000,-0.000000,0.000000
4.260000,0.525319,0.061938,0.374467,0.877063,-0.474224,0.040955,-0.064771,0.000000,2.000000,1.000000,0.000000,0.000000
4.265000,0.525262,0.062384,0.374483,0.877104,-0.474128,0.041066,-0.064848,0.000000,2.000000,1.000000,-0.000000,0.000000
4.270000,0.525205,0.062828,0.374498,0.877145,-0.474031,0.041177,-0.064925,0.000000,2.000000,1.000000,0.000000,0.000000
4.275000,0.525146,0.063271,0.374514,0.877186,-0.473935,0.041288,-0.065002,0.000000,2.000000,1.000000,-0.000000,0.000000
4.280000,0.525087,0.063713,0.374530,0.877228,-0.473838,0.041400,-0.065078,0.000000,2.000000,1.000000,0.000000,0.000000
4.285000,0.525027,0.064152,0.374546,0.877269,-0.473742,0.041514,-0.065154,0.000000,2.000000,1.000000,-0.000000,0.000000
4.290000,0.524967,0.064591,0.374562,0.877310,-0.473645,0.041628,-0.065229,0.000000,2.000000,1.000000,0.000000,0.000000
4.295000,0.524906,0.065027,0.374578,0.877351,-0.473549,0.041743,-0.065305,0.000000,2.000000,1.000000,-0.000000,0.000000
4.300000,0.524844,0.065462,0.374595,0.877392,-0.473452,0.041859,-0.065380,0.000000,2.000000,1.000000,-0.000000,0.000000
4.305000,0.524782,0.065895,0.374611,0.877433,-0.473356,0.041975,-0.065454,0.000000,2.000000,1.000000,0.000000,0.000000
4.310000,0.524720,0.066325,0.374627,0.877474,-0.473259,0.042093,-0.065529,0.000000,2.000000,1.000000,0.000000,0.000000
4.315000,0.524657,0.066754,0.374643,0.877515,-0.473162,0.042212,-0.065603,0.000000,2.000000,1.000000,0.000000,0.000000
4.320000,0.524594,0.067181,0.374659,0.877555,-0.473066,0.042331,-0.065678,0.000000,2.000000,1.000000,-0.000000,0.000000
4.325000,0.524530,0.067605,0.374675,0.877596,-0.472969,0.042451,-0.065752,0.000000,2.000000,1.000000,-0.000000,0.000000
4.330000,0.524466,0.068028,0.374691,0.877637,-0.472872,0.042572,-0.065827,0.000000,2.000000,1.000000,0.000000,0.000000
4.335000,0.524402,0.068448,0.374706,0.877678,-0.472775,0.042693,-0.065901,0.000000,2.000000,1.000000,-0.000000,0.000000
4.340000,0.524337,0.068866,0.374721,0.877718,-0.472678,0.042815,-0.065976,0.000000,2.000000,1.000000,0.000000,0.000000
4.345000,0.524273,0.069282,0.374736,0.877759,-0.472581,0.042938,-0.066051,0.000000,2.000000,1.000000,0.000000,0.000000
4.350000,0.524208,0.069695,0.374750,0.877800,-0.472484,0.043061,-0.066126,0.000000,2.000000,1.000000,0.000000,0.000000
4.355000,0.524142,0.070107,0.374764,0.877840,-0.472386,0.043185,-0.066201,0.000000,2.000000,1.000000,-0.000000,0.000000
4.360000,0.524077,0.070516,0.374778,0.877881,-0.472289,0.043309,-0.066277,0.000000,2.000000,1.000000,-0.000000,0.000000
4.365000,0.524011,0.070923,0.374791,0.877921,-0.472191,0.043434,-0.066353,0.000000,2.000000,1.000000,0.000000,0.000000
4.370000,0.523946,0.071327,0.374804,0.877962,-0.472094,0.043559,-0.066430,0.000000,2.000000,1.000000,0.000000,0.000000
4.375000,0.523880,0.071730,0.374816,0.878003,-0.471996,0.043684,-0.066507,0.000000,2.000000,1.000000,-0.000000,0.000000
4.380000,0.523814,0.072130,0.374828,0.878043,-0.471898,0.043809,-0.066584,0.000000,2.000000,1.000000,-0.000000,0.000000
4.385000,0.523748,0.072528,0.374839,0.878084,-0.471799,0.043935,-0.066662,0.000000,2.000000,1.000000,-0.000000,0.000000
4.390000,0.523682,0.072924,0.374849,0.878124,-0.471701,0.044061,-0.066740,0.000000,2.000000,1.000000,-0.000000,0.000000
4.395000,0.523616,0.073317,0.374859,0.878165,-0.471602,0.044187,-0.066819,0.000000,2.000000,1.000000,-0.000000,0.000000
4.400000,0.523550,0.073709,0.374869,0.878206,-0.471504,0.044313,-0.066899,0.000000,2.000000,1.000000,-0.000000,0.000000
4.405000,0.523484,0.074098,0.374877,0.878246,-0.471405,0.044439,-0.066979,0.000000,2.000000,1.000000,-0.000000,0.000000
4.410000,0.523418,0.074485,0.374886,0.878287,-0.471306,0.044565,-0.067059,0.000000,2.000000,1.000000,-0.000000,0.000000
4.415000,0.523352,0.074871,0.374893,0.878327,-0.471207,0.044692,-0.067140,0.000000,2.000000,1.000000,-0.000000,0.000000
4.420000,0.523287,0.075254,0.374900,0.878368,-0.471108,0.044818,-0.067222,0.000000,2.000000,1.000000,-0.000000,0.000000
4.425000,0.523221,0.075635,0.374907,0.878408,-0.471008,0.044944,-0.067304,0.000000,2.000000,1.000000,0.000000,0.000000
4.430000,0.523156,0.076014,0.374913,0.878449,-0.470909,0.045070,-0.067387,0.000000,2.000000,1.000000,-0.000000,0.000000
4.435000,0.523091,0.076390,0.374918,0.878489,-0.470809,0.045197,-0.067470,0.000000,2.000000,1.000000,0.000000,0.000000
4.440000,0.523026,0.076765,0.374923,0.878530,-0.470710,0.045323,-0.067554,0.000000,2.000000,1.000000,-0.000000,0.000000
4.445000,0.522961,0.077138,0.374927,0.878570,-0.470610,0.045449,-0.067638,0.000000,2.000000,1.000000,-0.000000,0.000000
4.450000,0.522896,0.077509,0.374931,0.878611,-0.470510,0.045575,-0.067723,0.000000,2.000000,1.000000,-0.000000,0.000000
4.455000,0.522831,0.077878,0.374934,0.878651,-0.470410,0.045701,-0.067809,0.000000,2.000000,1.000000,0.000000,0.000000
4.460000,0.522767,0.078246,0.374936,0.878692,-0.470310,0.045826,-0.067895,0.000000,2.000000,1.000000,0.000000,0.000000
4.465000,0.522703,0.078611,0.374938,0.878732,-0.470209,0.045952,-0.067982,0.000000,2.000000,1.000000,0.000000,0.000000
4.470000,0.522639,0.078975,0.374939,0.878772,-0.470109,0.046077,-0.068069,0.000000,2.000000,1.000000,-0.000000,0.000000
4.475000,0.522576,0.079337,0.374940,0.878813,-0.470008,0.046202,-0.068157,0.000000,2.000000,1.000000,0.000000,0.000000
4.480000,0.522512,0.079698,0.374940,0.878853,-0.469908,0.046326,-0.068245,0.000000,2.000000,1.000000,-0.000000,0.000000
4.485000,0.522449,0.080057,0.374940,0.878894,-0.469807,0.046451,-0.068335,0.000000,2.000000,1.000000,-0.000000,0.000000
4.490000,0.522386,0.080414,0.374940,0.878934,-0.469706,0.046575,-0.068424,0.000000,2.000000,1.000000,0.000000,0.000000
4.495000,0.522324,0.080770,0.374938,0.878975,-0.469604,0.046698,-0.068515,0.000000,2.000000,1.000000,-0.000000,0.000000
4.500000,0.522262,0.081128,0.374938,0.879017,-0.469500,0.046810,-0.068615,0.000000,2.000000,1.000000,-0.000000,0.000000
4.505000,0.522206,0.081493,0.374941,0.879062,-0.469388,0.046887,-0.068743,0.000000,2.000000,1.000000,0.000000,0.000000
4.510000,0.522153,0.081860,0.374951,0.879108,-0.469276,0.046945,-0.068887,0.000000,2.000000,1.000000,0.000000,0.000000
4.515000,0.522103,0.082227,0.374968,0.879153,-0.469164,0.046995,-0.069039,0.000000,2.000000,1.000000,-0.000000,0.000000
4.520000,0.522056,0.082592,0.374991,0.879198,-0.469053,0.047042,-0.069192,0.000000,2.000000,1.000000,-0.000000,0.000000
4.525000,0.522011,0.082954,0.375020,0.879241,-0.468945,0.047090,-0.069345,0.000000,2.000000,1.000000,0.000000,0.000000
4.530000,0.521968,0.083312,0.375053,0.879284,-0.468837,0.047140,-0.069497,0.000000,2.000000,1.000000,0.000000,0.000000
4.535000,0.521926,0.083668,0.375088,0.879326,-0.468730,0.047191,-0.069646,0.000000,2.000000,1.000000,0.000000,0.000000
4.540000,0.521886,0.084022,0.375126,0.879368,-0.468624,0.047245,-0.069792,0.000000,2.000000,1.000000,-0.000000,0.000000
4.545000,0.521847,0.084373,0.375165,0.879410,-0.468518,0.047301,-0.069936,0.000000,2.000000,1.000000,-0.000000,0.000000
4.550000,0.521808,0.084721,0.375206,0.879453,-0.468411,0.047359,-0.070076,0.000000,2.000000,1.000000,-0.000000,0.000000
4.555000,0.521770,0.085068,0.375249,0.879496,-0.468305,0.047418,-0.070214,0.000000,2.000000,1.000000,0.000000,0.000000
4.560000,0.521732,0.085413,0.375292,0.879539,-0.468197,0.047478,-0.070350,0.000000,2.000000,1.000000,0.000000,0.000000
4.565000,0.521694,0.085757,0.375336,0.879582,-0.468090,0.047538,-0.070483,0.000000,2.000000,1.000000,0.000000,0.000000
4.570000,0.521657,0.086099,0.375381,0.879626,-0.467981,0.047599,-0.070614,0.000000,2.000000,1.000000,0.000000,0.000000
4.575000,0.521619,0.086440,0.375427,0.879670,-0.467872,0.047660,-0.070743,0.000000,2.000000,1.000000,-0.000000,0.000000
4.580000,0.521582,0.086780,0.375473,0.879715,-0.467763,0.047720,-0.070870,0.000000,2.000000,1.000000,0.000000,0.000000
4.585000,0.521545,0.087119,0.375519,0.879760,-0.467652,0.047780,-0.070995,0.000000,2.000000,1.000000,-0.000000,0.000000
4.590000,0.521508,0.087458,0.375565,0.879806,-0.467541,0.047840,-0.071120,0.000000,2.000000,1.000000,-0.000000,0.000000
4.595000,0.521471,0.087795,0.375611,0.879852,-0.467429,0.047899,-0.071242,0.000000,2.000000,1.000000,-0.000000,0.000000
4.600000,0.521435,0.088132,0.375657,0.879899,-0.467317,0.047958,-0.071364,0.000000,2.000000,1.000000,0.000000,0.000000
4.605000,0.521398,0.088469,0.375704,0.879946,-0.467204,0.048016,-0.071484,0.000000,2.000000,1.000000,0.000000,0.000000
4.610000,0.521362,0.088805,0.375750,0.879994,-0.467090,0.048073,-0.071603,0.000000,2.000000,1.000000,0.000000,0.000000
4.615000,0.521326,0.089141,0.375796,0.880042,-0.466975,0.048130,-0.071721,0.000000,2.000000,1.000000,-0.000000,0.000000
4.620000,0.521290,0.089476,0.375841,0.880090,-0.466860,0.048186,-0.071838,0.000000,2.000000,1.000000,0.000000,0.000000
4.625000,0.521255,0.089811,0.375886,0.880139,-0.466744,0.048241,-0.071955,0.000000,2.000000,1.000000,-0.000000,0.000000
4.630000,0.521219,0.090146,0.375932,0.880188,-0.466628,0.048296,-0.072070,0.000000,2.000000,1.000000,-0.000000,0.000000
4.635000,0.521184,0.090480,0.375976,0.880238,-0.466511,0.048350,-0.072184,0.000000,2.000000,1.000000,-0.000000,0.000000
4.640000,0.521148,0.090815,0.376021,0.880288,-0.466394,0.048403,-0.072298,0.000000,2.000000,1.000000,-0.000000,0.000000
4.645000,0.521113,0.091149,0.376064,0.880338,-0.466276,0.048456,-0.072411,0.000000,2.000000,1.000000,-0.000000,0.000000
4.650000,0.521078,0.091483,0.376108,0.880388,-0.466158,0.048508,-0.072523,0.000000,2.000000,1.000000,0.000000,0.000000
4.655000,0.521043,0.091816,0.376151,0.880439,-0.466040,0.048560,-0.072634,0.000000,2.000000,1.000000,0.000000,0.000000
4.660000,0.521008,0.092150,0.376194,0.880490,-0.465921,0.048611,-0.072744,0.000000,2.000000,1.000000,0.000000,0.000000
4.665000,0.520974,0.092483,0.376236,0.880541,-0.465802,0.048662,-0.072853,0.000000,2.000000,1.000000,0.000000,0.000000
4.670000,0.520939,0.092815,0.376278,0.880593,-0.465683,0.048713,-0.072962,0.000000,2.000000,1.000000,0.000000,0.000000
4.675000,0.520905,0.093148,0.376319,0.880644,-0.465563,0.048763,-0.073069,0.000000,2.000000,1.000000,-0.000000,0.000000
4.680000,0.520870,0.093479,0.376360,0.880696,-0.465444,0.048813,-0.073176,0.000000,2.000000,1.000000,0.000000,0.000000
4.685000,0.520836,0.093811,0.376400,0.880747,-0.465324,0.048862,-0.073281,0.000000,2.000000,1.000000,-0.000000,0.000000
4.690000,0.520801,0.094142,0.376440,0.880799,-0.465204,0.048912,-0.073386,0.000000,2.000000,1.000000,0.000000,0.000000
4.695000,0.520767,0.094472,0.376479,0.880851,-0.465085,0.048961,-0.073490,0.000000,2.000000,1.000000,0.000000,0.000000
4.700000,0.520733,0.094801,0.376517,0.880903,-0.464965,0.049010,-0.073592,0.000000,2.000000,1.000000,0.000000,0.000000
4.705000,0.520698,0.095129,0.376556,0.880954,-0.464846,0.049059,-0.073694,0.000000,2.000000,1.000000,-0.000000,0.000000
4.710000,0.520664,0.095457,0.376593,0.881006,-0.464727,0.049108,-0.073794,0.000000,2.000000,1.000000,0.000000,0.000000
4.715000,0.520629,0.095783,0.376630,0.881058,-0.464608,0.049157,-0.073893,0.000000,2.000000,1.000000,-0.000000,0.000000
4.720000,0.520595,0.096108,0.376667,0.881109,-0.464489,0.049206,-0.073991,0.000000,2.000000,1.000000,0.000000,0.000000
4.725000,0.520560,0.096432,0.376703,0.881161,-0.464371,0.049254,-0.074089,0.000000,2.000000,1.000000,-0.000000,0.000000
4.730000,0.520526,0.096755,0.376738,0.881212,-0.464253,0.049304,-0.074184,0.000000,2.000000,1.000000,-0.000000,0.000000
4.735000,0.520491,0.097076,0.376773,0.881264,-0.464135,0.049353,-0.074279,0.000000,2.000000,1.000000,-0.000000,0.000000
4.740000,0.520456,0.097395,0.376807,0.881315,-0.464018,0.049402,-0.074372,0.000000,2.000000,1.000000,0.000000,0.000000
4.745000,0.520421,0.097712,0.376841,0.881365,-0.463902,0.049452,-0.074464,0.000000,2.000000,1.000000,0.000000,0.000000
4.750000,0.520386,0.098028,0.376874,0.881416,-0.463786,0.049502,-0.074555,0.000000,2.000000,1.000000,-0.000000,0.000000
4.755000,0.520351,0.098341,0.376906,0.881466,-0.463670,0.049552,-0.074644,0.000000,2.000000,1.000000,-0.000000,0.000000
4.760000,0.520315,0.098652,0.376938,0.881516,-0.463555,0.049603,-0.074732,0.000000,2.000000,1.000000,0.000000,0.000000
4.765000,0.520280,0.098961,0.376970,0.881566,-0.463441,0.049654,-0.074819,0.000000,2.000000,1.000000,-0.000000,0.000000
4.770000,0.520244,0.099267,0.377000,0.881616,-0.463328,0.049705,-0.074905,0.000000,2.000000,1.000000,-0.000000,0.000000
4.775000,0.520208,0.099571,0.377031,0.881665,-0.463215,0.049757,-0.074988,0.000000,2.000000,1.000000,-0.000000,0.000000
4.780000,0.520172,0.099871,0.377060,0.881713,-0.463104,0.049809,-0.075071,0.000000,2.000000,1.000000,-0.000000,0.000000
4.785000,0.520136,0.100168,0.377089,0.881761,-0.462993,0.049861,-0.075152,0.000000,2.000000,1.000000,-0.000000,0.000000
4.790000,0.520100,0.100462,0.377117,0.881809,-0.462884,0.049914,-0.075232,0.000000,2.000000,1.000000,0.000000,0.000000
4.795000,0.520064,0.100753,0.377145,0.881856,-0.462775,0.049968,-0.075310,0.000000,2.000000,1.000000,0.000000,0.000000
4.800000,0.520027,0.101040,0.377172,0.881903,-0.462668,0.050022,-0.075386,0.000000,2.000000,1.000000,-0.000000,0.000000
4.805000,0.519991,0.101322,0.377198,0.881949,-0.462563,0.050077,-0.075461,0.000000,2.000000,1.000000,-0.000000,0.000000
4.810000,0.519954,0.101601,0.377223,0.881994,-0.462458,0.050132,-0.075534,0.000000,2.000000,1.000000,0.000000,0.000000
4.815000,0.519917,0.101875,0.377248,0.882039,-0.462355,0.050188,-0.075605,0.000000,2.000000,1.000000,0.000000,0.000000
4.820000,0.519880,0.102145,0.377272,0.882083,-0.462253,0.050245,-0.075675,0.000000,2.000000,1.000000,-0.000000,0.000000
4.825000,0.519843,0.102410,0.377296,0.882127,-0.462153,0.050302,-0.075743,0.000000,2.000000,1.000000,0.000000,0.000000
4.830000,0.519806,0.102670,0.377320,0.882169,-0.462054,0.050360,-0.075809,0.000000,2.000000,1.000000,0.000000,0.000000
4.835000,0.519768,0.102925,0.377343,0.882211,-0.461957,0.050419,-0.075873,0.000000,2.000000,1.000000,-0.000000,0.000000
4.840000,0.519730,0.103174,0.377367,0.882252,-0.461862,0.050479,-0.075935,0.000000,2.000000,1.000000,-0.000000,0.000000
4.845000,0.519692,0.103418,0.377390,0.882293,-0.461768,0.050540,-0.075995,0.000000,2.000000,1.000000,-0.000000,0.000000
4.850000,0.519654,0.103656,0.377413,0.882332,-0.461677,0.050601,-0.076053,0.000000,2.000000,1.000000,-0.000000,0.000000
4.855000,0.519615,0.103888,0.377436,0.882371,-0.461586,0.050664,-0.076110,0.000000,2.000000,1.000000,-0.000000,0.000000
4.860000,0.519576,0.104114,0.377458,0.882409,-0.461498,0.050727,-0.076164,0.000000,2.000000,1.000000,0.000000,0.000000
4.865000,0.519537,0.104334,0.377481,0.882446,-0.461411,0.050791,-0.076216,0.000000,2.000000,1.000000,-0.000000,0.000000
4.870000,0.519498,0.104547,0.377503,0.882482,-0.461327,0.050856,-0.076267,0.000000,2.000000,1.000000,-0.000000,0.000000
4.875000,0.519459,0.104754,0.377525,0.882517,-0.461244,0.050921,-0.076314,0.000000,2.000000,1.000000,0.000000,0.000000
4.880000,0.519419,0.104953,0.377547,0.882552,-0.461164,0.050987,-0.076360,0.000000,2.000000,1.000000,0.000000,0.000000
4.885000,0.519379,0.105145,0.377569,0.882585,-0.461084,0.051054,-0.076405,0.000000,2.000000,1.000000,0.000000,0.000000
4.890000,0.519340,0.105331,0.377591,0.882618,-0.461007,0.051122,-0.076449,0.000000,2.000000,1.000000,0.000000,0.000000
4.895000,0.519301,0.105510,0.377612,0.882650,-0.460930,0.051190,-0.076493,0.000000,2.000000,1.000000,-0.000000,0.000000
4.900000,0.519262,0.105682,0.377634,0.882682,-0.460855,0.051260,-0.076536,0.000000,2.000000,1.000000,-0.000000,0.000000
4.905000,0.519224,0.105847,0.377655,0.882712,-0.460782,0.051329,-0.076580,0.000000,2.000000,1.000000,-0.000000,0.000000
4.910000,0.519186,0.106006,0.377676,0.882742,-0.460710,0.051400,-0.076624,0.000000,2.000000,1.000000,0.000000,0.000000
4.915000,0.519149,0.106156,0.377697,0.882770,-0.460640,0.051471,-0.076669,0.000000,2.000000,1.000000,0.000000,0.000000
4.920000,0.519112,0.106300,0.377718,0.882798,-0.460572,0.051542,-0.076713,0.000000,2.000000,1.000000,-0.000000,0.000000
4.925000,0.519076,0.106437,0.377738,0.882824,-0.460505,0.051614,-0.076758,0.000000,2.000000,1.000000,0.000000,0.000000
4.930000,0.519040,0.106566,0.377758,0.882850,-0.460441,0.051685,-0.076804,0.000000,2.000000,1.000000,-0.000000,0.000000
4.935000,0.519005,0.106687,0.377778,0.882875,-0.460377,0.051756,-0.076849,0.000000,2.000000,1.000000,0.000000,0.000000
4.940000,0.518970,0.106802,0.377797,0.882899,-0.460316,0.051827,-0.076895,0.000000,2.000000,1.000000,0.000000,0.000000
4.945000,0.518935,0.106909,0.377816,0.882921,-0.460257,0.051898,-0.076942,0.000000,2.000000,1.000000,-0.000000,0.000000
4.950000,0.518901,0.107009,0.377834,0.882943,-0.460201,0.051967,-0.076988,0.000000,2.000000,1.000000,-0.000000,0.000000
4.955000,0.518867,0.107101,0.377852,0.882962,-0.460149,0.052035,-0.077036,0.000000,2.000000,1.000000,0.000000,0.000000
4.960000,0.518834,0.107187,0.377869,0.882978,-0.460102,0.052102,-0.077084,0.000000,2.000000,1.000000,0.000000,0.000000
4.965000,0.518801,0.107266,0.377886,0.882991,-0.460060,0.052168,-0.077132,0.000000,2.000000,1.000000,0.000000,0.000000
4.970000,0.518768,0.107337,0.377901,0.883002,-0.460024,0.052232,-0.077181,0.000000,2.000000,1.000000,0.000000,0.000000
4.975000,0.518736,0.107403,0.377916,0.883010,-0.459994,0.052293,-0.077230,0.000000,2.000000,1.000000,0.000000,0.000000
4.980000,0.518704,0.107461,0.377929,0.883015,-0.459969,0.052353,-0.077280,0.000000,2.000000,1.000000,-0.000000,0.000000
4.985000,0.518672,0.107514,0.377941,0.883017,-0.459950,0.052410,-0.077330,0.000000,2.000000,1.000000,-0.000000,0.000000
4.990000,0.518641,0.107560,0.377951,0.883017,-0.459936,0.052465,-0.077380,0.000000,2.000000,1.000000,0.000000,0.000000
4.995000,0.518610,0.107601,0.377961,0.883014,-0.459927,0.052517,-0.077431,0.000000,2.000000,1.000000,-0.000000,0.000000
5.000000,0.518580,0.107636,0.377968,0.883009,-0.459923,0.052566,-0.077482,0.000000,2.000000,1.000000,0.000000,0.000000
5.005000,0.518549,0.107665,0.377974,0.883001,-0.459924,0.052612,-0.077534,0.000000,2.000000,1.000000,0.000000,0.000000
5.010000,0.518519,0.107689,0.377979,0.882990,-0.459931,0.052655,-0.077585,0.000000,2.000000,1.000000,0.000000,0.000000
5.015000,0.518489,0.107708,0.377981,0.882978,-0.459942,0.052694,-0.077637,0.000000,2.000000,1.000000,-0.000000,0.000000
5.020000,0.518459,0.107722,0.377982,0.882963,-0.459957,0.052731,-0.077690,0.000000,2.000000,1.000000,-0.000000,0.000000
5.025000,0.518430,0.107731,0.377981,0.882946,-0.459977,0.052764,-0.077742,0.000000,2.000000,1.000000,0.000000,0.000000
5.030000,0.518400,0.107735,0.377979,0.882927,-0.460001,0.052793,-0.077795,0.000000,2.000000,1.000000,-0.000000,0.000000
5.035000,0.518370,0.107735,0.377974,0.882906,-0.460029,0.052819,-0.077849,0.000000,2.000000,1.000000,-0.000000,0.000000
5.040000,0.518340,0.107731,0.377968,0.882883,-0.460062,0.052841,-0.077902,0.000000,2.000000,1.000000,-0.000000,0.000000
5.045000,0.518309,0.107723,0.377960,0.882858,-0.460098,0.052860,-0.077957,0.000000,2.000000,1.000000,0.000000,0.000000
5.050000,0.518278,0.107711,0.377951,0.882831,-0.460138,0.052874,-0.078012,0.000000,2.000000,1.000000,0.000000,0.000000
5.055000,0.518246,0.107695,0.377939,0.882803,-0.460182,0.052885,-0.078067,0.000000,2.000000,1.000000,-0.000000,0.000000
5.060000,0.518214,0.107676,0.377926,0.882773,-0.460230,0.052891,-0.078124,0.000000,2.000000,1.000000,0.000000,0.000000
5.065000,0.518181,0.107654,0.377911,0.882741,-0.460280,0.052894,-0.078181,0.000000,2.000000,1.000000,-0.000000,0.000000
5.070000,0.518147,0.107628,0.377895,0.882708,-0.460334,0.052893,-0.078239,0.000000,2.000000,1.000000,0.000000,0.000000
5.075000,0.518112,0.107600,0.377877,0.882673,-0.460392,0.052888,-0.078298,0.000000,2.000000,1.000000,0.000000,0.000000
5.080000,0.518076,0.107569,0.377858,0.882637,-0.460452,0.052878,-0.078358,0.000000,2.000000,1.000000,0.000000,0.000000
5.085000,0.518039,0.107535,0.377837,0.882599,-0.460515,0.052864,-0.078419,0.000000,2.000000,1.000000,0.000000,0.000000
5.090000,0.518000,0.107499,0.377815,0.882560,-0.460581,0.052847,-0.078482,0.000000,2.000000,1.000000,-0.000000,0.000000
5.095000,0.517961,0.107460,0.377791,0.882520,-0.460650,0.052828,-0.078546,0.000000,2.000000,1.000000,0.000000,0.000000
5.100000,0.517920,0.107418,0.377767,0.882478,-0.460722,0.052807,-0.078611,0.000000,2.000000,1.000000,-0.000000,0.000000
5.105000,0.517879,0.107373,0.377742,0.882434,-0.460796,0.052785,-0.078676,0.000000,2.000000,1.000000,0.000000,0.000000
5.110000,0.517836,0.107326,0.377716,0.882389,-0.460874,0.052761,-0.078743,0.000000,2.000000,1.000000,-0.000000,0.000000
5.115000,0.517792,0.107276,0.377689,0.882343,-0.460955,0.052736,-0.078808,0.000000,2.000000,1.000000,-0.000000,0.000000
5.120000,0.517746,0.107223,0.377661,0.882294,-0.461040,0.052709,-0.078873,0.000000,2.000000,1.000000,-0.000000,0.000000
5.125000,0.517698,0.107167,0.377632,0.882244,-0.461128,0.052681,-0.078937,0.000000,2.000000,1.000000,-0.000000,0.000000
5.130000,0.517647,0.107108,0.377603,0.882192,-0.461221,0.052652,-0.078999,0.000000,2.000000,1.000000,0.000000,0.000000
5.135000,0.517594,0.107047,0.377573,0.882138,-0.461317,0.052622,-0.079059,0.000000,2.000000,1.000000,-0.000000,0.000000
5.140000,0.517538,0.106983,0.377543,0.882082,-0.461417,0.052590,-0.079118,0.000000,2.000000,1.000000,-0.000000,0.000000
5.145000,0.517478,0.106917,0.377512,0.882025,-0.461521,0.052558,-0.079176,0.000000,2.000000,1.000000,-0.000000,0.000000
5.150000,0.517416,0.106848,0.377481,0.881965,-0.461629,0.052524,-0.079231,0.000000,2.000000,1.000000,0.000000,0.000000
5.155000,0.517350,0.106777,0.377450,0.881904,-0.461740,0.052490,-0.079285,0.000000,2.000000,1.000000,-0.000000,0.000000
5.160000,0.517281,0.106704,0.377419,0.881841,-0.461855,0.052454,-0.079337,0.000000,2.000000,1.000000,-0.000000,0.000000
5.165000,0.517208,0.106630,0.377387,0.881777,-0.461974,0.052418,-0.079388,0.000000,2.000000,1.000000,0.000000,0.000000
5.170000,0.517131,0.106553,0.377357,0.881711,-0.462096,0.052381,-0.079437,0.000000,2.000000,1.000000,-0.000000,0.000000
5.175000,0.517049,0.106475,0.377326,0.881643,-0.462222,0.052343,-0.079484,0.000000,2.000000,1.000000,0.000000,0.000000
5.180000,0.516963,0.106397,0.377296,0.881573,-0.462351,0.052302,-0.079531,0.000000,2.000000,1.000000,-0.000000,0.000000
5.185000,0.516871,0.106317,0.377266,0.881502,-0.462484,0.052258,-0.079576,0.000000,2.000000,1.000000,-0.000000,0.000000
5.190000,0.516774,0.106236,0.377237,0.881429,-0.462620,0.052211,-0.079619,0.000000,2.000000,1.000000,0.000000,0.000000
5.195000,0.516670,0.106155,0.377209,0.881355,-0.462760,0.052161,-0.079662,0.000000,2.000000,1.000000,-0.000000,0.000000
5.200000,0.516561,0.106074,0.377181,0.881279,-0.462903,0.052108,-0.079704,0.000000,2.000000,1.000000,-0.000000,0.000000
5.205000,0.516446,0.105992,0.377156,0.881202,-0.463049,0.052052,-0.079745,0.000000,2.000000,1.000000,-0.000000,0.000000
5.210000,0.516324,0.105910,0.377132,0.881123,-0.463199,0.051994,-0.079784,0.000000,2.000000,1.000000,-0.000000,0.000000
5.215000,0.516197,0.105828,0.377110,0.881042,-0.463352,0.051934,-0.079823,0.000000,2.000000,1.000000,0.000000,0.000000
5.220000,0.516063,0.105745,0.377091,0.880960,-0.463509,0.051873,-0.079861,0.000000,2.000000,1.000000,-0.000000,0.000000
5.225000,0.515923,0.105662,0.377073,0.880877,-0.463668,0.051810,-0.079899,0.000000,2.000000,1.000000,-0.000000,0.000000
5.230000,0.515777,0.105579,0.377058,0.880792,-0.463831,0.051746,-0.079936,0.000000,2.000000,1.000000,0.000000,0.000000
5.235000,0.515625,0.105495,0.377044,0.880705,-0.463996,0.051681,-0.079973,0.000000,2.000000,1.000000,0.000000,0.000000
5.240000,0.515468,0.105412,0.377030,0.880617,-0.464164,0.051614,-0.080010,0.000000,2.000000,1.000000,0.000000,0.000000
5.245000,0.515305,0.105328,0.377018,0.880528,-0.464334,0.051547,-0.080048,0.000000,2.000000,1.000000,0.000000,0.000000
5.250000,0.515137,0.105244,0.377007,0.880437,-0.464508,0.051480,-0.080085,0.000000,2.000000,1.000000,-0.000000,0.000000
5.255000,0.514963,0.105160,0.376998,0.880344,-0.464683,0.051412,-0.080124,0.000000,2.000000,1.000000,0.000000,0.000000
5.260000,0.514784,0.105076,0.376990,0.880251,-0.464862,0.051345,-0.080162,0.000000,2.000000,1.000000,0.000000,0.000000
5.265000,0.514599,0.104992,0.376985,0.880156,-0.465042,0.051278,-0.080201,0.000000,2.000000,1.000000,0.000000,0.000000
5.270000,0.514408,0.104907,0.376982,0.880059,-0.465225,0.051212,-0.080241,0.000000,2.000000,1.000000,0.000000,0.000000
5.275000,0.514212,0.104823,0.376983,0.879961,-0.465411,0.051146,-0.080281,0.000000,2.000000,1.000000,0.000000,0.000000
5.280000,0.514010,0.104739,0.376986,0.879862,-0.465599,0.051082,-0.080321,0.000000,2.000000,1.000000,0.000000,0.000000
5.285000,0.513802,0.104655,0.376994,0.879761,-0.465789,0.051020,-0.080361,0.000000,2.000000,1.000000,0.000000,0.000000
5.290000,0.513588,0.104571,0.377005,0.879659,-0.465981,0.050958,-0.080402,0.000000,2.000000,1.000000,-0.000000,0.000000
5.295000,0.513369,0.104487,0.377019,0.879556,-0.466176,0.050899,-0.080443,0.000000,2.000000,1.000000,0.000000,0.000000
5.300000,0.513143,0.104403,0.377038,0.879451,-0.466373,0.050841,-0.080485,0.000000,2.000000,1.000000,0.000000,0.000000
5.305000,0.512912,0.104319,0.377062,0.879344,-0.466572,0.050785,-0.080527,0.000000,2.000000,1.000000,-0.000000,0.000000
5.310000,0.512676,0.104236,0.377090,0.879237,-0.466774,0.050732,-0.080569,0.000000,2.000000,1.000000,0.000000,0.000000
5.315000,0.512433,0.104152,0.377122,0.879128,-0.466977,0.050681,-0.080612,0.000000,2.000000,1.000000,-0.000000,0.000000
5.320000,0.512185,0.104069,0.377160,0.879018,-0.467182,0.050633,-0.080655,0.000000,2.000000,1.000000,-0.000000,0.000000
5.325000,0.511931,0.103986,0.377203,0.878906,-0.467389,0.050588,-0.080698,0.000000,2.000000,1.000000,-0.000000,0.000000
5.330000,0.511672,0.103904,0.377251,0.878793,-0.467598,0.050546,-0.080742,0.000000,2.000000,1.000000,-0.000000,0.000000
5.335000,0.511407,0.103821,0.377304,0.878679,-0.467809,0.050507,-0.080786,0.000000,2.000000,1.000000,-0.000000,0.000000
5.340000,0.511137,0.103740,0.377363,0.878564,-0.468021,0.050471,-0.080831,0.000000,2.000000,1.000000,0.000000,0.000000
5.345000,0.510861,0.103658,0.377428,0.878448,-0.468235,0.050438,-0.080876,0.000000,2.000000,1.000000,-0.000000,0.000000
5.350000,0.510580,0.103577,0.377498,0.878330,-0.468451,0.050408,-0.080921,0.000000,2.000000,1.000000,0.000000,0.000000
5.355000,0.510293,0.103497,0.377574,0.878212,-0.468668,0.050382,-0.080967,0.000000,2.000000,1.000000,0.000000,0.000000
5.360000,0.510001,0.103416,0.377655,0.878092,-0.468887,0.050359,-0.081013,0.000000,2.000000,1.000000,-0.000000,0.000000
5.365000,0.509703,0.103337,0.377742,0.877971,-0.469108,0.050338,-0.081059,0.000000,2.000000,1.000000,-0.000000,0.000000
5.370000,0.509400,0.103258,0.377834,0.877849,-0.469330,0.050321,-0.081105,0.000000,2.000000,1.000000,-0.000000,0.000000
5.375000,0.509092,0.103179,0.377933,0.877726,-0.469553,0.050307,-0.081152,0.000000,2.000000,1.000000,0.000000,0.000000
5.380000,0.508779,0.103101,0.378037,0.877602,-0.469778,0.050296,-0.081198,0.000000,2.000000,1.000000,-0.000000,0.000000
5.385000,0.508460,0.103024,0.378146,0.877477,-0.470004,0.050289,-0.081245,0.000000,2.000000,1.000000,0.000000,0.000000
5.390000,0.508137,0.102947,0.378261,0.877351,-0.470231,0.050284,-0.081292,0.000000,2.000000,1.000000,0.000000,0.000000
5.395000,0.507808,0.102871,0.378381,0.877225,-0.470460,0.050282,-0.081340,0.000000,2.000000,1.000000,-0.000000,0.000000
5.400000,0.507475,0.102796,0.378506,0.877097,-0.470689,0.050283,-0.081387,0.000000,2.000000,1.000000,-0.000000,0.000000
5.405000,0.507136,0.102721,0.378637,0.876969,-0.470920,0.050287,-0.081435,0.000000,2.000000,1.000000,-0.000000,0.000000
5.410000,0.506794,0.102647,0.378773,0.876839,-0.471152,0.050294,-0.081483,0.000000,2.000000,1.000000,0.000000,0.000000
5.415000,0.506446,0.102574,0.378914,0.876709,-0.471384,0.050304,-0.081531,0.000000,2.000000,1.000000,0.000000,0.000000
5.420000,0.506095,0.102501,0.379060,0.876579,-0.471617,0.050317,-0.081580,0.000000,2.000000,1.000000,-0.000000,0.000000
5.425000,0.505739,0.102430,0.379212,0.876448,-0.471850,0.050333,-0.081629,0.000000,2.000000,1.000000,0.000000,0.000000
5.430000,0.505379,0.102359,0.379368,0.876316,-0.472084,0.050352,-0.081678,0.000000,2.000000,1.000000,-0.000000,0.000000
5.435000,0.505016,0.102290,0.379528,0.876184,-0.472319,0.050375,-0.081728,0.000000,2.000000,1.000000,0.000000,0.000000
5.440000,0.504648,0.102221,0.379694,0.876051,-0.472554,0.050400,-0.081778,0.000000,2.000000,1.000000,-0.000000,0.000000
5.445000,0.504277,0.102153,0.379864,0.875918,-0.472789,0.050428,-0.081828,0.000000,2.000000,1.000000,0.000000,0.000000
5.450000,0.503902,0.102086,0.380038,0.875784,-0.473024,0.050458,-0.081879,0.000000,2.000000,1.000000,0.000000,0.000000
5.455000,0.503524,0.102020,0.380216,0.875650,-0.473259,0.050491,-0.081930,0.000000,2.000000,1.000000,0.000000,0.000000
5.460000,0.503143,0.101955,0.380398,0.875516,-0.473495,0.050527,-0.081981,0.000000,2.000000,1.000000,-0.000000,0.000000
5.465000,0.502759,0.101891,0.380584,0.875382,-0.473731,0.050565,-0.082033,0.000000,2.000000,1.000000,-0.000000,0.000000
5.470000,0.502371,0.101828,0.380774,0.875247,-0.473966,0.050606,-0.082084,0.000000,2.000000,1.000000,-0.000000,0.000000
5.475000,0.501981,0.101765,0.380967,0.875112,-0.474202,0.050649,-0.082136,0.000000,2.000000,1.000000,-0.000000,0.000000
5.480000,0.501588,0.101704,0.381163,0.874977,-0.474437,0.050694,-0.082188,0.000000,2.000000,1.000000,0.000000,0.000000
5.485000,0.501193,0.101643,0.381362,0.874842,-0.474673,0.050741,-0.082240,0.000000,2.000000,1.000000,0.000000,0.000000
5.490000,0.500795,0.101583,0.381565,0.874706,-0.474908,0.050790,-0.082293,0.000000,2.000000,1.000000,0.000000,0.000000
5.495000,0.500395,0.101524,0.381770,0.874571,-0.475143,0.050842,-0.082345,0.000000,2.000000,1.000000,0.000000,0.000000
5.500000,0.499993,0.101466,0.381977,0.874435,-0.475378,0.050895,-0.082398,0.000000,2.000000,1.000000,-0.000000,0.000000
5.505000,0.499589,0.101408,0.382187,0.874299,-0.475612,0.050951,-0.082450,0.000000,2.000000,1.000000,0.000000,0.000000
5.510000,0.499183,0.101351,0.382400,0.874164,-0.475846,0.051008,-0.082503,0.000000,2.000000,1.000000,-0.000000,0.000000
5.515000,0.498776,0.101295,0.382614,0.874028,-0.476080,0.051067,-0.082556,0.000000,2.000000,1.000000,0.000000,0.000000
5.520000,0.498368,0.101239,0.382831,0.873892,-0.476313,0.051128,-0.082609,0.000000,2.000000,1.000000,0.000000,0.000000
5.525000,0.497958,0.101184,0.383049,0.873757,-0.476546,0.051191,-0.082662,0.000000,2.000000,1.000000,0.000000,0.000000
5.530000,0.497547,0.101130,0.383269,0.873621,-0.476778,0.051255,-0.082715,0.000000,2.000000,1.000000,0.000000,0.000000
5.535000,0.497135,0.101075,0.383490,0.873486,-0.477010,0.051321,-0.082768,0.000000,2.000000,1.000000,-0.000000,0.000000
5.540000,0.496723,0.101022,0.383713,0.873350,-0.477241,0.051389,-0.082821,0.000000,2.000000,1.000000,-0.000000,0.000000
5.545000,0.496309,0.100968,0.383937,0.873215,-0.477472,0.051458,-0.082874,0.000000,2.000000,1.000000,0.000000,0.000000
5.550000,0.495895,0.100915,0.384161,0.873080,-0.477702,0.051527,-0.082927,0.000000,2.000000,1.000000,0.000000,0.000000
5.555000,0.495480,0.100863,0.384386,0.872945,-0.477933,0.051597,-0.082979,0.000000,2.000000,1.000000,0.000000,0.000000
5.560000,0.495065,0.100810,0.384612,0.872810,-0.478162,0.051668,-0.083032,0.000000,2.000000,1.000000,-0.000000,0.000000
5.565000,0.494649,0.100758,0.384837,0.872675,-0.478392,0.051739,-0.083083,0.000000,2.000000,1.000000,0.000000,0.000000
5.570000,0.494233,0.100706,0.385063,0.872540,-0.478621,0.051810,-0.083135,0.000000,2.000000,1.000000,0.000000,0.000000
5.575000,0.493817,0.100654,0.385288,0.872405,-0.478850,0.051881,-0.083186,0.000000,2.000000,1.000000,0.000000,0.000000
5.580000,0.493401,0.100602,0.385513,0.872271,-0.479078,0.051952,-0.083237,0.000000,2.000000,1.000000,0.000000,0.000000
5.585000,0.492985,0.100550,0.385737,0.872136,-0.479307,0.052023,-0.083287,0.000000,2.000000,1.000000,0.000000,0.000000
5.590000,0.492569,0.100498,0.385961,0.872002,-0.479535,0.052092,-0.083336,0.000000,2.000000,1.000000,0.000000,0.000000
5.595000,0.492153,0.100446,0.386183,0.871868,-0.479762,0.052161,-0.083385,0.000000,2.000000,1.000000,0.000000,0.000000
5.600000,0.491737,0.100395,0.386404,0.871735,-0.479989,0.052228,-0.083434,0.000000,2.000000,1.000000,-0.000000,0.000000
5.605000,0.491321,0.100343,0.386624,0.871601,-0.480216,0.052295,-0.083482,0.000000,2.000000,1.000000,-0.000000,0.000000
5.610000,0.490906,0.100291,0.386842,0.871468,-0.480443,0.052360,-0.083529,0.000000,2.000000,1.000000,-0.000000,0.000000
5.615000,0.490492,0.100239,0.387058,0.871335,-0.480669,0.052423,-0.083576,0.000000,2.000000,1.000000,-0.000000,0.000000
5.620000,0.490077,0.100187,0.387273,0.871202,-0.480895,0.052485,-0.083622,0.000000,2.000000,1.000000,-0.000000,0.000000
5.625000,0.489664,0.100135,0.387485,0.871069,-0.481121,0.052545,-0.083667,0.000000,2.000000,1.000000,-0.000000,0.000000
5.630000,0.489251,0.100083,0.387696,0.870937,-0.481346,0.052603,-0.083711,0.000000,2.000000,1.000000,-0.000000,0.000000
5.635000,0.488839,0.100031,0.387904,0.870805,-0.481570,0.052659,-0.083755,0.000000,2.000000,1.000000,-0.000000,0.000000
5.640000,0.488428,0.099979,0.388109,0.870674,-0.481795,0.052713,-0.083798,0.000000,2.000000,1.000000,0.000000,0.000000
5.645000,0.488018,0.099927,0.388312,0.870543,-0.482019,0.052765,-0.083840,0.000000,2.000000,1.000000,0.000000,0.000000
5.647600,0.487772,0.099895,0.388433,0.870464,-0.482153,0.052795,-0.083865,0.000000,2.000000,1.000000,-0.000000,0.000000
