{
  "skill_name": "triangle_1",
  "match_ms": 201.541,
  "j_end": 318,
  "s": 1.20319049,
  "t": [
    1.03118186,
    0.22610741,
    -0.06155656
  ],
  "R": [
    [
      -0.94816665,
      0.31464614,
      -0.04447248
    ],
    [
      -0.31478388,
      -0.94915472,
      -0.00405408
    ],
    [
      -0.04348687,
      0.01015528,
      0.99900238
    ]
  ]
}
