time,x,y,z,qx,qy,qz,qw,alpha,tank_energy,passivity_lambda,passivity_power,autonomy_wrench_norm
0.000000,0.554036,0.224922,0.380129,0.969510,-0.244294,0.019221,0.000602,0.103224,2.000000,1.000000,0.000000,0.000000
0.005000,0.554029,0.224923,0.380131,0.969510,-0.244295,0.019209,0.000599,0.118655,1.999970,1.000000,0.011891,4.269870
0.010000,0.554008,0.224926,0.380137,0.969510,-0.244299,0.019175,0.000590,0.120962,1.999870,1.000000,0.024931,4.335523
0.015000,0.553976,0.224930,0.380149,0.969509,-0.244308,0.019127,0.000578,0.121308,1.999712,1.000000,0.035736,4.330640
0.020000,0.553935,0.224933,0.380167,0.969507,-0.244320,0.019070,0.000565,0.121361,1.999506,1.000000,0.044826,4.315451
0.025000,0.553888,0.224934,0.380192,0.969504,-0.244337,0.019008,0.000551,0.121369,1.999259,1.000000,0.052618,4.299117
0.030000,0.553835,0.224934,0.380224,0.969500,-0.244357,0.018945,0.000536,0.121371,1.998976,1.000000,0.059383,4.282796
0.035000,0.553778,0.224932,0.380262,0.969495,-0.244381,0.018881,0.000521,0.121372,1.998661,1.000000,0.065308,4.266822
0.040000,0.553717,0.224929,0.380307,0.969490,-0.244408,0.018818,0.000504,0.121373,1.998319,1.000000,0.070543,4.251195
0.045000,0.553653,0.224924,0.380357,0.969483,-0.244438,0.018755,0.000487,0.121374,1.997953,1.000000,0.075171,4.235804
0.050000,0.553587,0.224917,0.380413,0.969476,-0.244471,0.018694,0.000468,0.121374,1.997565,1.000000,0.079252,4.220849
0.055000,0.553519,0.224909,0.380474,0.969469,-0.244506,0.018634,0.000449,0.121375,1.997159,1.000000,0.082831,4.206452
0.060000,0.553449,0.224899,0.380539,0.969460,-0.244543,0.018576,0.000428,0.121376,1.996735,1.000000,0.085937,4.192386
0.065000,0.553378,0.224888,0.380608,0.969452,-0.244582,0.018519,0.000407,0.121376,1.996298,1.000000,0.088596,4.178660
0.070000,0.553306,0.224875,0.380681,0.969442,-0.244623,0.018463,0.000384,0.121377,1.995849,1.000000,0.090835,4.165475
0.075000,0.553233,0.224861,0.380757,0.969433,-0.244665,0.018409,0.000361,0.121377,1.995389,1.000000,0.092714,4.153974
0.080000,0.553160,0.224845,0.380835,0.969423,-0.244709,0.018355,0.000336,0.121377,1.994921,1.000000,0.094193,4.142966
0.085000,0.553087,0.224828,0.380915,0.969412,-0.244755,0.018303,0.000310,0.121378,1.994447,1.000000,0.095271,4.132499
0.090000,0.553014,0.224809,0.380997,0.969401,-0.244802,0.018251,0.000284,0.121378,1.993969,1.000000,0.095962,4.122927
0.095000,0.552942,0.224789,0.381080,0.969390,-0.244850,0.018199,0.000256,0.121378,1.993489,1.000000,0.096269,4.114172
0.100000,0.552870,0.224767,0.381163,0.969378,-0.244900,0.018148,0.000228,0.121379,1.993008,1.000000,0.096194,4.106036
0.105000,0.552800,0.224743,0.381246,0.969367,-0.244950,0.018098,0.000199,0.121379,1.992528,1.000000,0.095749,4.098126
0.110000,0.552730,0.224718,0.381329,0.969355,-0.245002,0.018048,0.000169,0.121379,1.992052,1.000000,0.094971,4.091939
0.115000,0.552663,0.224692,0.381410,0.969342,-0.245054,0.017998,0.000138,0.121379,1.991580,1.000000,0.093842,4.086025
0.120000,0.552597,0.224663,0.381491,0.969330,-0.245107,0.017948,0.000107,0.121380,1.991115,1.000000,0.092387,4.080434
0.125000,0.552533,0.224634,0.381569,0.969317,-0.245161,0.017899,0.000075,0.121380,1.990658,1.000000,0.090626,4.075071
0.130000,0.552471,0.224602,0.381646,0.969304,-0.245215,0.017850,0.000042,0.121380,1.990211,1.000000,0.088580,4.070035
0.135000,0.552412,0.224569,0.381719,0.969291,-0.245270,0.017801,0.000009,0.121380,1.989775,1.000000,0.086267,4.065217
0.140000,0.552356,0.224535,0.381790,0.969278,-0.245326,0.017752,-0.000025,0.121380,1.989351,1.000000,0.083707,4.061015
0.145000,0.552302,0.224498,0.381858,0.969265,-0.245383,0.017702,-0.000059,0.121381,1.988941,1.000000,0.080909,4.057016
0.150000,0.552251,0.224460,0.381922,0.969251,-0.245440,0.017653,-0.000093,0.121381,1.988545,1.000000,0.077897,4.053408
0.155000,0.552203,0.224419,0.381981,0.969237,-0.245497,0.017604,-0.000127,0.121381,1.988165,1.000000,0.074685,4.049999
0.160000,0.552158,0.224377,0.382037,0.969223,-0.245556,0.017555,-0.000162,0.121381,1.987802,1.000000,0.071293,4.046938
0.165000,0.552116,0.224334,0.382088,0.969209,-0.245615,0.017506,-0.000196,0.121381,1.987456,1.000000,0.067779,4.044089
0.170000,0.552078,0.224288,0.382135,0.969195,-0.245674,0.017458,-0.000231,0.121381,1.987127,1.000000,0.064515,4.041603
0.175000,0.552043,0.224240,0.382178,0.969181,-0.245735,0.017410,-0.000263,0.121381,1.986813,1.000000,0.061438,4.039679
0.180000,0.552010,0.224189,0.382217,0.969166,-0.245797,0.017364,-0.000294,0.121381,1.986515,1.000000,0.058466,4.038001
0.185000,0.551981,0.224136,0.382253,0.969150,-0.245861,0.017320,-0.000323,0.121381,1.986231,1.000000,0.055541,4.036575
0.190000,0.551954,0.224081,0.382285,0.969135,-0.245926,0.017277,-0.000349,0.121381,1.985962,1.000000,0.052630,4.035534
0.195000,0.551931,0.224023,0.382314,0.969118,-0.245992,0.017236,-0.000373,0.121381,1.985707,1.000000,0.049712,4.034735
0.200000,0.551911,0.223962,0.382338,0.969102,-0.246060,0.017196,-0.000394,0.121382,1.985467,1.000000,0.046750,4.034251
0.205000,0.551894,0.223899,0.382359,0.969085,-0.246130,0.017158,-0.000412,0.121382,1.985242,1.000000,0.043612,4.034001
0.210000,0.551880,0.223833,0.382376,0.969068,-0.246200,0.017120,-0.000427,0.121382,1.985033,1.000000,0.040289,4.034233
0.215000,0.551869,0.223765,0.382388,0.969050,-0.246272,0.017084,-0.000441,0.121382,1.984842,1.000000,0.036807,4.034700
0.220000,0.551862,0.223694,0.382395,0.969032,-0.246345,0.017047,-0.000452,0.121382,1.984668,1.000000,0.033183,4.035425
0.225000,0.551859,0.223621,0.382398,0.969014,-0.246419,0.017011,-0.000462,0.121382,1.984513,1.000000,0.029434,4.036413
0.230000,0.551859,0.223545,0.382395,0.968995,-0.246494,0.016975,-0.000470,0.121382,1.984377,1.000000,0.025577,4.037668
0.235000,0.551862,0.223467,0.382387,0.968977,-0.246570,0.016939,-0.000475,0.121382,1.984261,1.000000,0.021628,4.039181
0.240000,0.551870,0.223386,0.382373,0.968958,-0.246648,0.016903,-0.000480,0.121382,1.984164,1.000000,0.017602,4.040939
0.245000,0.551881,0.223303,0.382354,0.968938,-0.246726,0.016866,-0.000483,0.121382,1.984088,1.000000,0.013537,4.042323
0.250000,0.551897,0.223218,0.382329,0.968919,-0.246804,0.016828,-0.000485,0.121382,1.984031,1.000000,0.009645,4.043925
0.255000,0.551915,0.223131,0.382298,0.968900,-0.246884,0.016786,-0.000486,0.121381,1.983994,1.000000,0.005946,4.045801
0.260000,0.551936,0.223041,0.382261,0.968880,-0.246963,0.016740,-0.000488,0.121381,1.983974,1.000000,0.002406,4.047899
0.265000,0.551961,0.222951,0.382219,0.968861,-0.247043,0.016689,-0.000489,0.121381,1.983972,1.000000,-0.000996,4.050296
0.270000,0.551988,0.222858,0.382171,0.968841,-0.247124,0.016634,-0.000490,0.121381,1.983983,1.000000,-0.004273,4.052910
0.275000,0.552018,0.222763,0.382119,0.968821,-0.247205,0.016573,-0.000491,0.121381,1.984007,1.000000,-0.007440,4.055806
0.280000,0.552052,0.222666,0.382061,0.968802,-0.247287,0.016508,-0.000491,0.121381,1.984044,1.000000,-0.010454,4.057570
0.285000,0.552088,0.222568,0.381998,0.968782,-0.247369,0.016438,-0.000491,0.121381,1.984092,1.000000,-0.013320,4.059592
0.290000,0.552127,0.222467,0.381931,0.968762,-0.247452,0.016364,-0.000491,0.121381,1.984152,1.000000,-0.016053,4.061792
0.295000,0.552169,0.222364,0.381860,0.968742,-0.247535,0.016287,-0.000489,0.121381,1.984221,1.000000,-0.018498,4.064229
0.300000,0.552214,0.222258,0.381784,0.968721,-0.247620,0.016207,-0.000487,0.121381,1.984300,1.000000,-0.020554,4.066831
0.305000,0.552262,0.222149,0.381704,0.968701,-0.247708,0.016123,-0.000483,0.121381,1.984386,1.000000,-0.022326,4.069741
0.310000,0.552312,0.222036,0.381621,0.968679,-0.247797,0.016037,-0.000479,0.121381,1.984478,1.000000,-0.023877,4.072809
0.315000,0.552363,0.221921,0.381534,0.968657,-0.247889,0.015949,-0.000472,0.121381,1.984576,1.000000,-0.025184,4.074666
0.320000,0.552417,0.221802,0.381443,0.968634,-0.247984,0.015859,-0.000465,0.121380,1.984679,1.000000,-0.026293,4.076665
0.325000,0.552473,0.221679,0.381350,0.968611,-0.248082,0.015766,-0.000455,0.121380,1.984786,1.000000,-0.027232,4.078944
0.330000,0.552530,0.221553,0.381253,0.968587,-0.248182,0.015672,-0.000444,0.121380,1.984896,1.000000,-0.028009,4.081364
0.335000,0.552590,0.221424,0.381154,0.968562,-0.248284,0.015577,-0.000432,0.121380,1.985009,1.000000,-0.028637,4.084045
0.340000,0.552651,0.221291,0.381052,0.968536,-0.248389,0.015481,-0.000418,0.121380,1.985124,1.000000,-0.029217,4.086865
0.345000,0.552714,0.221155,0.380948,0.968510,-0.248497,0.015385,-0.000402,0.121380,1.985242,1.000000,-0.029724,4.088583
0.350000,0.552780,0.221015,0.380842,0.968484,-0.248607,0.015290,-0.000385,0.121380,1.985361,1.000000,-0.030149,4.090442
0.355000,0.552849,0.220872,0.380735,0.968456,-0.248719,0.015197,-0.000367,0.121380,1.985482,1.000000,-0.030486,4.092511
0.360000,0.552920,0.220725,0.380626,0.968428,-0.248834,0.015105,-0.000347,0.121380,1.985603,1.000000,-0.030725,4.094719
0.365000,0.552994,0.220576,0.380515,0.968400,-0.248950,0.015015,-0.000325,0.121380,1.985726,1.000000,-0.030860,4.097128
0.370000,0.553070,0.220423,0.380403,0.968371,-0.249069,0.014928,-0.000303,0.121379,1.985849,1.000000,-0.030896,4.099670
0.375000,0.553148,0.220267,0.380291,0.968341,-0.249189,0.014842,-0.000279,0.121379,1.985971,1.000000,-0.030837,4.102378
0.380000,0.553229,0.220108,0.380177,0.968311,-0.249311,0.014759,-0.000255,0.121379,1.986093,1.000000,-0.030642,4.103846
0.385000,0.553312,0.219947,0.380062,0.968280,-0.249435,0.014677,-0.000229,0.121379,1.986214,1.000000,-0.030310,4.105527
0.390000,0.553398,0.219783,0.379947,0.968249,-0.249560,0.014598,-0.000203,0.121379,1.986333,1.000000,-0.029858,4.107337
0.395000,0.553485,0.219616,0.379831,0.968218,-0.249687,0.014520,-0.000176,0.121379,1.986451,1.000000,-0.029295,4.109301
0.400000,0.553574,0.219446,0.379715,0.968186,-0.249815,0.014445,-0.000149,0.121379,1.986565,1.000000,-0.028612,4.111398
0.405000,0.553666,0.219275,0.379599,0.968153,-0.249945,0.014372,-0.000121,0.121379,1.986677,1.000000,-0.027811,4.113654
0.410000,0.553758,0.219101,0.379482,0.968121,-0.250076,0.014300,-0.000093,0.121379,1.986785,1.000000,-0.026910,4.116049
0.415000,0.553853,0.218924,0.379366,0.968087,-0.250208,0.014231,-0.000065,0.121378,1.986889,1.000000,-0.025849,4.117344
0.420000,0.553949,0.218746,0.379249,0.968054,-0.250342,0.014163,-0.000036,0.121378,1.986988,1.000000,-0.024666,4.118776
0.425000,0.554046,0.218566,0.379133,0.968020,-0.250476,0.014097,-0.000008,0.121378,1.987083,1.000000,-0.023369,4.120360
0.430000,0.554145,0.218384,0.379018,0.967986,-0.250612,0.014033,0.000021,0.121378,1.987172,1.000000,-0.021964,4.122072
0.435000,0.554245,0.218200,0.378903,0.967951,-0.250748,0.013971,0.000049,0.121378,1.987255,1.000000,-0.020456,4.123924
0.440000,0.554346,0.218015,0.378789,0.967917,-0.250886,0.013910,0.000077,0.121378,1.987331,1.000000,-0.018854,4.125904
0.445000,0.554447,0.217828,0.378676,0.967882,-0.251024,0.013851,0.000105,0.121378,1.987402,1.000000,-0.017163,4.128021
0.450000,0.554550,0.217640,0.378563,0.967847,-0.251163,0.013794,0.000133,0.121378,1.987465,1.000000,-0.015366,4.129095
0.455000,0.554654,0.217450,0.378452,0.967811,-0.251303,0.013739,0.000160,0.121378,1.987520,1.000000,-0.013476,4.130253
0.460000,0.554758,0.217259,0.378342,0.967775,-0.251443,0.013685,0.000186,0.121377,1.987568,1.000000,-0.011484,4.131554
0.465000,0.554862,0.217067,0.378234,0.967739,-0.251584,0.013633,0.000212,0.121377,1.987608,1.000000,-0.009399,4.133009
0.470000,0.554968,0.216874,0.378127,0.967703,-0.251725,0.013583,0.000238,0.121377,1.987639,1.000000,-0.007243,4.134565
0.475000,0.555074,0.216680,0.378021,0.967667,-0.251867,0.013535,0.000262,0.121377,1.987661,1.000000,-0.005025,4.136227
0.480000,0.555180,0.216485,0.377917,0.967631,-0.252009,0.013488,0.000286,0.121377,1.987675,1.000000,-0.002750,4.136716
0.485000,0.555286,0.216289,0.377816,0.967594,-0.252152,0.013444,0.000309,0.121377,1.987679,1.000000,-0.000386,4.137264
0.490000,0.555394,0.216092,0.377716,0.967558,-0.252295,0.013402,0.000332,0.121377,1.987672,1.000000,0.002058,4.137922
0.495000,0.555501,0.215894,0.377618,0.967521,-0.252438,0.013361,0.000353,0.121377,1.987652,1.000000,0.004573,4.138696
0.500000,0.555609,0.215696,0.377523,0.967484,-0.252582,0.013323,0.000374,0.121377,1.987620,1.000000,0.007149,4.139528
0.505000,0.555716,0.215496,0.377430,0.967447,-0.252726,0.013287,0.000394,0.121377,1.987575,1.000000,0.009781,4.140425
0.510000,0.555824,0.215296,0.377339,0.967409,-0.252870,0.013253,0.000413,0.121376,1.987516,1.000000,0.012459,4.141375
0.515000,0.555933,0.215096,0.377251,0.967372,-0.253014,0.013222,0.000430,0.121376,1.987444,1.000000,0.015203,4.140974
0.520000,0.556041,0.214894,0.377165,0.967335,-0.253159,0.013192,0.000447,0.121376,1.987358,1.000000,0.018016,4.140640
0.525000,0.556150,0.214693,0.377082,0.967297,-0.253304,0.013165,0.000463,0.121376,1.987258,1.000000,0.020890,4.140377
0.530000,0.556258,0.214490,0.377002,0.967259,-0.253449,0.013140,0.000477,0.121376,1.987143,1.000000,0.023806,4.140145
0.535000,0.556367,0.214287,0.376924,0.967222,-0.253594,0.013117,0.000491,0.121376,1.987014,1.000000,0.026757,4.139948
0.540000,0.556475,0.214083,0.376849,0.967184,-0.253740,0.013097,0.000503,0.121376,1.986869,1.000000,0.029749,4.139823
0.545000,0.556584,0.213879,0.376777,0.967146,-0.253885,0.013079,0.000514,0.121376,1.986710,1.000000,0.032775,4.139778
0.550000,0.556693,0.213674,0.376708,0.967108,-0.254031,0.013063,0.000523,0.121376,1.986535,1.000000,0.035819,4.138376
0.555000,0.556801,0.213469,0.376642,0.967070,-0.254177,0.013049,0.000531,0.121376,1.986345,1.000000,0.038907,4.136982
0.560000,0.556910,0.213263,0.376579,0.967031,-0.254323,0.013038,0.000538,0.121376,1.986139,1.000000,0.042043,4.135666
0.565000,0.557019,0.213057,0.376519,0.966993,-0.254469,0.013030,0.000544,0.121376,1.985918,1.000000,0.045217,4.134434
0.570000,0.557127,0.212849,0.376462,0.966954,-0.254616,0.013024,0.000550,0.121375,1.985681,1.000000,0.048382,4.133208
0.575000,0.557236,0.212642,0.376408,0.966916,-0.254763,0.013022,0.000555,0.121375,1.985428,1.000000,0.051515,4.131979
0.580000,0.557344,0.212433,0.376358,0.966877,-0.254911,0.013022,0.000560,0.121375,1.985159,1.000000,0.054615,4.130810
0.585000,0.557452,0.212224,0.376310,0.966838,-0.255059,0.013025,0.000565,0.121375,1.984876,1.000000,0.057624,4.128470
0.590000,0.557560,0.212014,0.376265,0.966798,-0.255207,0.013032,0.000570,0.121375,1.984577,1.000000,0.060634,4.126182
0.595000,0.557668,0.211803,0.376224,0.966759,-0.255356,0.013041,0.000576,0.121375,1.984263,1.000000,0.063638,4.123954
0.600000,0.557776,0.211591,0.376185,0.966719,-0.255506,0.013054,0.000581,0.121375,1.983935,1.000000,0.066613,4.121724
0.605000,0.557885,0.211379,0.376149,0.966679,-0.255656,0.013070,0.000586,0.121375,1.983591,1.000000,0.069549,4.119473
0.610000,0.557993,0.211165,0.376116,0.966639,-0.255806,0.013088,0.000592,0.121375,1.983233,1.000000,0.072449,4.117272
0.615000,0.558101,0.210951,0.376086,0.966599,-0.255957,0.013110,0.000598,0.121375,1.982861,1.000000,0.075308,4.115124
0.620000,0.558209,0.210736,0.376059,0.966559,-0.256109,0.013135,0.000603,0.121375,1.982475,1.000000,0.078082,4.111599
0.625000,0.558317,0.210520,0.376034,0.966518,-0.256261,0.013163,0.000609,0.121375,1.982075,1.000000,0.080870,4.108162
0.630000,0.558426,0.210304,0.376013,0.966477,-0.256413,0.013194,0.000615,0.121375,1.981661,1.000000,0.083647,4.104609
0.635000,0.558534,0.210086,0.375994,0.966436,-0.256566,0.013228,0.000621,0.121375,1.981233,1.000000,0.086400,4.100841
0.640000,0.558643,0.209867,0.375977,0.966395,-0.256720,0.013266,0.000628,0.121375,1.980791,1.000000,0.089132,4.097163
0.645000,0.558753,0.209647,0.375963,0.966353,-0.256874,0.013306,0.000634,0.121375,1.980336,1.000000,0.091846,4.093598
0.650000,0.558862,0.209427,0.375952,0.966311,-0.257029,0.013350,0.000640,0.121375,1.979868,1.000000,0.094529,4.090071
0.655000,0.558972,0.209205,0.375943,0.966269,-0.257184,0.013396,0.000646,0.121375,1.979386,1.000000,0.097141,4.084783
0.660000,0.559082,0.208982,0.375937,0.966227,-0.257340,0.013445,0.000651,0.121375,1.978891,1.000000,0.099801,4.079598
0.665000,0.559193,0.208758,0.375933,0.966185,-0.257496,0.013497,0.000655,0.121375,1.978383,1.000000,0.102497,4.074519
0.670000,0.559305,0.208533,0.375931,0.966142,-0.257653,0.013552,0.000659,0.121375,1.977861,1.000000,0.105205,4.069433
0.675000,0.559417,0.208307,0.375933,0.966100,-0.257810,0.013609,0.000662,0.121375,1.977326,1.000000,0.107921,4.064357
0.680000,0.559530,0.208079,0.375936,0.966057,-0.257967,0.013670,0.000664,0.121375,1.976777,1.000000,0.110648,4.059379
0.685000,0.559643,0.207850,0.375942,0.966013,-0.258126,0.013733,0.000665,0.121375,1.976215,1.000000,0.113343,4.052932
0.690000,0.559758,0.207620,0.375951,0.965970,-0.258285,0.013799,0.000664,0.121375,1.975639,1.000000,0.116070,4.046553
0.695000,0.559873,0.207388,0.375962,0.965926,-0.258444,0.013868,0.000663,0.121375,1.975049,1.000000,0.118806,4.040228
0.700000,0.559989,0.207155,0.375976,0.965883,-0.258604,0.013940,0.000659,0.121375,1.974446,1.000000,0.121539,4.033968
0.705000,0.560106,0.206921,0.375992,0.965839,-0.258765,0.014015,0.000654,0.121375,1.973829,1.000000,0.124266,4.027759
0.710000,0.560225,0.206685,0.376011,0.965794,-0.258925,0.014093,0.000647,0.121375,1.973198,1.000000,0.127007,4.021736
0.715000,0.560344,0.206447,0.376032,0.965750,-0.259087,0.014173,0.000638,0.121375,1.972554,1.000000,0.129753,4.015804
0.720000,0.560464,0.206209,0.376055,0.965705,-0.259248,0.014256,0.000627,0.121375,1.971896,1.000000,0.132461,4.009485
0.725000,0.560586,0.205968,0.376081,0.965661,-0.259410,0.014341,0.000613,0.121375,1.971225,1.000000,0.135177,4.003192
0.730000,0.560709,0.205727,0.376109,0.965616,-0.259573,0.014428,0.000598,0.121375,1.970540,1.000000,0.137900,3.997008
0.735000,0.560833,0.205483,0.376139,0.965570,-0.259736,0.014518,0.000580,0.121375,1.969841,1.000000,0.140621,3.990869
0.740000,0.560957,0.205238,0.376171,0.965525,-0.259900,0.014610,0.000560,0.121375,1.969129,1.000000,0.143338,3.984869
0.745000,0.561083,0.204991,0.376206,0.965479,-0.260065,0.014704,0.000537,0.121376,1.968403,1.000000,0.146044,3.978914
0.750000,0.561210,0.204742,0.376243,0.965433,-0.260230,0.014800,0.000512,0.121376,1.967664,1.000000,0.148713,3.973172
0.755000,0.561338,0.204492,0.376281,0.965387,-0.260395,0.014897,0.000485,0.121376,1.966912,1.000000,0.151271,3.967785
0.760000,0.561467,0.204239,0.376322,0.965341,-0.260559,0.014996,0.000456,0.121376,1.966147,1.000000,0.153756,3.962402
0.765000,0.561597,0.203985,0.376364,0.965296,-0.260723,0.015095,0.000425,0.121376,1.965370,1.000000,0.156206,3.957047
0.770000,0.561728,0.203728,0.376408,0.965250,-0.260885,0.015196,0.000393,0.121376,1.964581,1.000000,0.158631,3.951821
0.775000,0.561859,0.203469,0.376453,0.965205,-0.261046,0.015297,0.000359,0.121376,1.963780,1.000000,0.161037,3.946631
0.780000,0.561991,0.203207,0.376500,0.965160,-0.261205,0.015398,0.000324,0.121376,1.962966,1.000000,0.163448,3.941702
0.785000,0.562123,0.202943,0.376548,0.965116,-0.261364,0.015500,0.000288,0.121376,1.962141,1.000000,0.165840,3.936808
0.790000,0.562256,0.202676,0.376598,0.965072,-0.261520,0.015602,0.000250,0.121376,1.961304,1.000000,0.168196,3.932167
0.795000,0.562390,0.202406,0.376649,0.965028,-0.261676,0.015704,0.000212,0.121376,1.960455,1.000000,0.170538,3.927563
0.800000,0.562523,0.202134,0.376701,0.964985,-0.261829,0.015805,0.000173,0.121376,1.959594,1.000000,0.172858,3.923061
0.805000,0.562657,0.201858,0.376754,0.964942,-0.261982,0.015906,0.000133,0.121376,1.958722,1.000000,0.175148,3.918605
0.810000,0.562792,0.201579,0.376808,0.964899,-0.262133,0.016006,0.000093,0.121376,1.957839,1.000000,0.177401,3.914257
0.815000,0.562927,0.201298,0.376862,0.964857,-0.262283,0.016105,0.000052,0.121375,1.956944,1.000000,0.179616,3.909959
0.820000,0.563062,0.201013,0.376918,0.964815,-0.262431,0.016203,0.000010,0.121376,1.956039,1.000000,0.181713,3.905659
0.825000,0.563197,0.200725,0.376973,0.964773,-0.262577,0.016300,-0.000032,0.121375,1.955124,1.000000,0.183716,3.901412
0.830000,0.563333,0.200434,0.377030,0.964732,-0.262723,0.016395,-0.000075,0.121375,1.954199,1.000000,0.185644,3.897253
0.835000,0.563469,0.200140,0.377087,0.964691,-0.262866,0.016490,-0.000119,0.121375,1.953264,1.000000,0.187513,3.893141
0.840000,0.563605,0.199843,0.377144,0.964651,-0.263008,0.016582,-0.000165,0.121375,1.952321,1.000000,0.189333,3.889093
0.845000,0.563743,0.199543,0.377201,0.964611,-0.263149,0.016674,-0.000211,0.121375,1.951368,1.000000,0.191122,3.885193
0.850000,0.563880,0.199240,0.377258,0.964571,-0.263288,0.016763,-0.000258,0.121375,1.950406,1.000000,0.192881,3.881458
0.855000,0.564018,0.198934,0.377315,0.964532,-0.263427,0.016852,-0.000307,0.121375,1.949436,1.000000,0.194553,3.878098
0.860000,0.564157,0.198624,0.377372,0.964493,-0.263563,0.016938,-0.000356,0.121375,1.948458,1.000000,0.196169,3.874792
0.865000,0.564297,0.198312,0.377428,0.964455,-0.263699,0.017023,-0.000406,0.121375,1.947471,1.000000,0.197728,3.871552
0.870000,0.564437,0.197996,0.377485,0.964416,-0.263834,0.017106,-0.000457,0.121375,1.946478,1.000000,0.199231,3.868361
0.875000,0.564577,0.197677,0.377540,0.964378,-0.263967,0.017187,-0.000509,0.121375,1.945476,1.000000,0.200677,3.865261
0.880000,0.564719,0.197355,0.377595,0.964341,-0.264100,0.017266,-0.000562,0.121375,1.944468,1.000000,0.202068,3.862210
0.885000,0.564860,0.197029,0.377650,0.964303,-0.264231,0.017343,-0.000616,0.121375,1.943453,1.000000,0.203425,3.859355
0.890000,0.565003,0.196700,0.377703,0.964266,-0.264362,0.017418,-0.000670,0.121375,1.942431,1.000000,0.204708,3.857009
0.895000,0.565146,0.196368,0.377756,0.964229,-0.264491,0.017490,-0.000725,0.121374,1.941404,1.000000,0.205896,3.854611
0.900000,0.565290,0.196033,0.377807,0.964193,-0.264620,0.017561,-0.000780,0.121374,1.940370,1.000000,0.207010,3.852225
0.905000,0.565434,0.195695,0.377858,0.964156,-0.264747,0.017629,-0.000836,0.121374,1.939331,1.000000,0.208078,3.850080
0.910000,0.565580,0.195353,0.377907,0.964120,-0.264874,0.017695,-0.000892,0.121374,1.938287,1.000000,0.209077,3.847973
0.915000,0.565725,0.195008,0.377955,0.964084,-0.265000,0.017758,-0.000949,0.121374,1.937238,1.000000,0.210037,3.846120
0.920000,0.565872,0.194660,0.378001,0.964049,-0.265125,0.017819,-0.001005,0.121374,1.936185,1.000000,0.210927,3.844266
0.925000,0.566019,0.194310,0.378047,0.964014,-0.265249,0.017878,-0.001062,0.121374,1.935127,1.000000,0.211730,3.842422
0.930000,0.566168,0.193956,0.378091,0.963979,-0.265372,0.017935,-0.001119,0.121373,1.934065,1.000000,0.212477,3.840654
0.935000,0.566317,0.193599,0.378133,0.963944,-0.265494,0.017988,-0.001176,0.121373,1.933000,1.000000,0.213183,3.839051
0.940000,0.566466,0.193239,0.378174,0.963909,-0.265616,0.018040,-0.001233,0.121373,1.931932,1.000000,0.213832,3.837502
0.945000,0.566617,0.192876,0.378213,0.963875,-0.265736,0.018089,-0.001291,0.121373,1.930860,1.000000,0.214427,3.836029
0.950000,0.566768,0.192510,0.378251,0.963841,-0.265856,0.018136,-0.001347,0.121373,1.929786,1.000000,0.214967,3.834611
0.955000,0.566921,0.192142,0.378287,0.963808,-0.265975,0.018180,-0.001404,0.121373,1.928709,1.000000,0.215455,3.833246
0.960000,0.567074,0.191771,0.378322,0.963774,-0.266093,0.018222,-0.001461,0.121372,1.927629,1.000000,0.215902,3.831841
0.965000,0.567228,0.191398,0.378355,0.963741,-0.266210,0.018262,-0.001517,0.121372,1.926548,1.000000,0.216304,3.830478
0.970000,0.567383,0.191022,0.378386,0.963708,-0.266326,0.018300,-0.001572,0.121372,1.925465,1.000000,0.216688,3.829338
0.975000,0.567538,0.190643,0.378416,0.963675,-0.266441,0.018335,-0.001628,0.121372,1.924379,1.000000,0.217040,3.828275
0.980000,0.567695,0.190263,0.378444,0.963643,-0.266556,0.018368,-0.001683,0.121372,1.923293,1.000000,0.217321,3.827079
0.985000,0.567852,0.189880,0.378471,0.963611,-0.266670,0.018399,-0.001737,0.121371,1.922205,1.000000,0.217563,3.825900
0.990000,0.568011,0.189494,0.378496,0.963579,-0.266783,0.018427,-0.001791,0.121371,1.921115,1.000000,0.217802,3.825048
0.995000,0.568170,0.189107,0.378520,0.963547,-0.266895,0.018454,-0.001845,0.121371,1.920025,1.000000,0.217965,3.823592
1.000000,0.568330,0.188718,0.378543,0.963516,-0.267007,0.018479,-0.001898,0.121371,1.918934,1.000000,0.218115,3.822184
1.005000,0.568492,0.188327,0.378564,0.963484,-0.267117,0.018501,-0.001950,0.121371,1.917843,1.000000,0.218241,3.820759
1.010000,0.568654,0.187934,0.378584,0.963453,-0.267227,0.018522,-0.002001,0.121370,1.916751,1.000000,0.218333,3.819289
1.015000,0.568817,0.187539,0.378602,0.963423,-0.267337,0.018542,-0.002052,0.121370,1.915659,1.000000,0.218419,3.817949
1.020000,0.568981,0.187143,0.378619,0.963392,-0.267445,0.018560,-0.002102,0.121370,1.914566,1.000000,0.218506,3.816777
1.025000,0.569146,0.186744,0.378635,0.963362,-0.267553,0.018576,-0.002151,0.121370,1.913473,1.000000,0.218543,3.814929
1.030000,0.569312,0.186345,0.378650,0.963332,-0.267660,0.018590,-0.002200,0.121370,1.912379,1.000000,0.218590,3.813118
1.035000,0.569479,0.185943,0.378665,0.963302,-0.267766,0.018604,-0.002247,0.121369,1.911286,1.000000,0.218645,3.811420
1.040000,0.569647,0.185541,0.378678,0.963272,-0.267871,0.018616,-0.002294,0.121369,1.910192,1.000000,0.218701,3.809775
1.045000,0.569817,0.185137,0.378690,0.963243,-0.267976,0.018627,-0.002340,0.121369,1.909098,1.000000,0.218758,3.808187
1.050000,0.569987,0.184731,0.378701,0.963213,-0.268080,0.018637,-0.002385,0.121369,1.908003,1.000000,0.218812,3.806620
1.055000,0.570158,0.184325,0.378712,0.963184,-0.268184,0.018645,-0.002429,0.121368,1.906909,1.000000,0.218832,3.804999
1.060000,0.570330,0.183917,0.378722,0.963155,-0.268286,0.018653,-0.002472,0.121368,1.905814,1.000000,0.218872,3.803126
1.065000,0.570504,0.183508,0.378731,0.963127,-0.268388,0.018659,-0.002515,0.121368,1.904719,1.000000,0.218923,3.801358
1.070000,0.570678,0.183099,0.378740,0.963098,-0.268490,0.018665,-0.002556,0.121368,1.903624,1.000000,0.218988,3.799660
1.075000,0.570853,0.182688,0.378748,0.963070,-0.268590,0.018670,-0.002597,0.121367,1.902528,1.000000,0.219086,3.798176
1.080000,0.571030,0.182277,0.378757,0.963042,-0.268690,0.018674,-0.002636,0.121367,1.901432,1.000000,0.219165,3.796620
1.085000,0.571207,0.181865,0.378764,0.963014,-0.268789,0.018677,-0.002675,0.121367,1.900336,1.000000,0.219208,3.794946
1.090000,0.571386,0.181453,0.378772,0.962987,-0.268888,0.018679,-0.002713,0.121366,1.899239,1.000000,0.219271,3.793392
1.095000,0.571565,0.181040,0.378779,0.962959,-0.268985,0.018681,-0.002750,0.121366,1.898142,1.000000,0.219397,3.792088
1.100000,0.571745,0.180626,0.378787,0.962932,-0.269082,0.018682,-0.002786,0.121366,1.897044,1.000000,0.219508,3.790772
1.105000,0.571927,0.180212,0.378794,0.962905,-0.269179,0.018682,-0.002821,0.121366,1.895946,1.000000,0.219609,3.789455
1.110000,0.572109,0.179798,0.378802,0.962878,-0.269274,0.018681,-0.002856,0.121365,1.894847,1.000000,0.219717,3.788234
1.115000,0.572292,0.179384,0.378810,0.962851,-0.269369,0.018680,-0.002889,0.121365,1.893747,1.000000,0.219828,3.787063
1.120000,0.572476,0.178970,0.378817,0.962825,-0.269463,0.018678,-0.002922,0.121365,1.892647,1.000000,0.219947,3.785957
1.125000,0.572661,0.178556,0.378826,0.962799,-0.269557,0.018676,-0.002954,0.121364,1.891547,1.000000,0.220067,3.784877
1.130000,0.572847,0.178143,0.378834,0.962773,-0.269650,0.018672,-0.002986,0.121364,1.890445,1.000000,0.220205,3.784480
1.135000,0.573034,0.177729,0.378843,0.962747,-0.269742,0.018668,-0.003016,0.121364,1.889343,1.000000,0.220318,3.784093
1.140000,0.573221,0.177316,0.378853,0.962721,-0.269834,0.018664,-0.003046,0.121364,1.888241,1.000000,0.220392,3.783602
1.145000,0.573409,0.176903,0.378863,0.962696,-0.269925,0.018658,-0.003075,0.121363,1.887138,1.000000,0.220453,3.783127
1.150000,0.573598,0.176491,0.378873,0.962670,-0.270015,0.018651,-0.003104,0.121363,1.886035,1.000000,0.220550,3.782961
1.155000,0.573787,0.176079,0.378884,0.962645,-0.270105,0.018644,-0.003132,0.121362,1.884931,1.000000,0.220634,3.782771
1.160000,0.573977,0.175668,0.378896,0.962620,-0.270194,0.018636,-0.003159,0.121362,1.883827,1.000000,0.220665,3.782370
1.165000,0.574168,0.175258,0.378908,0.962596,-0.270283,0.018627,-0.003185,0.121362,1.882723,1.000000,0.220682,3.782990
1.170000,0.574359,0.174849,0.378920,0.962571,-0.270371,0.018616,-0.003211,0.121361,1.881619,1.000000,0.220702,3.783884
1.175000,0.574551,0.174441,0.378934,0.962546,-0.270459,0.018605,-0.003237,0.121361,1.880515,1.000000,0.220691,3.784760
1.180000,0.574743,0.174033,0.378947,0.962522,-0.270546,0.018592,-0.003261,0.121361,1.879411,1.000000,0.220641,3.785554
1.185000,0.574936,0.173627,0.378962,0.962498,-0.270634,0.018578,-0.003286,0.121360,1.878307,1.000000,0.220578,3.786392
1.190000,0.575129,0.173221,0.378976,0.962473,-0.270720,0.018563,-0.003309,0.121360,1.877204,1.000000,0.220513,3.787348
1.195000,0.575322,0.172817,0.378992,0.962449,-0.270807,0.018546,-0.003332,0.121359,1.876101,1.000000,0.220415,3.789577
1.200000,0.575515,0.172414,0.379007,0.962425,-0.270894,0.018527,-0.003355,0.121359,1.874999,1.000000,0.220246,3.791741
1.205000,0.575708,0.172012,0.379023,0.962401,-0.270980,0.018507,-0.003377,0.121359,1.873897,1.000000,0.220040,3.793943
1.210000,0.575902,0.171611,0.379039,0.962377,-0.271066,0.018485,-0.003399,0.121358,1.872797,1.000000,0.219811,3.796220
1.215000,0.576096,0.171211,0.379056,0.962353,-0.271152,0.018461,-0.003420,0.121358,1.871698,1.000000,0.219560,3.799448
1.220000,0.576289,0.170813,0.379072,0.962330,-0.271238,0.018435,-0.003441,0.121357,1.870600,1.000000,0.219301,3.804511
1.225000,0.576483,0.170415,0.379089,0.962306,-0.271324,0.018407,-0.003461,0.121357,1.869504,1.000000,0.219035,3.809579
1.230000,0.576676,0.170019,0.379106,0.962282,-0.271410,0.018377,-0.003481,0.121356,1.868409,1.000000,0.218798,3.816202
1.235000,0.576869,0.169624,0.379122,0.962258,-0.271496,0.018344,-0.003501,0.121356,1.867315,1.000000,0.218493,3.822766
1.240000,0.577062,0.169230,0.379139,0.962235,-0.271583,0.018310,-0.003519,0.121355,1.866222,1.000000,0.218129,3.829218
1.245000,0.577255,0.168838,0.379155,0.962211,-0.271669,0.018273,-0.003538,0.121355,1.865132,1.000000,0.217728,3.835660
1.250000,0.577447,0.168447,0.379171,0.962187,-0.271755,0.018234,-0.003556,0.121354,1.864044,1.000000,0.217301,3.842081
1.255000,0.577639,0.168056,0.379187,0.962163,-0.271842,0.018192,-0.003574,0.121353,1.862958,1.000000,0.216850,3.848483
1.260000,0.577830,0.167667,0.379202,0.962140,-0.271929,0.018148,-0.003591,0.121353,1.861874,1.000000,0.216384,3.854847
1.265000,0.578021,0.167280,0.379217,0.962116,-0.272016,0.018101,-0.003607,0.121352,1.860792,1.000000,0.215926,3.862386
1.270000,0.578211,0.166893,0.379231,0.962092,-0.272103,0.018053,-0.003624,0.121352,1.859713,1.000000,0.215412,3.869848
1.275000,0.578401,0.166507,0.379244,0.962068,-0.272190,0.018001,-0.003639,0.121351,1.858637,1.000000,0.214843,3.877216
1.280000,0.578590,0.166123,0.379257,0.962044,-0.272278,0.017947,-0.003655,0.121351,1.857564,1.000000,0.214216,3.884311
1.285000,0.578778,0.165740,0.379269,0.962021,-0.272365,0.017891,-0.003670,0.121350,1.856493,1.000000,0.213565,3.891417
1.290000,0.578966,0.165357,0.379280,0.961997,-0.272453,0.017832,-0.003684,0.121349,1.855426,1.000000,0.212914,3.898557
1.295000,0.579152,0.164976,0.379290,0.961973,-0.272541,0.017771,-0.003698,0.121349,1.854363,1.000000,0.212237,3.905609
1.300000,0.579338,0.164596,0.379299,0.961949,-0.272629,0.017708,-0.003711,0.121348,1.853303,1.000000,0.211551,3.913177
1.305000,0.579523,0.164217,0.379307,0.961925,-0.272718,0.017642,-0.003723,0.121347,1.852246,1.000000,0.210811,3.920707
1.310000,0.579708,0.163839,0.379314,0.961901,-0.272806,0.017574,-0.003736,0.121347,1.851193,1.000000,0.210029,3.928017
1.315000,0.579891,0.163462,0.379320,0.961877,-0.272895,0.017504,-0.003747,0.121346,1.850144,1.000000,0.209213,3.935304
1.320000,0.580074,0.163086,0.379325,0.961853,-0.272983,0.017431,-0.003758,0.121346,1.849100,1.000000,0.208373,3.942400
1.325000,0.580255,0.162710,0.379328,0.961830,-0.273072,0.017357,-0.003769,0.121345,1.848059,1.000000,0.207511,3.949477
1.330000,0.580436,0.162336,0.379330,0.961806,-0.273161,0.017280,-0.003778,0.121344,1.847023,1.000000,0.206627,3.956287
1.335000,0.580616,0.161963,0.379330,0.961782,-0.273250,0.017202,-0.003787,0.121344,1.845992,1.000000,0.205761,3.963391
1.340000,0.580795,0.161590,0.379329,0.961758,-0.273339,0.017121,-0.003796,0.121343,1.844964,1.000000,0.204870,3.970312
1.345000,0.580972,0.161219,0.379327,0.961734,-0.273428,0.017039,-0.003804,0.121343,1.843942,1.000000,0.203959,3.977239
1.350000,0.581149,0.160848,0.379323,0.961710,-0.273517,0.016955,-0.003811,0.121342,1.842924,1.000000,0.203028,3.983979
1.355000,0.581325,0.160478,0.379317,0.961686,-0.273606,0.016869,-0.003817,0.121341,1.841910,1.000000,0.202086,3.990730
1.360000,0.581500,0.160109,0.379310,0.961662,-0.273695,0.016782,-0.003822,0.121341,1.840901,1.000000,0.201136,3.997368
1.365000,0.581673,0.159740,0.379302,0.961639,-0.273785,0.016694,-0.003827,0.121340,1.839897,1.000000,0.200200,4.003484
1.370000,0.581846,0.159372,0.379292,0.961615,-0.273874,0.016604,-0.003831,0.121339,1.838898,1.000000,0.199301,4.009538
1.375000,0.582018,0.159005,0.379280,0.961591,-0.273963,0.016514,-0.003834,0.121339,1.837903,1.000000,0.198425,4.015598
1.380000,0.582189,0.158639,0.379267,0.961567,-0.274052,0.016422,-0.003837,0.121338,1.836913,1.000000,0.197565,4.021601
1.385000,0.582359,0.158273,0.379253,0.961543,-0.274141,0.016331,-0.003838,0.121338,1.835926,1.000000,0.196717,4.027606
1.390000,0.582528,0.157908,0.379237,0.961519,-0.274230,0.016238,-0.003839,0.121337,1.834944,1.000000,0.195880,4.033665
1.395000,0.582697,0.157543,0.379219,0.961496,-0.274318,0.016146,-0.003838,0.121337,1.833966,1.000000,0.195050,4.039743
1.400000,0.582864,0.157178,0.379200,0.961472,-0.274407,0.016053,-0.003837,0.121336,1.832993,1.000000,0.194174,4.044711
1.405000,0.583030,0.156814,0.379179,0.961448,-0.274496,0.015960,-0.003835,0.121335,1.832024,1.000000,0.193331,4.049657
1.410000,0.583196,0.156451,0.379157,0.961424,-0.274585,0.015866,-0.003832,0.121335,1.831058,1.000000,0.192548,4.054865
1.415000,0.583360,0.156087,0.379134,0.961401,-0.274674,0.015773,-0.003828,0.121334,1.830097,1.000000,0.191809,4.060172
1.420000,0.583524,0.155725,0.379109,0.961377,-0.274762,0.015679,-0.003823,0.121334,1.829139,1.000000,0.191086,4.065428
1.425000,0.583686,0.155362,0.379082,0.961353,-0.274851,0.015586,-0.003818,0.121333,1.828185,1.000000,0.190387,4.070668
1.430000,0.583848,0.154999,0.379054,0.961329,-0.274940,0.015492,-0.003811,0.121332,1.827234,1.000000,0.189705,4.075928
1.435000,0.584008,0.154637,0.379025,0.961305,-0.275028,0.015399,-0.003804,0.121332,1.826287,1.000000,0.189013,4.080166
1.440000,0.584167,0.154275,0.378995,0.961281,-0.275117,0.015306,-0.003795,0.121331,1.825343,1.000000,0.188408,4.084629
1.445000,0.584325,0.153912,0.378963,0.961258,-0.275205,0.015213,-0.003786,0.121331,1.824402,1.000000,0.187880,4.089275
1.450000,0.584482,0.153550,0.378930,0.961234,-0.275294,0.015120,-0.003776,0.121330,1.823463,1.000000,0.187396,4.093923
1.455000,0.584638,0.153187,0.378896,0.961210,-0.275383,0.015028,-0.003765,0.121329,1.822527,1.000000,0.186951,4.098578
1.460000,0.584792,0.152825,0.378860,0.961186,-0.275471,0.014937,-0.003753,0.121329,1.821593,1.000000,0.186560,4.103334
1.465000,0.584946,0.152462,0.378824,0.961162,-0.275560,0.014846,-0.003740,0.121328,1.820660,1.000000,0.186222,4.108237
1.470000,0.585098,0.152099,0.378786,0.961138,-0.275648,0.014755,-0.003727,0.121328,1.819730,1.000000,0.185931,4.111865
1.475000,0.585249,0.151735,0.378747,0.961114,-0.275736,0.014666,-0.003712,0.121327,1.818800,1.000000,0.185730,4.115643
1.480000,0.585399,0.151372,0.378708,0.961090,-0.275825,0.014577,-0.003697,0.121326,1.817871,1.000000,0.185611,4.119470
1.485000,0.585547,0.151007,0.378668,0.961066,-0.275913,0.014489,-0.003681,0.121326,1.816942,1.000000,0.185568,4.123450
1.490000,0.585695,0.150643,0.378626,0.961042,-0.276001,0.014401,-0.003664,0.121325,1.816014,1.000000,0.185591,4.127427
1.495000,0.585841,0.150277,0.378585,0.961018,-0.276089,0.014315,-0.003647,0.121325,1.815085,1.000000,0.185658,4.131408
1.500000,0.585986,0.149911,0.378542,0.960994,-0.276177,0.014230,-0.003629,0.121324,1.814156,1.000000,0.185811,4.133860
1.505000,0.586129,0.149545,0.378499,0.960971,-0.276265,0.014147,-0.003610,0.121324,1.813226,1.000000,0.186067,4.136452
1.510000,0.586272,0.149178,0.378456,0.960947,-0.276353,0.014064,-0.003590,0.121323,1.812294,1.000000,0.186415,4.139044
1.515000,0.586413,0.148810,0.378413,0.960923,-0.276440,0.013983,-0.003569,0.121322,1.811360,1.000000,0.186858,4.141756
1.520000,0.586553,0.148441,0.378369,0.960899,-0.276528,0.013904,-0.003548,0.121322,1.810423,1.000000,0.187381,4.144477
1.525000,0.586692,0.148071,0.378325,0.960875,-0.276615,0.013826,-0.003526,0.121321,1.809484,1.000000,0.187979,4.147261
1.530000,0.586829,0.147701,0.378281,0.960851,-0.276702,0.013749,-0.003504,0.121321,1.808542,1.000000,0.188645,4.150058
1.535000,0.586966,0.147329,0.378238,0.960827,-0.276788,0.013675,-0.003481,0.121320,1.807596,1.000000,0.189396,4.151350
1.540000,0.587101,0.146957,0.378194,0.960804,-0.276875,0.013602,-0.003458,0.121320,1.806646,1.000000,0.190262,4.152664
1.545000,0.587235,0.146584,0.378151,0.960780,-0.276961,0.013532,-0.003434,0.121319,1.805691,1.000000,0.191234,4.153978
1.550000,0.587369,0.146210,0.378109,0.960756,-0.277046,0.013463,-0.003409,0.121319,1.804731,1.000000,0.192289,4.155297
1.555000,0.587501,0.145835,0.378067,0.960733,-0.277132,0.013397,-0.003384,0.121318,1.803766,1.000000,0.193418,4.156630
1.560000,0.587632,0.145458,0.378025,0.960709,-0.277217,0.013334,-0.003359,0.121317,1.802795,1.000000,0.194609,4.157981
1.565000,0.587763,0.145081,0.377985,0.960686,-0.277301,0.013272,-0.003333,0.121317,1.801817,1.000000,0.195849,4.159294
1.570000,0.587892,0.144703,0.377945,0.960662,-0.277386,0.013214,-0.003306,0.121316,1.800834,1.000000,0.197102,4.158362
1.575000,0.588021,0.144323,0.377906,0.960639,-0.277470,0.013158,-0.003280,0.121316,1.799844,1.000000,0.198470,4.157327
1.580000,0.588149,0.143943,0.377868,0.960615,-0.277553,0.013105,-0.003252,0.121315,1.798847,1.000000,0.199914,4.156129
1.585000,0.588276,0.143561,0.377832,0.960592,-0.277637,0.013054,-0.003225,0.121315,1.797843,1.000000,0.201435,4.154969
1.590000,0.588403,0.143178,0.377796,0.960569,-0.277720,0.013007,-0.003197,0.121314,1.796831,1.000000,0.203034,4.153924
1.595000,0.588529,0.142793,0.377762,0.960545,-0.277803,0.012962,-0.003169,0.121314,1.795810,1.000000,0.204677,4.152860
1.600000,0.588655,0.142407,0.377729,0.960522,-0.277885,0.012920,-0.003141,0.121314,1.794782,1.000000,0.206353,4.151699
1.605000,0.588780,0.142020,0.377698,0.960499,-0.277967,0.012882,-0.003112,0.121313,1.793745,1.000000,0.207972,4.147886
1.610000,0.588904,0.141632,0.377668,0.960476,-0.278049,0.012846,-0.003083,0.121313,1.792700,1.000000,0.209721,4.143942
1.615000,0.589028,0.141242,0.377640,0.960453,-0.278131,0.012813,-0.003054,0.121312,1.791646,1.000000,0.211565,4.139998
1.620000,0.589152,0.140850,0.377614,0.960430,-0.278213,0.012783,-0.003024,0.121312,1.790583,1.000000,0.213509,4.136200
1.625000,0.589275,0.140457,0.377589,0.960407,-0.278294,0.012757,-0.002995,0.121311,1.789509,1.000000,0.215514,4.132415
1.630000,0.589399,0.140062,0.377566,0.960383,-0.278375,0.012733,-0.002965,0.121311,1.788426,1.000000,0.217540,4.128299
1.635000,0.589521,0.139665,0.377545,0.960360,-0.278456,0.012712,-0.002934,0.121311,1.787332,1.000000,0.219603,4.124146
1.640000,0.589644,0.139266,0.377525,0.960337,-0.278537,0.012694,-0.002903,0.121310,1.786229,1.000000,0.221590,4.117215
1.645000,0.589766,0.138865,0.377508,0.960314,-0.278619,0.012679,-0.002872,0.121310,1.785115,1.000000,0.223708,4.110271
1.650000,0.589889,0.138462,0.377493,0.960290,-0.278700,0.012667,-0.002839,0.121310,1.783991,1.000000,0.225911,4.103276
1.655000,0.590011,0.138057,0.377480,0.960267,-0.278781,0.012658,-0.002805,0.121309,1.782855,1.000000,0.228161,4.096266
1.660000,0.590133,0.137649,0.377469,0.960244,-0.278863,0.012651,-0.002771,0.121309,1.781708,1.000000,0.230436,4.089198
1.665000,0.590254,0.137238,0.377460,0.960220,-0.278944,0.012647,-0.002735,0.121309,1.780550,1.000000,0.232723,4.082097
1.670000,0.590376,0.136825,0.377453,0.960196,-0.279026,0.012646,-0.002699,0.121308,1.779381,1.000000,0.234906,4.072490
1.675000,0.590498,0.136409,0.377448,0.960173,-0.279108,0.012647,-0.002661,0.121308,1.778201,1.000000,0.237214,4.062957
1.680000,0.590620,0.135990,0.377446,0.960149,-0.279190,0.012651,-0.002622,0.121308,1.777009,1.000000,0.239578,4.053330
1.685000,0.590742,0.135568,0.377446,0.960125,-0.279272,0.012658,-0.002582,0.121308,1.775805,1.000000,0.241963,4.043566
1.690000,0.590864,0.135143,0.377448,0.960101,-0.279354,0.012667,-0.002541,0.121307,1.774589,1.000000,0.244364,4.033807
1.695000,0.590987,0.134715,0.377453,0.960077,-0.279436,0.012678,-0.002500,0.121307,1.773362,1.000000,0.246772,4.024058
1.700000,0.591110,0.134283,0.377460,0.960053,-0.279518,0.012692,-0.002457,0.121307,1.772122,1.000000,0.249183,4.014349
1.705000,0.591233,0.133849,0.377470,0.960029,-0.279601,0.012708,-0.002414,0.121307,1.770871,1.000000,0.251412,4.002164
1.710000,0.591356,0.133410,0.377482,0.960005,-0.279684,0.012725,-0.002369,0.121306,1.769609,1.000000,0.253751,3.989965
1.715000,0.591480,0.132968,0.377496,0.959981,-0.279767,0.012745,-0.002324,0.121306,1.768336,1.000000,0.256112,3.977592
1.720000,0.591604,0.132522,0.377512,0.959956,-0.279851,0.012766,-0.002277,0.121306,1.767050,1.000000,0.258489,3.965233
1.725000,0.591729,0.132072,0.377531,0.959931,-0.279935,0.012789,-0.002230,0.121306,1.765753,1.000000,0.260839,3.952958
1.730000,0.591854,0.131619,0.377552,0.959906,-0.280020,0.012813,-0.002182,0.121306,1.764444,1.000000,0.263123,3.940702
1.735000,0.591980,0.131161,0.377575,0.959881,-0.280105,0.012839,-0.002133,0.121305,1.763124,1.000000,0.265356,3.928480
1.740000,0.592106,0.130699,0.377600,0.959856,-0.280191,0.012865,-0.002083,0.121305,1.761795,1.000000,0.267253,3.913579
1.745000,0.592233,0.130232,0.377628,0.959830,-0.280278,0.012892,-0.002033,0.121305,1.760456,1.000000,0.269268,3.898750
1.750000,0.592360,0.129760,0.377657,0.959804,-0.280366,0.012919,-0.001981,0.121305,1.759106,1.000000,0.271331,3.883966
1.755000,0.592488,0.129284,0.377688,0.959778,-0.280455,0.012947,-0.001929,0.121305,1.757747,1.000000,0.273410,3.869285
1.760000,0.592616,0.128802,0.377720,0.959751,-0.280546,0.012975,-0.001875,0.121305,1.756377,1.000000,0.275480,3.854669
1.765000,0.592745,0.128315,0.377755,0.959724,-0.280638,0.013003,-0.001820,0.121305,1.754997,1.000000,0.277526,3.840100
1.770000,0.592874,0.127822,0.377791,0.959697,-0.280730,0.013031,-0.001764,0.121305,1.753607,1.000000,0.279541,3.825581
1.775000,0.593004,0.127324,0.377828,0.959669,-0.280825,0.013058,-0.001708,0.121305,1.752208,1.000000,0.281217,3.809473
1.780000,0.593134,0.126820,0.377868,0.959640,-0.280920,0.013085,-0.001650,0.121305,1.750802,1.000000,0.282937,3.793398
1.785000,0.593264,0.126310,0.377909,0.959612,-0.281018,0.013111,-0.001590,0.121305,1.749386,1.000000,0.284666,3.777482
1.790000,0.593394,0.125794,0.377951,0.959582,-0.281117,0.013135,-0.001530,0.121305,1.747962,1.000000,0.286380,3.761779
1.795000,0.593525,0.125271,0.377995,0.959552,-0.281218,0.013159,-0.001467,0.121304,1.746530,1.000000,0.288026,3.746130
1.800000,0.593657,0.124741,0.378040,0.959522,-0.281321,0.013181,-0.001404,0.121304,1.745090,1.000000,0.289576,3.730529
1.805000,0.593788,0.124205,0.378086,0.959491,-0.281425,0.013202,-0.001340,0.121304,1.743643,1.000000,0.291008,3.714979
1.810000,0.593920,0.123662,0.378133,0.959460,-0.281531,0.013221,-0.001274,0.121304,1.742190,1.000000,0.291994,3.698128
1.815000,0.594052,0.123112,0.378181,0.959428,-0.281639,0.013238,-0.001207,0.121304,1.740733,1.000000,0.292949,3.681402
1.820000,0.594184,0.122555,0.378230,0.959396,-0.281749,0.013253,-0.001139,0.121304,1.739272,1.000000,0.293850,3.664963
1.825000,0.594316,0.121990,0.378280,0.959363,-0.281861,0.013266,-0.001070,0.121304,1.737806,1.000000,0.294636,3.648649
1.830000,0.594449,0.121418,0.378330,0.959329,-0.281975,0.013276,-0.001000,0.121304,1.736337,1.000000,0.295291,3.632475
1.835000,0.594582,0.120838,0.378380,0.959295,-0.282091,0.013283,-0.000930,0.121304,1.734865,1.000000,0.295807,3.616430
1.840000,0.594715,0.120251,0.378431,0.959261,-0.282209,0.013288,-0.000858,0.121304,1.733391,1.000000,0.296149,3.600413
1.845000,0.594849,0.119656,0.378482,0.959225,-0.282329,0.013289,-0.000786,0.121304,1.731919,1.000000,0.295850,3.581724
1.850000,0.594983,0.119053,0.378533,0.959189,-0.282451,0.013288,-0.000713,0.121304,1.730448,1.000000,0.295559,3.563344
1.855000,0.595117,0.118441,0.378584,0.959153,-0.282575,0.013285,-0.000639,0.121304,1.728979,1.000000,0.295188,3.545227
1.860000,0.595252,0.117821,0.378635,0.959116,-0.282702,0.013278,-0.000564,0.121304,1.727513,1.000000,0.294660,3.527238
1.865000,0.595387,0.117193,0.378685,0.959078,-0.282831,0.013268,-0.000488,0.121304,1.726050,1.000000,0.293956,3.509398
1.870000,0.595522,0.116556,0.378736,0.959039,-0.282962,0.013255,-0.000412,0.121304,1.724591,1.000000,0.293100,3.491865
1.875000,0.595658,0.115910,0.378786,0.959000,-0.283096,0.013239,-0.000334,0.121304,1.723139,1.000000,0.291647,3.472046
1.880000,0.595795,0.115255,0.378835,0.958960,-0.283232,0.013220,-0.000256,0.121304,1.721695,1.000000,0.290128,3.452500
1.885000,0.595932,0.114591,0.378885,0.958920,-0.283370,0.013198,-0.000177,0.121305,1.720260,1.000000,0.288481,3.433226
1.890000,0.596070,0.113917,0.378933,0.958879,-0.283510,0.013173,-0.000098,0.121305,1.718833,1.000000,0.286665,3.414229
1.895000,0.596209,0.113235,0.378981,0.958837,-0.283653,0.013145,-0.000018,0.121305,1.717416,1.000000,0.284630,3.395459
1.900000,0.596348,0.112542,0.379029,0.958795,-0.283797,0.013115,0.000063,0.121305,1.716009,1.000000,0.282404,3.376999
1.905000,0.596488,0.111841,0.379076,0.958752,-0.283944,0.013081,0.000144,0.121305,1.714615,1.000000,0.280031,3.359011
1.910000,0.596629,0.111130,0.379122,0.958708,-0.284093,0.013045,0.000225,0.121305,1.713234,1.000000,0.277242,3.339445
1.915000,0.596772,0.110410,0.379167,0.958664,-0.284243,0.013006,0.000306,0.121305,1.711868,1.000000,0.274279,3.320140
1.920000,0.596915,0.109680,0.379212,0.958619,-0.284396,0.012964,0.000387,0.121305,1.710518,1.000000,0.271151,3.301184
1.925000,0.597060,0.108940,0.379256,0.958574,-0.284550,0.012920,0.000468,0.121305,1.709183,1.000000,0.267883,3.282688
1.930000,0.597206,0.108192,0.379299,0.958528,-0.284706,0.012873,0.000548,0.121305,1.707866,1.000000,0.264447,3.264589
1.935000,0.597354,0.107434,0.379341,0.958482,-0.284863,0.012824,0.000628,0.121305,1.706567,1.000000,0.260797,3.246805
1.940000,0.597503,0.106667,0.379383,0.958436,-0.285022,0.012773,0.000708,0.121305,1.705286,1.000000,0.256941,3.229374
1.945000,0.597653,0.105891,0.379424,0.958389,-0.285182,0.012719,0.000786,0.121305,1.704027,1.000000,0.252713,3.210215
1.950000,0.597806,0.105106,0.379465,0.958341,-0.285344,0.012663,0.000864,0.121305,1.702789,1.000000,0.248383,3.191548
1.955000,0.597960,0.104312,0.379505,0.958293,-0.285508,0.012605,0.000940,0.121305,1.701574,1.000000,0.243890,3.173266
1.960000,0.598116,0.103509,0.379544,0.958245,-0.285672,0.012545,0.001016,0.121305,1.700382,1.000000,0.239210,3.155366
1.965000,0.598275,0.102697,0.379583,0.958196,-0.285838,0.012483,0.001090,0.121305,1.699214,1.000000,0.234383,3.137933
1.970000,0.598435,0.101877,0.379621,0.958147,-0.286005,0.012419,0.001163,0.121305,1.698070,1.000000,0.229438,3.121038
1.975000,0.598597,0.101049,0.379659,0.958097,-0.286174,0.012354,0.001235,0.121305,1.696952,1.000000,0.224326,3.104580
1.980000,0.598762,0.100212,0.379697,0.958047,-0.286344,0.012286,0.001305,0.121305,1.695860,1.000000,0.219011,3.087742
1.985000,0.598928,0.099368,0.379734,0.957997,-0.286515,0.012216,0.001374,0.121305,1.694796,1.000000,0.213546,3.071366
1.990000,0.599097,0.098516,0.379771,0.957946,-0.286687,0.012144,0.001442,0.121305,1.693759,1.000000,0.207997,3.055590
1.995000,0.599268,0.097656,0.379808,0.957895,-0.286861,0.012069,0.001507,0.121305,1.692750,1.000000,0.202309,3.040292
2.000000,0.599441,0.096789,0.379844,0.957843,-0.287036,0.011993,0.001571,0.121305,1.691770,1.000000,0.196477,3.025465
2.005000,0.599617,0.095915,0.379881,0.957792,-0.287212,0.011914,0.001633,0.121305,1.690820,1.000000,0.190509,3.011127
2.010000,0.599794,0.095034,0.379917,0.957739,-0.287389,0.011833,0.001693,0.121305,1.689901,1.000000,0.184375,2.997288
2.015000,0.599974,0.094146,0.379953,0.957687,-0.287568,0.011749,0.001752,0.121305,1.689011,1.000000,0.178382,2.984821
2.020000,0.600156,0.093253,0.379990,0.957633,-0.287748,0.011662,0.001808,0.121304,1.688152,1.000000,0.172255,2.972862
2.025000,0.600339,0.092353,0.380026,0.957580,-0.287929,0.011573,0.001863,0.121304,1.687323,1.000000,0.166011,2.961405
2.030000,0.600525,0.091447,0.380062,0.957526,-0.288111,0.011480,0.001915,0.121304,1.686527,1.000000,0.159622,2.950405
2.035000,0.600713,0.090536,0.380099,0.957472,-0.288295,0.011384,0.001965,0.121304,1.685763,1.000000,0.153094,2.939877
2.040000,0.600902,0.089620,0.380136,0.957417,-0.288480,0.011285,0.002014,0.121304,1.685032,1.000000,0.146482,2.929877
2.045000,0.601093,0.088699,0.380172,0.957362,-0.288666,0.011182,0.002060,0.121304,1.684333,1.000000,0.139920,2.921079
2.050000,0.601287,0.087773,0.380209,0.957307,-0.288853,0.011075,0.002105,0.121304,1.683668,1.000000,0.133237,2.912754
2.055000,0.601481,0.086843,0.380247,0.957251,-0.289041,0.010965,0.002147,0.121304,1.683037,1.000000,0.126412,2.904901
2.060000,0.601678,0.085909,0.380284,0.957195,-0.289231,0.010851,0.002188,0.121303,1.682441,1.000000,0.119503,2.897550
2.065000,0.601875,0.084971,0.380322,0.957139,-0.289423,0.010733,0.002227,0.121303,1.681879,1.000000,0.112570,2.890743
2.070000,0.602075,0.084029,0.380360,0.957082,-0.289615,0.010611,0.002264,0.121303,1.681352,1.000000,0.105568,2.884434
2.075000,0.602275,0.083085,0.380398,0.957024,-0.289809,0.010485,0.002300,0.121303,1.680860,1.000000,0.098450,2.878666
2.080000,0.602478,0.082137,0.380437,0.956967,-0.290004,0.010356,0.002334,0.121302,1.680403,1.000000,0.091571,2.873336
2.085000,0.602681,0.081186,0.380477,0.956908,-0.290200,0.010222,0.002367,0.121302,1.679980,1.000000,0.084671,2.868475
2.090000,0.602886,0.080233,0.380517,0.956850,-0.290397,0.010084,0.002398,0.121302,1.679592,1.000000,0.077735,2.864086
2.095000,0.603092,0.079278,0.380557,0.956791,-0.290596,0.009942,0.002428,0.121301,1.679238,1.000000,0.070763,2.860195
2.100000,0.603299,0.078321,0.380598,0.956732,-0.290795,0.009795,0.002456,0.121301,1.678920,1.000000,0.063767,2.856793
2.105000,0.603508,0.077362,0.380640,0.956673,-0.290995,0.009645,0.002483,0.121301,1.678637,1.000000,0.056718,2.853884
2.110000,0.603718,0.076402,0.380683,0.956613,-0.291197,0.009491,0.002509,0.121301,1.678389,1.000000,0.049632,2.851475
2.115000,0.603928,0.075441,0.380726,0.956553,-0.291399,0.009333,0.002533,0.121300,1.678175,1.000000,0.042850,2.849262
2.120000,0.604140,0.074479,0.380770,0.956492,-0.291602,0.009171,0.002557,0.121300,1.677995,1.000000,0.036130,2.847502
2.125000,0.604354,0.073516,0.380816,0.956432,-0.291806,0.009006,0.002580,0.121299,1.677849,1.000000,0.029431,2.846185
2.130000,0.604568,0.072553,0.380862,0.956371,-0.292011,0.008838,0.002602,0.121299,1.677736,1.000000,0.022732,2.845325
2.135000,0.604784,0.071589,0.380909,0.956309,-0.292217,0.008668,0.002623,0.121299,1.677656,1.000000,0.016075,2.844916
2.140000,0.605002,0.070625,0.380958,0.956248,-0.292423,0.008495,0.002645,0.121298,1.677610,1.000000,0.009488,2.844978
2.145000,0.605222,0.069661,0.381008,0.956186,-0.292630,0.008321,0.002665,0.121298,1.677596,1.000000,0.002915,2.845479
2.150000,0.605443,0.068697,0.381058,0.956124,-0.292838,0.008144,0.002686,0.121297,1.677612,1.000000,-0.003731,2.846787
2.155000,0.605665,0.067733,0.381110,0.956061,-0.293047,0.007966,0.002706,0.121297,1.677654,1.000000,-0.010359,2.848553
2.160000,0.605889,0.066770,0.381163,0.955998,-0.293257,0.007785,0.002727,0.121297,1.677722,1.000000,-0.016915,2.850771
2.165000,0.606114,0.065808,0.381218,0.955935,-0.293468,0.007603,0.002747,0.121296,1.677817,1.000000,-0.023455,2.853437
2.170000,0.606340,0.064846,0.381273,0.955871,-0.293679,0.007418,0.002768,0.121296,1.677938,1.000000,-0.030032,2.856578
2.175000,0.606567,0.063885,0.381329,0.955807,-0.293892,0.007232,0.002790,0.121295,1.678085,1.000000,-0.036609,2.860180
2.180000,0.606796,0.062926,0.381386,0.955743,-0.294107,0.007043,0.002811,0.121295,1.678257,1.000000,-0.042619,2.864712
2.185000,0.607026,0.061967,0.381445,0.955678,-0.294322,0.006852,0.002833,0.121294,1.678452,1.000000,-0.048617,2.869601
2.190000,0.607256,0.061011,0.381504,0.955612,-0.294538,0.006660,0.002855,0.121294,1.678671,1.000000,-0.054612,2.874885
2.195000,0.607487,0.060055,0.381564,0.955547,-0.294755,0.006465,0.002878,0.121293,1.678914,1.000000,-0.060598,2.880563
2.200000,0.607719,0.059102,0.381625,0.955481,-0.294973,0.006268,0.002901,0.121293,1.679181,1.000000,-0.066594,2.886628
2.205000,0.607952,0.058151,0.381686,0.955414,-0.295192,0.006069,0.002925,0.121292,1.679473,1.000000,-0.072608,2.893093
2.210000,0.608185,0.057202,0.381748,0.955347,-0.295412,0.005867,0.002949,0.121292,1.679788,1.000000,-0.078577,2.899909
2.215000,0.608419,0.056255,0.381811,0.955280,-0.295634,0.005664,0.002974,0.121291,1.680124,1.000000,-0.083745,2.907130
2.220000,0.608653,0.055311,0.381874,0.955212,-0.295856,0.005459,0.003000,0.121290,1.680480,1.000000,-0.088926,2.914647
2.225000,0.608888,0.054369,0.381938,0.955144,-0.296078,0.005251,0.003025,0.121290,1.680857,1.000000,-0.094149,2.922529
2.230000,0.609122,0.053431,0.382002,0.955076,-0.296302,0.005041,0.003052,0.121289,1.681256,1.000000,-0.099342,2.930693
2.235000,0.609357,0.052495,0.382066,0.955007,-0.296527,0.004829,0.003078,0.121289,1.681674,1.000000,-0.104456,2.939057
2.240000,0.609592,0.051564,0.382131,0.954938,-0.296752,0.004614,0.003105,0.121288,1.682113,1.000000,-0.109583,2.947700
2.245000,0.609826,0.050635,0.382195,0.954869,-0.296978,0.004396,0.003132,0.121287,1.682573,1.000000,-0.114778,2.956655
2.250000,0.610060,0.049711,0.382260,0.954799,-0.297205,0.004174,0.003159,0.121287,1.683052,1.000000,-0.119563,2.965987
2.255000,0.610292,0.048791,0.382324,0.954729,-0.297433,0.003947,0.003187,0.121286,1.683550,1.000000,-0.124303,2.975513
2.260000,0.610522,0.047875,0.382388,0.954659,-0.297661,0.003716,0.003214,0.121286,1.684066,1.000000,-0.129001,2.985261
2.265000,0.610752,0.046964,0.382452,0.954588,-0.297891,0.003480,0.003242,0.121285,1.684602,1.000000,-0.133655,2.995202
2.270000,0.610979,0.046058,0.382516,0.954517,-0.298121,0.003239,0.003270,0.121284,1.685155,1.000000,-0.138259,3.005353
2.275000,0.611205,0.045156,0.382580,0.954446,-0.298352,0.002994,0.003299,0.121284,1.685727,1.000000,-0.142844,3.015789
2.280000,0.611429,0.044259,0.382643,0.954374,-0.298583,0.002744,0.003328,0.121283,1.686318,1.000000,-0.147406,3.026512
2.285000,0.611651,0.043366,0.382706,0.954302,-0.298815,0.002489,0.003358,0.121282,1.686924,1.000000,-0.151365,3.036825
2.290000,0.611870,0.042479,0.382769,0.954230,-0.299048,0.002230,0.003388,0.121281,1.687546,1.000000,-0.155254,3.047254
2.295000,0.612088,0.041597,0.382832,0.954157,-0.299280,0.001967,0.003420,0.121281,1.688183,1.000000,-0.159088,3.057837
2.300000,0.612304,0.040720,0.382895,0.954084,-0.299513,0.001700,0.003452,0.121280,1.688835,1.000000,-0.162858,3.068549
2.305000,0.612517,0.039848,0.382957,0.954012,-0.299746,0.001429,0.003485,0.121279,1.689502,1.000000,-0.166565,3.079430
2.310000,0.612728,0.038982,0.383020,0.953939,-0.299979,0.001154,0.003519,0.121279,1.690184,1.000000,-0.170217,3.090500
2.315000,0.612937,0.038120,0.383082,0.953866,-0.300212,0.000876,0.003554,0.121278,1.690880,1.000000,-0.173808,3.101732
2.320000,0.613144,0.037265,0.383144,0.953792,-0.300444,0.000594,0.003590,0.121277,1.691589,1.000000,-0.176921,3.112220
2.325000,0.613349,0.036414,0.383205,0.953719,-0.300677,0.000309,0.003627,0.121276,1.692310,1.000000,-0.179985,3.122840
2.330000,0.613551,0.035570,0.383266,0.953646,-0.300909,0.000022,0.003665,0.121275,1.693043,1.000000,-0.183041,3.133474
2.335000,0.613752,0.034730,0.383327,0.953572,-0.301141,-0.000268,0.003705,0.121275,1.693788,1.000000,-0.186039,3.144229
2.340000,0.613950,0.033897,0.383388,0.953499,-0.301372,-0.000561,0.003745,0.121274,1.694545,1.000000,-0.188932,3.154970
2.345000,0.614146,0.033069,0.383448,0.953426,-0.301603,-0.000856,0.003787,0.121273,1.695314,1.000000,-0.191754,3.165798
2.350000,0.614340,0.032247,0.383508,0.953352,-0.301833,-0.001152,0.003830,0.121272,1.696093,1.000000,-0.194438,3.176320
2.355000,0.614531,0.031430,0.383568,0.953279,-0.302063,-0.001451,0.003875,0.121271,1.696882,1.000000,-0.197066,3.186951
2.360000,0.614721,0.030619,0.383627,0.953206,-0.302292,-0.001751,0.003921,0.121271,1.697682,1.000000,-0.199640,3.197678
2.365000,0.614908,0.029814,0.383686,0.953132,-0.302520,-0.002052,0.003969,0.121270,1.698493,1.000000,-0.202163,3.208509
2.370000,0.615094,0.029014,0.383745,0.953059,-0.302748,-0.002355,0.004019,0.121269,1.699313,1.000000,-0.204642,3.219422
2.375000,0.615277,0.028219,0.383803,0.952986,-0.302976,-0.002658,0.004070,0.121268,1.700142,1.000000,-0.207080,3.230418
2.380000,0.615458,0.027430,0.383861,0.952913,-0.303202,-0.002962,0.004123,0.121267,1.700982,1.000000,-0.209479,3.241504
2.385000,0.615637,0.026646,0.383918,0.952840,-0.303428,-0.003266,0.004179,0.121267,1.701830,1.000000,-0.211645,3.251799
2.390000,0.615814,0.025868,0.383975,0.952767,-0.303653,-0.003571,0.004236,0.121266,1.702687,1.000000,-0.213779,3.262189
2.395000,0.615989,0.025095,0.384031,0.952694,-0.303878,-0.003877,0.004295,0.121265,1.703552,1.000000,-0.215882,3.272677
2.400000,0.616162,0.024327,0.384087,0.952621,-0.304101,-0.004182,0.004356,0.121264,1.704425,1.000000,-0.217961,3.283275
2.405000,0.616333,0.023565,0.384143,0.952548,-0.304324,-0.004487,0.004419,0.121263,1.705307,1.000000,-0.220051,3.294052
2.410000,0.616501,0.022807,0.384197,0.952475,-0.304545,-0.004791,0.004484,0.121262,1.706197,1.000000,-0.222111,3.304914
2.415000,0.616668,0.022054,0.384252,0.952403,-0.304766,-0.005096,0.004552,0.121262,1.707095,1.000000,-0.224097,3.315743
2.420000,0.616832,0.021307,0.384305,0.952330,-0.304986,-0.005399,0.004621,0.121261,1.708000,1.000000,-0.225790,3.325791
2.425000,0.616995,0.020564,0.384358,0.952258,-0.305205,-0.005703,0.004692,0.121260,1.708911,1.000000,-0.227467,3.335866
2.430000,0.617155,0.019827,0.384411,0.952186,-0.305423,-0.006005,0.004766,0.121259,1.709829,1.000000,-0.229126,3.346017
2.435000,0.617313,0.019094,0.384463,0.952114,-0.305640,-0.006307,0.004841,0.121258,1.710754,1.000000,-0.230765,3.356263
2.440000,0.617469,0.018366,0.384514,0.952042,-0.305856,-0.006608,0.004919,0.121258,1.711685,1.000000,-0.232388,3.366588
2.445000,0.617622,0.017643,0.384564,0.951970,-0.306071,-0.006908,0.004998,0.121257,1.712622,1.000000,-0.233998,3.376990
2.450000,0.617774,0.016924,0.384613,0.951899,-0.306285,-0.007206,0.005080,0.121256,1.713566,1.000000,-0.235599,3.387468
2.455000,0.617923,0.016210,0.384662,0.951828,-0.306498,-0.007504,0.005164,0.121255,1.714516,1.000000,-0.237078,3.397984
2.460000,0.618070,0.015500,0.384710,0.951757,-0.306710,-0.007801,0.005249,0.121254,1.715471,1.000000,-0.238575,3.408570
2.465000,0.618214,0.014795,0.384757,0.951686,-0.306921,-0.008097,0.005337,0.121253,1.716433,1.000000,-0.240089,3.419233
2.470000,0.618356,0.014094,0.384803,0.951615,-0.307131,-0.008391,0.005427,0.121253,1.717401,1.000000,-0.241618,3.429975
2.475000,0.618495,0.013397,0.384848,0.951544,-0.307340,-0.008685,0.005519,0.121252,1.718375,1.000000,-0.243164,3.440790
2.480000,0.618632,0.012704,0.384892,0.951474,-0.307548,-0.008978,0.005613,0.121251,1.719355,1.000000,-0.244725,3.451686
2.485000,0.618766,0.012015,0.384934,0.951403,-0.307756,-0.009269,0.005709,0.121250,1.720341,1.000000,-0.246302,3.462658
2.490000,0.618898,0.011330,0.384976,0.951333,-0.307962,-0.009560,0.005807,0.121249,1.721333,1.000000,-0.247722,3.473608
2.495000,0.619027,0.010649,0.385017,0.951263,-0.308167,-0.009849,0.005907,0.121248,1.722330,1.000000,-0.249175,3.484567
2.500000,0.619152,0.009972,0.385056,0.951193,-0.308372,-0.010138,0.006010,0.121248,1.723334,1.000000,-0.250633,3.495467
2.505000,0.619275,0.009298,0.385094,0.951123,-0.308575,-0.010426,0.006114,0.121247,1.724343,1.000000,-0.252134,3.506453
2.510000,0.619395,0.008628,0.385131,0.951054,-0.308777,-0.010712,0.006220,0.121246,1.725359,1.000000,-0.253702,3.517680
2.515000,0.619512,0.007961,0.385167,0.950984,-0.308979,-0.010998,0.006328,0.121245,1.726380,1.000000,-0.255299,3.528955
2.520000,0.619625,0.007298,0.385201,0.950915,-0.309179,-0.011283,0.006437,0.121244,1.727409,1.000000,-0.256919,3.540326
2.525000,0.619736,0.006638,0.385234,0.950846,-0.309379,-0.011567,0.006549,0.121244,1.728442,1.000000,-0.258211,3.550288
2.530000,0.619843,0.005981,0.385265,0.950777,-0.309577,-0.011850,0.006662,0.121243,1.729480,1.000000,-0.259511,3.560334
2.535000,0.619947,0.005327,0.385295,0.950709,-0.309774,-0.012132,0.006777,0.121242,1.730524,1.000000,-0.260817,3.570418
2.540000,0.620048,0.004677,0.385323,0.950640,-0.309969,-0.012413,0.006893,0.121241,1.731573,1.000000,-0.262087,3.580450
2.545000,0.620145,0.004029,0.385349,0.950573,-0.310164,-0.012693,0.007011,0.121240,1.732627,1.000000,-0.263352,3.590505
2.550000,0.620240,0.003385,0.385375,0.950505,-0.310357,-0.012972,0.007129,0.121240,1.733686,1.000000,-0.264645,3.600754
2.555000,0.620331,0.002744,0.385398,0.950437,-0.310549,-0.013249,0.007249,0.121239,1.734749,1.000000,-0.265652,3.609258
2.560000,0.620419,0.002106,0.385420,0.950370,-0.310740,-0.013525,0.007371,0.121238,1.735816,1.000000,-0.266630,3.617842
2.565000,0.620503,0.001471,0.385441,0.950304,-0.310929,-0.013799,0.007493,0.121237,1.736887,1.000000,-0.267576,3.626478
2.570000,0.620585,0.000839,0.385460,0.950237,-0.311116,-0.014072,0.007616,0.121237,1.737961,1.000000,-0.268460,3.635053
2.575000,0.620663,0.000210,0.385478,0.950171,-0.311303,-0.014344,0.007740,0.121236,1.739039,1.000000,-0.269294,3.643598
2.580000,0.620738,-0.000417,0.385494,0.950105,-0.311487,-0.014613,0.007865,0.121235,1.740120,1.000000,-0.270124,3.652289
2.585000,0.620809,-0.001040,0.385508,0.950040,-0.311671,-0.014880,0.007991,0.121234,1.741204,1.000000,-0.270952,3.661121
2.590000,0.620878,-0.001660,0.385522,0.949975,-0.311853,-0.015146,0.008117,0.121234,1.742292,1.000000,-0.271697,3.669145
2.595000,0.620943,-0.002278,0.385534,0.949910,-0.312033,-0.015409,0.008245,0.121233,1.743382,1.000000,-0.272405,3.677230
2.600000,0.621006,-0.002893,0.385544,0.949846,-0.312213,-0.015670,0.008374,0.121232,1.744475,1.000000,-0.273068,3.685295
2.605000,0.621065,-0.003505,0.385554,0.949782,-0.312390,-0.015928,0.008503,0.121231,1.745571,1.000000,-0.273676,3.693303
2.610000,0.621121,-0.004115,0.385562,0.949719,-0.312567,-0.016184,0.008633,0.121231,1.746669,1.000000,-0.274271,3.701376
2.615000,0.621174,-0.004723,0.385569,0.949655,-0.312742,-0.016437,0.008764,0.121230,1.747769,1.000000,-0.274875,3.709621
2.620000,0.621225,-0.005327,0.385575,0.949593,-0.312916,-0.016688,0.008896,0.121229,1.748872,1.000000,-0.275463,3.717896
2.625000,0.621272,-0.005930,0.385579,0.949530,-0.313088,-0.016935,0.009029,0.121229,1.749976,1.000000,-0.275997,3.725757
2.630000,0.621316,-0.006530,0.385583,0.949468,-0.313259,-0.017180,0.009163,0.121228,1.751083,1.000000,-0.276511,3.733637
2.635000,0.621357,-0.007128,0.385586,0.949406,-0.313429,-0.017422,0.009298,0.121227,1.752192,1.000000,-0.277006,3.741568
2.640000,0.621395,-0.007724,0.385588,0.949345,-0.313597,-0.017661,0.009433,0.121226,1.753303,1.000000,-0.277489,3.749524
2.645000,0.621430,-0.008317,0.385588,0.949284,-0.313764,-0.017897,0.009569,0.121226,1.754416,1.000000,-0.277954,3.757527
2.650000,0.621462,-0.008909,0.385588,0.949224,-0.313929,-0.018129,0.009706,0.121225,1.755531,1.000000,-0.278412,3.765556
2.655000,0.621491,-0.009498,0.385587,0.949164,-0.314093,-0.018359,0.009844,0.121224,1.756647,1.000000,-0.278859,3.773609
2.660000,0.621517,-0.010086,0.385586,0.949104,-0.314256,-0.018585,0.009982,0.121224,1.757765,1.000000,-0.279126,3.780784
2.665000,0.621541,-0.010671,0.385583,0.949044,-0.314418,-0.018808,0.010121,0.121223,1.758883,1.000000,-0.279376,3.787977
2.670000,0.621561,-0.011255,0.385580,0.948986,-0.314578,-0.019028,0.010260,0.121222,1.760003,1.000000,-0.279609,3.795190
2.675000,0.621579,-0.011836,0.385576,0.948927,-0.314736,-0.019245,0.010400,0.121221,1.761123,1.000000,-0.279821,3.802435
2.680000,0.621593,-0.012416,0.385571,0.948869,-0.314893,-0.019458,0.010540,0.121221,1.762244,1.000000,-0.280018,3.809709
2.685000,0.621605,-0.012994,0.385565,0.948811,-0.315049,-0.019669,0.010681,0.121220,1.763366,1.000000,-0.280201,3.816997
2.690000,0.621615,-0.013570,0.385559,0.948754,-0.315204,-0.019876,0.010822,0.121219,1.764489,1.000000,-0.280375,3.824305
2.695000,0.621621,-0.014144,0.385552,0.948697,-0.315357,-0.020080,0.010963,0.121219,1.765611,1.000000,-0.280388,3.830794
2.700000,0.621625,-0.014716,0.385545,0.948641,-0.315509,-0.020281,0.011104,0.121218,1.766734,1.000000,-0.280384,3.837302
2.705000,0.621626,-0.015286,0.385537,0.948585,-0.315659,-0.020478,0.011246,0.121217,1.767857,1.000000,-0.280373,3.843875
2.710000,0.621624,-0.015854,0.385528,0.948530,-0.315808,-0.020673,0.011387,0.121217,1.768980,1.000000,-0.280370,3.850576
2.715000,0.621620,-0.016421,0.385519,0.948474,-0.315956,-0.020865,0.011529,0.121216,1.770102,1.000000,-0.280343,3.857240
2.720000,0.621613,-0.016985,0.385509,0.948420,-0.316102,-0.021053,0.011670,0.121215,1.771224,1.000000,-0.280272,3.863758
2.725000,0.621604,-0.017548,0.385498,0.948366,-0.316247,-0.021238,0.011812,0.121215,1.772347,1.000000,-0.280216,3.870395
2.730000,0.621592,-0.018109,0.385487,0.948312,-0.316391,-0.021421,0.011953,0.121214,1.773469,1.000000,-0.280192,3.877218
2.735000,0.621578,-0.018668,0.385476,0.948258,-0.316534,-0.021600,0.012095,0.121213,1.774591,1.000000,-0.280171,3.884049
2.740000,0.621561,-0.019226,0.385464,0.948205,-0.316675,-0.021776,0.012236,0.121212,1.775712,1.000000,-0.280111,3.890709
2.745000,0.621542,-0.019781,0.385451,0.948152,-0.316815,-0.021949,0.012378,0.121212,1.776834,1.000000,-0.280058,3.897383
2.750000,0.621521,-0.020336,0.385438,0.948100,-0.316954,-0.022119,0.012520,0.121211,1.777955,1.000000,-0.280042,3.904176
2.755000,0.621497,-0.020888,0.385425,0.948048,-0.317092,-0.022287,0.012661,0.121210,1.779077,1.000000,-0.280039,3.910996
2.760000,0.621471,-0.021439,0.385411,0.947997,-0.317229,-0.022451,0.012803,0.121210,1.780198,1.000000,-0.280029,3.917770
2.765000,0.621443,-0.021989,0.385397,0.947945,-0.317365,-0.022612,0.012945,0.121209,1.781319,1.000000,-0.280025,3.924523
2.770000,0.621412,-0.022537,0.385382,0.947895,-0.317500,-0.022770,0.013087,0.121208,1.782440,1.000000,-0.280062,3.931401
2.775000,0.621380,-0.023084,0.385367,0.947844,-0.317634,-0.022926,0.013228,0.121207,1.783562,1.000000,-0.280128,3.938350
2.780000,0.621345,-0.023629,0.385352,0.947794,-0.317766,-0.023079,0.013370,0.121207,1.784684,1.000000,-0.280208,3.945296
2.785000,0.621308,-0.024173,0.385336,0.947744,-0.317898,-0.023229,0.013512,0.121206,1.785806,1.000000,-0.280305,3.952248
2.790000,0.621269,-0.024715,0.385320,0.947694,-0.318029,-0.023376,0.013654,0.121205,1.786929,1.000000,-0.280420,3.959211
2.795000,0.621228,-0.025257,0.385304,0.947645,-0.318159,-0.023520,0.013795,0.121205,1.788052,1.000000,-0.280457,3.965556
2.800000,0.621185,-0.025797,0.385287,0.947596,-0.318287,-0.023662,0.013937,0.121204,1.789175,1.000000,-0.280490,3.971846
2.805000,0.621140,-0.026336,0.385269,0.947548,-0.318415,-0.023802,0.014078,0.121203,1.790298,1.000000,-0.280505,3.978021
2.810000,0.621093,-0.026874,0.385252,0.947500,-0.318542,-0.023938,0.014219,0.121202,1.791421,1.000000,-0.280532,3.984244
2.815000,0.621045,-0.027411,0.385234,0.947452,-0.318668,-0.024073,0.014360,0.121202,1.792544,1.000000,-0.280590,3.990637
2.820000,0.620994,-0.027946,0.385216,0.947404,-0.318793,-0.024204,0.014501,0.121201,1.793668,1.000000,-0.280656,3.997033
2.825000,0.620942,-0.028480,0.385197,0.947357,-0.318917,-0.024334,0.014642,0.121200,1.794792,1.000000,-0.280729,4.003427
2.830000,0.620888,-0.029014,0.385178,0.947310,-0.319041,-0.024461,0.014782,0.121200,1.795916,1.000000,-0.280759,4.009468
2.835000,0.620832,-0.029546,0.385159,0.947263,-0.319163,-0.024586,0.014922,0.121199,1.797040,1.000000,-0.280793,4.015569
2.840000,0.620775,-0.030077,0.385140,0.947217,-0.319285,-0.024708,0.015062,0.121198,1.798164,1.000000,-0.280832,4.021682
2.845000,0.620716,-0.030607,0.385120,0.947171,-0.319406,-0.024828,0.015201,0.121197,1.799289,1.000000,-0.280873,4.027786
2.850000,0.620656,-0.031136,0.385100,0.947125,-0.319526,-0.024947,0.015340,0.121197,1.800413,1.000000,-0.280919,4.033897
2.855000,0.620594,-0.031664,0.385080,0.947079,-0.319645,-0.025063,0.015479,0.121196,1.801538,1.000000,-0.280971,4.040051
2.860000,0.620530,-0.032191,0.385060,0.947034,-0.319764,-0.025177,0.015617,0.121195,1.802663,1.000000,-0.281032,4.046229
2.865000,0.620465,-0.032717,0.385039,0.946989,-0.319882,-0.025289,0.015755,0.121195,1.803788,1.000000,-0.281134,4.052651
2.870000,0.620399,-0.033243,0.385018,0.946944,-0.320000,-0.025399,0.015892,0.121194,1.804914,1.000000,-0.281239,4.059021
2.875000,0.620331,-0.033767,0.384997,0.946899,-0.320116,-0.025508,0.016029,0.121193,1.806040,1.000000,-0.281386,4.065524
2.880000,0.620262,-0.034291,0.384976,0.946855,-0.320232,-0.025615,0.016165,0.121193,1.807167,1.000000,-0.281532,4.072158
2.885000,0.620192,-0.034813,0.384954,0.946810,-0.320348,-0.025722,0.016300,0.121192,1.808295,1.000000,-0.281639,4.078807
2.890000,0.620120,-0.035334,0.384933,0.946766,-0.320463,-0.025828,0.016434,0.121191,1.809423,1.000000,-0.281709,4.085486
2.895000,0.620047,-0.035855,0.384911,0.946723,-0.320577,-0.025934,0.016566,0.121191,1.810551,1.000000,-0.281808,4.092557
2.900000,0.619972,-0.036374,0.384890,0.946679,-0.320691,-0.026039,0.016697,0.121190,1.811680,1.000000,-0.281877,4.099691
2.905000,0.619896,-0.036893,0.384868,0.946635,-0.320804,-0.026144,0.016827,0.121189,1.812808,1.000000,-0.281956,4.106879
2.910000,0.619819,-0.037410,0.384847,0.946592,-0.320917,-0.026250,0.016956,0.121189,1.813938,1.000000,-0.282077,4.114318
2.915000,0.619740,-0.037928,0.384826,0.946548,-0.321030,-0.026354,0.017085,0.121188,1.815067,1.000000,-0.282212,4.121750
2.920000,0.619660,-0.038444,0.384806,0.946505,-0.321143,-0.026459,0.017212,0.121187,1.816198,1.000000,-0.282335,4.129058
2.925000,0.619579,-0.038960,0.384786,0.946461,-0.321255,-0.026563,0.017339,0.121186,1.817328,1.000000,-0.282481,4.136367
2.930000,0.619497,-0.039476,0.384766,0.946418,-0.321367,-0.026667,0.017466,0.121186,1.818460,1.000000,-0.282612,4.143393
2.935000,0.619413,-0.039991,0.384747,0.946375,-0.321479,-0.026771,0.017591,0.121185,1.819592,1.000000,-0.282764,4.150440
2.940000,0.619329,-0.040506,0.384728,0.946332,-0.321591,-0.026874,0.017716,0.121184,1.820724,1.000000,-0.282908,4.157394
2.945000,0.619243,-0.041021,0.384710,0.946288,-0.321702,-0.026977,0.017841,0.121184,1.821857,1.000000,-0.283068,4.164339
2.950000,0.619156,-0.041535,0.384692,0.946245,-0.321813,-0.027079,0.017965,0.121183,1.822991,1.000000,-0.283247,4.171333
2.955000,0.619069,-0.042050,0.384674,0.946202,-0.321924,-0.027181,0.018088,0.121182,1.824125,1.000000,-0.283450,4.178354
2.960000,0.618981,-0.042564,0.384657,0.946159,-0.322035,-0.027283,0.018211,0.121182,1.825261,1.000000,-0.283683,4.185435
2.965000,0.618892,-0.043078,0.384641,0.946116,-0.322145,-0.027384,0.018334,0.121181,1.826397,1.000000,-0.283873,4.191858
2.970000,0.618802,-0.043592,0.384625,0.946074,-0.322256,-0.027485,0.018456,0.121180,1.827534,1.000000,-0.284078,4.198312
2.975000,0.618711,-0.044106,0.384610,0.946031,-0.322366,-0.027585,0.018577,0.121180,1.828671,1.000000,-0.284321,4.204801
2.980000,0.618620,-0.044620,0.384595,0.945988,-0.322476,-0.027685,0.018699,0.121179,1.829810,1.000000,-0.284609,4.211271
2.985000,0.618528,-0.045134,0.384581,0.945945,-0.322585,-0.027784,0.018820,0.121178,1.830950,1.000000,-0.284911,4.217725
2.990000,0.618436,-0.045648,0.384567,0.945903,-0.322695,-0.027884,0.018941,0.121178,1.832092,1.000000,-0.285240,4.224276
2.995000,0.618343,-0.046162,0.384554,0.945860,-0.322804,-0.027983,0.019062,0.121177,1.833234,1.000000,-0.285600,4.231005
3.000000,0.618250,-0.046677,0.384541,0.945817,-0.322913,-0.028081,0.019183,0.121176,1.834379,1.000000,-0.286031,4.237878
3.005000,0.618156,-0.047191,0.384529,0.945775,-0.323022,-0.028179,0.019303,0.121176,1.835525,1.000000,-0.286477,4.244863
3.010000,0.618062,-0.047705,0.384517,0.945732,-0.323131,-0.028277,0.019424,0.121175,1.836673,1.000000,-0.286937,4.251884
3.015000,0.617968,-0.048220,0.384505,0.945690,-0.323239,-0.028375,0.019544,0.121174,1.837823,1.000000,-0.287420,4.259055
3.020000,0.617873,-0.048735,0.384494,0.945647,-0.323348,-0.028472,0.019664,0.121174,1.838975,1.000000,-0.287918,4.266235
3.025000,0.617778,-0.049250,0.384483,0.945605,-0.323457,-0.028569,0.019784,0.121173,1.840129,1.000000,-0.288415,4.273383
3.030000,0.617682,-0.049765,0.384473,0.945562,-0.323565,-0.028666,0.019904,0.121172,1.841285,1.000000,-0.288930,4.280547
3.035000,0.617586,-0.050281,0.384463,0.945519,-0.323674,-0.028762,0.020023,0.121172,1.842443,1.000000,-0.289590,4.288291
3.040000,0.617490,-0.050797,0.384454,0.945477,-0.323783,-0.028858,0.020142,0.121171,1.843605,1.000000,-0.290277,4.296073
3.045000,0.617393,-0.051313,0.384445,0.945434,-0.323892,-0.028954,0.020261,0.121171,1.844769,1.000000,-0.291001,4.303997
3.050000,0.617296,-0.051830,0.384436,0.945391,-0.324001,-0.029050,0.020380,0.121170,1.845936,1.000000,-0.291756,4.311970
3.055000,0.617198,-0.052348,0.384427,0.945348,-0.324110,-0.029145,0.020498,0.121169,1.847106,1.000000,-0.292556,4.320147
3.060000,0.617100,-0.052865,0.384419,0.945305,-0.324219,-0.029241,0.020617,0.121169,1.848280,1.000000,-0.293391,4.328411
3.065000,0.617002,-0.053384,0.384411,0.945262,-0.324328,-0.029336,0.020735,0.121168,1.849456,1.000000,-0.294252,4.336457
3.070000,0.616903,-0.053903,0.384404,0.945219,-0.324437,-0.029431,0.020852,0.121168,1.850637,1.000000,-0.295142,4.344603
3.075000,0.616804,-0.054423,0.384397,0.945176,-0.324547,-0.029525,0.020970,0.121167,1.851821,1.000000,-0.296068,4.352916
3.080000,0.616704,-0.054943,0.384390,0.945133,-0.324656,-0.029620,0.021087,0.121166,1.853009,1.000000,-0.297024,4.361368
3.085000,0.616604,-0.055464,0.384383,0.945090,-0.324766,-0.029715,0.021204,0.121166,1.854201,1.000000,-0.298020,4.370054
3.090000,0.616503,-0.055986,0.384377,0.945046,-0.324876,-0.029809,0.021320,0.121165,1.855397,1.000000,-0.299051,4.379002
3.095000,0.616402,-0.056508,0.384371,0.945003,-0.324985,-0.029904,0.021437,0.121165,1.856597,1.000000,-0.300082,4.388026
3.100000,0.616301,-0.057031,0.384365,0.944960,-0.325095,-0.029999,0.021552,0.121164,1.857801,1.000000,-0.301036,4.396308
3.105000,0.616200,-0.057554,0.384359,0.944916,-0.325205,-0.030094,0.021667,0.121163,1.859008,1.000000,-0.301977,4.404692
3.110000,0.616098,-0.058078,0.384354,0.944873,-0.325314,-0.030189,0.021781,0.121163,1.860220,1.000000,-0.302913,4.413301
3.115000,0.615996,-0.058603,0.384350,0.944829,-0.325424,-0.030284,0.021895,0.121162,1.861435,1.000000,-0.303829,4.422001
3.120000,0.615893,-0.059128,0.384345,0.944786,-0.325534,-0.030379,0.022008,0.121162,1.862654,1.000000,-0.304741,4.430998
3.125000,0.615790,-0.059653,0.384342,0.944742,-0.325643,-0.030475,0.022120,0.121161,1.863877,1.000000,-0.305630,4.440060
3.130000,0.615687,-0.060179,0.384338,0.944699,-0.325753,-0.030570,0.022231,0.121161,1.865103,1.000000,-0.306525,4.449453
3.135000,0.615584,-0.060706,0.384335,0.944655,-0.325863,-0.030666,0.022342,0.121160,1.866332,1.000000,-0.307387,4.458371
3.140000,0.615481,-0.061233,0.384333,0.944612,-0.325973,-0.030762,0.022451,0.121160,1.867566,1.000000,-0.308280,4.467826
3.145000,0.615377,-0.061760,0.384331,0.944568,-0.326083,-0.030859,0.022560,0.121159,1.868802,1.000000,-0.309147,4.477366
3.150000,0.615273,-0.062288,0.384329,0.944524,-0.326193,-0.030955,0.022668,0.121159,1.870043,1.000000,-0.309981,4.487106
3.155000,0.615169,-0.062816,0.384329,0.944481,-0.326303,-0.031052,0.022775,0.121158,1.871286,1.000000,-0.310787,4.496941
3.160000,0.615064,-0.063345,0.384328,0.944437,-0.326413,-0.031149,0.022882,0.121157,1.872533,1.000000,-0.311585,4.507052
3.165000,0.614960,-0.063874,0.384329,0.944393,-0.326523,-0.031246,0.022987,0.121157,1.873782,1.000000,-0.312364,4.517310
3.170000,0.614855,-0.064403,0.384330,0.944349,-0.326633,-0.031344,0.023091,0.121156,1.875036,1.000000,-0.313235,4.528091
3.175000,0.614750,-0.064933,0.384332,0.944305,-0.326743,-0.031441,0.023195,0.121156,1.876293,1.000000,-0.314098,4.539070
3.180000,0.614645,-0.065464,0.384335,0.944261,-0.326854,-0.031539,0.023298,0.121155,1.877553,1.000000,-0.314983,4.550393
3.185000,0.614540,-0.065995,0.384339,0.944217,-0.326965,-0.031637,0.023401,0.121155,1.878817,1.000000,-0.315886,4.562029
3.190000,0.614434,-0.066526,0.384344,0.944173,-0.327076,-0.031736,0.023502,0.121154,1.880085,1.000000,-0.316778,4.573822
3.195000,0.614328,-0.067058,0.384349,0.944128,-0.327187,-0.031834,0.023603,0.121154,1.881356,1.000000,-0.317660,4.585819
3.200000,0.614222,-0.067590,0.384356,0.944084,-0.327298,-0.031933,0.023703,0.121153,1.882631,1.000000,-0.318576,4.597804
3.205000,0.614116,-0.068122,0.384363,0.944039,-0.327410,-0.032032,0.023802,0.121153,1.883909,1.000000,-0.319499,4.610107
3.210000,0.614009,-0.068656,0.384372,0.943995,-0.327522,-0.032131,0.023901,0.121152,1.885191,1.000000,-0.320419,4.622560
3.215000,0.613903,-0.069189,0.384381,0.943950,-0.327634,-0.032231,0.023999,0.121152,1.886478,1.000000,-0.321356,4.635362
3.220000,0.613796,-0.069723,0.384392,0.943905,-0.327746,-0.032330,0.024096,0.121151,1.887767,1.000000,-0.322287,4.648288
3.225000,0.613689,-0.070258,0.384403,0.943860,-0.327859,-0.032430,0.024192,0.121151,1.889061,1.000000,-0.323236,4.661652
3.230000,0.613581,-0.070793,0.384416,0.943815,-0.327972,-0.032530,0.024288,0.121150,1.890358,1.000000,-0.324174,4.675101
3.235000,0.613473,-0.071329,0.384430,0.943770,-0.328084,-0.032630,0.024383,0.121150,1.891659,1.000000,-0.325055,4.688035
3.240000,0.613365,-0.071865,0.384446,0.943724,-0.328198,-0.032731,0.024477,0.121149,1.892964,1.000000,-0.325913,4.701059
3.245000,0.613257,-0.072402,0.384462,0.943679,-0.328311,-0.032831,0.024571,0.121148,1.894271,1.000000,-0.326772,4.714484
3.250000,0.613149,-0.072939,0.384480,0.943634,-0.328424,-0.032932,0.024663,0.121148,1.895583,1.000000,-0.327597,4.728029
3.255000,0.613040,-0.073476,0.384499,0.943588,-0.328538,-0.033033,0.024755,0.121147,1.896897,1.000000,-0.328391,4.741925
3.260000,0.612931,-0.074014,0.384519,0.943543,-0.328652,-0.033134,0.024845,0.121147,1.898215,1.000000,-0.329130,4.755973
3.265000,0.612822,-0.074552,0.384541,0.943497,-0.328766,-0.033236,0.024934,0.121146,1.899535,1.000000,-0.329824,4.770352
3.270000,0.612712,-0.075090,0.384564,0.943451,-0.328880,-0.033339,0.025022,0.121146,1.900858,1.000000,-0.330454,4.784558
3.275000,0.612601,-0.075628,0.384588,0.943405,-0.328995,-0.033443,0.025109,0.121145,1.902184,1.000000,-0.331051,4.799045
3.280000,0.612490,-0.076166,0.384614,0.943359,-0.329110,-0.033548,0.025195,0.121145,1.903512,1.000000,-0.331615,4.813748
3.285000,0.612378,-0.076704,0.384641,0.943313,-0.329225,-0.033654,0.025279,0.121144,1.904842,1.000000,-0.332150,4.828674
3.290000,0.612266,-0.077242,0.384669,0.943267,-0.329340,-0.033761,0.025362,0.121144,1.906174,1.000000,-0.332661,4.843824
3.295000,0.612153,-0.077780,0.384699,0.943220,-0.329455,-0.033870,0.025444,0.121143,1.907508,1.000000,-0.333167,4.859224
3.300000,0.612039,-0.078317,0.384730,0.943174,-0.329571,-0.033979,0.025524,0.121143,1.908845,1.000000,-0.333679,4.874947
3.305000,0.611925,-0.078855,0.384763,0.943127,-0.329687,-0.034090,0.025603,0.121142,1.910183,1.000000,-0.334281,4.891435
3.310000,0.611810,-0.079393,0.384798,0.943080,-0.329804,-0.034202,0.025682,0.121141,1.911525,1.000000,-0.334867,4.908119
3.315000,0.611695,-0.079930,0.384834,0.943033,-0.329920,-0.034315,0.025759,0.121141,1.912868,1.000000,-0.335455,4.924930
3.320000,0.611578,-0.080467,0.384871,0.942986,-0.330037,-0.034429,0.025835,0.121140,1.914214,1.000000,-0.336059,4.942000
3.325000,0.611461,-0.081005,0.384911,0.942939,-0.330155,-0.034545,0.025910,0.121139,1.915562,1.000000,-0.336670,4.959177
3.330000,0.611343,-0.081542,0.384951,0.942891,-0.330272,-0.034662,0.025984,0.121139,1.916913,1.000000,-0.337301,4.976657
3.335000,0.611225,-0.082080,0.384994,0.942843,-0.330390,-0.034780,0.026057,0.121138,1.918266,1.000000,-0.337939,4.994220
3.340000,0.611106,-0.082617,0.385038,0.942796,-0.330508,-0.034899,0.026129,0.121137,1.919623,1.000000,-0.338663,5.012265
3.345000,0.610986,-0.083154,0.385083,0.942748,-0.330627,-0.035019,0.026200,0.121137,1.920982,1.000000,-0.339398,5.030400
3.350000,0.610865,-0.083692,0.385130,0.942699,-0.330746,-0.035141,0.026270,0.121136,1.922344,1.000000,-0.340128,5.048659
3.355000,0.610744,-0.084229,0.385179,0.942651,-0.330865,-0.035263,0.026339,0.121136,1.923709,1.000000,-0.340870,5.067013
3.360000,0.610621,-0.084766,0.385229,0.942603,-0.330984,-0.035387,0.026406,0.121135,1.925077,1.000000,-0.341658,5.085600
3.365000,0.610499,-0.085304,0.385281,0.942554,-0.331104,-0.035512,0.026473,0.121134,1.926448,1.000000,-0.342472,5.104319
3.370000,0.610375,-0.085841,0.385335,0.942505,-0.331224,-0.035638,0.026539,0.121133,1.927823,1.000000,-0.343189,5.122263
3.375000,0.610251,-0.086379,0.385390,0.942456,-0.331344,-0.035766,0.026604,0.121133,1.929200,1.000000,-0.343911,5.140338
3.380000,0.610126,-0.086916,0.385446,0.942408,-0.331464,-0.035894,0.026668,0.121132,1.930580,1.000000,-0.344617,5.158468
3.385000,0.610001,-0.087453,0.385504,0.942359,-0.331584,-0.036024,0.026730,0.121132,1.931962,1.000000,-0.345308,5.176665
3.390000,0.609875,-0.087990,0.385563,0.942309,-0.331705,-0.036154,0.026791,0.121131,1.933348,1.000000,-0.346013,5.194985
3.395000,0.609748,-0.088527,0.385624,0.942260,-0.331825,-0.036286,0.026851,0.121130,1.934736,1.000000,-0.346736,5.213451
3.400000,0.609621,-0.089064,0.385686,0.942211,-0.331946,-0.036419,0.026910,0.121129,1.936128,1.000000,-0.347456,5.231980
3.405000,0.609493,-0.089601,0.385750,0.942162,-0.332067,-0.036553,0.026968,0.121129,1.937521,1.000000,-0.348075,5.249814
3.410000,0.609365,-0.090137,0.385815,0.942112,-0.332187,-0.036688,0.027024,0.121128,1.938917,1.000000,-0.348697,5.267733
3.415000,0.609236,-0.090673,0.385881,0.942063,-0.332308,-0.036825,0.027079,0.121127,1.940316,1.000000,-0.349339,5.285795
3.420000,0.609107,-0.091209,0.385949,0.942013,-0.332429,-0.036962,0.027133,0.121127,1.941718,1.000000,-0.349972,5.303908
3.425000,0.608978,-0.091745,0.386018,0.941964,-0.332550,-0.037100,0.027185,0.121126,1.943121,1.000000,-0.350574,5.321989
3.430000,0.608848,-0.092280,0.386088,0.941914,-0.332670,-0.037239,0.027237,0.121125,1.944528,1.000000,-0.351175,5.340132
3.435000,0.608717,-0.092815,0.386159,0.941864,-0.332791,-0.037379,0.027287,0.121124,1.945936,1.000000,-0.351774,5.358276
3.440000,0.608587,-0.093350,0.386232,0.941815,-0.332912,-0.037520,0.027335,0.121124,1.947347,1.000000,-0.352408,5.376516
3.445000,0.608455,-0.093884,0.386306,0.941765,-0.333033,-0.037663,0.027383,0.121123,1.948761,1.000000,-0.353047,5.394790
3.450000,0.608324,-0.094418,0.386381,0.941715,-0.333154,-0.037806,0.027430,0.121122,1.950177,1.000000,-0.353695,5.413129
3.455000,0.608192,-0.094951,0.386457,0.941665,-0.333275,-0.037950,0.027475,0.121121,1.951596,1.000000,-0.354351,5.431562
3.460000,0.608060,-0.095484,0.386534,0.941615,-0.333396,-0.038095,0.027519,0.121121,1.953018,1.000000,-0.355021,5.450071
3.465000,0.607928,-0.096017,0.386612,0.941565,-0.333517,-0.038241,0.027563,0.121120,1.954442,1.000000,-0.355707,5.468645
3.470000,0.607795,-0.096550,0.386691,0.941515,-0.333638,-0.038387,0.027605,0.121119,1.955869,1.000000,-0.356412,5.487290
3.475000,0.607662,-0.097082,0.386772,0.941465,-0.333759,-0.038535,0.027646,0.121118,1.957299,1.000000,-0.357132,5.505877
3.480000,0.607528,-0.097614,0.386853,0.941414,-0.333880,-0.038684,0.027687,0.121118,1.958731,1.000000,-0.357861,5.524545
3.485000,0.607395,-0.098145,0.386935,0.941364,-0.334002,-0.038833,0.027726,0.121117,1.960167,1.000000,-0.358604,5.543272
3.490000,0.607261,-0.098676,0.387019,0.941313,-0.334123,-0.038984,0.027764,0.121116,1.961606,1.000000,-0.359365,5.562069
3.495000,0.607126,-0.099207,0.387103,0.941263,-0.334245,-0.039136,0.027802,0.121115,1.963048,1.000000,-0.360156,5.580948
3.500000,0.606992,-0.099737,0.387188,0.941212,-0.334367,-0.039288,0.027839,0.121115,1.964493,1.000000,-0.360991,5.599954
3.505000,0.606857,-0.100267,0.387273,0.941161,-0.334488,-0.039441,0.027874,0.121114,1.965941,1.000000,-0.361845,5.619004
3.510000,0.606722,-0.100797,0.387360,0.941111,-0.334610,-0.039596,0.027909,0.121113,1.967393,1.000000,-0.362595,5.637214
3.515000,0.606586,-0.101326,0.387447,0.941060,-0.334732,-0.039751,0.027943,0.121112,1.968848,1.000000,-0.363339,5.655467
3.520000,0.606451,-0.101855,0.387535,0.941009,-0.334854,-0.039907,0.027976,0.121112,1.970305,1.000000,-0.364077,5.673706
3.525000,0.606315,-0.102383,0.387624,0.940958,-0.334976,-0.040064,0.028009,0.121111,1.971765,1.000000,-0.364817,5.692003
3.530000,0.606179,-0.102911,0.387714,0.940907,-0.335098,-0.040222,0.028040,0.121110,1.973229,1.000000,-0.365566,5.710383
3.535000,0.606042,-0.103438,0.387804,0.940855,-0.335220,-0.040382,0.028070,0.121109,1.974695,1.000000,-0.366324,5.728822
3.540000,0.605906,-0.103965,0.387894,0.940804,-0.335342,-0.040542,0.028100,0.121108,1.976165,1.000000,-0.367050,5.746952
3.545000,0.605769,-0.104492,0.387985,0.940753,-0.335464,-0.040703,0.028128,0.121108,1.977637,1.000000,-0.367765,5.765137
3.550000,0.605631,-0.105018,0.388077,0.940702,-0.335586,-0.040865,0.028156,0.121107,1.979112,1.000000,-0.368500,5.783380
3.555000,0.605494,-0.105543,0.388169,0.940650,-0.335708,-0.041028,0.028183,0.121106,1.980590,1.000000,-0.369249,5.801683
3.560000,0.605356,-0.106068,0.388262,0.940599,-0.335830,-0.041192,0.028209,0.121105,1.982071,1.000000,-0.369990,5.819973
3.565000,0.605218,-0.106593,0.388355,0.940547,-0.335952,-0.041357,0.028234,0.121105,1.983555,1.000000,-0.370731,5.838274
3.570000,0.605079,-0.107117,0.388449,0.940495,-0.336074,-0.041523,0.028259,0.121104,1.985042,1.000000,-0.371486,5.856608
3.575000,0.604940,-0.107640,0.388542,0.940443,-0.336197,-0.041690,0.028282,0.121103,1.986533,1.000000,-0.372333,5.875412
3.580000,0.604801,-0.108163,0.388637,0.940392,-0.336319,-0.041858,0.028306,0.121102,1.988027,1.000000,-0.373189,5.894235
3.585000,0.604662,-0.108686,0.388731,0.940339,-0.336442,-0.042028,0.028328,0.121101,1.989524,1.000000,-0.374072,5.913073
3.590000,0.604522,-0.109208,0.388826,0.940287,-0.336564,-0.042198,0.028350,0.121100,1.991025,1.000000,-0.374993,5.931965
3.595000,0.604381,-0.109730,0.388921,0.940235,-0.336687,-0.042369,0.028372,0.121100,1.992530,1.000000,-0.375977,5.950979
3.600000,0.604240,-0.110251,0.389016,0.940182,-0.336810,-0.042542,0.028393,0.121099,1.994039,1.000000,-0.376995,5.970020
3.605000,0.604099,-0.110773,0.389112,0.940130,-0.336933,-0.042715,0.028413,0.121098,1.995552,1.000000,-0.378023,5.988991
3.610000,0.603957,-0.111293,0.389207,0.940077,-0.337056,-0.042889,0.028433,0.121097,1.997069,1.000000,-0.379210,6.008747
3.615000,0.603815,-0.111814,0.389303,0.940024,-0.337180,-0.043065,0.028453,0.121096,1.998592,1.000000,-0.380449,6.028552
3.620000,0.603672,-0.112335,0.389399,0.939971,-0.337303,-0.043241,0.028473,0.121095,2.000119,1.000000,-0.381744,6.048403
3.625000,0.603528,-0.112855,0.389495,0.939918,-0.337427,-0.043418,0.028492,0.121094,2.001652,1.000000,-0.383127,6.068325
3.630000,0.603384,-0.113375,0.389591,0.939865,-0.337551,-0.043597,0.028511,0.121093,2.003191,1.000000,-0.384574,6.088301
3.635000,0.603240,-0.113896,0.389686,0.939811,-0.337675,-0.043776,0.028530,0.121093,2.004735,1.000000,-0.386062,6.108315
3.640000,0.603094,-0.114416,0.389782,0.939758,-0.337799,-0.043956,0.028548,0.121092,2.006286,1.000000,-0.387595,6.128377
3.645000,0.602948,-0.114936,0.389878,0.939704,-0.337923,-0.044137,0.028566,0.121091,2.007843,1.000000,-0.389266,6.148987
3.650000,0.602802,-0.115457,0.389974,0.939650,-0.338047,-0.044319,0.028585,0.121090,2.009407,1.000000,-0.391004,6.169639
3.655000,0.602655,-0.115978,0.390069,0.939596,-0.338172,-0.044501,0.028603,0.121089,2.010978,1.000000,-0.392811,6.190364
3.660000,0.602507,-0.116499,0.390165,0.939542,-0.338296,-0.044684,0.028620,0.121088,2.012557,1.000000,-0.394687,6.211186
3.665000,0.602358,-0.117020,0.390260,0.939488,-0.338421,-0.044868,0.028638,0.121087,2.014143,1.000000,-0.396632,6.232088
3.670000,0.602209,-0.117541,0.390355,0.939434,-0.338546,-0.045053,0.028656,0.121086,2.015737,1.000000,-0.398658,6.253137
3.675000,0.602059,-0.118063,0.390450,0.939379,-0.338670,-0.045238,0.028673,0.121085,2.017340,1.000000,-0.400730,6.274227
3.680000,0.601908,-0.118586,0.390544,0.939325,-0.338795,-0.045424,0.028691,0.121084,2.018951,1.000000,-0.402979,6.296320
3.685000,0.601757,-0.119109,0.390638,0.939270,-0.338920,-0.045611,0.028708,0.121083,2.020572,1.000000,-0.405288,6.318451
3.690000,0.601605,-0.119632,0.390732,0.939216,-0.339045,-0.045798,0.028725,0.121082,2.022202,1.000000,-0.407674,6.340730
3.695000,0.601452,-0.120156,0.390826,0.939161,-0.339170,-0.045986,0.028742,0.121081,2.023841,1.000000,-0.410125,6.363054
3.700000,0.601298,-0.120681,0.390919,0.939106,-0.339295,-0.046174,0.028760,0.121080,2.025491,1.000000,-0.412653,6.385559
3.705000,0.601144,-0.121206,0.391012,0.939051,-0.339420,-0.046363,0.028777,0.121079,2.027151,1.000000,-0.415241,6.408118
3.710000,0.600988,-0.121732,0.391104,0.938996,-0.339545,-0.046552,0.028794,0.121078,2.028821,1.000000,-0.417893,6.430803
3.715000,0.600832,-0.122259,0.391196,0.938940,-0.339671,-0.046742,0.028811,0.121077,2.030504,1.000000,-0.420961,6.455666
3.720000,0.600675,-0.122788,0.391287,0.938885,-0.339796,-0.046933,0.028829,0.121075,2.032199,1.000000,-0.424135,6.480695
3.725000,0.600516,-0.123317,0.391378,0.938829,-0.339922,-0.047124,0.028846,0.121074,2.033907,1.000000,-0.427425,6.505828
3.730000,0.600357,-0.123847,0.391468,0.938773,-0.340048,-0.047316,0.028865,0.121073,2.035629,1.000000,-0.430853,6.531137
3.735000,0.600197,-0.124379,0.391558,0.938717,-0.340175,-0.047508,0.028883,0.121072,2.037365,1.000000,-0.434408,6.556598
3.740000,0.600035,-0.124912,0.391647,0.938661,-0.340301,-0.047700,0.028902,0.121071,2.039115,1.000000,-0.438052,6.582151
3.745000,0.599872,-0.125447,0.391736,0.938604,-0.340428,-0.047894,0.028921,0.121070,2.040882,1.000000,-0.442216,6.610043
3.750000,0.599708,-0.125984,0.391824,0.938548,-0.340556,-0.048087,0.028941,0.121068,2.042665,1.000000,-0.446516,6.638020
3.755000,0.599542,-0.126522,0.391912,0.938491,-0.340684,-0.048282,0.028962,0.121067,2.044466,1.000000,-0.450973,6.666153
3.760000,0.599375,-0.127063,0.391999,0.938433,-0.340813,-0.048477,0.028983,0.121066,2.046286,1.000000,-0.455582,6.694353
3.765000,0.599206,-0.127606,0.392085,0.938375,-0.340942,-0.048673,0.029005,0.121065,2.048124,1.000000,-0.460345,6.722738
3.770000,0.599036,-0.128151,0.392171,0.938317,-0.341071,-0.048869,0.029028,0.121063,2.049982,1.000000,-0.465240,6.751171
3.775000,0.598864,-0.128698,0.392256,0.938259,-0.341201,-0.049067,0.029051,0.121062,2.051860,1.000000,-0.470269,6.779829
3.780000,0.598690,-0.129248,0.392340,0.938201,-0.341331,-0.049264,0.029075,0.121061,2.053759,1.000000,-0.475716,6.809651
3.785000,0.598514,-0.129801,0.392424,0.938142,-0.341462,-0.049463,0.029100,0.121059,2.055680,1.000000,-0.481285,6.839694
3.790000,0.598336,-0.130357,0.392507,0.938083,-0.341593,-0.049663,0.029125,0.121058,2.057624,1.000000,-0.486981,6.869797
3.795000,0.598156,-0.130915,0.392589,0.938023,-0.341725,-0.049863,0.029151,0.121057,2.059592,1.000000,-0.492839,6.900095
3.800000,0.597973,-0.131477,0.392671,0.937964,-0.341857,-0.050064,0.029177,0.121055,2.061583,1.000000,-0.498828,6.930474
3.805000,0.597789,-0.132041,0.392752,0.937904,-0.341990,-0.050266,0.029204,0.121054,2.063598,1.000000,-0.504921,6.960998
3.810000,0.597602,-0.132609,0.392832,0.937843,-0.342123,-0.050469,0.029231,0.121053,2.065638,1.000000,-0.511112,6.991619
3.815000,0.597412,-0.133180,0.392911,0.937783,-0.342257,-0.050673,0.029259,0.121051,2.067704,1.000000,-0.517746,7.023570
3.820000,0.597220,-0.133754,0.392990,0.937722,-0.342391,-0.050878,0.029287,0.121050,2.069798,1.000000,-0.524489,7.055640
3.825000,0.597026,-0.134332,0.393069,0.937660,-0.342526,-0.051083,0.029316,0.121048,2.071918,1.000000,-0.531358,7.087821
3.830000,0.596828,-0.134914,0.393147,0.937599,-0.342661,-0.051290,0.029345,0.121047,2.074066,1.000000,-0.538355,7.120141
3.835000,0.596628,-0.135499,0.393224,0.937537,-0.342797,-0.051498,0.029374,0.121045,2.076243,1.000000,-0.545466,7.152548
3.840000,0.596425,-0.136088,0.393300,0.937475,-0.342933,-0.051706,0.029403,0.121044,2.078448,1.000000,-0.552687,7.185100
3.845000,0.596219,-0.136681,0.393376,0.937412,-0.343070,-0.051915,0.029433,0.121042,2.080683,1.000000,-0.560000,7.217729
3.850000,0.596010,-0.137278,0.393452,0.937349,-0.343207,-0.052126,0.029462,0.121041,2.082949,1.000000,-0.567828,7.251966
3.855000,0.595798,-0.137879,0.393527,0.937286,-0.343344,-0.052337,0.029492,0.121039,2.085246,1.000000,-0.575768,7.286266
3.860000,0.595583,-0.138484,0.393601,0.937223,-0.343482,-0.052549,0.029522,0.121038,2.087576,1.000000,-0.583867,7.320767
3.865000,0.595365,-0.139093,0.393675,0.937159,-0.343621,-0.052762,0.029551,0.121036,2.089938,1.000000,-0.592079,7.355315
3.870000,0.595143,-0.139707,0.393749,0.937095,-0.343760,-0.052976,0.029581,0.121035,2.092333,1.000000,-0.600382,7.390012
3.875000,0.594918,-0.140324,0.393822,0.937031,-0.343899,-0.053191,0.029611,0.121033,2.094762,1.000000,-0.608777,7.424777
3.880000,0.594690,-0.140946,0.393894,0.936966,-0.344039,-0.053407,0.029641,0.121031,2.097225,1.000000,-0.617265,7.459720
3.885000,0.594458,-0.141573,0.393967,0.936902,-0.344179,-0.053623,0.029670,0.121030,2.099723,1.000000,-0.625889,7.494162
3.890000,0.594223,-0.142204,0.394039,0.936837,-0.344320,-0.053841,0.029699,0.121028,2.102254,1.000000,-0.634523,7.528760
3.895000,0.593984,-0.142839,0.394111,0.936771,-0.344461,-0.054059,0.029727,0.121027,2.104821,1.000000,-0.643177,7.563465
3.900000,0.593742,-0.143478,0.394182,0.936706,-0.344602,-0.054279,0.029755,0.121025,2.107422,1.000000,-0.651862,7.598285
3.905000,0.593495,-0.144122,0.394253,0.936640,-0.344744,-0.054499,0.029782,0.121023,2.110059,1.000000,-0.660574,7.633216
3.910000,0.593246,-0.144770,0.394324,0.936574,-0.344886,-0.054721,0.029808,0.121022,2.112730,1.000000,-0.669308,7.668260
3.915000,0.592992,-0.145423,0.394395,0.936508,-0.345028,-0.054943,0.029833,0.121020,2.115436,1.000000,-0.678046,7.702370
3.920000,0.592734,-0.146079,0.394466,0.936441,-0.345171,-0.055167,0.029856,0.121018,2.118177,1.000000,-0.686701,7.736605
3.925000,0.592473,-0.146740,0.394536,0.936375,-0.345314,-0.055392,0.029879,0.121017,2.120953,1.000000,-0.695330,7.771039
3.930000,0.592207,-0.147404,0.394607,0.936308,-0.345457,-0.055619,0.029901,0.121015,2.123764,1.000000,-0.703911,7.805547
3.935000,0.591937,-0.148073,0.394677,0.936240,-0.345601,-0.055847,0.029921,0.121013,2.126608,1.000000,-0.712447,7.840201
3.940000,0.591664,-0.148746,0.394747,0.936173,-0.345745,-0.056076,0.029939,0.121012,2.129487,1.000000,-0.720952,7.874917
3.945000,0.591386,-0.149422,0.394817,0.936105,-0.345889,-0.056307,0.029956,0.121010,2.132400,1.000000,-0.729443,7.909806
3.950000,0.591104,-0.150102,0.394887,0.936037,-0.346034,-0.056539,0.029971,0.121008,2.135347,1.000000,-0.737982,7.944197
3.955000,0.590818,-0.150786,0.394957,0.935969,-0.346179,-0.056772,0.029985,0.121007,2.138328,1.000000,-0.746354,7.978738
3.960000,0.590527,-0.151473,0.395027,0.935900,-0.346324,-0.057008,0.029996,0.121005,2.141343,1.000000,-0.754631,8.013354
3.965000,0.590232,-0.152164,0.395097,0.935832,-0.346470,-0.057246,0.030006,0.121003,2.144390,1.000000,-0.762905,8.048182
3.970000,0.589933,-0.152859,0.395167,0.935762,-0.346617,-0.057485,0.030015,0.121002,2.147471,1.000000,-0.771147,8.083106
3.975000,0.589629,-0.153556,0.395236,0.935693,-0.346764,-0.057726,0.030021,0.121000,2.150585,1.000000,-0.779374,8.118225
3.980000,0.589320,-0.154257,0.395306,0.935623,-0.346911,-0.057970,0.030025,0.120998,2.153731,1.000000,-0.787577,8.153461
3.985000,0.589007,-0.154961,0.395376,0.935553,-0.347059,-0.058215,0.030027,0.120996,2.156910,1.000000,-0.795560,8.187231
3.990000,0.588690,-0.155669,0.395445,0.935483,-0.347207,-0.058462,0.030027,0.120995,2.160121,1.000000,-0.803332,8.221198
3.995000,0.588368,-0.156379,0.395515,0.935412,-0.347355,-0.058711,0.030025,0.120993,2.163362,1.000000,-0.810956,8.255343
4.000000,0.588041,-0.157091,0.395584,0.935341,-0.347504,-0.058963,0.030021,0.120991,2.166634,1.000000,-0.818471,8.289674
4.005000,0.587709,-0.157806,0.395654,0.935270,-0.347654,-0.059217,0.030014,0.120990,2.169935,1.000000,-0.825899,8.324174
4.010000,0.587373,-0.158524,0.395723,0.935198,-0.347803,-0.059474,0.030005,0.120988,2.173266,1.000000,-0.833261,8.358920
4.015000,0.587033,-0.159244,0.395792,0.935126,-0.347953,-0.059732,0.029993,0.120986,2.176627,1.000000,-0.840550,8.393784
4.020000,0.586687,-0.159967,0.395861,0.935054,-0.348104,-0.059993,0.029979,0.120984,2.180016,1.000000,-0.847775,8.427597
4.025000,0.586338,-0.160691,0.395931,0.934981,-0.348254,-0.060256,0.029963,0.120983,2.183434,1.000000,-0.854802,8.461510
4.030000,0.585983,-0.161418,0.396000,0.934909,-0.348406,-0.060521,0.029945,0.120981,2.186881,1.000000,-0.861700,8.495717
4.035000,0.585624,-0.162146,0.396069,0.934835,-0.348557,-0.060789,0.029924,0.120979,2.190354,1.000000,-0.868474,8.529992
4.040000,0.585260,-0.162876,0.396138,0.934762,-0.348709,-0.061059,0.029901,0.120977,2.193854,1.000000,-0.875128,8.564592
4.045000,0.584891,-0.163608,0.396207,0.934688,-0.348861,-0.061331,0.029876,0.120975,2.197381,1.000000,-0.881693,8.599267
4.050000,0.584518,-0.164341,0.396277,0.934614,-0.349013,-0.061606,0.029849,0.120974,2.200934,1.000000,-0.888517,8.634261
4.055000,0.584141,-0.165076,0.396346,0.934540,-0.349165,-0.061884,0.029821,0.120972,2.204515,1.000000,-0.895418,8.667754
4.060000,0.583759,-0.165811,0.396416,0.934466,-0.349316,-0.062165,0.029791,0.120970,2.208124,1.000000,-0.902227,8.701549
4.065000,0.583374,-0.166548,0.396487,0.934391,-0.349468,-0.062450,0.029760,0.120968,2.211760,1.000000,-0.908903,8.735479
4.070000,0.582985,-0.167285,0.396558,0.934316,-0.349618,-0.062739,0.029728,0.120966,2.215422,1.000000,-0.915453,8.769673
4.075000,0.582592,-0.168024,0.396629,0.934241,-0.349769,-0.063031,0.029695,0.120965,2.219110,1.000000,-0.921872,8.804035
4.080000,0.582195,-0.168763,0.396702,0.934166,-0.349919,-0.063326,0.029661,0.120963,2.222823,1.000000,-0.928167,8.838619
4.085000,0.581795,-0.169502,0.396774,0.934091,-0.350069,-0.063625,0.029625,0.120961,2.226561,1.000000,-0.933930,8.870995
4.090000,0.581391,-0.170241,0.396848,0.934016,-0.350218,-0.063927,0.029588,0.120959,2.230320,1.000000,-0.939409,8.903544
4.095000,0.580984,-0.170981,0.396922,0.933940,-0.350367,-0.064233,0.029549,0.120957,2.234101,1.000000,-0.944661,8.936305
4.100000,0.580574,-0.171720,0.396996,0.933864,-0.350515,-0.064541,0.029509,0.120955,2.237902,1.000000,-0.949718,8.969224
4.105000,0.580161,-0.172459,0.397072,0.933789,-0.350663,-0.064853,0.029467,0.120953,2.241723,1.000000,-0.954619,9.002418
4.110000,0.579745,-0.173197,0.397148,0.933713,-0.350811,-0.065168,0.029423,0.120951,2.245564,1.000000,-0.959372,9.035721
4.115000,0.579325,-0.173935,0.397224,0.933637,-0.350958,-0.065486,0.029377,0.120950,2.249423,1.000000,-0.964013,9.069293
4.120000,0.578903,-0.174673,0.397302,0.933560,-0.351104,-0.065807,0.029330,0.120948,2.253301,1.000000,-0.968568,9.101998
4.125000,0.578477,-0.175409,0.397380,0.933484,-0.351251,-0.066130,0.029281,0.120946,2.257197,1.000000,-0.972900,9.134987
4.130000,0.578049,-0.176145,0.397459,0.933408,-0.351396,-0.066457,0.029230,0.120944,2.261109,1.000000,-0.977076,9.168035
4.135000,0.577618,-0.176880,0.397539,0.933331,-0.351542,-0.066786,0.029178,0.120942,2.265038,1.000000,-0.981208,9.201477
4.140000,0.577184,-0.177614,0.397620,0.933254,-0.351686,-0.067118,0.029124,0.120940,2.268984,1.000000,-0.985246,9.234999
4.145000,0.576747,-0.178346,0.397702,0.933178,-0.351831,-0.067452,0.029069,0.120938,2.272945,1.000000,-0.989238,9.268814
4.150000,0.576307,-0.179078,0.397784,0.933101,-0.351974,-0.067789,0.029013,0.120936,2.276923,1.000000,-0.993169,9.302739
4.155000,0.575865,-0.179808,0.397868,0.933024,-0.352118,-0.068129,0.028955,0.120934,2.280916,1.000000,-0.997079,9.335383
4.160000,0.575419,-0.180537,0.397952,0.932947,-0.352260,-0.068471,0.028896,0.120932,2.284925,1.000000,-1.000849,9.368177
4.165000,0.574972,-0.181265,0.398038,0.932870,-0.352402,-0.068815,0.028836,0.120930,2.288948,1.000000,-1.004531,9.401192
4.170000,0.574521,-0.181991,0.398124,0.932793,-0.352543,-0.069162,0.028774,0.120928,2.292986,1.000000,-1.008145,9.434382
4.175000,0.574067,-0.182716,0.398212,0.932716,-0.352683,-0.069511,0.028712,0.120925,2.297039,1.000000,-1.011713,9.467789
4.180000,0.573611,-0.183439,0.398301,0.932639,-0.352822,-0.069862,0.028649,0.120923,2.301105,1.000000,-1.015249,9.501420
4.185000,0.573153,-0.184161,0.398391,0.932562,-0.352961,-0.070215,0.028585,0.120921,2.305186,1.000000,-1.018760,9.535223
4.190000,0.572691,-0.184881,0.398483,0.932485,-0.353098,-0.070571,0.028520,0.120919,2.309279,1.000000,-1.021781,9.566336
4.195000,0.572227,-0.185599,0.398576,0.932408,-0.353235,-0.070928,0.028455,0.120917,2.313384,1.000000,-1.024587,9.597593
4.200000,0.571761,-0.186316,0.398670,0.932331,-0.353370,-0.071288,0.028388,0.120915,2.317500,1.000000,-1.027238,9.629138
4.205000,0.571292,-0.187030,0.398766,0.932255,-0.353504,-0.071649,0.028320,0.120913,2.321625,1.000000,-1.029742,9.660780
4.210000,0.570821,-0.187742,0.398863,0.932179,-0.353636,-0.072012,0.028252,0.120911,2.325761,1.000000,-1.032116,9.692689
4.215000,0.570347,-0.188452,0.398961,0.932103,-0.353768,-0.072377,0.028182,0.120909,2.329906,1.000000,-1.034398,9.724680
4.220000,0.569871,-0.189160,0.399062,0.932027,-0.353898,-0.072743,0.028112,0.120907,2.334060,1.000000,-1.036680,9.757089
4.225000,0.569393,-0.189865,0.399163,0.931952,-0.354026,-0.073110,0.028041,0.120905,2.338222,1.000000,-1.038575,9.787491
4.230000,0.568913,-0.190568,0.399267,0.931877,-0.354153,-0.073480,0.027970,0.120903,2.342391,1.000000,-1.040271,9.818193
4.235000,0.568431,-0.191269,0.399372,0.931802,-0.354279,-0.073850,0.027897,0.120901,2.346566,1.000000,-1.041800,9.848992
4.240000,0.567946,-0.191967,0.399478,0.931727,-0.354403,-0.074222,0.027824,0.120898,2.350747,1.000000,-1.043232,9.880126
4.245000,0.567459,-0.192662,0.399586,0.931653,-0.354526,-0.074595,0.027749,0.120896,2.354934,1.000000,-1.044572,9.911401
4.250000,0.566971,-0.193354,0.399696,0.931579,-0.354647,-0.074970,0.027674,0.120894,2.359126,1.000000,-1.045823,9.942947
4.255000,0.566481,-0.194044,0.399808,0.931506,-0.354766,-0.075345,0.027599,0.120892,2.363321,1.000000,-1.046575,9.971823
4.260000,0.565988,-0.194730,0.399921,0.931432,-0.354884,-0.075721,0.027522,0.120890,2.367519,1.000000,-1.047139,10.000955
4.265000,0.565494,-0.195414,0.400036,0.931360,-0.355000,-0.076098,0.027445,0.120888,2.371719,1.000000,-1.047545,10.030300
4.270000,0.564999,-0.196094,0.400153,0.931288,-0.355114,-0.076476,0.027367,0.120886,2.375920,1.000000,-1.047813,10.059870
4.275000,0.564501,-0.196771,0.400272,0.931216,-0.355227,-0.076855,0.027289,0.120884,2.380122,1.000000,-1.047975,10.089702
4.280000,0.564002,-0.197445,0.400393,0.931144,-0.355337,-0.077234,0.027210,0.120882,2.384324,1.000000,-1.048047,10.119722
4.285000,0.563502,-0.198116,0.400516,0.931073,-0.355447,-0.077614,0.027131,0.120880,2.388526,1.000000,-1.048062,10.150057
4.290000,0.563000,-0.198783,0.400641,0.931003,-0.355554,-0.077993,0.027051,0.120878,2.392726,1.000000,-1.047353,10.176762
4.295000,0.562497,-0.199447,0.400768,0.930933,-0.355660,-0.078374,0.026970,0.120876,2.396923,1.000000,-1.046265,10.203785
4.300000,0.561992,-0.200107,0.400897,0.930864,-0.355763,-0.078754,0.026889,0.120874,2.401114,1.000000,-1.044902,10.230922
4.305000,0.561486,-0.200763,0.401028,0.930795,-0.355866,-0.079135,0.026808,0.120873,2.405300,1.000000,-1.043392,10.258501
4.310000,0.560978,-0.201416,0.401162,0.930726,-0.355966,-0.079517,0.026726,0.120871,2.409479,1.000000,-1.041708,10.286141
4.315000,0.560470,-0.202064,0.401297,0.930658,-0.356065,-0.079899,0.026643,0.120869,2.413651,1.000000,-1.039929,10.314168
4.320000,0.559960,-0.202708,0.401435,0.930590,-0.356162,-0.080281,0.026560,0.120867,2.417816,1.000000,-1.038046,10.342272
4.325000,0.559448,-0.203349,0.401574,0.930523,-0.356257,-0.080663,0.026477,0.120865,2.421972,1.000000,-1.035806,10.368505
4.330000,0.558936,-0.203985,0.401716,0.930456,-0.356351,-0.081045,0.026393,0.120863,2.426119,1.000000,-1.033220,10.394858
4.335000,0.558422,-0.204616,0.401861,0.930390,-0.356443,-0.081429,0.026309,0.120861,2.430255,1.000000,-1.030473,10.421569
4.340000,0.557907,-0.205244,0.402007,0.930324,-0.356534,-0.081813,0.026224,0.120859,2.434379,1.000000,-1.027604,10.448435
4.345000,0.557390,-0.205866,0.402155,0.930258,-0.356623,-0.082198,0.026139,0.120857,2.438492,1.000000,-1.024681,10.475634
4.350000,0.556872,-0.206485,0.402306,0.930193,-0.356711,-0.082584,0.026054,0.120856,2.442594,1.000000,-1.021734,10.503044
4.355000,0.556353,-0.207099,0.402459,0.930128,-0.356797,-0.082971,0.025969,0.120854,2.446683,1.000000,-1.018777,10.530696
4.360000,0.555832,-0.207708,0.402613,0.930063,-0.356882,-0.083359,0.025883,0.120852,2.450760,1.000000,-1.015448,10.555654
4.365000,0.555310,-0.208312,0.402770,0.929998,-0.356965,-0.083748,0.025798,0.120850,2.454822,1.000000,-1.011846,10.580840
4.370000,0.554787,-0.208912,0.402929,0.929934,-0.357047,-0.084138,0.025712,0.120848,2.458870,1.000000,-1.008075,10.606309
4.375000,0.554262,-0.209507,0.403090,0.929870,-0.357127,-0.084530,0.025626,0.120846,2.462902,1.000000,-1.004104,10.631954
4.380000,0.553735,-0.210098,0.403252,0.929806,-0.357206,-0.084923,0.025539,0.120845,2.466918,1.000000,-1.000013,10.657911
4.385000,0.553206,-0.210683,0.403416,0.929743,-0.357284,-0.085318,0.025451,0.120843,2.470918,1.000000,-0.995927,10.684010
4.390000,0.552676,-0.211264,0.403582,0.929679,-0.357360,-0.085713,0.025363,0.120841,2.474901,1.000000,-0.991931,10.710465
4.395000,0.552144,-0.211839,0.403749,0.929616,-0.357435,-0.086108,0.025273,0.120839,2.478868,1.000000,-0.987366,10.732925
4.400000,0.551609,-0.212410,0.403917,0.929553,-0.357509,-0.086506,0.025181,0.120838,2.482815,1.000000,-0.982426,10.755767
4.405000,0.551072,-0.212976,0.404086,0.929491,-0.357582,-0.086904,0.025088,0.120836,2.486741,1.000000,-0.977252,10.778671
4.410000,0.550533,-0.213536,0.404255,0.929428,-0.357654,-0.087304,0.024993,0.120834,2.490647,1.000000,-0.971996,10.801953
4.415000,0.549991,-0.214091,0.404425,0.929366,-0.357725,-0.087706,0.024896,0.120832,2.494531,1.000000,-0.966716,10.825324
4.420000,0.549446,-0.214641,0.404595,0.929304,-0.357794,-0.088108,0.024797,0.120830,2.498394,1.000000,-0.961462,10.849027
4.425000,0.548898,-0.215186,0.404766,0.929242,-0.357862,-0.088513,0.024696,0.120829,2.502237,1.000000,-0.956036,10.869969
4.430000,0.548347,-0.215726,0.404937,0.929180,-0.357930,-0.088919,0.024594,0.120827,2.506057,1.000000,-0.950376,10.891215
4.435000,0.547792,-0.216260,0.405107,0.929118,-0.357996,-0.089327,0.024489,0.120825,2.509854,1.000000,-0.944624,10.912626
4.440000,0.547233,-0.216788,0.405278,0.929056,-0.358061,-0.089738,0.024381,0.120823,2.513628,1.000000,-0.938903,10.934283
4.445000,0.546671,-0.217312,0.405448,0.928995,-0.358124,-0.090151,0.024272,0.120822,2.517380,1.000000,-0.933283,10.956128
4.450000,0.546104,-0.217830,0.405617,0.928933,-0.358186,-0.090566,0.024161,0.120820,2.521109,1.000000,-0.927818,10.978192
4.455000,0.545533,-0.218342,0.405786,0.928872,-0.358247,-0.090983,0.024049,0.120818,2.524817,1.000000,-0.922538,11.000479
4.460000,0.544957,-0.218850,0.405954,0.928810,-0.358307,-0.091402,0.023934,0.120816,2.528504,1.000000,-0.917087,11.019333
4.465000,0.544377,-0.219352,0.406120,0.928749,-0.358365,-0.091824,0.023818,0.120815,2.532169,1.000000,-0.911480,11.038437
4.470000,0.543792,-0.219849,0.406286,0.928689,-0.358422,-0.092248,0.023700,0.120813,2.535811,1.000000,-0.905830,11.057700
4.475000,0.543202,-0.220340,0.406451,0.928628,-0.358477,-0.092675,0.023580,0.120811,2.539430,1.000000,-0.900224,11.077241
4.480000,0.542607,-0.220826,0.406614,0.928567,-0.358530,-0.093104,0.023458,0.120810,2.543027,1.000000,-0.894734,11.096870
4.485000,0.542007,-0.221306,0.406775,0.928507,-0.358582,-0.093535,0.023335,0.120808,2.546603,1.000000,-0.889432,11.116626
4.490000,0.541402,-0.221782,0.406935,0.928447,-0.358632,-0.093968,0.023210,0.120806,2.550158,1.000000,-0.884311,11.136476
4.495000,0.540791,-0.222252,0.407094,0.928388,-0.358680,-0.094402,0.023084,0.120805,2.553691,1.000000,-0.878741,11.152303
4.500000,0.540175,-0.222716,0.407250,0.928328,-0.358727,-0.094839,0.022956,0.120803,2.557201,1.000000,-0.872976,11.168219
4.505000,0.539554,-0.223176,0.407405,0.928269,-0.358772,-0.095277,0.022827,0.120802,2.560688,1.000000,-0.867078,11.184340
4.510000,0.538927,-0.223629,0.407557,0.928211,-0.358815,-0.095716,0.022697,0.120800,2.564152,1.000000,-0.861144,11.200579
4.515000,0.538295,-0.224078,0.407707,0.928152,-0.358856,-0.096156,0.022564,0.120799,2.567591,1.000000,-0.855232,11.217013
4.520000,0.537658,-0.224521,0.407855,0.928094,-0.358896,-0.096597,0.022431,0.120798,2.571007,1.000000,-0.849371,11.233580
4.525000,0.537015,-0.224958,0.408001,0.928037,-0.358935,-0.097038,0.022297,0.120796,2.574400,1.000000,-0.843590,11.250322
4.530000,0.536367,-0.225390,0.408144,0.927980,-0.358971,-0.097479,0.022161,0.120795,2.577769,1.000000,-0.837406,11.263815
4.535000,0.535714,-0.225817,0.408285,0.927923,-0.359006,-0.097921,0.022024,0.120794,2.581112,1.000000,-0.831012,11.277452
4.540000,0.535055,-0.226238,0.408423,0.927866,-0.359040,-0.098363,0.021886,0.120793,2.584429,1.000000,-0.824490,11.291243
4.545000,0.534391,-0.226653,0.408558,0.927810,-0.359072,-0.098804,0.021747,0.120791,2.587720,1.000000,-0.817899,11.305152
4.550000,0.533722,-0.227063,0.408691,0.927755,-0.359102,-0.099245,0.021607,0.120790,2.590985,1.000000,-0.811285,11.319210
4.555000,0.533048,-0.227467,0.408821,0.927700,-0.359132,-0.099685,0.021466,0.120789,2.594224,1.000000,-0.804695,11.333384
4.560000,0.532368,-0.227866,0.408948,0.927645,-0.359160,-0.100123,0.021325,0.120788,2.597436,1.000000,-0.798175,11.347732
4.565000,0.531683,-0.228259,0.409072,0.927590,-0.359187,-0.100561,0.021183,0.120787,2.600621,1.000000,-0.791235,11.359061
4.570000,0.530993,-0.228646,0.409193,0.927536,-0.359212,-0.100997,0.021040,0.120786,2.603777,1.000000,-0.784037,11.370598
4.575000,0.530298,-0.229028,0.409312,0.927483,-0.359236,-0.101432,0.020897,0.120785,2.606905,1.000000,-0.776674,11.382222
4.580000,0.529598,-0.229403,0.409427,0.927430,-0.359259,-0.101865,0.020753,0.120784,2.610002,1.000000,-0.769174,11.393994
4.585000,0.528893,-0.229773,0.409540,0.927377,-0.359281,-0.102296,0.020609,0.120783,2.613070,1.000000,-0.761571,11.405849
4.590000,0.528183,-0.230137,0.409649,0.927325,-0.359302,-0.102724,0.020465,0.120782,2.616106,1.000000,-0.753897,11.417837
4.595000,0.527467,-0.230494,0.409756,0.927273,-0.359322,-0.103151,0.020322,0.120782,2.619110,1.000000,-0.745298,11.426414
4.600000,0.526747,-0.230846,0.409860,0.927221,-0.359341,-0.103574,0.020179,0.120781,2.622077,1.000000,-0.736349,11.435131
4.605000,0.526022,-0.231191,0.409962,0.927170,-0.359359,-0.103993,0.020036,0.120781,2.625009,1.000000,-0.727102,11.443959
4.610000,0.525292,-0.231531,0.410062,0.927120,-0.359377,-0.104409,0.019894,0.120780,2.627902,1.000000,-0.717605,11.452888
4.615000,0.524558,-0.231863,0.410159,0.927070,-0.359394,-0.104821,0.019753,0.120779,2.630758,1.000000,-0.707900,11.461927
4.620000,0.523819,-0.232190,0.410253,0.927020,-0.359410,-0.105228,0.019612,0.120779,2.633574,1.000000,-0.698051,11.471061
4.625000,0.523076,-0.232510,0.410346,0.926971,-0.359426,-0.105631,0.019473,0.120778,2.636350,1.000000,-0.688124,11.480311
4.630000,0.522329,-0.232824,0.410436,0.926922,-0.359442,-0.106030,0.019335,0.120778,2.639087,1.000000,-0.679016,11.486325
4.635000,0.521578,-0.233132,0.410526,0.926874,-0.359458,-0.106424,0.019200,0.120778,2.641792,1.000000,-0.671812,11.492431
4.640000,0.520823,-0.233437,0.410614,0.926825,-0.359474,-0.106814,0.019068,0.120778,2.644469,1.000000,-0.664459,11.498606
4.645000,0.520065,-0.233736,0.410702,0.926778,-0.359490,-0.107199,0.018937,0.120778,2.647115,1.000000,-0.656545,11.504888
4.650000,0.519306,-0.234029,0.410790,0.926731,-0.359504,-0.107580,0.018805,0.120778,2.649728,1.000000,-0.648144,11.511223
4.655000,0.518544,-0.234317,0.410876,0.926685,-0.359517,-0.107956,0.018673,0.120778,2.652306,1.000000,-0.639393,11.517644
4.660000,0.517780,-0.234599,0.410962,0.926639,-0.359530,-0.108327,0.018541,0.120778,2.654849,1.000000,-0.630346,11.524120
4.665000,0.517014,-0.234875,0.411048,0.926594,-0.359543,-0.108692,0.018408,0.120778,2.657353,1.000000,-0.620417,11.527432
4.670000,0.516247,-0.235146,0.411134,0.926549,-0.359556,-0.109052,0.018277,0.120778,2.659816,1.000000,-0.609935,11.530798
4.675000,0.515478,-0.235410,0.411219,0.926505,-0.359570,-0.109404,0.018145,0.120778,2.662236,1.000000,-0.599039,11.534235
4.680000,0.514708,-0.235669,0.411304,0.926461,-0.359584,-0.109751,0.018013,0.120779,2.664612,1.000000,-0.587745,11.537755
4.685000,0.513936,-0.235921,0.411389,0.926417,-0.359599,-0.110090,0.017882,0.120779,2.666942,1.000000,-0.576066,11.541354
4.690000,0.513164,-0.236167,0.411474,0.926374,-0.359615,-0.110423,0.017752,0.120779,2.669224,1.000000,-0.564092,11.545038
4.695000,0.512390,-0.236406,0.411560,0.926331,-0.359631,-0.110748,0.017622,0.120779,2.671457,1.000000,-0.551888,11.548774
4.700000,0.511616,-0.236639,0.411645,0.926289,-0.359649,-0.111066,0.017493,0.120780,2.673640,1.000000,-0.538963,11.549213
4.705000,0.510840,-0.236865,0.411731,0.926247,-0.359667,-0.111377,0.017364,0.120780,2.675770,1.000000,-0.525571,11.549726
4.710000,0.510064,-0.237083,0.411816,0.926205,-0.359687,-0.111682,0.017236,0.120781,2.677846,1.000000,-0.511817,11.550332
4.715000,0.509287,-0.237295,0.411902,0.926164,-0.359707,-0.111979,0.017108,0.120781,2.679865,1.000000,-0.497808,11.550991
4.720000,0.508509,-0.237499,0.411989,0.926123,-0.359728,-0.112268,0.016981,0.120782,2.681829,1.000000,-0.483619,11.551732
4.725000,0.507730,-0.237696,0.412075,0.926082,-0.359750,-0.112551,0.016854,0.120782,2.683735,1.000000,-0.469267,11.552533
4.730000,0.506951,-0.237886,0.412162,0.926042,-0.359773,-0.112827,0.016728,0.120783,2.685582,1.000000,-0.454163,11.550400
4.735000,0.506171,-0.238068,0.412250,0.926002,-0.359797,-0.113096,0.016603,0.120783,2.687367,1.000000,-0.438762,11.548321
4.740000,0.505391,-0.238241,0.412337,0.925963,-0.359821,-0.113357,0.016478,0.120784,2.689091,1.000000,-0.423170,11.546347
4.745000,0.504611,-0.238407,0.412425,0.925924,-0.359846,-0.113612,0.016354,0.120784,2.690751,1.000000,-0.407406,11.544417
4.750000,0.503831,-0.238565,0.412514,0.925886,-0.359872,-0.113859,0.016231,0.120785,2.692348,1.000000,-0.391486,11.542546
4.755000,0.503050,-0.238715,0.412603,0.925848,-0.359898,-0.114099,0.016108,0.120785,2.693882,1.000000,-0.375507,11.540718
4.760000,0.502269,-0.238857,0.412692,0.925811,-0.359925,-0.114332,0.015987,0.120786,2.695351,1.000000,-0.359524,11.538977
4.765000,0.501488,-0.238991,0.412782,0.925775,-0.359952,-0.114559,0.015867,0.120787,2.696755,1.000000,-0.343010,11.533689
4.770000,0.500708,-0.239116,0.412873,0.925739,-0.359980,-0.114778,0.015747,0.120787,2.698092,1.000000,-0.326274,11.528454
4.775000,0.499927,-0.239233,0.412964,0.925704,-0.360008,-0.114991,0.015628,0.120788,2.699362,1.000000,-0.309385,11.523289
4.780000,0.499146,-0.239341,0.413055,0.925669,-0.360036,-0.115196,0.015510,0.120789,2.700565,1.000000,-0.292385,11.518175
4.785000,0.498366,-0.239441,0.413147,0.925635,-0.360064,-0.115396,0.015393,0.120790,2.701699,1.000000,-0.275362,11.513135
4.790000,0.497586,-0.239532,0.413239,0.925602,-0.360093,-0.115589,0.015277,0.120790,2.702765,1.000000,-0.258389,11.508133
4.795000,0.496806,-0.239614,0.413332,0.925569,-0.360122,-0.115775,0.015162,0.120791,2.703763,1.000000,-0.241514,11.503200
4.800000,0.496027,-0.239688,0.413425,0.925537,-0.360151,-0.115955,0.015049,0.120792,2.704694,1.000000,-0.224318,11.495161
4.805000,0.495248,-0.239753,0.413518,0.925506,-0.360180,-0.116129,0.014936,0.120793,2.705555,1.000000,-0.207032,11.487215
4.810000,0.494470,-0.239809,0.413612,0.925476,-0.360209,-0.116296,0.014824,0.120794,2.706347,1.000000,-0.189706,11.479299
4.815000,0.493692,-0.239856,0.413706,0.925446,-0.360237,-0.116458,0.014714,0.120795,2.707069,1.000000,-0.172400,11.471434
4.820000,0.492915,-0.239894,0.413800,0.925417,-0.360266,-0.116613,0.014604,0.120795,2.707723,1.000000,-0.155215,11.463615
4.825000,0.492138,-0.239924,0.413895,0.925389,-0.360295,-0.116763,0.014496,0.120796,2.708308,1.000000,-0.138232,11.455903
4.830000,0.491362,-0.239945,0.413990,0.925361,-0.360323,-0.116906,0.014389,0.120797,2.708826,1.000000,-0.121450,11.448227
4.835000,0.490587,-0.239957,0.414085,0.925334,-0.360351,-0.117044,0.014283,0.120798,2.709277,1.000000,-0.104552,11.438382
4.840000,0.489812,-0.239960,0.414180,0.925308,-0.360379,-0.117177,0.014179,0.120799,2.709659,1.000000,-0.086969,11.428604
4.845000,0.489038,-0.239954,0.414276,0.925283,-0.360407,-0.117305,0.014074,0.120800,2.709968,1.000000,-0.068512,11.418890
4.850000,0.488264,-0.239938,0.414371,0.925258,-0.360435,-0.117429,0.013969,0.120801,2.710202,1.000000,-0.049566,11.409241
4.855000,0.487491,-0.239912,0.414467,0.925233,-0.360462,-0.117549,0.013864,0.120802,2.710360,1.000000,-0.030501,11.399646
4.860000,0.486718,-0.239877,0.414562,0.925209,-0.360490,-0.117667,0.013758,0.120803,2.710442,1.000000,-0.011486,11.390119
4.865000,0.485944,-0.239831,0.414658,0.925185,-0.360518,-0.117781,0.013652,0.120804,2.710447,1.000000,0.007392,11.380612
4.870000,0.485171,-0.239776,0.414754,0.925162,-0.360547,-0.117893,0.013545,0.120805,2.710361,1.000000,0.026070,11.369966
4.875000,0.484399,-0.239711,0.414850,0.925138,-0.360575,-0.118002,0.013437,0.120806,2.710182,1.000000,0.044486,11.359374
4.880000,0.483626,-0.239637,0.414946,0.925115,-0.360603,-0.118108,0.013330,0.120807,2.709912,1.000000,0.062607,11.348858
4.885000,0.482853,-0.239553,0.415043,0.925092,-0.360632,-0.118212,0.013222,0.120808,2.709553,1.000000,0.080384,11.338387
4.890000,0.482081,-0.239460,0.415139,0.925070,-0.360660,-0.118313,0.013113,0.120809,2.709106,1.000000,0.097788,11.327995
4.895000,0.481309,-0.239357,0.415236,0.925048,-0.360689,-0.118412,0.013005,0.120810,2.708573,1.000000,0.114839,11.317639
4.900000,0.480537,-0.239246,0.415333,0.925026,-0.360717,-0.118508,0.012897,0.120811,2.707956,1.000000,0.131535,11.306598
4.905000,0.479766,-0.239125,0.415430,0.925004,-0.360746,-0.118603,0.012788,0.120812,2.707257,1.000000,0.147860,11.295592
4.910000,0.478994,-0.238996,0.415527,0.924983,-0.360774,-0.118695,0.012680,0.120813,2.706477,1.000000,0.163765,11.284646
4.915000,0.478223,-0.238858,0.415624,0.924961,-0.360803,-0.118784,0.012572,0.120814,2.705621,1.000000,0.178681,11.273740
4.920000,0.477452,-0.238712,0.415722,0.924941,-0.360831,-0.118871,0.012465,0.120815,2.704694,1.000000,0.192103,11.262911
4.925000,0.476682,-0.238559,0.415819,0.924920,-0.360859,-0.118954,0.012361,0.120816,2.703704,1.000000,0.204127,11.252149
4.930000,0.475913,-0.238399,0.415917,0.924901,-0.360887,-0.119033,0.012259,0.120817,2.702659,1.000000,0.214995,11.241425
4.935000,0.475145,-0.238233,0.416014,0.924882,-0.360915,-0.119108,0.012159,0.120818,2.701560,1.000000,0.225156,11.229614
4.940000,0.474377,-0.238061,0.416112,0.924864,-0.360941,-0.119178,0.012063,0.120819,2.700413,1.000000,0.234694,11.217833
4.945000,0.473611,-0.237882,0.416209,0.924846,-0.360967,-0.119243,0.011970,0.120820,2.699220,1.000000,0.243641,11.206114
4.950000,0.472845,-0.237699,0.416305,0.924830,-0.360992,-0.119304,0.011880,0.120821,2.697984,1.000000,0.251988,11.194474
4.955000,0.472081,-0.237510,0.416401,0.924814,-0.361016,-0.119360,0.011793,0.120822,2.696709,1.000000,0.259779,11.182921
4.960000,0.471317,-0.237315,0.416497,0.924800,-0.361039,-0.119411,0.011709,0.120823,2.695395,1.000000,0.267070,11.171383
4.965000,0.470555,-0.237116,0.416591,0.924786,-0.361061,-0.119458,0.011627,0.120824,2.694047,1.000000,0.273873,11.159891
4.970000,0.469793,-0.236912,0.416684,0.924773,-0.361083,-0.119500,0.011549,0.120825,2.692666,1.000000,0.280317,11.147644
4.975000,0.469033,-0.236704,0.416776,0.924761,-0.361104,-0.119538,0.011474,0.120826,2.691253,1.000000,0.286306,11.135477
4.980000,0.468274,-0.236491,0.416867,0.924750,-0.361123,-0.119570,0.011401,0.120827,2.689813,1.000000,0.291870,11.123343
4.985000,0.467516,-0.236274,0.416957,0.924740,-0.361142,-0.119599,0.011331,0.120828,2.688345,1.000000,0.297027,11.111271
4.990000,0.466759,-0.236053,0.417045,0.924731,-0.361160,-0.119623,0.011264,0.120829,2.686853,1.000000,0.301747,11.099230
4.995000,0.466003,-0.235828,0.417131,0.924723,-0.361177,-0.119642,0.011199,0.120830,2.685339,1.000000,0.306035,11.087246
5.000000,0.465248,-0.235599,0.417216,0.924715,-0.361193,-0.119657,0.011137,0.120831,2.683805,1.000000,0.309885,11.075296
5.005000,0.464494,-0.235368,0.417299,0.924708,-0.361208,-0.119668,0.011078,0.120832,2.682252,1.000000,0.313401,11.062340
5.010000,0.463741,-0.235132,0.417381,0.924703,-0.361222,-0.119675,0.011021,0.120833,2.680683,1.000000,0.316596,11.049447
5.015000,0.462989,-0.234894,0.417460,0.924698,-0.361235,-0.119678,0.010966,0.120834,2.679099,1.000000,0.319486,11.036553
5.020000,0.462238,-0.234652,0.417537,0.924694,-0.361247,-0.119677,0.010913,0.120836,2.677501,1.000000,0.322029,11.023713
5.025000,0.461488,-0.234408,0.417612,0.924691,-0.361259,-0.119672,0.010863,0.120837,2.675892,1.000000,0.324207,11.010933
5.030000,0.460739,-0.234161,0.417685,0.924688,-0.361269,-0.119663,0.010815,0.120838,2.674273,1.000000,0.326022,10.998222
5.035000,0.459991,-0.233911,0.417755,0.924687,-0.361278,-0.119651,0.010769,0.120839,2.672646,1.000000,0.327495,10.985520
5.040000,0.459244,-0.233659,0.417824,0.924686,-0.361287,-0.119635,0.010725,0.120840,2.671011,1.000000,0.328807,10.971863
5.045000,0.458498,-0.233405,0.417889,0.924686,-0.361294,-0.119616,0.010683,0.120841,2.669372,1.000000,0.329821,10.958283
5.050000,0.457752,-0.233148,0.417953,0.924687,-0.361300,-0.119594,0.010643,0.120842,2.667728,1.000000,0.330529,10.944802
5.055000,0.457008,-0.232890,0.418013,0.924689,-0.361306,-0.119568,0.010604,0.120843,2.666081,1.000000,0.330960,10.931354
5.060000,0.456265,-0.232629,0.418071,0.924691,-0.361310,-0.119539,0.010567,0.120844,2.664433,1.000000,0.331118,10.917967
5.065000,0.455522,-0.232367,0.418127,0.924694,-0.361313,-0.119507,0.010532,0.120845,2.662785,1.000000,0.330978,10.904616
5.070000,0.454781,-0.232103,0.418179,0.924698,-0.361316,-0.119473,0.010499,0.120847,2.661138,1.000000,0.330743,10.890175
5.075000,0.454040,-0.231837,0.418229,0.924703,-0.361317,-0.119435,0.010467,0.120848,2.659493,1.000000,0.330327,10.875775
5.080000,0.453301,-0.231569,0.418276,0.924709,-0.361317,-0.119395,0.010436,0.120849,2.657850,1.000000,0.329735,10.861485
5.085000,0.452562,-0.231301,0.418320,0.924715,-0.361316,-0.119352,0.010406,0.120850,2.656211,1.000000,0.328937,10.847228
5.090000,0.451825,-0.231030,0.418361,0.924722,-0.361313,-0.119307,0.010378,0.120851,2.654577,1.000000,0.327926,10.833095
5.095000,0.451089,-0.230759,0.418399,0.924730,-0.361310,-0.119259,0.010352,0.120852,2.652948,1.000000,0.326707,10.818987
5.100000,0.450353,-0.230486,0.418434,0.924738,-0.361306,-0.119209,0.010326,0.120853,2.651326,1.000000,0.325285,10.805016
5.105000,0.449619,-0.230213,0.418466,0.924747,-0.361300,-0.119156,0.010302,0.120855,2.649710,1.000000,0.323934,10.789281
5.110000,0.448886,-0.229938,0.418495,0.924757,-0.361294,-0.119102,0.010278,0.120856,2.648102,1.000000,0.322554,10.773598
5.115000,0.448154,-0.229662,0.418521,0.924768,-0.361286,-0.119045,0.010255,0.120857,2.646500,1.000000,0.321109,10.757970
5.120000,0.447424,-0.229385,0.418543,0.924779,-0.361277,-0.118987,0.010233,0.120858,2.644906,1.000000,0.319576,10.742466
5.125000,0.446695,-0.229107,0.418563,0.924791,-0.361267,-0.118927,0.010211,0.120859,2.643320,1.000000,0.317938,10.727048
5.130000,0.445967,-0.228828,0.418579,0.924804,-0.361255,-0.118866,0.010190,0.120860,2.641743,1.000000,0.316186,10.711738
5.135000,0.445240,-0.228548,0.418592,0.924817,-0.361243,-0.118803,0.010170,0.120862,2.640174,1.000000,0.314314,10.696532
5.140000,0.444514,-0.228268,0.418602,0.924831,-0.361229,-0.118739,0.010150,0.120863,2.638615,1.000000,0.312597,10.679288
5.145000,0.443791,-0.227986,0.418608,0.924845,-0.361214,-0.118673,0.010130,0.120864,2.637063,1.000000,0.310943,10.662157
5.150000,0.443068,-0.227704,0.418611,0.924860,-0.361198,-0.118607,0.010110,0.120866,2.635520,1.000000,0.309320,10.645109
5.155000,0.442347,-0.227420,0.418611,0.924876,-0.361180,-0.118539,0.010090,0.120867,2.633985,1.000000,0.307707,10.628210
5.160000,0.441628,-0.227136,0.418607,0.924892,-0.361162,-0.118471,0.010071,0.120868,2.632458,1.000000,0.306081,10.611373
5.165000,0.440911,-0.226851,0.418601,0.924909,-0.361142,-0.118401,0.010051,0.120869,2.630940,1.000000,0.304436,10.594704
5.170000,0.440195,-0.226565,0.418591,0.924926,-0.361121,-0.118331,0.010032,0.120871,2.629429,1.000000,0.302755,10.578084
5.175000,0.439481,-0.226278,0.418577,0.924944,-0.361099,-0.118260,0.010012,0.120872,2.627926,1.000000,0.301354,10.559036
5.180000,0.438768,-0.225990,0.418561,0.924963,-0.361075,-0.118189,0.009992,0.120873,2.626429,1.000000,0.300148,10.540012
5.185000,0.438058,-0.225702,0.418541,0.924982,-0.361051,-0.118117,0.009972,0.120875,2.624938,1.000000,0.299101,10.521266
5.190000,0.437350,-0.225412,0.418518,0.925001,-0.361025,-0.118045,0.009951,0.120876,2.623452,1.000000,0.298147,10.502566
5.195000,0.436643,-0.225121,0.418491,0.925021,-0.360998,-0.117974,0.009929,0.120877,2.621971,1.000000,0.297260,10.484100
5.200000,0.435939,-0.224828,0.418461,0.925042,-0.360969,-0.117902,0.009906,0.120879,2.620493,1.000000,0.296411,10.465701
5.205000,0.435237,-0.224535,0.418428,0.925063,-0.360940,-0.117830,0.009883,0.120880,2.619020,1.000000,0.295597,10.447492
5.210000,0.434537,-0.224241,0.418392,0.925084,-0.360909,-0.117758,0.009860,0.120882,2.617550,1.000000,0.295027,10.427216
5.215000,0.433839,-0.223945,0.418353,0.925106,-0.360877,-0.117687,0.009835,0.120883,2.616083,1.000000,0.294655,10.407180
5.220000,0.433144,-0.223648,0.418310,0.925128,-0.360844,-0.117616,0.009809,0.120884,2.614616,1.000000,0.294427,10.387302
5.225000,0.432451,-0.223349,0.418264,0.925151,-0.360810,-0.117545,0.009783,0.120886,2.613151,1.000000,0.294310,10.367579
5.230000,0.431760,-0.223049,0.418215,0.925174,-0.360774,-0.117476,0.009755,0.120887,2.611686,1.000000,0.294273,10.348018
5.235000,0.431072,-0.222748,0.418163,0.925197,-0.360738,-0.117406,0.009726,0.120889,2.610221,1.000000,0.294296,10.328610
5.240000,0.430387,-0.222445,0.418108,0.925221,-0.360700,-0.117338,0.009697,0.120890,2.608755,1.000000,0.294570,10.307709
5.245000,0.429704,-0.222141,0.418050,0.925245,-0.360661,-0.117271,0.009666,0.120892,2.607287,1.000000,0.295031,10.286913
5.250000,0.429024,-0.221835,0.417989,0.925269,-0.360621,-0.117204,0.009634,0.120893,2.605816,1.000000,0.295658,10.266370
5.255000,0.428346,-0.221527,0.417925,0.925294,-0.360580,-0.117139,0.009600,0.120895,2.604341,1.000000,0.296371,10.245907
5.260000,0.427671,-0.221217,0.417857,0.925319,-0.360537,-0.117074,0.009566,0.120896,2.602863,1.000000,0.297127,10.225753
5.265000,0.426999,-0.220906,0.417787,0.925344,-0.360494,-0.117011,0.009530,0.120898,2.601381,1.000000,0.297927,10.205642
5.270000,0.426330,-0.220593,0.417715,0.925370,-0.360450,-0.116949,0.009493,0.120899,2.599895,1.000000,0.298772,10.185908
5.275000,0.425664,-0.220279,0.417639,0.925395,-0.360404,-0.116888,0.009455,0.120901,2.598404,1.000000,0.299810,10.165133
5.280000,0.425001,-0.219962,0.417561,0.925421,-0.360358,-0.116829,0.009416,0.120902,2.596908,1.000000,0.300943,10.144732
5.285000,0.424340,-0.219644,0.417479,0.925448,-0.360310,-0.116770,0.009376,0.120904,2.595405,1.000000,0.302134,10.124387
5.290000,0.423683,-0.219324,0.417396,0.925474,-0.360262,-0.116713,0.009335,0.120905,2.593897,1.000000,0.303373,10.104339
5.295000,0.423029,-0.219002,0.417309,0.925501,-0.360212,-0.116658,0.009293,0.120907,2.592382,1.000000,0.304636,10.084384
5.300000,0.422378,-0.218678,0.417221,0.925528,-0.360162,-0.116604,0.009250,0.120908,2.590861,1.000000,0.305951,10.064716
5.305000,0.421730,-0.218353,0.417129,0.925555,-0.360110,-0.116551,0.009206,0.120909,2.589333,1.000000,0.307278,10.045192
5.310000,0.421085,-0.218025,0.417036,0.925582,-0.360057,-0.116500,0.009161,0.120911,2.587797,1.000000,0.308726,10.024988
5.315000,0.420443,-0.217696,0.416940,0.925610,-0.360003,-0.116450,0.009115,0.120912,2.586255,1.000000,0.310119,10.004969
5.320000,0.419805,-0.217365,0.416841,0.925638,-0.359948,-0.116401,0.009069,0.120914,2.584705,1.000000,0.311502,9.985143
5.325000,0.419170,-0.217032,0.416741,0.925666,-0.359892,-0.116354,0.009022,0.120915,2.583149,1.000000,0.312889,9.965537
5.330000,0.418538,-0.216698,0.416639,0.925695,-0.359835,-0.116307,0.008974,0.120917,2.581586,1.000000,0.314283,9.946090
5.335000,0.417910,-0.216361,0.416535,0.925724,-0.359776,-0.116262,0.008926,0.120918,2.580016,1.000000,0.315689,9.926922
5.340000,0.417285,-0.216023,0.416429,0.925753,-0.359717,-0.116218,0.008878,0.120920,2.578438,1.000000,0.317098,9.907859
5.345000,0.416664,-0.215683,0.416321,0.925783,-0.359656,-0.116175,0.008829,0.120921,2.576853,1.000000,0.318664,9.887917
5.350000,0.416046,-0.215342,0.416212,0.925812,-0.359593,-0.116133,0.008780,0.120922,2.575260,1.000000,0.320195,9.868051
5.355000,0.415431,-0.214998,0.416101,0.925843,-0.359530,-0.116092,0.008730,0.120924,2.573659,1.000000,0.321707,9.848592
5.360000,0.414821,-0.214653,0.415988,0.925873,-0.359465,-0.116052,0.008681,0.120925,2.572051,1.000000,0.323225,9.829154
5.365000,0.414213,-0.214306,0.415875,0.925905,-0.359398,-0.116014,0.008631,0.120926,2.570436,1.000000,0.324770,9.810117
5.370000,0.413610,-0.213958,0.415760,0.925936,-0.359330,-0.115976,0.008581,0.120928,2.568812,1.000000,0.326322,9.791114
5.375000,0.413010,-0.213607,0.415644,0.925968,-0.359261,-0.115939,0.008531,0.120929,2.567180,1.000000,0.327921,9.772496
5.380000,0.412414,-0.213255,0.415527,0.926000,-0.359191,-0.115903,0.008482,0.120931,2.565540,1.000000,0.329680,9.752889
5.385000,0.411821,-0.212901,0.415409,0.926033,-0.359119,-0.115867,0.008432,0.120932,2.563891,1.000000,0.331358,9.733647
5.390000,0.411232,-0.212546,0.415290,0.926066,-0.359045,-0.115833,0.008382,0.120934,2.562233,1.000000,0.333015,9.714512
5.395000,0.410647,-0.212189,0.415171,0.926100,-0.358970,-0.115798,0.008333,0.120935,2.560568,1.000000,0.334686,9.695692
5.400000,0.410066,-0.211830,0.415052,0.926135,-0.358894,-0.115765,0.008284,0.120936,2.558894,1.000000,0.336376,9.677032
5.405000,0.409488,-0.211469,0.414932,0.926169,-0.358815,-0.115732,0.008235,0.120938,2.557211,1.000000,0.338116,9.658652
5.410000,0.408915,-0.211107,0.414811,0.926205,-0.358735,-0.115699,0.008187,0.120939,2.555518,1.000000,0.340084,9.639408
5.415000,0.408345,-0.210743,0.414691,0.926241,-0.358654,-0.115667,0.008140,0.120940,2.553815,1.000000,0.341975,9.620356
5.420000,0.407780,-0.210378,0.414571,0.926278,-0.358571,-0.115634,0.008093,0.120942,2.552104,1.000000,0.343844,9.601539
5.425000,0.407219,-0.210011,0.414451,0.926315,-0.358485,-0.115602,0.008046,0.120943,2.550382,1.000000,0.345756,9.582909
5.430000,0.406661,-0.209642,0.414331,0.926353,-0.358398,-0.115569,0.008001,0.120944,2.548651,1.000000,0.347740,9.564645
5.435000,0.406109,-0.209272,0.414212,0.926392,-0.358310,-0.115536,0.007956,0.120946,2.546910,1.000000,0.349754,9.546486
5.440000,0.405560,-0.208900,0.414094,0.926432,-0.358219,-0.115504,0.007912,0.120947,2.545159,1.000000,0.351784,9.528664
5.445000,0.405015,-0.208527,0.413976,0.926472,-0.358127,-0.115471,0.007869,0.120948,2.543396,1.000000,0.354001,9.509791
5.450000,0.404475,-0.208152,0.413860,0.926513,-0.358033,-0.115437,0.007827,0.120950,2.541623,1.000000,0.356211,9.491356
5.455000,0.403939,-0.207776,0.413744,0.926554,-0.357937,-0.115403,0.007786,0.120951,2.539838,1.000000,0.358422,9.472932
5.460000,0.403407,-0.207398,0.413630,0.926597,-0.357839,-0.115369,0.007746,0.120952,2.538043,1.000000,0.360642,9.454984
5.465000,0.402880,-0.207018,0.413517,0.926640,-0.357739,-0.115334,0.007707,0.120954,2.536236,1.000000,0.362899,9.437055
5.470000,0.402358,-0.206637,0.413405,0.926684,-0.357637,-0.115299,0.007669,0.120955,2.534417,1.000000,0.365203,9.419510
5.475000,0.401840,-0.206254,0.413296,0.926729,-0.357533,-0.115263,0.007633,0.120956,2.532587,1.000000,0.367538,9.402016
5.480000,0.401326,-0.205870,0.413188,0.926774,-0.357428,-0.115226,0.007597,0.120958,2.530745,1.000000,0.370041,9.384017
5.485000,0.400817,-0.205484,0.413082,0.926821,-0.357320,-0.115189,0.007563,0.120959,2.528890,1.000000,0.372519,9.366139
5.490000,0.400312,-0.205096,0.412978,0.926868,-0.357211,-0.115151,0.007530,0.120960,2.527022,1.000000,0.374961,9.348536
5.495000,0.399812,-0.204707,0.412876,0.926916,-0.357099,-0.115112,0.007499,0.120962,2.525143,1.000000,0.377404,9.331048
5.500000,0.399317,-0.204317,0.412776,0.926965,-0.356986,-0.115072,0.007468,0.120963,2.523251,1.000000,0.379878,9.313815
5.505000,0.398826,-0.203925,0.412679,0.927015,-0.356870,-0.115031,0.007439,0.120964,2.521347,1.000000,0.382374,9.296747
5.510000,0.398339,-0.203531,0.412584,0.927065,-0.356753,-0.114990,0.007411,0.120965,2.519430,1.000000,0.384890,9.279906
5.515000,0.397857,-0.203136,0.412492,0.927116,-0.356634,-0.114948,0.007384,0.120967,2.517501,1.000000,0.387467,9.262128
5.520000,0.397380,-0.202739,0.412403,0.927168,-0.356513,-0.114906,0.007359,0.120968,2.515558,1.000000,0.390018,9.244494
5.525000,0.396907,-0.202340,0.412316,0.927221,-0.356389,-0.114862,0.007335,0.120969,2.513603,1.000000,0.392570,9.227070
5.530000,0.396439,-0.201940,0.412232,0.927275,-0.356264,-0.114818,0.007311,0.120970,2.511635,1.000000,0.395126,9.209780
5.535000,0.395975,-0.201538,0.412151,0.927330,-0.356136,-0.114773,0.007289,0.120972,2.509654,1.000000,0.397693,9.192783
5.540000,0.395516,-0.201135,0.412073,0.927386,-0.356006,-0.114727,0.007268,0.120973,2.507660,1.000000,0.400250,9.175854
5.545000,0.395061,-0.200730,0.411998,0.927442,-0.355875,-0.114681,0.007248,0.120974,2.505654,1.000000,0.402797,9.159188
5.550000,0.394610,-0.200323,0.411926,0.927499,-0.355741,-0.114634,0.007229,0.120975,2.503634,1.000000,0.405335,9.141422
5.555000,0.394164,-0.199914,0.411857,0.927558,-0.355605,-0.114586,0.007211,0.120976,2.501602,1.000000,0.407790,9.123907
5.560000,0.393723,-0.199504,0.411792,0.927617,-0.355467,-0.114537,0.007194,0.120977,2.499558,1.000000,0.410251,9.106389
5.565000,0.393285,-0.199093,0.411729,0.927677,-0.355326,-0.114488,0.007178,0.120979,2.497502,1.000000,0.412844,9.089289
5.570000,0.392852,-0.198680,0.411670,0.927737,-0.355185,-0.114437,0.007164,0.120980,2.495432,1.000000,0.415491,9.072204
5.575000,0.392423,-0.198265,0.411613,0.927799,-0.355041,-0.114385,0.007153,0.120981,2.493349,1.000000,0.418143,9.055290
5.580000,0.391998,-0.197848,0.411560,0.927861,-0.354896,-0.114332,0.007143,0.120982,2.491253,1.000000,0.420748,9.036947
5.585000,0.391577,-0.197430,0.411510,0.927924,-0.354749,-0.114278,0.007135,0.120983,2.489144,1.000000,0.423430,9.018905
5.590000,0.391160,-0.197010,0.411463,0.927988,-0.354600,-0.114223,0.007129,0.120984,2.487021,1.000000,0.426142,9.000954
5.595000,0.390747,-0.196588,0.411418,0.928052,-0.354449,-0.114167,0.007124,0.120985,2.484884,1.000000,0.428862,8.983211
5.600000,0.390338,-0.196164,0.411377,0.928118,-0.354296,-0.114111,0.007121,0.120987,2.482734,1.000000,0.431571,8.965574
5.605000,0.389932,-0.195738,0.411338,0.928184,-0.354141,-0.114053,0.007119,0.120988,2.480571,1.000000,0.434232,8.948065
5.610000,0.389530,-0.195310,0.411301,0.928251,-0.353984,-0.113995,0.007119,0.120989,2.478395,1.000000,0.436839,8.930661
5.615000,0.389131,-0.194880,0.411267,0.928318,-0.353825,-0.113937,0.007120,0.120990,2.476206,1.000000,0.439306,8.911326
5.620000,0.388736,-0.194448,0.411236,0.928387,-0.353664,-0.113878,0.007122,0.120991,2.474005,1.000000,0.441798,8.892178
5.625000,0.388344,-0.194013,0.411207,0.928457,-0.353500,-0.113820,0.007124,0.120992,2.471791,1.000000,0.444263,8.873134
5.630000,0.387956,-0.193577,0.411179,0.928527,-0.353334,-0.113761,0.007127,0.120993,2.469565,1.000000,0.446685,8.854292
5.635000,0.387571,-0.193138,0.411154,0.928598,-0.353165,-0.113702,0.007131,0.120994,2.467328,1.000000,0.449042,8.835524
5.640000,0.387189,-0.192696,0.411131,0.928671,-0.352994,-0.113644,0.007135,0.120995,2.465079,1.000000,0.451327,8.816987
5.645000,0.386811,-0.192252,0.411110,0.928744,-0.352820,-0.113587,0.007139,0.120996,2.462818,1.000000,0.453511,8.798481
5.650000,0.386435,-0.191806,0.411091,0.928818,-0.352643,-0.113530,0.007143,0.120997,2.460549,1.000000,0.455390,8.777618
5.655000,0.386063,-0.191358,0.411073,0.928893,-0.352463,-0.113474,0.007147,0.120998,2.458269,1.000000,0.457240,8.756767
5.660000,0.385693,-0.190907,0.411057,0.928969,-0.352281,-0.113418,0.007150,0.120999,2.455981,1.000000,0.459093,8.736253
5.665000,0.385327,-0.190453,0.411043,0.929046,-0.352095,-0.113364,0.007153,0.121000,2.453684,1.000000,0.460886,8.715730
5.670000,0.384963,-0.189997,0.411029,0.929124,-0.351906,-0.113311,0.007156,0.121001,2.451377,1.000000,0.462623,8.695540
5.675000,0.384602,-0.189538,0.411018,0.929203,-0.351713,-0.113260,0.007158,0.121002,2.449063,1.000000,0.464279,8.675380
5.680000,0.384243,-0.189077,0.411007,0.929283,-0.351518,-0.113209,0.007159,0.121003,2.446740,1.000000,0.465855,8.655442
5.685000,0.383888,-0.188613,0.410998,0.929364,-0.351320,-0.113160,0.007160,0.121004,2.444411,1.000000,0.467126,8.632301
5.690000,0.383534,-0.188146,0.410989,0.929446,-0.351118,-0.113113,0.007160,0.121005,2.442076,1.000000,0.468441,8.609391
5.695000,0.383183,-0.187676,0.410982,0.929530,-0.350912,-0.113068,0.007159,0.121006,2.439734,1.000000,0.469755,8.586574
5.700000,0.382834,-0.187204,0.410975,0.929614,-0.350702,-0.113025,0.007157,0.121007,2.437385,1.000000,0.471045,8.563930
5.705000,0.382488,-0.186728,0.410969,0.929699,-0.350489,-0.112984,0.007153,0.121008,2.435031,1.000000,0.472284,8.541395
5.710000,0.382143,-0.186249,0.410964,0.929786,-0.350272,-0.112946,0.007148,0.121009,2.432670,1.000000,0.473440,8.518993
5.715000,0.381801,-0.185768,0.410959,0.929873,-0.350052,-0.112910,0.007142,0.121010,2.430304,1.000000,0.474506,8.496719
5.720000,0.381460,-0.185283,0.410954,0.929962,-0.349827,-0.112877,0.007134,0.121011,2.427934,1.000000,0.475288,8.471928
5.725000,0.381122,-0.184795,0.410949,0.930051,-0.349599,-0.112847,0.007125,0.121012,2.425560,1.000000,0.476104,8.447369
5.730000,0.380785,-0.184303,0.410945,0.930142,-0.349367,-0.112820,0.007114,0.121013,2.423182,1.000000,0.476899,8.422913
5.735000,0.380449,-0.183808,0.410941,0.930234,-0.349130,-0.112796,0.007102,0.121014,2.420801,1.000000,0.477659,8.398684
5.740000,0.380115,-0.183310,0.410937,0.930327,-0.348889,-0.112776,0.007089,0.121014,2.418415,1.000000,0.478358,8.374520
5.745000,0.379783,-0.182808,0.410933,0.930421,-0.348644,-0.112759,0.007073,0.121015,2.416027,1.000000,0.478993,8.350591
5.750000,0.379452,-0.182303,0.410928,0.930516,-0.348395,-0.112745,0.007057,0.121016,2.413636,1.000000,0.479345,8.323851
5.755000,0.379122,-0.181794,0.410924,0.930612,-0.348141,-0.112735,0.007038,0.121017,2.411244,1.000000,0.479741,8.297395
5.760000,0.378793,-0.181281,0.410919,0.930709,-0.347883,-0.112730,0.007018,0.121018,2.408850,1.000000,0.480126,8.270952
5.765000,0.378466,-0.180764,0.410913,0.930808,-0.347620,-0.112728,0.006996,0.121018,2.406454,1.000000,0.480485,8.244802
5.770000,0.378139,-0.180244,0.410907,0.930908,-0.347353,-0.112731,0.006972,0.121019,2.404057,1.000000,0.480787,8.218679
5.775000,0.377814,-0.179719,0.410900,0.931009,-0.347080,-0.112739,0.006946,0.121020,2.401658,1.000000,0.481036,8.192845
5.780000,0.377489,-0.179190,0.410893,0.931110,-0.346804,-0.112750,0.006919,0.121021,2.399259,1.000000,0.481207,8.167056
5.785000,0.377165,-0.178658,0.410884,0.931214,-0.346522,-0.112766,0.006890,0.121022,2.396859,1.000000,0.481096,8.138582
5.790000,0.376842,-0.178121,0.410875,0.931318,-0.346235,-0.112787,0.006859,0.121022,2.394461,1.000000,0.480945,8.110180
5.795000,0.376521,-0.177580,0.410865,0.931424,-0.345944,-0.112811,0.006827,0.121023,2.392063,1.000000,0.480780,8.081991
5.800000,0.376200,-0.177035,0.410854,0.931531,-0.345647,-0.112839,0.006793,0.121024,2.389666,1.000000,0.480602,8.053902
5.805000,0.375880,-0.176485,0.410842,0.931639,-0.345344,-0.112871,0.006758,0.121024,2.387271,1.000000,0.480410,8.025977
5.810000,0.375562,-0.175932,0.410830,0.931749,-0.345037,-0.112907,0.006721,0.121025,2.384876,1.000000,0.480196,7.998168
5.815000,0.375244,-0.175374,0.410816,0.931860,-0.344725,-0.112947,0.006683,0.121026,2.382483,1.000000,0.479956,7.970535
5.820000,0.374928,-0.174812,0.410801,0.931973,-0.344407,-0.112990,0.006644,0.121027,2.380091,1.000000,0.479470,7.940359
5.825000,0.374613,-0.174246,0.410785,0.932087,-0.344084,-0.113036,0.006603,0.121027,2.377703,1.000000,0.478919,7.910314
5.830000,0.374299,-0.173676,0.410768,0.932202,-0.343756,-0.113085,0.006562,0.121028,2.375317,1.000000,0.478366,7.880457
5.835000,0.373987,-0.173101,0.410750,0.932319,-0.343422,-0.113136,0.006520,0.121029,2.372934,1.000000,0.477833,7.850703
5.840000,0.373677,-0.172522,0.410731,0.932438,-0.343082,-0.113190,0.006477,0.121029,2.370554,1.000000,0.477336,7.821167
5.845000,0.373368,-0.171939,0.410712,0.932558,-0.342737,-0.113246,0.006433,0.121030,2.368176,1.000000,0.476864,7.791698
5.850000,0.373061,-0.171352,0.410691,0.932680,-0.342387,-0.113304,0.006389,0.121031,2.365800,1.000000,0.476417,7.762452
5.855000,0.372756,-0.170761,0.410669,0.932804,-0.342031,-0.113363,0.006345,0.121031,2.363428,1.000000,0.475810,7.731533
5.860000,0.372453,-0.170165,0.410647,0.932929,-0.341670,-0.113424,0.006300,0.121032,2.361058,1.000000,0.475171,7.700883
5.865000,0.372151,-0.169565,0.410624,0.933056,-0.341304,-0.113486,0.006255,0.121033,2.358692,1.000000,0.474526,7.670253
5.870000,0.371852,-0.168961,0.410600,0.933185,-0.340932,-0.113550,0.006210,0.121033,2.356329,1.000000,0.473947,7.640057
5.875000,0.371554,-0.168353,0.410575,0.933315,-0.340554,-0.113614,0.006166,0.121034,2.353969,1.000000,0.473384,7.609887
5.880000,0.371259,-0.167740,0.410550,0.933447,-0.340172,-0.113679,0.006122,0.121034,2.351611,1.000000,0.472804,7.579873
5.885000,0.370966,-0.167123,0.410524,0.933580,-0.339784,-0.113745,0.006078,0.121035,2.349257,1.000000,0.472222,7.549891
5.890000,0.370675,-0.166502,0.410497,0.933715,-0.339391,-0.113811,0.006034,0.121035,2.346906,1.000000,0.471506,7.519449
5.895000,0.370387,-0.165877,0.410470,0.933852,-0.338992,-0.113879,0.005991,0.121036,2.344559,1.000000,0.470616,7.489070
5.900000,0.370101,-0.165248,0.410443,0.933991,-0.338587,-0.113947,0.005948,0.121036,2.342217,1.000000,0.469622,7.458876
5.905000,0.369817,-0.164614,0.410415,0.934132,-0.338177,-0.114015,0.005905,0.121037,2.339880,1.000000,0.468559,7.428763
5.910000,0.369536,-0.163977,0.410387,0.934274,-0.337762,-0.114084,0.005863,0.121037,2.337548,1.000000,0.467483,7.398934
5.915000,0.369257,-0.163335,0.410359,0.934418,-0.337341,-0.114153,0.005821,0.121038,2.335222,1.000000,0.466381,7.369275
5.920000,0.368981,-0.162690,0.410331,0.934563,-0.336914,-0.114222,0.005780,0.121038,2.332902,1.000000,0.465211,7.339687
5.925000,0.368708,-0.162040,0.410303,0.934711,-0.336483,-0.114292,0.005739,0.121039,2.330589,1.000000,0.463798,7.308745
5.930000,0.368437,-0.161387,0.410275,0.934859,-0.336046,-0.114362,0.005699,0.121039,2.328283,1.000000,0.462302,7.277928
5.935000,0.368168,-0.160730,0.410248,0.935010,-0.335603,-0.114433,0.005660,0.121039,2.325985,1.000000,0.460748,7.247268
5.940000,0.367902,-0.160069,0.410220,0.935162,-0.335155,-0.114503,0.005622,0.121040,2.323694,1.000000,0.459158,7.216753
5.945000,0.367639,-0.159404,0.410194,0.935316,-0.334702,-0.114574,0.005585,0.121040,2.321412,1.000000,0.457548,7.186491
5.950000,0.367378,-0.158735,0.410167,0.935472,-0.334243,-0.114645,0.005549,0.121040,2.319138,1.000000,0.455865,7.156242
5.955000,0.367120,-0.158062,0.410141,0.935629,-0.333779,-0.114717,0.005514,0.121041,2.316873,1.000000,0.454086,7.125863
5.960000,0.366864,-0.157386,0.410116,0.935787,-0.333310,-0.114788,0.005481,0.121041,2.314617,1.000000,0.452164,7.095539
5.965000,0.366611,-0.156706,0.410092,0.935948,-0.332835,-0.114859,0.005448,0.121041,2.312371,1.000000,0.450155,7.065441
5.970000,0.366361,-0.156023,0.410068,0.936110,-0.332356,-0.114929,0.005418,0.121041,2.310135,1.000000,0.448071,7.035381
5.975000,0.366113,-0.155336,0.410045,0.936273,-0.331871,-0.114999,0.005389,0.121042,2.307909,1.000000,0.445972,7.005642
5.980000,0.365869,-0.154646,0.410024,0.936438,-0.331381,-0.115069,0.005362,0.121042,2.305695,1.000000,0.443802,6.975909
5.985000,0.365626,-0.153952,0.410003,0.936605,-0.330886,-0.115138,0.005337,0.121042,2.303492,1.000000,0.441525,6.946213
5.990000,0.365387,-0.153256,0.409983,0.936773,-0.330387,-0.115206,0.005313,0.121042,2.301299,1.000000,0.439340,6.917061
5.995000,0.365150,-0.152556,0.409965,0.936943,-0.329882,-0.115273,0.005292,0.121043,2.299117,1.000000,0.436974,6.888077
6.000000,0.364917,-0.151854,0.409948,0.937114,-0.329372,-0.115338,0.005274,0.121043,2.296948,1.000000,0.434489,6.859131
6.005000,0.364686,-0.151149,0.409932,0.937287,-0.328858,-0.115401,0.005257,0.121043,2.294792,1.000000,0.431965,6.830429
6.010000,0.364459,-0.150441,0.409918,0.937462,-0.328339,-0.115461,0.005244,0.121043,2.292648,1.000000,0.429385,6.801804
6.015000,0.364234,-0.149731,0.409906,0.937638,-0.327816,-0.115519,0.005233,0.121044,2.290518,1.000000,0.426717,6.773182
6.020000,0.364013,-0.149019,0.409895,0.937815,-0.327288,-0.115575,0.005224,0.121044,2.288401,1.000000,0.423979,6.744584
6.025000,0.363794,-0.148304,0.409886,0.937994,-0.326756,-0.115628,0.005219,0.121044,2.286298,1.000000,0.421043,6.715015
6.030000,0.363579,-0.147587,0.409879,0.938175,-0.326219,-0.115678,0.005215,0.121044,2.284211,1.000000,0.417978,6.685511
6.035000,0.363367,-0.146868,0.409873,0.938357,-0.325678,-0.115725,0.005215,0.121044,2.282139,1.000000,0.414871,6.656186
6.040000,0.363158,-0.146147,0.409870,0.938541,-0.325132,-0.115769,0.005218,0.121045,2.280083,1.000000,0.411745,6.627034
6.045000,0.362953,-0.145425,0.409868,0.938726,-0.324582,-0.115809,0.005223,0.121045,2.278042,1.000000,0.408554,6.597842
6.050000,0.362750,-0.144700,0.409868,0.938913,-0.324028,-0.115846,0.005231,0.121045,2.276018,1.000000,0.405292,6.568620
6.055000,0.362551,-0.143973,0.409870,0.939101,-0.323471,-0.115879,0.005242,0.121045,2.274011,1.000000,0.401986,6.539449
6.060000,0.362355,-0.143245,0.409874,0.939291,-0.322909,-0.115909,0.005255,0.121045,2.272020,1.000000,0.398433,6.509371
6.065000,0.362162,-0.142515,0.409879,0.939482,-0.322343,-0.115935,0.005272,0.121045,2.270048,1.000000,0.394795,6.479375
6.070000,0.361972,-0.141783,0.409887,0.939674,-0.321773,-0.115958,0.005291,0.121046,2.268094,1.000000,0.391129,6.449611
6.075000,0.361785,-0.141050,0.409896,0.939868,-0.321199,-0.115977,0.005313,0.121046,2.266159,1.000000,0.387386,6.419833
6.080000,0.361602,-0.140315,0.409907,0.940064,-0.320621,-0.115993,0.005337,0.121046,2.264243,1.000000,0.383537,6.389970
6.085000,0.361421,-0.139578,0.409920,0.940260,-0.320039,-0.116006,0.005365,0.121046,2.262347,1.000000,0.379366,6.360126
6.090000,0.361243,-0.138840,0.409935,0.940458,-0.319453,-0.116015,0.005394,0.121046,2.260474,1.000000,0.374782,6.330413
6.095000,0.361068,-0.138100,0.409951,0.940658,-0.318862,-0.116021,0.005427,0.121046,2.258625,1.000000,0.369607,6.299755
6.100000,0.360895,-0.137359,0.409969,0.940859,-0.318266,-0.116024,0.005462,0.121046,2.256803,1.000000,0.364144,6.269303
6.105000,0.360725,-0.136617,0.409989,0.941062,-0.317665,-0.116024,0.005499,0.121046,2.255009,1.000000,0.358439,6.238887
6.110000,0.360557,-0.135873,0.410010,0.941266,-0.317058,-0.116023,0.005539,0.121046,2.253244,1.000000,0.352534,6.208367
6.115000,0.360391,-0.135128,0.410032,0.941472,-0.316447,-0.116018,0.005582,0.121046,2.251509,1.000000,0.346512,6.177867
6.120000,0.360227,-0.134381,0.410056,0.941680,-0.315830,-0.116012,0.005627,0.121046,2.249805,1.000000,0.340445,6.147513
6.125000,0.360066,-0.133634,0.410081,0.941889,-0.315209,-0.116004,0.005674,0.121046,2.248132,1.000000,0.334042,6.115743
6.130000,0.359906,-0.132885,0.410107,0.942099,-0.314582,-0.115994,0.005723,0.121046,2.246492,1.000000,0.327635,6.083998
6.135000,0.359747,-0.132134,0.410134,0.942311,-0.313951,-0.115982,0.005775,0.121046,2.244883,1.000000,0.321208,6.052292
6.140000,0.359591,-0.131383,0.410162,0.942524,-0.313315,-0.115969,0.005829,0.121046,2.243307,1.000000,0.314733,6.020546
6.145000,0.359436,-0.130630,0.410191,0.942738,-0.312674,-0.115955,0.005884,0.121046,2.241764,1.000000,0.308212,5.988802
6.150000,0.359282,-0.129876,0.410220,0.942953,-0.312029,-0.115939,0.005942,0.121046,2.240253,1.000000,0.301664,5.957123
6.155000,0.359130,-0.129121,0.410250,0.943170,-0.311379,-0.115923,0.006001,0.121045,2.238775,1.000000,0.295086,5.925517
6.160000,0.358979,-0.128364,0.410280,0.943387,-0.310725,-0.115905,0.006062,0.121045,2.237331,1.000000,0.288325,5.893261
6.165000,0.358830,-0.127606,0.410311,0.943606,-0.310066,-0.115887,0.006125,0.121045,2.235921,1.000000,0.281591,5.861120
6.170000,0.358681,-0.126847,0.410341,0.943825,-0.309404,-0.115868,0.006189,0.121045,2.234545,1.000000,0.274818,5.828945
6.175000,0.358534,-0.126087,0.410371,0.944045,-0.308737,-0.115848,0.006255,0.121045,2.233202,1.000000,0.267995,5.796750
6.180000,0.358388,-0.125325,0.410402,0.944267,-0.308066,-0.115828,0.006322,0.121044,2.231894,1.000000,0.261125,5.764575
6.185000,0.358243,-0.124563,0.410431,0.944489,-0.307391,-0.115808,0.006390,0.121044,2.230621,1.000000,0.254208,5.732437
6.190000,0.358099,-0.123799,0.410461,0.944711,-0.306711,-0.115787,0.006459,0.121044,2.229382,1.000000,0.247257,5.700464
6.195000,0.357955,-0.123033,0.410489,0.944935,-0.306028,-0.115766,0.006530,0.121044,2.228179,1.000000,0.240069,5.667749
6.200000,0.357813,-0.122267,0.410517,0.945159,-0.305341,-0.115745,0.006602,0.121043,2.227012,1.000000,0.232888,5.635167
6.205000,0.357671,-0.121499,0.410544,0.945384,-0.304650,-0.115725,0.006674,0.121043,2.225881,1.000000,0.225714,5.602785
6.210000,0.357530,-0.120730,0.410569,0.945610,-0.303955,-0.115704,0.006748,0.121043,2.224786,1.000000,0.218483,5.570427
6.215000,0.357390,-0.119960,0.410593,0.945836,-0.303256,-0.115684,0.006823,0.121042,2.223727,1.000000,0.211179,5.538094
6.220000,0.357251,-0.119189,0.410616,0.946063,-0.302554,-0.115664,0.006898,0.121042,2.222705,1.000000,0.203827,5.505827
6.225000,0.357112,-0.118416,0.410637,0.946291,-0.301847,-0.115645,0.006975,0.121042,2.221720,1.000000,0.196446,5.473729
6.230000,0.356974,-0.117642,0.410657,0.946519,-0.301137,-0.115626,0.007052,0.121041,2.220773,1.000000,0.188712,5.440457
6.235000,0.356837,-0.116867,0.410674,0.946747,-0.300422,-0.115607,0.007130,0.121040,2.219866,1.000000,0.180949,5.407321
6.240000,0.356700,-0.116091,0.410690,0.946977,-0.299704,-0.115589,0.007209,0.121040,2.218997,1.000000,0.173146,5.374253
6.245000,0.356564,-0.115313,0.410704,0.947206,-0.298982,-0.115571,0.007289,0.121039,2.218167,1.000000,0.165360,5.341431
6.250000,0.356428,-0.114534,0.410715,0.947437,-0.298257,-0.115554,0.007369,0.121039,2.217376,1.000000,0.157538,5.308691
6.255000,0.356293,-0.113754,0.410724,0.947667,-0.297527,-0.115537,0.007451,0.121038,2.216625,1.000000,0.149645,5.275946
6.260000,0.356158,-0.112973,0.410731,0.947898,-0.296794,-0.115521,0.007533,0.121038,2.215913,1.000000,0.141709,5.243260
6.265000,0.356024,-0.112191,0.410735,0.948130,-0.296057,-0.115505,0.007616,0.121037,2.215242,1.000000,0.133545,5.210015
6.270000,0.355891,-0.111407,0.410736,0.948362,-0.295316,-0.115491,0.007700,0.121037,2.214612,1.000000,0.125351,5.176863
6.275000,0.355757,-0.110622,0.410735,0.948595,-0.294572,-0.115476,0.007785,0.121036,2.214024,1.000000,0.117123,5.143807
6.280000,0.355625,-0.109836,0.410731,0.948828,-0.293823,-0.115463,0.007871,0.121035,2.213476,1.000000,0.108855,5.110856
6.285000,0.355492,-0.109048,0.410724,0.949061,-0.293071,-0.115451,0.007957,0.121035,2.212970,1.000000,0.100551,5.078016
6.290000,0.355360,-0.108259,0.410714,0.949295,-0.292316,-0.115439,0.008044,0.121034,2.212505,1.000000,0.092212,5.045307
6.295000,0.355229,-0.107469,0.410701,0.949529,-0.291556,-0.115428,0.008133,0.121033,2.212084,1.000000,0.083627,5.012015
6.300000,0.355098,-0.106677,0.410684,0.949763,-0.290793,-0.115419,0.008222,0.121033,2.211705,1.000000,0.074995,4.978884
6.305000,0.354967,-0.105884,0.410664,0.949998,-0.290026,-0.115410,0.008312,0.121032,2.211370,1.000000,0.066309,4.945872
6.310000,0.354836,-0.105090,0.410640,0.950233,-0.289255,-0.115402,0.008403,0.121031,2.211079,1.000000,0.057577,4.913053
6.315000,0.354706,-0.104294,0.410613,0.950469,-0.288481,-0.115395,0.008495,0.121030,2.210831,1.000000,0.048799,4.880364
6.320000,0.354577,-0.103497,0.410582,0.950704,-0.287703,-0.115390,0.008588,0.121029,2.210627,1.000000,0.040034,4.848034
6.325000,0.354447,-0.102698,0.410548,0.950940,-0.286921,-0.115385,0.008682,0.121028,2.210467,1.000000,0.031219,4.815803
6.330000,0.354318,-0.101898,0.410510,0.951177,-0.286135,-0.115381,0.008778,0.121027,2.210351,1.000000,0.022371,4.783847
6.335000,0.354189,-0.101097,0.410468,0.951413,-0.285345,-0.115378,0.008874,0.121027,2.210280,1.000000,0.013446,4.752008
6.340000,0.354061,-0.100295,0.410422,0.951650,-0.284552,-0.115376,0.008973,0.121026,2.210253,1.000000,0.004527,4.720513
6.345000,0.353933,-0.099491,0.410372,0.951887,-0.283755,-0.115374,0.009073,0.121025,2.210268,1.000000,-0.004429,4.689165
6.350000,0.353806,-0.098686,0.410319,0.952125,-0.282954,-0.115373,0.009175,0.121024,2.210318,1.000000,-0.013416,4.657992
6.355000,0.353679,-0.097880,0.410262,0.952363,-0.282149,-0.115373,0.009278,0.121023,2.210405,1.000000,-0.022430,4.626959
6.360000,0.353552,-0.097073,0.410201,0.952601,-0.281341,-0.115373,0.009384,0.121022,2.210527,1.000000,-0.031494,4.596005
6.365000,0.353426,-0.096265,0.410137,0.952839,-0.280529,-0.115374,0.009492,0.121021,2.210688,1.000000,-0.041012,4.563600
6.370000,0.353300,-0.095456,0.410068,0.953078,-0.279714,-0.115375,0.009601,0.121020,2.210887,1.000000,-0.050520,4.531475
6.375000,0.353175,-0.094645,0.409996,0.953316,-0.278894,-0.115376,0.009712,0.121019,2.211123,1.000000,-0.060025,4.499605
6.380000,0.353050,-0.093833,0.409920,0.953555,-0.278071,-0.115378,0.009826,0.121017,2.211398,1.000000,-0.069548,4.467918
6.385000,0.352926,-0.093019,0.409841,0.953795,-0.277244,-0.115381,0.009941,0.121016,2.211711,1.000000,-0.079084,4.436435
6.390000,0.352802,-0.092205,0.409757,0.954034,-0.276413,-0.115384,0.010058,0.121015,2.212062,1.000000,-0.088634,4.405130
6.395000,0.352679,-0.091388,0.409671,0.954274,-0.275579,-0.115387,0.010178,0.121014,2.212452,1.000000,-0.098193,4.374044
6.400000,0.352556,-0.090571,0.409580,0.954514,-0.274740,-0.115390,0.010299,0.121013,2.212881,1.000000,-0.108118,4.341731
6.405000,0.352433,-0.089751,0.409486,0.954754,-0.273898,-0.115394,0.010423,0.121012,2.213350,1.000000,-0.118075,4.309678
6.410000,0.352312,-0.088931,0.409389,0.954995,-0.273051,-0.115398,0.010548,0.121010,2.213859,1.000000,-0.128066,4.277807
6.415000,0.352190,-0.088108,0.409288,0.955236,-0.272201,-0.115403,0.010676,0.121009,2.214408,1.000000,-0.138084,4.246199
6.420000,0.352070,-0.087284,0.409184,0.955477,-0.271347,-0.115407,0.010806,0.121008,2.214997,1.000000,-0.148119,4.214785
6.425000,0.351950,-0.086458,0.409077,0.955718,-0.270488,-0.115412,0.010938,0.121007,2.215626,1.000000,-0.158105,4.183841
6.430000,0.351831,-0.085631,0.408966,0.955959,-0.269626,-0.115416,0.011073,0.121005,2.216295,1.000000,-0.168110,4.153072
6.435000,0.351712,-0.084801,0.408853,0.956201,-0.268759,-0.115421,0.011210,0.121004,2.217004,1.000000,-0.178168,4.122191
6.440000,0.351594,-0.083970,0.408736,0.956443,-0.267888,-0.115426,0.011349,0.121002,2.217754,1.000000,-0.188285,4.091503
6.445000,0.351477,-0.083137,0.408617,0.956686,-0.267013,-0.115430,0.011492,0.121001,2.218544,1.000000,-0.198373,4.061274
6.450000,0.351361,-0.082303,0.408495,0.956928,-0.266134,-0.115434,0.011637,0.120999,2.219374,1.000000,-0.208482,4.031275
6.455000,0.351245,-0.081467,0.408370,0.957171,-0.265251,-0.115438,0.011785,0.120998,2.220245,1.000000,-0.218658,4.001436
6.460000,0.351130,-0.080629,0.408243,0.957415,-0.264364,-0.115441,0.011936,0.120996,2.221157,1.000000,-0.228860,3.971799
6.465000,0.351016,-0.079789,0.408114,0.957658,-0.263472,-0.115444,0.012090,0.120995,2.222111,1.000000,-0.239172,3.941728
6.470000,0.350903,-0.078947,0.407982,0.957902,-0.262576,-0.115447,0.012247,0.120993,2.223105,1.000000,-0.249504,3.911958
6.475000,0.350791,-0.078104,0.407848,0.958146,-0.261676,-0.115448,0.012407,0.120992,2.224141,1.000000,-0.259896,3.882376
6.480000,0.350680,-0.077259,0.407713,0.958390,-0.260771,-0.115449,0.012570,0.120990,2.225219,1.000000,-0.270325,3.853007
6.485000,0.350570,-0.076412,0.407575,0.958635,-0.259862,-0.115450,0.012737,0.120989,2.226338,1.000000,-0.280720,3.823999
6.490000,0.350461,-0.075563,0.407436,0.958880,-0.258949,-0.115449,0.012907,0.120987,2.227499,1.000000,-0.291085,3.795344
6.495000,0.350352,-0.074712,0.407295,0.959125,-0.258032,-0.115448,0.013080,0.120985,2.228702,1.000000,-0.301477,3.766889
6.500000,0.350245,-0.073860,0.407153,0.959370,-0.257110,-0.115446,0.013257,0.120984,2.229946,1.000000,-0.311974,3.737877
6.505000,0.350139,-0.073006,0.407010,0.959616,-0.256184,-0.115443,0.013437,0.120982,2.231233,1.000000,-0.322506,3.709132
6.510000,0.350034,-0.072150,0.406865,0.959861,-0.255254,-0.115438,0.013621,0.120980,2.232561,1.000000,-0.333052,3.680699
6.515000,0.349930,-0.071292,0.406719,0.960107,-0.254319,-0.115433,0.013808,0.120978,2.233932,1.000000,-0.343605,3.652534
6.520000,0.349827,-0.070432,0.406573,0.960354,-0.253380,-0.115427,0.013999,0.120977,2.235345,1.000000,-0.354146,3.624700
6.525000,0.349726,-0.069570,0.406426,0.960600,-0.252437,-0.115419,0.014193,0.120975,2.236801,1.000000,-0.364689,3.597128
6.530000,0.349625,-0.068706,0.406278,0.960847,-0.251489,-0.115410,0.014391,0.120973,2.238298,1.000000,-0.375221,3.569873
6.535000,0.349526,-0.067841,0.406129,0.961094,-0.250537,-0.115400,0.014593,0.120971,2.239838,1.000000,-0.385834,3.542487
6.540000,0.349427,-0.066974,0.405981,0.961341,-0.249581,-0.115389,0.014798,0.120969,2.241421,1.000000,-0.396518,3.515312
6.545000,0.349330,-0.066105,0.405832,0.961588,-0.248620,-0.115376,0.015007,0.120967,2.243046,1.000000,-0.407222,3.488428
6.550000,0.349234,-0.065234,0.405683,0.961835,-0.247655,-0.115363,0.015220,0.120966,2.244715,1.000000,-0.417860,3.462013
6.555000,0.349140,-0.064361,0.405534,0.962082,-0.246686,-0.115348,0.015437,0.120964,2.246425,1.000000,-0.428504,3.435908
6.560000,0.349046,-0.063487,0.405385,0.962330,-0.245713,-0.115332,0.015657,0.120962,2.248179,1.000000,-0.439194,3.410052
6.565000,0.348954,-0.062611,0.405236,0.962577,-0.244736,-0.115314,0.015881,0.120960,2.249975,1.000000,-0.449898,3.384500
6.570000,0.348863,-0.061733,0.405088,0.962825,-0.243754,-0.115296,0.016109,0.120958,2.251814,1.000000,-0.460606,3.359030
6.575000,0.348772,-0.060853,0.404940,0.963072,-0.242769,-0.115276,0.016341,0.120956,2.253696,1.000000,-0.471328,3.333900
6.580000,0.348684,-0.059971,0.404793,0.963319,-0.241779,-0.115255,0.016576,0.120954,2.255621,1.000000,-0.482010,3.309215
6.585000,0.348596,-0.059088,0.404646,0.963567,-0.240786,-0.115233,0.016814,0.120952,2.257589,1.000000,-0.492667,3.284944
6.590000,0.348509,-0.058203,0.404499,0.963814,-0.239788,-0.115209,0.017057,0.120950,2.259599,1.000000,-0.503346,3.260986
6.595000,0.348424,-0.057317,0.404354,0.964061,-0.238786,-0.115184,0.017303,0.120948,2.261652,1.000000,-0.514046,3.237358
6.600000,0.348340,-0.056429,0.404209,0.964308,-0.237781,-0.115158,0.017552,0.120946,2.263748,1.000000,-0.524740,3.214090
6.605000,0.348256,-0.055539,0.404066,0.964555,-0.236771,-0.115131,0.017805,0.120944,2.265885,1.000000,-0.535218,3.190780
6.610000,0.348174,-0.054648,0.403923,0.964802,-0.235758,-0.115102,0.018062,0.120942,2.268065,1.000000,-0.545728,3.167822
6.615000,0.348094,-0.053755,0.403782,0.965049,-0.234741,-0.115071,0.018322,0.120940,2.270287,1.000000,-0.556262,3.145242
6.620000,0.348015,-0.052861,0.403641,0.965296,-0.233720,-0.115039,0.018586,0.120937,2.272551,1.000000,-0.566817,3.123036
6.625000,0.347937,-0.051967,0.403503,0.965542,-0.232695,-0.115005,0.018855,0.120935,2.274858,1.000000,-0.577366,3.101296
6.630000,0.347860,-0.051071,0.403365,0.965788,-0.231666,-0.114968,0.019127,0.120933,2.277206,1.000000,-0.587938,3.079929
6.635000,0.347785,-0.050174,0.403230,0.966035,-0.230634,-0.114930,0.019403,0.120931,2.279595,1.000000,-0.597917,3.059208
6.640000,0.347711,-0.049276,0.403096,0.966281,-0.229598,-0.114889,0.019683,0.120929,2.282023,1.000000,-0.607869,3.038834
6.645000,0.347639,-0.048378,0.402963,0.966526,-0.228558,-0.114846,0.019968,0.120927,2.284491,1.000000,-0.617785,3.018803
6.650000,0.347569,-0.047480,0.402833,0.966772,-0.227514,-0.114800,0.020256,0.120925,2.286999,1.000000,-0.627674,2.999142
6.655000,0.347500,-0.046581,0.402704,0.967017,-0.226468,-0.114752,0.020549,0.120923,2.289546,1.000000,-0.637437,2.979991
6.660000,0.347433,-0.045682,0.402578,0.967262,-0.225417,-0.114701,0.020846,0.120921,2.292132,1.000000,-0.647154,2.961223
6.665000,0.347367,-0.044782,0.402453,0.967507,-0.224364,-0.114648,0.021147,0.120920,2.294756,1.000000,-0.656748,2.942957
6.670000,0.347303,-0.043883,0.402331,0.967751,-0.223307,-0.114591,0.021452,0.120918,2.297416,1.000000,-0.665515,2.925688
6.675000,0.347240,-0.042984,0.402211,0.967995,-0.222248,-0.114533,0.021760,0.120916,2.300110,1.000000,-0.674193,2.908690
6.680000,0.347179,-0.042085,0.402093,0.968239,-0.221185,-0.114471,0.022073,0.120914,2.302839,1.000000,-0.682682,2.892109
6.685000,0.347120,-0.041186,0.401977,0.968482,-0.220120,-0.114407,0.022390,0.120912,2.305601,1.000000,-0.691021,2.875917
6.690000,0.347062,-0.040288,0.401864,0.968724,-0.219053,-0.114341,0.022710,0.120911,2.308397,1.000000,-0.699298,2.860174
6.695000,0.347005,-0.039390,0.401753,0.968966,-0.217983,-0.114272,0.023033,0.120909,2.311225,1.000000,-0.707604,2.844900
6.700000,0.346950,-0.038493,0.401645,0.969207,-0.216911,-0.114200,0.023360,0.120907,2.314087,1.000000,-0.715808,2.829981
6.705000,0.346896,-0.037597,0.401540,0.969447,-0.215837,-0.114126,0.023691,0.120905,2.316979,1.000000,-0.723294,2.815949
6.710000,0.346844,-0.036702,0.401436,0.969687,-0.214762,-0.114049,0.024024,0.120904,2.319901,1.000000,-0.730575,2.802245
6.715000,0.346792,-0.035808,0.401336,0.969926,-0.213685,-0.113971,0.024362,0.120902,2.322851,1.000000,-0.737690,2.788889
6.720000,0.346742,-0.034915,0.401239,0.970163,-0.212607,-0.113891,0.024702,0.120900,2.325829,1.000000,-0.744664,2.775869
6.725000,0.346692,-0.034024,0.401144,0.970400,-0.211528,-0.113810,0.025047,0.120898,2.328835,1.000000,-0.751515,2.763197
6.730000,0.346643,-0.033134,0.401052,0.970635,-0.210448,-0.113727,0.025394,0.120896,2.331868,1.000000,-0.758271,2.750869
6.730200,0.346634,-0.032956,0.401034,0.970682,-0.210233,-0.113710,0.025464,0.120896,2.331989,1.000000,-0.758317,2.750375
