{
  "skill_name": "circle_1",
  "match_ms": 281.784,
  "j_end": 393,
  "s": 0.95423817,
  "t": [
    0.0492694,
    -0.10409848,
    0.0178358
  ],
  "R": [
    [
      0.94040255,
      -0.34000232,
      -0.00644
    ],
    [
      0.34003716,
      0.94039644,
      0.0054095
    ],
    [
      0.00421691,
      -0.00727694,
      0.99996463
    ]
  ]
}
