{
  "skill_name": "circle_3",
  "match_ms": 377.799,
  "j_end": 513,
  "s": 1.0743447,
  "t": [
    -0.00262302,
    -0.09458489,
    -0.03591918
  ],
  "R": [
    [
      0.96114212,
      -0.27586121,
      -0.01031569
    ],
    [
      0.27596243,
      0.96111466,
      0.0101654
    ],
    [
      0.00711032,
      -0.01261714,
      0.99989512
    ]
  ]
}
