{
  "skill_name": "circle3_2",
  "match_ms": 1780.99,
  "j_end": 338,
  "s": 1.23233112,
  "t": [
    -0.03476262,
    -0.15680623,
    -0.04742382
  ],
  "R": [
    [
      0.91228031,
      -0.37168217,
      0.1720378
    ],
    [
      0.36333257,
      0.92831161,
      0.07891127
    ],
    [
      -0.1890346,
      -0.00948226,
      0.98192464
    ]
  ]
}
