{
  "skill_name": "circle3_4",
  "match_ms": 1017.107,
  "j_end": 388,
  "s": 0.55109292,
  "t": [
    0.35282539,
    0.04329289,
    0.59506558
  ],
  "R": [
    [
      0.40163305,
      0.83328023,
      -0.37991441
    ],
    [
      -0.34408884,
      -0.24714304,
      -0.90582735
    ],
    [
      -0.84870122,
      0.49453451,
      0.18746161
    ]
  ]
}
