{
  "skill_name": "sw2_5",
  "match_ms": 1565.445,
  "j_end": 418,
  "s": 0.81799997,
  "t": [
    0.17643361,
    -0.10190652,
    0.8007117
  ],
  "R": [
    [
      0.99543491,
      0.09048505,
      -0.03036123
    ],
    [
      0.09078098,
      -0.99583451,
      0.00851156
    ],
    [
      -0.02946459,
      -0.01122892,
      -0.99950275
    ]
  ]
}
