{
  "skill_name": "sw1_3",
  "match_ms": 790.084,
  "j_end": 183,
  "s": 1.34967818,
  "t": [
    0.00964495,
    0.03369479,
    -0.14320672
  ],
  "R": [
    [
      0.99843608,
      -0.05000904,
      0.02498974
    ],
    [
      0.05040524,
      0.99860881,
      -0.01548416
    ],
    [
      -0.02418062,
      0.01671955,
      0.99956778
    ]
  ]
}
