time,x,y,z,qx,qy,qz,qw,alpha,tank_energy,passivity_lambda,passivity_power,autonomy_wrench_norm
0.000000,0.531956,0.196274,0.403097,0.963006,-0.254363,-0.064916,0.060860,0.000000,2.000000,1.000000,0.000000,0.000000
0.005000,0.531903,0.196331,0.403046,0.963018,-0.254299,-0.064964,0.060894,0.000000,2.000000,1.000000,0.000000,0.000000
0.010000,0.531850,0.196389,0.402995,0.963029,-0.254235,-0.065012,0.060929,0.000000,2.000000,1.000000,0.000000,0.000000
0.015000,0.531796,0.196446,0.402944,0.963041,-0.254171,-0.065061,0.060963,0.000000,2.000000,1.000000,0.000000,0.000000
0.020000,0.531743,0.196504,0.402893,0.963052,-0.254107,-0.065109,0.060997,0.000000,2.000000,1.000000,0.000000,0.000000
0.025000,0.531690,0.196561,0.402843,0.963064,-0.254043,-0.065157,0.061031,0.000000,2.000000,1.000000,0.000000,0.000000
0.030000,0.531623,0.196614,0.402760,0.963072,-0.253978,-0.065235,0.061087,0.000000,2.000000,1.000000,0.000000,0.000000
0.035000,0.531556,0.196667,0.402677,0.963081,-0.253913,-0.065314,0.061142,0.000000,2.000000,1.000000,0.000000,0.000000
0.040000,0.531489,0.196719,0.402594,0.963089,-0.253847,-0.065392,0.061197,0.000000,2.000000,1.000000,0.000000,0.000000
0.045000,0.531422,0.196772,0.402511,0.963097,-0.253782,-0.065470,0.061252,0.000000,2.000000,1.000000,0.000000,0.000000
0.050000,0.531356,0.196825,0.402428,0.963106,-0.253716,-0.065548,0.061307,0.000000,2.000000,1.000000,0.000000,0.000000
0.055000,0.531289,0.196877,0.402345,0.963114,-0.253651,-0.065626,0.061363,0.000000,2.000000,1.000000,0.000000,0.000000
0.060000,0.531222,0.196930,0.402262,0.963123,-0.253586,-0.065704,0.061418,0.000000,2.000000,1.000000,0.000000,0.000000
0.065000,0.531136,0.196975,0.402127,0.963126,-0.253518,-0.065834,0.061509,0.000000,2.000000,1.000000,0.000000,0.000000
0.070000,0.531050,0.197019,0.401991,0.963128,-0.253451,-0.065965,0.061601,0.000000,2.000000,1.000000,0.000000,0.000000
0.075000,0.530964,0.197064,0.401856,0.963131,-0.253384,-0.066095,0.061692,0.000000,2.000000,1.000000,0.000000,0.000000
0.080000,0.530878,0.197109,0.401721,0.963134,-0.253317,-0.066225,0.061784,0.000000,2.000000,1.000000,0.000000,0.000000
0.085000,0.530793,0.197154,0.401586,0.963137,-0.253250,-0.066355,0.061875,0.000000,2.000000,1.000000,0.000000,0.000000
0.090000,0.530707,0.197198,0.401450,0.963140,-0.253183,-0.066485,0.061967,0.000000,2.000000,1.000000,0.000000,0.000000
0.095000,0.530621,0.197243,0.401315,0.963143,-0.253116,-0.066615,0.062058,0.000000,2.000000,1.000000,0.000000,0.000000
0.100000,0.530532,0.197282,0.401160,0.963143,-0.253051,-0.066760,0.062160,0.000000,2.000000,1.000000,0.000000,0.000000
0.105000,0.530443,0.197321,0.401005,0.963143,-0.252987,-0.066905,0.062262,0.000000,2.000000,1.000000,0.000000,0.000000
0.110000,0.530353,0.197360,0.400850,0.963143,-0.252922,-0.067050,0.062363,0.000000,2.000000,1.000000,0.000000,0.000000
0.115000,0.530264,0.197399,0.400696,0.963144,-0.252858,-0.067195,0.062465,0.000000,2.000000,1.000000,0.000000,0.000000
0.120000,0.530175,0.197438,0.400541,0.963144,-0.252794,-0.067340,0.062567,0.000000,2.000000,1.000000,0.000000,0.000000
0.125000,0.530086,0.197477,0.400386,0.963144,-0.252729,-0.067485,0.062669,0.000000,2.000000,1.000000,0.000000,0.000000
0.130000,0.530004,0.197508,0.400236,0.963143,-0.252674,-0.067619,0.062763,0.000000,2.000000,1.000000,0.000000,0.000000
0.135000,0.529922,0.197538,0.400086,0.963142,-0.252619,-0.067753,0.062857,0.000000,2.000000,1.000000,0.000000,0.000000
0.140000,0.529840,0.197569,0.399935,0.963141,-0.252564,-0.067886,0.062952,0.000000,2.000000,1.000000,0.000000,0.000000
0.145000,0.529758,0.197600,0.399785,0.963139,-0.252510,-0.068020,0.063046,0.000000,2.000000,1.000000,0.000000,0.000000
0.150000,0.529675,0.197630,0.399635,0.963138,-0.252455,-0.068154,0.063140,0.000000,2.000000,1.000000,0.000000,0.000000
0.155000,0.529593,0.197661,0.399485,0.963137,-0.252400,-0.068288,0.063234,0.000000,2.000000,1.000000,0.000000,0.000000
0.160000,0.529511,0.197692,0.399335,0.963136,-0.252345,-0.068421,0.063329,0.000000,2.000000,1.000000,0.000000,0.000000
0.165000,0.529433,0.197712,0.399197,0.963133,-0.252300,-0.068546,0.063416,0.000000,2.000000,1.000000,0.000000,0.000000
0.170000,0.529355,0.197733,0.399059,0.963130,-0.252255,-0.068670,0.063503,0.000000,2.000000,1.000000,0.000000,0.000000
0.175000,0.529277,0.197753,0.398921,0.963127,-0.252210,-0.068795,0.063590,0.000000,2.000000,1.000000,0.000000,0.000000
0.180000,0.529199,0.197773,0.398783,0.963124,-0.252166,-0.068919,0.063677,0.000000,2.000000,1.000000,0.000000,0.000000
0.185000,0.529121,0.197793,0.398645,0.963121,-0.252121,-0.069043,0.063764,0.000000,2.000000,1.000000,0.000000,0.000000
0.190000,0.529043,0.197814,0.398507,0.963118,-0.252076,-0.069168,0.063851,0.000000,2.000000,1.000000,0.000000,0.000000
0.195000,0.528965,0.197834,0.398369,0.963115,-0.252031,-0.069292,0.063938,0.000000,2.000000,1.000000,0.000000,0.000000
0.200000,0.528891,0.197844,0.398245,0.963111,-0.251996,-0.069406,0.064017,0.000000,2.000000,1.000000,0.000000,0.000000
0.205000,0.528817,0.197854,0.398122,0.963107,-0.251961,-0.069520,0.064096,0.000000,2.000000,1.000000,0.000000,0.000000
0.210000,0.528743,0.197864,0.397998,0.963103,-0.251925,-0.069634,0.064174,0.000000,2.000000,1.000000,0.000000,0.000000
0.215000,0.528668,0.197873,0.397874,0.963098,-0.251890,-0.069748,0.064253,0.000000,2.000000,1.000000,0.000000,0.000000
0.220000,0.528594,0.197883,0.397751,0.963094,-0.251855,-0.069862,0.064332,0.000000,2.000000,1.000000,0.000000,0.000000
0.225000,0.528520,0.197893,0.397627,0.963090,-0.251819,-0.069976,0.064411,0.000000,2.000000,1.000000,0.000000,0.000000
0.230000,0.528446,0.197903,0.397503,0.963085,-0.251784,-0.070090,0.064489,0.000000,2.000000,1.000000,0.000000,0.000000
0.235000,0.528385,0.197900,0.397396,0.963079,-0.251764,-0.070189,0.064558,0.000000,2.000000,1.000000,0.000000,0.000000
0.240000,0.528324,0.197896,0.397289,0.963072,-0.251744,-0.070287,0.064627,0.000000,2.000000,1.000000,0.000000,0.000000
0.245000,0.528264,0.197893,0.397182,0.963074,-0.251712,-0.070305,0.064707,0.000000,2.000000,1.000000,0.000000,0.000000
0.250000,0.528203,0.197890,0.397075,0.963076,-0.251679,-0.070318,0.064785,0.000000,2.000000,1.000000,0.000000,0.000000
0.255000,0.528142,0.197886,0.396968,0.963079,-0.251646,-0.070329,0.064859,0.000000,2.000000,1.000000,0.000000,0.000000
0.260000,0.528081,0.197883,0.396861,0.963082,-0.251613,-0.070337,0.064932,0.000000,2.000000,1.000000,0.000000,0.000000
0.265000,0.528020,0.197880,0.396754,0.963086,-0.251579,-0.070343,0.065001,0.000000,2.000000,1.000000,0.000000,0.000000
0.270000,0.527977,0.197866,0.396670,0.963087,-0.251562,-0.070344,0.065052,0.000000,2.000000,1.000000,0.000000,0.000000
0.275000,0.527933,0.197852,0.396587,0.963088,-0.251544,-0.070344,0.065101,0.000000,2.000000,1.000000,0.000000,0.000000
0.280000,0.527890,0.197838,0.396503,0.963090,-0.251527,-0.070342,0.065147,0.000000,2.000000,1.000000,0.000000,0.000000
0.285000,0.527847,0.197825,0.396419,0.963092,-0.251509,-0.070339,0.065190,0.000000,2.000000,1.000000,0.000000,0.000000
0.290000,0.527803,0.197811,0.396336,0.963094,-0.251490,-0.070336,0.065230,0.000000,2.000000,1.000000,0.000000,0.000000
0.295000,0.527760,0.197797,0.396252,0.963097,-0.251471,-0.070331,0.065266,0.000000,2.000000,1.000000,0.000000,0.000000
0.300000,0.527735,0.197785,0.396202,0.963098,-0.251463,-0.070328,0.065287,0.000000,2.000000,1.000000,0.000000,0.000000
0.305000,0.527711,0.197772,0.396152,0.963099,-0.251455,-0.070324,0.065305,0.000000,2.000000,1.000000,0.000000,0.000000
0.310000,0.527686,0.197759,0.396101,0.963101,-0.251446,-0.070321,0.065321,0.000000,2.000000,1.000000,0.000000,0.000000
0.315000,0.527662,0.197747,0.396051,0.963102,-0.251437,-0.070318,0.065336,0.000000,2.000000,1.000000,0.000000,0.000000
0.320000,0.527637,0.197734,0.396001,0.963104,-0.251428,-0.070314,0.065349,0.000000,2.000000,1.000000,0.000000,0.000000
0.325000,0.527613,0.197722,0.395951,0.963106,-0.251419,-0.070312,0.065360,0.000000,2.000000,1.000000,0.000000,0.000000
0.330000,0.527588,0.197709,0.395900,0.963108,-0.251409,-0.070310,0.065369,0.000000,2.000000,1.000000,0.000000,0.000000
0.335000,0.527580,0.197703,0.395884,0.963108,-0.251408,-0.070309,0.065372,0.000000,2.000000,1.000000,0.000000,0.000000
0.340000,0.527573,0.197697,0.395867,0.963109,-0.251406,-0.070308,0.065374,0.000000,2.000000,1.000000,0.000000,0.000000
0.345000,0.527565,0.197690,0.395850,0.963109,-0.251404,-0.070308,0.065375,0.000000,2.000000,1.000000,0.000000,0.000000
0.350000,0.527557,0.197684,0.395834,0.963109,-0.251402,-0.070308,0.065376,0.000000,2.000000,1.000000,0.000000,0.000000
0.355000,0.527550,0.197678,0.395817,0.963110,-0.251400,-0.070308,0.065377,0.000000,2.000000,1.000000,0.000000,0.000000
0.360000,0.527542,0.197672,0.395801,0.963110,-0.251398,-0.070309,0.065377,0.000000,2.000000,1.000000,0.000000,0.000000
0.365000,0.527534,0.197665,0.395784,0.963111,-0.251396,-0.070310,0.065377,0.000000,2.000000,1.000000,0.000000,0.000000
0.370000,0.527533,0.197664,0.395786,0.963111,-0.251397,-0.070309,0.065376,0.000000,2.000000,1.000000,0.000000,0.000000
0.375000,0.527532,0.197662,0.395787,0.963111,-0.251398,-0.070309,0.065375,0.000000,2.000000,1.000000,0.000000,0.000000
0.380000,0.527531,0.197660,0.395789,0.963110,-0.251399,-0.070308,0.065374,0.000000,2.000000,1.000000,0.000000,0.000000
0.385000,0.527530,0.197658,0.395791,0.963110,-0.251400,-0.070308,0.065373,0.000000,2.000000,1.000000,0.000000,0.000000
0.390000,0.527529,0.197656,0.395792,0.963110,-0.251401,-0.070307,0.065372,0.000000,2.000000,1.000000,0.000000,0.000000
0.395000,0.527528,0.197655,0.395794,0.963110,-0.251402,-0.070307,0.065371,0.000000,2.000000,1.000000,0.000000,0.000000
0.400000,0.527527,0.197653,0.395796,0.963110,-0.251403,-0.070306,0.065370,0.000000,2.000000,1.000000,0.000000,0.000000
0.405000,0.527527,0.197654,0.395802,0.963110,-0.251402,-0.070302,0.065366,0.000000,2.000000,1.000000,0.000000,0.000000
0.410000,0.527526,0.197655,0.395809,0.963111,-0.251401,-0.070297,0.065362,0.000000,2.000000,1.000000,0.000000,0.000000
0.415000,0.527525,0.197656,0.395815,0.963112,-0.251400,-0.070293,0.065358,0.000000,2.000000,1.000000,0.000000,0.000000
0.420000,0.527524,0.197658,0.395821,0.963113,-0.251399,-0.070289,0.065354,0.000000,2.000000,1.000000,0.000000,0.000000
0.425000,0.527523,0.197659,0.395828,0.963114,-0.251398,-0.070285,0.065350,0.000000,2.000000,1.000000,0.000000,0.000000
0.430000,0.527522,0.197660,0.395834,0.963115,-0.251398,-0.070280,0.065346,0.000000,2.000000,1.000000,0.000000,0.000000
0.435000,0.527521,0.197661,0.395841,0.963115,-0.251397,-0.070276,0.065342,0.000000,2.000000,1.000000,0.000000,0.000000
0.440000,0.527520,0.197662,0.395845,0.963116,-0.251396,-0.070273,0.065339,0.000000,2.000000,1.000000,0.000000,0.000000
0.445000,0.527519,0.197663,0.395850,0.963117,-0.251395,-0.070270,0.065336,0.000000,2.000000,1.000000,0.000000,0.000000
0.450000,0.527518,0.197664,0.395855,0.963118,-0.251394,-0.070267,0.065333,0.000000,2.000000,1.000000,0.000000,0.000000
0.455000,0.527517,0.197664,0.395860,0.963118,-0.251393,-0.070264,0.065330,0.000000,2.000000,1.000000,0.000000,0.000000
0.460000,0.527516,0.197665,0.395865,0.963119,-0.251392,-0.070261,0.065327,0.000000,2.000000,1.000000,0.000000,0.000000
0.465000,0.527515,0.197666,0.395870,0.963120,-0.251391,-0.070258,0.065324,0.000000,2.000000,1.000000,0.000000,0.000000
0.470000,0.527514,0.197666,0.395873,0.963120,-0.251391,-0.070256,0.065321,0.000000,2.000000,1.000000,0.000000,0.000000
0.475000,0.527513,0.197666,0.395877,0.963120,-0.251391,-0.070254,0.065318,0.000000,2.000000,1.000000,0.000000,0.000000
0.480000,0.527513,0.197666,0.395881,0.963120,-0.251391,-0.070252,0.065315,0.000000,2.000000,1.000000,0.000000,0.000000
0.485000,0.527512,0.197667,0.395885,0.963121,-0.251392,-0.070250,0.065311,0.000000,2.000000,1.000000,0.000000,0.000000
0.490000,0.527511,0.197667,0.395888,0.963121,-0.251392,-0.070248,0.065308,0.000000,2.000000,1.000000,0.000000,0.000000
0.495000,0.527510,0.197667,0.395892,0.963121,-0.251392,-0.070247,0.065305,0.000000,2.000000,1.000000,0.000000,0.000000
0.500000,0.527509,0.197667,0.395896,0.963122,-0.251392,-0.070245,0.065302,0.000000,2.000000,1.000000,0.000000,0.000000
0.505000,0.527505,0.197672,0.395901,0.963123,-0.251389,-0.070245,0.065296,0.000000,2.000000,1.000000,0.000000,0.000000
0.510000,0.527500,0.197678,0.395906,0.963124,-0.251386,-0.070245,0.065290,0.000000,2.000000,1.000000,0.000000,0.000000
0.515000,0.527495,0.197683,0.395911,0.963125,-0.251383,-0.070245,0.065283,0.000000,2.000000,1.000000,0.000000,0.000000
0.520000,0.527491,0.197689,0.395917,0.963127,-0.251380,-0.070245,0.065277,0.000000,2.000000,1.000000,0.000000,0.000000
0.525000,0.527486,0.197694,0.395922,0.963128,-0.251377,-0.070245,0.065271,0.000000,2.000000,1.000000,0.000000,0.000000
0.530000,0.527482,0.197699,0.395927,0.963129,-0.251373,-0.070245,0.065265,0.000000,2.000000,1.000000,0.000000,0.000000
0.535000,0.527477,0.197705,0.395932,0.963130,-0.251370,-0.070245,0.065258,0.000000,2.000000,1.000000,0.000000,0.000000
0.540000,0.527460,0.197724,0.395940,0.963135,-0.251356,-0.070250,0.065244,0.000000,2.000000,1.000000,0.000000,0.000000
0.545000,0.527443,0.197743,0.395949,0.963139,-0.251342,-0.070256,0.065230,0.000000,2.000000,1.000000,0.000000,0.000000
0.550000,0.527426,0.197763,0.395958,0.963143,-0.251328,-0.070261,0.065216,0.000000,2.000000,1.000000,0.000000,0.000000
0.555000,0.527408,0.197782,0.395966,0.963147,-0.251314,-0.070266,0.065202,0.000000,2.000000,1.000000,0.000000,0.000000
0.560000,0.527391,0.197802,0.395975,0.963151,-0.251300,-0.070272,0.065188,0.000000,2.000000,1.000000,0.000000,0.000000
0.565000,0.527374,0.197821,0.395983,0.963156,-0.251286,-0.070277,0.065174,0.000000,2.000000,1.000000,0.000000,0.000000
0.570000,0.527357,0.197841,0.395992,0.963160,-0.251272,-0.070282,0.065160,0.000000,2.000000,1.000000,0.000000,0.000000
0.575000,0.527321,0.197871,0.396004,0.963167,-0.251245,-0.070296,0.065144,0.000000,2.000000,1.000000,0.000000,0.000000
0.580000,0.527285,0.197901,0.396016,0.963174,-0.251218,-0.070309,0.065128,0.000000,2.000000,1.000000,0.000000,0.000000
0.585000,0.527249,0.197931,0.396028,0.963181,-0.251191,-0.070322,0.065112,0.000000,2.000000,1.000000,0.000000,0.000000
0.590000,0.527213,0.197961,0.396040,0.963189,-0.251164,-0.070336,0.065096,0.000000,2.000000,1.000000,0.000000,0.000000
0.595000,0.527177,0.197992,0.396053,0.963196,-0.251137,-0.070349,0.065080,0.000000,2.000000,1.000000,0.000000,0.000000
0.600000,0.527141,0.198022,0.396065,0.963203,-0.251109,-0.070362,0.065064,0.000000,2.000000,1.000000,0.000000,0.000000
0.605000,0.527105,0.198052,0.396077,0.963210,-0.251082,-0.070376,0.065047,0.000000,2.000000,1.000000,0.000000,0.000000
0.610000,0.527040,0.198089,0.396086,0.963218,-0.251040,-0.070421,0.065048,0.000000,2.000000,1.000000,0.000000,0.000000
0.615000,0.526975,0.198126,0.396094,0.963225,-0.250998,-0.070466,0.065049,0.000000,2.000000,1.000000,0.000000,0.000000
0.620000,0.526910,0.198163,0.396103,0.963233,-0.250956,-0.070511,0.065050,0.000000,2.000000,1.000000,0.000000,0.000000
0.625000,0.526846,0.198200,0.396112,0.963241,-0.250914,-0.070556,0.065050,0.000000,2.000000,1.000000,0.000000,0.000000
0.630000,0.526781,0.198237,0.396120,0.963248,-0.250872,-0.070601,0.065051,0.000000,2.000000,1.000000,0.000000,0.000000
0.635000,0.526716,0.198274,0.396129,0.963256,-0.250830,-0.070646,0.065052,0.000000,2.000000,1.000000,0.000000,0.000000
0.640000,0.526606,0.198319,0.396127,0.963262,-0.250769,-0.070748,0.065081,0.000000,2.000000,1.000000,0.000000,0.000000
0.645000,0.526496,0.198363,0.396124,0.963268,-0.250709,-0.070850,0.065110,0.000000,2.000000,1.000000,0.000000,0.000000
0.650000,0.526386,0.198407,0.396122,0.963275,-0.250648,-0.070952,0.065139,0.000000,2.000000,1.000000,0.000000,0.000000
0.655000,0.526276,0.198452,0.396120,0.963281,-0.250588,-0.071054,0.065168,0.000000,2.000000,1.000000,0.000000,0.000000
0.660000,0.526167,0.198496,0.396118,0.963287,-0.250527,-0.071156,0.065197,0.000000,2.000000,1.000000,0.000000,0.000000
0.665000,0.526057,0.198540,0.396115,0.963293,-0.250467,-0.071258,0.065226,0.000000,2.000000,1.000000,0.000000,0.000000
0.670000,0.525947,0.198585,0.396113,0.963300,-0.250406,-0.071360,0.065255,0.000000,2.000000,1.000000,0.000000,0.000000
0.675000,0.525782,0.198636,0.396092,0.963308,-0.250319,-0.071505,0.065302,0.000000,2.000000,1.000000,0.000000,0.000000
0.680000,0.525618,0.198687,0.396070,0.963328,-0.250201,-0.071610,0.065351,0.000000,2.000000,1.000000,0.000000,0.000000
0.685000,0.525454,0.198739,0.396049,0.963348,-0.250082,-0.071716,0.065402,0.000000,2.000000,1.000000,0.000000,0.000000
0.690000,0.525289,0.198790,0.396027,0.963367,-0.249964,-0.071820,0.065453,0.000000,2.000000,1.000000,0.000000,0.000000
0.695000,0.525125,0.198841,0.396006,0.963386,-0.249846,-0.071924,0.065506,0.000000,2.000000,1.000000,0.000000,0.000000
0.700000,0.524961,0.198892,0.395984,0.963405,-0.249728,-0.072027,0.065561,0.000000,2.000000,1.000000,0.000000,0.000000
0.705000,0.524796,0.198944,0.395963,0.963424,-0.249610,-0.072130,0.065616,0.000000,2.000000,1.000000,-0.000000,0.000000
0.710000,0.524567,0.198998,0.395914,0.963449,-0.249468,-0.072250,0.065668,0.000000,2.000000,1.000000,0.000000,0.000000
0.715000,0.524338,0.199052,0.395865,0.963473,-0.249326,-0.072370,0.065721,0.000000,2.000000,1.000000,0.000000,0.000000
0.720000,0.524108,0.199106,0.395816,0.963497,-0.249184,-0.072489,0.065773,0.000000,2.000000,1.000000,0.000000,0.000000
0.725000,0.523879,0.199161,0.395767,0.963521,-0.249042,-0.072607,0.065826,0.000000,2.000000,1.000000,0.000000,0.000000
0.730000,0.523650,0.199215,0.395718,0.963546,-0.248899,-0.072725,0.065879,0.000000,2.000000,1.000000,0.000000,0.000000
0.735000,0.523420,0.199269,0.395670,0.963570,-0.248756,-0.072841,0.065931,0.000000,2.000000,1.000000,0.000000,0.000000
0.740000,0.523191,0.199323,0.395621,0.963595,-0.248612,-0.072955,0.065982,0.000000,2.000000,1.000000,0.000000,0.000000
0.745000,0.522907,0.199368,0.395553,0.963623,-0.248459,-0.073075,0.066024,0.000000,2.000000,1.000000,0.000000,0.000000
0.750000,0.522624,0.199414,0.395485,0.963651,-0.248305,-0.073193,0.066065,0.000000,2.000000,1.000000,0.000000,0.000000
0.755000,0.522340,0.199459,0.395417,0.963679,-0.248151,-0.073310,0.066106,0.000000,2.000000,1.000000,0.000000,0.000000
0.760000,0.522057,0.199504,0.395349,0.963707,-0.247996,-0.073425,0.066145,0.000000,2.000000,1.000000,0.000000,0.000000
0.765000,0.521773,0.199549,0.395281,0.963736,-0.247841,-0.073539,0.066184,0.000000,2.000000,1.000000,0.000000,0.000000
0.770000,0.521489,0.199594,0.395213,0.963765,-0.247685,-0.073652,0.066221,0.000000,2.000000,1.000000,0.000000,0.000000
0.775000,0.521206,0.199639,0.395145,0.963794,-0.247530,-0.073763,0.066257,0.000000,2.000000,1.000000,0.000000,0.000000
0.780000,0.520879,0.199662,0.395077,0.963823,-0.247376,-0.073871,0.066281,0.000000,2.000000,1.000000,0.000000,0.000000
0.785000,0.520552,0.199686,0.395010,0.963853,-0.247221,-0.073979,0.066304,0.000000,2.000000,1.000000,0.000000,0.000000
0.790000,0.520225,0.199710,0.394942,0.963883,-0.247067,-0.074085,0.066326,0.000000,2.000000,1.000000,0.000000,0.000000
0.795000,0.519898,0.199733,0.394875,0.963913,-0.246913,-0.074191,0.066347,0.000000,2.000000,1.000000,0.000000,0.000000
0.800000,0.519571,0.199757,0.394807,0.963943,-0.246758,-0.074297,0.066367,0.000000,2.000000,1.000000,0.000000,0.000000
0.805000,0.519244,0.199780,0.394739,0.963973,-0.246604,-0.074402,0.066387,0.000000,2.000000,1.000000,0.000000,0.000000
0.810000,0.518873,0.199776,0.394692,0.964003,-0.246459,-0.074501,0.066382,0.000000,2.000000,1.000000,0.000000,0.000000
0.815000,0.518502,0.199772,0.394645,0.964033,-0.246314,-0.074600,0.066376,0.000000,2.000000,1.000000,0.000000,0.000000
0.820000,0.518131,0.199768,0.394598,0.964062,-0.246169,-0.074699,0.066369,0.000000,2.000000,1.000000,0.000000,0.000000
0.825000,0.517760,0.199764,0.394551,0.964092,-0.246024,-0.074799,0.066362,0.000000,2.000000,1.000000,0.000000,0.000000
0.830000,0.517389,0.199760,0.394504,0.964122,-0.245879,-0.074900,0.066354,0.000000,2.000000,1.000000,0.000000,0.000000
0.835000,0.517019,0.199756,0.394457,0.964151,-0.245734,-0.075001,0.066346,0.000000,2.000000,1.000000,0.000000,0.000000
0.840000,0.516648,0.199752,0.394410,0.964181,-0.245589,-0.075103,0.066337,0.000000,2.000000,1.000000,0.000000,0.000000
0.845000,0.516241,0.199710,0.394383,0.964208,-0.245456,-0.075198,0.066322,0.000000,2.000000,1.000000,0.000000,0.000000
0.850000,0.515835,0.199667,0.394355,0.964236,-0.245324,-0.075294,0.066307,0.000000,2.000000,1.000000,0.000000,0.000000
0.855000,0.515429,0.199625,0.394327,0.964263,-0.245191,-0.075391,0.066291,0.000000,2.000000,1.000000,0.000000,0.000000
0.860000,0.515023,0.199583,0.394299,0.964290,-0.245058,-0.075489,0.066276,0.000000,2.000000,1.000000,0.000000,0.000000
0.865000,0.514616,0.199540,0.394271,0.964317,-0.244925,-0.075590,0.066260,0.000000,2.000000,1.000000,0.000000,0.000000
0.870000,0.514210,0.199498,0.394244,0.964344,-0.244792,-0.075692,0.066244,0.000000,2.000000,1.000000,0.000000,0.000000
0.875000,0.513804,0.199455,0.394216,0.964371,-0.244659,-0.075797,0.066227,0.000000,2.000000,1.000000,0.000000,0.000000
0.880000,0.513368,0.199373,0.394216,0.964394,-0.244543,-0.075890,0.066212,0.000000,2.000000,1.000000,0.000000,0.000000
0.885000,0.512933,0.199291,0.394217,0.964417,-0.244426,-0.075986,0.066196,0.000000,2.000000,1.000000,0.000000,0.000000
0.890000,0.512498,0.199209,0.394217,0.964440,-0.244310,-0.076084,0.066181,0.000000,2.000000,1.000000,0.000000,0.000000
0.895000,0.512062,0.199127,0.394218,0.964462,-0.244193,-0.076184,0.066165,0.000000,2.000000,1.000000,0.000000,0.000000
0.900000,0.511627,0.199045,0.394218,0.964485,-0.244077,-0.076287,0.066149,0.000000,2.000000,1.000000,0.000000,0.000000
0.905000,0.511191,0.198963,0.394218,0.964507,-0.243961,-0.076392,0.066133,0.000000,2.000000,1.000000,0.000000,0.000000
0.910000,0.510756,0.198880,0.394219,0.964529,-0.243845,-0.076500,0.066117,0.000000,2.000000,1.000000,0.000000,0.000000
0.915000,0.510307,0.198762,0.394254,0.964546,-0.243752,-0.076589,0.066102,0.000000,2.000000,1.000000,0.000000,0.000000
0.920000,0.509858,0.198644,0.394289,0.964564,-0.243659,-0.076680,0.066086,0.000000,2.000000,1.000000,0.000000,0.000000
0.925000,0.509409,0.198525,0.394325,0.964581,-0.243566,-0.076773,0.066071,0.000000,2.000000,1.000000,0.000000,0.000000
0.930000,0.508960,0.198407,0.394360,0.964598,-0.243473,-0.076869,0.066056,0.000000,2.000000,1.000000,0.000000,0.000000
0.935000,0.508511,0.198288,0.394395,0.964614,-0.243381,-0.076967,0.066040,0.000000,2.000000,1.000000,0.000000,0.000000
0.940000,0.508062,0.198170,0.394430,0.964630,-0.243290,-0.077067,0.066025,0.000000,2.000000,1.000000,0.000000,0.000000
0.945000,0.507614,0.198052,0.394465,0.964646,-0.243199,-0.077169,0.066010,0.000000,2.000000,1.000000,0.000000,0.000000
0.950000,0.507153,0.197904,0.394538,0.964658,-0.243129,-0.077249,0.065996,0.000000,2.000000,1.000000,0.000000,0.000000
0.955000,0.506693,0.197756,0.394610,0.964670,-0.243060,-0.077331,0.065983,0.000000,2.000000,1.000000,0.000000,0.000000
0.960000,0.506233,0.197609,0.394682,0.964681,-0.242992,-0.077414,0.065970,0.000000,2.000000,1.000000,0.000000,0.000000
0.965000,0.505773,0.197461,0.394754,0.964692,-0.242924,-0.077499,0.065956,0.000000,2.000000,1.000000,0.000000,0.000000
0.970000,0.505313,0.197313,0.394826,0.964703,-0.242857,-0.077586,0.065943,0.000000,2.000000,1.000000,0.000000,0.000000
0.975000,0.504853,0.197166,0.394898,0.964714,-0.242791,-0.077674,0.065930,0.000000,2.000000,1.000000,0.000000,0.000000
0.980000,0.504384,0.197003,0.395014,0.964722,-0.242745,-0.077737,0.065902,0.000000,2.000000,1.000000,0.000000,0.000000
0.985000,0.503914,0.196840,0.395130,0.964730,-0.242700,-0.077801,0.065874,0.000000,2.000000,1.000000,0.000000,0.000000
0.990000,0.503445,0.196678,0.395245,0.964738,-0.242655,-0.077866,0.065846,0.000000,2.000000,1.000000,0.000000,0.000000
0.995000,0.502976,0.196515,0.395361,0.964746,-0.242610,-0.077932,0.065818,0.000000,2.000000,1.000000,0.000000,0.000000
1.000000,0.502507,0.196352,0.395477,0.964754,-0.242566,-0.077998,0.065790,0.000000,2.000000,1.000000,0.000000,0.000000
1.005000,0.502038,0.196190,0.395592,0.964761,-0.242523,-0.078064,0.065763,0.000000,2.000000,1.000000,0.000000,0.000000
1.010000,0.501569,0.196027,0.395708,0.964769,-0.242479,-0.078131,0.065735,0.000000,2.000000,1.000000,0.000000,0.000000
1.015000,0.501100,0.195853,0.395854,0.964775,-0.242450,-0.078176,0.065689,0.000000,2.000000,1.000000,0.000000,0.000000
1.020000,0.500632,0.195680,0.396000,0.964782,-0.242422,-0.078222,0.065642,0.000000,2.000000,1.000000,0.000000,0.000000
1.025000,0.500164,0.195506,0.396145,0.964789,-0.242393,-0.078267,0.065596,0.000000,2.000000,1.000000,0.000000,0.000000
1.030000,0.499696,0.195333,0.396291,0.964795,-0.242365,-0.078313,0.065550,0.000000,2.000000,1.000000,0.000000,0.000000
1.035000,0.499227,0.195159,0.396437,0.964801,-0.242337,-0.078359,0.065503,0.000000,2.000000,1.000000,0.000000,0.000000
1.040000,0.498759,0.194986,0.396583,0.964808,-0.242309,-0.078405,0.065457,0.000000,2.000000,1.000000,0.000000,0.000000
1.045000,0.498291,0.194812,0.396729,0.964814,-0.242282,-0.078452,0.065410,0.000000,2.000000,1.000000,0.000000,0.000000
1.050000,0.497826,0.194635,0.396916,0.964822,-0.242266,-0.078467,0.065335,0.000000,2.000000,1.000000,0.000000,0.000000
1.055000,0.497361,0.194457,0.397104,0.964830,-0.242249,-0.078482,0.065260,0.000000,2.000000,1.000000,0.000000,0.000000
1.060000,0.496897,0.194280,0.397291,0.964838,-0.242233,-0.078497,0.065186,0.000000,2.000000,1.000000,0.000000,0.000000
1.065000,0.496432,0.194102,0.397478,0.964846,-0.242217,-0.078512,0.065111,0.000000,2.000000,1.000000,0.000000,0.000000
1.070000,0.495967,0.193925,0.397665,0.964854,-0.242200,-0.078527,0.065036,0.000000,2.000000,1.000000,0.000000,0.000000
1.075000,0.495502,0.193748,0.397853,0.964862,-0.242184,-0.078542,0.064961,0.000000,2.000000,1.000000,0.000000,0.000000
1.080000,0.495038,0.193570,0.398040,0.964870,-0.242168,-0.078557,0.064886,0.000000,2.000000,1.000000,0.000000,0.000000
1.085000,0.494578,0.193391,0.398262,0.964881,-0.242154,-0.078540,0.064786,0.000000,2.000000,1.000000,0.000000,0.000000
1.090000,0.494119,0.193213,0.398484,0.964893,-0.242141,-0.078523,0.064685,0.000000,2.000000,1.000000,0.000000,0.000000
1.095000,0.493659,0.193034,0.398705,0.964904,-0.242127,-0.078506,0.064585,0.000000,2.000000,1.000000,0.000000,0.000000
1.100000,0.493199,0.192856,0.398927,0.964916,-0.242113,-0.078489,0.064485,0.000000,2.000000,1.000000,0.000000,0.000000
1.105000,0.492740,0.192677,0.399149,0.964927,-0.242099,-0.078471,0.064385,0.000000,2.000000,1.000000,0.000000,0.000000
1.110000,0.492280,0.192498,0.399371,0.964939,-0.242086,-0.078454,0.064285,0.000000,2.000000,1.000000,0.000000,0.000000
1.115000,0.491821,0.192320,0.399593,0.964950,-0.242072,-0.078437,0.064184,0.000000,2.000000,1.000000,0.000000,0.000000
1.120000,0.491369,0.192138,0.399833,0.964963,-0.242064,-0.078399,0.064068,0.000000,2.000000,1.000000,0.000000,0.000000
1.125000,0.490918,0.191956,0.400074,0.964976,-0.242056,-0.078360,0.063951,0.000000,2.000000,1.000000,0.000000,0.000000
1.130000,0.490466,0.191774,0.400315,0.964989,-0.242048,-0.078322,0.063834,0.000000,2.000000,1.000000,0.000000,0.000000
1.135000,0.490015,0.191592,0.400555,0.965002,-0.242040,-0.078284,0.063717,0.000000,2.000000,1.000000,0.000000,0.000000
1.140000,0.489563,0.191410,0.400796,0.965015,-0.242031,-0.078245,0.063601,0.000000,2.000000,1.000000,0.000000,0.000000
1.145000,0.489112,0.191228,0.401036,0.965028,-0.242023,-0.078207,0.063484,0.000000,2.000000,1.000000,0.000000,0.000000
1.150000,0.488679,0.191046,0.401280,0.965040,-0.242021,-0.078157,0.063360,0.000000,2.000000,1.000000,0.000000,0.000000
1.155000,0.488246,0.190865,0.401523,0.965053,-0.242019,-0.078107,0.063236,0.000000,2.000000,1.000000,0.000000,0.000000
1.160000,0.487813,0.190683,0.401766,0.965066,-0.242017,-0.078057,0.063112,0.000000,2.000000,1.000000,0.000000,0.000000
1.165000,0.487380,0.190502,0.402009,0.965078,-0.242015,-0.078007,0.062989,0.000000,2.000000,1.000000,0.000000,0.000000
1.170000,0.486947,0.190320,0.402252,0.965091,-0.242013,-0.077957,0.062865,0.000000,2.000000,1.000000,0.000000,0.000000
1.175000,0.486514,0.190139,0.402495,0.965103,-0.242011,-0.077907,0.062741,0.000000,2.000000,1.000000,0.000000,0.000000
1.180000,0.486081,0.189957,0.402738,0.965116,-0.242009,-0.077857,0.062617,0.000000,2.000000,1.000000,0.000000,0.000000
1.185000,0.485640,0.189774,0.402976,0.965129,-0.242005,-0.077809,0.062494,0.000000,2.000000,1.000000,0.000000,0.000000
1.190000,0.485198,0.189590,0.403214,0.965142,-0.242001,-0.077761,0.062371,0.000000,2.000000,1.000000,0.000000,0.000000
1.195000,0.484756,0.189406,0.403451,0.965155,-0.241997,-0.077713,0.062247,0.000000,2.000000,1.000000,0.000000,0.000000
1.200000,0.484314,0.189223,0.403689,0.965167,-0.241993,-0.077665,0.062124,0.000000,2.000000,1.000000,0.000000,0.000000
1.205000,0.483872,0.189039,0.403927,0.965180,-0.241989,-0.077616,0.062001,0.000000,2.000000,1.000000,0.000000,0.000000
1.210000,0.483430,0.188856,0.404164,0.965193,-0.241985,-0.077568,0.061878,0.000000,2.000000,1.000000,0.000000,0.000000
1.215000,0.482988,0.188672,0.404402,0.965206,-0.241981,-0.077520,0.061755,0.000000,2.000000,1.000000,0.000000,0.000000
1.220000,0.482532,0.188485,0.404636,0.965219,-0.241974,-0.077474,0.061631,0.000000,2.000000,1.000000,0.000000,0.000000
1.225000,0.482075,0.188298,0.404870,0.965233,-0.241967,-0.077427,0.061507,0.000000,2.000000,1.000000,0.000000,0.000000
1.230000,0.481619,0.188112,0.405104,0.965246,-0.241960,-0.077381,0.061383,0.000000,2.000000,1.000000,0.000000,0.000000
1.235000,0.481162,0.187925,0.405338,0.965259,-0.241953,-0.077334,0.061259,0.000000,2.000000,1.000000,0.000000,0.000000
1.240000,0.480706,0.187738,0.405572,0.965273,-0.241947,-0.077288,0.061135,0.000000,2.000000,1.000000,0.000000,0.000000
1.245000,0.480249,0.187551,0.405805,0.965286,-0.241940,-0.077241,0.061011,0.000000,2.000000,1.000000,0.000000,0.000000
1.250000,0.479793,0.187365,0.406039,0.965299,-0.241933,-0.077194,0.060887,0.000000,2.000000,1.000000,0.000000,0.000000
1.255000,0.479343,0.187181,0.406260,0.965312,-0.241925,-0.077150,0.060766,0.000000,2.000000,1.000000,0.000000,0.000000
1.260000,0.478894,0.186998,0.406482,0.965325,-0.241918,-0.077106,0.060646,0.000000,2.000000,1.000000,0.000000,0.000000
1.265000,0.478444,0.186815,0.406703,0.965338,-0.241910,-0.077061,0.060526,0.000000,2.000000,1.000000,0.000000,0.000000
1.270000,0.477994,0.186632,0.406924,0.965351,-0.241902,-0.077017,0.060405,0.000000,2.000000,1.000000,0.000000,0.000000
1.275000,0.477545,0.186448,0.407145,0.965364,-0.241894,-0.076973,0.060285,0.000000,2.000000,1.000000,0.000000,0.000000
1.280000,0.477095,0.186265,0.407366,0.965377,-0.241887,-0.076928,0.060165,0.000000,2.000000,1.000000,0.000000,0.000000
1.285000,0.476645,0.186082,0.407588,0.965390,-0.241879,-0.076884,0.060045,0.000000,2.000000,1.000000,0.000000,0.000000
1.290000,0.476197,0.185900,0.407786,0.965402,-0.241870,-0.076852,0.059935,0.000000,2.000000,1.000000,0.000000,0.000000
1.295000,0.475748,0.185718,0.407984,0.965413,-0.241861,-0.076820,0.059825,0.000000,2.000000,1.000000,0.000000,0.000000
1.300000,0.475299,0.185535,0.408183,0.965425,-0.241852,-0.076787,0.059716,0.000000,2.000000,1.000000,0.000000,0.000000
1.305000,0.474850,0.185353,0.408381,0.965436,-0.241843,-0.076755,0.059606,0.000000,2.000000,1.000000,0.000000,0.000000
1.310000,0.474401,0.185171,0.408579,0.965448,-0.241835,-0.076723,0.059496,0.000000,2.000000,1.000000,0.000000,0.000000
1.315000,0.473952,0.184989,0.408778,0.965460,-0.241826,-0.076691,0.059387,0.000000,2.000000,1.000000,0.000000,0.000000
1.320000,0.473505,0.184808,0.408950,0.965469,-0.241816,-0.076674,0.059290,0.000000,2.000000,1.000000,0.000000,0.000000
1.325000,0.473057,0.184628,0.409123,0.965479,-0.241805,-0.076657,0.059193,0.000000,2.000000,1.000000,0.000000,0.000000
1.330000,0.472610,0.184447,0.409296,0.965489,-0.241795,-0.076639,0.059096,0.000000,2.000000,1.000000,0.000000,0.000000
1.335000,0.472162,0.184267,0.409468,0.965499,-0.241785,-0.076622,0.058999,0.000000,2.000000,1.000000,0.000000,0.000000
1.340000,0.471715,0.184086,0.409641,0.965509,-0.241775,-0.076605,0.058902,0.000000,2.000000,1.000000,0.000000,0.000000
1.345000,0.471267,0.183906,0.409813,0.965518,-0.241765,-0.076588,0.058805,0.000000,2.000000,1.000000,0.000000,0.000000
1.350000,0.470820,0.183725,0.409986,0.965528,-0.241755,-0.076571,0.058708,0.000000,2.000000,1.000000,0.000000,0.000000
1.355000,0.470369,0.183545,0.410145,0.965538,-0.241743,-0.076561,0.058617,0.000000,2.000000,1.000000,-0.000000,0.000000
1.360000,0.469917,0.183364,0.410304,0.965547,-0.241732,-0.076551,0.058525,0.000000,2.000000,1.000000,0.000000,0.000000
1.365000,0.469466,0.183183,0.410463,0.965556,-0.241720,-0.076540,0.058434,0.000000,2.000000,1.000000,0.000000,0.000000
1.370000,0.469015,0.183003,0.410621,0.965565,-0.241708,-0.076530,0.058342,0.000000,2.000000,1.000000,0.000000,0.000000
1.375000,0.468564,0.182822,0.410780,0.965575,-0.241697,-0.076520,0.058251,0.000000,2.000000,1.000000,0.000000,0.000000
1.380000,0.468112,0.182641,0.410939,0.965584,-0.241685,-0.076510,0.058160,0.000000,2.000000,1.000000,0.000000,0.000000
1.385000,0.467661,0.182461,0.411098,0.965593,-0.241673,-0.076500,0.058068,0.000000,2.000000,1.000000,0.000000,0.000000
1.390000,0.467214,0.182281,0.411241,0.965601,-0.241662,-0.076496,0.057983,0.000000,2.000000,1.000000,0.000000,0.000000
1.395000,0.466766,0.182101,0.411385,0.965610,-0.241650,-0.076492,0.057898,0.000000,2.000000,1.000000,0.000000,0.000000
1.400000,0.466319,0.181921,0.411528,0.965618,-0.241639,-0.076488,0.057813,0.000000,2.000000,1.000000,0.000000,0.000000
1.405000,0.465871,0.181742,0.411671,0.965626,-0.241627,-0.076485,0.057728,0.000000,2.000000,1.000000,0.000000,0.000000
1.410000,0.465424,0.181562,0.411814,0.965634,-0.241616,-0.076481,0.057642,0.000000,2.000000,1.000000,0.000000,0.000000
1.415000,0.464977,0.181382,0.411958,0.965643,-0.241604,-0.076477,0.057557,0.000000,2.000000,1.000000,0.000000,0.000000
1.420000,0.464529,0.181203,0.412101,0.965651,-0.241592,-0.076473,0.057472,0.000000,2.000000,1.000000,0.000000,0.000000
1.425000,0.464099,0.181027,0.412246,0.965660,-0.241583,-0.076459,0.057381,0.000000,2.000000,1.000000,0.000000,0.000000
1.430000,0.463669,0.180852,0.412392,0.965669,-0.241574,-0.076445,0.057291,0.000000,2.000000,1.000000,0.000000,0.000000
1.435000,0.463238,0.180677,0.412538,0.965678,-0.241565,-0.076430,0.057200,0.000000,2.000000,1.000000,0.000000,0.000000
1.440000,0.462808,0.180502,0.412683,0.965686,-0.241555,-0.076416,0.057109,0.000000,2.000000,1.000000,0.000000,0.000000
1.445000,0.462378,0.180326,0.412829,0.965695,-0.241546,-0.076402,0.057019,0.000000,2.000000,1.000000,0.000000,0.000000
1.450000,0.461947,0.180151,0.412975,0.965704,-0.241537,-0.076387,0.056928,0.000000,2.000000,1.000000,0.000000,0.000000
1.455000,0.461517,0.179976,0.413120,0.965713,-0.241528,-0.076373,0.056837,0.000000,2.000000,1.000000,0.000000,0.000000
1.460000,0.461100,0.179805,0.413259,0.965721,-0.241519,-0.076357,0.056748,0.000000,2.000000,1.000000,0.000000,0.000000
1.465000,0.460683,0.179635,0.413397,0.965730,-0.241511,-0.076342,0.056659,0.000000,2.000000,1.000000,0.000000,0.000000
1.470000,0.460265,0.179464,0.413536,0.965738,-0.241502,-0.076327,0.056570,0.000000,2.000000,1.000000,0.000000,0.000000
1.475000,0.459848,0.179293,0.413674,0.965747,-0.241494,-0.076311,0.056481,0.000000,2.000000,1.000000,0.000000,0.000000
1.480000,0.459431,0.179123,0.413812,0.965755,-0.241486,-0.076296,0.056391,0.000000,2.000000,1.000000,0.000000,0.000000
1.485000,0.459013,0.178952,0.413951,0.965764,-0.241477,-0.076280,0.056302,0.000000,2.000000,1.000000,0.000000,0.000000
1.490000,0.458605,0.178786,0.414075,0.965772,-0.241468,-0.076270,0.056219,0.000000,2.000000,1.000000,0.000000,0.000000
1.495000,0.458197,0.178620,0.414199,0.965780,-0.241460,-0.076260,0.056136,0.000000,2.000000,1.000000,0.000000,0.000000
1.500000,0.457789,0.178454,0.414323,0.965787,-0.241451,-0.076250,0.056054,0.000000,2.000000,1.000000,0.000000,0.000000
1.505000,0.457380,0.178288,0.414447,0.965795,-0.241442,-0.076240,0.055971,0.000000,2.000000,1.000000,0.000000,0.000000
1.510000,0.456972,0.178122,0.414571,0.965803,-0.241433,-0.076230,0.055888,0.000000,2.000000,1.000000,0.000000,0.000000
1.515000,0.456564,0.177955,0.414695,0.965811,-0.241424,-0.076220,0.055805,0.000000,2.000000,1.000000,0.000000,0.000000
1.520000,0.456155,0.177789,0.414818,0.965819,-0.241415,-0.076210,0.055722,0.000000,2.000000,1.000000,0.000000,0.000000
1.525000,0.455759,0.177628,0.414953,0.965828,-0.241407,-0.076184,0.055629,0.000000,2.000000,1.000000,0.000000,0.000000
1.530000,0.455362,0.177467,0.415088,0.965838,-0.241398,-0.076159,0.055536,0.000000,2.000000,1.000000,0.000000,0.000000
1.535000,0.454965,0.177306,0.415223,0.965847,-0.241390,-0.076133,0.055443,0.000000,2.000000,1.000000,-0.000000,0.000000
1.540000,0.454568,0.177145,0.415358,0.965857,-0.241381,-0.076108,0.055350,0.000000,2.000000,1.000000,0.000000,0.000000
1.545000,0.454171,0.176984,0.415493,0.965866,-0.241372,-0.076082,0.055257,0.000000,2.000000,1.000000,0.000000,0.000000
1.550000,0.453775,0.176823,0.415628,0.965876,-0.241364,-0.076057,0.055164,0.000000,2.000000,1.000000,0.000000,0.000000
1.555000,0.453378,0.176662,0.415762,0.965885,-0.241355,-0.076031,0.055071,0.000000,2.000000,1.000000,0.000000,0.000000
1.560000,0.452992,0.176505,0.415880,0.965894,-0.241346,-0.076014,0.054987,0.000000,2.000000,1.000000,0.000000,0.000000
1.565000,0.452605,0.176348,0.415998,0.965902,-0.241337,-0.075996,0.054903,0.000000,2.000000,1.000000,0.000000,0.000000
1.570000,0.452219,0.176192,0.416116,0.965910,-0.241329,-0.075979,0.054819,0.000000,2.000000,1.000000,0.000000,0.000000
1.575000,0.451832,0.176035,0.416234,0.965919,-0.241320,-0.075961,0.054734,0.000000,2.000000,1.000000,0.000000,0.000000
1.580000,0.451446,0.175879,0.416352,0.965927,-0.241311,-0.075944,0.054650,0.000000,2.000000,1.000000,0.000000,0.000000
1.585000,0.451060,0.175722,0.416470,0.965935,-0.241302,-0.075927,0.054566,0.000000,2.000000,1.000000,0.000000,0.000000
1.590000,0.450673,0.175565,0.416588,0.965944,-0.241293,-0.075909,0.054482,0.000000,2.000000,1.000000,0.000000,0.000000
1.595000,0.450292,0.175412,0.416690,0.965951,-0.241284,-0.075899,0.054405,0.000000,2.000000,1.000000,0.000000,0.000000
1.600000,0.449912,0.175258,0.416793,0.965958,-0.241276,-0.075890,0.054328,0.000000,2.000000,1.000000,0.000000,0.000000
1.605000,0.449531,0.175104,0.416895,0.965965,-0.241267,-0.075880,0.054252,0.000000,2.000000,1.000000,0.000000,0.000000
1.610000,0.449150,0.174950,0.416998,0.965973,-0.241258,-0.075871,0.054175,0.000000,2.000000,1.000000,0.000000,0.000000
1.615000,0.448769,0.174797,0.417100,0.965980,-0.241249,-0.075861,0.054099,0.000000,2.000000,1.000000,0.000000,0.000000
1.620000,0.448389,0.174643,0.417203,0.965987,-0.241240,-0.075851,0.054022,0.000000,2.000000,1.000000,0.000000,0.000000
1.625000,0.448008,0.174489,0.417305,0.965994,-0.241231,-0.075842,0.053946,0.000000,2.000000,1.000000,0.000000,0.000000
1.630000,0.447640,0.174339,0.417419,0.966003,-0.241224,-0.075817,0.053859,0.000000,2.000000,1.000000,0.000000,0.000000
1.635000,0.447272,0.174189,0.417532,0.966012,-0.241217,-0.075792,0.053772,0.000000,2.000000,1.000000,0.000000,0.000000
1.640000,0.446904,0.174039,0.417646,0.966020,-0.241209,-0.075767,0.053685,0.000000,2.000000,1.000000,0.000000,0.000000
1.645000,0.446537,0.173888,0.417759,0.966029,-0.241202,-0.075743,0.053598,0.000000,2.000000,1.000000,0.000000,0.000000
1.650000,0.446169,0.173738,0.417873,0.966038,-0.241195,-0.075718,0.053512,0.000000,2.000000,1.000000,0.000000,0.000000
1.655000,0.445801,0.173588,0.417987,0.966046,-0.241187,-0.075693,0.053425,0.000000,2.000000,1.000000,0.000000,0.000000
1.660000,0.445446,0.173442,0.418081,0.966053,-0.241181,-0.075679,0.053349,0.000000,2.000000,1.000000,0.000000,0.000000
1.665000,0.445091,0.173296,0.418175,0.966060,-0.241174,-0.075665,0.053273,0.000000,2.000000,1.000000,0.000000,0.000000
1.670000,0.444737,0.173149,0.418269,0.966067,-0.241168,-0.075651,0.053197,0.000000,2.000000,1.000000,0.000000,0.000000
1.675000,0.444382,0.173003,0.418363,0.966074,-0.241161,-0.075638,0.053122,0.000000,2.000000,1.000000,0.000000,0.000000
1.680000,0.444027,0.172857,0.418458,0.966081,-0.241155,-0.075624,0.053046,0.000000,2.000000,1.000000,0.000000,0.000000
1.685000,0.443673,0.172711,0.418552,0.966087,-0.241148,-0.075610,0.052970,0.000000,2.000000,1.000000,0.000000,0.000000
1.690000,0.443318,0.172564,0.418646,0.966094,-0.241142,-0.075596,0.052894,0.000000,2.000000,1.000000,0.000000,0.000000
1.695000,0.442967,0.172423,0.418724,0.966101,-0.241132,-0.075591,0.052827,0.000000,2.000000,1.000000,0.000000,0.000000
1.700000,0.442616,0.172282,0.418802,0.966107,-0.241123,-0.075587,0.052760,0.000000,2.000000,1.000000,0.000000,0.000000
1.705000,0.442266,0.172141,0.418881,0.966113,-0.241114,-0.075582,0.052693,0.000000,2.000000,1.000000,0.000000,0.000000
1.710000,0.441915,0.172000,0.418959,0.966120,-0.241104,-0.075577,0.052627,0.000000,2.000000,1.000000,0.000000,0.000000
1.715000,0.441564,0.171859,0.419037,0.966126,-0.241095,-0.075572,0.052560,0.000000,2.000000,1.000000,0.000000,0.000000
1.720000,0.441213,0.171718,0.419115,0.966133,-0.241085,-0.075567,0.052493,0.000000,2.000000,1.000000,0.000000,0.000000
1.725000,0.440863,0.171577,0.419194,0.966139,-0.241076,-0.075563,0.052426,0.000000,2.000000,1.000000,0.000000,0.000000
1.730000,0.440514,0.171436,0.419279,0.966146,-0.241066,-0.075549,0.052353,0.000000,2.000000,1.000000,0.000000,0.000000
1.735000,0.440165,0.171296,0.419364,0.966154,-0.241056,-0.075536,0.052279,0.000000,2.000000,1.000000,0.000000,0.000000
1.740000,0.439816,0.171156,0.419449,0.966161,-0.241047,-0.075522,0.052206,0.000000,2.000000,1.000000,0.000000,0.000000
1.745000,0.439467,0.171015,0.419534,0.966169,-0.241037,-0.075509,0.052133,0.000000,2.000000,1.000000,0.000000,0.000000
1.750000,0.439118,0.170875,0.419619,0.966176,-0.241027,-0.075496,0.052059,0.000000,2.000000,1.000000,0.000000,0.000000
1.755000,0.438769,0.170735,0.419704,0.966183,-0.241017,-0.075482,0.051986,0.000000,2.000000,1.000000,0.000000,0.000000
1.760000,0.438420,0.170594,0.419789,0.966191,-0.241008,-0.075469,0.051913,0.000000,2.000000,1.000000,0.000000,0.000000
1.765000,0.438065,0.170450,0.419851,0.966196,-0.240999,-0.075473,0.051852,0.000000,2.000000,1.000000,0.000000,0.000000
1.770000,0.437710,0.170306,0.419914,0.966201,-0.240991,-0.075477,0.051791,0.000000,2.000000,1.000000,0.000000,0.000000
1.775000,0.437355,0.170161,0.419976,0.966206,-0.240982,-0.075481,0.051730,0.000000,2.000000,1.000000,0.000000,0.000000
1.780000,0.437000,0.170017,0.420039,0.966211,-0.240973,-0.075484,0.051669,0.000000,2.000000,1.000000,0.000000,0.000000
1.785000,0.436645,0.169873,0.420101,0.966216,-0.240965,-0.075488,0.051609,0.000000,2.000000,1.000000,0.000000,0.000000
1.790000,0.436290,0.169729,0.420164,0.966221,-0.240956,-0.075492,0.051548,0.000000,2.000000,1.000000,0.000000,0.000000
1.795000,0.435935,0.169584,0.420226,0.966226,-0.240948,-0.075496,0.051487,0.000000,2.000000,1.000000,0.000000,0.000000
1.800000,0.435577,0.169439,0.420265,0.966230,-0.240939,-0.075517,0.051439,0.000000,2.000000,1.000000,0.000000,0.000000
1.805000,0.435218,0.169295,0.420305,0.966233,-0.240929,-0.075538,0.051391,0.000000,2.000000,1.000000,0.000000,0.000000
1.810000,0.434859,0.169150,0.420344,0.966236,-0.240920,-0.075559,0.051343,0.000000,2.000000,1.000000,0.000000,0.000000
1.815000,0.434501,0.169005,0.420383,0.966239,-0.240911,-0.075579,0.051295,0.000000,2.000000,1.000000,0.000000,0.000000
1.820000,0.434142,0.168860,0.420423,0.966243,-0.240901,-0.075600,0.051248,0.000000,2.000000,1.000000,0.000000,0.000000
1.825000,0.433783,0.168715,0.420462,0.966246,-0.240892,-0.075621,0.051200,0.000000,2.000000,1.000000,0.000000,0.000000
1.830000,0.433423,0.168567,0.420499,0.966249,-0.240885,-0.075642,0.051151,0.000000,2.000000,1.000000,0.000000,0.000000
1.835000,0.433062,0.168419,0.420536,0.966251,-0.240877,-0.075663,0.051102,0.000000,2.000000,1.000000,0.000000,0.000000
1.840000,0.432702,0.168271,0.420573,0.966254,-0.240870,-0.075684,0.051054,0.000000,2.000000,1.000000,0.000000,0.000000
1.845000,0.432341,0.168123,0.420610,0.966257,-0.240863,-0.075704,0.051005,0.000000,2.000000,1.000000,0.000000,0.000000
1.850000,0.431980,0.167975,0.420647,0.966260,-0.240855,-0.075725,0.050957,0.000000,2.000000,1.000000,0.000000,0.000000
1.855000,0.431620,0.167827,0.420684,0.966262,-0.240848,-0.075746,0.050908,0.000000,2.000000,1.000000,0.000000,0.000000
1.860000,0.431259,0.167679,0.420721,0.966265,-0.240841,-0.075767,0.050860,0.000000,2.000000,1.000000,0.000000,0.000000
1.865000,0.430891,0.167527,0.420750,0.966267,-0.240834,-0.075792,0.050813,0.000000,2.000000,1.000000,0.000000,0.000000
1.870000,0.430522,0.167375,0.420778,0.966270,-0.240827,-0.075817,0.050766,0.000000,2.000000,1.000000,0.000000,0.000000
1.875000,0.430153,0.167223,0.420807,0.966272,-0.240821,-0.075841,0.050719,0.000000,2.000000,1.000000,0.000000,0.000000
1.880000,0.429785,0.167072,0.420836,0.966274,-0.240814,-0.075866,0.050672,0.000000,2.000000,1.000000,0.000000,0.000000
1.885000,0.429416,0.166920,0.420865,0.966276,-0.240807,-0.075891,0.050625,0.000000,2.000000,1.000000,0.000000,0.000000
1.890000,0.429047,0.166768,0.420894,0.966278,-0.240800,-0.075915,0.050578,0.000000,2.000000,1.000000,0.000000,0.000000
1.895000,0.428679,0.166617,0.420923,0.966281,-0.240794,-0.075940,0.050531,0.000000,2.000000,1.000000,0.000000,0.000000
1.900000,0.428316,0.166463,0.420937,0.966280,-0.240792,-0.075974,0.050491,0.000000,2.000000,1.000000,0.000000,0.000000
1.905000,0.427954,0.166309,0.420951,0.966280,-0.240790,-0.076008,0.050451,0.000000,2.000000,1.000000,0.000000,0.000000
1.910000,0.427591,0.166155,0.420965,0.966280,-0.240789,-0.076043,0.050411,0.000000,2.000000,1.000000,0.000000,0.000000
1.915000,0.427229,0.166001,0.420979,0.966280,-0.240787,-0.076077,0.050371,0.000000,2.000000,1.000000,0.000000,0.000000
1.920000,0.426866,0.165847,0.420993,0.966280,-0.240785,-0.076111,0.050332,0.000000,2.000000,1.000000,0.000000,0.000000
1.925000,0.426504,0.165693,0.421007,0.966279,-0.240784,-0.076145,0.050292,0.000000,2.000000,1.000000,0.000000,0.000000
1.930000,0.426141,0.165539,0.421021,0.966279,-0.240782,-0.076180,0.050252,0.000000,2.000000,1.000000,0.000000,0.000000
1.935000,0.425783,0.165383,0.421038,0.966279,-0.240784,-0.076209,0.050207,0.000000,2.000000,1.000000,0.000000,0.000000
1.940000,0.425425,0.165228,0.421055,0.966278,-0.240786,-0.076238,0.050162,0.000000,2.000000,1.000000,0.000000,0.000000
1.945000,0.425068,0.165072,0.421072,0.966278,-0.240788,-0.076267,0.050117,0.000000,2.000000,1.000000,0.000000,0.000000
1.950000,0.424710,0.164916,0.421089,0.966277,-0.240790,-0.076296,0.050072,0.000000,2.000000,1.000000,0.000000,0.000000
1.955000,0.424352,0.164760,0.421106,0.966277,-0.240792,-0.076325,0.050027,0.000000,2.000000,1.000000,0.000000,0.000000
1.960000,0.423994,0.164604,0.421123,0.966276,-0.240794,-0.076354,0.049982,0.000000,2.000000,1.000000,0.000000,0.000000
1.965000,0.423636,0.164448,0.421141,0.966276,-0.240796,-0.076383,0.049938,0.000000,2.000000,1.000000,0.000000,0.000000
1.970000,0.423275,0.164295,0.421167,0.966278,-0.240793,-0.076401,0.049884,0.000000,2.000000,1.000000,0.000000,0.000000
1.975000,0.422914,0.164142,0.421194,0.966280,-0.240791,-0.076418,0.049831,0.000000,2.000000,1.000000,0.000000,0.000000
1.980000,0.422552,0.163989,0.421221,0.966282,-0.240788,-0.076436,0.049777,0.000000,2.000000,1.000000,0.000000,0.000000
1.985000,0.422191,0.163836,0.421248,0.966284,-0.240786,-0.076453,0.049724,0.000000,2.000000,1.000000,0.000000,0.000000
1.990000,0.421829,0.163683,0.421274,0.966286,-0.240783,-0.076470,0.049671,0.000000,2.000000,1.000000,0.000000,0.000000
1.995000,0.421468,0.163530,0.421301,0.966288,-0.240781,-0.076488,0.049617,0.000000,2.000000,1.000000,0.000000,0.000000
2.000000,0.421115,0.163375,0.421316,0.966288,-0.240783,-0.076514,0.049571,0.000000,2.000000,1.000000,0.000000,0.000000
2.005000,0.420763,0.163221,0.421330,0.966287,-0.240786,-0.076541,0.049524,0.000000,2.000000,1.000000,0.000000,0.000000
2.010000,0.420410,0.163066,0.421345,0.966287,-0.240788,-0.076567,0.049477,0.000000,2.000000,1.000000,0.000000,0.000000
2.015000,0.420058,0.162911,0.421359,0.966287,-0.240791,-0.076593,0.049431,0.000000,2.000000,1.000000,0.000000,0.000000
2.020000,0.419705,0.162756,0.421374,0.966286,-0.240793,-0.076620,0.049384,0.000000,2.000000,1.000000,0.000000,0.000000
2.025000,0.419353,0.162601,0.421388,0.966286,-0.240795,-0.076646,0.049337,0.000000,2.000000,1.000000,0.000000,0.000000
2.030000,0.419000,0.162447,0.421403,0.966286,-0.240798,-0.076672,0.049291,0.000000,2.000000,1.000000,0.000000,0.000000
2.035000,0.418656,0.162290,0.421422,0.966285,-0.240806,-0.076690,0.049237,0.000000,2.000000,1.000000,0.000000,0.000000
2.040000,0.418312,0.162133,0.421442,0.966284,-0.240814,-0.076708,0.049183,0.000000,2.000000,1.000000,0.000000,0.000000
2.045000,0.417968,0.161976,0.421462,0.966284,-0.240822,-0.076726,0.049129,0.000000,2.000000,1.000000,0.000000,0.000000
2.050000,0.417623,0.161819,0.421482,0.966283,-0.240831,-0.076744,0.049075,0.000000,2.000000,1.000000,0.000000,0.000000
2.055000,0.417279,0.161662,0.421502,0.966282,-0.240839,-0.076761,0.049022,0.000000,2.000000,1.000000,0.000000,0.000000
2.060000,0.416935,0.161506,0.421522,0.966281,-0.240847,-0.076779,0.048968,0.000000,2.000000,1.000000,0.000000,0.000000
2.065000,0.416591,0.161349,0.421542,0.966281,-0.240853,-0.076797,0.048915,0.000000,2.000000,1.000000,0.000000,0.000000
2.070000,0.416261,0.161193,0.421581,0.966289,-0.240838,-0.076789,0.048852,0.000000,2.000000,1.000000,0.000000,0.000000
2.075000,0.415931,0.161036,0.421621,0.966296,-0.240822,-0.076781,0.048789,0.000000,2.000000,1.000000,0.000000,0.000000
2.080000,0.415601,0.160880,0.421661,0.966304,-0.240807,-0.076773,0.048726,0.000000,2.000000,1.000000,0.000000,0.000000
2.085000,0.415272,0.160724,0.421701,0.966312,-0.240792,-0.076765,0.048664,0.000000,2.000000,1.000000,0.000000,0.000000
2.090000,0.414942,0.160568,0.421741,0.966319,-0.240777,-0.076757,0.048601,0.000000,2.000000,1.000000,0.000000,0.000000
2.095000,0.414612,0.160412,0.421781,0.966327,-0.240762,-0.076749,0.048538,0.000000,2.000000,1.000000,0.000000,0.000000
2.100000,0.414282,0.160256,0.421821,0.966334,-0.240747,-0.076741,0.048475,0.000000,2.000000,1.000000,0.000000,0.000000
2.105000,0.413963,0.160094,0.421856,0.966341,-0.240732,-0.076737,0.048416,0.000000,2.000000,1.000000,0.000000,0.000000
2.110000,0.413644,0.159932,0.421891,0.966348,-0.240717,-0.076733,0.048356,0.000000,2.000000,1.000000,0.000000,0.000000
2.115000,0.413325,0.159771,0.421925,0.966355,-0.240702,-0.076730,0.048297,0.000000,2.000000,1.000000,0.000000,0.000000
2.120000,0.413006,0.159609,0.421960,0.966362,-0.240688,-0.076726,0.048238,0.000000,2.000000,1.000000,0.000000,0.000000
2.125000,0.412687,0.159447,0.421995,0.966369,-0.240673,-0.076722,0.048178,0.000000,2.000000,1.000000,0.000000,0.000000
2.130000,0.412368,0.159286,0.422030,0.966376,-0.240658,-0.076718,0.048119,0.000000,2.000000,1.000000,0.000000,0.000000
2.135000,0.412049,0.159124,0.422064,0.966383,-0.240643,-0.076715,0.048060,0.000000,2.000000,1.000000,0.000000,0.000000
2.140000,0.411735,0.158958,0.422107,0.966391,-0.240627,-0.076705,0.047994,0.000000,2.000000,1.000000,0.000000,0.000000
2.145000,0.411421,0.158791,0.422149,0.966399,-0.240611,-0.076694,0.047929,0.000000,2.000000,1.000000,0.000000,0.000000
2.150000,0.411108,0.158624,0.422191,0.966407,-0.240595,-0.076684,0.047863,0.000000,2.000000,1.000000,0.000000,0.000000
2.155000,0.410794,0.158458,0.422233,0.966415,-0.240578,-0.076674,0.047797,0.000000,2.000000,1.000000,0.000000,0.000000
2.160000,0.410481,0.158291,0.422275,0.966423,-0.240562,-0.076664,0.047732,0.000000,2.000000,1.000000,0.000000,0.000000
2.165000,0.410167,0.158125,0.422317,0.966431,-0.240546,-0.076654,0.047666,0.000000,2.000000,1.000000,0.000000,0.000000
2.170000,0.409862,0.157952,0.422374,0.966442,-0.240528,-0.076630,0.047588,0.000000,2.000000,1.000000,0.000000,0.000000
2.175000,0.409556,0.157780,0.422430,0.966452,-0.240511,-0.076606,0.047510,0.000000,2.000000,1.000000,0.000000,0.000000
2.180000,0.409251,0.157608,0.422487,0.966462,-0.240493,-0.076582,0.047433,0.000000,2.000000,1.000000,0.000000,0.000000
2.185000,0.408945,0.157436,0.422544,0.966472,-0.240475,-0.076558,0.047355,0.000000,2.000000,1.000000,0.000000,0.000000
2.190000,0.408639,0.157264,0.422600,0.966482,-0.240458,-0.076534,0.047277,0.000000,2.000000,1.000000,-0.000000,0.000000
2.195000,0.408334,0.157092,0.422657,0.966492,-0.240440,-0.076510,0.047199,0.000000,2.000000,1.000000,0.000000,0.000000
2.200000,0.408028,0.156920,0.422714,0.966502,-0.240422,-0.076486,0.047121,0.000000,2.000000,1.000000,0.000000,0.000000
2.205000,0.407720,0.156743,0.422767,0.966512,-0.240404,-0.076464,0.047043,0.000000,2.000000,1.000000,0.000000,0.000000
2.210000,0.407413,0.156566,0.422820,0.966522,-0.240386,-0.076441,0.046964,0.000000,2.000000,1.000000,0.000000,0.000000
2.215000,0.407105,0.156390,0.422873,0.966533,-0.240368,-0.076419,0.046886,0.000000,2.000000,1.000000,0.000000,0.000000
2.220000,0.406797,0.156213,0.422927,0.966543,-0.240350,-0.076396,0.046807,0.000000,2.000000,1.000000,0.000000,0.000000
2.225000,0.406489,0.156036,0.422980,0.966553,-0.240332,-0.076374,0.046729,0.000000,2.000000,1.000000,0.000000,0.000000
2.230000,0.406181,0.155859,0.423033,0.966563,-0.240314,-0.076351,0.046651,0.000000,2.000000,1.000000,0.000000,0.000000
2.235000,0.405874,0.155683,0.423087,0.966573,-0.240296,-0.076329,0.046572,0.000000,2.000000,1.000000,0.000000,0.000000
2.240000,0.405562,0.155503,0.423125,0.966581,-0.240278,-0.076319,0.046501,0.000000,2.000000,1.000000,0.000000,0.000000
2.245000,0.405251,0.155322,0.423164,0.966590,-0.240261,-0.076308,0.046429,0.000000,2.000000,1.000000,0.000000,0.000000
2.250000,0.404939,0.155142,0.423203,0.966599,-0.240243,-0.076297,0.046358,0.000000,2.000000,1.000000,0.000000,0.000000
2.255000,0.404628,0.154962,0.423242,0.966607,-0.240226,-0.076287,0.046286,0.000000,2.000000,1.000000,0.000000,0.000000
2.260000,0.404317,0.154782,0.423280,0.966616,-0.240208,-0.076276,0.046215,0.000000,2.000000,1.000000,0.000000,0.000000
2.265000,0.404005,0.154601,0.423319,0.966624,-0.240190,-0.076266,0.046143,0.000000,2.000000,1.000000,0.000000,0.000000
2.270000,0.403694,0.154421,0.423358,0.966633,-0.240173,-0.076256,0.046072,0.000000,2.000000,1.000000,0.000000,0.000000
2.275000,0.403377,0.154242,0.423397,0.966642,-0.240154,-0.076243,0.045996,0.000000,2.000000,1.000000,0.000000,0.000000
2.280000,0.403060,0.154062,0.423436,0.966652,-0.240136,-0.076230,0.045920,0.000000,2.000000,1.000000,0.000000,0.000000
2.285000,0.402744,0.153883,0.423475,0.966661,-0.240117,-0.076218,0.045844,0.000000,2.000000,1.000000,0.000000,0.000000
2.290000,0.402427,0.153703,0.423514,0.966670,-0.240099,-0.076205,0.045768,0.000000,2.000000,1.000000,0.000000,0.000000
2.295000,0.402110,0.153523,0.423554,0.966679,-0.240080,-0.076192,0.045692,0.000000,2.000000,1.000000,0.000000,0.000000
2.300000,0.401793,0.153344,0.423593,0.966688,-0.240061,-0.076179,0.045616,0.000000,2.000000,1.000000,0.000000,0.000000
2.305000,0.401477,0.153164,0.423632,0.966698,-0.240043,-0.076167,0.045540,0.000000,2.000000,1.000000,0.000000,0.000000
2.310000,0.401157,0.152995,0.423675,0.966708,-0.240024,-0.076146,0.045459,0.000000,2.000000,1.000000,0.000000,0.000000
2.315000,0.400838,0.152825,0.423719,0.966718,-0.240005,-0.076125,0.045378,0.000000,2.000000,1.000000,0.000000,0.000000
2.320000,0.400519,0.152656,0.423762,0.966728,-0.239986,-0.076104,0.045297,0.000000,2.000000,1.000000,0.000000,0.000000
2.325000,0.400200,0.152486,0.423806,0.966738,-0.239967,-0.076083,0.045216,0.000000,2.000000,1.000000,0.000000,0.000000
2.330000,0.399881,0.152316,0.423849,0.966748,-0.239948,-0.076061,0.045135,0.000000,2.000000,1.000000,0.000000,0.000000
2.335000,0.399561,0.152147,0.423893,0.966759,-0.239929,-0.076040,0.045054,0.000000,2.000000,1.000000,0.000000,0.000000
2.340000,0.399238,0.151989,0.423922,0.966767,-0.239911,-0.076027,0.044982,0.000000,2.000000,1.000000,0.000000,0.000000
2.345000,0.398915,0.151832,0.423952,0.966776,-0.239893,-0.076014,0.044910,0.000000,2.000000,1.000000,0.000000,0.000000
2.350000,0.398592,0.151674,0.423981,0.966785,-0.239876,-0.076001,0.044839,0.000000,2.000000,1.000000,0.000000,0.000000
2.355000,0.398269,0.151517,0.424010,0.966794,-0.239858,-0.075988,0.044767,0.000000,2.000000,1.000000,0.000000,0.000000
2.360000,0.397946,0.151359,0.424040,0.966802,-0.239840,-0.075974,0.044695,0.000000,2.000000,1.000000,0.000000,0.000000
2.365000,0.397623,0.151201,0.424069,0.966811,-0.239822,-0.075961,0.044623,0.000000,2.000000,1.000000,0.000000,0.000000
2.370000,0.397300,0.151044,0.424098,0.966820,-0.239805,-0.075947,0.044551,0.000000,2.000000,1.000000,0.000000,0.000000
2.375000,0.396969,0.150903,0.424134,0.966830,-0.239786,-0.075924,0.044473,0.000000,2.000000,1.000000,0.000000,0.000000
2.380000,0.396638,0.150762,0.424169,0.966840,-0.239767,-0.075900,0.044394,0.000000,2.000000,1.000000,0.000000,0.000000
2.385000,0.396306,0.150621,0.424204,0.966850,-0.239748,-0.075877,0.044315,0.000000,2.000000,1.000000,0.000000,0.000000
2.390000,0.395975,0.150481,0.424240,0.966860,-0.239730,-0.075853,0.044236,0.000000,2.000000,1.000000,0.000000,0.000000
2.395000,0.395644,0.150340,0.424275,0.966871,-0.239711,-0.075829,0.044158,0.000000,2.000000,1.000000,0.000000,0.000000
2.400000,0.395312,0.150199,0.424310,0.966881,-0.239692,-0.075805,0.044079,0.000000,2.000000,1.000000,0.000000,0.000000
2.405000,0.394981,0.150058,0.424345,0.966891,-0.239673,-0.075781,0.044000,0.000000,2.000000,1.000000,0.000000,0.000000
2.410000,0.394644,0.149928,0.424387,0.966902,-0.239653,-0.075748,0.043914,0.000000,2.000000,1.000000,0.000000,0.000000
2.415000,0.394306,0.149798,0.424429,0.966914,-0.239633,-0.075714,0.043828,0.000000,2.000000,1.000000,0.000000,0.000000
2.420000,0.393969,0.149668,0.424471,0.966925,-0.239614,-0.075681,0.043742,0.000000,2.000000,1.000000,0.000000,0.000000
2.425000,0.393632,0.149538,0.424512,0.966937,-0.239594,-0.075647,0.043656,0.000000,2.000000,1.000000,0.000000,0.000000
2.430000,0.393295,0.149408,0.424554,0.966948,-0.239574,-0.075614,0.043570,0.000000,2.000000,1.000000,0.000000,0.000000
2.435000,0.392957,0.149278,0.424596,0.966959,-0.239554,-0.075580,0.043484,0.000000,2.000000,1.000000,0.000000,0.000000
2.440000,0.392620,0.149148,0.424638,0.966971,-0.239534,-0.075547,0.043398,0.000000,2.000000,1.000000,0.000000,0.000000
2.445000,0.392287,0.149022,0.424683,0.966983,-0.239514,-0.075506,0.043308,0.000000,2.000000,1.000000,0.000000,0.000000
2.450000,0.391954,0.148896,0.424728,0.966995,-0.239494,-0.075466,0.043218,0.000000,2.000000,1.000000,0.000000,0.000000
2.455000,0.391620,0.148770,0.424773,0.967007,-0.239474,-0.075425,0.043127,0.000000,2.000000,1.000000,0.000000,0.000000
2.460000,0.391287,0.148644,0.424819,0.967020,-0.239454,-0.075385,0.043037,0.000000,2.000000,1.000000,0.000000,0.000000
2.465000,0.390954,0.148518,0.424864,0.967032,-0.239434,-0.075345,0.042947,0.000000,2.000000,1.000000,0.000000,0.000000
2.470000,0.390621,0.148392,0.424909,0.967044,-0.239413,-0.075304,0.042857,0.000000,2.000000,1.000000,0.000000,0.000000
2.475000,0.390287,0.148266,0.424954,0.967056,-0.239393,-0.075264,0.042766,0.000000,2.000000,1.000000,0.000000,0.000000
2.480000,0.389959,0.148138,0.425007,0.967069,-0.239373,-0.075213,0.042670,0.000000,2.000000,1.000000,0.000000,0.000000
2.485000,0.389630,0.148011,0.425059,0.967083,-0.239352,-0.075163,0.042573,0.000000,2.000000,1.000000,0.000000,0.000000
2.490000,0.389302,0.147884,0.425112,0.967096,-0.239332,-0.075112,0.042477,0.000000,2.000000,1.000000,0.000000,0.000000
2.495000,0.388973,0.147757,0.425164,0.967109,-0.239311,-0.075062,0.042380,0.000000,2.000000,1.000000,0.000000,0.000000
2.500000,0.388645,0.147630,0.425217,0.967122,-0.239291,-0.075012,0.042284,0.000000,2.000000,1.000000,0.000000,0.000000
2.505000,0.388316,0.147502,0.425269,0.967135,-0.239270,-0.074961,0.042187,0.000000,2.000000,1.000000,0.000000,0.000000
2.510000,0.387991,0.147371,0.425332,0.967150,-0.239249,-0.074898,0.042083,0.000000,2.000000,1.000000,0.000000,0.000000
2.515000,0.387666,0.147240,0.425394,0.967165,-0.239229,-0.074835,0.041978,0.000000,2.000000,1.000000,0.000000,0.000000
2.520000,0.387341,0.147109,0.425457,0.967179,-0.239208,-0.074772,0.041873,0.000000,2.000000,1.000000,0.000000,0.000000
2.525000,0.387016,0.146978,0.425520,0.967194,-0.239187,-0.074709,0.041768,0.000000,2.000000,1.000000,0.000000,0.000000
2.530000,0.386691,0.146848,0.425582,0.967208,-0.239166,-0.074646,0.041663,0.000000,2.000000,1.000000,0.000000,0.000000
2.535000,0.386366,0.146717,0.425645,0.967223,-0.239146,-0.074583,0.041558,0.000000,2.000000,1.000000,0.000000,0.000000
2.540000,0.386041,0.146586,0.425707,0.967237,-0.239125,-0.074520,0.041454,0.000000,2.000000,1.000000,0.000000,0.000000
2.545000,0.385724,0.146447,0.425780,0.967253,-0.239104,-0.074444,0.041341,0.000000,2.000000,1.000000,0.000000,0.000000
2.550000,0.385406,0.146308,0.425853,0.967269,-0.239083,-0.074368,0.041228,0.000000,2.000000,1.000000,0.000000,0.000000
2.555000,0.385088,0.146170,0.425927,0.967284,-0.239063,-0.074292,0.041116,0.000000,2.000000,1.000000,0.000000,0.000000
2.560000,0.384771,0.146031,0.426000,0.967300,-0.239042,-0.074216,0.041003,0.000000,2.000000,1.000000,0.000000,0.000000
2.565000,0.384453,0.145892,0.426073,0.967316,-0.239022,-0.074140,0.040890,0.000000,2.000000,1.000000,0.000000,0.000000
2.570000,0.384135,0.145754,0.426146,0.967332,-0.239001,-0.074064,0.040777,0.000000,2.000000,1.000000,0.000000,0.000000
2.575000,0.383818,0.145615,0.426219,0.967347,-0.238981,-0.073987,0.040664,0.000000,2.000000,1.000000,0.000000,0.000000
2.580000,0.383507,0.145467,0.426312,0.967365,-0.238960,-0.073889,0.040538,0.000000,2.000000,1.000000,-0.000000,0.000000
2.585000,0.383196,0.145318,0.426405,0.967383,-0.238939,-0.073790,0.040411,0.000000,2.000000,1.000000,0.000000,0.000000
2.590000,0.382885,0.145170,0.426498,0.967401,-0.238919,-0.073691,0.040285,0.000000,2.000000,1.000000,0.000000,0.000000
2.595000,0.382574,0.145022,0.426592,0.967419,-0.238898,-0.073592,0.040158,0.000000,2.000000,1.000000,0.000000,0.000000
2.600000,0.382263,0.144873,0.426685,0.967437,-0.238878,-0.073493,0.040031,0.000000,2.000000,1.000000,0.000000,0.000000
2.605000,0.381952,0.144725,0.426778,0.967454,-0.238857,-0.073395,0.039905,0.000000,2.000000,1.000000,0.000000,0.000000
2.610000,0.381640,0.144577,0.426871,0.967472,-0.238837,-0.073296,0.039778,0.000000,2.000000,1.000000,0.000000,0.000000
2.615000,0.381329,0.144420,0.426970,0.967491,-0.238817,-0.073187,0.039647,0.000000,2.000000,1.000000,0.000000,0.000000
2.620000,0.381017,0.144263,0.427069,0.967509,-0.238797,-0.073078,0.039516,0.000000,2.000000,1.000000,0.000000,0.000000
2.625000,0.380705,0.144106,0.427168,0.967528,-0.238777,-0.072969,0.039384,0.000000,2.000000,1.000000,0.000000,0.000000
2.630000,0.380393,0.143949,0.427267,0.967546,-0.238757,-0.072859,0.039253,0.000000,2.000000,1.000000,0.000000,0.000000
2.635000,0.380081,0.143792,0.427366,0.967565,-0.238737,-0.072751,0.039122,0.000000,2.000000,1.000000,0.000000,0.000000
2.640000,0.379769,0.143635,0.427465,0.967583,-0.238717,-0.072642,0.038990,0.000000,2.000000,1.000000,0.000000,0.000000
2.645000,0.379457,0.143478,0.427564,0.967601,-0.238697,-0.072533,0.038859,0.000000,2.000000,1.000000,0.000000,0.000000
2.650000,0.379140,0.143313,0.427661,0.967620,-0.238677,-0.072421,0.038726,0.000000,2.000000,1.000000,0.000000,0.000000
2.655000,0.378824,0.143147,0.427758,0.967639,-0.238657,-0.072310,0.038594,0.000000,2.000000,1.000000,0.000000,0.000000
2.660000,0.378507,0.142981,0.427855,0.967657,-0.238637,-0.072198,0.038461,0.000000,2.000000,1.000000,0.000000,0.000000
2.665000,0.378191,0.142816,0.427952,0.967676,-0.238617,-0.072087,0.038328,0.000000,2.000000,1.000000,0.000000,0.000000
2.670000,0.377874,0.142650,0.428050,0.967694,-0.238597,-0.071976,0.038195,0.000000,2.000000,1.000000,0.000000,0.000000
2.675000,0.377558,0.142484,0.428147,0.967713,-0.238577,-0.071864,0.038062,0.000000,2.000000,1.000000,0.000000,0.000000
2.680000,0.377238,0.142312,0.428260,0.967733,-0.238556,-0.071734,0.037914,0.000000,2.000000,1.000000,0.000000,0.000000
2.685000,0.376918,0.142140,0.428373,0.967754,-0.238534,-0.071603,0.037765,0.000000,2.000000,1.000000,0.000000,0.000000
2.690000,0.376598,0.141967,0.428487,0.967775,-0.238513,-0.071473,0.037616,0.000000,2.000000,1.000000,0.000000,0.000000
2.695000,0.376278,0.141795,0.428600,0.967796,-0.238491,-0.071342,0.037468,0.000000,2.000000,1.000000,0.000000,0.000000
2.700000,0.375959,0.141622,0.428713,0.967816,-0.238470,-0.071212,0.037319,0.000000,2.000000,1.000000,0.000000,0.000000
2.705000,0.375639,0.141450,0.428827,0.967837,-0.238449,-0.071082,0.037170,0.000000,2.000000,1.000000,0.000000,0.000000
2.710000,0.375319,0.141277,0.428940,0.967857,-0.238428,-0.070952,0.037020,0.000000,2.000000,1.000000,0.000000,0.000000
2.715000,0.374988,0.141105,0.429049,0.967878,-0.238406,-0.070821,0.036868,0.000000,2.000000,1.000000,0.000000,0.000000
2.720000,0.374657,0.140932,0.429158,0.967899,-0.238384,-0.070691,0.036716,0.000000,2.000000,1.000000,0.000000,0.000000
2.725000,0.374326,0.140760,0.429267,0.967919,-0.238362,-0.070561,0.036564,0.000000,2.000000,1.000000,0.000000,0.000000
2.730000,0.373995,0.140587,0.429376,0.967940,-0.238340,-0.070431,0.036412,0.000000,2.000000,1.000000,0.000000,0.000000
2.735000,0.373664,0.140415,0.429485,0.967960,-0.238319,-0.070301,0.036259,0.000000,2.000000,1.000000,0.000000,0.000000
2.740000,0.373333,0.140242,0.429594,0.967981,-0.238297,-0.070171,0.036107,0.000000,2.000000,1.000000,0.000000,0.000000
2.745000,0.373002,0.140069,0.429703,0.968001,-0.238275,-0.070041,0.035955,0.000000,2.000000,1.000000,0.000000,0.000000
2.750000,0.372653,0.139903,0.429793,0.968021,-0.238253,-0.069924,0.035808,0.000000,2.000000,1.000000,0.000000,0.000000
2.755000,0.372305,0.139737,0.429883,0.968040,-0.238231,-0.069808,0.035661,0.000000,2.000000,1.000000,0.000000,0.000000
2.760000,0.371956,0.139570,0.429974,0.968059,-0.238209,-0.069691,0.035515,0.000000,2.000000,1.000000,0.000000,0.000000
2.765000,0.371607,0.139404,0.430064,0.968078,-0.238187,-0.069575,0.035368,0.000000,2.000000,1.000000,0.000000,0.000000
2.770000,0.371259,0.139238,0.430154,0.968097,-0.238164,-0.069459,0.035221,0.000000,2.000000,1.000000,0.000000,0.000000
2.775000,0.370910,0.139071,0.430244,0.968117,-0.238142,-0.069343,0.035074,0.000000,2.000000,1.000000,0.000000,0.000000
2.780000,0.370561,0.138905,0.430334,0.968136,-0.238119,-0.069226,0.034928,0.000000,2.000000,1.000000,0.000000,0.000000
2.785000,0.370193,0.138740,0.430426,0.968156,-0.238095,-0.069103,0.034771,0.000000,2.000000,1.000000,0.000000,0.000000
2.790000,0.369824,0.138574,0.430518,0.968177,-0.238071,-0.068979,0.034614,0.000000,2.000000,1.000000,0.000000,0.000000
2.795000,0.369455,0.138409,0.430609,0.968197,-0.238047,-0.068856,0.034457,0.000000,2.000000,1.000000,0.000000,0.000000
2.800000,0.369087,0.138243,0.430701,0.968217,-0.238023,-0.068732,0.034300,0.000000,2.000000,1.000000,0.000000,0.000000
2.805000,0.368718,0.138078,0.430793,0.968237,-0.238000,-0.068608,0.034143,0.000000,2.000000,1.000000,0.000000,0.000000
2.810000,0.368349,0.137912,0.430885,0.968257,-0.237976,-0.068485,0.033986,0.000000,2.000000,1.000000,0.000000,0.000000
2.815000,0.367981,0.137746,0.430977,0.968277,-0.237952,-0.068361,0.033829,0.000000,2.000000,1.000000,0.000000,0.000000
2.820000,0.367607,0.137581,0.431076,0.968299,-0.237928,-0.068224,0.033661,0.000000,2.000000,1.000000,0.000000,0.000000
2.825000,0.367232,0.137415,0.431176,0.968320,-0.237903,-0.068087,0.033493,0.000000,2.000000,1.000000,0.000000,0.000000
2.830000,0.366858,0.137250,0.431276,0.968342,-0.237879,-0.067949,0.033325,0.000000,2.000000,1.000000,0.000000,0.000000
2.835000,0.366484,0.137084,0.431375,0.968363,-0.237855,-0.067812,0.033157,0.000000,2.000000,1.000000,0.000000,0.000000
2.840000,0.366110,0.136919,0.431475,0.968384,-0.237831,-0.067675,0.032989,0.000000,2.000000,1.000000,0.000000,0.000000
2.845000,0.365736,0.136753,0.431575,0.968406,-0.237807,-0.067538,0.032821,0.000000,2.000000,1.000000,0.000000,0.000000
2.850000,0.365359,0.136583,0.431672,0.968427,-0.237783,-0.067396,0.032651,0.000000,2.000000,1.000000,0.000000,0.000000
2.855000,0.364982,0.136414,0.431770,0.968448,-0.237759,-0.067255,0.032481,0.000000,2.000000,1.000000,0.000000,0.000000
2.860000,0.364605,0.136244,0.431867,0.968470,-0.237736,-0.067114,0.032311,0.000000,2.000000,1.000000,0.000000,0.000000
2.865000,0.364228,0.136074,0.431965,0.968491,-0.237712,-0.066973,0.032141,0.000000,2.000000,1.000000,0.000000,0.000000
2.870000,0.363851,0.135905,0.432063,0.968512,-0.237688,-0.066832,0.031970,0.000000,2.000000,1.000000,0.000000,0.000000
2.875000,0.363474,0.135735,0.432160,0.968533,-0.237665,-0.066690,0.031800,0.000000,2.000000,1.000000,0.000000,0.000000
2.880000,0.363098,0.135566,0.432258,0.968554,-0.237641,-0.066549,0.031630,0.000000,2.000000,1.000000,0.000000,0.000000
2.885000,0.362720,0.135390,0.432360,0.968576,-0.237617,-0.066397,0.031453,0.000000,2.000000,1.000000,0.000000,0.000000
2.890000,0.362342,0.135214,0.432462,0.968598,-0.237593,-0.066245,0.031277,0.000000,2.000000,1.000000,0.000000,0.000000
2.895000,0.361965,0.135038,0.432564,0.968620,-0.237569,-0.066092,0.031100,0.000000,2.000000,1.000000,0.000000,0.000000
2.900000,0.361587,0.134862,0.432666,0.968642,-0.237546,-0.065940,0.030923,0.000000,2.000000,1.000000,0.000000,0.000000
2.905000,0.361210,0.134686,0.432768,0.968664,-0.237522,-0.065788,0.030746,0.000000,2.000000,1.000000,0.000000,0.000000
2.910000,0.360832,0.134510,0.432871,0.968686,-0.237498,-0.065635,0.030570,0.000000,2.000000,1.000000,0.000000,0.000000
2.915000,0.360455,0.134334,0.432973,0.968708,-0.237474,-0.065483,0.030393,0.000000,2.000000,1.000000,0.000000,0.000000
2.920000,0.360087,0.134149,0.433088,0.968731,-0.237450,-0.065312,0.030206,0.000000,2.000000,1.000000,0.000000,0.000000
2.925000,0.359719,0.133964,0.433204,0.968754,-0.237425,-0.065141,0.030019,0.000000,2.000000,1.000000,0.000000,0.000000
2.930000,0.359352,0.133779,0.433320,0.968777,-0.237401,-0.064970,0.029832,0.000000,2.000000,1.000000,0.000000,0.000000
2.935000,0.358984,0.133594,0.433435,0.968801,-0.237376,-0.064799,0.029646,0.000000,2.000000,1.000000,0.000000,0.000000
2.940000,0.358616,0.133409,0.433551,0.968824,-0.237352,-0.064628,0.029459,0.000000,2.000000,1.000000,0.000000,0.000000
2.945000,0.358249,0.133224,0.433667,0.968847,-0.237327,-0.064457,0.029272,0.000000,2.000000,1.000000,0.000000,0.000000
2.950000,0.357881,0.133039,0.433782,0.968870,-0.237302,-0.064286,0.029085,0.000000,2.000000,1.000000,0.000000,0.000000
2.955000,0.357528,0.132845,0.433915,0.968895,-0.237276,-0.064094,0.028887,0.000000,2.000000,1.000000,0.000000,0.000000
2.960000,0.357175,0.132651,0.434048,0.968920,-0.237250,-0.063901,0.028689,0.000000,2.000000,1.000000,0.000000,0.000000
2.965000,0.356822,0.132458,0.434181,0.968945,-0.237224,-0.063709,0.028491,0.000000,2.000000,1.000000,0.000000,0.000000
2.970000,0.356468,0.132264,0.434314,0.968970,-0.237197,-0.063518,0.028293,0.000000,2.000000,1.000000,0.000000,0.000000
2.975000,0.356115,0.132070,0.434447,0.968995,-0.237170,-0.063326,0.028095,0.000000,2.000000,1.000000,0.000000,0.000000
2.980000,0.355762,0.131877,0.434580,0.969020,-0.237143,-0.063134,0.027897,0.000000,2.000000,1.000000,0.000000,0.000000
2.985000,0.355409,0.131683,0.434713,0.969045,-0.237115,-0.062943,0.027699,0.000000,2.000000,1.000000,0.000000,0.000000
2.990000,0.355077,0.131491,0.434854,0.969070,-0.237087,-0.062742,0.027500,0.000000,2.000000,1.000000,0.000000,0.000000
2.995000,0.354745,0.131298,0.434994,0.969096,-0.237059,-0.062541,0.027301,0.000000,2.000000,1.000000,0.000000,0.000000
3.000000,0.354413,0.131105,0.435134,0.969121,-0.237029,-0.062341,0.027102,0.000000,2.000000,1.000000,0.000000,0.000000
3.005000,0.354081,0.130913,0.435274,0.969147,-0.237000,-0.062140,0.026904,0.000000,2.000000,1.000000,0.000000,0.000000
3.010000,0.353749,0.130720,0.435414,0.969173,-0.236969,-0.061941,0.026705,0.000000,2.000000,1.000000,0.000000,0.000000
3.015000,0.353417,0.130528,0.435554,0.969199,-0.236937,-0.061741,0.026507,0.000000,2.000000,1.000000,0.000000,0.000000
3.020000,0.353100,0.130338,0.435719,0.969227,-0.236902,-0.061516,0.026293,0.000000,2.000000,1.000000,0.000000,0.000000
3.025000,0.352783,0.130149,0.435883,0.969256,-0.236867,-0.061291,0.026079,0.000000,2.000000,1.000000,0.000000,0.000000
3.030000,0.352466,0.129959,0.436047,0.969285,-0.236830,-0.061067,0.025865,0.000000,2.000000,1.000000,0.000000,0.000000
3.035000,0.352148,0.129769,0.436211,0.969314,-0.236793,-0.060843,0.025651,0.000000,2.000000,1.000000,0.000000,0.000000
3.040000,0.351831,0.129580,0.436376,0.969343,-0.236754,-0.060619,0.025437,0.000000,2.000000,1.000000,0.000000,0.000000
3.045000,0.351514,0.129390,0.436540,0.969372,-0.236715,-0.060397,0.025224,0.000000,2.000000,1.000000,0.000000,0.000000
3.050000,0.351197,0.129201,0.436704,0.969401,-0.236674,-0.060175,0.025010,0.000000,2.000000,1.000000,0.000000,0.000000
3.055000,0.350893,0.129012,0.436885,0.969433,-0.236629,-0.059938,0.024782,0.000000,2.000000,1.000000,0.000000,0.000000
3.060000,0.350588,0.128823,0.437065,0.969465,-0.236582,-0.059702,0.024554,0.000000,2.000000,1.000000,0.000000,0.000000
3.065000,0.350284,0.128634,0.437246,0.969496,-0.236535,-0.059466,0.024327,0.000000,2.000000,1.000000,0.000000,0.000000
3.070000,0.349980,0.128445,0.437426,0.969528,-0.236486,-0.059232,0.024099,0.000000,2.000000,1.000000,0.000000,0.000000
3.075000,0.349675,0.128256,0.437607,0.969560,-0.236436,-0.058998,0.023871,0.000000,2.000000,1.000000,0.000000,0.000000
3.080000,0.349371,0.128066,0.437787,0.969593,-0.236385,-0.058766,0.023644,0.000000,2.000000,1.000000,0.000000,0.000000
3.085000,0.349067,0.127877,0.437968,0.969625,-0.236332,-0.058534,0.023416,0.000000,2.000000,1.000000,0.000000,0.000000
3.090000,0.348778,0.127697,0.438150,0.969658,-0.236276,-0.058304,0.023184,0.000000,2.000000,1.000000,0.000000,0.000000
3.095000,0.348489,0.127516,0.438332,0.969691,-0.236220,-0.058075,0.022952,0.000000,2.000000,1.000000,0.000000,0.000000
3.100000,0.348200,0.127336,0.438514,0.969724,-0.236162,-0.057847,0.022721,0.000000,2.000000,1.000000,0.000000,0.000000
3.105000,0.347911,0.127155,0.438696,0.969758,-0.236103,-0.057620,0.022489,0.000000,2.000000,1.000000,0.000000,0.000000
3.110000,0.347623,0.126975,0.438878,0.969791,-0.236042,-0.057394,0.022258,0.000000,2.000000,1.000000,0.000000,0.000000
3.115000,0.347334,0.126794,0.439060,0.969825,-0.235980,-0.057169,0.022027,0.000000,2.000000,1.000000,0.000000,0.000000
3.120000,0.347045,0.126613,0.439242,0.969859,-0.235916,-0.056945,0.021796,0.000000,2.000000,1.000000,0.000000,0.000000
3.125000,0.346759,0.126445,0.439417,0.969892,-0.235852,-0.056724,0.021568,0.000000,2.000000,1.000000,0.000000,0.000000
3.130000,0.346473,0.126277,0.439592,0.969926,-0.235786,-0.056504,0.021341,0.000000,2.000000,1.000000,0.000000,0.000000
3.135000,0.346188,0.126109,0.439767,0.969960,-0.235719,-0.056285,0.021113,0.000000,2.000000,1.000000,0.000000,0.000000
3.140000,0.345902,0.125941,0.439943,0.969994,-0.235651,-0.056067,0.020886,0.000000,2.000000,1.000000,0.000000,0.000000
3.145000,0.345616,0.125773,0.440118,0.970028,-0.235582,-0.055850,0.020660,0.000000,2.000000,1.000000,0.000000,0.000000
3.150000,0.345330,0.125604,0.440293,0.970063,-0.235511,-0.055634,0.020433,0.000000,2.000000,1.000000,0.000000,0.000000
3.155000,0.345045,0.125436,0.440468,0.970097,-0.235440,-0.055418,0.020207,0.000000,2.000000,1.000000,0.000000,0.000000
3.160000,0.344762,0.125278,0.440633,0.970131,-0.235369,-0.055204,0.019992,0.000000,2.000000,1.000000,0.000000,0.000000
3.165000,0.344478,0.125120,0.440799,0.970165,-0.235297,-0.054990,0.019778,0.000000,2.000000,1.000000,0.000000,0.000000
3.170000,0.344195,0.124961,0.440964,0.970199,-0.235225,-0.054778,0.019564,0.000000,2.000000,1.000000,0.000000,0.000000
3.175000,0.343912,0.124803,0.441129,0.970233,-0.235151,-0.054565,0.019350,0.000000,2.000000,1.000000,0.000000,0.000000
3.180000,0.343629,0.124645,0.441295,0.970267,-0.235076,-0.054354,0.019137,0.000000,2.000000,1.000000,0.000000,0.000000
3.185000,0.343346,0.124487,0.441460,0.970302,-0.235000,-0.054143,0.018924,0.000000,2.000000,1.000000,0.000000,0.000000
3.190000,0.343063,0.124331,0.441622,0.970336,-0.234924,-0.053929,0.018715,0.000000,2.000000,1.000000,0.000000,0.000000
3.195000,0.342780,0.124174,0.441784,0.970371,-0.234846,-0.053716,0.018507,0.000000,2.000000,1.000000,0.000000,0.000000
3.200000,0.342497,0.124018,0.441945,0.970405,-0.234768,-0.053504,0.018299,0.000000,2.000000,1.000000,0.000000,0.000000
3.205000,0.342215,0.123862,0.442107,0.970440,-0.234690,-0.053292,0.018092,0.000000,2.000000,1.000000,0.000000,0.000000
3.210000,0.341932,0.123706,0.442269,0.970474,-0.234610,-0.053080,0.017884,0.000000,2.000000,1.000000,-0.000000,0.000000
3.215000,0.341649,0.123550,0.442431,0.970509,-0.234530,-0.052869,0.017677,0.000000,2.000000,1.000000,0.000000,0.000000
3.220000,0.341366,0.123394,0.442593,0.970544,-0.234449,-0.052658,0.017471,0.000000,2.000000,1.000000,0.000000,0.000000
3.225000,0.341081,0.123235,0.442727,0.970575,-0.234376,-0.052470,0.017281,0.000000,2.000000,1.000000,0.000000,0.000000
3.230000,0.340795,0.123076,0.442862,0.970607,-0.234301,-0.052282,0.017092,0.000000,2.000000,1.000000,0.000000,0.000000
3.235000,0.340510,0.122917,0.442997,0.970638,-0.234226,-0.052095,0.016903,0.000000,2.000000,1.000000,0.000000,0.000000
3.240000,0.340224,0.122759,0.443131,0.970670,-0.234151,-0.051908,0.016715,0.000000,2.000000,1.000000,0.000000,0.000000
3.245000,0.339939,0.122600,0.443266,0.970701,-0.234075,-0.051721,0.016526,0.000000,2.000000,1.000000,0.000000,0.000000
3.250000,0.339654,0.122441,0.443401,0.970733,-0.233999,-0.051535,0.016338,0.000000,2.000000,1.000000,0.000000,0.000000
3.255000,0.339368,0.122282,0.443535,0.970764,-0.233922,-0.051348,0.016151,0.000000,2.000000,1.000000,0.000000,0.000000
3.260000,0.339077,0.122126,0.443639,0.970792,-0.233854,-0.051185,0.015980,0.000000,2.000000,1.000000,0.000000,0.000000
3.265000,0.338787,0.121970,0.443743,0.970820,-0.233785,-0.051023,0.015810,0.000000,2.000000,1.000000,0.000000,0.000000
3.270000,0.338496,0.121813,0.443847,0.970848,-0.233715,-0.050860,0.015640,0.000000,2.000000,1.000000,0.000000,0.000000
3.275000,0.338205,0.121657,0.443950,0.970876,-0.233646,-0.050697,0.015470,0.000000,2.000000,1.000000,0.000000,0.000000
3.280000,0.337915,0.121501,0.444054,0.970904,-0.233576,-0.050534,0.015301,0.000000,2.000000,1.000000,0.000000,0.000000
3.285000,0.337624,0.121344,0.444158,0.970932,-0.233506,-0.050372,0.015132,0.000000,2.000000,1.000000,0.000000,0.000000
3.290000,0.337334,0.121188,0.444262,0.970960,-0.233437,-0.050209,0.014963,0.000000,2.000000,1.000000,0.000000,0.000000
3.295000,0.337030,0.121031,0.444345,0.970986,-0.233370,-0.050056,0.014800,0.000000,2.000000,1.000000,0.000000,0.000000
3.300000,0.336726,0.120875,0.444429,0.971012,-0.233304,-0.049904,0.014637,0.000000,2.000000,1.000000,0.000000,0.000000
3.305000,0.336422,0.120718,0.444512,0.971038,-0.233237,-0.049751,0.014475,0.000000,2.000000,1.000000,0.000000,0.000000
3.310000,0.336119,0.120561,0.444596,0.971065,-0.233171,-0.049598,0.014313,0.000000,2.000000,1.000000,0.000000,0.000000
3.315000,0.335815,0.120405,0.444680,0.971091,-0.233105,-0.049445,0.014151,0.000000,2.000000,1.000000,0.000000,0.000000
3.320000,0.335511,0.120248,0.444763,0.971117,-0.233039,-0.049291,0.013989,0.000000,2.000000,1.000000,0.000000,0.000000
3.325000,0.335208,0.120091,0.444847,0.971143,-0.232973,-0.049137,0.013827,0.000000,2.000000,1.000000,0.000000,0.000000
3.330000,0.334903,0.119928,0.444916,0.971167,-0.232912,-0.048994,0.013673,0.000000,2.000000,1.000000,0.000000,0.000000
3.335000,0.334599,0.119764,0.444984,0.971191,-0.232850,-0.048850,0.013519,0.000000,2.000000,1.000000,0.000000,0.000000
3.340000,0.334295,0.119601,0.445053,0.971215,-0.232789,-0.048706,0.013365,0.000000,2.000000,1.000000,0.000000,0.000000
3.345000,0.333990,0.119437,0.445122,0.971239,-0.232728,-0.048561,0.013211,0.000000,2.000000,1.000000,0.000000,0.000000
3.350000,0.333686,0.119274,0.445191,0.971263,-0.232667,-0.048416,0.013058,0.000000,2.000000,1.000000,0.000000,0.000000
3.355000,0.333382,0.119110,0.445260,0.971286,-0.232607,-0.048271,0.012904,0.000000,2.000000,1.000000,0.000000,0.000000
3.360000,0.333086,0.118932,0.445317,0.971308,-0.232552,-0.048136,0.012763,0.000000,2.000000,1.000000,0.000000,0.000000
3.365000,0.332790,0.118754,0.445373,0.971330,-0.232497,-0.048001,0.012621,0.000000,2.000000,1.000000,0.000000,0.000000
3.370000,0.332493,0.118576,0.445430,0.971352,-0.232442,-0.047865,0.012480,0.000000,2.000000,1.000000,0.000000,0.000000
3.375000,0.332197,0.118399,0.445487,0.971373,-0.232387,-0.047730,0.012339,0.000000,2.000000,1.000000,0.000000,0.000000
3.380000,0.331901,0.118221,0.445544,0.971395,-0.232333,-0.047593,0.012197,0.000000,2.000000,1.000000,0.000000,0.000000
3.385000,0.331605,0.118043,0.445601,0.971416,-0.232279,-0.047456,0.012056,0.000000,2.000000,1.000000,0.000000,0.000000
3.390000,0.331309,0.117865,0.445658,0.971437,-0.232225,-0.047319,0.011914,0.000000,2.000000,1.000000,0.000000,0.000000
3.395000,0.331018,0.117672,0.445703,0.971457,-0.232176,-0.047190,0.011785,0.000000,2.000000,1.000000,0.000000,0.000000
3.400000,0.330728,0.117478,0.445748,0.971476,-0.232127,-0.047061,0.011656,0.000000,2.000000,1.000000,0.000000,0.000000
3.405000,0.330437,0.117285,0.445793,0.971496,-0.232079,-0.046931,0.011527,0.000000,2.000000,1.000000,0.000000,0.000000
3.410000,0.330146,0.117092,0.445838,0.971515,-0.232030,-0.046801,0.011398,0.000000,2.000000,1.000000,0.000000,0.000000
3.415000,0.329856,0.116899,0.445883,0.971534,-0.231982,-0.046671,0.011268,0.000000,2.000000,1.000000,0.000000,0.000000
3.420000,0.329565,0.116706,0.445928,0.971554,-0.231934,-0.046540,0.011139,0.000000,2.000000,1.000000,0.000000,0.000000
3.425000,0.329274,0.116512,0.445973,0.971573,-0.231887,-0.046409,0.011010,0.000000,2.000000,1.000000,0.000000,0.000000
3.430000,0.328988,0.116308,0.445999,0.971589,-0.231845,-0.046295,0.010894,0.000000,2.000000,1.000000,0.000000,0.000000
3.435000,0.328701,0.116104,0.446024,0.971606,-0.231804,-0.046181,0.010778,0.000000,2.000000,1.000000,0.000000,0.000000
3.440000,0.328415,0.115899,0.446050,0.971623,-0.231762,-0.046067,0.010662,0.000000,2.000000,1.000000,0.000000,0.000000
3.445000,0.328128,0.115695,0.446075,0.971639,-0.231721,-0.045952,0.010546,0.000000,2.000000,1.000000,0.000000,0.000000
3.450000,0.327841,0.115491,0.446101,0.971656,-0.231680,-0.045837,0.010429,0.000000,2.000000,1.000000,0.000000,0.000000
3.455000,0.327555,0.115286,0.446127,0.971672,-0.231639,-0.045722,0.010313,0.000000,2.000000,1.000000,0.000000,0.000000
3.460000,0.327268,0.115082,0.446152,0.971688,-0.231598,-0.045606,0.010197,0.000000,2.000000,1.000000,0.000000,0.000000
3.465000,0.326987,0.114875,0.446176,0.971705,-0.231557,-0.045493,0.010078,0.000000,2.000000,1.000000,0.000000,0.000000
3.470000,0.326707,0.114669,0.446200,0.971721,-0.231517,-0.045380,0.009958,0.000000,2.000000,1.000000,0.000000,0.000000
3.475000,0.326426,0.114462,0.446224,0.971737,-0.231476,-0.045266,0.009839,0.000000,2.000000,1.000000,0.000000,0.000000
3.480000,0.326145,0.114255,0.446248,0.971753,-0.231436,-0.045152,0.009719,0.000000,2.000000,1.000000,0.000000,0.000000
3.485000,0.325865,0.114049,0.446272,0.971769,-0.231396,-0.045038,0.009600,0.000000,2.000000,1.000000,0.000000,0.000000
3.490000,0.325584,0.113842,0.446296,0.971785,-0.231356,-0.044923,0.009480,0.000000,2.000000,1.000000,0.000000,0.000000
3.495000,0.325303,0.113636,0.446320,0.971801,-0.231316,-0.044808,0.009360,0.000000,2.000000,1.000000,0.000000,0.000000
3.500000,0.325027,0.113434,0.446350,0.971818,-0.231274,-0.044688,0.009231,0.000000,2.000000,1.000000,0.000000,0.000000
3.505000,0.324751,0.113232,0.446379,0.971835,-0.231232,-0.044568,0.009102,0.000000,2.000000,1.000000,0.000000,0.000000
3.510000,0.324475,0.113030,0.446408,0.971851,-0.231191,-0.044448,0.008973,0.000000,2.000000,1.000000,0.000000,0.000000
3.515000,0.324199,0.112828,0.446437,0.971868,-0.231149,-0.044327,0.008844,0.000000,2.000000,1.000000,0.000000,0.000000
3.520000,0.323923,0.112626,0.446466,0.971884,-0.231108,-0.044206,0.008714,0.000000,2.000000,1.000000,0.000000,0.000000
3.525000,0.323646,0.112424,0.446495,0.971901,-0.231067,-0.044084,0.008585,0.000000,2.000000,1.000000,0.000000,0.000000
3.530000,0.323375,0.112220,0.446522,0.971917,-0.231027,-0.043962,0.008458,0.000000,2.000000,1.000000,0.000000,0.000000
3.535000,0.323105,0.112015,0.446550,0.971933,-0.230986,-0.043839,0.008332,0.000000,2.000000,1.000000,0.000000,0.000000
3.540000,0.322834,0.111811,0.446577,0.971949,-0.230946,-0.043717,0.008205,0.000000,2.000000,1.000000,0.000000,0.000000
3.545000,0.322563,0.111607,0.446605,0.971965,-0.230906,-0.043593,0.008079,0.000000,2.000000,1.000000,0.000000,0.000000
3.550000,0.322292,0.111402,0.446632,0.971981,-0.230867,-0.043470,0.007952,0.000000,2.000000,1.000000,0.000000,0.000000
3.555000,0.322021,0.111198,0.446660,0.971997,-0.230827,-0.043347,0.007826,0.000000,2.000000,1.000000,0.000000,0.000000
3.560000,0.321750,0.110994,0.446687,0.972013,-0.230787,-0.043223,0.007699,0.000000,2.000000,1.000000,0.000000,0.000000
3.565000,0.321487,0.110772,0.446718,0.972029,-0.230749,-0.043090,0.007580,0.000000,2.000000,1.000000,0.000000,0.000000
3.570000,0.321224,0.110550,0.446749,0.972045,-0.230710,-0.042958,0.007461,0.000000,2.000000,1.000000,0.000000,0.000000
3.575000,0.320960,0.110328,0.446779,0.972061,-0.230672,-0.042825,0.007342,0.000000,2.000000,1.000000,0.000000,0.000000
3.580000,0.320697,0.110107,0.446810,0.972077,-0.230634,-0.042692,0.007222,0.000000,2.000000,1.000000,0.000000,0.000000
3.585000,0.320434,0.109885,0.446841,0.972092,-0.230596,-0.042560,0.007103,0.000000,2.000000,1.000000,0.000000,0.000000
3.590000,0.320170,0.109663,0.446872,0.972108,-0.230558,-0.042427,0.006983,0.000000,2.000000,1.000000,0.000000,0.000000
3.595000,0.319907,0.109441,0.446902,0.972124,-0.230520,-0.042294,0.006863,0.000000,2.000000,1.000000,0.000000,0.000000
3.600000,0.319661,0.109194,0.446943,0.972140,-0.230483,-0.042150,0.006752,0.000000,2.000000,1.000000,0.000000,0.000000
3.605000,0.319416,0.108947,0.446984,0.972155,-0.230446,-0.042005,0.006640,0.000000,2.000000,1.000000,0.000000,0.000000
3.610000,0.319170,0.108699,0.447025,0.972171,-0.230408,-0.041861,0.006528,0.000000,2.000000,1.000000,0.000000,0.000000
3.615000,0.318925,0.108452,0.447066,0.972187,-0.230371,-0.041718,0.006415,0.000000,2.000000,1.000000,0.000000,0.000000
3.620000,0.318679,0.108205,0.447106,0.972203,-0.230334,-0.041575,0.006302,0.000000,2.000000,1.000000,0.000000,0.000000
3.625000,0.318434,0.107957,0.447147,0.972218,-0.230296,-0.041432,0.006189,0.000000,2.000000,1.000000,0.000000,0.000000
3.630000,0.318188,0.107710,0.447188,0.972234,-0.230259,-0.041290,0.006075,0.000000,2.000000,1.000000,0.000000,0.000000
3.635000,0.317962,0.107434,0.447244,0.972250,-0.230220,-0.041141,0.005959,0.000000,2.000000,1.000000,0.000000,0.000000
3.640000,0.317736,0.107158,0.447299,0.972267,-0.230181,-0.040992,0.005842,0.000000,2.000000,1.000000,0.000000,0.000000
3.645000,0.317510,0.106882,0.447355,0.972283,-0.230142,-0.040845,0.005724,0.000000,2.000000,1.000000,0.000000,0.000000
3.650000,0.317285,0.106606,0.447411,0.972299,-0.230102,-0.040698,0.005606,0.000000,2.000000,1.000000,0.000000,0.000000
3.655000,0.317059,0.106331,0.447466,0.972315,-0.230062,-0.040553,0.005486,0.000000,2.000000,1.000000,0.000000,0.000000
3.660000,0.316833,0.106055,0.447522,0.972331,-0.230022,-0.040409,0.005366,0.000000,2.000000,1.000000,0.000000,0.000000
3.665000,0.316607,0.105779,0.447578,0.972347,-0.229981,-0.040267,0.005245,0.000000,2.000000,1.000000,0.000000,0.000000
3.670000,0.316399,0.105471,0.447655,0.972365,-0.229937,-0.040110,0.005113,0.000000,2.000000,1.000000,0.000000,0.000000
3.675000,0.316191,0.105163,0.447733,0.972383,-0.229892,-0.039955,0.004981,0.000000,2.000000,1.000000,0.000000,0.000000
3.680000,0.315982,0.104855,0.447811,0.972400,-0.229848,-0.039802,0.004846,0.000000,2.000000,1.000000,0.000000,0.000000
3.685000,0.315774,0.104547,0.447889,0.972418,-0.229802,-0.039651,0.004710,0.000000,2.000000,1.000000,0.000000,0.000000
3.690000,0.315566,0.104239,0.447966,0.972435,-0.229757,-0.039501,0.004573,0.000000,2.000000,1.000000,0.000000,0.000000
3.695000,0.315357,0.103932,0.448044,0.972453,-0.229711,-0.039354,0.004434,0.000000,2.000000,1.000000,0.000000,0.000000
3.700000,0.315161,0.103592,0.448126,0.972470,-0.229666,-0.039211,0.004295,0.000000,2.000000,1.000000,0.000000,0.000000
3.705000,0.314965,0.103253,0.448207,0.972487,-0.229621,-0.039070,0.004155,0.000000,2.000000,1.000000,0.000000,0.000000
3.710000,0.314770,0.102914,0.448289,0.972504,-0.229575,-0.038932,0.004013,0.000000,2.000000,1.000000,0.000000,0.000000
3.715000,0.314574,0.102575,0.448370,0.972521,-0.229529,-0.038797,0.003869,0.000000,2.000000,1.000000,0.000000,0.000000
3.720000,0.314378,0.102236,0.448452,0.972537,-0.229483,-0.038664,0.003723,0.000000,2.000000,1.000000,0.000000,0.000000
3.725000,0.314182,0.101896,0.448533,0.972554,-0.229438,-0.038535,0.003574,0.000000,2.000000,1.000000,0.000000,0.000000
3.730000,0.313986,0.101557,0.448615,0.972570,-0.229392,-0.038408,0.003424,0.000000,2.000000,1.000000,0.000000,0.000000
3.735000,0.313791,0.101198,0.448679,0.972584,-0.229351,-0.038305,0.003280,0.000000,2.000000,1.000000,0.000000,0.000000
3.740000,0.313596,0.100839,0.448742,0.972598,-0.229311,-0.038206,0.003133,0.000000,2.000000,1.000000,0.000000,0.000000
3.745000,0.313401,0.100481,0.448806,0.972612,-0.229271,-0.038110,0.002985,0.000000,2.000000,1.000000,0.000000,0.000000
3.750000,0.313206,0.100122,0.448870,0.972625,-0.229232,-0.038016,0.002835,0.000000,2.000000,1.000000,0.000000,0.000000
3.755000,0.313011,0.099763,0.448934,0.972638,-0.229193,-0.037926,0.002682,0.000000,2.000000,1.000000,0.000000,0.000000
3.760000,0.312816,0.099404,0.448998,0.972651,-0.229154,-0.037838,0.002528,0.000000,2.000000,1.000000,0.000000,0.000000
3.765000,0.312621,0.099045,0.449062,0.972664,-0.229116,-0.037753,0.002372,0.000000,2.000000,1.000000,0.000000,0.000000
3.770000,0.312427,0.098678,0.449125,0.972677,-0.229077,-0.037669,0.002211,0.000000,2.000000,1.000000,0.000000,0.000000
3.775000,0.312233,0.098312,0.449188,0.972689,-0.229040,-0.037588,0.002047,0.000000,2.000000,1.000000,0.000000,0.000000
3.780000,0.312039,0.097945,0.449251,0.972701,-0.229003,-0.037509,0.001882,0.000000,2.000000,1.000000,0.000000,0.000000
3.785000,0.311845,0.097578,0.449314,0.972713,-0.228966,-0.037433,0.001715,0.000000,2.000000,1.000000,0.000000,0.000000
3.790000,0.311650,0.097211,0.449377,0.972724,-0.228930,-0.037358,0.001546,0.000000,2.000000,1.000000,0.000000,0.000000
3.795000,0.311456,0.096845,0.449440,0.972736,-0.228895,-0.037286,0.001376,0.000000,2.000000,1.000000,0.000000,0.000000
3.800000,0.311262,0.096478,0.449503,0.972747,-0.228860,-0.037215,0.001204,0.000000,2.000000,1.000000,-0.000000,0.000000
3.805000,0.311063,0.096111,0.449544,0.972756,-0.228832,-0.037164,0.001038,0.000000,2.000000,1.000000,0.000000,0.000000
3.810000,0.310863,0.095745,0.449586,0.972764,-0.228804,-0.037116,0.000870,0.000000,2.000000,1.000000,0.000000,0.000000
3.815000,0.310664,0.095378,0.449627,0.972773,-0.228776,-0.037069,0.000702,0.000000,2.000000,1.000000,0.000000,0.000000
3.820000,0.310464,0.095012,0.449668,0.972781,-0.228750,-0.037023,0.000532,0.000000,2.000000,1.000000,0.000000,0.000000
3.825000,0.310265,0.094645,0.449709,0.972789,-0.228723,-0.036979,0.000362,0.000000,2.000000,1.000000,0.000000,0.000000
3.830000,0.310065,0.094278,0.449751,0.972797,-0.228697,-0.036935,0.000190,0.000000,2.000000,1.000000,-0.000000,0.000000
3.835000,0.309865,0.093912,0.449792,0.972804,-0.228672,-0.036893,0.000019,0.000000,2.000000,1.000000,0.000000,0.000000
3.840000,0.309663,0.093551,0.449805,0.972808,-0.228656,-0.036883,-0.000151,0.000000,2.000000,1.000000,0.000000,0.000000
3.845000,0.309460,0.093190,0.449818,0.972812,-0.228641,-0.036874,-0.000320,0.000000,2.000000,1.000000,0.000000,0.000000
3.850000,0.309257,0.092829,0.449832,0.972816,-0.228626,-0.036867,-0.000490,0.000000,2.000000,1.000000,0.000000,0.000000
3.855000,0.309054,0.092469,0.449845,0.972819,-0.228611,-0.036859,-0.000660,0.000000,2.000000,1.000000,0.000000,0.000000
3.860000,0.308852,0.092108,0.449858,0.972823,-0.228597,-0.036853,-0.000830,0.000000,2.000000,1.000000,0.000000,0.000000
3.865000,0.308649,0.091747,0.449871,0.972827,-0.228582,-0.036846,-0.001000,0.000000,2.000000,1.000000,0.000000,0.000000
3.870000,0.308446,0.091379,0.449864,0.972827,-0.228577,-0.036869,-0.001174,0.000000,2.000000,1.000000,0.000000,0.000000
3.875000,0.308244,0.091012,0.449856,0.972827,-0.228571,-0.036893,-0.001348,0.000000,2.000000,1.000000,0.000000,0.000000
3.880000,0.308042,0.090644,0.449849,0.972827,-0.228566,-0.036917,-0.001521,0.000000,2.000000,1.000000,0.000000,0.000000
3.885000,0.307839,0.090277,0.449841,0.972827,-0.228560,-0.036942,-0.001695,0.000000,2.000000,1.000000,0.000000,0.000000
3.890000,0.307637,0.089909,0.449834,0.972827,-0.228554,-0.036966,-0.001868,0.000000,2.000000,1.000000,0.000000,0.000000
3.895000,0.307435,0.089542,0.449826,0.972827,-0.228548,-0.036990,-0.002040,0.000000,2.000000,1.000000,0.000000,0.000000
3.900000,0.307232,0.089174,0.449819,0.972828,-0.228542,-0.037014,-0.002212,0.000000,2.000000,1.000000,0.000000,0.000000
3.905000,0.307035,0.088799,0.449796,0.972825,-0.228543,-0.037062,-0.002385,0.000000,2.000000,1.000000,-0.000000,0.000000
3.910000,0.306837,0.088423,0.449772,0.972823,-0.228544,-0.037110,-0.002558,0.000000,2.000000,1.000000,0.000000,0.000000
3.915000,0.306639,0.088047,0.449749,0.972820,-0.228545,-0.037158,-0.002730,0.000000,2.000000,1.000000,0.000000,0.000000
3.920000,0.306442,0.087671,0.449726,0.972818,-0.228545,-0.037206,-0.002901,0.000000,2.000000,1.000000,0.000000,0.000000
3.925000,0.306244,0.087296,0.449702,0.972815,-0.228545,-0.037253,-0.003072,0.000000,2.000000,1.000000,0.000000,0.000000
3.930000,0.306046,0.086920,0.449679,0.972813,-0.228545,-0.037300,-0.003242,0.000000,2.000000,1.000000,0.000000,0.000000
3.935000,0.305849,0.086544,0.449656,0.972811,-0.228544,-0.037347,-0.003412,0.000000,2.000000,1.000000,0.000000,0.000000
3.940000,0.305653,0.086167,0.449626,0.972808,-0.228546,-0.037406,-0.003591,0.000000,2.000000,1.000000,0.000000,0.000000
3.945000,0.305458,0.085790,0.449596,0.972804,-0.228547,-0.037464,-0.003770,0.000000,2.000000,1.000000,0.000000,0.000000
3.950000,0.305262,0.085413,0.449567,0.972801,-0.228548,-0.037522,-0.003948,0.000000,2.000000,1.000000,0.000000,0.000000
3.955000,0.305067,0.085036,0.449537,0.972798,-0.228549,-0.037580,-0.004125,0.000000,2.000000,1.000000,0.000000,0.000000
3.960000,0.304872,0.084659,0.449507,0.972795,-0.228549,-0.037636,-0.004302,0.000000,2.000000,1.000000,0.000000,0.000000
3.965000,0.304676,0.084281,0.449477,0.972792,-0.228549,-0.037693,-0.004477,0.000000,2.000000,1.000000,0.000000,0.000000
3.970000,0.304481,0.083904,0.449448,0.972790,-0.228547,-0.037748,-0.004652,0.000000,2.000000,1.000000,0.000000,0.000000
3.975000,0.304280,0.083536,0.449412,0.972787,-0.228546,-0.037801,-0.004824,0.000000,2.000000,1.000000,0.000000,0.000000
3.980000,0.304079,0.083168,0.449376,0.972785,-0.228543,-0.037853,-0.004995,0.000000,2.000000,1.000000,0.000000,0.000000
3.985000,0.303878,0.082801,0.449341,0.972783,-0.228540,-0.037904,-0.005164,0.000000,2.000000,1.000000,-0.000000,0.000000
3.990000,0.303677,0.082433,0.449305,0.972781,-0.228536,-0.037954,-0.005333,0.000000,2.000000,1.000000,0.000000,0.000000
3.995000,0.303477,0.082065,0.449269,0.972779,-0.228531,-0.038003,-0.005500,0.000000,2.000000,1.000000,0.000000,0.000000
4.000000,0.303276,0.081697,0.449233,0.972778,-0.228525,-0.038050,-0.005666,0.000000,2.000000,1.000000,-0.000000,0.000000
4.005000,0.303075,0.081329,0.449198,0.972776,-0.228519,-0.038097,-0.005831,0.000000,2.000000,1.000000,0.000000,0.000000
4.010000,0.302870,0.080983,0.449145,0.972775,-0.228515,-0.038144,-0.005976,0.000000,2.000000,1.000000,0.000000,0.000000
4.015000,0.302664,0.080637,0.449093,0.972773,-0.228510,-0.038189,-0.006119,0.000000,2.000000,1.000000,0.000000,0.000000
4.020000,0.302459,0.080292,0.449041,0.972772,-0.228504,-0.038234,-0.006260,0.000000,2.000000,1.000000,0.000000,0.000000
4.025000,0.302254,0.079946,0.448988,0.972771,-0.228497,-0.038276,-0.006399,0.000000,2.000000,1.000000,0.000000,0.000000
4.030000,0.302048,0.079600,0.448936,0.972770,-0.228489,-0.038318,-0.006537,0.000000,2.000000,1.000000,0.000000,0.000000
4.035000,0.301843,0.079255,0.448883,0.972770,-0.228480,-0.038357,-0.006673,0.000000,2.000000,1.000000,0.000000,0.000000
4.040000,0.301631,0.078926,0.448814,0.972769,-0.228473,-0.038395,-0.006783,0.000000,2.000000,1.000000,0.000000,0.000000
4.045000,0.301419,0.078597,0.448745,0.972769,-0.228466,-0.038431,-0.006891,0.000000,2.000000,1.000000,0.000000,0.000000
4.050000,0.301207,0.078268,0.448676,0.972768,-0.228458,-0.038465,-0.006997,0.000000,2.000000,1.000000,0.000000,0.000000
4.055000,0.300996,0.077939,0.448607,0.972769,-0.228449,-0.038497,-0.007101,0.000000,2.000000,1.000000,0.000000,0.000000
4.060000,0.300784,0.077610,0.448538,0.972769,-0.228439,-0.038527,-0.007203,0.000000,2.000000,1.000000,0.000000,0.000000
4.065000,0.300572,0.077281,0.448469,0.972770,-0.228429,-0.038555,-0.007302,0.000000,2.000000,1.000000,0.000000,0.000000
4.070000,0.300360,0.076951,0.448400,0.972770,-0.228417,-0.038581,-0.007400,0.000000,2.000000,1.000000,0.000000,0.000000
4.075000,0.300146,0.076635,0.448341,0.972774,-0.228401,-0.038577,-0.007483,0.000000,2.000000,1.000000,0.000000,0.000000
4.080000,0.299931,0.076319,0.448282,0.972777,-0.228385,-0.038570,-0.007565,0.000000,2.000000,1.000000,0.000000,0.000000
4.085000,0.299716,0.076002,0.448223,0.972781,-0.228368,-0.038560,-0.007644,0.000000,2.000000,1.000000,0.000000,0.000000
4.090000,0.299502,0.075686,0.448164,0.972785,-0.228351,-0.038548,-0.007721,0.000000,2.000000,1.000000,0.000000,0.000000
4.095000,0.299287,0.075370,0.448105,0.972789,-0.228333,-0.038533,-0.007797,0.000000,2.000000,1.000000,0.000000,0.000000
4.100000,0.299072,0.075053,0.448046,0.972793,-0.228315,-0.038516,-0.007870,0.000000,2.000000,1.000000,0.000000,0.000000
4.105000,0.298857,0.074737,0.447987,0.972798,-0.228297,-0.038496,-0.007942,0.000000,2.000000,1.000000,0.000000,0.000000
4.110000,0.298642,0.074430,0.447930,0.972803,-0.228278,-0.038466,-0.008010,0.000000,2.000000,1.000000,0.000000,0.000000
4.115000,0.298426,0.074123,0.447873,0.972808,-0.228258,-0.038432,-0.008076,0.000000,2.000000,1.000000,0.000000,0.000000
4.120000,0.298210,0.073816,0.447815,0.972814,-0.228239,-0.038397,-0.008140,0.000000,2.000000,1.000000,0.000000,0.000000
4.125000,0.297995,0.073510,0.447758,0.972819,-0.228219,-0.038358,-0.008203,0.000000,2.000000,1.000000,0.000000,0.000000
4.130000,0.297779,0.073203,0.447701,0.972825,-0.228200,-0.038317,-0.008264,0.000000,2.000000,1.000000,0.000000,0.000000
4.135000,0.297563,0.072896,0.447644,0.972831,-0.228180,-0.038274,-0.008324,0.000000,2.000000,1.000000,0.000000,0.000000
4.140000,0.297347,0.072589,0.447587,0.972837,-0.228161,-0.038228,-0.008382,0.000000,2.000000,1.000000,0.000000,0.000000
4.145000,0.297131,0.072290,0.447526,0.972842,-0.228143,-0.038178,-0.008432,0.000000,2.000000,1.000000,0.000000,0.000000
4.150000,0.296914,0.071991,0.447465,0.972848,-0.228125,-0.038126,-0.008481,0.000000,2.000000,1.000000,0.000000,0.000000
4.155000,0.296697,0.071692,0.447404,0.972854,-0.228108,-0.038071,-0.008529,0.000000,2.000000,1.000000,0.000000,0.000000
4.160000,0.296480,0.071393,0.447343,0.972860,-0.228091,-0.038014,-0.008575,0.000000,2.000000,1.000000,0.000000,0.000000
4.165000,0.296264,0.071095,0.447281,0.972866,-0.228074,-0.037955,-0.008620,0.000000,2.000000,1.000000,0.000000,0.000000
4.170000,0.296047,0.070796,0.447220,0.972872,-0.228057,-0.037893,-0.008664,0.000000,2.000000,1.000000,0.000000,0.000000
4.175000,0.295830,0.070497,0.447159,0.972878,-0.228040,-0.037829,-0.008707,0.000000,2.000000,1.000000,0.000000,0.000000
4.180000,0.295614,0.070207,0.447094,0.972883,-0.228026,-0.037761,-0.008741,0.000000,2.000000,1.000000,0.000000,0.000000
4.185000,0.295398,0.069917,0.447029,0.972889,-0.228013,-0.037691,-0.008774,0.000000,2.000000,1.000000,0.000000,0.000000
4.190000,0.295182,0.069628,0.446964,0.972894,-0.227999,-0.037619,-0.008806,0.000000,2.000000,1.000000,0.000000,0.000000
4.195000,0.294966,0.069338,0.446898,0.972900,-0.227986,-0.037545,-0.008837,0.000000,2.000000,1.000000,-0.000000,0.000000
4.200000,0.294749,0.069049,0.446833,0.972906,-0.227974,-0.037469,-0.008868,0.000000,2.000000,1.000000,0.000000,0.000000
4.205000,0.294533,0.068759,0.446768,0.972911,-0.227962,-0.037391,-0.008897,0.000000,2.000000,1.000000,0.000000,0.000000
4.210000,0.294326,0.068472,0.446709,0.972917,-0.227949,-0.037307,-0.008929,0.000000,2.000000,1.000000,0.000000,0.000000
4.215000,0.294119,0.068185,0.446651,0.972923,-0.227937,-0.037221,-0.008960,0.000000,2.000000,1.000000,0.000000,0.000000
4.220000,0.293912,0.067898,0.446592,0.972929,-0.227925,-0.037133,-0.008991,0.000000,2.000000,1.000000,0.000000,0.000000
4.225000,0.293705,0.067611,0.446533,0.972935,-0.227914,-0.037044,-0.009021,0.000000,2.000000,1.000000,0.000000,0.000000
4.230000,0.293498,0.067324,0.446475,0.972940,-0.227903,-0.036953,-0.009051,0.000000,2.000000,1.000000,0.000000,0.000000
4.235000,0.293291,0.067036,0.446416,0.972946,-0.227892,-0.036861,-0.009081,0.000000,2.000000,1.000000,0.000000,0.000000
4.240000,0.293084,0.066749,0.446357,0.972952,-0.227882,-0.036767,-0.009110,0.000000,2.000000,1.000000,0.000000,0.000000
4.245000,0.292884,0.066461,0.446314,0.972959,-0.227868,-0.036660,-0.009153,0.000000,2.000000,1.000000,0.000000,0.000000
4.250000,0.292684,0.066173,0.446270,0.972966,-0.227854,-0.036551,-0.009196,0.000000,2.000000,1.000000,0.000000,0.000000
4.255000,0.292484,0.065885,0.446227,0.972972,-0.227841,-0.036442,-0.009238,0.000000,2.000000,1.000000,0.000000,0.000000
4.260000,0.292283,0.065597,0.446183,0.972979,-0.227828,-0.036331,-0.009281,0.000000,2.000000,1.000000,0.000000,0.000000
4.265000,0.292083,0.065309,0.446140,0.972986,-0.227815,-0.036219,-0.009325,0.000000,2.000000,1.000000,0.000000,0.000000
4.270000,0.291883,0.065021,0.446096,0.972993,-0.227802,-0.036106,-0.009368,0.000000,2.000000,1.000000,0.000000,0.000000
4.275000,0.291682,0.064733,0.446052,0.972999,-0.227790,-0.035992,-0.009412,0.000000,2.000000,1.000000,0.000000,0.000000
4.280000,0.291490,0.064448,0.446022,0.973007,-0.227775,-0.035867,-0.009464,0.000000,2.000000,1.000000,0.000000,0.000000
4.285000,0.291298,0.064163,0.445992,0.973014,-0.227761,-0.035741,-0.009517,0.000000,2.000000,1.000000,0.000000,0.000000
4.290000,0.291105,0.063878,0.445961,0.973022,-0.227747,-0.035614,-0.009571,0.000000,2.000000,1.000000,0.000000,0.000000
4.295000,0.290913,0.063593,0.445931,0.973029,-0.227732,-0.035486,-0.009625,0.000000,2.000000,1.000000,0.000000,0.000000
4.300000,0.290721,0.063308,0.445900,0.973037,-0.227718,-0.035359,-0.009680,0.000000,2.000000,1.000000,0.000000,0.000000
4.305000,0.290528,0.063023,0.445870,0.973044,-0.227704,-0.035231,-0.009735,0.000000,2.000000,1.000000,0.000000,0.000000
4.310000,0.290336,0.062738,0.445839,0.973052,-0.227690,-0.035102,-0.009790,0.000000,2.000000,1.000000,0.000000,0.000000
4.315000,0.290151,0.062454,0.445827,0.973060,-0.227676,-0.034950,-0.009848,0.000000,2.000000,1.000000,0.000000,0.000000
4.320000,0.289967,0.062170,0.445814,0.973068,-0.227661,-0.034798,-0.009906,0.000000,2.000000,1.000000,0.000000,0.000000
4.325000,0.289782,0.061886,0.445801,0.973076,-0.227647,-0.034646,-0.009965,0.000000,2.000000,1.000000,0.000000,0.000000
4.330000,0.289597,0.061603,0.445788,0.973084,-0.227633,-0.034494,-0.010025,0.000000,2.000000,1.000000,0.000000,0.000000
4.335000,0.289412,0.061319,0.445776,0.973092,-0.227619,-0.034342,-0.010085,0.000000,2.000000,1.000000,0.000000,0.000000
4.340000,0.289228,0.061035,0.445763,0.973100,-0.227604,-0.034190,-0.010147,0.000000,2.000000,1.000000,0.000000,0.000000
4.345000,0.289043,0.060751,0.445750,0.973109,-0.227589,-0.034038,-0.010209,0.000000,2.000000,1.000000,0.000000,0.000000
4.350000,0.288860,0.060472,0.445741,0.973117,-0.227576,-0.033876,-0.010263,0.000000,2.000000,1.000000,0.000000,0.000000
4.355000,0.288677,0.060193,0.445731,0.973125,-0.227564,-0.033715,-0.010319,0.000000,2.000000,1.000000,0.000000,0.000000
4.360000,0.288494,0.059914,0.445722,0.973133,-0.227550,-0.033553,-0.010375,0.000000,2.000000,1.000000,0.000000,0.000000
4.365000,0.288310,0.059635,0.445712,0.973141,-0.227537,-0.033392,-0.010432,0.000000,2.000000,1.000000,0.000000,0.000000
4.370000,0.288127,0.059356,0.445703,0.973149,-0.227523,-0.033232,-0.010490,0.000000,2.000000,1.000000,0.000000,0.000000
4.375000,0.287944,0.059077,0.445693,0.973157,-0.227509,-0.033072,-0.010548,0.000000,2.000000,1.000000,-0.000000,0.000000
4.380000,0.287774,0.058800,0.445704,0.973166,-0.227497,-0.032887,-0.010601,0.000000,2.000000,1.000000,0.000000,0.000000
4.385000,0.287604,0.058524,0.445715,0.973174,-0.227484,-0.032702,-0.010655,0.000000,2.000000,1.000000,0.000000,0.000000
4.390000,0.287435,0.058248,0.445726,0.973183,-0.227471,-0.032518,-0.010709,0.000000,2.000000,1.000000,0.000000,0.000000
4.395000,0.287265,0.057972,0.445737,0.973192,-0.227457,-0.032334,-0.010764,0.000000,2.000000,1.000000,0.000000,0.000000
4.400000,0.287095,0.057696,0.445748,0.973200,-0.227443,-0.032151,-0.010821,0.000000,2.000000,1.000000,0.000000,0.000000
4.405000,0.286925,0.057420,0.445759,0.973209,-0.227429,-0.031969,-0.010878,0.000000,2.000000,1.000000,0.000000,0.000000
4.410000,0.286756,0.057143,0.445770,0.973218,-0.227414,-0.031788,-0.010936,0.000000,2.000000,1.000000,0.000000,0.000000
4.415000,0.286598,0.056861,0.445811,0.973228,-0.227400,-0.031563,-0.010985,0.000000,2.000000,1.000000,0.000000,0.000000
4.420000,0.286441,0.056578,0.445853,0.973238,-0.227386,-0.031337,-0.011034,0.000000,2.000000,1.000000,0.000000,0.000000
4.425000,0.286283,0.056295,0.445895,0.973248,-0.227372,-0.031113,-0.011085,0.000000,2.000000,1.000000,0.000000,0.000000
4.430000,0.286126,0.056013,0.445936,0.973258,-0.227356,-0.030890,-0.011136,0.000000,2.000000,1.000000,0.000000,0.000000
4.435000,0.285968,0.055730,0.445978,0.973268,-0.227340,-0.030668,-0.011189,0.000000,2.000000,1.000000,0.000000,0.000000
4.440000,0.285811,0.055448,0.446019,0.973278,-0.227323,-0.030447,-0.011244,0.000000,2.000000,1.000000,0.000000,0.000000
4.445000,0.285654,0.055165,0.446061,0.973289,-0.227306,-0.030228,-0.011299,0.000000,2.000000,1.000000,0.000000,0.000000
4.450000,0.285498,0.054883,0.446103,0.973299,-0.227291,-0.029996,-0.011335,0.000000,2.000000,1.000000,0.000000,0.000000
4.455000,0.285343,0.054601,0.446145,0.973309,-0.227275,-0.029765,-0.011371,0.000000,2.000000,1.000000,0.000000,0.000000
4.460000,0.285187,0.054319,0.446187,0.973320,-0.227258,-0.029536,-0.011409,0.000000,2.000000,1.000000,0.000000,0.000000
4.465000,0.285032,0.054038,0.446230,0.973330,-0.227241,-0.029308,-0.011448,0.000000,2.000000,1.000000,0.000000,0.000000
4.470000,0.284876,0.053756,0.446272,0.973341,-0.227222,-0.029081,-0.011487,0.000000,2.000000,1.000000,0.000000,0.000000
4.475000,0.284720,0.053474,0.446314,0.973351,-0.227203,-0.028856,-0.011528,0.000000,2.000000,1.000000,0.000000,0.000000
4.480000,0.284565,0.053192,0.446356,0.973362,-0.227183,-0.028633,-0.011570,0.000000,2.000000,1.000000,0.000000,0.000000
4.485000,0.284412,0.052915,0.446400,0.973373,-0.227164,-0.028400,-0.011599,0.000000,2.000000,1.000000,0.000000,0.000000
4.490000,0.284259,0.052637,0.446445,0.973384,-0.227144,-0.028169,-0.011628,0.000000,2.000000,1.000000,0.000000,0.000000
4.495000,0.284107,0.052360,0.446489,0.973395,-0.227123,-0.027939,-0.011659,0.000000,2.000000,1.000000,0.000000,0.000000
4.500000,0.283954,0.052082,0.446534,0.973407,-0.227102,-0.027711,-0.011690,0.000000,2.000000,1.000000,0.000000,0.000000
4.505000,0.283801,0.051805,0.446578,0.973418,-0.227079,-0.027484,-0.011722,0.000000,2.000000,1.000000,0.000000,0.000000
4.510000,0.283648,0.051527,0.446622,0.973429,-0.227056,-0.027258,-0.011755,0.000000,2.000000,1.000000,0.000000,0.000000
4.515000,0.283495,0.051250,0.446667,0.973440,-0.227033,-0.027033,-0.011789,0.000000,2.000000,1.000000,0.000000,0.000000
4.520000,0.283349,0.050978,0.446723,0.973452,-0.227008,-0.026801,-0.011822,0.000000,2.000000,1.000000,0.000000,0.000000
4.525000,0.283203,0.050706,0.446778,0.973464,-0.226982,-0.026570,-0.011857,0.000000,2.000000,1.000000,0.000000,0.000000
4.530000,0.283057,0.050434,0.446834,0.973476,-0.226956,-0.026340,-0.011892,0.000000,2.000000,1.000000,0.000000,0.000000
4.535000,0.282911,0.050162,0.446890,0.973488,-0.226928,-0.026111,-0.011928,0.000000,2.000000,1.000000,0.000000,0.000000
4.540000,0.282765,0.049890,0.446946,0.973500,-0.226901,-0.025884,-0.011964,0.000000,2.000000,1.000000,0.000000,0.000000
4.545000,0.282619,0.049618,0.447002,0.973512,-0.226872,-0.025658,-0.012002,0.000000,2.000000,1.000000,0.000000,0.000000
4.550000,0.282472,0.049355,0.447055,0.973524,-0.226844,-0.025438,-0.012042,0.000000,2.000000,1.000000,0.000000,0.000000
4.555000,0.282325,0.049091,0.447108,0.973537,-0.226814,-0.025219,-0.012082,0.000000,2.000000,1.000000,0.000000,0.000000
4.560000,0.282177,0.048828,0.447161,0.973549,-0.226784,-0.025001,-0.012124,0.000000,2.000000,1.000000,0.000000,0.000000
4.565000,0.282030,0.048564,0.447214,0.973561,-0.226754,-0.024784,-0.012166,0.000000,2.000000,1.000000,0.000000,0.000000
4.570000,0.281882,0.048301,0.447267,0.973573,-0.226723,-0.024569,-0.012208,0.000000,2.000000,1.000000,0.000000,0.000000
4.575000,0.281735,0.048037,0.447320,0.973585,-0.226692,-0.024355,-0.012251,0.000000,2.000000,1.000000,0.000000,0.000000
4.580000,0.281588,0.047774,0.447373,0.973597,-0.226660,-0.024141,-0.012295,0.000000,2.000000,1.000000,0.000000,0.000000
4.585000,0.281439,0.047512,0.447413,0.973609,-0.226630,-0.023939,-0.012327,0.000000,2.000000,1.000000,0.000000,0.000000
4.590000,0.281290,0.047249,0.447454,0.973620,-0.226600,-0.023738,-0.012360,0.000000,2.000000,1.000000,0.000000,0.000000
4.595000,0.281141,0.046987,0.447495,0.973632,-0.226570,-0.023537,-0.012392,0.000000,2.000000,1.000000,0.000000,0.000000
4.600000,0.280992,0.046725,0.447536,0.973643,-0.226539,-0.023338,-0.012426,0.000000,2.000000,1.000000,0.000000,0.000000
4.605000,0.280844,0.046463,0.447576,0.973655,-0.226508,-0.023139,-0.012459,0.000000,2.000000,1.000000,0.000000,0.000000
4.610000,0.280695,0.046201,0.447617,0.973666,-0.226477,-0.022941,-0.012493,0.000000,2.000000,1.000000,0.000000,0.000000
4.615000,0.280546,0.045938,0.447658,0.973678,-0.226446,-0.022744,-0.012527,0.000000,2.000000,1.000000,0.000000,0.000000
4.620000,0.280411,0.045677,0.447710,0.973690,-0.226414,-0.022525,-0.012526,0.000000,2.000000,1.000000,0.000000,0.000000
4.625000,0.280275,0.045416,0.447761,0.973702,-0.226383,-0.022306,-0.012525,0.000000,2.000000,1.000000,0.000000,0.000000
4.630000,0.280140,0.045155,0.447813,0.973715,-0.226352,-0.022088,-0.012524,0.000000,2.000000,1.000000,0.000000,0.000000
4.635000,0.280004,0.044894,0.447864,0.973727,-0.226320,-0.021871,-0.012524,0.000000,2.000000,1.000000,0.000000,0.000000
4.640000,0.279869,0.044632,0.447916,0.973739,-0.226288,-0.021654,-0.012523,0.000000,2.000000,1.000000,0.000000,0.000000
4.645000,0.279733,0.044371,0.447968,0.973751,-0.226256,-0.021438,-0.012522,0.000000,2.000000,1.000000,0.000000,0.000000
4.650000,0.279598,0.044110,0.448019,0.973764,-0.226223,-0.021222,-0.012521,0.000000,2.000000,1.000000,0.000000,0.000000
4.655000,0.279480,0.043847,0.448098,0.973778,-0.226188,-0.020958,-0.012472,0.000000,2.000000,1.000000,0.000000,0.000000
4.660000,0.279363,0.043584,0.448177,0.973793,-0.226153,-0.020693,-0.012422,0.000000,2.000000,1.000000,0.000000,0.000000
4.665000,0.279246,0.043320,0.448256,0.973807,-0.226118,-0.020429,-0.012372,0.000000,2.000000,1.000000,0.000000,0.000000
4.670000,0.279128,0.043057,0.448335,0.973821,-0.226082,-0.020166,-0.012322,0.000000,2.000000,1.000000,0.000000,0.000000
4.675000,0.279011,0.042794,0.448414,0.973836,-0.226047,-0.019903,-0.012272,0.000000,2.000000,1.000000,0.000000,0.000000
4.680000,0.278893,0.042531,0.448493,0.973850,-0.226011,-0.019640,-0.012222,0.000000,2.000000,1.000000,0.000000,0.000000
4.685000,0.278776,0.042267,0.448572,0.973864,-0.225974,-0.019378,-0.012172,0.000000,2.000000,1.000000,0.000000,0.000000
4.690000,0.278670,0.041996,0.448663,0.973880,-0.225937,-0.019095,-0.012090,0.000000,2.000000,1.000000,0.000000,0.000000
4.695000,0.278565,0.041725,0.448755,0.973895,-0.225901,-0.018812,-0.012008,0.000000,2.000000,1.000000,0.000000,0.000000
4.700000,0.278459,0.041454,0.448846,0.973910,-0.225863,-0.018529,-0.011926,0.000000,2.000000,1.000000,0.000000,0.000000
4.705000,0.278354,0.041183,0.448938,0.973925,-0.225826,-0.018247,-0.011843,0.000000,2.000000,1.000000,0.000000,0.000000
4.710000,0.278248,0.040912,0.449029,0.973940,-0.225788,-0.017966,-0.011761,0.000000,2.000000,1.000000,0.000000,0.000000
4.715000,0.278143,0.040641,0.449121,0.973955,-0.225750,-0.017685,-0.011679,0.000000,2.000000,1.000000,0.000000,0.000000
4.720000,0.278045,0.040366,0.449208,0.973969,-0.225714,-0.017410,-0.011575,0.000000,2.000000,1.000000,0.000000,0.000000
4.725000,0.277946,0.040091,0.449296,0.973984,-0.225678,-0.017136,-0.011472,0.000000,2.000000,1.000000,0.000000,0.000000
4.730000,0.277848,0.039815,0.449383,0.973998,-0.225641,-0.016863,-0.011368,0.000000,2.000000,1.000000,0.000000,0.000000
4.735000,0.277750,0.039540,0.449471,0.974013,-0.225605,-0.016591,-0.011264,0.000000,2.000000,1.000000,0.000000,0.000000
4.740000,0.277651,0.039265,0.449558,0.974027,-0.225567,-0.016319,-0.011161,0.000000,2.000000,1.000000,0.000000,0.000000
4.745000,0.277553,0.038990,0.449646,0.974041,-0.225529,-0.016048,-0.011057,0.000000,2.000000,1.000000,0.000000,0.000000
4.750000,0.277455,0.038715,0.449733,0.974056,-0.225491,-0.015778,-0.010953,0.000000,2.000000,1.000000,0.000000,0.000000
4.755000,0.277364,0.038432,0.449808,0.974069,-0.225459,-0.015526,-0.010824,0.000000,2.000000,1.000000,0.000000,0.000000
4.760000,0.277273,0.038149,0.449883,0.974082,-0.225425,-0.015275,-0.010694,0.000000,2.000000,1.000000,0.000000,0.000000
4.765000,0.277182,0.037866,0.449957,0.974095,-0.225392,-0.015025,-0.010564,0.000000,2.000000,1.000000,0.000000,0.000000
4.770000,0.277091,0.037582,0.450032,0.974108,-0.225358,-0.014776,-0.010434,0.000000,2.000000,1.000000,0.000000,0.000000
4.775000,0.277000,0.037299,0.450107,0.974121,-0.225324,-0.014527,-0.010304,0.000000,2.000000,1.000000,0.000000,0.000000
4.780000,0.276909,0.037016,0.450182,0.974134,-0.225290,-0.014280,-0.010174,0.000000,2.000000,1.000000,0.000000,0.000000
4.785000,0.276819,0.036733,0.450256,0.974147,-0.225255,-0.014033,-0.010043,0.000000,2.000000,1.000000,0.000000,0.000000
4.790000,0.276735,0.036446,0.450326,0.974159,-0.225224,-0.013804,-0.009909,0.000000,2.000000,1.000000,0.000000,0.000000
4.795000,0.276651,0.036159,0.450397,0.974170,-0.225193,-0.013577,-0.009775,0.000000,2.000000,1.000000,0.000000,0.000000
4.800000,0.276567,0.035871,0.450467,0.974182,-0.225162,-0.013350,-0.009640,0.000000,2.000000,1.000000,0.000000,0.000000
4.805000,0.276484,0.035584,0.450537,0.974194,-0.225130,-0.013125,-0.009506,0.000000,2.000000,1.000000,0.000000,0.000000
4.810000,0.276400,0.035297,0.450607,0.974206,-0.225098,-0.012900,-0.009371,0.000000,2.000000,1.000000,0.000000,0.000000
4.815000,0.276316,0.035010,0.450677,0.974217,-0.225066,-0.012676,-0.009236,0.000000,2.000000,1.000000,0.000000,0.000000
4.820000,0.276232,0.034722,0.450747,0.974229,-0.225033,-0.012452,-0.009101,0.000000,2.000000,1.000000,0.000000,0.000000
4.825000,0.276160,0.034435,0.450827,0.974240,-0.225002,-0.012232,-0.008963,0.000000,2.000000,1.000000,0.000000,0.000000
4.830000,0.276087,0.034147,0.450906,0.974252,-0.224970,-0.012012,-0.008824,0.000000,2.000000,1.000000,0.000000,0.000000
4.835000,0.276014,0.033860,0.450985,0.974263,-0.224938,-0.011793,-0.008686,0.000000,2.000000,1.000000,0.000000,0.000000
4.840000,0.275942,0.033573,0.451065,0.974274,-0.224905,-0.011575,-0.008547,0.000000,2.000000,1.000000,0.000000,0.000000
4.845000,0.275869,0.033285,0.451144,0.974286,-0.224873,-0.011358,-0.008408,0.000000,2.000000,1.000000,0.000000,0.000000
4.850000,0.275796,0.032998,0.451224,0.974297,-0.224840,-0.011141,-0.008269,0.000000,2.000000,1.000000,0.000000,0.000000
4.855000,0.275724,0.032710,0.451303,0.974308,-0.224808,-0.010925,-0.008130,0.000000,2.000000,1.000000,0.000000,0.000000
4.860000,0.275670,0.032415,0.451399,0.974319,-0.224775,-0.010702,-0.007970,0.000000,2.000000,1.000000,0.000000,0.000000
4.865000,0.275615,0.032120,0.451495,0.974331,-0.224743,-0.010480,-0.007810,0.000000,2.000000,1.000000,0.000000,0.000000
4.870000,0.275561,0.031825,0.451591,0.974342,-0.224710,-0.010258,-0.007649,0.000000,2.000000,1.000000,0.000000,0.000000
4.875000,0.275507,0.031529,0.451687,0.974353,-0.224677,-0.010038,-0.007488,0.000000,2.000000,1.000000,0.000000,0.000000
4.880000,0.275453,0.031234,0.451783,0.974364,-0.224643,-0.009819,-0.007327,0.000000,2.000000,1.000000,0.000000,0.000000
4.885000,0.275399,0.030939,0.451879,0.974375,-0.224610,-0.009601,-0.007166,0.000000,2.000000,1.000000,0.000000,0.000000
4.890000,0.275361,0.030638,0.451987,0.974386,-0.224577,-0.009390,-0.007002,0.000000,2.000000,1.000000,0.000000,0.000000
4.895000,0.275323,0.030338,0.452095,0.974397,-0.224545,-0.009181,-0.006838,0.000000,2.000000,1.000000,0.000000,0.000000
4.900000,0.275285,0.030038,0.452203,0.974407,-0.224512,-0.008973,-0.006674,0.000000,2.000000,1.000000,0.000000,0.000000
4.905000,0.275247,0.029737,0.452312,0.974418,-0.224478,-0.008768,-0.006510,0.000000,2.000000,1.000000,0.000000,0.000000
4.910000,0.275209,0.029437,0.452420,0.974429,-0.224444,-0.008564,-0.006346,0.000000,2.000000,1.000000,0.000000,0.000000
4.915000,0.275171,0.029136,0.452528,0.974440,-0.224409,-0.008362,-0.006183,0.000000,2.000000,1.000000,0.000000,0.000000
4.920000,0.275133,0.028836,0.452636,0.974450,-0.224374,-0.008162,-0.006020,0.000000,2.000000,1.000000,0.000000,0.000000
4.925000,0.275106,0.028534,0.452748,0.974460,-0.224342,-0.007984,-0.005867,0.000000,2.000000,1.000000,0.000000,0.000000
4.930000,0.275079,0.028232,0.452861,0.974470,-0.224310,-0.007808,-0.005715,0.000000,2.000000,1.000000,0.000000,0.000000
4.935000,0.275052,0.027930,0.452973,0.974480,-0.224277,-0.007635,-0.005563,0.000000,2.000000,1.000000,0.000000,0.000000
4.940000,0.275025,0.027628,0.453085,0.974489,-0.224244,-0.007465,-0.005412,0.000000,2.000000,1.000000,0.000000,0.000000
4.945000,0.274998,0.027326,0.453198,0.974499,-0.224210,-0.007296,-0.005261,0.000000,2.000000,1.000000,0.000000,0.000000
4.950000,0.274971,0.027023,0.453310,0.974509,-0.224176,-0.007130,-0.005110,0.000000,2.000000,1.000000,0.000000,0.000000
4.955000,0.274944,0.026721,0.453422,0.974519,-0.224142,-0.006967,-0.004961,0.000000,2.000000,1.000000,0.000000,0.000000
4.960000,0.274923,0.026417,0.453532,0.974527,-0.224113,-0.006825,-0.004813,0.000000,2.000000,1.000000,0.000000,0.000000
4.965000,0.274903,0.026113,0.453641,0.974536,-0.224084,-0.006687,-0.004667,0.000000,2.000000,1.000000,0.000000,0.000000
4.970000,0.274882,0.025809,0.453750,0.974544,-0.224054,-0.006551,-0.004520,0.000000,2.000000,1.000000,0.000000,0.000000
4.975000,0.274861,0.025505,0.453859,0.974553,-0.224025,-0.006417,-0.004375,0.000000,2.000000,1.000000,0.000000,0.000000
4.980000,0.274840,0.025200,0.453968,0.974561,-0.223995,-0.006285,-0.004230,0.000000,2.000000,1.000000,0.000000,0.000000
4.985000,0.274820,0.024896,0.454078,0.974569,-0.223965,-0.006155,-0.004085,0.000000,2.000000,1.000000,0.000000,0.000000
4.990000,0.274799,0.024592,0.454187,0.974578,-0.223935,-0.006027,-0.003941,0.000000,2.000000,1.000000,0.000000,0.000000
4.995000,0.274782,0.024290,0.454285,0.974583,-0.223914,-0.005934,-0.003810,0.000000,2.000000,1.000000,0.000000,0.000000
5.000000,0.274765,0.023987,0.454382,0.974589,-0.223894,-0.005844,-0.003679,0.000000,2.000000,1.000000,0.000000,0.000000
5.005000,0.274748,0.023685,0.454480,0.974595,-0.223874,-0.005756,-0.003549,0.000000,2.000000,1.000000,0.000000,0.000000
5.010000,0.274731,0.023382,0.454578,0.974600,-0.223854,-0.005669,-0.003420,0.000000,2.000000,1.000000,0.000000,0.000000
5.015000,0.274714,0.023080,0.454676,0.974606,-0.223833,-0.005584,-0.003291,0.000000,2.000000,1.000000,0.000000,0.000000
5.020000,0.274697,0.022777,0.454774,0.974611,-0.223813,-0.005501,-0.003163,0.000000,2.000000,1.000000,0.000000,0.000000
5.025000,0.274680,0.022475,0.454871,0.974617,-0.223793,-0.005418,-0.003035,0.000000,2.000000,1.000000,0.000000,0.000000
5.030000,0.274666,0.022171,0.454957,0.974619,-0.223785,-0.005375,-0.002928,0.000000,2.000000,1.000000,0.000000,0.000000
5.035000,0.274652,0.021868,0.455043,0.974622,-0.223777,-0.005333,-0.002823,0.000000,2.000000,1.000000,0.000000,0.000000
5.040000,0.274638,0.021564,0.455129,0.974624,-0.223770,-0.005293,-0.002719,0.000000,2.000000,1.000000,0.000000,0.000000
5.045000,0.274624,0.021261,0.455215,0.974626,-0.223762,-0.005254,-0.002614,0.000000,2.000000,1.000000,0.000000,0.000000
5.050000,0.274610,0.020957,0.455302,0.974628,-0.223755,-0.005216,-0.002511,0.000000,2.000000,1.000000,0.000000,0.000000
5.055000,0.274597,0.020654,0.455388,0.974630,-0.223748,-0.005178,-0.002408,0.000000,2.000000,1.000000,0.000000,0.000000
5.060000,0.274585,0.020340,0.455459,0.974630,-0.223751,-0.005171,-0.002303,0.000000,2.000000,1.000000,0.000000,0.000000
5.065000,0.274574,0.020026,0.455531,0.974629,-0.223755,-0.005164,-0.002199,0.000000,2.000000,1.000000,0.000000,0.000000
5.070000,0.274563,0.019712,0.455602,0.974629,-0.223759,-0.005159,-0.002095,0.000000,2.000000,1.000000,0.000000,0.000000
5.075000,0.274552,0.019399,0.455674,0.974628,-0.223764,-0.005154,-0.001992,0.000000,2.000000,1.000000,0.000000,0.000000
5.080000,0.274541,0.019085,0.455745,0.974627,-0.223768,-0.005150,-0.001889,0.000000,2.000000,1.000000,0.000000,0.000000
5.085000,0.274530,0.018771,0.455817,0.974626,-0.223772,-0.005146,-0.001786,0.000000,2.000000,1.000000,0.000000,0.000000
5.090000,0.274519,0.018457,0.455888,0.974625,-0.223777,-0.005142,-0.001684,0.000000,2.000000,1.000000,0.000000,0.000000
5.095000,0.274509,0.018135,0.455947,0.974623,-0.223789,-0.005157,-0.001570,0.000000,2.000000,1.000000,0.000000,0.000000
5.100000,0.274499,0.017812,0.456006,0.974620,-0.223801,-0.005172,-0.001456,0.000000,2.000000,1.000000,0.000000,0.000000
5.105000,0.274490,0.017490,0.456064,0.974617,-0.223813,-0.005187,-0.001342,0.000000,2.000000,1.000000,0.000000,0.000000
5.110000,0.274480,0.017168,0.456123,0.974615,-0.223825,-0.005203,-0.001228,0.000000,2.000000,1.000000,0.000000,0.000000
5.115000,0.274470,0.016845,0.456182,0.974612,-0.223837,-0.005218,-0.001115,0.000000,2.000000,1.000000,0.000000,0.000000
5.120000,0.274460,0.016523,0.456240,0.974609,-0.223849,-0.005233,-0.001002,0.000000,2.000000,1.000000,0.000000,0.000000
5.125000,0.274450,0.016201,0.456299,0.974607,-0.223860,-0.005247,-0.000889,0.000000,2.000000,1.000000,0.000000,0.000000
5.130000,0.274439,0.015878,0.456349,0.974603,-0.223877,-0.005276,-0.000777,0.000000,2.000000,1.000000,0.000000,0.000000
5.135000,0.274428,0.015555,0.456400,0.974599,-0.223894,-0.005305,-0.000665,0.000000,2.000000,1.000000,0.000000,0.000000
5.140000,0.274417,0.015232,0.456450,0.974595,-0.223910,-0.005333,-0.000552,0.000000,2.000000,1.000000,0.000000,0.000000
5.145000,0.274406,0.014909,0.456501,0.974591,-0.223926,-0.005361,-0.000440,0.000000,2.000000,1.000000,0.000000,0.000000
5.150000,0.274395,0.014586,0.456551,0.974587,-0.223942,-0.005388,-0.000328,0.000000,2.000000,1.000000,0.000000,0.000000
5.155000,0.274384,0.014263,0.456601,0.974584,-0.223958,-0.005414,-0.000217,0.000000,2.000000,1.000000,0.000000,0.000000
5.160000,0.274373,0.013940,0.456652,0.974580,-0.223973,-0.005440,-0.000105,0.000000,2.000000,1.000000,0.000000,0.000000
5.165000,0.274365,0.013620,0.456695,0.974575,-0.223996,-0.005491,-0.000012,0.000000,2.000000,1.000000,0.000000,0.000000
5.170000,0.274356,0.013301,0.456738,0.974569,-0.224019,-0.005542,0.000081,0.000000,2.000000,1.000000,0.000000,0.000000
5.175000,0.274348,0.012981,0.456782,0.974563,-0.224042,-0.005592,0.000173,0.000000,2.000000,1.000000,0.000000,0.000000
5.180000,0.274339,0.012662,0.456825,0.974558,-0.224064,-0.005641,0.000265,0.000000,2.000000,1.000000,0.000000,0.000000
5.185000,0.274331,0.012342,0.456869,0.974553,-0.224086,-0.005690,0.000358,0.000000,2.000000,1.000000,0.000000,0.000000
5.190000,0.274322,0.012023,0.456912,0.974547,-0.224108,-0.005737,0.000450,0.000000,2.000000,1.000000,0.000000,0.000000
5.195000,0.274314,0.011703,0.456955,0.974542,-0.224129,-0.005783,0.000543,0.000000,2.000000,1.000000,0.000000,0.000000
5.200000,0.274307,0.011385,0.456998,0.974536,-0.224153,-0.005840,0.000629,0.000000,2.000000,1.000000,0.000000,0.000000
5.205000,0.274300,0.011066,0.457041,0.974530,-0.224177,-0.005896,0.000715,0.000000,2.000000,1.000000,0.000000,0.000000
5.210000,0.274293,0.010748,0.457084,0.974525,-0.224200,-0.005950,0.000801,0.000000,2.000000,1.000000,0.000000,0.000000
5.215000,0.274286,0.010429,0.457127,0.974519,-0.224223,-0.006005,0.000888,0.000000,2.000000,1.000000,0.000000,0.000000
5.220000,0.274279,0.010110,0.457170,0.974513,-0.224246,-0.006059,0.000975,0.000000,2.000000,1.000000,0.000000,0.000000
5.225000,0.274272,0.009792,0.457213,0.974507,-0.224270,-0.006114,0.001064,0.000000,2.000000,1.000000,0.000000,0.000000
5.230000,0.274263,0.009470,0.457259,0.974502,-0.224292,-0.006160,0.001172,0.000000,2.000000,1.000000,0.000000,0.000000
5.235000,0.274253,0.009148,0.457305,0.974496,-0.224315,-0.006207,0.001282,0.000000,2.000000,1.000000,0.000000,0.000000
5.240000,0.274244,0.008826,0.457350,0.974490,-0.224339,-0.006255,0.001392,0.000000,2.000000,1.000000,0.000000,0.000000
5.245000,0.274234,0.008505,0.457396,0.974484,-0.224364,-0.006303,0.001505,0.000000,2.000000,1.000000,0.000000,0.000000
5.250000,0.274224,0.008183,0.457442,0.974478,-0.224389,-0.006352,0.001618,0.000000,2.000000,1.000000,0.000000,0.000000
5.255000,0.274215,0.007861,0.457487,0.974471,-0.224414,-0.006401,0.001732,0.000000,2.000000,1.000000,0.000000,0.000000
5.260000,0.274205,0.007539,0.457533,0.974465,-0.224441,-0.006451,0.001847,0.000000,2.000000,1.000000,0.000000,0.000000
5.265000,0.274193,0.007211,0.457580,0.974458,-0.224467,-0.006498,0.001973,0.000000,2.000000,1.000000,0.000000,0.000000
5.270000,0.274180,0.006884,0.457627,0.974451,-0.224494,-0.006546,0.002099,0.000000,2.000000,1.000000,0.000000,0.000000
5.275000,0.274168,0.006556,0.457675,0.974444,-0.224522,-0.006594,0.002227,0.000000,2.000000,1.000000,0.000000,0.000000
5.280000,0.274156,0.006228,0.457722,0.974437,-0.224550,-0.006642,0.002355,0.000000,2.000000,1.000000,0.000000,0.000000
5.285000,0.274143,0.005900,0.457769,0.974430,-0.224578,-0.006691,0.002484,0.000000,2.000000,1.000000,0.000000,0.000000
5.290000,0.274131,0.005573,0.457816,0.974423,-0.224607,-0.006740,0.002614,0.000000,2.000000,1.000000,0.000000,0.000000
5.295000,0.274119,0.005245,0.457863,0.974415,-0.224636,-0.006790,0.002745,0.000000,2.000000,1.000000,0.000000,0.000000
5.300000,0.274106,0.004900,0.457907,0.974406,-0.224671,-0.006854,0.002878,0.000000,2.000000,1.000000,0.000000,0.000000
5.305000,0.274093,0.004555,0.457950,0.974397,-0.224707,-0.006919,0.003013,0.000000,2.000000,1.000000,0.000000,0.000000
5.310000,0.274080,0.004210,0.457994,0.974388,-0.224743,-0.006985,0.003147,0.000000,2.000000,1.000000,0.000000,0.000000
5.315000,0.274067,0.003864,0.458037,0.974378,-0.224780,-0.007051,0.003282,0.000000,2.000000,1.000000,0.000000,0.000000
5.320000,0.274054,0.003519,0.458080,0.974369,-0.224817,-0.007118,0.003418,0.000000,2.000000,1.000000,0.000000,0.000000
5.325000,0.274041,0.003174,0.458124,0.974359,-0.224855,-0.007186,0.003553,0.000000,2.000000,1.000000,0.000000,0.000000
5.330000,0.274028,0.002829,0.458167,0.974350,-0.224892,-0.007253,0.003689,0.000000,2.000000,1.000000,0.000000,0.000000
5.335000,0.274013,0.002463,0.458208,0.974339,-0.224934,-0.007329,0.003833,0.000000,2.000000,1.000000,0.000000,0.000000
5.340000,0.273997,0.002096,0.458250,0.974328,-0.224976,-0.007405,0.003978,0.000000,2.000000,1.000000,0.000000,0.000000
5.345000,0.273982,0.001730,0.458291,0.974317,-0.225018,-0.007481,0.004122,0.000000,2.000000,1.000000,0.000000,0.000000
5.350000,0.273967,0.001363,0.458332,0.974306,-0.225060,-0.007558,0.004266,0.000000,2.000000,1.000000,0.000000,0.000000
5.355000,0.273951,0.000997,0.458374,0.974295,-0.225102,-0.007635,0.004410,0.000000,2.000000,1.000000,0.000000,0.000000
5.360000,0.273936,0.000630,0.458415,0.974284,-0.225144,-0.007712,0.004554,0.000000,2.000000,1.000000,0.000000,0.000000
5.365000,0.273920,0.000264,0.458456,0.974273,-0.225186,-0.007789,0.004698,0.000000,2.000000,1.000000,0.000000,0.000000
5.370000,0.273900,-0.000116,0.458500,0.974263,-0.225226,-0.007858,0.004850,0.000000,2.000000,1.000000,0.000000,0.000000
5.375000,0.273879,-0.000497,0.458544,0.974252,-0.225265,-0.007927,0.005002,0.000000,2.000000,1.000000,0.000000,0.000000
5.380000,0.273858,-0.000877,0.458587,0.974242,-0.225305,-0.007996,0.005153,0.000000,2.000000,1.000000,0.000000,0.000000
5.385000,0.273837,-0.001257,0.458631,0.974231,-0.225344,-0.008065,0.005304,0.000000,2.000000,1.000000,0.000000,0.000000
5.390000,0.273817,-0.001637,0.458674,0.974221,-0.225383,-0.008134,0.005455,0.000000,2.000000,1.000000,0.000000,0.000000
5.395000,0.273796,-0.002017,0.458718,0.974210,-0.225422,-0.008203,0.005605,0.000000,2.000000,1.000000,0.000000,0.000000
5.400000,0.273771,-0.002408,0.458765,0.974201,-0.225458,-0.008263,0.005759,0.000000,2.000000,1.000000,0.000000,0.000000
5.405000,0.273746,-0.002800,0.458812,0.974191,-0.225494,-0.008324,0.005912,0.000000,2.000000,1.000000,0.000000,0.000000
5.410000,0.273721,-0.003191,0.458858,0.974182,-0.225529,-0.008384,0.006064,0.000000,2.000000,1.000000,0.000000,0.000000
5.415000,0.273697,-0.003582,0.458905,0.974172,-0.225564,-0.008443,0.006216,0.000000,2.000000,1.000000,0.000000,0.000000
5.420000,0.273672,-0.003973,0.458952,0.974163,-0.225598,-0.008503,0.006367,0.000000,2.000000,1.000000,0.000000,0.000000
5.425000,0.273647,-0.004365,0.458999,0.974153,-0.225632,-0.008563,0.006517,0.000000,2.000000,1.000000,0.000000,0.000000
5.430000,0.273622,-0.004756,0.459045,0.974144,-0.225666,-0.008623,0.006667,0.000000,2.000000,1.000000,0.000000,0.000000
5.435000,0.273595,-0.005154,0.459090,0.974134,-0.225700,-0.008682,0.006814,0.000000,2.000000,1.000000,0.000000,0.000000
5.440000,0.273568,-0.005553,0.459134,0.974125,-0.225733,-0.008742,0.006961,0.000000,2.000000,1.000000,0.000000,0.000000
5.445000,0.273542,-0.005952,0.459178,0.974116,-0.225766,-0.008801,0.007107,0.000000,2.000000,1.000000,0.000000,0.000000
5.450000,0.273515,-0.006350,0.459223,0.974107,-0.225798,-0.008861,0.007252,0.000000,2.000000,1.000000,0.000000,0.000000
5.455000,0.273488,-0.006749,0.459267,0.974098,-0.225831,-0.008920,0.007397,0.000000,2.000000,1.000000,0.000000,0.000000
5.460000,0.273461,-0.007147,0.459311,0.974089,-0.225863,-0.008979,0.007541,0.000000,2.000000,1.000000,0.000000,0.000000
5.465000,0.273434,-0.007546,0.459356,0.974080,-0.225894,-0.009038,0.007684,0.000000,2.000000,1.000000,0.000000,0.000000
5.470000,0.273404,-0.007950,0.459397,0.974071,-0.225924,-0.009093,0.007827,0.000000,2.000000,1.000000,0.000000,0.000000
5.475000,0.273375,-0.008353,0.459439,0.974062,-0.225954,-0.009147,0.007970,0.000000,2.000000,1.000000,0.000000,0.000000
5.480000,0.273345,-0.008757,0.459481,0.974054,-0.225983,-0.009201,0.008112,0.000000,2.000000,1.000000,0.000000,0.000000
5.485000,0.273315,-0.009161,0.459522,0.974046,-0.226012,-0.009255,0.008253,0.000000,2.000000,1.000000,0.000000,0.000000
5.490000,0.273285,-0.009565,0.459564,0.974037,-0.226041,-0.009309,0.008395,0.000000,2.000000,1.000000,0.000000,0.000000
5.495000,0.273255,-0.009969,0.459605,0.974029,-0.226069,-0.009362,0.008535,0.000000,2.000000,1.000000,0.000000,0.000000
5.500000,0.273226,-0.010373,0.459647,0.974020,-0.226098,-0.009416,0.008676,0.000000,2.000000,1.000000,0.000000,0.000000
5.505000,0.273193,-0.010777,0.459689,0.974013,-0.226123,-0.009461,0.008813,0.000000,2.000000,1.000000,0.000000,0.000000
5.510000,0.273160,-0.011182,0.459731,0.974005,-0.226148,-0.009506,0.008951,0.000000,2.000000,1.000000,0.000000,0.000000
5.515000,0.273127,-0.011586,0.459773,0.973998,-0.226173,-0.009551,0.009088,0.000000,2.000000,1.000000,0.000000,0.000000
5.520000,0.273095,-0.011990,0.459815,0.973991,-0.226197,-0.009596,0.009225,0.000000,2.000000,1.000000,0.000000,0.000000
5.525000,0.273062,-0.012395,0.459857,0.973983,-0.226221,-0.009640,0.009362,0.000000,2.000000,1.000000,0.000000,0.000000
5.530000,0.273029,-0.012799,0.459899,0.973976,-0.226245,-0.009683,0.009499,0.000000,2.000000,1.000000,0.000000,0.000000
5.535000,0.272996,-0.013203,0.459942,0.973969,-0.226269,-0.009727,0.009635,0.000000,2.000000,1.000000,0.000000,0.000000
5.540000,0.272964,-0.013605,0.459975,0.973961,-0.226295,-0.009773,0.009787,0.000000,2.000000,1.000000,0.000000,0.000000
5.545000,0.272932,-0.014008,0.460009,0.973953,-0.226320,-0.009819,0.009939,0.000000,2.000000,1.000000,0.000000,0.000000
5.550000,0.272900,-0.014410,0.460042,0.973945,-0.226346,-0.009865,0.010091,0.000000,2.000000,1.000000,0.000000,0.000000
5.555000,0.272867,-0.014812,0.460076,0.973937,-0.226372,-0.009910,0.010244,0.000000,2.000000,1.000000,0.000000,0.000000
5.560000,0.272835,-0.015214,0.460109,0.973929,-0.226397,-0.009955,0.010397,0.000000,2.000000,1.000000,0.000000,0.000000
5.565000,0.272803,-0.015616,0.460143,0.973921,-0.226423,-0.009999,0.010550,0.000000,2.000000,1.000000,0.000000,0.000000
5.570000,0.272772,-0.016015,0.460165,0.973911,-0.226452,-0.010055,0.010706,0.000000,2.000000,1.000000,0.000000,0.000000
5.575000,0.272741,-0.016414,0.460188,0.973902,-0.226482,-0.010110,0.010861,0.000000,2.000000,1.000000,0.000000,0.000000
5.580000,0.272710,-0.016813,0.460210,0.973893,-0.226512,-0.010165,0.011018,0.000000,2.000000,1.000000,0.000000,0.000000
5.585000,0.272679,-0.017212,0.460232,0.973884,-0.226542,-0.010220,0.011175,0.000000,2.000000,1.000000,0.000000,0.000000
5.590000,0.272648,-0.017611,0.460255,0.973874,-0.226572,-0.010274,0.011333,0.000000,2.000000,1.000000,0.000000,0.000000
5.595000,0.272617,-0.018010,0.460277,0.973865,-0.226602,-0.010327,0.011492,0.000000,2.000000,1.000000,0.000000,0.000000
5.600000,0.272586,-0.018409,0.460300,0.973855,-0.226633,-0.010380,0.011652,0.000000,2.000000,1.000000,0.000000,0.000000
5.605000,0.272554,-0.018792,0.460318,0.973846,-0.226663,-0.010443,0.011771,0.000000,2.000000,1.000000,0.000000,0.000000
5.610000,0.272522,-0.019174,0.460337,0.973837,-0.226693,-0.010505,0.011890,0.000000,2.000000,1.000000,0.000000,0.000000
5.615000,0.272490,-0.019557,0.460356,0.973828,-0.226723,-0.010566,0.012010,0.000000,2.000000,1.000000,0.000000,0.000000
5.620000,0.272458,-0.019939,0.460375,0.973819,-0.226753,-0.010627,0.012131,0.000000,2.000000,1.000000,0.000000,0.000000
5.625000,0.272426,-0.020322,0.460393,0.973809,-0.226784,-0.010688,0.012252,0.000000,2.000000,1.000000,0.000000,0.000000
5.630000,0.272394,-0.020704,0.460412,0.973800,-0.226814,-0.010747,0.012375,0.000000,2.000000,1.000000,0.000000,0.000000
5.635000,0.272362,-0.021087,0.460431,0.973791,-0.226844,-0.010806,0.012498,0.000000,2.000000,1.000000,0.000000,0.000000
5.640000,0.272329,-0.021454,0.460446,0.973782,-0.226876,-0.010892,0.012545,0.000000,2.000000,1.000000,0.000000,0.000000
5.645000,0.272296,-0.021822,0.460460,0.973773,-0.226908,-0.010978,0.012591,0.000000,2.000000,1.000000,0.000000,0.000000
5.650000,0.272263,-0.022189,0.460475,0.973764,-0.226939,-0.011064,0.012637,0.000000,2.000000,1.000000,0.000000,0.000000
5.655000,0.272230,-0.022556,0.460490,0.973755,-0.226971,-0.011149,0.012684,0.000000,2.000000,1.000000,0.000000,0.000000
5.660000,0.272197,-0.022924,0.460504,0.973746,-0.227002,-0.011233,0.012732,0.000000,2.000000,1.000000,0.000000,0.000000
5.665000,0.272163,-0.023291,0.460519,0.973737,-0.227033,-0.011316,0.012781,0.000000,2.000000,1.000000,0.000000,0.000000
5.670000,0.272130,-0.023658,0.460534,0.973729,-0.227064,-0.011399,0.012831,0.000000,2.000000,1.000000,0.000000,0.000000
5.675000,0.272098,-0.023998,0.460542,0.973720,-0.227097,-0.011527,0.012768,0.000000,2.000000,1.000000,0.000000,0.000000
5.680000,0.272065,-0.024338,0.460549,0.973712,-0.227130,-0.011655,0.012705,0.000000,2.000000,1.000000,0.000000,0.000000
5.685000,0.272033,-0.024678,0.460557,0.973703,-0.227163,-0.011782,0.012642,0.000000,2.000000,1.000000,0.000000,0.000000
5.690000,0.272000,-0.025018,0.460565,0.973695,-0.227196,-0.011909,0.012579,0.000000,2.000000,1.000000,0.000000,0.000000
5.695000,0.271968,-0.025358,0.460572,0.973687,-0.227228,-0.012036,0.012517,0.000000,2.000000,1.000000,0.000000,0.000000
5.700000,0.271935,-0.025697,0.460580,0.973679,-0.227260,-0.012161,0.012456,0.000000,2.000000,1.000000,0.000000,0.000000
5.705000,0.271903,-0.026037,0.460588,0.973670,-0.227291,-0.012287,0.012395,0.000000,2.000000,1.000000,0.000000,0.000000
5.710000,0.271872,-0.026346,0.460590,0.973663,-0.227322,-0.012441,0.012253,0.000000,2.000000,1.000000,0.000000,0.000000
5.715000,0.271841,-0.026654,0.460591,0.973656,-0.227352,-0.012595,0.012110,0.000000,2.000000,1.000000,0.000000,0.000000
5.720000,0.271810,-0.026962,0.460593,0.973649,-0.227382,-0.012749,0.011968,0.000000,2.000000,1.000000,0.000000,0.000000
5.725000,0.271779,-0.027270,0.460595,0.973641,-0.227412,-0.012902,0.011826,0.000000,2.000000,1.000000,0.000000,0.000000
5.730000,0.271748,-0.027579,0.460596,0.973634,-0.227441,-0.013055,0.011686,0.000000,2.000000,1.000000,0.000000,0.000000
5.735000,0.271717,-0.027887,0.460598,0.973627,-0.227469,-0.013207,0.011547,0.000000,2.000000,1.000000,0.000000,0.000000
5.740000,0.271688,-0.028187,0.460591,0.973620,-0.227497,-0.013377,0.011376,0.000000,2.000000,1.000000,0.000000,0.000000
5.745000,0.271659,-0.028488,0.460585,0.973614,-0.227525,-0.013546,0.011205,0.000000,2.000000,1.000000,0.000000,0.000000
5.750000,0.271630,-0.028789,0.460578,0.973607,-0.227553,-0.013715,0.011036,0.000000,2.000000,1.000000,0.000000,0.000000
5.755000,0.271601,-0.029089,0.460572,0.973600,-0.227579,-0.013883,0.010868,0.000000,2.000000,1.000000,0.000000,0.000000
5.760000,0.271572,-0.029390,0.460565,0.973593,-0.227605,-0.014052,0.010701,0.000000,2.000000,1.000000,0.000000,0.000000
5.765000,0.271543,-0.029691,0.460558,0.973587,-0.227631,-0.014220,0.010536,0.000000,2.000000,1.000000,0.000000,0.000000
5.770000,0.271514,-0.029991,0.460552,0.973580,-0.227656,-0.014388,0.010372,0.000000,2.000000,1.000000,0.000000,0.000000
5.775000,0.271489,-0.030280,0.460534,0.973573,-0.227682,-0.014566,0.010199,0.000000,2.000000,1.000000,0.000000,0.000000
5.780000,0.271464,-0.030569,0.460517,0.973566,-0.227708,-0.014744,0.010028,0.000000,2.000000,1.000000,0.000000,0.000000
5.785000,0.271438,-0.030857,0.460499,0.973559,-0.227733,-0.014922,0.009858,0.000000,2.000000,1.000000,0.000000,0.000000
5.790000,0.271413,-0.031146,0.460482,0.973552,-0.227758,-0.015100,0.009689,0.000000,2.000000,1.000000,0.000000,0.000000
5.795000,0.271388,-0.031434,0.460464,0.973546,-0.227782,-0.015278,0.009521,0.000000,2.000000,1.000000,0.000000,0.000000
5.800000,0.271363,-0.031723,0.460447,0.973539,-0.227806,-0.015455,0.009354,0.000000,2.000000,1.000000,0.000000,0.000000
5.805000,0.271338,-0.032012,0.460429,0.973532,-0.227829,-0.015633,0.009189,0.000000,2.000000,1.000000,0.000000,0.000000
5.810000,0.271315,-0.032283,0.460405,0.973525,-0.227853,-0.015810,0.009025,0.000000,2.000000,1.000000,0.000000,0.000000
5.815000,0.271293,-0.032555,0.460381,0.973519,-0.227875,-0.015987,0.008863,0.000000,2.000000,1.000000,0.000000,0.000000
5.820000,0.271270,-0.032826,0.460358,0.973512,-0.227897,-0.016164,0.008702,0.000000,2.000000,1.000000,0.000000,0.000000
5.825000,0.271248,-0.033097,0.460334,0.973505,-0.227919,-0.016340,0.008541,0.000000,2.000000,1.000000,0.000000,0.000000
5.830000,0.271225,-0.033369,0.460310,0.973499,-0.227941,-0.016517,0.008382,0.000000,2.000000,1.000000,0.000000,0.000000
5.835000,0.271202,-0.033640,0.460286,0.973492,-0.227961,-0.016693,0.008224,0.000000,2.000000,1.000000,0.000000,0.000000
5.840000,0.271180,-0.033912,0.460262,0.973486,-0.227982,-0.016870,0.008067,0.000000,2.000000,1.000000,0.000000,0.000000
5.845000,0.271155,-0.034180,0.460239,0.973480,-0.228001,-0.017042,0.007908,0.000000,2.000000,1.000000,0.000000,0.000000
5.850000,0.271131,-0.034448,0.460216,0.973474,-0.228019,-0.017214,0.007750,0.000000,2.000000,1.000000,0.000000,0.000000
5.855000,0.271107,-0.034716,0.460193,0.973468,-0.228037,-0.017385,0.007593,0.000000,2.000000,1.000000,0.000000,0.000000
5.860000,0.271083,-0.034984,0.460170,0.973462,-0.228055,-0.017557,0.007436,0.000000,2.000000,1.000000,0.000000,0.000000
5.865000,0.271058,-0.035252,0.460147,0.973456,-0.228072,-0.017728,0.007280,0.000000,2.000000,1.000000,0.000000,0.000000
5.870000,0.271034,-0.035520,0.460123,0.973450,-0.228089,-0.017899,0.007124,0.000000,2.000000,1.000000,0.000000,0.000000
5.875000,0.271010,-0.035789,0.460100,0.973444,-0.228106,-0.018071,0.006969,0.000000,2.000000,1.000000,0.000000,0.000000
5.880000,0.270984,-0.036062,0.460078,0.973438,-0.228123,-0.018243,0.006810,0.000000,2.000000,1.000000,0.000000,0.000000
5.885000,0.270957,-0.036335,0.460055,0.973432,-0.228139,-0.018415,0.006652,0.000000,2.000000,1.000000,0.000000,0.000000
5.890000,0.270931,-0.036608,0.460032,0.973426,-0.228156,-0.018588,0.006493,0.000000,2.000000,1.000000,0.000000,0.000000
5.895000,0.270905,-0.036882,0.460009,0.973419,-0.228172,-0.018760,0.006335,0.000000,2.000000,1.000000,0.000000,0.000000
5.900000,0.270879,-0.037155,0.459987,0.973413,-0.228188,-0.018932,0.006176,0.000000,2.000000,1.000000,0.000000,0.000000
5.905000,0.270852,-0.037428,0.459964,0.973407,-0.228205,-0.019104,0.006016,0.000000,2.000000,1.000000,0.000000,0.000000
5.910000,0.270825,-0.037703,0.459940,0.973400,-0.228223,-0.019277,0.005863,0.000000,2.000000,1.000000,0.000000,0.000000
5.915000,0.270797,-0.037978,0.459917,0.973394,-0.228241,-0.019450,0.005709,0.000000,2.000000,1.000000,0.000000,0.000000
5.920000,0.270769,-0.038253,0.459893,0.973387,-0.228259,-0.019624,0.005555,0.000000,2.000000,1.000000,0.000000,0.000000
5.925000,0.270741,-0.038528,0.459869,0.973380,-0.228278,-0.019797,0.005400,0.000000,2.000000,1.000000,0.000000,0.000000
5.930000,0.270714,-0.038803,0.459846,0.973373,-0.228296,-0.019970,0.005244,0.000000,2.000000,1.000000,0.000000,0.000000
5.935000,0.270686,-0.039077,0.459822,0.973366,-0.228315,-0.020143,0.005087,0.000000,2.000000,1.000000,0.000000,0.000000
5.940000,0.270658,-0.039352,0.459798,0.973358,-0.228334,-0.020316,0.004929,0.000000,2.000000,1.000000,0.000000,0.000000
5.945000,0.270628,-0.039631,0.459775,0.973351,-0.228354,-0.020489,0.004778,0.000000,2.000000,1.000000,0.000000,0.000000
5.950000,0.270597,-0.039910,0.459752,0.973343,-0.228375,-0.020662,0.004625,0.000000,2.000000,1.000000,0.000000,0.000000
5.955000,0.270567,-0.040189,0.459729,0.973335,-0.228396,-0.020835,0.004471,0.000000,2.000000,1.000000,0.000000,0.000000
5.960000,0.270537,-0.040469,0.459705,0.973327,-0.228417,-0.021008,0.004316,0.000000,2.000000,1.000000,0.000000,0.000000
5.965000,0.270506,-0.040748,0.459682,0.973319,-0.228438,-0.021181,0.004160,0.000000,2.000000,1.000000,0.000000,0.000000
5.970000,0.270476,-0.041027,0.459659,0.973311,-0.228460,-0.021354,0.004003,0.000000,2.000000,1.000000,0.000000,0.000000
5.975000,0.270446,-0.041306,0.459636,0.973302,-0.228483,-0.021527,0.003844,0.000000,2.000000,1.000000,0.000000,0.000000
5.980000,0.270410,-0.041603,0.459613,0.973293,-0.228506,-0.021705,0.003683,0.000000,2.000000,1.000000,0.000000,0.000000
5.985000,0.270374,-0.041900,0.459591,0.973284,-0.228531,-0.021883,0.003521,0.000000,2.000000,1.000000,0.000000,0.000000
5.990000,0.270338,-0.042198,0.459569,0.973275,-0.228556,-0.022061,0.003357,0.000000,2.000000,1.000000,0.000000,0.000000
5.995000,0.270303,-0.042495,0.459547,0.973265,-0.228582,-0.022239,0.003191,0.000000,2.000000,1.000000,0.000000,0.000000
6.000000,0.270267,-0.042792,0.459524,0.973256,-0.228608,-0.022417,0.003023,0.000000,2.000000,1.000000,0.000000,0.000000
6.005000,0.270231,-0.043090,0.459502,0.973246,-0.228635,-0.022595,0.002852,0.000000,2.000000,1.000000,0.000000,0.000000
6.010000,0.270195,-0.043387,0.459480,0.973236,-0.228663,-0.022774,0.002679,0.000000,2.000000,1.000000,0.000000,0.000000
6.015000,0.270156,-0.043698,0.459457,0.973225,-0.228693,-0.022955,0.002506,0.000000,2.000000,1.000000,0.000000,0.000000
6.020000,0.270116,-0.044009,0.459434,0.973214,-0.228723,-0.023137,0.002330,0.000000,2.000000,1.000000,0.000000,0.000000
6.025000,0.270076,-0.044320,0.459411,0.973202,-0.228755,-0.023319,0.002152,0.000000,2.000000,1.000000,0.000000,0.000000
6.030000,0.270037,-0.044631,0.459388,0.973191,-0.228787,-0.023501,0.001971,0.000000,2.000000,1.000000,0.000000,0.000000
6.035000,0.269997,-0.044942,0.459365,0.973179,-0.228821,-0.023683,0.001788,0.000000,2.000000,1.000000,0.000000,0.000000
6.040000,0.269957,-0.045253,0.459342,0.973166,-0.228856,-0.023865,0.001601,0.000000,2.000000,1.000000,0.000000,0.000000
6.045000,0.269918,-0.045564,0.459319,0.973154,-0.228891,-0.024048,0.001412,0.000000,2.000000,1.000000,0.000000,0.000000
6.050000,0.269876,-0.045877,0.459295,0.973141,-0.228928,-0.024229,0.001229,0.000000,2.000000,1.000000,0.000000,0.000000
6.055000,0.269835,-0.046190,0.459270,0.973128,-0.228967,-0.024410,0.001043,0.000000,2.000000,1.000000,0.000000,0.000000
6.060000,0.269794,-0.046503,0.459246,0.973114,-0.229006,-0.024591,0.000855,0.000000,2.000000,1.000000,0.000000,0.000000
6.065000,0.269752,-0.046815,0.459221,0.973100,-0.229046,-0.024772,0.000664,0.000000,2.000000,1.000000,0.000000,0.000000
6.070000,0.269711,-0.047128,0.459197,0.973086,-0.229088,-0.024953,0.000471,0.000000,2.000000,1.000000,0.000000,0.000000
6.075000,0.269670,-0.047441,0.459173,0.973071,-0.229131,-0.025135,0.000275,0.000000,2.000000,1.000000,0.000000,0.000000
6.080000,0.269626,-0.047757,0.459148,0.973056,-0.229174,-0.025315,0.000082,0.000000,2.000000,1.000000,0.000000,0.000000
6.085000,0.269582,-0.048074,0.459123,0.973041,-0.229219,-0.025495,-0.000113,0.000000,2.000000,1.000000,0.000000,0.000000
6.090000,0.269538,-0.048390,0.459098,0.973025,-0.229265,-0.025676,-0.000310,0.000000,2.000000,1.000000,0.000000,0.000000
6.095000,0.269494,-0.048706,0.459073,0.973009,-0.229313,-0.025856,-0.000510,0.000000,2.000000,1.000000,0.000000,0.000000
6.100000,0.269450,-0.049023,0.459048,0.972993,-0.229361,-0.026037,-0.000712,0.000000,2.000000,1.000000,0.000000,0.000000
6.105000,0.269406,-0.049339,0.459023,0.972976,-0.229410,-0.026217,-0.000917,0.000000,2.000000,1.000000,0.000000,0.000000
6.110000,0.269362,-0.049655,0.458998,0.972959,-0.229461,-0.026397,-0.001123,0.000000,2.000000,1.000000,0.000000,0.000000
6.115000,0.269315,-0.049974,0.458973,0.972942,-0.229512,-0.026575,-0.001329,0.000000,2.000000,1.000000,0.000000,0.000000
6.120000,0.269269,-0.050294,0.458948,0.972925,-0.229564,-0.026753,-0.001536,0.000000,2.000000,1.000000,0.000000,0.000000
6.125000,0.269223,-0.050613,0.458924,0.972907,-0.229618,-0.026931,-0.001745,0.000000,2.000000,1.000000,0.000000,0.000000
6.130000,0.269177,-0.050932,0.458899,0.972889,-0.229672,-0.027109,-0.001956,0.000000,2.000000,1.000000,0.000000,0.000000
6.135000,0.269130,-0.051251,0.458874,0.972870,-0.229727,-0.027287,-0.002169,0.000000,2.000000,1.000000,0.000000,0.000000
6.140000,0.269084,-0.051570,0.458850,0.972851,-0.229784,-0.027465,-0.002384,0.000000,2.000000,1.000000,0.000000,0.000000
6.145000,0.269038,-0.051889,0.458825,0.972832,-0.229842,-0.027643,-0.002601,0.000000,2.000000,1.000000,0.000000,0.000000
6.150000,0.268991,-0.052202,0.458803,0.972813,-0.229898,-0.027814,-0.002803,0.000000,2.000000,1.000000,0.000000,0.000000
6.155000,0.268944,-0.052514,0.458780,0.972794,-0.229955,-0.027984,-0.003006,0.000000,2.000000,1.000000,0.000000,0.000000
6.160000,0.268897,-0.052827,0.458758,0.972775,-0.230013,-0.028155,-0.003210,0.000000,2.000000,1.000000,0.000000,0.000000
6.165000,0.268850,-0.053139,0.458736,0.972755,-0.230071,-0.028326,-0.003415,0.000000,2.000000,1.000000,0.000000,0.000000
6.170000,0.268803,-0.053452,0.458713,0.972736,-0.230130,-0.028496,-0.003621,0.000000,2.000000,1.000000,0.000000,0.000000
6.175000,0.268756,-0.053764,0.458691,0.972716,-0.230190,-0.028667,-0.003829,0.000000,2.000000,1.000000,0.000000,0.000000
6.180000,0.268709,-0.054077,0.458669,0.972696,-0.230251,-0.028838,-0.004037,0.000000,2.000000,1.000000,0.000000,0.000000
6.185000,0.268661,-0.054386,0.458650,0.972677,-0.230308,-0.028998,-0.004214,0.000000,2.000000,1.000000,0.000000,0.000000
6.190000,0.268614,-0.054695,0.458631,0.972657,-0.230365,-0.029159,-0.004391,0.000000,2.000000,1.000000,0.000000,0.000000
6.195000,0.268566,-0.055004,0.458612,0.972638,-0.230423,-0.029319,-0.004569,0.000000,2.000000,1.000000,0.000000,0.000000
6.200000,0.268518,-0.055313,0.458593,0.972619,-0.230480,-0.029480,-0.004746,0.000000,2.000000,1.000000,0.000000,0.000000
6.205000,0.268470,-0.055623,0.458573,0.972599,-0.230539,-0.029641,-0.004924,0.000000,2.000000,1.000000,0.000000,0.000000
6.210000,0.268422,-0.055932,0.458554,0.972579,-0.230597,-0.029802,-0.005103,0.000000,2.000000,1.000000,0.000000,0.000000
6.215000,0.268375,-0.056241,0.458535,0.972560,-0.230656,-0.029963,-0.005282,0.000000,2.000000,1.000000,0.000000,0.000000
6.220000,0.268324,-0.056563,0.458520,0.972542,-0.230709,-0.030111,-0.005412,0.000000,2.000000,1.000000,0.000000,0.000000
6.225000,0.268274,-0.056886,0.458505,0.972524,-0.230762,-0.030258,-0.005542,0.000000,2.000000,1.000000,0.000000,0.000000
6.230000,0.268224,-0.057208,0.458490,0.972506,-0.230815,-0.030406,-0.005671,0.000000,2.000000,1.000000,0.000000,0.000000
6.235000,0.268174,-0.057530,0.458475,0.972488,-0.230868,-0.030554,-0.005801,0.000000,2.000000,1.000000,0.000000,0.000000
6.240000,0.268124,-0.057853,0.458459,0.972470,-0.230922,-0.030702,-0.005930,0.000000,2.000000,1.000000,0.000000,0.000000
6.245000,0.268074,-0.058175,0.458444,0.972451,-0.230976,-0.030851,-0.006060,0.000000,2.000000,1.000000,0.000000,0.000000
6.250000,0.268022,-0.058511,0.458434,0.972436,-0.231022,-0.030982,-0.006133,0.000000,2.000000,1.000000,0.000000,0.000000
6.255000,0.267971,-0.058846,0.458424,0.972420,-0.231068,-0.031113,-0.006205,0.000000,2.000000,1.000000,0.000000,0.000000
6.260000,0.267919,-0.059182,0.458414,0.972404,-0.231115,-0.031244,-0.006276,0.000000,2.000000,1.000000,0.000000,0.000000
6.265000,0.267868,-0.059518,0.458404,0.972389,-0.231161,-0.031376,-0.006347,0.000000,2.000000,1.000000,0.000000,0.000000
6.270000,0.267816,-0.059853,0.458394,0.972373,-0.231208,-0.031508,-0.006419,0.000000,2.000000,1.000000,0.000000,0.000000
6.275000,0.267765,-0.060189,0.458385,0.972357,-0.231255,-0.031641,-0.006490,0.000000,2.000000,1.000000,0.000000,0.000000
6.280000,0.267713,-0.060525,0.458375,0.972341,-0.231303,-0.031774,-0.006561,0.000000,2.000000,1.000000,0.000000,0.000000
6.285000,0.267661,-0.060868,0.458376,0.972327,-0.231342,-0.031888,-0.006580,0.000000,2.000000,1.000000,0.000000,0.000000
6.290000,0.267609,-0.061211,0.458377,0.972314,-0.231382,-0.032002,-0.006599,0.000000,2.000000,1.000000,0.000000,0.000000
6.295000,0.267557,-0.061555,0.458379,0.972301,-0.231422,-0.032116,-0.006617,0.000000,2.000000,1.000000,0.000000,0.000000
6.300000,0.267505,-0.061898,0.458380,0.972287,-0.231463,-0.032231,-0.006635,0.000000,2.000000,1.000000,0.000000,0.000000
6.305000,0.267454,-0.062241,0.458381,0.972273,-0.231503,-0.032347,-0.006652,0.000000,2.000000,1.000000,0.000000,0.000000
6.310000,0.267402,-0.062585,0.458383,0.972260,-0.231544,-0.032463,-0.006670,0.000000,2.000000,1.000000,0.000000,0.000000
6.315000,0.267350,-0.062928,0.458384,0.972246,-0.231586,-0.032579,-0.006687,0.000000,2.000000,1.000000,0.000000,0.000000
6.320000,0.267297,-0.063280,0.458399,0.972234,-0.231621,-0.032679,-0.006676,0.000000,2.000000,1.000000,0.000000,0.000000
6.325000,0.267244,-0.063632,0.458414,0.972222,-0.231657,-0.032780,-0.006665,0.000000,2.000000,1.000000,0.000000,0.000000
6.330000,0.267191,-0.063984,0.458429,0.972210,-0.231693,-0.032881,-0.006653,0.000000,2.000000,1.000000,0.000000,0.000000
6.335000,0.267138,-0.064336,0.458444,0.972198,-0.231729,-0.032982,-0.006641,0.000000,2.000000,1.000000,0.000000,0.000000
6.340000,0.267085,-0.064689,0.458459,0.972186,-0.231766,-0.033085,-0.006629,0.000000,2.000000,1.000000,0.000000,0.000000
6.345000,0.267032,-0.065041,0.458474,0.972174,-0.231804,-0.033188,-0.006617,0.000000,2.000000,1.000000,-0.000000,0.000000
6.350000,0.266979,-0.065393,0.458489,0.972161,-0.231842,-0.033291,-0.006604,0.000000,2.000000,1.000000,0.000000,0.000000
6.355000,0.266924,-0.065759,0.458514,0.972151,-0.231873,-0.033378,-0.006559,0.000000,2.000000,1.000000,0.000000,0.000000
6.360000,0.266869,-0.066125,0.458538,0.972141,-0.231905,-0.033464,-0.006513,0.000000,2.000000,1.000000,0.000000,0.000000
6.365000,0.266814,-0.066490,0.458563,0.972130,-0.231938,-0.033552,-0.006467,0.000000,2.000000,1.000000,0.000000,0.000000
6.370000,0.266759,-0.066856,0.458587,0.972120,-0.231970,-0.033640,-0.006420,0.000000,2.000000,1.000000,0.000000,0.000000
6.375000,0.266704,-0.067222,0.458611,0.972109,-0.232004,-0.033729,-0.006374,0.000000,2.000000,1.000000,0.000000,0.000000
6.380000,0.266649,-0.067588,0.458636,0.972098,-0.232038,-0.033819,-0.006326,0.000000,2.000000,1.000000,0.000000,0.000000
6.385000,0.266594,-0.067954,0.458660,0.972087,-0.232073,-0.033910,-0.006279,0.000000,2.000000,1.000000,0.000000,0.000000
6.390000,0.266536,-0.068336,0.458688,0.972079,-0.232099,-0.033980,-0.006172,0.000000,2.000000,1.000000,0.000000,0.000000
6.395000,0.266479,-0.068719,0.458715,0.972071,-0.232126,-0.034049,-0.006063,0.000000,2.000000,1.000000,0.000000,0.000000
6.400000,0.266421,-0.069101,0.458743,0.972062,-0.232154,-0.034120,-0.005954,0.000000,2.000000,1.000000,0.000000,0.000000
6.405000,0.266364,-0.069484,0.458770,0.972053,-0.232183,-0.034192,-0.005844,0.000000,2.000000,1.000000,0.000000,0.000000
6.410000,0.266306,-0.069866,0.458798,0.972045,-0.232212,-0.034264,-0.005733,0.000000,2.000000,1.000000,0.000000,0.000000
6.415000,0.266249,-0.070249,0.458825,0.972036,-0.232242,-0.034337,-0.005623,0.000000,2.000000,1.000000,0.000000,0.000000
6.420000,0.266189,-0.070639,0.458848,0.972029,-0.232266,-0.034395,-0.005429,0.000000,2.000000,1.000000,0.000000,0.000000
6.425000,0.266128,-0.071029,0.458871,0.972022,-0.232292,-0.034454,-0.005233,0.000000,2.000000,1.000000,0.000000,0.000000
6.430000,0.266068,-0.071419,0.458895,0.972014,-0.232319,-0.034513,-0.005036,0.000000,2.000000,1.000000,0.000000,0.000000
6.435000,0.266008,-0.071810,0.458918,0.972006,-0.232346,-0.034572,-0.004838,0.000000,2.000000,1.000000,0.000000,0.000000
6.440000,0.265947,-0.072200,0.458941,0.971998,-0.232375,-0.034633,-0.004639,0.000000,2.000000,1.000000,0.000000,0.000000
6.445000,0.265887,-0.072590,0.458964,0.971990,-0.232405,-0.034694,-0.004439,0.000000,2.000000,1.000000,0.000000,0.000000
6.450000,0.265827,-0.072981,0.458987,0.971981,-0.232436,-0.034756,-0.004238,0.000000,2.000000,1.000000,0.000000,0.000000
6.455000,0.265760,-0.073374,0.458995,0.971972,-0.232471,-0.034823,-0.003965,0.000000,2.000000,1.000000,0.000000,0.000000
6.460000,0.265692,-0.073767,0.459003,0.971961,-0.232508,-0.034891,-0.003689,0.000000,2.000000,1.000000,0.000000,0.000000
6.465000,0.265625,-0.074159,0.459011,0.971951,-0.232547,-0.034959,-0.003412,0.000000,2.000000,1.000000,0.000000,0.000000
6.470000,0.265558,-0.074552,0.459019,0.971939,-0.232588,-0.035027,-0.003134,0.000000,2.000000,1.000000,0.000000,0.000000
6.475000,0.265490,-0.074945,0.459027,0.971928,-0.232629,-0.035095,-0.002855,0.000000,2.000000,1.000000,0.000000,0.000000
6.480000,0.265423,-0.075338,0.459035,0.971916,-0.232673,-0.035164,-0.002574,0.000000,2.000000,1.000000,0.000000,0.000000
6.485000,0.265356,-0.075731,0.459043,0.971903,-0.232717,-0.035233,-0.002292,0.000000,2.000000,1.000000,0.000000,0.000000
6.490000,0.265279,-0.076133,0.459029,0.971888,-0.232772,-0.035317,-0.001963,0.000000,2.000000,1.000000,0.000000,0.000000
6.495000,0.265202,-0.076534,0.459015,0.971872,-0.232830,-0.035402,-0.001633,0.000000,2.000000,1.000000,0.000000,0.000000
6.500000,0.265124,-0.076936,0.459000,0.971855,-0.232889,-0.035487,-0.001302,0.000000,2.000000,1.000000,0.000000,0.000000
6.505000,0.265047,-0.077338,0.458986,0.971838,-0.232950,-0.035571,-0.000969,0.000000,2.000000,1.000000,0.000000,0.000000
6.510000,0.264970,-0.077739,0.458971,0.971820,-0.233012,-0.035655,-0.000635,0.000000,2.000000,1.000000,0.000000,0.000000
6.515000,0.264893,-0.078141,0.458957,0.971802,-0.233076,-0.035738,-0.000300,0.000000,2.000000,1.000000,0.000000,0.000000
6.520000,0.264815,-0.078543,0.458942,0.971783,-0.233141,-0.035822,0.000037,0.000000,2.000000,1.000000,0.000000,0.000000
6.525000,0.264733,-0.078947,0.458913,0.971763,-0.233211,-0.035904,0.000407,0.000000,2.000000,1.000000,0.000000,0.000000
6.530000,0.264650,-0.079352,0.458883,0.971743,-0.233282,-0.035987,0.000779,0.000000,2.000000,1.000000,0.000000,0.000000
6.535000,0.264567,-0.079757,0.458853,0.971722,-0.233355,-0.036068,0.001152,0.000000,2.000000,1.000000,0.000000,0.000000
6.540000,0.264484,-0.080161,0.458824,0.971700,-0.233430,-0.036148,0.001526,0.000000,2.000000,1.000000,0.000000,0.000000
6.545000,0.264401,-0.080566,0.458794,0.971678,-0.233506,-0.036228,0.001902,0.000000,2.000000,1.000000,0.000000,0.000000
6.550000,0.264318,-0.080971,0.458765,0.971656,-0.233584,-0.036307,0.002278,0.000000,2.000000,1.000000,0.000000,0.000000
6.555000,0.264235,-0.081375,0.458735,0.971633,-0.233663,-0.036385,0.002656,0.000000,2.000000,1.000000,0.000000,0.000000
6.560000,0.264152,-0.081777,0.458700,0.971611,-0.233740,-0.036457,0.003023,0.000000,2.000000,1.000000,0.000000,0.000000
6.565000,0.264069,-0.082178,0.458665,0.971588,-0.233818,-0.036527,0.003392,0.000000,2.000000,1.000000,0.000000,0.000000
6.570000,0.263985,-0.082579,0.458630,0.971565,-0.233897,-0.036597,0.003762,0.000000,2.000000,1.000000,0.000000,0.000000
6.575000,0.263902,-0.082980,0.458595,0.971542,-0.233977,-0.036666,0.004132,0.000000,2.000000,1.000000,0.000000,0.000000
6.580000,0.263818,-0.083381,0.458560,0.971518,-0.234059,-0.036734,0.004503,0.000000,2.000000,1.000000,0.000000,0.000000
6.585000,0.263735,-0.083782,0.458525,0.971493,-0.234142,-0.036802,0.004876,0.000000,2.000000,1.000000,0.000000,0.000000
6.590000,0.263652,-0.084184,0.458489,0.971470,-0.234222,-0.036874,0.005202,0.000000,2.000000,1.000000,0.000000,0.000000
6.595000,0.263570,-0.084587,0.458453,0.971446,-0.234303,-0.036946,0.005528,0.000000,2.000000,1.000000,0.000000,0.000000
6.600000,0.263488,-0.084989,0.458417,0.971421,-0.234384,-0.037018,0.005856,0.000000,2.000000,1.000000,0.000000,0.000000
6.605000,0.263406,-0.085392,0.458381,0.971397,-0.234466,-0.037088,0.006184,0.000000,2.000000,1.000000,0.000000,0.000000
6.610000,0.263323,-0.085795,0.458345,0.971372,-0.234549,-0.037158,0.006512,0.000000,2.000000,1.000000,0.000000,0.000000
6.615000,0.263241,-0.086197,0.458309,0.971347,-0.234632,-0.037228,0.006841,0.000000,2.000000,1.000000,0.000000,0.000000
6.620000,0.263159,-0.086600,0.458273,0.971322,-0.234716,-0.037297,0.007171,0.000000,2.000000,1.000000,0.000000,0.000000
6.625000,0.263080,-0.086998,0.458242,0.971298,-0.234795,-0.037377,0.007433,0.000000,2.000000,1.000000,0.000000,0.000000
6.630000,0.263001,-0.087396,0.458211,0.971274,-0.234873,-0.037456,0.007695,0.000000,2.000000,1.000000,0.000000,0.000000
6.635000,0.262922,-0.087795,0.458180,0.971249,-0.234952,-0.037536,0.007958,0.000000,2.000000,1.000000,0.000000,0.000000
6.640000,0.262843,-0.088193,0.458149,0.971225,-0.235030,-0.037615,0.008220,0.000000,2.000000,1.000000,0.000000,0.000000
6.645000,0.262764,-0.088592,0.458117,0.971201,-0.235109,-0.037694,0.008483,0.000000,2.000000,1.000000,0.000000,0.000000
6.650000,0.262685,-0.088990,0.458086,0.971176,-0.235188,-0.037772,0.008747,0.000000,2.000000,1.000000,0.000000,0.000000
6.655000,0.262606,-0.089388,0.458055,0.971152,-0.235267,-0.037850,0.009011,0.000000,2.000000,1.000000,0.000000,0.000000
6.660000,0.262533,-0.089773,0.458035,0.971131,-0.235332,-0.037939,0.009166,0.000000,2.000000,1.000000,0.000000,0.000000
6.665000,0.262459,-0.090157,0.458014,0.971110,-0.235397,-0.038028,0.009320,0.000000,2.000000,1.000000,0.000000,0.000000
6.670000,0.262386,-0.090542,0.457994,0.971090,-0.235461,-0.038118,0.009474,0.000000,2.000000,1.000000,0.000000,0.000000
6.675000,0.262312,-0.090926,0.457973,0.971069,-0.235524,-0.038207,0.009628,0.000000,2.000000,1.000000,0.000000,0.000000
6.680000,0.262239,-0.091310,0.457953,0.971049,-0.235588,-0.038296,0.009781,0.000000,2.000000,1.000000,0.000000,0.000000
6.685000,0.262165,-0.091695,0.457933,0.971029,-0.235651,-0.038385,0.009935,0.000000,2.000000,1.000000,0.000000,0.000000
6.690000,0.262092,-0.092079,0.457912,0.971008,-0.235714,-0.038473,0.010089,0.000000,2.000000,1.000000,0.000000,0.000000
6.695000,0.262023,-0.092449,0.457902,0.970993,-0.235760,-0.038575,0.010110,0.000000,2.000000,1.000000,0.000000,0.000000
6.700000,0.261954,-0.092818,0.457892,0.970978,-0.235805,-0.038678,0.010130,0.000000,2.000000,1.000000,0.000000,0.000000
6.705000,0.261886,-0.093187,0.457883,0.970962,-0.235850,-0.038780,0.010149,0.000000,2.000000,1.000000,0.000000,0.000000
6.710000,0.261817,-0.093556,0.457873,0.970947,-0.235895,-0.038882,0.010166,0.000000,2.000000,1.000000,0.000000,0.000000
6.715000,0.261748,-0.093926,0.457863,0.970932,-0.235939,-0.038985,0.010183,0.000000,2.000000,1.000000,0.000000,0.000000
6.720000,0.261680,-0.094295,0.457853,0.970917,-0.235984,-0.039087,0.010200,0.000000,2.000000,1.000000,0.000000,0.000000
6.725000,0.261611,-0.094664,0.457843,0.970902,-0.236028,-0.039189,0.010215,0.000000,2.000000,1.000000,0.000000,0.000000
6.730000,0.261544,-0.095018,0.457839,0.970890,-0.236060,-0.039316,0.010091,0.000000,2.000000,1.000000,0.000000,0.000000
6.735000,0.261478,-0.095371,0.457835,0.970878,-0.236093,-0.039442,0.009964,0.000000,2.000000,1.000000,0.000000,0.000000
6.740000,0.261411,-0.095725,0.457830,0.970866,-0.236127,-0.039569,0.009835,0.000000,2.000000,1.000000,0.000000,0.000000
6.745000,0.261345,-0.096079,0.457826,0.970854,-0.236161,-0.039695,0.009704,0.000000,2.000000,1.000000,0.000000,0.000000
6.750000,0.261278,-0.096432,0.457822,0.970842,-0.236196,-0.039821,0.009572,0.000000,2.000000,1.000000,0.000000,0.000000
6.755000,0.261212,-0.096786,0.457817,0.970830,-0.236230,-0.039947,0.009438,0.000000,2.000000,1.000000,0.000000,0.000000
6.760000,0.261141,-0.097135,0.457818,0.970819,-0.236260,-0.040104,0.009156,0.000000,2.000000,1.000000,0.000000,0.000000
6.765000,0.261070,-0.097484,0.457818,0.970807,-0.236292,-0.040260,0.008870,0.000000,2.000000,1.000000,0.000000,0.000000
6.770000,0.260999,-0.097833,0.457819,0.970795,-0.236325,-0.040416,0.008580,0.000000,2.000000,1.000000,0.000000,0.000000
6.775000,0.260929,-0.098182,0.457819,0.970783,-0.236361,-0.040571,0.008288,0.000000,2.000000,1.000000,0.000000,0.000000
6.780000,0.260858,-0.098531,0.457820,0.970769,-0.236398,-0.040725,0.007993,0.000000,2.000000,1.000000,0.000000,0.000000
6.785000,0.260787,-0.098880,0.457820,0.970756,-0.236437,-0.040879,0.007695,0.000000,2.000000,1.000000,0.000000,0.000000
6.790000,0.260716,-0.099229,0.457821,0.970742,-0.236478,-0.041032,0.007394,0.000000,2.000000,1.000000,0.000000,0.000000
6.795000,0.260640,-0.099587,0.457836,0.970729,-0.236516,-0.041191,0.007007,0.000000,2.000000,1.000000,0.000000,0.000000
6.800000,0.260564,-0.099946,0.457850,0.970715,-0.236558,-0.041350,0.006616,0.000000,2.000000,1.000000,0.000000,0.000000
6.805000,0.260488,-0.100305,0.457865,0.970700,-0.236603,-0.041507,0.006221,0.000000,2.000000,1.000000,0.000000,0.000000
6.810000,0.260411,-0.100663,0.457880,0.970684,-0.236651,-0.041662,0.005822,0.000000,2.000000,1.000000,0.000000,0.000000
6.815000,0.260335,-0.101022,0.457895,0.970667,-0.236703,-0.041817,0.005419,0.000000,2.000000,1.000000,0.000000,0.000000
6.820000,0.260259,-0.101380,0.457909,0.970649,-0.236757,-0.041971,0.005013,0.000000,2.000000,1.000000,0.000000,0.000000
6.825000,0.260183,-0.101739,0.457924,0.970630,-0.236815,-0.042123,0.004603,0.000000,2.000000,1.000000,0.000000,0.000000
6.830000,0.260111,-0.102109,0.457966,0.970614,-0.236867,-0.042252,0.004162,0.000000,2.000000,1.000000,0.000000,0.000000
6.835000,0.260039,-0.102479,0.458008,0.970597,-0.236922,-0.042379,0.003717,0.000000,2.000000,1.000000,0.000000,0.000000
6.840000,0.259967,-0.102849,0.458050,0.970578,-0.236982,-0.042505,0.003268,0.000000,2.000000,1.000000,0.000000,0.000000
6.845000,0.259895,-0.103219,0.458092,0.970559,-0.237046,-0.042629,0.002815,0.000000,2.000000,1.000000,0.000000,0.000000
6.850000,0.259823,-0.103589,0.458134,0.970538,-0.237115,-0.042752,0.002358,0.000000,2.000000,1.000000,0.000000,0.000000
6.855000,0.259750,-0.103959,0.458176,0.970515,-0.237189,-0.042874,0.001897,0.000000,2.000000,1.000000,0.000000,0.000000
6.860000,0.259678,-0.104329,0.458218,0.970491,-0.237268,-0.042994,0.001433,0.000000,2.000000,1.000000,0.000000,0.000000
6.865000,0.259618,-0.104709,0.458292,0.970470,-0.237340,-0.043084,0.000941,0.000000,2.000000,1.000000,0.000000,0.000000
6.870000,0.259558,-0.105089,0.458366,0.970448,-0.237418,-0.043173,0.000445,0.000000,2.000000,1.000000,0.000000,0.000000
6.875000,0.259498,-0.105470,0.458441,0.970423,-0.237503,-0.043260,-0.000055,0.000000,2.000000,1.000000,0.000000,0.000000
6.880000,0.259437,-0.105850,0.458515,0.970397,-0.237593,-0.043345,-0.000559,0.000000,2.000000,1.000000,0.000000,0.000000
6.885000,0.259377,-0.106230,0.458589,0.970369,-0.237690,-0.043429,-0.001066,0.000000,2.000000,1.000000,0.000000,0.000000
6.890000,0.259317,-0.106610,0.458664,0.970340,-0.237793,-0.043511,-0.001576,0.000000,2.000000,1.000000,0.000000,0.000000
6.895000,0.259256,-0.106991,0.458738,0.970308,-0.237902,-0.043592,-0.002089,0.000000,2.000000,1.000000,0.000000,0.000000
6.900000,0.259203,-0.107388,0.458837,0.970278,-0.238010,-0.043650,-0.002619,0.000000,2.000000,1.000000,0.000000,0.000000
6.905000,0.259149,-0.107785,0.458935,0.970246,-0.238124,-0.043707,-0.003152,0.000000,2.000000,1.000000,0.000000,0.000000
6.910000,0.259096,-0.108181,0.459034,0.970212,-0.238245,-0.043762,-0.003688,0.000000,2.000000,1.000000,0.000000,0.000000
6.915000,0.259042,-0.108578,0.459133,0.970176,-0.238373,-0.043815,-0.004226,0.000000,2.000000,1.000000,0.000000,0.000000
6.920000,0.258989,-0.108975,0.459231,0.970138,-0.238508,-0.043867,-0.004767,0.000000,2.000000,1.000000,0.000000,0.000000
6.925000,0.258935,-0.109372,0.459330,0.970098,-0.238650,-0.043917,-0.005309,0.000000,2.000000,1.000000,0.000000,0.000000
6.930000,0.258879,-0.109782,0.459432,0.970058,-0.238792,-0.043956,-0.005846,0.000000,2.000000,1.000000,0.000000,0.000000
6.935000,0.258823,-0.110191,0.459535,0.970016,-0.238941,-0.043994,-0.006384,0.000000,2.000000,1.000000,0.000000,0.000000
6.940000,0.258767,-0.110601,0.459637,0.969973,-0.239095,-0.044029,-0.006924,0.000000,2.000000,1.000000,0.000000,0.000000
6.945000,0.258711,-0.111011,0.459740,0.969927,-0.239257,-0.044064,-0.007466,0.000000,2.000000,1.000000,0.000000,0.000000
6.950000,0.258655,-0.111420,0.459842,0.969880,-0.239424,-0.044096,-0.008008,0.000000,2.000000,1.000000,0.000000,0.000000
6.955000,0.258599,-0.111830,0.459945,0.969831,-0.239598,-0.044127,-0.008552,0.000000,2.000000,1.000000,0.000000,0.000000
6.960000,0.258543,-0.112240,0.460047,0.969780,-0.239779,-0.044156,-0.009097,0.000000,2.000000,1.000000,0.000000,0.000000
6.965000,0.258489,-0.112642,0.460137,0.969731,-0.239952,-0.044183,-0.009600,0.000000,2.000000,1.000000,0.000000,0.000000
6.970000,0.258434,-0.113044,0.460226,0.969681,-0.240129,-0.044208,-0.010104,0.000000,2.000000,1.000000,0.000000,0.000000
6.975000,0.258380,-0.113447,0.460315,0.969630,-0.240311,-0.044232,-0.010609,0.000000,2.000000,1.000000,-0.000000,0.000000
6.980000,0.258325,-0.113849,0.460405,0.969577,-0.240498,-0.044255,-0.011114,0.000000,2.000000,1.000000,0.000000,0.000000
6.985000,0.258271,-0.114252,0.460494,0.969523,-0.240688,-0.044276,-0.011619,0.000000,2.000000,1.000000,0.000000,0.000000
6.990000,0.258216,-0.114654,0.460584,0.969467,-0.240882,-0.044296,-0.012124,0.000000,2.000000,1.000000,0.000000,0.000000
6.995000,0.258162,-0.115057,0.460673,0.969411,-0.241081,-0.044315,-0.012630,0.000000,2.000000,1.000000,0.000000,0.000000
7.000000,0.258116,-0.115456,0.460754,0.969361,-0.241254,-0.044335,-0.013053,0.000000,2.000000,1.000000,0.000000,0.000000
7.005000,0.258071,-0.115855,0.460835,0.969311,-0.241429,-0.044356,-0.013476,0.000000,2.000000,1.000000,0.000000,0.000000
7.010000,0.258026,-0.116254,0.460915,0.969260,-0.241605,-0.044376,-0.013899,0.000000,2.000000,1.000000,0.000000,0.000000
7.015000,0.257980,-0.116653,0.460996,0.969208,-0.241784,-0.044396,-0.014322,0.000000,2.000000,1.000000,0.000000,0.000000
7.020000,0.257935,-0.117053,0.461077,0.969156,-0.241965,-0.044415,-0.014745,0.000000,2.000000,1.000000,0.000000,0.000000
7.025000,0.257890,-0.117452,0.461157,0.969103,-0.242148,-0.044434,-0.015168,0.000000,2.000000,1.000000,0.000000,0.000000
7.030000,0.257845,-0.117851,0.461238,0.969049,-0.242333,-0.044453,-0.015590,0.000000,2.000000,1.000000,0.000000,0.000000
7.035000,0.257808,-0.118263,0.461321,0.969008,-0.242471,-0.044481,-0.015878,0.000000,2.000000,1.000000,0.000000,0.000000
7.040000,0.257771,-0.118675,0.461405,0.968968,-0.242609,-0.044509,-0.016166,0.000000,2.000000,1.000000,0.000000,0.000000
7.045000,0.257735,-0.119087,0.461488,0.968927,-0.242748,-0.044539,-0.016454,0.000000,2.000000,1.000000,0.000000,0.000000
7.050000,0.257698,-0.119499,0.461571,0.968885,-0.242888,-0.044568,-0.016741,0.000000,2.000000,1.000000,0.000000,0.000000
7.055000,0.257662,-0.119911,0.461655,0.968844,-0.243028,-0.044599,-0.017028,0.000000,2.000000,1.000000,0.000000,0.000000
7.060000,0.257625,-0.120323,0.461738,0.968802,-0.243170,-0.044629,-0.017315,0.000000,2.000000,1.000000,0.000000,0.000000
7.065000,0.257589,-0.120735,0.461821,0.968759,-0.243312,-0.044660,-0.017602,0.000000,2.000000,1.000000,0.000000,0.000000
7.070000,0.257557,-0.121156,0.461904,0.968734,-0.243396,-0.044708,-0.017715,0.000000,2.000000,1.000000,0.000000,0.000000
7.075000,0.257525,-0.121577,0.461987,0.968709,-0.243480,-0.044758,-0.017827,0.000000,2.000000,1.000000,0.000000,0.000000
7.080000,0.257493,-0.121998,0.462069,0.968683,-0.243563,-0.044808,-0.017937,0.000000,2.000000,1.000000,0.000000,0.000000
7.085000,0.257461,-0.122418,0.462152,0.968658,-0.243648,-0.044859,-0.018048,0.000000,2.000000,1.000000,0.000000,0.000000
7.090000,0.257429,-0.122839,0.462235,0.968632,-0.243732,-0.044911,-0.018157,0.000000,2.000000,1.000000,0.000000,0.000000
7.095000,0.257397,-0.123260,0.462318,0.968606,-0.243817,-0.044964,-0.018266,0.000000,2.000000,1.000000,0.000000,0.000000
7.100000,0.257366,-0.123688,0.462391,0.968596,-0.243849,-0.045037,-0.018203,0.000000,2.000000,1.000000,0.000000,0.000000
7.105000,0.257335,-0.124116,0.462465,0.968585,-0.243882,-0.045111,-0.018137,0.000000,2.000000,1.000000,0.000000,0.000000
7.110000,0.257304,-0.124544,0.462539,0.968575,-0.243915,-0.045186,-0.018070,0.000000,2.000000,1.000000,0.000000,0.000000
7.115000,0.257272,-0.124972,0.462613,0.968564,-0.243949,-0.045260,-0.018001,0.000000,2.000000,1.000000,0.000000,0.000000
7.120000,0.257241,-0.125400,0.462686,0.968553,-0.243983,-0.045336,-0.017931,0.000000,2.000000,1.000000,0.000000,0.000000
7.125000,0.257210,-0.125828,0.462760,0.968542,-0.244018,-0.045411,-0.017860,0.000000,2.000000,1.000000,0.000000,0.000000
7.130000,0.257179,-0.126256,0.462834,0.968531,-0.244053,-0.045487,-0.017788,0.000000,2.000000,1.000000,0.000000,0.000000
7.135000,0.257155,-0.126694,0.462914,0.968536,-0.244034,-0.045575,-0.017537,0.000000,2.000000,1.000000,0.000000,0.000000
7.140000,0.257132,-0.127133,0.462994,0.968541,-0.244016,-0.045662,-0.017282,0.000000,2.000000,1.000000,0.000000,0.000000
7.145000,0.257109,-0.127571,0.463074,0.968546,-0.243999,-0.045749,-0.017025,0.000000,2.000000,1.000000,0.000000,0.000000
7.150000,0.257086,-0.128010,0.463155,0.968550,-0.243984,-0.045835,-0.016765,0.000000,2.000000,1.000000,0.000000,0.000000
7.155000,0.257063,-0.128448,0.463235,0.968554,-0.243970,-0.045920,-0.016503,0.000000,2.000000,1.000000,0.000000,0.000000
7.160000,0.257040,-0.128887,0.463315,0.968558,-0.243957,-0.046006,-0.016240,0.000000,2.000000,1.000000,0.000000,0.000000
7.165000,0.257017,-0.129325,0.463395,0.968562,-0.243945,-0.046090,-0.015975,0.000000,2.000000,1.000000,0.000000,0.000000
7.170000,0.257007,-0.129773,0.463496,0.968583,-0.243875,-0.046169,-0.015532,0.000000,2.000000,1.000000,0.000000,0.000000
7.175000,0.256996,-0.130221,0.463597,0.968603,-0.243809,-0.046245,-0.015085,0.000000,2.000000,1.000000,0.000000,0.000000
7.180000,0.256985,-0.130668,0.463698,0.968622,-0.243745,-0.046319,-0.014635,0.000000,2.000000,1.000000,0.000000,0.000000
7.185000,0.256975,-0.131116,0.463799,0.968641,-0.243683,-0.046391,-0.014181,0.000000,2.000000,1.000000,0.000000,0.000000
7.190000,0.256964,-0.131564,0.463899,0.968659,-0.243624,-0.046461,-0.013725,0.000000,2.000000,1.000000,0.000000,0.000000
7.195000,0.256953,-0.132012,0.464000,0.968676,-0.243567,-0.046530,-0.013266,0.000000,2.000000,1.000000,0.000000,0.000000
7.200000,0.256943,-0.132460,0.464101,0.968693,-0.243512,-0.046597,-0.012805,0.000000,2.000000,1.000000,0.000000,0.000000
7.205000,0.256939,-0.132906,0.464200,0.968721,-0.243420,-0.046660,-0.012186,0.000000,2.000000,1.000000,0.000000,0.000000
7.210000,0.256936,-0.133352,0.464298,0.968748,-0.243333,-0.046719,-0.011562,0.000000,2.000000,1.000000,0.000000,0.000000
7.215000,0.256933,-0.133798,0.464397,0.968773,-0.243251,-0.046773,-0.010934,0.000000,2.000000,1.000000,0.000000,0.000000
7.220000,0.256929,-0.134244,0.464496,0.968798,-0.243172,-0.046823,-0.010302,0.000000,2.000000,1.000000,0.000000,0.000000
7.225000,0.256926,-0.134690,0.464594,0.968820,-0.243098,-0.046870,-0.009667,0.000000,2.000000,1.000000,0.000000,0.000000
7.230000,0.256922,-0.135136,0.464693,0.968842,-0.243028,-0.046913,-0.009030,0.000000,2.000000,1.000000,0.000000,0.000000
7.235000,0.256919,-0.135582,0.464792,0.968863,-0.242961,-0.046953,-0.008389,0.000000,2.000000,1.000000,0.000000,0.000000
7.240000,0.256926,-0.136023,0.464878,0.968885,-0.242890,-0.046998,-0.007635,0.000000,2.000000,1.000000,0.000000,0.000000
7.245000,0.256932,-0.136464,0.464964,0.968905,-0.242825,-0.047037,-0.006878,0.000000,2.000000,1.000000,0.000000,0.000000
7.250000,0.256939,-0.136906,0.465050,0.968923,-0.242767,-0.047070,-0.006117,0.000000,2.000000,1.000000,0.000000,0.000000
7.255000,0.256946,-0.137347,0.465136,0.968939,-0.242716,-0.047096,-0.005353,0.000000,2.000000,1.000000,0.000000,0.000000
7.260000,0.256952,-0.137788,0.465222,0.968953,-0.242670,-0.047118,-0.004587,0.000000,2.000000,1.000000,-0.000000,0.000000
7.265000,0.256959,-0.138230,0.465307,0.968965,-0.242631,-0.047133,-0.003818,0.000000,2.000000,1.000000,0.000000,0.000000
7.270000,0.256978,-0.138674,0.465394,0.968974,-0.242604,-0.047153,-0.002995,0.000000,2.000000,1.000000,0.000000,0.000000
7.275000,0.256998,-0.139117,0.465481,0.968981,-0.242585,-0.047166,-0.002170,0.000000,2.000000,1.000000,0.000000,0.000000
7.280000,0.257017,-0.139561,0.465567,0.968985,-0.242573,-0.047172,-0.001343,0.000000,2.000000,1.000000,0.000000,0.000000
7.285000,0.257037,-0.140005,0.465654,0.968987,-0.242569,-0.047172,-0.000514,0.000000,2.000000,1.000000,0.000000,0.000000
7.290000,0.257057,-0.140449,0.465741,0.968986,-0.242572,-0.047165,0.000315,0.000000,2.000000,1.000000,0.000000,0.000000
7.295000,0.257076,-0.140892,0.465827,0.968984,-0.242583,-0.047151,0.001146,0.000000,2.000000,1.000000,0.000000,0.000000
7.300000,0.257096,-0.141336,0.465914,0.968979,-0.242601,-0.047130,0.001978,0.000000,2.000000,1.000000,0.000000,0.000000
7.305000,0.257127,-0.141770,0.466002,0.968972,-0.242625,-0.047100,0.002838,0.000000,2.000000,1.000000,0.000000,0.000000
7.310000,0.257159,-0.142205,0.466090,0.968963,-0.242658,-0.047062,0.003698,0.000000,2.000000,1.000000,0.000000,0.000000
7.315000,0.257190,-0.142639,0.466177,0.968951,-0.242700,-0.047017,0.004558,0.000000,2.000000,1.000000,0.000000,0.000000
7.320000,0.257222,-0.143073,0.466265,0.968936,-0.242751,-0.046965,0.005418,0.000000,2.000000,1.000000,0.000000,0.000000
7.325000,0.257253,-0.143507,0.466353,0.968919,-0.242810,-0.046905,0.006277,0.000000,2.000000,1.000000,0.000000,0.000000
7.330000,0.257285,-0.143942,0.466441,0.968899,-0.242878,-0.046839,0.007134,0.000000,2.000000,1.000000,0.000000,0.000000
7.335000,0.257317,-0.144376,0.466529,0.968878,-0.242947,-0.046771,0.007992,0.000000,2.000000,1.000000,0.000000,0.000000
7.340000,0.257365,-0.144795,0.466625,0.968860,-0.243006,-0.046684,0.008850,0.000000,2.000000,1.000000,0.000000,0.000000
7.345000,0.257414,-0.145214,0.466722,0.968841,-0.243066,-0.046598,0.009709,0.000000,2.000000,1.000000,0.000000,0.000000
7.350000,0.257463,-0.145632,0.466818,0.968821,-0.243126,-0.046511,0.010568,0.000000,2.000000,1.000000,0.000000,0.000000
7.355000,0.257511,-0.146051,0.466914,0.968801,-0.243185,-0.046424,0.011427,0.000000,2.000000,1.000000,0.000000,0.000000
7.360000,0.257560,-0.146470,0.467010,0.968780,-0.243244,-0.046337,0.012286,0.000000,2.000000,1.000000,0.000000,0.000000
7.365000,0.257609,-0.146889,0.467107,0.968758,-0.243303,-0.046251,0.013144,0.000000,2.000000,1.000000,0.000000,0.000000
7.370000,0.257657,-0.147308,0.467203,0.968735,-0.243361,-0.046164,0.014003,0.000000,2.000000,1.000000,0.000000,0.000000
7.375000,0.257731,-0.147720,0.467319,0.968712,-0.243427,-0.046053,0.014837,0.000000,2.000000,1.000000,0.000000,0.000000
7.380000,0.257804,-0.148132,0.467436,0.968688,-0.243492,-0.045942,0.015671,0.000000,2.000000,1.000000,0.000000,0.000000
7.385000,0.257878,-0.148545,0.467552,0.968663,-0.243557,-0.045831,0.016504,0.000000,2.000000,1.000000,0.000000,0.000000
7.390000,0.257952,-0.148957,0.467668,0.968637,-0.243621,-0.045720,0.017338,0.000000,2.000000,1.000000,0.000000,0.000000
7.395000,0.258025,-0.149369,0.467785,0.968611,-0.243686,-0.045608,0.018172,0.000000,2.000000,1.000000,0.000000,0.000000
7.400000,0.258099,-0.149782,0.467901,0.968584,-0.243750,-0.045497,0.019005,0.000000,2.000000,1.000000,0.000000,0.000000
7.405000,0.258172,-0.150194,0.468017,0.968556,-0.243814,-0.045386,0.019839,0.000000,2.000000,1.000000,0.000000,0.000000
7.410000,0.258273,-0.150593,0.468137,0.968529,-0.243883,-0.045239,0.020631,0.000000,2.000000,1.000000,0.000000,0.000000
7.415000,0.258373,-0.150992,0.468256,0.968502,-0.243952,-0.045093,0.021424,0.000000,2.000000,1.000000,0.000000,0.000000
7.420000,0.258474,-0.151390,0.468376,0.968473,-0.244020,-0.044946,0.022216,0.000000,2.000000,1.000000,0.000000,0.000000
7.425000,0.258574,-0.151789,0.468495,0.968444,-0.244088,-0.044799,0.023009,0.000000,2.000000,1.000000,0.000000,0.000000
7.430000,0.258674,-0.152188,0.468614,0.968415,-0.244156,-0.044652,0.023801,0.000000,2.000000,1.000000,0.000000,0.000000
7.435000,0.258775,-0.152587,0.468734,0.968385,-0.244224,-0.044505,0.024594,0.000000,2.000000,1.000000,0.000000,0.000000
7.440000,0.258907,-0.152965,0.468852,0.968359,-0.244296,-0.044275,0.025310,0.000000,2.000000,1.000000,0.000000,0.000000
7.445000,0.259039,-0.153344,0.468971,0.968332,-0.244367,-0.044044,0.026026,0.000000,2.000000,1.000000,0.000000,0.000000
7.450000,0.259172,-0.153722,0.469089,0.968305,-0.244439,-0.043813,0.026742,0.000000,2.000000,1.000000,0.000000,0.000000
7.455000,0.259304,-0.154101,0.469208,0.968277,-0.244510,-0.043582,0.027458,0.000000,2.000000,1.000000,0.000000,0.000000
7.460000,0.259436,-0.154480,0.469327,0.968249,-0.244582,-0.043351,0.028174,0.000000,2.000000,1.000000,0.000000,0.000000
7.465000,0.259568,-0.154858,0.469445,0.968221,-0.244653,-0.043120,0.028890,0.000000,2.000000,1.000000,0.000000,0.000000
7.470000,0.259701,-0.155237,0.469564,0.968191,-0.244724,-0.042889,0.029606,0.000000,2.000000,1.000000,0.000000,0.000000
7.475000,0.259861,-0.155602,0.469679,0.968163,-0.244814,-0.042602,0.030207,0.000000,2.000000,1.000000,0.000000,0.000000
7.480000,0.260021,-0.155967,0.469794,0.968133,-0.244904,-0.042314,0.030809,0.000000,2.000000,1.000000,0.000000,0.000000
7.485000,0.260182,-0.156332,0.469910,0.968104,-0.244994,-0.042026,0.031410,0.000000,2.000000,1.000000,0.000000,0.000000
7.490000,0.260342,-0.156697,0.470025,0.968074,-0.245083,-0.041739,0.032012,0.000000,2.000000,1.000000,0.000000,0.000000
7.495000,0.260502,-0.157062,0.470140,0.968044,-0.245173,-0.041451,0.032613,0.000000,2.000000,1.000000,0.000000,0.000000
7.500000,0.260662,-0.157427,0.470256,0.968013,-0.245262,-0.041164,0.033214,0.000000,2.000000,1.000000,0.000000,0.000000
7.505000,0.260823,-0.157792,0.470371,0.967982,-0.245351,-0.040876,0.033816,0.000000,2.000000,1.000000,0.000000,0.000000
7.510000,0.260991,-0.158138,0.470453,0.967948,-0.245456,-0.040637,0.034308,0.000000,2.000000,1.000000,0.000000,0.000000
7.515000,0.261158,-0.158484,0.470536,0.967914,-0.245561,-0.040399,0.034800,0.000000,2.000000,1.000000,0.000000,0.000000
7.520000,0.261326,-0.158830,0.470618,0.967879,-0.245666,-0.040160,0.035292,0.000000,2.000000,1.000000,0.000000,0.000000
7.525000,0.261494,-0.159176,0.470700,0.967844,-0.245770,-0.039921,0.035784,0.000000,2.000000,1.000000,0.000000,0.000000
7.530000,0.261662,-0.159522,0.470783,0.967809,-0.245875,-0.039682,0.036275,0.000000,2.000000,1.000000,0.000000,0.000000
7.535000,0.261830,-0.159868,0.470865,0.967774,-0.245980,-0.039443,0.036767,0.000000,2.000000,1.000000,0.000000,0.000000
7.540000,0.261998,-0.160214,0.470947,0.967738,-0.246084,-0.039205,0.037259,0.000000,2.000000,1.000000,0.000000,0.000000
7.545000,0.262172,-0.160536,0.470997,0.967700,-0.246200,-0.039037,0.037653,0.000000,2.000000,1.000000,0.000000,0.000000
7.550000,0.262345,-0.160858,0.471048,0.967662,-0.246316,-0.038869,0.038047,0.000000,2.000000,1.000000,-0.000000,0.000000
7.555000,0.262519,-0.161180,0.471098,0.967624,-0.246432,-0.038701,0.038441,0.000000,2.000000,1.000000,0.000000,0.000000
7.560000,0.262693,-0.161502,0.471148,0.967585,-0.246548,-0.038533,0.038835,0.000000,2.000000,1.000000,0.000000,0.000000
7.565000,0.262867,-0.161824,0.471198,0.967546,-0.246664,-0.038365,0.039229,0.000000,2.000000,1.000000,0.000000,0.000000
7.570000,0.263041,-0.162146,0.471248,0.967507,-0.246780,-0.038197,0.039623,0.000000,2.000000,1.000000,0.000000,0.000000
7.575000,0.263215,-0.162468,0.471299,0.967468,-0.246896,-0.038029,0.040017,0.000000,2.000000,1.000000,-0.000000,0.000000
7.580000,0.263410,-0.162761,0.471334,0.967429,-0.247024,-0.037884,0.040303,0.000000,2.000000,1.000000,0.000000,0.000000
7.585000,0.263605,-0.163054,0.471369,0.967391,-0.247151,-0.037738,0.040590,0.000000,2.000000,1.000000,0.000000,0.000000
7.590000,0.263800,-0.163347,0.471404,0.967352,-0.247279,-0.037592,0.040876,0.000000,2.000000,1.000000,0.000000,0.000000
7.595000,0.263996,-0.163640,0.471439,0.967312,-0.247407,-0.037446,0.041163,0.000000,2.000000,1.000000,0.000000,0.000000
7.600000,0.264191,-0.163933,0.471474,0.967273,-0.247534,-0.037301,0.041450,0.000000,2.000000,1.000000,0.000000,0.000000
7.605000,0.264386,-0.164226,0.471510,0.967234,-0.247662,-0.037155,0.041736,0.000000,2.000000,1.000000,0.000000,0.000000
7.610000,0.264594,-0.164475,0.471514,0.967196,-0.247795,-0.037067,0.041901,0.000000,2.000000,1.000000,0.000000,0.000000
7.615000,0.264802,-0.164724,0.471518,0.967158,-0.247929,-0.036978,0.042067,0.000000,2.000000,1.000000,0.000000,0.000000
7.620000,0.265010,-0.164973,0.471522,0.967120,-0.248062,-0.036890,0.042232,0.000000,2.000000,1.000000,0.000000,0.000000
7.625000,0.265217,-0.165222,0.471527,0.967082,-0.248195,-0.036802,0.042397,0.000000,2.000000,1.000000,0.000000,0.000000
7.630000,0.265425,-0.165471,0.471531,0.967044,-0.248329,-0.036713,0.042563,0.000000,2.000000,1.000000,0.000000,0.000000
7.635000,0.265633,-0.165720,0.471535,0.967005,-0.248462,-0.036625,0.042728,0.000000,2.000000,1.000000,0.000000,0.000000
7.640000,0.265841,-0.165969,0.471539,0.966967,-0.248595,-0.036537,0.042893,0.000000,2.000000,1.000000,0.000000,0.000000
7.645000,0.266049,-0.166177,0.471502,0.966927,-0.248734,-0.036577,0.042953,0.000000,2.000000,1.000000,0.000000,0.000000
7.650000,0.266258,-0.166384,0.471465,0.966888,-0.248872,-0.036617,0.043013,0.000000,2.000000,1.000000,0.000000,0.000000
7.655000,0.266466,-0.166591,0.471428,0.966848,-0.249011,-0.036658,0.043072,0.000000,2.000000,1.000000,0.000000,0.000000
7.660000,0.266675,-0.166799,0.471391,0.966808,-0.249149,-0.036698,0.043132,0.000000,2.000000,1.000000,0.000000,0.000000
7.665000,0.266883,-0.167006,0.471354,0.966768,-0.249288,-0.036738,0.043192,0.000000,2.000000,1.000000,0.000000,0.000000
7.670000,0.267092,-0.167213,0.471317,0.966728,-0.249426,-0.036779,0.043251,0.000000,2.000000,1.000000,0.000000,0.000000
7.675000,0.267300,-0.167420,0.471279,0.966688,-0.249565,-0.036819,0.043311,0.000000,2.000000,1.000000,0.000000,0.000000
7.680000,0.267511,-0.167608,0.471223,0.966646,-0.249702,-0.036969,0.043340,0.000000,2.000000,1.000000,0.000000,0.000000
7.685000,0.267723,-0.167795,0.471166,0.966603,-0.249840,-0.037119,0.043370,0.000000,2.000000,1.000000,0.000000,0.000000
7.690000,0.267934,-0.167982,0.471110,0.966560,-0.249978,-0.037269,0.043399,0.000000,2.000000,1.000000,0.000000,0.000000
7.695000,0.268145,-0.168169,0.471053,0.966518,-0.250115,-0.037419,0.043429,0.000000,2.000000,1.000000,0.000000,0.000000
7.700000,0.268357,-0.168356,0.470996,0.966475,-0.250253,-0.037570,0.043458,0.000000,2.000000,1.000000,0.000000,0.000000
7.705000,0.268568,-0.168543,0.470940,0.966432,-0.250391,-0.037720,0.043487,0.000000,2.000000,1.000000,0.000000,0.000000
7.710000,0.268779,-0.168730,0.470883,0.966389,-0.250528,-0.037870,0.043517,0.000000,2.000000,1.000000,0.000000,0.000000
7.715000,0.268997,-0.168902,0.470820,0.966348,-0.250650,-0.038057,0.043572,0.000000,2.000000,1.000000,0.000000,0.000000
7.720000,0.269215,-0.169074,0.470756,0.966306,-0.250773,-0.038244,0.043626,0.000000,2.000000,1.000000,0.000000,0.000000
7.725000,0.269434,-0.169246,0.470693,0.966264,-0.250895,-0.038432,0.043681,0.000000,2.000000,1.000000,0.000000,0.000000
7.730000,0.269652,-0.169418,0.470630,0.966223,-0.251017,-0.038619,0.043736,0.000000,2.000000,1.000000,0.000000,0.000000
7.735000,0.269870,-0.169590,0.470566,0.966181,-0.251139,-0.038807,0.043790,0.000000,2.000000,1.000000,0.000000,0.000000
7.740000,0.270088,-0.169762,0.470503,0.966139,-0.251261,-0.038994,0.043845,0.000000,2.000000,1.000000,0.000000,0.000000
7.745000,0.270306,-0.169934,0.470439,0.966097,-0.251383,-0.039181,0.043900,0.000000,2.000000,1.000000,0.000000,0.000000
7.750000,0.270544,-0.170088,0.470367,0.966060,-0.251485,-0.039345,0.043983,0.000000,2.000000,1.000000,0.000000,0.000000
7.755000,0.270781,-0.170242,0.470294,0.966023,-0.251587,-0.039509,0.044067,0.000000,2.000000,1.000000,0.000000,0.000000
7.760000,0.271019,-0.170395,0.470222,0.965986,-0.251690,-0.039673,0.044151,0.000000,2.000000,1.000000,0.000000,0.000000
7.765000,0.271257,-0.170549,0.470149,0.965949,-0.251792,-0.039837,0.044235,0.000000,2.000000,1.000000,0.000000,0.000000
7.770000,0.271494,-0.170703,0.470077,0.965912,-0.251894,-0.040000,0.044319,0.000000,2.000000,1.000000,0.000000,0.000000
7.775000,0.271732,-0.170857,0.470004,0.965874,-0.251996,-0.040164,0.044403,0.000000,2.000000,1.000000,0.000000,0.000000
7.780000,0.271997,-0.170999,0.469935,0.965842,-0.252082,-0.040287,0.044517,0.000000,2.000000,1.000000,0.000000,0.000000
7.785000,0.272262,-0.171141,0.469867,0.965809,-0.252168,-0.040409,0.044632,0.000000,2.000000,1.000000,0.000000,0.000000
7.790000,0.272526,-0.171284,0.469798,0.965776,-0.252255,-0.040531,0.044746,0.000000,2.000000,1.000000,0.000000,0.000000
7.795000,0.272791,-0.171426,0.469730,0.965743,-0.252341,-0.040654,0.044861,0.000000,2.000000,1.000000,0.000000,0.000000
7.800000,0.273056,-0.171568,0.469661,0.965710,-0.252427,-0.040776,0.044975,0.000000,2.000000,1.000000,0.000000,0.000000
7.805000,0.273321,-0.171710,0.469592,0.965677,-0.252513,-0.040899,0.045089,0.000000,2.000000,1.000000,0.000000,0.000000
7.810000,0.273586,-0.171853,0.469524,0.965643,-0.252600,-0.041021,0.045204,0.000000,2.000000,1.000000,0.000000,0.000000
7.815000,0.273865,-0.171987,0.469462,0.965612,-0.252675,-0.041136,0.045344,0.000000,2.000000,1.000000,0.000000,0.000000
7.820000,0.274144,-0.172120,0.469401,0.965581,-0.252750,-0.041251,0.045484,0.000000,2.000000,1.000000,0.000000,0.000000
7.825000,0.274424,-0.172254,0.469340,0.965550,-0.252825,-0.041366,0.045624,0.000000,2.000000,1.000000,0.000000,0.000000
7.830000,0.274703,-0.172388,0.469278,0.965519,-0.252899,-0.041481,0.045764,0.000000,2.000000,1.000000,0.000000,0.000000
7.835000,0.274982,-0.172522,0.469217,0.965488,-0.252974,-0.041597,0.045904,0.000000,2.000000,1.000000,0.000000,0.000000
7.840000,0.275262,-0.172656,0.469155,0.965456,-0.253049,-0.041712,0.046044,0.000000,2.000000,1.000000,0.000000,0.000000
7.845000,0.275541,-0.172790,0.469094,0.965425,-0.253124,-0.041827,0.046185,0.000000,2.000000,1.000000,0.000000,0.000000
7.850000,0.275820,-0.172916,0.469016,0.965393,-0.253192,-0.041986,0.046337,0.000000,2.000000,1.000000,0.000000,0.000000
7.855000,0.276099,-0.173043,0.468938,0.965361,-0.253259,-0.042146,0.046489,0.000000,2.000000,1.000000,0.000000,0.000000
7.860000,0.276377,-0.173169,0.468860,0.965329,-0.253326,-0.042306,0.046641,0.000000,2.000000,1.000000,0.000000,0.000000
7.865000,0.276656,-0.173296,0.468782,0.965297,-0.253393,-0.042465,0.046793,0.000000,2.000000,1.000000,0.000000,0.000000
7.870000,0.276935,-0.173422,0.468704,0.965265,-0.253460,-0.042625,0.046945,0.000000,2.000000,1.000000,0.000000,0.000000
7.875000,0.277214,-0.173549,0.468626,0.965233,-0.253528,-0.042785,0.047097,0.000000,2.000000,1.000000,0.000000,0.000000
7.880000,0.277492,-0.173675,0.468548,0.965201,-0.253595,-0.042944,0.047248,0.000000,2.000000,1.000000,0.000000,0.000000
7.885000,0.277770,-0.173798,0.468455,0.965168,-0.253657,-0.043151,0.047407,0.000000,2.000000,1.000000,0.000000,0.000000
7.890000,0.278047,-0.173920,0.468362,0.965135,-0.253718,-0.043358,0.047565,0.000000,2.000000,1.000000,0.000000,0.000000
7.895000,0.278324,-0.174043,0.468268,0.965101,-0.253780,-0.043565,0.047723,0.000000,2.000000,1.000000,0.000000,0.000000
7.900000,0.278602,-0.174166,0.468175,0.965068,-0.253842,-0.043772,0.047881,0.000000,2.000000,1.000000,0.000000,0.000000
7.905000,0.278879,-0.174288,0.468082,0.965034,-0.253904,-0.043978,0.048039,0.000000,2.000000,1.000000,0.000000,0.000000
7.910000,0.279156,-0.174411,0.467988,0.965001,-0.253966,-0.044185,0.048197,0.000000,2.000000,1.000000,0.000000,0.000000
7.915000,0.279433,-0.174533,0.467895,0.964967,-0.254027,-0.044392,0.048355,0.000000,2.000000,1.000000,0.000000,0.000000
7.920000,0.279717,-0.174655,0.467809,0.964935,-0.254083,-0.044590,0.048515,0.000000,2.000000,1.000000,0.000000,0.000000
7.925000,0.280000,-0.174776,0.467724,0.964903,-0.254139,-0.044787,0.048676,0.000000,2.000000,1.000000,-0.000000,0.000000
7.930000,0.280283,-0.174897,0.467639,0.964871,-0.254196,-0.044985,0.048837,0.000000,2.000000,1.000000,0.000000,0.000000
7.935000,0.280567,-0.175019,0.467554,0.964839,-0.254252,-0.045182,0.048997,0.000000,2.000000,1.000000,0.000000,0.000000
7.940000,0.280850,-0.175140,0.467468,0.964807,-0.254308,-0.045380,0.049158,0.000000,2.000000,1.000000,0.000000,0.000000
7.945000,0.281133,-0.175262,0.467383,0.964774,-0.254364,-0.045578,0.049318,0.000000,2.000000,1.000000,0.000000,0.000000
7.950000,0.281435,-0.175380,0.467307,0.964748,-0.254411,-0.045700,0.049478,0.000000,2.000000,1.000000,0.000000,0.000000
7.955000,0.281736,-0.175499,0.467230,0.964722,-0.254457,-0.045822,0.049639,0.000000,2.000000,1.000000,0.000000,0.000000
7.960000,0.282038,-0.175617,0.467154,0.964695,-0.254504,-0.045944,0.049799,0.000000,2.000000,1.000000,0.000000,0.000000
7.965000,0.282339,-0.175736,0.467078,0.964669,-0.254551,-0.046067,0.049959,0.000000,2.000000,1.000000,-0.000000,0.000000
7.970000,0.282641,-0.175855,0.467001,0.964642,-0.254598,-0.046189,0.050120,0.000000,2.000000,1.000000,0.000000,0.000000
7.975000,0.282942,-0.175973,0.466925,0.964616,-0.254645,-0.046311,0.050280,0.000000,2.000000,1.000000,0.000000,0.000000
7.980000,0.283244,-0.176092,0.466849,0.964589,-0.254692,-0.046433,0.050440,0.000000,2.000000,1.000000,0.000000,0.000000
7.985000,0.283568,-0.176212,0.466784,0.964567,-0.254733,-0.046479,0.050604,0.000000,2.000000,1.000000,0.000000,0.000000
7.990000,0.283893,-0.176332,0.466720,0.964546,-0.254774,-0.046524,0.050767,0.000000,2.000000,1.000000,0.000000,0.000000
7.995000,0.284218,-0.176452,0.466656,0.964524,-0.254815,-0.046569,0.050931,0.000000,2.000000,1.000000,0.000000,0.000000
8.000000,0.284543,-0.176572,0.466592,0.964502,-0.254856,-0.046615,0.051094,0.000000,2.000000,1.000000,0.000000,0.000000
8.005000,0.284867,-0.176693,0.466527,0.964481,-0.254897,-0.046660,0.051258,0.000000,2.000000,1.000000,0.000000,0.000000
8.010000,0.285192,-0.176813,0.466463,0.964459,-0.254938,-0.046705,0.051421,0.000000,2.000000,1.000000,0.000000,0.000000
8.015000,0.285517,-0.176933,0.466399,0.964437,-0.254979,-0.046751,0.051585,0.000000,2.000000,1.000000,0.000000,0.000000
8.020000,0.285848,-0.177059,0.466359,0.964415,-0.255020,-0.046791,0.051754,0.000000,2.000000,1.000000,0.000000,0.000000
8.025000,0.286180,-0.177185,0.466318,0.964393,-0.255061,-0.046832,0.051923,0.000000,2.000000,1.000000,0.000000,0.000000
8.030000,0.286511,-0.177310,0.466278,0.964371,-0.255103,-0.046872,0.052092,0.000000,2.000000,1.000000,0.000000,0.000000
8.035000,0.286842,-0.177436,0.466238,0.964349,-0.255144,-0.046913,0.052262,0.000000,2.000000,1.000000,0.000000,0.000000
8.040000,0.287174,-0.177562,0.466198,0.964327,-0.255185,-0.046954,0.052431,0.000000,2.000000,1.000000,0.000000,0.000000
8.045000,0.287505,-0.177688,0.466158,0.964305,-0.255226,-0.046994,0.052600,0.000000,2.000000,1.000000,0.000000,0.000000
8.050000,0.287836,-0.177814,0.466117,0.964283,-0.255268,-0.047035,0.052770,0.000000,2.000000,1.000000,0.000000,0.000000
8.055000,0.288165,-0.177933,0.466080,0.964262,-0.255297,-0.047114,0.052943,0.000000,2.000000,1.000000,0.000000,0.000000
8.060000,0.288493,-0.178053,0.466043,0.964240,-0.255327,-0.047192,0.053117,0.000000,2.000000,1.000000,0.000000,0.000000
8.065000,0.288821,-0.178173,0.466006,0.964219,-0.255357,-0.047271,0.053290,0.000000,2.000000,1.000000,0.000000,0.000000
8.070000,0.289150,-0.178293,0.465968,0.964198,-0.255387,-0.047350,0.053464,0.000000,2.000000,1.000000,0.000000,0.000000
8.075000,0.289478,-0.178413,0.465931,0.964176,-0.255417,-0.047429,0.053637,0.000000,2.000000,1.000000,0.000000,0.000000
8.080000,0.289807,-0.178533,0.465894,0.964155,-0.255447,-0.047508,0.053811,0.000000,2.000000,1.000000,0.000000,0.000000
8.085000,0.290135,-0.178653,0.465857,0.964133,-0.255477,-0.047587,0.053984,0.000000,2.000000,1.000000,0.000000,0.000000
8.090000,0.290476,-0.178765,0.465828,0.964117,-0.255491,-0.047631,0.054159,0.000000,2.000000,1.000000,0.000000,0.000000
8.095000,0.290818,-0.178878,0.465798,0.964101,-0.255506,-0.047676,0.054335,0.000000,2.000000,1.000000,0.000000,0.000000
8.100000,0.291159,-0.178991,0.465769,0.964086,-0.255520,-0.047720,0.054510,0.000000,2.000000,1.000000,0.000000,0.000000
8.105000,0.291500,-0.179104,0.465740,0.964070,-0.255534,-0.047764,0.054685,0.000000,2.000000,1.000000,0.000000,0.000000
8.110000,0.291842,-0.179217,0.465710,0.964054,-0.255549,-0.047809,0.054860,0.000000,2.000000,1.000000,0.000000,0.000000
8.115000,0.292183,-0.179330,0.465681,0.964038,-0.255563,-0.047853,0.055036,0.000000,2.000000,1.000000,0.000000,0.000000
8.120000,0.292543,-0.179446,0.465672,0.964026,-0.255577,-0.047814,0.055212,0.000000,2.000000,1.000000,0.000000,0.000000
8.125000,0.292903,-0.179563,0.465663,0.964014,-0.255590,-0.047775,0.055388,0.000000,2.000000,1.000000,0.000000,0.000000
8.130000,0.293262,-0.179680,0.465653,0.964002,-0.255604,-0.047736,0.055564,0.000000,2.000000,1.000000,0.000000,0.000000
8.135000,0.293622,-0.179796,0.465644,0.963991,-0.255617,-0.047696,0.055740,0.000000,2.000000,1.000000,0.000000,0.000000
8.140000,0.293981,-0.179913,0.465635,0.963979,-0.255631,-0.047657,0.055915,0.000000,2.000000,1.000000,0.000000,0.000000
8.145000,0.294341,-0.180029,0.465626,0.963967,-0.255644,-0.047618,0.056091,0.000000,2.000000,1.000000,0.000000,0.000000
8.150000,0.294701,-0.180146,0.465617,0.963955,-0.255658,-0.047579,0.056267,0.000000,2.000000,1.000000,0.000000,0.000000
8.155000,0.295056,-0.180270,0.465608,0.963940,-0.255684,-0.047537,0.056444,0.000000,2.000000,1.000000,0.000000,0.000000
8.160000,0.295411,-0.180395,0.465600,0.963925,-0.255710,-0.047495,0.056620,0.000000,2.000000,1.000000,0.000000,0.000000
8.165000,0.295766,-0.180519,0.465591,0.963910,-0.255736,-0.047453,0.056797,0.000000,2.000000,1.000000,0.000000,0.000000
8.170000,0.296121,-0.180643,0.465582,0.963894,-0.255762,-0.047411,0.056973,0.000000,2.000000,1.000000,0.000000,0.000000
8.175000,0.296476,-0.180768,0.465574,0.963879,-0.255788,-0.047369,0.057149,0.000000,2.000000,1.000000,0.000000,0.000000
8.180000,0.296831,-0.180892,0.465565,0.963864,-0.255814,-0.047327,0.057326,0.000000,2.000000,1.000000,0.000000,0.000000
8.185000,0.297186,-0.181016,0.465556,0.963848,-0.255840,-0.047285,0.057502,0.000000,2.000000,1.000000,0.000000,0.000000
8.190000,0.297521,-0.181157,0.465557,0.963823,-0.255892,-0.047297,0.057681,0.000000,2.000000,1.000000,0.000000,0.000000
8.195000,0.297855,-0.181298,0.465559,0.963798,-0.255944,-0.047310,0.057860,0.000000,2.000000,1.000000,0.000000,0.000000
8.200000,0.298190,-0.181438,0.465560,0.963773,-0.255996,-0.047322,0.058038,0.000000,2.000000,1.000000,0.000000,0.000000
8.205000,0.298524,-0.181579,0.465561,0.963748,-0.256048,-0.047334,0.058217,0.000000,2.000000,1.000000,0.000000,0.000000
8.210000,0.298859,-0.181719,0.465562,0.963723,-0.256100,-0.047347,0.058396,0.000000,2.000000,1.000000,0.000000,0.000000
8.215000,0.299194,-0.181860,0.465563,0.963697,-0.256152,-0.047359,0.058574,0.000000,2.000000,1.000000,0.000000,0.000000
8.220000,0.299528,-0.182001,0.465565,0.963672,-0.256204,-0.047371,0.058753,0.000000,2.000000,1.000000,0.000000,0.000000
8.225000,0.299851,-0.182150,0.465562,0.963640,-0.256271,-0.047427,0.058935,0.000000,2.000000,1.000000,-0.000000,0.000000
8.230000,0.300174,-0.182300,0.465559,0.963609,-0.256338,-0.047483,0.059117,0.000000,2.000000,1.000000,0.000000,0.000000
8.235000,0.300496,-0.182449,0.465556,0.963577,-0.256405,-0.047538,0.059299,0.000000,2.000000,1.000000,0.000000,0.000000
8.240000,0.300819,-0.182599,0.465553,0.963545,-0.256472,-0.047594,0.059481,0.000000,2.000000,1.000000,0.000000,0.000000
8.245000,0.301142,-0.182748,0.465550,0.963513,-0.256540,-0.047649,0.059663,0.000000,2.000000,1.000000,0.000000,0.000000
8.250000,0.301464,-0.182898,0.465547,0.963481,-0.256607,-0.047705,0.059845,0.000000,2.000000,1.000000,0.000000,0.000000
8.255000,0.301787,-0.183047,0.465544,0.963449,-0.256674,-0.047761,0.060027,0.000000,2.000000,1.000000,0.000000,0.000000
8.260000,0.302111,-0.183199,0.465535,0.963417,-0.256744,-0.047807,0.060210,0.000000,2.000000,1.000000,0.000000,0.000000
8.265000,0.302436,-0.183351,0.465526,0.963384,-0.256814,-0.047854,0.060392,0.000000,2.000000,1.000000,0.000000,0.000000
8.270000,0.302760,-0.183503,0.465517,0.963352,-0.256884,-0.047901,0.060575,0.000000,2.000000,1.000000,0.000000,0.000000
8.275000,0.303084,-0.183654,0.465508,0.963319,-0.256954,-0.047947,0.060757,0.000000,2.000000,1.000000,0.000000,0.000000
8.280000,0.303409,-0.183806,0.465498,0.963287,-0.257024,-0.047994,0.060940,0.000000,2.000000,1.000000,0.000000,0.000000
8.285000,0.303733,-0.183958,0.465489,0.963254,-0.257094,-0.048040,0.061122,0.000000,2.000000,1.000000,0.000000,0.000000
8.290000,0.304052,-0.184113,0.465486,0.963221,-0.257170,-0.048073,0.061302,0.000000,2.000000,1.000000,0.000000,0.000000
8.295000,0.304370,-0.184268,0.465482,0.963188,-0.257246,-0.048105,0.061481,0.000000,2.000000,1.000000,0.000000,0.000000
8.300000,0.304689,-0.184423,0.465478,0.963154,-0.257322,-0.048137,0.061661,0.000000,2.000000,1.000000,0.000000,0.000000
8.305000,0.305008,-0.184578,0.465475,0.963121,-0.257398,-0.048169,0.061841,0.000000,2.000000,1.000000,0.000000,0.000000
8.310000,0.305327,-0.184733,0.465471,0.963087,-0.257474,-0.048201,0.062020,0.000000,2.000000,1.000000,0.000000,0.000000
8.315000,0.305646,-0.184889,0.465467,0.963054,-0.257550,-0.048233,0.062200,0.000000,2.000000,1.000000,0.000000,0.000000
8.320000,0.305965,-0.185044,0.465464,0.963020,-0.257625,-0.048266,0.062379,0.000000,2.000000,1.000000,0.000000,0.000000
8.325000,0.306265,-0.185202,0.465453,0.962981,-0.257710,-0.048364,0.062561,0.000000,2.000000,1.000000,0.000000,0.000000
8.330000,0.306565,-0.185360,0.465443,0.962942,-0.257794,-0.048462,0.062742,0.000000,2.000000,1.000000,0.000000,0.000000
8.335000,0.306865,-0.185517,0.465432,0.962903,-0.257878,-0.048561,0.062923,0.000000,2.000000,1.000000,0.000000,0.000000
8.340000,0.307165,-0.185675,0.465422,0.962863,-0.257962,-0.048659,0.063104,0.000000,2.000000,1.000000,0.000000,0.000000
8.345000,0.307465,-0.185833,0.465411,0.962824,-0.258047,-0.048757,0.063285,0.000000,2.000000,1.000000,0.000000,0.000000
8.350000,0.307765,-0.185991,0.465400,0.962784,-0.258131,-0.048856,0.063467,0.000000,2.000000,1.000000,0.000000,0.000000
8.355000,0.308065,-0.186149,0.465390,0.962745,-0.258215,-0.048954,0.063648,0.000000,2.000000,1.000000,0.000000,0.000000
8.360000,0.308349,-0.186312,0.465372,0.962697,-0.258311,-0.049152,0.063835,0.000000,2.000000,1.000000,0.000000,0.000000
8.365000,0.308632,-0.186475,0.465354,0.962648,-0.258407,-0.049351,0.064022,0.000000,2.000000,1.000000,0.000000,0.000000
8.370000,0.308916,-0.186638,0.465336,0.962600,-0.258503,-0.049549,0.064209,0.000000,2.000000,1.000000,0.000000,0.000000
8.375000,0.309199,-0.186800,0.465318,0.962551,-0.258599,-0.049747,0.064396,0.000000,2.000000,1.000000,0.000000,0.000000
8.380000,0.309483,-0.186963,0.465301,0.962503,-0.258694,-0.049945,0.064583,0.000000,2.000000,1.000000,0.000000,0.000000
8.385000,0.309766,-0.187126,0.465283,0.962454,-0.258790,-0.050144,0.064770,0.000000,2.000000,1.000000,0.000000,0.000000
8.390000,0.310050,-0.187289,0.465265,0.962405,-0.258886,-0.050342,0.064957,0.000000,2.000000,1.000000,0.000000,0.000000
8.395000,0.310320,-0.187452,0.465240,0.962352,-0.258989,-0.050588,0.065144,0.000000,2.000000,1.000000,0.000000,0.000000
8.400000,0.310590,-0.187615,0.465216,0.962299,-0.259091,-0.050835,0.065330,0.000000,2.000000,1.000000,0.000000,0.000000
8.405000,0.310860,-0.187778,0.465192,0.962246,-0.259194,-0.051081,0.065516,0.000000,2.000000,1.000000,0.000000,0.000000
8.410000,0.311131,-0.187941,0.465167,0.962192,-0.259297,-0.051328,0.065703,0.000000,2.000000,1.000000,0.000000,0.000000
8.415000,0.311401,-0.188105,0.465143,0.962139,-0.259399,-0.051574,0.065889,0.000000,2.000000,1.000000,0.000000,0.000000
8.420000,0.311671,-0.188268,0.465118,0.962085,-0.259502,-0.051821,0.066075,0.000000,2.000000,1.000000,0.000000,0.000000
8.425000,0.311941,-0.188431,0.465094,0.962031,-0.259604,-0.052067,0.066262,0.000000,2.000000,1.000000,0.000000,0.000000
8.430000,0.312205,-0.188592,0.465073,0.961979,-0.259704,-0.052306,0.066446,0.000000,2.000000,1.000000,0.000000,0.000000
8.435000,0.312469,-0.188753,0.465052,0.961926,-0.259804,-0.052545,0.066629,0.000000,2.000000,1.000000,0.000000,0.000000
8.440000,0.312733,-0.188915,0.465031,0.961873,-0.259904,-0.052784,0.066813,0.000000,2.000000,1.000000,0.000000,0.000000
8.445000,0.312997,-0.189076,0.465010,0.961820,-0.260004,-0.053023,0.066997,0.000000,2.000000,1.000000,0.000000,0.000000
8.450000,0.313261,-0.189237,0.464990,0.961767,-0.260104,-0.053262,0.067181,0.000000,2.000000,1.000000,0.000000,0.000000
8.455000,0.313525,-0.189398,0.464969,0.961714,-0.260204,-0.053501,0.067365,0.000000,2.000000,1.000000,0.000000,0.000000
8.460000,0.313785,-0.189561,0.464964,0.961662,-0.260304,-0.053714,0.067545,0.000000,2.000000,1.000000,0.000000,0.000000
8.465000,0.314044,-0.189723,0.464959,0.961610,-0.260404,-0.053927,0.067726,0.000000,2.000000,1.000000,0.000000,0.000000
8.470000,0.314304,-0.189886,0.464954,0.961559,-0.260504,-0.054140,0.067907,0.000000,2.000000,1.000000,0.000000,0.000000
8.475000,0.314564,-0.190048,0.464949,0.961507,-0.260604,-0.054354,0.068087,0.000000,2.000000,1.000000,0.000000,0.000000
8.480000,0.314823,-0.190211,0.464944,0.961455,-0.260704,-0.054567,0.068268,0.000000,2.000000,1.000000,0.000000,0.000000
8.485000,0.315083,-0.190373,0.464939,0.961403,-0.260804,-0.054780,0.068449,0.000000,2.000000,1.000000,0.000000,0.000000
8.490000,0.315343,-0.190535,0.464934,0.961350,-0.260904,-0.054993,0.068629,0.000000,2.000000,1.000000,0.000000,0.000000
8.495000,0.315603,-0.190704,0.464954,0.961299,-0.261010,-0.055173,0.068810,0.000000,2.000000,1.000000,0.000000,0.000000
8.500000,0.315864,-0.190873,0.464974,0.961246,-0.261116,-0.055354,0.068991,0.000000,2.000000,1.000000,0.000000,0.000000
8.505000,0.316125,-0.191042,0.464995,0.961194,-0.261221,-0.055534,0.069172,0.000000,2.000000,1.000000,0.000000,0.000000
8.510000,0.316386,-0.191211,0.465015,0.961142,-0.261327,-0.055714,0.069353,0.000000,2.000000,1.000000,0.000000,0.000000
8.515000,0.316647,-0.191380,0.465036,0.961090,-0.261433,-0.055895,0.069534,0.000000,2.000000,1.000000,0.000000,0.000000
8.520000,0.316907,-0.191548,0.465056,0.961037,-0.261539,-0.056075,0.069715,0.000000,2.000000,1.000000,0.000000,0.000000
8.525000,0.317168,-0.191717,0.465076,0.960985,-0.261644,-0.056255,0.069896,0.000000,2.000000,1.000000,0.000000,0.000000
8.530000,0.317428,-0.191883,0.465104,0.960934,-0.261746,-0.056422,0.070076,0.000000,2.000000,1.000000,0.000000,0.000000
8.535000,0.317688,-0.192049,0.465131,0.960884,-0.261848,-0.056588,0.070255,0.000000,2.000000,1.000000,0.000000,0.000000
8.540000,0.317948,-0.192214,0.465159,0.960833,-0.261950,-0.056754,0.070435,0.000000,2.000000,1.000000,0.000000,0.000000
8.545000,0.318208,-0.192380,0.465186,0.960782,-0.262051,-0.056920,0.070614,0.000000,2.000000,1.000000,0.000000,0.000000
8.550000,0.318467,-0.192546,0.465214,0.960732,-0.262153,-0.057086,0.070794,0.000000,2.000000,1.000000,0.000000,0.000000
8.555000,0.318727,-0.192712,0.465241,0.960681,-0.262255,-0.057252,0.070973,0.000000,2.000000,1.000000,0.000000,0.000000
8.560000,0.318987,-0.192877,0.465269,0.960630,-0.262357,-0.057419,0.071152,0.000000,2.000000,1.000000,0.000000,0.000000
8.565000,0.319241,-0.193040,0.465300,0.960580,-0.262457,-0.057573,0.071328,0.000000,2.000000,1.000000,0.000000,0.000000
8.570000,0.319495,-0.193203,0.465331,0.960530,-0.262558,-0.057727,0.071503,0.000000,2.000000,1.000000,0.000000,0.000000
8.575000,0.319749,-0.193366,0.465361,0.960481,-0.262658,-0.057881,0.071678,0.000000,2.000000,1.000000,0.000000,0.000000
8.580000,0.320002,-0.193529,0.465392,0.960431,-0.262758,-0.058036,0.071853,0.000000,2.000000,1.000000,0.000000,0.000000
8.585000,0.320256,-0.193691,0.465423,0.960381,-0.262859,-0.058190,0.072028,0.000000,2.000000,1.000000,0.000000,0.000000
8.590000,0.320510,-0.193854,0.465454,0.960331,-0.262959,-0.058344,0.072203,0.000000,2.000000,1.000000,0.000000,0.000000
8.595000,0.320764,-0.194017,0.465485,0.960281,-0.263059,-0.058498,0.072378,0.000000,2.000000,1.000000,0.000000,0.000000
8.600000,0.321017,-0.194177,0.465522,0.960232,-0.263157,-0.058640,0.072553,0.000000,2.000000,1.000000,-0.000000,0.000000
8.605000,0.321270,-0.194338,0.465560,0.960183,-0.263255,-0.058782,0.072728,0.000000,2.000000,1.000000,0.000000,0.000000
8.610000,0.321523,-0.194498,0.465597,0.960135,-0.263352,-0.058924,0.072903,0.000000,2.000000,1.000000,0.000000,0.000000
8.615000,0.321777,-0.194659,0.465634,0.960086,-0.263450,-0.059066,0.073078,0.000000,2.000000,1.000000,0.000000,0.000000
8.620000,0.322030,-0.194819,0.465672,0.960037,-0.263548,-0.059207,0.073253,0.000000,2.000000,1.000000,0.000000,0.000000
8.625000,0.322283,-0.194980,0.465709,0.959988,-0.263645,-0.059349,0.073428,0.000000,2.000000,1.000000,0.000000,0.000000
8.630000,0.322536,-0.195135,0.465754,0.959942,-0.263736,-0.059476,0.073601,0.000000,2.000000,1.000000,0.000000,0.000000
8.635000,0.322790,-0.195290,0.465800,0.959896,-0.263826,-0.059602,0.073774,0.000000,2.000000,1.000000,0.000000,0.000000
8.640000,0.323043,-0.195445,0.465845,0.959850,-0.263917,-0.059729,0.073947,0.000000,2.000000,1.000000,-0.000000,0.000000
8.645000,0.323297,-0.195600,0.465890,0.959804,-0.264007,-0.059856,0.074120,0.000000,2.000000,1.000000,0.000000,0.000000
8.650000,0.323550,-0.195755,0.465935,0.959758,-0.264098,-0.059982,0.074293,0.000000,2.000000,1.000000,0.000000,0.000000
8.655000,0.323804,-0.195910,0.465980,0.959712,-0.264188,-0.060109,0.074465,0.000000,2.000000,1.000000,0.000000,0.000000
8.660000,0.324057,-0.196065,0.466026,0.959665,-0.264279,-0.060235,0.074638,0.000000,2.000000,1.000000,0.000000,0.000000
8.665000,0.324307,-0.196213,0.466065,0.959621,-0.264363,-0.060362,0.074809,0.000000,2.000000,1.000000,0.000000,0.000000
8.670000,0.324556,-0.196361,0.466105,0.959577,-0.264447,-0.060488,0.074979,0.000000,2.000000,1.000000,0.000000,0.000000
8.675000,0.324806,-0.196509,0.466145,0.959532,-0.264530,-0.060614,0.075150,0.000000,2.000000,1.000000,0.000000,0.000000
8.680000,0.325055,-0.196657,0.466185,0.959488,-0.264614,-0.060740,0.075320,0.000000,2.000000,1.000000,0.000000,0.000000
8.685000,0.325305,-0.196805,0.466225,0.959443,-0.264698,-0.060866,0.075491,0.000000,2.000000,1.000000,0.000000,0.000000
8.690000,0.325554,-0.196953,0.466265,0.959399,-0.264781,-0.060992,0.075661,0.000000,2.000000,1.000000,0.000000,0.000000
8.695000,0.325804,-0.197101,0.466305,0.959354,-0.264865,-0.061118,0.075832,0.000000,2.000000,1.000000,0.000000,0.000000
8.700000,0.326047,-0.197237,0.466335,0.959313,-0.264937,-0.061246,0.075998,0.000000,2.000000,1.000000,0.000000,0.000000
8.705000,0.326290,-0.197373,0.466365,0.959272,-0.265009,-0.061374,0.076164,0.000000,2.000000,1.000000,0.000000,0.000000
8.710000,0.326533,-0.197509,0.466396,0.959230,-0.265081,-0.061502,0.076330,0.000000,2.000000,1.000000,0.000000,0.000000
8.715000,0.326776,-0.197644,0.466426,0.959189,-0.265154,-0.061629,0.076496,0.000000,2.000000,1.000000,0.000000,0.000000
8.720000,0.327019,-0.197780,0.466457,0.959148,-0.265226,-0.061757,0.076662,0.000000,2.000000,1.000000,0.000000,0.000000
8.725000,0.327263,-0.197916,0.466487,0.959106,-0.265298,-0.061885,0.076829,0.000000,2.000000,1.000000,0.000000,0.000000
8.730000,0.327506,-0.198052,0.466518,0.959065,-0.265370,-0.062013,0.076995,0.000000,2.000000,1.000000,0.000000,0.000000
8.735000,0.327748,-0.198175,0.466541,0.959028,-0.265427,-0.062142,0.077158,0.000000,2.000000,1.000000,0.000000,0.000000
8.740000,0.327990,-0.198298,0.466564,0.958990,-0.265484,-0.062271,0.077321,0.000000,2.000000,1.000000,0.000000,0.000000
8.745000,0.328233,-0.198421,0.466587,0.958953,-0.265541,-0.062400,0.077484,0.000000,2.000000,1.000000,0.000000,0.000000
8.750000,0.328475,-0.198544,0.466610,0.958916,-0.265598,-0.062529,0.077647,0.000000,2.000000,1.000000,0.000000,0.000000
8.755000,0.328718,-0.198666,0.466633,0.958878,-0.265655,-0.062657,0.077810,0.000000,2.000000,1.000000,0.000000,0.000000
8.760000,0.328960,-0.198789,0.466656,0.958841,-0.265711,-0.062786,0.077973,0.000000,2.000000,1.000000,0.000000,0.000000
8.765000,0.329203,-0.198912,0.466679,0.958803,-0.265768,-0.062915,0.078136,0.000000,2.000000,1.000000,0.000000,0.000000
8.770000,0.329444,-0.199022,0.466685,0.958769,-0.265811,-0.063057,0.078296,0.000000,2.000000,1.000000,0.000000,0.000000
8.775000,0.329685,-0.199132,0.466691,0.958735,-0.265853,-0.063199,0.078457,0.000000,2.000000,1.000000,0.000000,0.000000
8.780000,0.329926,-0.199242,0.466697,0.958700,-0.265896,-0.063341,0.078618,0.000000,2.000000,1.000000,0.000000,0.000000
8.785000,0.330168,-0.199351,0.466703,0.958666,-0.265938,-0.063483,0.078778,0.000000,2.000000,1.000000,0.000000,0.000000
8.790000,0.330409,-0.199461,0.466709,0.958632,-0.265981,-0.063625,0.078939,0.000000,2.000000,1.000000,0.000000,0.000000
8.795000,0.330650,-0.199571,0.466715,0.958597,-0.266023,-0.063767,0.079100,0.000000,2.000000,1.000000,0.000000,0.000000
8.800000,0.330891,-0.199677,0.466732,0.958564,-0.266065,-0.063891,0.079260,0.000000,2.000000,1.000000,0.000000,0.000000
8.805000,0.331132,-0.199783,0.466749,0.958531,-0.266106,-0.064015,0.079420,0.000000,2.000000,1.000000,0.000000,0.000000
8.810000,0.331372,-0.199888,0.466767,0.958498,-0.266148,-0.064139,0.079580,0.000000,2.000000,1.000000,0.000000,0.000000
8.815000,0.331613,-0.199994,0.466784,0.958465,-0.266190,-0.064262,0.079741,0.000000,2.000000,1.000000,0.000000,0.000000
8.820000,0.331854,-0.200100,0.466802,0.958432,-0.266231,-0.064386,0.079901,0.000000,2.000000,1.000000,0.000000,0.000000
8.825000,0.332095,-0.200206,0.466819,0.958398,-0.266273,-0.064510,0.080061,0.000000,2.000000,1.000000,0.000000,0.000000
8.830000,0.332335,-0.200312,0.466837,0.958365,-0.266315,-0.064634,0.080221,0.000000,2.000000,1.000000,0.000000,0.000000
8.835000,0.332571,-0.200416,0.466850,0.958331,-0.266359,-0.064757,0.080379,0.000000,2.000000,1.000000,0.000000,0.000000
8.840000,0.332807,-0.200520,0.466864,0.958297,-0.266404,-0.064880,0.080536,0.000000,2.000000,1.000000,0.000000,0.000000
8.845000,0.333043,-0.200624,0.466878,0.958263,-0.266449,-0.065003,0.080694,0.000000,2.000000,1.000000,0.000000,0.000000
8.850000,0.333279,-0.200728,0.466892,0.958229,-0.266493,-0.065126,0.080851,0.000000,2.000000,1.000000,0.000000,0.000000
8.855000,0.333515,-0.200832,0.466906,0.958195,-0.266538,-0.065249,0.081009,0.000000,2.000000,1.000000,0.000000,0.000000
8.860000,0.333751,-0.200935,0.466919,0.958161,-0.266583,-0.065372,0.081167,0.000000,2.000000,1.000000,0.000000,0.000000
8.865000,0.333987,-0.201039,0.466933,0.958127,-0.266627,-0.065495,0.081324,0.000000,2.000000,1.000000,0.000000,0.000000
8.870000,0.334220,-0.201143,0.466938,0.958092,-0.266671,-0.065626,0.081479,0.000000,2.000000,1.000000,0.000000,0.000000
8.875000,0.334452,-0.201247,0.466942,0.958058,-0.266714,-0.065756,0.081634,0.000000,2.000000,1.000000,0.000000,0.000000
8.880000,0.334685,-0.201350,0.466946,0.958024,-0.266757,-0.065887,0.081789,0.000000,2.000000,1.000000,0.000000,0.000000
8.885000,0.334917,-0.201454,0.466951,0.957990,-0.266800,-0.066017,0.081944,0.000000,2.000000,1.000000,0.000000,0.000000
8.890000,0.335149,-0.201558,0.466955,0.957956,-0.266843,-0.066148,0.082099,0.000000,2.000000,1.000000,0.000000,0.000000
8.895000,0.335382,-0.201662,0.466959,0.957921,-0.266886,-0.066278,0.082254,0.000000,2.000000,1.000000,0.000000,0.000000
8.900000,0.335614,-0.201765,0.466964,0.957887,-0.266929,-0.066409,0.082409,0.000000,2.000000,1.000000,0.000000,0.000000
8.905000,0.335850,-0.201869,0.466970,0.957854,-0.266969,-0.066535,0.082565,0.000000,2.000000,1.000000,0.000000,0.000000
8.910000,0.336085,-0.201973,0.466976,0.957820,-0.267009,-0.066661,0.082722,0.000000,2.000000,1.000000,0.000000,0.000000
8.915000,0.336321,-0.202078,0.466982,0.957787,-0.267049,-0.066787,0.082879,0.000000,2.000000,1.000000,0.000000,0.000000
8.920000,0.336556,-0.202182,0.466989,0.957753,-0.267088,-0.066914,0.083036,0.000000,2.000000,1.000000,0.000000,0.000000
8.925000,0.336792,-0.202286,0.466995,0.957720,-0.267128,-0.067040,0.083192,0.000000,2.000000,1.000000,0.000000,0.000000
8.930000,0.337027,-0.202390,0.467001,0.957686,-0.267168,-0.067166,0.083349,0.000000,2.000000,1.000000,0.000000,0.000000
8.935000,0.337263,-0.202494,0.467007,0.957653,-0.267207,-0.067292,0.083506,0.000000,2.000000,1.000000,0.000000,0.000000
8.940000,0.337497,-0.202597,0.467022,0.957621,-0.267246,-0.067405,0.083659,0.000000,2.000000,1.000000,0.000000,0.000000
8.945000,0.337732,-0.202700,0.467036,0.957588,-0.267285,-0.067517,0.083813,0.000000,2.000000,1.000000,0.000000,0.000000
8.950000,0.337966,-0.202802,0.467050,0.957556,-0.267324,-0.067629,0.083967,0.000000,2.000000,1.000000,0.000000,0.000000
8.955000,0.338200,-0.202905,0.467065,0.957524,-0.267363,-0.067742,0.084120,0.000000,2.000000,1.000000,0.000000,0.000000
8.960000,0.338434,-0.203008,0.467079,0.957491,-0.267403,-0.067854,0.084274,0.000000,2.000000,1.000000,0.000000,0.000000
8.965000,0.338669,-0.203111,0.467093,0.957459,-0.267442,-0.067967,0.084428,0.000000,2.000000,1.000000,0.000000,0.000000
8.970000,0.338912,-0.203216,0.467133,0.957428,-0.267480,-0.068050,0.084585,0.000000,2.000000,1.000000,0.000000,0.000000
8.975000,0.339156,-0.203321,0.467173,0.957398,-0.267518,-0.068134,0.084742,0.000000,2.000000,1.000000,0.000000,0.000000
8.980000,0.339400,-0.203426,0.467213,0.957367,-0.267557,-0.068218,0.084899,0.000000,2.000000,1.000000,0.000000,0.000000
8.985000,0.339643,-0.203531,0.467253,0.957336,-0.267595,-0.068302,0.085057,0.000000,2.000000,1.000000,-0.000000,0.000000
8.990000,0.339887,-0.203636,0.467292,0.957306,-0.267634,-0.068386,0.085214,0.000000,2.000000,1.000000,0.000000,0.000000
8.995000,0.340131,-0.203741,0.467332,0.957275,-0.267672,-0.068469,0.085371,0.000000,2.000000,1.000000,0.000000,0.000000
9.000000,0.340374,-0.203846,0.467372,0.957244,-0.267710,-0.068553,0.085528,0.000000,2.000000,1.000000,0.000000,0.000000
9.005000,0.340628,-0.203948,0.467416,0.957216,-0.267741,-0.068631,0.085690,0.000000,2.000000,1.000000,0.000000,0.000000
9.010000,0.340882,-0.204050,0.467461,0.957187,-0.267771,-0.068708,0.085852,0.000000,2.000000,1.000000,0.000000,0.000000
9.015000,0.341136,-0.204152,0.467505,0.957159,-0.267801,-0.068786,0.086014,0.000000,2.000000,1.000000,0.000000,0.000000
9.020000,0.341390,-0.204254,0.467550,0.957130,-0.267832,-0.068864,0.086176,0.000000,2.000000,1.000000,0.000000,0.000000
9.025000,0.341644,-0.204356,0.467594,0.957101,-0.267862,-0.068941,0.086338,0.000000,2.000000,1.000000,0.000000,0.000000
9.030000,0.341898,-0.204459,0.467639,0.957072,-0.267892,-0.069019,0.086500,0.000000,2.000000,1.000000,0.000000,0.000000
9.035000,0.342152,-0.204561,0.467683,0.957044,-0.267923,-0.069097,0.086662,0.000000,2.000000,1.000000,0.000000,0.000000
9.040000,0.342410,-0.204660,0.467726,0.957016,-0.267948,-0.069175,0.086826,0.000000,2.000000,1.000000,0.000000,0.000000
9.045000,0.342668,-0.204758,0.467768,0.956988,-0.267974,-0.069253,0.086990,0.000000,2.000000,1.000000,0.000000,0.000000
9.050000,0.342926,-0.204857,0.467811,0.956961,-0.267999,-0.069331,0.087155,0.000000,2.000000,1.000000,0.000000,0.000000
9.055000,0.343183,-0.204956,0.467854,0.956933,-0.268025,-0.069409,0.087319,0.000000,2.000000,1.000000,0.000000,0.000000
9.060000,0.343441,-0.205055,0.467896,0.956905,-0.268050,-0.069487,0.087483,0.000000,2.000000,1.000000,0.000000,0.000000
9.065000,0.343699,-0.205154,0.467939,0.956877,-0.268076,-0.069565,0.087647,0.000000,2.000000,1.000000,0.000000,0.000000
9.070000,0.343957,-0.205252,0.467981,0.956849,-0.268101,-0.069643,0.087811,0.000000,2.000000,1.000000,0.000000,0.000000
9.075000,0.344214,-0.205356,0.468035,0.956821,-0.268134,-0.069706,0.087975,0.000000,2.000000,1.000000,0.000000,0.000000
9.080000,0.344471,-0.205460,0.468090,0.956792,-0.268166,-0.069770,0.088139,0.000000,2.000000,1.000000,0.000000,0.000000
9.085000,0.344728,-0.205564,0.468144,0.956763,-0.268198,-0.069833,0.088302,0.000000,2.000000,1.000000,0.000000,0.000000
9.090000,0.344985,-0.205668,0.468198,0.956734,-0.268230,-0.069896,0.088466,0.000000,2.000000,1.000000,0.000000,0.000000
9.095000,0.345242,-0.205772,0.468252,0.956706,-0.268263,-0.069960,0.088630,0.000000,2.000000,1.000000,0.000000,0.000000
9.100000,0.345499,-0.205876,0.468306,0.956677,-0.268295,-0.070023,0.088794,0.000000,2.000000,1.000000,0.000000,0.000000
9.105000,0.345756,-0.205980,0.468361,0.956648,-0.268327,-0.070087,0.088958,0.000000,2.000000,1.000000,0.000000,0.000000
9.110000,0.346009,-0.206097,0.468424,0.956615,-0.268377,-0.070141,0.089121,0.000000,2.000000,1.000000,0.000000,0.000000
9.115000,0.346262,-0.206215,0.468487,0.956581,-0.268427,-0.070196,0.089285,0.000000,2.000000,1.000000,0.000000,0.000000
9.120000,0.346515,-0.206332,0.468550,0.956548,-0.268476,-0.070250,0.089449,0.000000,2.000000,1.000000,0.000000,0.000000
9.125000,0.346769,-0.206450,0.468613,0.956515,-0.268526,-0.070304,0.089613,0.000000,2.000000,1.000000,0.000000,0.000000
9.130000,0.347022,-0.206567,0.468676,0.956481,-0.268576,-0.070359,0.089777,0.000000,2.000000,1.000000,-0.000000,0.000000
9.135000,0.347275,-0.206685,0.468739,0.956448,-0.268626,-0.070413,0.089940,0.000000,2.000000,1.000000,0.000000,0.000000
9.140000,0.347522,-0.206817,0.468801,0.956409,-0.268695,-0.070471,0.090105,0.000000,2.000000,1.000000,0.000000,0.000000
9.145000,0.347769,-0.206949,0.468862,0.956370,-0.268764,-0.070529,0.090269,0.000000,2.000000,1.000000,0.000000,0.000000
9.150000,0.348015,-0.207081,0.468924,0.956330,-0.268833,-0.070587,0.090434,0.000000,2.000000,1.000000,0.000000,0.000000
9.155000,0.348262,-0.207213,0.468985,0.956291,-0.268903,-0.070645,0.090598,0.000000,2.000000,1.000000,0.000000,0.000000
9.160000,0.348509,-0.207345,0.469047,0.956252,-0.268972,-0.070703,0.090763,0.000000,2.000000,1.000000,0.000000,0.000000
9.165000,0.348756,-0.207478,0.469108,0.956212,-0.269041,-0.070762,0.090927,0.000000,2.000000,1.000000,0.000000,0.000000
9.170000,0.349003,-0.207610,0.469170,0.956173,-0.269110,-0.070820,0.091092,0.000000,2.000000,1.000000,0.000000,0.000000
9.175000,0.349238,-0.207747,0.469215,0.956130,-0.269190,-0.070893,0.091252,0.000000,2.000000,1.000000,0.000000,0.000000
9.180000,0.349473,-0.207885,0.469261,0.956087,-0.269270,-0.070965,0.091412,0.000000,2.000000,1.000000,0.000000,0.000000
9.185000,0.349708,-0.208022,0.469306,0.956043,-0.269350,-0.071038,0.091572,0.000000,2.000000,1.000000,0.000000,0.000000
9.190000,0.349942,-0.208160,0.469352,0.956000,-0.269429,-0.071111,0.091732,0.000000,2.000000,1.000000,0.000000,0.000000
9.195000,0.350177,-0.208298,0.469397,0.955957,-0.269509,-0.071184,0.091892,0.000000,2.000000,1.000000,-0.000000,0.000000
9.200000,0.350412,-0.208435,0.469443,0.955914,-0.269589,-0.071257,0.092052,0.000000,2.000000,1.000000,0.000000,0.000000
9.205000,0.350647,-0.208573,0.469488,0.955870,-0.269669,-0.071330,0.092212,0.000000,2.000000,1.000000,0.000000,0.000000
9.210000,0.350873,-0.208715,0.469529,0.955825,-0.269756,-0.071405,0.092368,0.000000,2.000000,1.000000,0.000000,0.000000
9.215000,0.351098,-0.208857,0.469569,0.955779,-0.269844,-0.071480,0.092523,0.000000,2.000000,1.000000,0.000000,0.000000
9.220000,0.351324,-0.208999,0.469610,0.955734,-0.269931,-0.071555,0.092679,0.000000,2.000000,1.000000,0.000000,0.000000
9.225000,0.351549,-0.209141,0.469650,0.955689,-0.270019,-0.071631,0.092834,0.000000,2.000000,1.000000,0.000000,0.000000
9.230000,0.351775,-0.209283,0.469691,0.955643,-0.270106,-0.071706,0.092989,0.000000,2.000000,1.000000,0.000000,0.000000
9.235000,0.352000,-0.209425,0.469731,0.955598,-0.270194,-0.071781,0.093145,0.000000,2.000000,1.000000,0.000000,0.000000
9.240000,0.352226,-0.209568,0.469772,0.955552,-0.270282,-0.071856,0.093300,0.000000,2.000000,1.000000,0.000000,0.000000
9.245000,0.352440,-0.209712,0.469805,0.955505,-0.270374,-0.071935,0.093450,0.000000,2.000000,1.000000,0.000000,0.000000
9.250000,0.352654,-0.209856,0.469838,0.955458,-0.270467,-0.072013,0.093600,0.000000,2.000000,1.000000,0.000000,0.000000
9.255000,0.352868,-0.210000,0.469872,0.955412,-0.270560,-0.072092,0.093750,0.000000,2.000000,1.000000,0.000000,0.000000
9.260000,0.353082,-0.210144,0.469905,0.955365,-0.270652,-0.072171,0.093900,0.000000,2.000000,1.000000,0.000000,0.000000
9.265000,0.353295,-0.210289,0.469938,0.955318,-0.270745,-0.072249,0.094049,0.000000,2.000000,1.000000,0.000000,0.000000
9.270000,0.353509,-0.210433,0.469972,0.955271,-0.270838,-0.072328,0.094199,0.000000,2.000000,1.000000,0.000000,0.000000
9.275000,0.353723,-0.210577,0.470005,0.955224,-0.270930,-0.072407,0.094349,0.000000,2.000000,1.000000,0.000000,0.000000
9.280000,0.353929,-0.210729,0.470028,0.955173,-0.271033,-0.072495,0.094494,0.000000,2.000000,1.000000,0.000000,0.000000
9.285000,0.354135,-0.210882,0.470051,0.955123,-0.271136,-0.072583,0.094639,0.000000,2.000000,1.000000,0.000000,0.000000
9.290000,0.354341,-0.211034,0.470074,0.955073,-0.271239,-0.072671,0.094783,0.000000,2.000000,1.000000,0.000000,0.000000
9.295000,0.354547,-0.211187,0.470097,0.955023,-0.271342,-0.072759,0.094928,0.000000,2.000000,1.000000,0.000000,0.000000
9.300000,0.354753,-0.211339,0.470120,0.954972,-0.271445,-0.072847,0.095073,0.000000,2.000000,1.000000,0.000000,0.000000
9.305000,0.354959,-0.211492,0.470142,0.954922,-0.271548,-0.072935,0.095218,0.000000,2.000000,1.000000,0.000000,0.000000
9.310000,0.355159,-0.211644,0.470147,0.954870,-0.271652,-0.073042,0.095360,0.000000,2.000000,1.000000,0.000000,0.000000
9.315000,0.355358,-0.211797,0.470151,0.954818,-0.271757,-0.073148,0.095502,0.000000,2.000000,1.000000,0.000000,0.000000
9.320000,0.355557,-0.211949,0.470155,0.954766,-0.271861,-0.073254,0.095644,0.000000,2.000000,1.000000,0.000000,0.000000
9.325000,0.355757,-0.212102,0.470160,0.954714,-0.271966,-0.073360,0.095786,0.000000,2.000000,1.000000,0.000000,0.000000
9.330000,0.355956,-0.212254,0.470164,0.954661,-0.272070,-0.073466,0.095928,0.000000,2.000000,1.000000,0.000000,0.000000
9.335000,0.356155,-0.212407,0.470168,0.954609,-0.272175,-0.073573,0.096070,0.000000,2.000000,1.000000,0.000000,0.000000
9.340000,0.356355,-0.212560,0.470173,0.954557,-0.272279,-0.073679,0.096212,0.000000,2.000000,1.000000,0.000000,0.000000
9.345000,0.356548,-0.212697,0.470157,0.954507,-0.272370,-0.073802,0.096354,0.000000,2.000000,1.000000,0.000000,0.000000
9.350000,0.356741,-0.212835,0.470141,0.954457,-0.272460,-0.073926,0.096496,0.000000,2.000000,1.000000,0.000000,0.000000
9.355000,0.356935,-0.212973,0.470125,0.954408,-0.272551,-0.074049,0.096638,0.000000,2.000000,1.000000,0.000000,0.000000
9.360000,0.357128,-0.213110,0.470110,0.954358,-0.272641,-0.074173,0.096780,0.000000,2.000000,1.000000,0.000000,0.000000
9.365000,0.357321,-0.213248,0.470094,0.954308,-0.272732,-0.074296,0.096922,0.000000,2.000000,1.000000,0.000000,0.000000
9.370000,0.357515,-0.213386,0.470078,0.954258,-0.272822,-0.074420,0.097064,0.000000,2.000000,1.000000,0.000000,0.000000
9.375000,0.357708,-0.213524,0.470062,0.954208,-0.272913,-0.074543,0.097206,0.000000,2.000000,1.000000,0.000000,0.000000
9.380000,0.357910,-0.213651,0.470048,0.954162,-0.272989,-0.074663,0.097353,0.000000,2.000000,1.000000,0.000000,0.000000
9.385000,0.358113,-0.213778,0.470033,0.954115,-0.273066,-0.074782,0.097500,0.000000,2.000000,1.000000,0.000000,0.000000
9.390000,0.358315,-0.213905,0.470019,0.954069,-0.273143,-0.074902,0.097647,0.000000,2.000000,1.000000,0.000000,0.000000
9.395000,0.358517,-0.214032,0.470005,0.954023,-0.273219,-0.075021,0.097794,0.000000,2.000000,1.000000,0.000000,0.000000
9.400000,0.358719,-0.214160,0.469990,0.953976,-0.273296,-0.075141,0.097941,0.000000,2.000000,1.000000,0.000000,0.000000
9.405000,0.358921,-0.214287,0.469976,0.953930,-0.273372,-0.075260,0.098088,0.000000,2.000000,1.000000,0.000000,0.000000
9.410000,0.359124,-0.214414,0.469962,0.953883,-0.273449,-0.075380,0.098235,0.000000,2.000000,1.000000,0.000000,0.000000
9.415000,0.359333,-0.214528,0.469941,0.953841,-0.273508,-0.075503,0.098384,0.000000,2.000000,1.000000,0.000000,0.000000
9.420000,0.359542,-0.214643,0.469920,0.953799,-0.273567,-0.075627,0.098533,0.000000,2.000000,1.000000,0.000000,0.000000
9.425000,0.359752,-0.214757,0.469899,0.953757,-0.273626,-0.075750,0.098682,0.000000,2.000000,1.000000,0.000000,0.000000
9.430000,0.359961,-0.214872,0.469878,0.953715,-0.273685,-0.075874,0.098831,0.000000,2.000000,1.000000,0.000000,0.000000
9.435000,0.360171,-0.214986,0.469857,0.953673,-0.273744,-0.075997,0.098980,0.000000,2.000000,1.000000,0.000000,0.000000
9.440000,0.360380,-0.215100,0.469837,0.953630,-0.273804,-0.076121,0.099129,0.000000,2.000000,1.000000,0.000000,0.000000
9.445000,0.360590,-0.215215,0.469816,0.953588,-0.273863,-0.076244,0.099278,0.000000,2.000000,1.000000,-0.000000,0.000000
9.450000,0.360800,-0.215321,0.469789,0.953548,-0.273912,-0.076370,0.099427,0.000000,2.000000,1.000000,0.000000,0.000000
9.455000,0.361010,-0.215427,0.469762,0.953508,-0.273961,-0.076497,0.099575,0.000000,2.000000,1.000000,0.000000,0.000000
9.460000,0.361220,-0.215533,0.469736,0.953469,-0.274010,-0.076623,0.099724,0.000000,2.000000,1.000000,0.000000,0.000000
9.465000,0.361430,-0.215639,0.469709,0.953429,-0.274059,-0.076750,0.099872,0.000000,2.000000,1.000000,0.000000,0.000000
9.470000,0.361640,-0.215745,0.469682,0.953389,-0.274108,-0.076876,0.100020,0.000000,2.000000,1.000000,0.000000,0.000000
9.475000,0.361850,-0.215852,0.469655,0.953349,-0.274157,-0.077003,0.100169,0.000000,2.000000,1.000000,0.000000,0.000000
9.480000,0.362065,-0.215964,0.469635,0.953308,-0.274212,-0.077123,0.100320,0.000000,2.000000,1.000000,0.000000,0.000000
9.485000,0.362280,-0.216076,0.469615,0.953266,-0.274267,-0.077243,0.100472,0.000000,2.000000,1.000000,0.000000,0.000000
9.490000,0.362495,-0.216189,0.469595,0.953225,-0.274323,-0.077363,0.100624,0.000000,2.000000,1.000000,0.000000,0.000000
9.495000,0.362710,-0.216301,0.469574,0.953183,-0.274378,-0.077483,0.100776,0.000000,2.000000,1.000000,0.000000,0.000000
9.500000,0.362925,-0.216414,0.469554,0.953141,-0.274433,-0.077602,0.100927,0.000000,2.000000,1.000000,0.000000,0.000000
9.505000,0.363140,-0.216526,0.469534,0.953099,-0.274488,-0.077722,0.101079,0.000000,2.000000,1.000000,0.000000,0.000000
9.510000,0.363355,-0.216639,0.469513,0.953058,-0.274543,-0.077842,0.101231,0.000000,2.000000,1.000000,0.000000,0.000000
9.515000,0.363564,-0.216752,0.469487,0.953015,-0.274601,-0.077966,0.101380,0.000000,2.000000,1.000000,0.000000,0.000000
9.520000,0.363774,-0.216866,0.469460,0.952972,-0.274659,-0.078091,0.101529,0.000000,2.000000,1.000000,0.000000,0.000000
9.525000,0.363983,-0.216980,0.469434,0.952929,-0.274717,-0.078215,0.101678,0.000000,2.000000,1.000000,0.000000,0.000000
9.530000,0.364193,-0.217094,0.469407,0.952887,-0.274775,-0.078339,0.101827,0.000000,2.000000,1.000000,-0.000000,0.000000
9.535000,0.364402,-0.217207,0.469380,0.952844,-0.274833,-0.078463,0.101976,0.000000,2.000000,1.000000,0.000000,0.000000
9.540000,0.364611,-0.217321,0.469354,0.952801,-0.274891,-0.078587,0.102125,0.000000,2.000000,1.000000,0.000000,0.000000
9.545000,0.364821,-0.217435,0.469327,0.952758,-0.274949,-0.078711,0.102274,0.000000,2.000000,1.000000,0.000000,0.000000
9.550000,0.365028,-0.217542,0.469290,0.952716,-0.275000,-0.078844,0.102422,0.000000,2.000000,1.000000,0.000000,0.000000
9.555000,0.365236,-0.217650,0.469252,0.952674,-0.275052,-0.078978,0.102570,0.000000,2.000000,1.000000,0.000000,0.000000
9.560000,0.365443,-0.217757,0.469214,0.952632,-0.275103,-0.079111,0.102718,0.000000,2.000000,1.000000,0.000000,0.000000
9.565000,0.365651,-0.217865,0.469177,0.952591,-0.275154,-0.079244,0.102866,0.000000,2.000000,1.000000,0.000000,0.000000
9.570000,0.365858,-0.217973,0.469139,0.952549,-0.275206,-0.079378,0.103014,0.000000,2.000000,1.000000,-0.000000,0.000000
9.575000,0.366066,-0.218080,0.469102,0.952507,-0.275257,-0.079511,0.103163,0.000000,2.000000,1.000000,-0.000000,0.000000
9.580000,0.366273,-0.218188,0.469064,0.952465,-0.275308,-0.079644,0.103311,0.000000,2.000000,1.000000,0.000000,0.000000
9.585000,0.366490,-0.218296,0.469027,0.952423,-0.275358,-0.079777,0.103464,0.000000,2.000000,1.000000,0.000000,0.000000
9.590000,0.366707,-0.218405,0.468989,0.952381,-0.275407,-0.079909,0.103618,0.000000,2.000000,1.000000,0.000000,0.000000
9.595000,0.366923,-0.218514,0.468952,0.952339,-0.275456,-0.080041,0.103772,0.000000,2.000000,1.000000,0.000000,0.000000
9.600000,0.367140,-0.218622,0.468914,0.952296,-0.275505,-0.080174,0.103926,0.000000,2.000000,1.000000,0.000000,0.000000
9.605000,0.367357,-0.218731,0.468877,0.952254,-0.275554,-0.080306,0.104080,0.000000,2.000000,1.000000,0.000000,0.000000
9.610000,0.367574,-0.218839,0.468839,0.952212,-0.275603,-0.080438,0.104233,0.000000,2.000000,1.000000,0.000000,0.000000
9.615000,0.367790,-0.218948,0.468802,0.952170,-0.275652,-0.080570,0.104387,0.000000,2.000000,1.000000,0.000000,0.000000
9.620000,0.368012,-0.219057,0.468766,0.952129,-0.275700,-0.080688,0.104543,0.000000,2.000000,1.000000,0.000000,0.000000
9.625000,0.368235,-0.219166,0.468730,0.952088,-0.275747,-0.080806,0.104698,0.000000,2.000000,1.000000,0.000000,0.000000
9.630000,0.368457,-0.219275,0.468694,0.952048,-0.275794,-0.080924,0.104854,0.000000,2.000000,1.000000,0.000000,0.000000
9.635000,0.368679,-0.219384,0.468658,0.952007,-0.275842,-0.081041,0.105009,0.000000,2.000000,1.000000,0.000000,0.000000
9.640000,0.368901,-0.219493,0.468622,0.951966,-0.275889,-0.081159,0.105165,0.000000,2.000000,1.000000,0.000000,0.000000
9.645000,0.369123,-0.219602,0.468586,0.951925,-0.275936,-0.081277,0.105320,0.000000,2.000000,1.000000,0.000000,0.000000
9.650000,0.369354,-0.219718,0.468573,0.951884,-0.275990,-0.081361,0.105479,0.000000,2.000000,1.000000,0.000000,0.000000
9.655000,0.369584,-0.219835,0.468560,0.951844,-0.276044,-0.081445,0.105637,0.000000,2.000000,1.000000,0.000000,0.000000
9.660000,0.369815,-0.219951,0.468547,0.951804,-0.276098,-0.081529,0.105796,0.000000,2.000000,1.000000,0.000000,0.000000
9.665000,0.370045,-0.220067,0.468533,0.951763,-0.276152,-0.081614,0.105955,0.000000,2.000000,1.000000,0.000000,0.000000
9.670000,0.370275,-0.220184,0.468520,0.951723,-0.276206,-0.081698,0.106113,0.000000,2.000000,1.000000,0.000000,0.000000
9.675000,0.370506,-0.220300,0.468507,0.951682,-0.276260,-0.081782,0.106272,0.000000,2.000000,1.000000,0.000000,0.000000
9.680000,0.370736,-0.220417,0.468494,0.951641,-0.276313,-0.081866,0.106431,0.000000,2.000000,1.000000,0.000000,0.000000
9.685000,0.370976,-0.220539,0.468499,0.951601,-0.276372,-0.081930,0.106595,0.000000,2.000000,1.000000,0.000000,0.000000
9.690000,0.371216,-0.220662,0.468505,0.951560,-0.276431,-0.081993,0.106759,0.000000,2.000000,1.000000,0.000000,0.000000
9.695000,0.371457,-0.220785,0.468510,0.951519,-0.276490,-0.082057,0.106922,0.000000,2.000000,1.000000,0.000000,0.000000
9.700000,0.371697,-0.220908,0.468515,0.951478,-0.276548,-0.082120,0.107086,0.000000,2.000000,1.000000,0.000000,0.000000
9.705000,0.371937,-0.221031,0.468520,0.951437,-0.276607,-0.082184,0.107250,0.000000,2.000000,1.000000,0.000000,0.000000
9.710000,0.372177,-0.221153,0.468525,0.951396,-0.276665,-0.082247,0.107414,0.000000,2.000000,1.000000,0.000000,0.000000
9.715000,0.372418,-0.221276,0.468530,0.951355,-0.276724,-0.082311,0.107578,0.000000,2.000000,1.000000,0.000000,0.000000
9.720000,0.372665,-0.221399,0.468526,0.951314,-0.276780,-0.082377,0.107746,0.000000,2.000000,1.000000,0.000000,0.000000
9.725000,0.372912,-0.221522,0.468522,0.951273,-0.276835,-0.082443,0.107915,0.000000,2.000000,1.000000,0.000000,0.000000
9.730000,0.373160,-0.221645,0.468518,0.951232,-0.276891,-0.082509,0.108083,0.000000,2.000000,1.000000,0.000000,0.000000
9.735000,0.373407,-0.221768,0.468514,0.951191,-0.276946,-0.082575,0.108251,0.000000,2.000000,1.000000,0.000000,0.000000
9.740000,0.373654,-0.221891,0.468510,0.951150,-0.277002,-0.082641,0.108419,0.000000,2.000000,1.000000,0.000000,0.000000
9.745000,0.373902,-0.222014,0.468506,0.951109,-0.277057,-0.082708,0.108588,0.000000,2.000000,1.000000,0.000000,0.000000
9.750000,0.374149,-0.222137,0.468502,0.951067,-0.277113,-0.082774,0.108756,0.000000,2.000000,1.000000,0.000000,0.000000
9.755000,0.374405,-0.222264,0.468501,0.951026,-0.277170,-0.082832,0.108929,0.000000,2.000000,1.000000,0.000000,0.000000
9.760000,0.374661,-0.222391,0.468499,0.950984,-0.277227,-0.082890,0.109103,0.000000,2.000000,1.000000,0.000000,0.000000
9.765000,0.374917,-0.222518,0.468498,0.950942,-0.277284,-0.082949,0.109276,0.000000,2.000000,1.000000,0.000000,0.000000
9.770000,0.375173,-0.222645,0.468497,0.950901,-0.277342,-0.083007,0.109450,0.000000,2.000000,1.000000,0.000000,0.000000
9.775000,0.375429,-0.222772,0.468496,0.950859,-0.277399,-0.083065,0.109623,0.000000,2.000000,1.000000,0.000000,0.000000
9.780000,0.375685,-0.222899,0.468494,0.950817,-0.277456,-0.083123,0.109796,0.000000,2.000000,1.000000,0.000000,0.000000
9.785000,0.375941,-0.223026,0.468493,0.950775,-0.277513,-0.083181,0.109970,0.000000,2.000000,1.000000,0.000000,0.000000
9.790000,0.376206,-0.223156,0.468504,0.950735,-0.277573,-0.083212,0.110146,0.000000,2.000000,1.000000,0.000000,0.000000
9.795000,0.376470,-0.223287,0.468516,0.950695,-0.277632,-0.083243,0.110323,0.000000,2.000000,1.000000,0.000000,0.000000
9.800000,0.376734,-0.223418,0.468527,0.950654,-0.277691,-0.083274,0.110499,0.000000,2.000000,1.000000,0.000000,0.000000
9.805000,0.376999,-0.223548,0.468538,0.950614,-0.277750,-0.083305,0.110675,0.000000,2.000000,1.000000,0.000000,0.000000
9.810000,0.377263,-0.223679,0.468549,0.950573,-0.277809,-0.083336,0.110851,0.000000,2.000000,1.000000,0.000000,0.000000
9.815000,0.377527,-0.223810,0.468560,0.950532,-0.277868,-0.083367,0.111028,0.000000,2.000000,1.000000,0.000000,0.000000
9.820000,0.377808,-0.223946,0.468580,0.950493,-0.277928,-0.083371,0.111212,0.000000,2.000000,1.000000,0.000000,0.000000
9.825000,0.378089,-0.224083,0.468599,0.950454,-0.277988,-0.083375,0.111396,0.000000,2.000000,1.000000,0.000000,0.000000
9.830000,0.378370,-0.224219,0.468618,0.950414,-0.278048,-0.083380,0.111580,0.000000,2.000000,1.000000,0.000000,0.000000
9.835000,0.378650,-0.224356,0.468637,0.950375,-0.278108,-0.083384,0.111765,0.000000,2.000000,1.000000,0.000000,0.000000
9.840000,0.378931,-0.224493,0.468657,0.950335,-0.278167,-0.083388,0.111949,0.000000,2.000000,1.000000,0.000000,0.000000
9.845000,0.379212,-0.224629,0.468676,0.950296,-0.278227,-0.083392,0.112133,0.000000,2.000000,1.000000,0.000000,0.000000
9.850000,0.379493,-0.224766,0.468695,0.950256,-0.278287,-0.083396,0.112317,0.000000,2.000000,1.000000,0.000000,0.000000
9.855000,0.379792,-0.224905,0.468704,0.950217,-0.278342,-0.083390,0.112511,0.000000,2.000000,1.000000,0.000000,0.000000
9.860000,0.380091,-0.225043,0.468713,0.950179,-0.278398,-0.083384,0.112704,0.000000,2.000000,1.000000,0.000000,0.000000
9.865000,0.380390,-0.225182,0.468722,0.950140,-0.278453,-0.083379,0.112898,0.000000,2.000000,1.000000,0.000000,0.000000
9.870000,0.380689,-0.225321,0.468731,0.950101,-0.278508,-0.083373,0.113091,0.000000,2.000000,1.000000,0.000000,0.000000
9.875000,0.380987,-0.225460,0.468740,0.950063,-0.278563,-0.083367,0.113285,0.000000,2.000000,1.000000,0.000000,0.000000
9.880000,0.381286,-0.225598,0.468749,0.950024,-0.278619,-0.083362,0.113478,0.000000,2.000000,1.000000,0.000000,0.000000
9.885000,0.381585,-0.225737,0.468758,0.949985,-0.278674,-0.083356,0.113672,0.000000,2.000000,1.000000,0.000000,0.000000
9.890000,0.381897,-0.225879,0.468765,0.949949,-0.278727,-0.083319,0.113870,0.000000,2.000000,1.000000,0.000000,0.000000
9.895000,0.382209,-0.226021,0.468773,0.949913,-0.278780,-0.083282,0.114068,0.000000,2.000000,1.000000,0.000000,0.000000
9.900000,0.382522,-0.226164,0.468780,0.949877,-0.278833,-0.083245,0.114266,0.000000,2.000000,1.000000,0.000000,0.000000
9.905000,0.382834,-0.226306,0.468788,0.949841,-0.278885,-0.083208,0.114464,0.000000,2.000000,1.000000,0.000000,0.000000
9.910000,0.383146,-0.226448,0.468795,0.949805,-0.278938,-0.083172,0.114661,0.000000,2.000000,1.000000,0.000000,0.000000
9.915000,0.383458,-0.226590,0.468802,0.949768,-0.278991,-0.083135,0.114859,0.000000,2.000000,1.000000,0.000000,0.000000
9.920000,0.383770,-0.226732,0.468810,0.949732,-0.279044,-0.083098,0.115057,0.000000,2.000000,1.000000,0.000000,0.000000
9.925000,0.384104,-0.226877,0.468826,0.949704,-0.279090,-0.082984,0.115259,0.000000,2.000000,1.000000,0.000000,0.000000
9.930000,0.384437,-0.227022,0.468843,0.949676,-0.279136,-0.082871,0.115461,0.000000,2.000000,1.000000,0.000000,0.000000
9.935000,0.384770,-0.227167,0.468859,0.949647,-0.279183,-0.082757,0.115664,0.000000,2.000000,1.000000,0.000000,0.000000
9.940000,0.385104,-0.227312,0.468875,0.949619,-0.279229,-0.082643,0.115866,0.000000,2.000000,1.000000,0.000000,0.000000
9.945000,0.385437,-0.227457,0.468892,0.949591,-0.279275,-0.082530,0.116068,0.000000,2.000000,1.000000,0.000000,0.000000
9.950000,0.385770,-0.227603,0.468908,0.949562,-0.279321,-0.082416,0.116270,0.000000,2.000000,1.000000,0.000000,0.000000
9.955000,0.386104,-0.227748,0.468924,0.949534,-0.279368,-0.082302,0.116472,0.000000,2.000000,1.000000,0.000000,0.000000
9.960000,0.386463,-0.227893,0.468941,0.949513,-0.279404,-0.082119,0.116681,0.000000,2.000000,1.000000,0.000000,0.000000
9.965000,0.386821,-0.228039,0.468957,0.949493,-0.279440,-0.081935,0.116889,0.000000,2.000000,1.000000,0.000000,0.000000
9.970000,0.387180,-0.228185,0.468973,0.949473,-0.279476,-0.081752,0.117098,0.000000,2.000000,1.000000,0.000000,0.000000
9.975000,0.387539,-0.228331,0.468990,0.949452,-0.279512,-0.081568,0.117307,0.000000,2.000000,1.000000,0.000000,0.000000
9.980000,0.387898,-0.228477,0.469006,0.949431,-0.279547,-0.081385,0.117516,0.000000,2.000000,1.000000,0.000000,0.000000
9.985000,0.388256,-0.228622,0.469023,0.949411,-0.279583,-0.081201,0.117724,0.000000,2.000000,1.000000,0.000000,0.000000
9.990000,0.388617,-0.228767,0.469029,0.949390,-0.279616,-0.081029,0.117935,0.000000,2.000000,1.000000,0.000000,0.000000
9.995000,0.388977,-0.228911,0.469035,0.949368,-0.279649,-0.080856,0.118147,0.000000,2.000000,1.000000,0.000000,0.000000
10.000000,0.389338,-0.229055,0.469042,0.949347,-0.279681,-0.080684,0.118358,0.000000,2.000000,1.000000,0.000000,0.000000
10.005000,0.389699,-0.229199,0.469048,0.949326,-0.279714,-0.080511,0.118569,0.000000,2.000000,1.000000,0.000000,0.000000
10.010000,0.390059,-0.229343,0.469055,0.949305,-0.279746,-0.080338,0.118780,0.000000,2.000000,1.000000,0.000000,0.000000
10.015000,0.390420,-0.229488,0.469061,0.949283,-0.279779,-0.080166,0.118991,0.000000,2.000000,1.000000,0.000000,0.000000
10.020000,0.390780,-0.229632,0.469068,0.949262,-0.279811,-0.079993,0.119202,0.000000,2.000000,1.000000,0.000000,0.000000
10.025000,0.391122,-0.229772,0.469045,0.949232,-0.279845,-0.079909,0.119412,0.000000,2.000000,1.000000,0.000000,0.000000
10.030000,0.391464,-0.229912,0.469023,0.949203,-0.279878,-0.079825,0.119623,0.000000,2.000000,1.000000,0.000000,0.000000
10.035000,0.391806,-0.230052,0.469000,0.949174,-0.279912,-0.079740,0.119833,0.000000,2.000000,1.000000,0.000000,0.000000
10.040000,0.392148,-0.230192,0.468977,0.949144,-0.279945,-0.079656,0.120043,0.000000,2.000000,1.000000,0.000000,0.000000
10.045000,0.392490,-0.230332,0.468955,0.949115,-0.279979,-0.079571,0.120253,0.000000,2.000000,1.000000,0.000000,0.000000
10.050000,0.392832,-0.230472,0.468932,0.949086,-0.280012,-0.079487,0.120463,0.000000,2.000000,1.000000,0.000000,0.000000
10.055000,0.393174,-0.230612,0.468909,0.949056,-0.280046,-0.079403,0.120673,0.000000,2.000000,1.000000,0.000000,0.000000
10.060000,0.393499,-0.230745,0.468854,0.949020,-0.280077,-0.079411,0.120883,0.000000,2.000000,1.000000,0.000000,0.000000
10.065000,0.393824,-0.230877,0.468799,0.948983,-0.280107,-0.079419,0.121093,0.000000,2.000000,1.000000,0.000000,0.000000
10.070000,0.394149,-0.231009,0.468743,0.948947,-0.280138,-0.079427,0.121303,0.000000,2.000000,1.000000,0.000000,0.000000
10.075000,0.394474,-0.231141,0.468688,0.948910,-0.280169,-0.079435,0.121513,0.000000,2.000000,1.000000,0.000000,0.000000
10.080000,0.394798,-0.231274,0.468632,0.948873,-0.280199,-0.079443,0.121722,0.000000,2.000000,1.000000,0.000000,0.000000
10.085000,0.395123,-0.231406,0.468577,0.948837,-0.280230,-0.079451,0.121932,0.000000,2.000000,1.000000,0.000000,0.000000
10.090000,0.395448,-0.231538,0.468522,0.948800,-0.280260,-0.079459,0.122142,0.000000,2.000000,1.000000,0.000000,0.000000
10.095000,0.395768,-0.231666,0.468449,0.948761,-0.280288,-0.079501,0.122352,0.000000,2.000000,1.000000,0.000000,0.000000
10.100000,0.396088,-0.231794,0.468377,0.948723,-0.280315,-0.079544,0.122562,0.000000,2.000000,1.000000,0.000000,0.000000
10.105000,0.396408,-0.231921,0.468304,0.948684,-0.280342,-0.079586,0.122772,0.000000,2.000000,1.000000,0.000000,0.000000
10.110000,0.396727,-0.232049,0.468231,0.948645,-0.280370,-0.079628,0.122982,0.000000,2.000000,1.000000,0.000000,0.000000
10.115000,0.397047,-0.232177,0.468159,0.948606,-0.280397,-0.079670,0.123192,0.000000,2.000000,1.000000,0.000000,0.000000
10.120000,0.397367,-0.232305,0.468086,0.948567,-0.280424,-0.079712,0.123402,0.000000,2.000000,1.000000,0.000000,0.000000
10.125000,0.397687,-0.232432,0.468014,0.948528,-0.280452,-0.079754,0.123612,0.000000,2.000000,1.000000,0.000000,0.000000
10.130000,0.398015,-0.232560,0.467938,0.948493,-0.280475,-0.079765,0.123823,0.000000,2.000000,1.000000,0.000000,0.000000
10.135000,0.398343,-0.232688,0.467863,0.948458,-0.280498,-0.079777,0.124034,0.000000,2.000000,1.000000,0.000000,0.000000
10.140000,0.398671,-0.232816,0.467787,0.948422,-0.280521,-0.079788,0.124245,0.000000,2.000000,1.000000,0.000000,0.000000
10.145000,0.398999,-0.232944,0.467711,0.948387,-0.280544,-0.079799,0.124456,0.000000,2.000000,1.000000,0.000000,0.000000
10.150000,0.399327,-0.233072,0.467636,0.948352,-0.280567,-0.079810,0.124667,0.000000,2.000000,1.000000,0.000000,0.000000
10.155000,0.399655,-0.233200,0.467560,0.948316,-0.280590,-0.079821,0.124878,0.000000,2.000000,1.000000,0.000000,0.000000
10.160000,0.399983,-0.233318,0.467470,0.948289,-0.280598,-0.079790,0.125082,0.000000,2.000000,1.000000,0.000000,0.000000
10.165000,0.400312,-0.233436,0.467379,0.948263,-0.280606,-0.079759,0.125286,0.000000,2.000000,1.000000,0.000000,0.000000
10.170000,0.400640,-0.233554,0.467288,0.948236,-0.280614,-0.079728,0.125490,0.000000,2.000000,1.000000,0.000000,0.000000
10.175000,0.400969,-0.233672,0.467198,0.948209,-0.280622,-0.079697,0.125695,0.000000,2.000000,1.000000,0.000000,0.000000
10.180000,0.401297,-0.233790,0.467107,0.948183,-0.280629,-0.079666,0.125899,0.000000,2.000000,1.000000,0.000000,0.000000
10.185000,0.401626,-0.233908,0.467017,0.948156,-0.280637,-0.079635,0.126103,0.000000,2.000000,1.000000,0.000000,0.000000
10.190000,0.401954,-0.234026,0.466926,0.948129,-0.280645,-0.079604,0.126307,0.000000,2.000000,1.000000,0.000000,0.000000
10.195000,0.402282,-0.234137,0.466833,0.948108,-0.280643,-0.079540,0.126506,0.000000,2.000000,1.000000,0.000000,0.000000
10.200000,0.402611,-0.234249,0.466740,0.948088,-0.280640,-0.079476,0.126706,0.000000,2.000000,1.000000,0.000000,0.000000
10.205000,0.402939,-0.234360,0.466647,0.948067,-0.280638,-0.079412,0.126905,0.000000,2.000000,1.000000,0.000000,0.000000
10.210000,0.403268,-0.234471,0.466554,0.948046,-0.280636,-0.079348,0.127105,0.000000,2.000000,1.000000,0.000000,0.000000
10.215000,0.403596,-0.234582,0.466461,0.948026,-0.280634,-0.079284,0.127304,0.000000,2.000000,1.000000,0.000000,0.000000
10.220000,0.403924,-0.234694,0.466368,0.948005,-0.280631,-0.079220,0.127504,0.000000,2.000000,1.000000,0.000000,0.000000
10.225000,0.404253,-0.234805,0.466274,0.947984,-0.280629,-0.079155,0.127703,0.000000,2.000000,1.000000,0.000000,0.000000
10.230000,0.404571,-0.234914,0.466188,0.947963,-0.280628,-0.079096,0.127898,0.000000,2.000000,1.000000,0.000000,0.000000
10.235000,0.404889,-0.235023,0.466102,0.947942,-0.280627,-0.079036,0.128093,0.000000,2.000000,1.000000,0.000000,0.000000
10.240000,0.405207,-0.235132,0.466016,0.947921,-0.280625,-0.078977,0.128288,0.000000,2.000000,1.000000,0.000000,0.000000
10.245000,0.405525,-0.235240,0.465930,0.947900,-0.280624,-0.078917,0.128483,0.000000,2.000000,1.000000,0.000000,0.000000
10.250000,0.405844,-0.235349,0.465844,0.947879,-0.280623,-0.078857,0.128678,0.000000,2.000000,1.000000,0.000000,0.000000
10.255000,0.406162,-0.235458,0.465758,0.947858,-0.280622,-0.078798,0.128872,0.000000,2.000000,1.000000,0.000000,0.000000
10.260000,0.406480,-0.235567,0.465672,0.947837,-0.280620,-0.078738,0.129067,0.000000,2.000000,1.000000,0.000000,0.000000
10.265000,0.406781,-0.235674,0.465589,0.947812,-0.280624,-0.078715,0.129257,0.000000,2.000000,1.000000,0.000000,0.000000
10.270000,0.407082,-0.235780,0.465507,0.947786,-0.280628,-0.078692,0.129447,0.000000,2.000000,1.000000,0.000000,0.000000
10.275000,0.407384,-0.235886,0.465424,0.947761,-0.280631,-0.078669,0.129636,0.000000,2.000000,1.000000,0.000000,0.000000
10.280000,0.407685,-0.235993,0.465341,0.947736,-0.280635,-0.078647,0.129826,0.000000,2.000000,1.000000,0.000000,0.000000
10.285000,0.407986,-0.236099,0.465258,0.947711,-0.280639,-0.078624,0.130015,0.000000,2.000000,1.000000,0.000000,0.000000
10.290000,0.408288,-0.236205,0.465175,0.947686,-0.280642,-0.078601,0.130205,0.000000,2.000000,1.000000,0.000000,0.000000
10.295000,0.408589,-0.236312,0.465093,0.947661,-0.280646,-0.078578,0.130395,0.000000,2.000000,1.000000,-0.000000,0.000000
10.300000,0.408886,-0.236419,0.465025,0.947633,-0.280655,-0.078564,0.130584,0.000000,2.000000,1.000000,0.000000,0.000000
10.305000,0.409183,-0.236526,0.464957,0.947605,-0.280664,-0.078550,0.130773,0.000000,2.000000,1.000000,0.000000,0.000000
10.310000,0.409480,-0.236633,0.464889,0.947578,-0.280672,-0.078537,0.130963,0.000000,2.000000,1.000000,0.000000,0.000000
10.315000,0.409776,-0.236740,0.464821,0.947550,-0.280681,-0.078523,0.131152,0.000000,2.000000,1.000000,0.000000,0.000000
10.320000,0.410073,-0.236848,0.464753,0.947522,-0.280690,-0.078509,0.131341,0.000000,2.000000,1.000000,0.000000,0.000000
10.325000,0.410370,-0.236955,0.464685,0.947495,-0.280699,-0.078496,0.131531,0.000000,2.000000,1.000000,0.000000,0.000000
10.330000,0.410671,-0.237057,0.464638,0.947476,-0.280701,-0.078403,0.131713,0.000000,2.000000,1.000000,0.000000,0.000000
10.335000,0.410972,-0.237160,0.464591,0.947458,-0.280704,-0.078311,0.131895,0.000000,2.000000,1.000000,0.000000,0.000000
10.340000,0.411273,-0.237263,0.464543,0.947440,-0.280706,-0.078219,0.132077,0.000000,2.000000,1.000000,0.000000,0.000000
10.345000,0.411573,-0.237366,0.464496,0.947421,-0.280708,-0.078127,0.132259,0.000000,2.000000,1.000000,0.000000,0.000000
10.350000,0.411874,-0.237469,0.464449,0.947403,-0.280710,-0.078035,0.132441,0.000000,2.000000,1.000000,0.000000,0.000000
10.355000,0.412175,-0.237571,0.464402,0.947384,-0.280712,-0.077943,0.132624,0.000000,2.000000,1.000000,0.000000,0.000000
10.360000,0.412476,-0.237674,0.464355,0.947365,-0.280715,-0.077851,0.132806,0.000000,2.000000,1.000000,0.000000,0.000000
10.365000,0.412795,-0.237770,0.464327,0.947363,-0.280699,-0.077637,0.132983,0.000000,2.000000,1.000000,0.000000,0.000000
10.370000,0.413114,-0.237865,0.464299,0.947360,-0.280684,-0.077422,0.133161,0.000000,2.000000,1.000000,0.000000,0.000000
10.375000,0.413434,-0.237961,0.464271,0.947357,-0.280669,-0.077208,0.133338,0.000000,2.000000,1.000000,-0.000000,0.000000
10.380000,0.413753,-0.238056,0.464243,0.947354,-0.280653,-0.076994,0.133516,0.000000,2.000000,1.000000,-0.000000,0.000000
10.385000,0.414072,-0.238152,0.464216,0.947351,-0.280638,-0.076780,0.133693,0.000000,2.000000,1.000000,-0.000000,0.000000
10.390000,0.414392,-0.238247,0.464188,0.947348,-0.280622,-0.076566,0.133871,0.000000,2.000000,1.000000,-0.000000,0.000000
10.395000,0.414711,-0.238343,0.464160,0.947344,-0.280607,-0.076351,0.134048,0.000000,2.000000,1.000000,0.000000,0.000000
10.400000,0.415031,-0.238431,0.464142,0.947349,-0.280582,-0.076085,0.134218,0.000000,2.000000,1.000000,0.000000,0.000000
10.405000,0.415350,-0.238519,0.464124,0.947354,-0.280556,-0.075818,0.134388,0.000000,2.000000,1.000000,0.000000,0.000000
10.410000,0.415669,-0.238607,0.464105,0.947359,-0.280531,-0.075552,0.134559,0.000000,2.000000,1.000000,-0.000000,0.000000
10.415000,0.415989,-0.238695,0.464087,0.947363,-0.280505,-0.075285,0.134729,0.000000,2.000000,1.000000,0.000000,0.000000
10.420000,0.416308,-0.238783,0.464069,0.947368,-0.280480,-0.075018,0.134899,0.000000,2.000000,1.000000,0.000000,0.000000
10.425000,0.416628,-0.238870,0.464051,0.947372,-0.280454,-0.074752,0.135069,0.000000,2.000000,1.000000,0.000000,0.000000
10.430000,0.416947,-0.238958,0.464032,0.947376,-0.280428,-0.074485,0.135239,0.000000,2.000000,1.000000,0.000000,0.000000
10.435000,0.417245,-0.239037,0.464013,0.947383,-0.280400,-0.074226,0.135396,0.000000,2.000000,1.000000,-0.000000,0.000000
10.440000,0.417543,-0.239115,0.463994,0.947389,-0.280372,-0.073967,0.135553,0.000000,2.000000,1.000000,0.000000,0.000000
10.445000,0.417841,-0.239194,0.463974,0.947395,-0.280343,-0.073708,0.135710,0.000000,2.000000,1.000000,0.000000,0.000000
10.450000,0.418139,-0.239272,0.463955,0.947401,-0.280315,-0.073449,0.135867,0.000000,2.000000,1.000000,-0.000000,0.000000
10.455000,0.418436,-0.239350,0.463936,0.947407,-0.280286,-0.073190,0.136024,0.000000,2.000000,1.000000,0.000000,0.000000
10.460000,0.418734,-0.239429,0.463916,0.947413,-0.280258,-0.072931,0.136181,0.000000,2.000000,1.000000,0.000000,0.000000
10.465000,0.419032,-0.239507,0.463897,0.947419,-0.280229,-0.072672,0.136338,0.000000,2.000000,1.000000,-0.000000,0.000000
10.470000,0.419328,-0.239587,0.463898,0.947427,-0.280203,-0.072372,0.136490,0.000000,2.000000,1.000000,0.000000,0.000000
10.475000,0.419623,-0.239667,0.463899,0.947436,-0.280178,-0.072072,0.136643,0.000000,2.000000,1.000000,-0.000000,0.000000
10.480000,0.419918,-0.239748,0.463900,0.947444,-0.280152,-0.071772,0.136795,0.000000,2.000000,1.000000,0.000000,0.000000
10.485000,0.420214,-0.239828,0.463901,0.947453,-0.280126,-0.071473,0.136947,0.000000,2.000000,1.000000,0.000000,0.000000
10.490000,0.420509,-0.239908,0.463902,0.947461,-0.280100,-0.071173,0.137099,0.000000,2.000000,1.000000,0.000000,0.000000
10.495000,0.420805,-0.239988,0.463903,0.947469,-0.280074,-0.070873,0.137251,0.000000,2.000000,1.000000,-0.000000,0.000000
10.500000,0.421094,-0.240069,0.463923,0.947480,-0.280051,-0.070539,0.137396,0.000000,2.000000,1.000000,0.000000,0.000000
10.505000,0.421383,-0.240150,0.463943,0.947490,-0.280029,-0.070205,0.137541,0.000000,2.000000,1.000000,0.000000,0.000000
10.510000,0.421672,-0.240231,0.463963,0.947500,-0.280006,-0.069872,0.137686,0.000000,2.000000,1.000000,0.000000,0.000000
10.515000,0.421961,-0.240312,0.463983,0.947511,-0.279983,-0.069538,0.137831,0.000000,2.000000,1.000000,0.000000,0.000000
10.520000,0.422250,-0.240394,0.464002,0.947521,-0.279961,-0.069204,0.137976,0.000000,2.000000,1.000000,0.000000,0.000000
10.525000,0.422539,-0.240475,0.464022,0.947531,-0.279938,-0.068870,0.138121,0.000000,2.000000,1.000000,0.000000,0.000000
10.530000,0.422828,-0.240556,0.464042,0.947540,-0.279915,-0.068536,0.138266,0.000000,2.000000,1.000000,-0.000000,0.000000
10.535000,0.423087,-0.240623,0.464047,0.947549,-0.279888,-0.068262,0.138398,0.000000,2.000000,1.000000,-0.000000,0.000000
10.540000,0.423346,-0.240690,0.464052,0.947557,-0.279862,-0.067988,0.138530,0.000000,2.000000,1.000000,0.000000,0.000000
10.545000,0.423605,-0.240756,0.464057,0.947565,-0.279835,-0.067714,0.138662,0.000000,2.000000,1.000000,-0.000000,0.000000
10.550000,0.423864,-0.240823,0.464061,0.947573,-0.279809,-0.067440,0.138793,0.000000,2.000000,1.000000,0.000000,0.000000
10.555000,0.424123,-0.240890,0.464066,0.947581,-0.279782,-0.067165,0.138925,0.000000,2.000000,1.000000,0.000000,0.000000
10.560000,0.424382,-0.240957,0.464071,0.947589,-0.279755,-0.066891,0.139057,0.000000,2.000000,1.000000,0.000000,0.000000
10.565000,0.424641,-0.241024,0.464076,0.947597,-0.279729,-0.066617,0.139188,0.000000,2.000000,1.000000,0.000000,0.000000
10.570000,0.424882,-0.241075,0.464067,0.947603,-0.279694,-0.066410,0.139314,0.000000,2.000000,1.000000,0.000000,0.000000
10.575000,0.425123,-0.241126,0.464058,0.947610,-0.279660,-0.066204,0.139440,0.000000,2.000000,1.000000,-0.000000,0.000000
10.580000,0.425364,-0.241177,0.464049,0.947616,-0.279625,-0.065997,0.139566,0.000000,2.000000,1.000000,0.000000,0.000000
10.585000,0.425605,-0.241227,0.464040,0.947622,-0.279591,-0.065790,0.139692,0.000000,2.000000,1.000000,0.000000,0.000000
10.590000,0.425846,-0.241278,0.464031,0.947628,-0.279556,-0.065584,0.139818,0.000000,2.000000,1.000000,0.000000,0.000000
10.595000,0.426087,-0.241329,0.464022,0.947634,-0.279521,-0.065377,0.139944,0.000000,2.000000,1.000000,0.000000,0.000000
10.600000,0.426329,-0.241380,0.464013,0.947639,-0.279487,-0.065170,0.140070,0.000000,2.000000,1.000000,0.000000,0.000000
10.605000,0.426579,-0.241423,0.464012,0.947649,-0.279443,-0.064949,0.140198,0.000000,2.000000,1.000000,0.000000,0.000000
10.610000,0.426830,-0.241465,0.464012,0.947658,-0.279399,-0.064729,0.140325,0.000000,2.000000,1.000000,0.000000,0.000000
10.615000,0.427081,-0.241508,0.464011,0.947667,-0.279355,-0.064508,0.140453,0.000000,2.000000,1.000000,-0.000000,0.000000
10.620000,0.427331,-0.241551,0.464011,0.947676,-0.279311,-0.064287,0.140581,0.000000,2.000000,1.000000,-0.000000,0.000000
10.625000,0.427582,-0.241594,0.464010,0.947685,-0.279268,-0.064067,0.140709,0.000000,2.000000,1.000000,-0.000000,0.000000
10.630000,0.427833,-0.241637,0.464010,0.947693,-0.279224,-0.063846,0.140837,0.000000,2.000000,1.000000,0.000000,0.000000
10.635000,0.428083,-0.241680,0.464009,0.947702,-0.279180,-0.063625,0.140964,0.000000,2.000000,1.000000,0.000000,0.000000
10.640000,0.428327,-0.241715,0.464016,0.947717,-0.279129,-0.063364,0.141080,0.000000,2.000000,1.000000,-0.000000,0.000000
10.645000,0.428571,-0.241751,0.464022,0.947732,-0.279079,-0.063102,0.141196,0.000000,2.000000,1.000000,-0.000000,0.000000
10.650000,0.428815,-0.241786,0.464029,0.947747,-0.279029,-0.062841,0.141311,0.000000,2.000000,1.000000,0.000000,0.000000
10.655000,0.429059,-0.241821,0.464035,0.947762,-0.278978,-0.062579,0.141427,0.000000,2.000000,1.000000,0.000000,0.000000
10.660000,0.429303,-0.241857,0.464042,0.947777,-0.278928,-0.062318,0.141542,0.000000,2.000000,1.000000,0.000000,0.000000
10.665000,0.429547,-0.241892,0.464048,0.947792,-0.278877,-0.062056,0.141658,0.000000,2.000000,1.000000,-0.000000,0.000000
10.670000,0.429777,-0.241918,0.464039,0.947808,-0.278823,-0.061817,0.141762,0.000000,2.000000,1.000000,0.000000,0.000000
10.675000,0.430007,-0.241944,0.464030,0.947824,-0.278768,-0.061577,0.141867,0.000000,2.000000,1.000000,0.000000,0.000000
10.680000,0.430237,-0.241970,0.464020,0.947840,-0.278713,-0.061337,0.141971,0.000000,2.000000,1.000000,0.000000,0.000000
10.685000,0.430467,-0.241996,0.464011,0.947856,-0.278658,-0.061097,0.142075,0.000000,2.000000,1.000000,0.000000,0.000000
10.690000,0.430697,-0.242023,0.464002,0.947872,-0.278604,-0.060857,0.142180,0.000000,2.000000,1.000000,-0.000000,0.000000
10.695000,0.430927,-0.242049,0.463993,0.947888,-0.278549,-0.060617,0.142284,0.000000,2.000000,1.000000,0.000000,0.000000
10.700000,0.431156,-0.242075,0.463984,0.947904,-0.278494,-0.060377,0.142389,0.000000,2.000000,1.000000,0.000000,0.000000
10.705000,0.431384,-0.242095,0.463960,0.947915,-0.278436,-0.060202,0.142499,0.000000,2.000000,1.000000,0.000000,0.000000
10.710000,0.431612,-0.242115,0.463936,0.947927,-0.278379,-0.060027,0.142609,0.000000,2.000000,1.000000,0.000000,0.000000
10.715000,0.431840,-0.242135,0.463913,0.947938,-0.278321,-0.059852,0.142719,0.000000,2.000000,1.000000,0.000000,0.000000
10.720000,0.432069,-0.242155,0.463889,0.947949,-0.278263,-0.059677,0.142829,0.000000,2.000000,1.000000,0.000000,0.000000
10.725000,0.432297,-0.242175,0.463865,0.947961,-0.278206,-0.059502,0.142939,0.000000,2.000000,1.000000,0.000000,0.000000
10.730000,0.432525,-0.242195,0.463842,0.947972,-0.278148,-0.059327,0.143050,0.000000,2.000000,1.000000,0.000000,0.000000
10.735000,0.432753,-0.242215,0.463818,0.947983,-0.278090,-0.059151,0.143160,0.000000,2.000000,1.000000,0.000000,0.000000
10.740000,0.432975,-0.242235,0.463806,0.947989,-0.278038,-0.059023,0.143276,0.000000,2.000000,1.000000,0.000000,0.000000
10.745000,0.433198,-0.242255,0.463793,0.947995,-0.277985,-0.058894,0.143393,0.000000,2.000000,1.000000,0.000000,0.000000
10.750000,0.433420,-0.242275,0.463781,0.948000,-0.277933,-0.058766,0.143509,0.000000,2.000000,1.000000,-0.000000,0.000000
10.755000,0.433643,-0.242295,0.463769,0.948006,-0.277881,-0.058637,0.143626,0.000000,2.000000,1.000000,-0.000000,0.000000
10.760000,0.433865,-0.242315,0.463757,0.948012,-0.277828,-0.058509,0.143742,0.000000,2.000000,1.000000,-0.000000,0.000000
10.765000,0.434088,-0.242336,0.463744,0.948017,-0.277776,-0.058380,0.143858,0.000000,2.000000,1.000000,0.000000,0.000000
10.770000,0.434310,-0.242356,0.463732,0.948023,-0.277724,-0.058252,0.143975,0.000000,2.000000,1.000000,0.000000,0.000000
10.775000,0.434534,-0.242379,0.463732,0.948028,-0.277675,-0.058111,0.144093,0.000000,2.000000,1.000000,0.000000,0.000000
10.780000,0.434758,-0.242403,0.463731,0.948033,-0.277626,-0.057970,0.144211,0.000000,2.000000,1.000000,0.000000,0.000000
10.785000,0.434983,-0.242426,0.463730,0.948038,-0.277578,-0.057829,0.144329,0.000000,2.000000,1.000000,0.000000,0.000000
10.790000,0.435207,-0.242450,0.463730,0.948043,-0.277529,-0.057687,0.144447,0.000000,2.000000,1.000000,0.000000,0.000000
10.795000,0.435431,-0.242473,0.463729,0.948048,-0.277480,-0.057546,0.144565,0.000000,2.000000,1.000000,0.000000,0.000000
10.800000,0.435655,-0.242497,0.463729,0.948052,-0.277431,-0.057405,0.144683,0.000000,2.000000,1.000000,0.000000,0.000000
10.805000,0.435879,-0.242520,0.463728,0.948057,-0.277383,-0.057264,0.144801,0.000000,2.000000,1.000000,0.000000,0.000000
10.810000,0.436109,-0.242540,0.463722,0.948066,-0.277326,-0.057088,0.144918,0.000000,2.000000,1.000000,0.000000,0.000000
10.815000,0.436339,-0.242560,0.463715,0.948076,-0.277270,-0.056912,0.145034,0.000000,2.000000,1.000000,0.000000,0.000000
10.820000,0.436569,-0.242580,0.463709,0.948085,-0.277213,-0.056737,0.145150,0.000000,2.000000,1.000000,0.000000,0.000000
10.825000,0.436799,-0.242600,0.463703,0.948094,-0.277157,-0.056561,0.145266,0.000000,2.000000,1.000000,0.000000,0.000000
10.830000,0.437028,-0.242619,0.463696,0.948103,-0.277101,-0.056385,0.145383,0.000000,2.000000,1.000000,0.000000,0.000000
10.835000,0.437258,-0.242639,0.463690,0.948112,-0.277044,-0.056209,0.145499,0.000000,2.000000,1.000000,0.000000,0.000000
10.840000,0.437494,-0.242657,0.463684,0.948123,-0.276983,-0.056021,0.145618,0.000000,2.000000,1.000000,0.000000,0.000000
10.845000,0.437730,-0.242674,0.463678,0.948133,-0.276923,-0.055834,0.145737,0.000000,2.000000,1.000000,0.000000,0.000000
10.850000,0.437967,-0.242691,0.463672,0.948144,-0.276862,-0.055646,0.145857,0.000000,2.000000,1.000000,0.000000,0.000000
10.855000,0.438203,-0.242709,0.463666,0.948154,-0.276801,-0.055458,0.145976,0.000000,2.000000,1.000000,0.000000,0.000000
10.860000,0.438439,-0.242726,0.463660,0.948165,-0.276741,-0.055270,0.146095,0.000000,2.000000,1.000000,0.000000,0.000000
10.865000,0.438675,-0.242743,0.463654,0.948175,-0.276680,-0.055083,0.146214,0.000000,2.000000,1.000000,0.000000,0.000000
10.870000,0.438911,-0.242761,0.463648,0.948185,-0.276619,-0.054895,0.146334,0.000000,2.000000,1.000000,0.000000,0.000000
10.875000,0.439141,-0.242787,0.463648,0.948187,-0.276574,-0.054758,0.146457,0.000000,2.000000,1.000000,0.000000,0.000000
10.880000,0.439370,-0.242813,0.463648,0.948189,-0.276528,-0.054621,0.146581,0.000000,2.000000,1.000000,0.000000,0.000000
10.885000,0.439599,-0.242839,0.463648,0.948191,-0.276482,-0.054483,0.146705,0.000000,2.000000,1.000000,0.000000,0.000000
10.890000,0.439828,-0.242865,0.463647,0.948193,-0.276436,-0.054346,0.146829,0.000000,2.000000,1.000000,0.000000,0.000000
10.895000,0.440058,-0.242891,0.463647,0.948196,-0.276390,-0.054209,0.146953,0.000000,2.000000,1.000000,0.000000,0.000000
10.900000,0.440287,-0.242917,0.463647,0.948198,-0.276344,-0.054072,0.147077,0.000000,2.000000,1.000000,0.000000,0.000000
10.905000,0.440516,-0.242943,0.463646,0.948200,-0.276298,-0.053935,0.147200,0.000000,2.000000,1.000000,-0.000000,0.000000
10.910000,0.440725,-0.242970,0.463634,0.948193,-0.276267,-0.053884,0.147317,0.000000,2.000000,1.000000,0.000000,0.000000
10.915000,0.440934,-0.242996,0.463622,0.948187,-0.276236,-0.053834,0.147433,0.000000,2.000000,1.000000,0.000000,0.000000
10.920000,0.441142,-0.243023,0.463610,0.948181,-0.276205,-0.053784,0.147549,0.000000,2.000000,1.000000,0.000000,0.000000
10.925000,0.441351,-0.243050,0.463598,0.948175,-0.276174,-0.053734,0.147666,0.000000,2.000000,1.000000,0.000000,0.000000
10.930000,0.441560,-0.243077,0.463586,0.948169,-0.276143,-0.053683,0.147782,0.000000,2.000000,1.000000,0.000000,0.000000
10.935000,0.441768,-0.243103,0.463574,0.948162,-0.276112,-0.053633,0.147898,0.000000,2.000000,1.000000,0.000000,0.000000
10.940000,0.441977,-0.243130,0.463561,0.948156,-0.276081,-0.053583,0.148015,0.000000,2.000000,1.000000,0.000000,0.000000
10.945000,0.442177,-0.243148,0.463526,0.948148,-0.276052,-0.053592,0.148120,0.000000,2.000000,1.000000,-0.000000,0.000000
10.950000,0.442378,-0.243165,0.463490,0.948139,-0.276022,-0.053602,0.148225,0.000000,2.000000,1.000000,-0.000000,0.000000
10.955000,0.442578,-0.243183,0.463454,0.948131,-0.275993,-0.053612,0.148329,0.000000,2.000000,1.000000,-0.000000,0.000000
10.960000,0.442779,-0.243200,0.463418,0.948122,-0.275964,-0.053622,0.148434,0.000000,2.000000,1.000000,-0.000000,0.000000
10.965000,0.442979,-0.243218,0.463383,0.948114,-0.275935,-0.053631,0.148539,0.000000,2.000000,1.000000,0.000000,0.000000
10.970000,0.443180,-0.243236,0.463347,0.948105,-0.275905,-0.053641,0.148644,0.000000,2.000000,1.000000,-0.000000,0.000000
10.975000,0.443380,-0.243253,0.463311,0.948097,-0.275876,-0.053651,0.148749,0.000000,2.000000,1.000000,0.000000,0.000000
10.980000,0.443593,-0.243271,0.463264,0.948085,-0.275847,-0.053692,0.148862,0.000000,2.000000,1.000000,0.000000,0.000000
10.985000,0.443806,-0.243289,0.463217,0.948074,-0.275817,-0.053734,0.148974,0.000000,2.000000,1.000000,-0.000000,0.000000
10.990000,0.444018,-0.243307,0.463169,0.948063,-0.275787,-0.053775,0.149086,0.000000,2.000000,1.000000,0.000000,0.000000
10.995000,0.444231,-0.243325,0.463122,0.948051,-0.275758,-0.053817,0.149199,0.000000,2.000000,1.000000,0.000000,0.000000
11.000000,0.444444,-0.243343,0.463075,0.948040,-0.275728,-0.053858,0.149311,0.000000,2.000000,1.000000,-0.000000,0.000000
11.005000,0.444657,-0.243361,0.463027,0.948028,-0.275698,-0.053900,0.149424,0.000000,2.000000,1.000000,0.000000,0.000000
11.010000,0.444879,-0.243380,0.462990,0.948016,-0.275662,-0.053938,0.149552,0.000000,2.000000,1.000000,0.000000,0.000000
11.015000,0.445100,-0.243400,0.462954,0.948005,-0.275626,-0.053977,0.149680,0.000000,2.000000,1.000000,0.000000,0.000000
11.020000,0.445322,-0.243419,0.462917,0.947993,-0.275590,-0.054016,0.149809,0.000000,2.000000,1.000000,-0.000000,0.000000
11.025000,0.445544,-0.243439,0.462880,0.947981,-0.275553,-0.054054,0.149937,0.000000,2.000000,1.000000,0.000000,0.000000
11.030000,0.445766,-0.243458,0.462843,0.947969,-0.275517,-0.054093,0.150066,0.000000,2.000000,1.000000,-0.000000,0.000000
11.035000,0.445988,-0.243477,0.462807,0.947957,-0.275481,-0.054131,0.150194,0.000000,2.000000,1.000000,-0.000000,0.000000
11.040000,0.446210,-0.243497,0.462770,0.947945,-0.275444,-0.054170,0.150322,0.000000,2.000000,1.000000,-0.000000,0.000000
11.045000,0.446437,-0.243505,0.462738,0.947937,-0.275390,-0.054192,0.150460,0.000000,2.000000,1.000000,0.000000,0.000000
11.050000,0.446665,-0.243513,0.462707,0.947930,-0.275336,-0.054215,0.150598,0.000000,2.000000,1.000000,0.000000,0.000000
11.055000,0.446893,-0.243521,0.462676,0.947922,-0.275282,-0.054238,0.150736,0.000000,2.000000,1.000000,0.000000,0.000000
11.060000,0.447121,-0.243529,0.462645,0.947915,-0.275228,-0.054261,0.150874,0.000000,2.000000,1.000000,0.000000,0.000000
11.065000,0.447349,-0.243537,0.462613,0.947907,-0.275174,-0.054284,0.151012,0.000000,2.000000,1.000000,0.000000,0.000000
11.070000,0.447577,-0.243545,0.462582,0.947900,-0.275120,-0.054306,0.151150,0.000000,2.000000,1.000000,0.000000,0.000000
11.075000,0.447805,-0.243553,0.462551,0.947892,-0.275066,-0.054329,0.151288,0.000000,2.000000,1.000000,-0.000000,0.000000
11.080000,0.448059,-0.243553,0.462525,0.947887,-0.274998,-0.054338,0.151440,0.000000,2.000000,1.000000,0.000000,0.000000
11.085000,0.448312,-0.243554,0.462499,0.947882,-0.274929,-0.054346,0.151593,0.000000,2.000000,1.000000,0.000000,0.000000
11.090000,0.448566,-0.243554,0.462474,0.947877,-0.274861,-0.054355,0.151745,0.000000,2.000000,1.000000,0.000000,0.000000
11.095000,0.448820,-0.243554,0.462448,0.947872,-0.274793,-0.054364,0.151897,0.000000,2.000000,1.000000,0.000000,0.000000
11.100000,0.449074,-0.243555,0.462423,0.947866,-0.274725,-0.054372,0.152050,0.000000,2.000000,1.000000,0.000000,0.000000
11.105000,0.449328,-0.243555,0.462397,0.947861,-0.274657,-0.054381,0.152202,0.000000,2.000000,1.000000,0.000000,0.000000
11.110000,0.449581,-0.243555,0.462371,0.947856,-0.274589,-0.054390,0.152354,0.000000,2.000000,1.000000,0.000000,0.000000
11.115000,0.449859,-0.243555,0.462364,0.947851,-0.274516,-0.054379,0.152518,0.000000,2.000000,1.000000,0.000000,0.000000
11.120000,0.450137,-0.243554,0.462356,0.947847,-0.274442,-0.054368,0.152682,0.000000,2.000000,1.000000,0.000000,0.000000
11.125000,0.450415,-0.243553,0.462348,0.947842,-0.274369,-0.054358,0.152846,0.000000,2.000000,1.000000,0.000000,0.000000
11.130000,0.450693,-0.243553,0.462340,0.947838,-0.274296,-0.054347,0.153009,0.000000,2.000000,1.000000,0.000000,0.000000
11.135000,0.450971,-0.243552,0.462332,0.947833,-0.274222,-0.054337,0.153173,0.000000,2.000000,1.000000,-0.000000,0.000000
11.140000,0.451249,-0.243551,0.462325,0.947829,-0.274149,-0.054326,0.153337,0.000000,2.000000,1.000000,0.000000,0.000000
11.145000,0.451527,-0.243551,0.462317,0.947824,-0.274075,-0.054315,0.153501,0.000000,2.000000,1.000000,0.000000,0.000000
11.150000,0.451810,-0.243547,0.462315,0.947820,-0.273999,-0.054300,0.153666,0.000000,2.000000,1.000000,0.000000,0.000000
11.155000,0.452093,-0.243544,0.462312,0.947816,-0.273923,-0.054284,0.153831,0.000000,2.000000,1.000000,0.000000,0.000000
11.160000,0.452376,-0.243540,0.462310,0.947812,-0.273847,-0.054268,0.153996,0.000000,2.000000,1.000000,0.000000,0.000000
11.165000,0.452659,-0.243537,0.462308,0.947808,-0.273771,-0.054252,0.154161,0.000000,2.000000,1.000000,0.000000,0.000000
11.170000,0.452942,-0.243534,0.462305,0.947804,-0.273695,-0.054237,0.154326,0.000000,2.000000,1.000000,0.000000,0.000000
11.175000,0.453225,-0.243530,0.462303,0.947800,-0.273619,-0.054221,0.154491,0.000000,2.000000,1.000000,0.000000,0.000000
11.180000,0.453520,-0.243535,0.462307,0.947793,-0.273549,-0.054205,0.154665,0.000000,2.000000,1.000000,0.000000,0.000000
11.185000,0.453815,-0.243539,0.462312,0.947775,-0.273516,-0.054193,0.154837,0.000000,2.000000,1.000000,0.000000,0.000000
11.190000,0.454110,-0.243544,0.462316,0.947746,-0.273524,-0.054185,0.155005,0.000000,2.000000,1.000000,0.000000,0.000000
11.195000,0.454405,-0.243549,0.462320,0.947717,-0.273531,-0.054178,0.155172,0.000000,2.000000,1.000000,0.000000,0.000000
11.200000,0.454700,-0.243554,0.462324,0.947687,-0.273540,-0.054171,0.155340,0.000000,2.000000,1.000000,-0.000000,0.000000
11.205000,0.454995,-0.243558,0.462328,0.947658,-0.273548,-0.054164,0.155507,0.000000,2.000000,1.000000,0.000000,0.000000
11.210000,0.455290,-0.243563,0.462333,0.947628,-0.273558,-0.054157,0.155674,0.000000,2.000000,1.000000,0.000000,0.000000
11.215000,0.455597,-0.243576,0.462345,0.947597,-0.273568,-0.054146,0.155850,0.000000,2.000000,1.000000,0.000000,0.000000
11.220000,0.455904,-0.243588,0.462358,0.947565,-0.273579,-0.054135,0.156025,0.000000,2.000000,1.000000,0.000000,0.000000
11.225000,0.456210,-0.243601,0.462370,0.947534,-0.273591,-0.054125,0.156201,0.000000,2.000000,1.000000,0.000000,0.000000
11.230000,0.456517,-0.243614,0.462383,0.947502,-0.273603,-0.054114,0.156376,0.000000,2.000000,1.000000,0.000000,0.000000
11.235000,0.456824,-0.243626,0.462396,0.947470,-0.273616,-0.054104,0.156550,0.000000,2.000000,1.000000,0.000000,0.000000
11.240000,0.457130,-0.243639,0.462408,0.947438,-0.273629,-0.054095,0.156725,0.000000,2.000000,1.000000,0.000000,0.000000
11.245000,0.457437,-0.243652,0.462421,0.947405,-0.273643,-0.054085,0.156899,0.000000,2.000000,1.000000,0.000000,0.000000
11.250000,0.457743,-0.243664,0.462434,0.947373,-0.273657,-0.054076,0.157072,0.000000,2.000000,1.000000,0.000000,0.000000
11.255000,0.458050,-0.243677,0.462446,0.947341,-0.273673,-0.054067,0.157245,0.000000,2.000000,1.000000,0.000000,0.000000
11.258100,0.458240,-0.243685,0.462454,0.947320,-0.273682,-0.054061,0.157353,0.000000,2.000000,1.000000,0.000000,0.000000
