{
  "skill_name": "circle_3",
  "match_ms": 327.879,
  "j_end": 363,
  "s": 1.2173348,
  "t": [
    0.76698696,
    -0.4582675,
    0.91921651
  ],
  "R": [
    [
      -0.61559234,
      0.78779283,
      0.02070095
    ],
    [
      0.78804343,
      0.61555652,
      0.00881554
    ],
    [
      -0.00579778,
      0.02174003,
      -0.99974685
    ]
  ]
}
