{
  "skill_name": "rectangle_2",
  "match_ms": 255.508,
  "j_end": 423,
  "s": 0.98555496,
  "t": [
    -0.08175174,
    -0.01765378,
    0.24992152
  ],
  "R": [
    [
      0.93952137,
      -0.01441341,
      0.34218685
    ],
    [
      0.00208769,
      0.99933652,
      0.03636146
    ],
    [
      -0.34248391,
      -0.03344798,
      0.93892811
    ]
  ]
}
