{
  "skill_name": "circle2_4",
  "match_ms": 1507.642,
  "j_end": 273,
  "s": 1.47969975,
  "t": [
    -0.22015795,
    0.0780176,
    -0.00761607
  ],
  "R": [
    [
      0.91141538,
      0.33551491,
      0.23822627
    ],
    [
      -0.259836,
      0.91817714,
      -0.29905851
    ],
    [
      -0.3190725,
      0.21066676,
      0.92401962
    ]
  ]
}
