{
  "skill_name": "circle2_2",
  "match_ms": 1247.782,
  "j_end": 313,
  "s": 0.9538078,
  "t": [
    0.13851038,
    -0.1142362,
    -0.00682058
  ],
  "R": [
    [
      0.90914681,
      0.39549658,
      -0.13051643
    ],
    [
      -0.40487501,
      0.9127522,
      -0.05440269
    ],
    [
      0.09761308,
      0.10230287,
      0.98995243
    ]
  ]
}
