{
  "skill_name": "recip_line_1",
  "match_ms": 408.322,
  "j_end": 488,
  "s": 0.93190907,
  "t": [
    -0.00389853,
    0.14770355,
    0.12180589
  ],
  "R": [
    [
      0.86884969,
      -0.47069717,
      0.15344178
    ],
    [
      0.49466094,
      0.83806088,
      -0.2301402
    ],
    [
      -0.02026721,
      0.2758589,
      0.96098445
    ]
  ]
}
