time,x,y,z,qx,qy,qz,qw,alpha,tank_energy,passivity_lambda,passivity_power,autonomy_wrench_norm
0.000000,0.645214,0.088573,0.383739,0.937521,-0.343393,0.030721,-0.046816,0.000000,2.000000,1.000000,0.000000,0.000000
0.005000,0.645205,0.088544,0.383701,0.937515,-0.343414,0.030691,-0.046795,0.000000,2.000000,1.000000,0.000000,0.000000
0.010000,0.645196,0.088514,0.383664,0.937510,-0.343435,0.030662,-0.046774,0.000000,2.000000,1.000000,-0.000000,0.000000
0.015000,0.645188,0.088485,0.383626,0.937504,-0.343456,0.030632,-0.046752,0.000000,2.000000,1.000000,0.000000,0.000000
0.020000,0.645179,0.088455,0.383589,0.937498,-0.343477,0.030603,-0.046731,0.000000,2.000000,1.000000,0.000000,0.000000
0.025000,0.645170,0.088426,0.383551,0.937493,-0.343498,0.030573,-0.046710,0.000000,2.000000,1.000000,0.000000,0.000000
0.030000,0.645161,0.088397,0.383514,0.937487,-0.343519,0.030544,-0.046689,0.000000,2.000000,1.000000,0.000000,0.000000
0.035000,0.645152,0.088357,0.383451,0.937479,-0.343549,0.030496,-0.046657,0.000000,2.000000,1.000000,0.000000,0.000000
0.040000,0.645142,0.088318,0.383389,0.937472,-0.343578,0.030448,-0.046625,0.000000,2.000000,1.000000,0.000000,0.000000
0.045000,0.645133,0.088278,0.383326,0.937464,-0.343608,0.030400,-0.046593,0.000000,2.000000,1.000000,0.000000,0.000000
0.050000,0.645124,0.088239,0.383264,0.937456,-0.343637,0.030352,-0.046561,0.000000,2.000000,1.000000,0.000000,0.000000
0.055000,0.645114,0.088199,0.383201,0.937449,-0.343667,0.030305,-0.046529,0.000000,2.000000,1.000000,-0.000000,0.000000
0.060000,0.645105,0.088160,0.383139,0.937441,-0.343696,0.030257,-0.046497,0.000000,2.000000,1.000000,-0.000000,0.000000
0.065000,0.645100,0.088097,0.383031,0.937428,-0.343744,0.030178,-0.046448,0.000000,2.000000,1.000000,0.000000,0.000000
0.070000,0.645096,0.088035,0.382923,0.937416,-0.343792,0.030099,-0.046398,0.000000,2.000000,1.000000,-0.000000,0.000000
0.075000,0.645091,0.087972,0.382815,0.937403,-0.343840,0.030021,-0.046349,0.000000,2.000000,1.000000,-0.000000,0.000000
0.080000,0.645087,0.087910,0.382707,0.937390,-0.343888,0.029942,-0.046299,0.000000,2.000000,1.000000,0.000000,0.000000
0.085000,0.645082,0.087847,0.382600,0.937378,-0.343936,0.029863,-0.046250,0.000000,2.000000,1.000000,0.000000,0.000000
0.090000,0.645077,0.087785,0.382492,0.937365,-0.343984,0.029784,-0.046200,0.000000,2.000000,1.000000,0.000000,0.000000
0.095000,0.645073,0.087722,0.382384,0.937353,-0.344032,0.029706,-0.046151,0.000000,2.000000,1.000000,0.000000,0.000000
0.100000,0.645079,0.087642,0.382254,0.937336,-0.344093,0.029615,-0.046096,0.000000,2.000000,1.000000,0.000000,0.000000
0.105000,0.645085,0.087563,0.382124,0.937319,-0.344155,0.029524,-0.046041,0.000000,2.000000,1.000000,0.000000,0.000000
0.110000,0.645091,0.087483,0.381994,0.937302,-0.344216,0.029433,-0.045986,0.000000,2.000000,1.000000,-0.000000,0.000000
0.115000,0.645097,0.087403,0.381863,0.937285,-0.344278,0.029342,-0.045931,0.000000,2.000000,1.000000,0.000000,0.000000
0.120000,0.645103,0.087324,0.381733,0.937268,-0.344339,0.029252,-0.045876,0.000000,2.000000,1.000000,0.000000,0.000000
0.125000,0.645109,0.087244,0.381603,0.937250,-0.344400,0.029161,-0.045821,0.000000,2.000000,1.000000,-0.000000,0.000000
0.130000,0.645115,0.087164,0.381473,0.937233,-0.344462,0.029070,-0.045766,0.000000,2.000000,1.000000,-0.000000,0.000000
0.135000,0.645133,0.087080,0.381347,0.937214,-0.344528,0.028988,-0.045717,0.000000,2.000000,1.000000,-0.000000,0.000000
0.140000,0.645151,0.086995,0.381222,0.937195,-0.344594,0.028906,-0.045667,0.000000,2.000000,1.000000,0.000000,0.000000
0.145000,0.645168,0.086910,0.381097,0.937175,-0.344660,0.028825,-0.045618,0.000000,2.000000,1.000000,0.000000,0.000000
0.150000,0.645186,0.086826,0.380971,0.937156,-0.344726,0.028743,-0.045569,0.000000,2.000000,1.000000,0.000000,0.000000
0.155000,0.645204,0.086741,0.380846,0.937136,-0.344792,0.028661,-0.045519,0.000000,2.000000,1.000000,-0.000000,0.000000
0.160000,0.645221,0.086656,0.380721,0.937117,-0.344858,0.028579,-0.045470,0.000000,2.000000,1.000000,0.000000,0.000000
0.165000,0.645239,0.086572,0.380595,0.937098,-0.344925,0.028497,-0.045421,0.000000,2.000000,1.000000,0.000000,0.000000
0.170000,0.645261,0.086488,0.380472,0.937078,-0.344991,0.028419,-0.045373,0.000000,2.000000,1.000000,-0.000000,0.000000
0.175000,0.645284,0.086403,0.380348,0.937058,-0.345057,0.028341,-0.045325,0.000000,2.000000,1.000000,0.000000,0.000000
0.180000,0.645306,0.086319,0.380224,0.937038,-0.345123,0.028264,-0.045278,0.000000,2.000000,1.000000,0.000000,0.000000
0.185000,0.645328,0.086235,0.380101,0.937019,-0.345189,0.028186,-0.045230,0.000000,2.000000,1.000000,0.000000,0.000000
0.190000,0.645351,0.086151,0.379977,0.936999,-0.345255,0.028108,-0.045183,0.000000,2.000000,1.000000,0.000000,0.000000
0.195000,0.645373,0.086067,0.379854,0.936979,-0.345322,0.028030,-0.045135,0.000000,2.000000,1.000000,-0.000000,0.000000
0.200000,0.645395,0.085983,0.379730,0.936959,-0.345388,0.027952,-0.045088,0.000000,2.000000,1.000000,-0.000000,0.000000
0.205000,0.645415,0.085903,0.379602,0.936941,-0.345451,0.027870,-0.045037,0.000000,2.000000,1.000000,0.000000,0.000000
0.210000,0.645435,0.085823,0.379473,0.936923,-0.345513,0.027787,-0.044986,0.000000,2.000000,1.000000,0.000000,0.000000
0.215000,0.645454,0.085743,0.379345,0.936905,-0.345576,0.027705,-0.044936,0.000000,2.000000,1.000000,-0.000000,0.000000
0.220000,0.645474,0.085663,0.379216,0.936886,-0.345639,0.027623,-0.044885,0.000000,2.000000,1.000000,0.000000,0.000000
0.225000,0.645494,0.085583,0.379088,0.936868,-0.345702,0.027540,-0.044835,0.000000,2.000000,1.000000,-0.000000,0.000000
0.230000,0.645513,0.085503,0.378960,0.936850,-0.345765,0.027458,-0.044784,0.000000,2.000000,1.000000,-0.000000,0.000000
0.235000,0.645530,0.085435,0.378852,0.936834,-0.345818,0.027390,-0.044742,0.000000,2.000000,1.000000,-0.000000,0.000000
0.240000,0.645547,0.085367,0.378745,0.936818,-0.345872,0.027321,-0.044700,0.000000,2.000000,1.000000,-0.000000,0.000000
0.245000,0.645563,0.085299,0.378637,0.936802,-0.345925,0.027253,-0.044658,0.000000,2.000000,1.000000,-0.000000,0.000000
0.250000,0.645580,0.085231,0.378530,0.936786,-0.345979,0.027184,-0.044615,0.000000,2.000000,1.000000,-0.000000,0.000000
0.255000,0.645597,0.085163,0.378423,0.936771,-0.346033,0.027116,-0.044573,0.000000,2.000000,1.000000,0.000000,0.000000
0.260000,0.645614,0.085094,0.378315,0.936760,-0.346067,0.027081,-0.044540,0.000000,2.000000,1.000000,0.000000,0.000000
0.265000,0.645630,0.085026,0.378208,0.936758,-0.346075,0.027091,-0.044520,0.000000,2.000000,1.000000,0.000000,0.000000
0.270000,0.645643,0.084977,0.378140,0.936755,-0.346084,0.027100,-0.044510,0.000000,2.000000,1.000000,-0.000000,0.000000
0.275000,0.645656,0.084928,0.378072,0.936752,-0.346092,0.027108,-0.044501,0.000000,2.000000,1.000000,-0.000000,0.000000
0.280000,0.645669,0.084880,0.378003,0.936750,-0.346100,0.027116,-0.044492,0.000000,2.000000,1.000000,0.000000,0.000000
0.285000,0.645682,0.084831,0.377935,0.936747,-0.346108,0.027124,-0.044484,0.000000,2.000000,1.000000,0.000000,0.000000
0.290000,0.645695,0.084782,0.377867,0.936744,-0.346115,0.027132,-0.044476,0.000000,2.000000,1.000000,0.000000,0.000000
0.295000,0.645707,0.084733,0.377799,0.936742,-0.346123,0.027140,-0.044469,0.000000,2.000000,1.000000,-0.000000,0.000000
0.300000,0.645720,0.084684,0.377731,0.936739,-0.346130,0.027147,-0.044462,0.000000,2.000000,1.000000,-0.000000,0.000000
0.305000,0.645732,0.084655,0.377696,0.936735,-0.346140,0.027154,-0.044462,0.000000,2.000000,1.000000,-0.000000,0.000000
0.310000,0.645744,0.084626,0.377661,0.936731,-0.346150,0.027160,-0.044463,0.000000,2.000000,1.000000,-0.000000,0.000000
0.315000,0.645755,0.084597,0.377627,0.936728,-0.346159,0.027167,-0.044463,0.000000,2.000000,1.000000,-0.000000,0.000000
0.320000,0.645767,0.084568,0.377592,0.936724,-0.346169,0.027174,-0.044464,0.000000,2.000000,1.000000,-0.000000,0.000000
0.325000,0.645778,0.084539,0.377557,0.936720,-0.346178,0.027180,-0.044464,0.000000,2.000000,1.000000,-0.000000,0.000000
0.330000,0.645790,0.084510,0.377522,0.936716,-0.346188,0.027187,-0.044465,0.000000,2.000000,1.000000,-0.000000,0.000000
0.335000,0.645801,0.084481,0.377488,0.936713,-0.346197,0.027193,-0.044466,0.000000,2.000000,1.000000,-0.000000,0.000000
0.340000,0.645809,0.084469,0.377479,0.936709,-0.346206,0.027198,-0.044468,0.000000,2.000000,1.000000,-0.000000,0.000000
0.345000,0.645816,0.084456,0.377470,0.936706,-0.346215,0.027204,-0.044471,0.000000,2.000000,1.000000,-0.000000,0.000000
0.350000,0.645824,0.084443,0.377461,0.936702,-0.346223,0.027209,-0.044473,0.000000,2.000000,1.000000,0.000000,0.000000
0.355000,0.645831,0.084430,0.377453,0.936699,-0.346232,0.027215,-0.044476,0.000000,2.000000,1.000000,-0.000000,0.000000
0.360000,0.645839,0.084418,0.377444,0.936695,-0.346241,0.027220,-0.044478,0.000000,2.000000,1.000000,-0.000000,0.000000
0.365000,0.645846,0.084405,0.377435,0.936692,-0.346249,0.027225,-0.044481,0.000000,2.000000,1.000000,0.000000,0.000000
0.370000,0.645853,0.084392,0.377426,0.936688,-0.346258,0.027231,-0.044483,0.000000,2.000000,1.000000,-0.000000,0.000000
0.375000,0.645855,0.084391,0.377433,0.936688,-0.346259,0.027237,-0.044487,0.000000,2.000000,1.000000,-0.000000,0.000000
0.380000,0.645856,0.084389,0.377440,0.936687,-0.346260,0.027244,-0.044490,0.000000,2.000000,1.000000,-0.000000,0.000000
0.385000,0.645858,0.084388,0.377447,0.936686,-0.346261,0.027250,-0.044494,0.000000,2.000000,1.000000,-0.000000,0.000000
0.390000,0.645860,0.084386,0.377454,0.936686,-0.346262,0.027257,-0.044497,0.000000,2.000000,1.000000,-0.000000,0.000000
0.395000,0.645861,0.084385,0.377460,0.936685,-0.346263,0.027264,-0.044500,0.000000,2.000000,1.000000,-0.000000,0.000000
0.400000,0.645863,0.084384,0.377467,0.936684,-0.346264,0.027270,-0.044504,0.000000,2.000000,1.000000,-0.000000,0.000000
0.405000,0.645864,0.084385,0.377474,0.936684,-0.346263,0.027276,-0.044507,0.000000,2.000000,1.000000,0.000000,0.000000
0.410000,0.645866,0.084385,0.377481,0.936684,-0.346262,0.027282,-0.044510,0.000000,2.000000,1.000000,0.000000,0.000000
0.415000,0.645868,0.084386,0.377487,0.936684,-0.346261,0.027288,-0.044513,0.000000,2.000000,1.000000,-0.000000,0.000000
0.420000,0.645870,0.084387,0.377494,0.936684,-0.346260,0.027294,-0.044517,0.000000,2.000000,1.000000,0.000000,0.000000
0.425000,0.645871,0.084388,0.377501,0.936684,-0.346259,0.027299,-0.044520,0.000000,2.000000,1.000000,0.000000,0.000000
0.430000,0.645873,0.084389,0.377507,0.936684,-0.346258,0.027305,-0.044523,0.000000,2.000000,1.000000,0.000000,0.000000
0.435000,0.645875,0.084390,0.377514,0.936684,-0.346258,0.027311,-0.044526,0.000000,2.000000,1.000000,0.000000,0.000000
0.440000,0.645877,0.084386,0.377513,0.936683,-0.346261,0.027311,-0.044526,0.000000,2.000000,1.000000,-0.000000,0.000000
0.445000,0.645879,0.084383,0.377513,0.936682,-0.346263,0.027312,-0.044525,0.000000,2.000000,1.000000,-0.000000,0.000000
0.450000,0.645880,0.084379,0.377512,0.936681,-0.346266,0.027312,-0.044525,0.000000,2.000000,1.000000,0.000000,0.000000
0.455000,0.645882,0.084375,0.377511,0.936680,-0.346269,0.027312,-0.044525,0.000000,2.000000,1.000000,0.000000,0.000000
0.460000,0.645884,0.084371,0.377510,0.936679,-0.346272,0.027312,-0.044525,0.000000,2.000000,1.000000,0.000000,0.000000
0.465000,0.645886,0.084367,0.377509,0.936678,-0.346275,0.027313,-0.044524,0.000000,2.000000,1.000000,0.000000,0.000000
0.470000,0.645887,0.084363,0.377508,0.936677,-0.346278,0.027313,-0.044524,0.000000,2.000000,1.000000,-0.000000,0.000000
0.475000,0.645889,0.084353,0.377508,0.936674,-0.346285,0.027314,-0.044524,0.000000,2.000000,1.000000,-0.000000,0.000000
0.480000,0.645890,0.084343,0.377508,0.936671,-0.346293,0.027316,-0.044523,0.000000,2.000000,1.000000,-0.000000,0.000000
0.485000,0.645892,0.084333,0.377508,0.936668,-0.346301,0.027317,-0.044523,0.000000,2.000000,1.000000,0.000000,0.000000
0.490000,0.645894,0.084323,0.377508,0.936665,-0.346308,0.027318,-0.044523,0.000000,2.000000,1.000000,0.000000,0.000000
0.495000,0.645895,0.084312,0.377508,0.936662,-0.346316,0.027320,-0.044522,0.000000,2.000000,1.000000,0.000000,0.000000
0.500000,0.645897,0.084302,0.377508,0.936660,-0.346324,0.027321,-0.044522,0.000000,2.000000,1.000000,0.000000,0.000000
0.505000,0.645898,0.084292,0.377508,0.936657,-0.346331,0.027322,-0.044522,0.000000,2.000000,1.000000,0.000000,0.000000
0.510000,0.645902,0.084267,0.377516,0.936650,-0.346349,0.027331,-0.044524,0.000000,2.000000,1.000000,0.000000,0.000000
0.515000,0.645907,0.084243,0.377523,0.936643,-0.346366,0.027340,-0.044526,0.000000,2.000000,1.000000,0.000000,0.000000
0.520000,0.645911,0.084219,0.377531,0.936636,-0.346384,0.027349,-0.044528,0.000000,2.000000,1.000000,-0.000000,0.000000
0.525000,0.645915,0.084194,0.377538,0.936629,-0.346401,0.027357,-0.044531,0.000000,2.000000,1.000000,0.000000,0.000000
0.530000,0.645919,0.084170,0.377545,0.936623,-0.346419,0.027366,-0.044533,0.000000,2.000000,1.000000,-0.000000,0.000000
0.535000,0.645923,0.084145,0.377553,0.936616,-0.346436,0.027375,-0.044535,0.000000,2.000000,1.000000,0.000000,0.000000
0.540000,0.645927,0.084121,0.377560,0.936609,-0.346454,0.027384,-0.044537,0.000000,2.000000,1.000000,0.000000,0.000000
0.545000,0.645938,0.084061,0.377570,0.936592,-0.346497,0.027399,-0.044537,0.000000,2.000000,1.000000,0.000000,0.000000
0.550000,0.645948,0.084002,0.377581,0.936576,-0.346540,0.027415,-0.044538,0.000000,2.000000,1.000000,-0.000000,0.000000
0.555000,0.645958,0.083942,0.377591,0.936560,-0.346583,0.027431,-0.044538,0.000000,2.000000,1.000000,-0.000000,0.000000
0.560000,0.645968,0.083882,0.377602,0.936543,-0.346627,0.027447,-0.044538,0.000000,2.000000,1.000000,-0.000000,0.000000
0.565000,0.645978,0.083822,0.377612,0.936527,-0.346670,0.027462,-0.044538,0.000000,2.000000,1.000000,0.000000,0.000000
0.570000,0.645988,0.083763,0.377623,0.936510,-0.346713,0.027478,-0.044538,0.000000,2.000000,1.000000,-0.000000,0.000000
0.575000,0.646005,0.083650,0.377629,0.936480,-0.346795,0.027495,-0.044530,0.000000,2.000000,1.000000,0.000000,0.000000
0.580000,0.646021,0.083538,0.377635,0.936450,-0.346876,0.027512,-0.044522,0.000000,2.000000,1.000000,-0.000000,0.000000
0.585000,0.646037,0.083426,0.377641,0.936419,-0.346958,0.027529,-0.044514,0.000000,2.000000,1.000000,0.000000,0.000000
0.590000,0.646054,0.083313,0.377647,0.936389,-0.347040,0.027546,-0.044506,0.000000,2.000000,1.000000,0.000000,0.000000
0.595000,0.646070,0.083201,0.377653,0.936358,-0.347121,0.027563,-0.044498,0.000000,2.000000,1.000000,0.000000,0.000000
0.600000,0.646086,0.083088,0.377660,0.936328,-0.347203,0.027580,-0.044490,0.000000,2.000000,1.000000,-0.000000,0.000000
0.605000,0.646103,0.082976,0.377666,0.936298,-0.347285,0.027598,-0.044481,0.000000,2.000000,1.000000,0.000000,0.000000
0.610000,0.646125,0.082805,0.377666,0.936252,-0.347408,0.027615,-0.044459,0.000000,2.000000,1.000000,0.000000,0.000000
0.615000,0.646147,0.082634,0.377667,0.936207,-0.347532,0.027633,-0.044436,0.000000,2.000000,1.000000,-0.000000,0.000000
0.620000,0.646169,0.082464,0.377667,0.936161,-0.347656,0.027650,-0.044414,0.000000,2.000000,1.000000,0.000000,0.000000
0.625000,0.646191,0.082293,0.377667,0.936116,-0.347780,0.027668,-0.044391,0.000000,2.000000,1.000000,0.000000,0.000000
0.630000,0.646213,0.082122,0.377668,0.936070,-0.347904,0.027686,-0.044368,0.000000,2.000000,1.000000,-0.000000,0.000000
0.635000,0.646235,0.081951,0.377668,0.936025,-0.348028,0.027703,-0.044346,0.000000,2.000000,1.000000,0.000000,0.000000
0.640000,0.646257,0.081781,0.377668,0.935980,-0.348151,0.027721,-0.044323,0.000000,2.000000,1.000000,-0.000000,0.000000
0.645000,0.646286,0.081551,0.377668,0.935918,-0.348318,0.027744,-0.044289,0.000000,2.000000,1.000000,0.000000,0.000000
0.650000,0.646315,0.081321,0.377667,0.935857,-0.348484,0.027768,-0.044255,0.000000,2.000000,1.000000,0.000000,0.000000
0.655000,0.646344,0.081091,0.377666,0.935796,-0.348651,0.027791,-0.044220,0.000000,2.000000,1.000000,0.000000,0.000000
0.660000,0.646373,0.080861,0.377665,0.935735,-0.348818,0.027815,-0.044186,0.000000,2.000000,1.000000,-0.000000,0.000000
0.665000,0.646402,0.080631,0.377664,0.935674,-0.348984,0.027838,-0.044152,0.000000,2.000000,1.000000,0.000000,0.000000
0.670000,0.646431,0.080401,0.377664,0.935627,-0.349109,0.027896,-0.044124,0.000000,2.000000,1.000000,0.000000,0.000000
0.675000,0.646460,0.080171,0.377663,0.935613,-0.349141,0.027982,-0.044107,0.000000,2.000000,1.000000,-0.000000,0.000000
0.680000,0.646496,0.079885,0.377662,0.935607,-0.349154,0.028055,-0.044093,0.000000,2.000000,1.000000,0.000000,0.000000
0.685000,0.646532,0.079599,0.377662,0.935605,-0.349156,0.028102,-0.044081,0.000000,2.000000,1.000000,0.000000,0.000000
0.690000,0.646567,0.079313,0.377661,0.935605,-0.349155,0.028127,-0.044071,0.000000,2.000000,1.000000,-0.000000,0.000000
0.695000,0.646603,0.079027,0.377660,0.935606,-0.349153,0.028135,-0.044064,0.000000,2.000000,1.000000,0.000000,0.000000
0.700000,0.646639,0.078741,0.377660,0.935607,-0.349153,0.028132,-0.044058,0.000000,2.000000,1.000000,-0.000000,0.000000
0.705000,0.646674,0.078455,0.377659,0.935607,-0.349154,0.028122,-0.044054,0.000000,2.000000,1.000000,-0.000000,0.000000
0.710000,0.646710,0.078169,0.377659,0.935606,-0.349157,0.028107,-0.044050,0.000000,2.000000,1.000000,0.000000,0.000000
0.715000,0.646752,0.077826,0.377658,0.935606,-0.349161,0.028084,-0.044046,0.000000,2.000000,1.000000,-0.000000,0.000000
0.720000,0.646794,0.077482,0.377657,0.935604,-0.349166,0.028058,-0.044044,0.000000,2.000000,1.000000,0.000000,0.000000
0.725000,0.646836,0.077139,0.377657,0.935603,-0.349173,0.028029,-0.044042,0.000000,2.000000,1.000000,-0.000000,0.000000
0.730000,0.646877,0.076795,0.377656,0.935601,-0.349180,0.027998,-0.044041,0.000000,2.000000,1.000000,-0.000000,0.000000
0.735000,0.646919,0.076452,0.377656,0.935599,-0.349188,0.027966,-0.044041,0.000000,2.000000,1.000000,-0.000000,0.000000
0.740000,0.646961,0.076108,0.377655,0.935597,-0.349196,0.027933,-0.044040,0.000000,2.000000,1.000000,0.000000,0.000000
0.745000,0.647008,0.075707,0.377656,0.935595,-0.349205,0.027896,-0.044039,0.000000,2.000000,1.000000,0.000000,0.000000
0.750000,0.647056,0.075307,0.377657,0.935593,-0.349214,0.027858,-0.044037,0.000000,2.000000,1.000000,-0.000000,0.000000
0.755000,0.647103,0.074906,0.377659,0.935590,-0.349224,0.027819,-0.044036,0.000000,2.000000,1.000000,-0.000000,0.000000
0.760000,0.647151,0.074505,0.377660,0.935588,-0.349234,0.027780,-0.044035,0.000000,2.000000,1.000000,-0.000000,0.000000
0.765000,0.647198,0.074104,0.377661,0.935585,-0.349244,0.027740,-0.044033,0.000000,2.000000,1.000000,0.000000,0.000000
0.770000,0.647245,0.073703,0.377662,0.935583,-0.349254,0.027700,-0.044031,0.000000,2.000000,1.000000,-0.000000,0.000000
0.775000,0.647293,0.073303,0.377663,0.935581,-0.349264,0.027661,-0.044029,0.000000,2.000000,1.000000,-0.000000,0.000000
0.780000,0.647343,0.072860,0.377667,0.935578,-0.349275,0.027617,-0.044027,0.000000,2.000000,1.000000,-0.000000,0.000000
0.785000,0.647393,0.072417,0.377670,0.935575,-0.349286,0.027573,-0.044024,0.000000,2.000000,1.000000,-0.000000,0.000000
0.790000,0.647443,0.071974,0.377674,0.935573,-0.349296,0.027530,-0.044021,0.000000,2.000000,1.000000,-0.000000,0.000000
0.795000,0.647493,0.071531,0.377677,0.935570,-0.349307,0.027487,-0.044017,0.000000,2.000000,1.000000,0.000000,0.000000
0.800000,0.647543,0.071089,0.377681,0.935568,-0.349317,0.027443,-0.044011,0.000000,2.000000,1.000000,-0.000000,0.000000
0.805000,0.647593,0.070646,0.377685,0.935566,-0.349327,0.027400,-0.044005,0.000000,2.000000,1.000000,0.000000,0.000000
0.810000,0.647643,0.070203,0.377688,0.935564,-0.349337,0.027358,-0.043997,0.000000,2.000000,1.000000,0.000000,0.000000
0.815000,0.647693,0.069739,0.377692,0.935561,-0.349348,0.027311,-0.043992,0.000000,2.000000,1.000000,-0.000000,0.000000
0.820000,0.647742,0.069275,0.377696,0.935559,-0.349359,0.027264,-0.043985,0.000000,2.000000,1.000000,-0.000000,0.000000
0.825000,0.647792,0.068810,0.377700,0.935557,-0.349370,0.027218,-0.043976,0.000000,2.000000,1.000000,0.000000,0.000000
0.830000,0.647842,0.068346,0.377705,0.935555,-0.349380,0.027172,-0.043966,0.000000,2.000000,1.000000,-0.000000,0.000000
0.835000,0.647891,0.067882,0.377709,0.935553,-0.349390,0.027127,-0.043955,0.000000,2.000000,1.000000,0.000000,0.000000
0.840000,0.647941,0.067418,0.377713,0.935551,-0.349400,0.027082,-0.043942,0.000000,2.000000,1.000000,-0.000000,0.000000
0.845000,0.647991,0.066953,0.377717,0.935549,-0.349409,0.027038,-0.043927,0.000000,2.000000,1.000000,-0.000000,0.000000
0.850000,0.648039,0.066480,0.377719,0.935547,-0.349420,0.026988,-0.043917,0.000000,2.000000,1.000000,0.000000,0.000000
0.855000,0.648087,0.066007,0.377721,0.935545,-0.349431,0.026939,-0.043905,0.000000,2.000000,1.000000,-0.000000,0.000000
0.860000,0.648135,0.065533,0.377723,0.935543,-0.349441,0.026890,-0.043892,0.000000,2.000000,1.000000,-0.000000,0.000000
0.865000,0.648183,0.065060,0.377725,0.935541,-0.349452,0.026842,-0.043877,0.000000,2.000000,1.000000,0.000000,0.000000
0.870000,0.648231,0.064587,0.377728,0.935540,-0.349461,0.026795,-0.043861,0.000000,2.000000,1.000000,0.000000,0.000000
0.875000,0.648279,0.064114,0.377730,0.935539,-0.349471,0.026748,-0.043842,0.000000,2.000000,1.000000,-0.000000,0.000000
0.880000,0.648327,0.063640,0.377732,0.935537,-0.349480,0.026702,-0.043823,0.000000,2.000000,1.000000,-0.000000,0.000000
0.885000,0.648373,0.063167,0.377731,0.935535,-0.349492,0.026649,-0.043814,0.000000,2.000000,1.000000,0.000000,0.000000
0.890000,0.648418,0.062695,0.377730,0.935533,-0.349503,0.026597,-0.043805,0.000000,2.000000,1.000000,-0.000000,0.000000
0.895000,0.648464,0.062222,0.377729,0.935531,-0.349514,0.026545,-0.043795,0.000000,2.000000,1.000000,-0.000000,0.000000
0.900000,0.648510,0.061749,0.377728,0.935529,-0.349524,0.026495,-0.043785,0.000000,2.000000,1.000000,0.000000,0.000000
0.905000,0.648555,0.061276,0.377727,0.935527,-0.349534,0.026446,-0.043773,0.000000,2.000000,1.000000,0.000000,0.000000
0.910000,0.648601,0.060803,0.377727,0.935525,-0.349543,0.026398,-0.043762,0.000000,2.000000,1.000000,0.000000,0.000000
0.915000,0.648643,0.060338,0.377727,0.935523,-0.349554,0.026346,-0.043764,0.000000,2.000000,1.000000,-0.000000,0.000000
0.920000,0.648686,0.059873,0.377727,0.935520,-0.349565,0.026294,-0.043767,0.000000,2.000000,1.000000,-0.000000,0.000000
0.925000,0.648728,0.059407,0.377727,0.935517,-0.349575,0.026243,-0.043769,0.000000,2.000000,1.000000,-0.000000,0.000000
0.930000,0.648771,0.058942,0.377727,0.935515,-0.349585,0.026192,-0.043772,0.000000,2.000000,1.000000,0.000000,0.000000
0.935000,0.648813,0.058476,0.377727,0.935512,-0.349596,0.026141,-0.043775,0.000000,2.000000,1.000000,-0.000000,0.000000
0.940000,0.648856,0.058011,0.377727,0.935510,-0.349606,0.026090,-0.043778,0.000000,2.000000,1.000000,0.000000,0.000000
0.945000,0.648898,0.057546,0.377727,0.935507,-0.349617,0.026039,-0.043781,0.000000,2.000000,1.000000,-0.000000,0.000000
0.950000,0.648938,0.057089,0.377731,0.935504,-0.349627,0.025988,-0.043793,0.000000,2.000000,1.000000,-0.000000,0.000000
0.955000,0.648978,0.056631,0.377735,0.935501,-0.349638,0.025938,-0.043805,0.000000,2.000000,1.000000,0.000000,0.000000
0.960000,0.649019,0.056174,0.377739,0.935498,-0.349649,0.025887,-0.043817,0.000000,2.000000,1.000000,-0.000000,0.000000
0.965000,0.649059,0.055717,0.377743,0.935494,-0.349659,0.025837,-0.043830,0.000000,2.000000,1.000000,0.000000,0.000000
0.970000,0.649099,0.055260,0.377747,0.935491,-0.349670,0.025786,-0.043844,0.000000,2.000000,1.000000,0.000000,0.000000
0.975000,0.649139,0.054802,0.377751,0.935488,-0.349681,0.025735,-0.043857,0.000000,2.000000,1.000000,0.000000,0.000000
0.980000,0.649179,0.054345,0.377755,0.935484,-0.349692,0.025685,-0.043871,0.000000,2.000000,1.000000,-0.000000,0.000000
0.985000,0.649217,0.053889,0.377758,0.935481,-0.349703,0.025634,-0.043886,0.000000,2.000000,1.000000,-0.000000,0.000000
0.990000,0.649255,0.053433,0.377762,0.935478,-0.349714,0.025583,-0.043900,0.000000,2.000000,1.000000,-0.000000,0.000000
0.995000,0.649294,0.052977,0.377765,0.935474,-0.349725,0.025533,-0.043915,0.000000,2.000000,1.000000,0.000000,0.000000
1.000000,0.649332,0.052520,0.377769,0.935471,-0.349735,0.025483,-0.043929,0.000000,2.000000,1.000000,-0.000000,0.000000
1.005000,0.649370,0.052064,0.377773,0.935468,-0.349746,0.025432,-0.043942,0.000000,2.000000,1.000000,-0.000000,0.000000
1.010000,0.649408,0.051608,0.377776,0.935465,-0.349757,0.025382,-0.043956,0.000000,2.000000,1.000000,-0.000000,0.000000
1.015000,0.649446,0.051152,0.377780,0.935461,-0.349767,0.025331,-0.043968,0.000000,2.000000,1.000000,-0.000000,0.000000
1.020000,0.649481,0.050701,0.377782,0.935458,-0.349778,0.025280,-0.043980,0.000000,2.000000,1.000000,-0.000000,0.000000
1.025000,0.649517,0.050249,0.377784,0.935455,-0.349789,0.025228,-0.043991,0.000000,2.000000,1.000000,0.000000,0.000000
1.030000,0.649552,0.049798,0.377787,0.935452,-0.349800,0.025176,-0.044001,0.000000,2.000000,1.000000,0.000000,0.000000
1.035000,0.649587,0.049347,0.377789,0.935449,-0.349811,0.025123,-0.044010,0.000000,2.000000,1.000000,-0.000000,0.000000
1.040000,0.649622,0.048895,0.377791,0.935446,-0.349822,0.025070,-0.044018,0.000000,2.000000,1.000000,-0.000000,0.000000
1.045000,0.649657,0.048444,0.377794,0.935442,-0.349833,0.025017,-0.044025,0.000000,2.000000,1.000000,0.000000,0.000000
1.050000,0.649693,0.047993,0.377796,0.935439,-0.349844,0.024964,-0.044031,0.000000,2.000000,1.000000,0.000000,0.000000
1.055000,0.649724,0.047559,0.377798,0.935437,-0.349855,0.024912,-0.044035,0.000000,2.000000,1.000000,0.000000,0.000000
1.060000,0.649755,0.047125,0.377800,0.935434,-0.349866,0.024860,-0.044038,0.000000,2.000000,1.000000,0.000000,0.000000
1.065000,0.649787,0.046691,0.377802,0.935431,-0.349877,0.024808,-0.044040,0.000000,2.000000,1.000000,0.000000,0.000000
1.070000,0.649818,0.046257,0.377805,0.935428,-0.349888,0.024756,-0.044040,0.000000,2.000000,1.000000,0.000000,0.000000
1.075000,0.649849,0.045823,0.377807,0.935426,-0.349899,0.024704,-0.044039,0.000000,2.000000,1.000000,-0.000000,0.000000
1.080000,0.649881,0.045389,0.377809,0.935423,-0.349910,0.024651,-0.044037,0.000000,2.000000,1.000000,0.000000,0.000000
1.085000,0.649909,0.044975,0.377810,0.935420,-0.349921,0.024600,-0.044033,0.000000,2.000000,1.000000,0.000000,0.000000
1.090000,0.649937,0.044562,0.377811,0.935418,-0.349931,0.024549,-0.044027,0.000000,2.000000,1.000000,0.000000,0.000000
1.095000,0.649965,0.044148,0.377813,0.935416,-0.349942,0.024498,-0.044020,0.000000,2.000000,1.000000,0.000000,0.000000
1.100000,0.649993,0.043734,0.377814,0.935413,-0.349953,0.024447,-0.044012,0.000000,2.000000,1.000000,-0.000000,0.000000
1.105000,0.650022,0.043320,0.377815,0.935411,-0.349965,0.024396,-0.044002,0.000000,2.000000,1.000000,0.000000,0.000000
1.110000,0.650050,0.042907,0.377816,0.935409,-0.349976,0.024344,-0.043990,0.000000,2.000000,1.000000,-0.000000,0.000000
1.115000,0.650078,0.042493,0.377818,0.935406,-0.349987,0.024292,-0.043977,0.000000,2.000000,1.000000,-0.000000,0.000000
1.120000,0.650103,0.042112,0.377818,0.935404,-0.349998,0.024244,-0.043963,0.000000,2.000000,1.000000,0.000000,0.000000
1.125000,0.650127,0.041732,0.377819,0.935402,-0.350009,0.024196,-0.043947,0.000000,2.000000,1.000000,-0.000000,0.000000
1.130000,0.650152,0.041351,0.377819,0.935400,-0.350021,0.024148,-0.043930,0.000000,2.000000,1.000000,0.000000,0.000000
1.135000,0.650176,0.040971,0.377820,0.935398,-0.350032,0.024100,-0.043911,0.000000,2.000000,1.000000,0.000000,0.000000
1.140000,0.650201,0.040590,0.377820,0.935395,-0.350044,0.024052,-0.043891,0.000000,2.000000,1.000000,-0.000000,0.000000
1.145000,0.650226,0.040210,0.377821,0.935393,-0.350056,0.024003,-0.043869,0.000000,2.000000,1.000000,-0.000000,0.000000
1.150000,0.650250,0.039829,0.377821,0.935391,-0.350068,0.023954,-0.043845,0.000000,2.000000,1.000000,0.000000,0.000000
1.155000,0.650272,0.039465,0.377823,0.935389,-0.350080,0.023908,-0.043821,0.000000,2.000000,1.000000,-0.000000,0.000000
1.160000,0.650295,0.039101,0.377824,0.935387,-0.350092,0.023862,-0.043795,0.000000,2.000000,1.000000,0.000000,0.000000
1.165000,0.650317,0.038736,0.377825,0.935384,-0.350105,0.023816,-0.043768,0.000000,2.000000,1.000000,0.000000,0.000000
1.170000,0.650339,0.038372,0.377827,0.935382,-0.350118,0.023770,-0.043740,0.000000,2.000000,1.000000,0.000000,0.000000
1.175000,0.650362,0.038007,0.377828,0.935380,-0.350131,0.023723,-0.043710,0.000000,2.000000,1.000000,0.000000,0.000000
1.180000,0.650384,0.037643,0.377830,0.935377,-0.350145,0.023676,-0.043678,0.000000,2.000000,1.000000,0.000000,0.000000
1.185000,0.650406,0.037279,0.377831,0.935375,-0.350159,0.023630,-0.043645,0.000000,2.000000,1.000000,0.000000,0.000000
1.190000,0.650427,0.036925,0.377834,0.935372,-0.350172,0.023585,-0.043612,0.000000,2.000000,1.000000,0.000000,0.000000
1.195000,0.650447,0.036571,0.377837,0.935370,-0.350187,0.023541,-0.043578,0.000000,2.000000,1.000000,0.000000,0.000000
1.200000,0.650468,0.036217,0.377840,0.935367,-0.350201,0.023496,-0.043542,0.000000,2.000000,1.000000,0.000000,0.000000
1.205000,0.650489,0.035863,0.377843,0.935364,-0.350216,0.023451,-0.043505,0.000000,2.000000,1.000000,0.000000,0.000000
1.210000,0.650509,0.035509,0.377846,0.935361,-0.350232,0.023405,-0.043467,0.000000,2.000000,1.000000,-0.000000,0.000000
1.215000,0.650530,0.035155,0.377850,0.935358,-0.350248,0.023360,-0.043427,0.000000,2.000000,1.000000,-0.000000,0.000000
1.220000,0.650551,0.034801,0.377853,0.935355,-0.350265,0.023314,-0.043386,0.000000,2.000000,1.000000,0.000000,0.000000
1.225000,0.650568,0.034477,0.377855,0.935352,-0.350281,0.023271,-0.043348,0.000000,2.000000,1.000000,-0.000000,0.000000
1.230000,0.650586,0.034152,0.377856,0.935349,-0.350297,0.023227,-0.043308,0.000000,2.000000,1.000000,0.000000,0.000000
1.235000,0.650603,0.033828,0.377858,0.935345,-0.350314,0.023183,-0.043267,0.000000,2.000000,1.000000,-0.000000,0.000000
1.240000,0.650621,0.033504,0.377860,0.935342,-0.350331,0.023139,-0.043225,0.000000,2.000000,1.000000,0.000000,0.000000
1.245000,0.650639,0.033180,0.377862,0.935338,-0.350349,0.023095,-0.043183,0.000000,2.000000,1.000000,0.000000,0.000000
1.250000,0.650656,0.032856,0.377864,0.935334,-0.350368,0.023050,-0.043139,0.000000,2.000000,1.000000,0.000000,0.000000
1.255000,0.650671,0.032557,0.377864,0.935331,-0.350385,0.023008,-0.043097,0.000000,2.000000,1.000000,0.000000,0.000000
1.260000,0.650686,0.032258,0.377864,0.935327,-0.350404,0.022965,-0.043054,0.000000,2.000000,1.000000,-0.000000,0.000000
1.265000,0.650701,0.031959,0.377864,0.935323,-0.350422,0.022921,-0.043011,0.000000,2.000000,1.000000,0.000000,0.000000
1.270000,0.650716,0.031661,0.377864,0.935319,-0.350441,0.022878,-0.042967,0.000000,2.000000,1.000000,0.000000,0.000000
1.275000,0.650731,0.031362,0.377864,0.935315,-0.350461,0.022834,-0.042922,0.000000,2.000000,1.000000,0.000000,0.000000
1.280000,0.650746,0.031063,0.377864,0.935310,-0.350481,0.022790,-0.042877,0.000000,2.000000,1.000000,-0.000000,0.000000
1.285000,0.650761,0.030764,0.377864,0.935306,-0.350501,0.022746,-0.042831,0.000000,2.000000,1.000000,0.000000,0.000000
1.290000,0.650773,0.030485,0.377862,0.935302,-0.350521,0.022704,-0.042787,0.000000,2.000000,1.000000,0.000000,0.000000
1.295000,0.650786,0.030206,0.377861,0.935297,-0.350541,0.022661,-0.042742,0.000000,2.000000,1.000000,0.000000,0.000000
1.300000,0.650798,0.029926,0.377860,0.935293,-0.350561,0.022618,-0.042697,0.000000,2.000000,1.000000,0.000000,0.000000
1.305000,0.650811,0.029647,0.377858,0.935288,-0.350582,0.022574,-0.042651,0.000000,2.000000,1.000000,0.000000,0.000000
1.310000,0.650823,0.029368,0.377857,0.935283,-0.350603,0.022531,-0.042605,0.000000,2.000000,1.000000,0.000000,0.000000
1.315000,0.650836,0.029088,0.377856,0.935278,-0.350625,0.022487,-0.042558,0.000000,2.000000,1.000000,0.000000,0.000000
1.320000,0.650849,0.028809,0.377854,0.935273,-0.350646,0.022443,-0.042511,0.000000,2.000000,1.000000,-0.000000,0.000000
1.325000,0.650860,0.028531,0.377852,0.935268,-0.350668,0.022399,-0.042464,0.000000,2.000000,1.000000,0.000000,0.000000
1.330000,0.650871,0.028253,0.377849,0.935263,-0.350691,0.022353,-0.042416,0.000000,2.000000,1.000000,0.000000,0.000000
1.335000,0.650882,0.027975,0.377847,0.935258,-0.350714,0.022308,-0.042368,0.000000,2.000000,1.000000,0.000000,0.000000
1.340000,0.650893,0.027697,0.377845,0.935252,-0.350737,0.022262,-0.042320,0.000000,2.000000,1.000000,-0.000000,0.000000
1.345000,0.650904,0.027419,0.377842,0.935247,-0.350760,0.022216,-0.042272,0.000000,2.000000,1.000000,-0.000000,0.000000
1.350000,0.650915,0.027141,0.377840,0.935241,-0.350784,0.022170,-0.042224,0.000000,2.000000,1.000000,-0.000000,0.000000
1.355000,0.650926,0.026863,0.377837,0.935236,-0.350808,0.022123,-0.042175,0.000000,2.000000,1.000000,0.000000,0.000000
1.360000,0.650937,0.026575,0.377836,0.935230,-0.350832,0.022075,-0.042125,0.000000,2.000000,1.000000,-0.000000,0.000000
1.365000,0.650948,0.026287,0.377834,0.935224,-0.350857,0.022027,-0.042075,0.000000,2.000000,1.000000,-0.000000,0.000000
1.370000,0.650959,0.025999,0.377833,0.935218,-0.350882,0.021979,-0.042025,0.000000,2.000000,1.000000,0.000000,0.000000
1.375000,0.650970,0.025710,0.377831,0.935212,-0.350907,0.021930,-0.041975,0.000000,2.000000,1.000000,-0.000000,0.000000
1.380000,0.650981,0.025422,0.377830,0.935206,-0.350933,0.021881,-0.041925,0.000000,2.000000,1.000000,-0.000000,0.000000
1.385000,0.650992,0.025134,0.377828,0.935199,-0.350959,0.021831,-0.041875,0.000000,2.000000,1.000000,0.000000,0.000000
1.390000,0.651003,0.024846,0.377826,0.935193,-0.350985,0.021781,-0.041825,0.000000,2.000000,1.000000,0.000000,0.000000
1.395000,0.651014,0.024549,0.377827,0.935187,-0.351011,0.021730,-0.041774,0.000000,2.000000,1.000000,-0.000000,0.000000
1.400000,0.651026,0.024253,0.377828,0.935180,-0.351038,0.021679,-0.041724,0.000000,2.000000,1.000000,0.000000,0.000000
1.405000,0.651037,0.023957,0.377828,0.935173,-0.351064,0.021628,-0.041673,0.000000,2.000000,1.000000,0.000000,0.000000
1.410000,0.651048,0.023660,0.377829,0.935167,-0.351091,0.021576,-0.041623,0.000000,2.000000,1.000000,0.000000,0.000000
1.415000,0.651060,0.023364,0.377829,0.935160,-0.351118,0.021523,-0.041574,0.000000,2.000000,1.000000,0.000000,0.000000
1.420000,0.651071,0.023067,0.377830,0.935153,-0.351146,0.021470,-0.041524,0.000000,2.000000,1.000000,0.000000,0.000000
1.425000,0.651082,0.022771,0.377834,0.935146,-0.351173,0.021419,-0.041476,0.000000,2.000000,1.000000,0.000000,0.000000
1.430000,0.651092,0.022475,0.377838,0.935140,-0.351199,0.021367,-0.041428,0.000000,2.000000,1.000000,0.000000,0.000000
1.435000,0.651103,0.022179,0.377842,0.935133,-0.351227,0.021314,-0.041380,0.000000,2.000000,1.000000,-0.000000,0.000000
1.440000,0.651114,0.021883,0.377846,0.935126,-0.351254,0.021261,-0.041333,0.000000,2.000000,1.000000,-0.000000,0.000000
1.445000,0.651124,0.021587,0.377850,0.935119,-0.351282,0.021207,-0.041286,0.000000,2.000000,1.000000,-0.000000,0.000000
1.450000,0.651135,0.021291,0.377853,0.935112,-0.351309,0.021152,-0.041240,0.000000,2.000000,1.000000,0.000000,0.000000
1.455000,0.651146,0.020995,0.377857,0.935104,-0.351337,0.021097,-0.041194,0.000000,2.000000,1.000000,-0.000000,0.000000
1.460000,0.651155,0.020705,0.377860,0.935097,-0.351365,0.021041,-0.041149,0.000000,2.000000,1.000000,0.000000,0.000000
1.465000,0.651163,0.020416,0.377863,0.935090,-0.351393,0.020986,-0.041105,0.000000,2.000000,1.000000,-0.000000,0.000000
1.470000,0.651172,0.020127,0.377866,0.935082,-0.351421,0.020929,-0.041062,0.000000,2.000000,1.000000,0.000000,0.000000
1.475000,0.651181,0.019838,0.377869,0.935075,-0.351449,0.020872,-0.041020,0.000000,2.000000,1.000000,-0.000000,0.000000
1.480000,0.651190,0.019548,0.377872,0.935068,-0.351477,0.020815,-0.040978,0.000000,2.000000,1.000000,-0.000000,0.000000
1.485000,0.651199,0.019259,0.377875,0.935060,-0.351505,0.020757,-0.040937,0.000000,2.000000,1.000000,-0.000000,0.000000
1.490000,0.651208,0.018970,0.377878,0.935053,-0.351533,0.020699,-0.040897,0.000000,2.000000,1.000000,0.000000,0.000000
1.495000,0.651215,0.018671,0.377872,0.935045,-0.351564,0.020634,-0.040853,0.000000,2.000000,1.000000,-0.000000,0.000000
1.500000,0.651222,0.018372,0.377867,0.935036,-0.351595,0.020568,-0.040809,0.000000,2.000000,1.000000,-0.000000,0.000000
1.505000,0.651228,0.018073,0.377861,0.935028,-0.351626,0.020502,-0.040766,0.000000,2.000000,1.000000,-0.000000,0.000000
1.510000,0.651235,0.017774,0.377856,0.935019,-0.351658,0.020436,-0.040723,0.000000,2.000000,1.000000,-0.000000,0.000000
1.515000,0.651242,0.017475,0.377850,0.935011,-0.351689,0.020369,-0.040681,0.000000,2.000000,1.000000,-0.000000,0.000000
1.520000,0.651249,0.017176,0.377845,0.935002,-0.351720,0.020301,-0.040640,0.000000,2.000000,1.000000,-0.000000,0.000000
1.525000,0.651256,0.016877,0.377839,0.934993,-0.351752,0.020233,-0.040600,0.000000,2.000000,1.000000,0.000000,0.000000
1.530000,0.651260,0.016539,0.377828,0.934983,-0.351789,0.020154,-0.040550,0.000000,2.000000,1.000000,-0.000000,0.000000
1.535000,0.651263,0.016201,0.377816,0.934973,-0.351827,0.020074,-0.040501,0.000000,2.000000,1.000000,-0.000000,0.000000
1.540000,0.651267,0.015864,0.377804,0.934963,-0.351865,0.019994,-0.040453,0.000000,2.000000,1.000000,-0.000000,0.000000
1.545000,0.651271,0.015526,0.377793,0.934952,-0.351902,0.019913,-0.040406,0.000000,2.000000,1.000000,0.000000,0.000000
1.550000,0.651275,0.015188,0.377781,0.934942,-0.351940,0.019831,-0.040360,0.000000,2.000000,1.000000,-0.000000,0.000000
1.555000,0.651278,0.014850,0.377769,0.934931,-0.351978,0.019749,-0.040314,0.000000,2.000000,1.000000,0.000000,0.000000
1.560000,0.651282,0.014512,0.377757,0.934920,-0.352016,0.019666,-0.040270,0.000000,2.000000,1.000000,0.000000,0.000000
1.565000,0.651287,0.014122,0.377755,0.934909,-0.352057,0.019576,-0.040222,0.000000,2.000000,1.000000,0.000000,0.000000
1.570000,0.651291,0.013731,0.377752,0.934897,-0.352099,0.019486,-0.040175,0.000000,2.000000,1.000000,0.000000,0.000000
1.575000,0.651296,0.013341,0.377750,0.934885,-0.352140,0.019395,-0.040130,0.000000,2.000000,1.000000,-0.000000,0.000000
1.580000,0.651300,0.012950,0.377747,0.934873,-0.352182,0.019303,-0.040087,0.000000,2.000000,1.000000,0.000000,0.000000
1.585000,0.651305,0.012559,0.377744,0.934861,-0.352224,0.019210,-0.040045,0.000000,2.000000,1.000000,-0.000000,0.000000
1.590000,0.651309,0.012169,0.377742,0.934849,-0.352266,0.019116,-0.040005,0.000000,2.000000,1.000000,-0.000000,0.000000
1.595000,0.651320,0.011740,0.377764,0.934838,-0.352304,0.019028,-0.039976,0.000000,2.000000,1.000000,0.000000,0.000000
1.600000,0.651331,0.011311,0.377786,0.934826,-0.352343,0.018940,-0.039948,0.000000,2.000000,1.000000,-0.000000,0.000000
1.605000,0.651341,0.010882,0.377808,0.934814,-0.352382,0.018850,-0.039923,0.000000,2.000000,1.000000,0.000000,0.000000
1.610000,0.651352,0.010453,0.377830,0.934802,-0.352421,0.018760,-0.039900,0.000000,2.000000,1.000000,-0.000000,0.000000
1.615000,0.651363,0.010024,0.377852,0.934790,-0.352461,0.018669,-0.039879,0.000000,2.000000,1.000000,-0.000000,0.000000
1.620000,0.651373,0.009595,0.377874,0.934778,-0.352501,0.018577,-0.039860,0.000000,2.000000,1.000000,-0.000000,0.000000
1.625000,0.651384,0.009166,0.377896,0.934765,-0.352542,0.018484,-0.039843,0.000000,2.000000,1.000000,-0.000000,0.000000
1.630000,0.651400,0.008720,0.377941,0.934753,-0.352577,0.018402,-0.039838,0.000000,2.000000,1.000000,0.000000,0.000000
1.635000,0.651417,0.008275,0.377986,0.934741,-0.352613,0.018318,-0.039836,0.000000,2.000000,1.000000,0.000000,0.000000
1.640000,0.651433,0.007829,0.378031,0.934729,-0.352650,0.018234,-0.039836,0.000000,2.000000,1.000000,0.000000,0.000000
1.645000,0.651450,0.007384,0.378076,0.934716,-0.352688,0.018149,-0.039837,0.000000,2.000000,1.000000,0.000000,0.000000
1.650000,0.651466,0.006938,0.378121,0.934704,-0.352726,0.018063,-0.039840,0.000000,2.000000,1.000000,0.000000,0.000000
1.655000,0.651482,0.006493,0.378166,0.934690,-0.352765,0.017976,-0.039845,0.000000,2.000000,1.000000,0.000000,0.000000
1.660000,0.651499,0.006047,0.378211,0.934677,-0.352805,0.017888,-0.039851,0.000000,2.000000,1.000000,0.000000,0.000000
1.665000,0.651518,0.005585,0.378263,0.934663,-0.352845,0.017799,-0.039860,0.000000,2.000000,1.000000,0.000000,0.000000
1.670000,0.651537,0.005122,0.378315,0.934649,-0.352886,0.017710,-0.039870,0.000000,2.000000,1.000000,0.000000,0.000000
1.675000,0.651556,0.004659,0.378366,0.934634,-0.352929,0.017619,-0.039882,0.000000,2.000000,1.000000,0.000000,0.000000
1.680000,0.651575,0.004197,0.378418,0.934619,-0.352972,0.017528,-0.039895,0.000000,2.000000,1.000000,0.000000,0.000000
1.685000,0.651594,0.003734,0.378470,0.934603,-0.353016,0.017435,-0.039908,0.000000,2.000000,1.000000,0.000000,0.000000
1.690000,0.651613,0.003271,0.378521,0.934587,-0.353061,0.017341,-0.039923,0.000000,2.000000,1.000000,0.000000,0.000000
1.695000,0.651633,0.002808,0.378573,0.934571,-0.353107,0.017246,-0.039938,0.000000,2.000000,1.000000,0.000000,0.000000
1.700000,0.651643,0.002299,0.378612,0.934550,-0.353166,0.017127,-0.039948,0.000000,2.000000,1.000000,-0.000000,0.000000
1.705000,0.651654,0.001789,0.378651,0.934529,-0.353226,0.017006,-0.039958,0.000000,2.000000,1.000000,0.000000,0.000000
1.710000,0.651665,0.001279,0.378690,0.934508,-0.353288,0.016884,-0.039968,0.000000,2.000000,1.000000,-0.000000,0.000000
1.715000,0.651675,0.000769,0.378728,0.934486,-0.353351,0.016761,-0.039980,0.000000,2.000000,1.000000,-0.000000,0.000000
1.720000,0.651686,0.000260,0.378767,0.934463,-0.353416,0.016636,-0.039993,0.000000,2.000000,1.000000,0.000000,0.000000
1.725000,0.651697,-0.000250,0.378806,0.934440,-0.353482,0.016511,-0.040006,0.000000,2.000000,1.000000,-0.000000,0.000000
1.730000,0.651707,-0.000760,0.378845,0.934416,-0.353549,0.016383,-0.040021,0.000000,2.000000,1.000000,0.000000,0.000000
1.735000,0.651706,-0.001335,0.378868,0.934386,-0.353635,0.016223,-0.040026,0.000000,2.000000,1.000000,0.000000,0.000000
1.740000,0.651704,-0.001911,0.378892,0.934355,-0.353723,0.016062,-0.040033,0.000000,2.000000,1.000000,-0.000000,0.000000
1.745000,0.651702,-0.002486,0.378915,0.934323,-0.353813,0.015899,-0.040041,0.000000,2.000000,1.000000,0.000000,0.000000
1.750000,0.651700,-0.003061,0.378938,0.934291,-0.353905,0.015734,-0.040050,0.000000,2.000000,1.000000,-0.000000,0.000000
1.755000,0.651699,-0.003636,0.378961,0.934258,-0.353999,0.015568,-0.040060,0.000000,2.000000,1.000000,0.000000,0.000000
1.760000,0.651697,-0.004212,0.378985,0.934224,-0.354095,0.015401,-0.040071,0.000000,2.000000,1.000000,0.000000,0.000000
1.765000,0.651690,-0.004844,0.378995,0.934184,-0.354207,0.015208,-0.040078,0.000000,2.000000,1.000000,0.000000,0.000000
1.770000,0.651683,-0.005475,0.379005,0.934144,-0.354321,0.015013,-0.040085,0.000000,2.000000,1.000000,0.000000,0.000000
1.775000,0.651675,-0.006107,0.379015,0.934102,-0.354437,0.014817,-0.040094,0.000000,2.000000,1.000000,-0.000000,0.000000
1.780000,0.651668,-0.006739,0.379025,0.934060,-0.354556,0.014619,-0.040104,0.000000,2.000000,1.000000,0.000000,0.000000
1.785000,0.651661,-0.007371,0.379036,0.934017,-0.354676,0.014421,-0.040115,0.000000,2.000000,1.000000,0.000000,0.000000
1.790000,0.651653,-0.008003,0.379046,0.933973,-0.354798,0.014222,-0.040127,0.000000,2.000000,1.000000,0.000000,0.000000
1.795000,0.651646,-0.008635,0.379056,0.933928,-0.354923,0.014021,-0.040141,0.000000,2.000000,1.000000,0.000000,0.000000
1.800000,0.651633,-0.009329,0.379050,0.933877,-0.355066,0.013791,-0.040146,0.000000,2.000000,1.000000,0.000000,0.000000
1.805000,0.651621,-0.010023,0.379044,0.933825,-0.355212,0.013560,-0.040153,0.000000,2.000000,1.000000,-0.000000,0.000000
1.810000,0.651608,-0.010717,0.379038,0.933771,-0.355359,0.013328,-0.040161,0.000000,2.000000,1.000000,0.000000,0.000000
1.815000,0.651595,-0.011411,0.379032,0.933717,-0.355509,0.013095,-0.040170,0.000000,2.000000,1.000000,0.000000,0.000000
1.820000,0.651583,-0.012105,0.379026,0.933662,-0.355661,0.012862,-0.040179,0.000000,2.000000,1.000000,0.000000,0.000000
1.825000,0.651570,-0.012799,0.379020,0.933607,-0.355815,0.012627,-0.040189,0.000000,2.000000,1.000000,-0.000000,0.000000
1.830000,0.651557,-0.013493,0.379014,0.933550,-0.355970,0.012392,-0.040200,0.000000,2.000000,1.000000,0.000000,0.000000
1.835000,0.651537,-0.014260,0.378998,0.933487,-0.356145,0.012127,-0.040203,0.000000,2.000000,1.000000,0.000000,0.000000
1.840000,0.651518,-0.015028,0.378981,0.933422,-0.356322,0.011862,-0.040206,0.000000,2.000000,1.000000,-0.000000,0.000000
1.845000,0.651498,-0.015795,0.378965,0.933357,-0.356501,0.011596,-0.040211,0.000000,2.000000,1.000000,0.000000,0.000000
1.850000,0.651478,-0.016562,0.378949,0.933291,-0.356682,0.011329,-0.040216,0.000000,2.000000,1.000000,0.000000,0.000000
1.855000,0.651459,-0.017329,0.378932,0.933225,-0.356864,0.011062,-0.040222,0.000000,2.000000,1.000000,0.000000,0.000000
1.860000,0.651439,-0.018097,0.378916,0.933157,-0.357047,0.010794,-0.040228,0.000000,2.000000,1.000000,0.000000,0.000000
1.865000,0.651419,-0.018864,0.378900,0.933089,-0.357232,0.010526,-0.040236,0.000000,2.000000,1.000000,-0.000000,0.000000
1.870000,0.651394,-0.019684,0.378891,0.933018,-0.357426,0.010245,-0.040241,0.000000,2.000000,1.000000,-0.000000,0.000000
1.875000,0.651369,-0.020503,0.378882,0.932945,-0.357622,0.009964,-0.040248,0.000000,2.000000,1.000000,0.000000,0.000000
1.880000,0.651343,-0.021323,0.378874,0.932872,-0.357820,0.009682,-0.040255,0.000000,2.000000,1.000000,0.000000,0.000000
1.885000,0.651318,-0.022143,0.378865,0.932798,-0.358019,0.009400,-0.040262,0.000000,2.000000,1.000000,-0.000000,0.000000
1.890000,0.651293,-0.022963,0.378856,0.932724,-0.358220,0.009117,-0.040270,0.000000,2.000000,1.000000,-0.000000,0.000000
1.895000,0.651268,-0.023783,0.378848,0.932648,-0.358422,0.008833,-0.040279,0.000000,2.000000,1.000000,-0.000000,0.000000
1.900000,0.651243,-0.024602,0.378839,0.932572,-0.358627,0.008549,-0.040287,0.000000,2.000000,1.000000,-0.000000,0.000000
1.905000,0.651213,-0.025443,0.378845,0.932496,-0.358830,0.008267,-0.040297,0.000000,2.000000,1.000000,0.000000,0.000000
1.910000,0.651183,-0.026284,0.378852,0.932419,-0.359036,0.007985,-0.040306,0.000000,2.000000,1.000000,-0.000000,0.000000
1.915000,0.651153,-0.027125,0.378859,0.932341,-0.359243,0.007702,-0.040314,0.000000,2.000000,1.000000,0.000000,0.000000
1.920000,0.651123,-0.027966,0.378865,0.932263,-0.359452,0.007418,-0.040323,0.000000,2.000000,1.000000,0.000000,0.000000
1.925000,0.651093,-0.028807,0.378872,0.932183,-0.359662,0.007134,-0.040331,0.000000,2.000000,1.000000,-0.000000,0.000000
1.930000,0.651063,-0.029648,0.378879,0.932103,-0.359874,0.006849,-0.040338,0.000000,2.000000,1.000000,0.000000,0.000000
1.935000,0.651028,-0.030517,0.378891,0.932023,-0.360089,0.006562,-0.040336,0.000000,2.000000,1.000000,0.000000,0.000000
1.940000,0.650992,-0.031386,0.378904,0.931941,-0.360305,0.006275,-0.040333,0.000000,2.000000,1.000000,-0.000000,0.000000
1.945000,0.650956,-0.032254,0.378917,0.931859,-0.360523,0.005986,-0.040330,0.000000,2.000000,1.000000,-0.000000,0.000000
1.950000,0.650920,-0.033123,0.378930,0.931776,-0.360742,0.005698,-0.040326,0.000000,2.000000,1.000000,0.000000,0.000000
1.955000,0.650884,-0.033992,0.378943,0.931692,-0.360964,0.005408,-0.040321,0.000000,2.000000,1.000000,0.000000,0.000000
1.960000,0.650848,-0.034861,0.378956,0.931607,-0.361187,0.005118,-0.040315,0.000000,2.000000,1.000000,0.000000,0.000000
1.965000,0.650812,-0.035730,0.378968,0.931522,-0.361412,0.004827,-0.040308,0.000000,2.000000,1.000000,-0.000000,0.000000
1.970000,0.650762,-0.036645,0.378975,0.931431,-0.361653,0.004516,-0.040285,0.000000,2.000000,1.000000,-0.000000,0.000000
1.975000,0.650713,-0.037560,0.378982,0.931339,-0.361896,0.004204,-0.040260,0.000000,2.000000,1.000000,-0.000000,0.000000
1.980000,0.650663,-0.038475,0.378989,0.931246,-0.362141,0.003892,-0.040235,0.000000,2.000000,1.000000,-0.000000,0.000000
1.985000,0.650613,-0.039391,0.378996,0.931153,-0.362388,0.003579,-0.040209,0.000000,2.000000,1.000000,0.000000,0.000000
1.990000,0.650563,-0.040306,0.379003,0.931058,-0.362637,0.003266,-0.040182,0.000000,2.000000,1.000000,0.000000,0.000000
1.995000,0.650513,-0.041221,0.379010,0.930963,-0.362887,0.002952,-0.040154,0.000000,2.000000,1.000000,0.000000,0.000000
2.000000,0.650464,-0.042136,0.379017,0.930867,-0.363139,0.002638,-0.040125,0.000000,2.000000,1.000000,-0.000000,0.000000
2.005000,0.650400,-0.043067,0.379017,0.930766,-0.363403,0.002310,-0.040091,0.000000,2.000000,1.000000,0.000000,0.000000
2.010000,0.650336,-0.043997,0.379016,0.930665,-0.363669,0.001981,-0.040055,0.000000,2.000000,1.000000,0.000000,0.000000
2.015000,0.650272,-0.044928,0.379016,0.930562,-0.363936,0.001652,-0.040018,0.000000,2.000000,1.000000,-0.000000,0.000000
2.020000,0.650208,-0.045858,0.379016,0.930460,-0.364204,0.001323,-0.039980,0.000000,2.000000,1.000000,0.000000,0.000000
2.025000,0.650144,-0.046789,0.379016,0.930356,-0.364474,0.000993,-0.039941,0.000000,2.000000,1.000000,-0.000000,0.000000
2.030000,0.650081,-0.047720,0.379016,0.930252,-0.364745,0.000663,-0.039901,0.000000,2.000000,1.000000,-0.000000,0.000000
2.035000,0.650017,-0.048650,0.379015,0.930147,-0.365017,0.000333,-0.039859,0.000000,2.000000,1.000000,0.000000,0.000000
2.040000,0.649947,-0.049557,0.379016,0.930045,-0.365282,0.000012,-0.039821,0.000000,2.000000,1.000000,0.000000,0.000000
2.045000,0.649878,-0.050464,0.379017,0.929942,-0.365549,-0.000310,-0.039780,0.000000,2.000000,1.000000,-0.000000,0.000000
2.050000,0.649809,-0.051370,0.379017,0.929838,-0.365816,-0.000631,-0.039738,0.000000,2.000000,1.000000,0.000000,0.000000
2.055000,0.649739,-0.052277,0.379018,0.929734,-0.366084,-0.000953,-0.039694,0.000000,2.000000,1.000000,-0.000000,0.000000
2.060000,0.649670,-0.053184,0.379019,0.929630,-0.366352,-0.001274,-0.039648,0.000000,2.000000,1.000000,-0.000000,0.000000
2.065000,0.649601,-0.054091,0.379019,0.929526,-0.366621,-0.001596,-0.039600,0.000000,2.000000,1.000000,0.000000,0.000000
2.070000,0.649531,-0.054997,0.379020,0.929421,-0.366891,-0.001918,-0.039550,0.000000,2.000000,1.000000,0.000000,0.000000
2.075000,0.649459,-0.055884,0.379028,0.929320,-0.367151,-0.002227,-0.039500,0.000000,2.000000,1.000000,0.000000,0.000000
2.080000,0.649387,-0.056771,0.379036,0.929219,-0.367410,-0.002536,-0.039448,0.000000,2.000000,1.000000,0.000000,0.000000
2.085000,0.649315,-0.057657,0.379045,0.929117,-0.367671,-0.002845,-0.039393,0.000000,2.000000,1.000000,0.000000,0.000000
2.090000,0.649243,-0.058544,0.379053,0.929015,-0.367931,-0.003154,-0.039335,0.000000,2.000000,1.000000,-0.000000,0.000000
2.095000,0.649170,-0.059430,0.379061,0.928913,-0.368192,-0.003463,-0.039276,0.000000,2.000000,1.000000,0.000000,0.000000
2.100000,0.649098,-0.060317,0.379069,0.928811,-0.368453,-0.003771,-0.039213,0.000000,2.000000,1.000000,0.000000,0.000000
2.105000,0.649025,-0.061191,0.379090,0.928714,-0.368701,-0.004064,-0.039151,0.000000,2.000000,1.000000,-0.000000,0.000000
2.110000,0.648951,-0.062066,0.379111,0.928617,-0.368950,-0.004357,-0.039086,0.000000,2.000000,1.000000,0.000000,0.000000
2.115000,0.648878,-0.062940,0.379132,0.928519,-0.369199,-0.004650,-0.039019,0.000000,2.000000,1.000000,0.000000,0.000000
2.120000,0.648804,-0.063815,0.379152,0.928422,-0.369447,-0.004942,-0.038949,0.000000,2.000000,1.000000,0.000000,0.000000
2.125000,0.648731,-0.064690,0.379173,0.928324,-0.369696,-0.005234,-0.038876,0.000000,2.000000,1.000000,-0.000000,0.000000
2.130000,0.648657,-0.065564,0.379194,0.928227,-0.369944,-0.005526,-0.038801,0.000000,2.000000,1.000000,-0.000000,0.000000
2.135000,0.648584,-0.066439,0.379215,0.928129,-0.370193,-0.005817,-0.038722,0.000000,2.000000,1.000000,0.000000,0.000000
2.140000,0.648511,-0.067282,0.379246,0.928038,-0.370425,-0.006089,-0.038656,0.000000,2.000000,1.000000,0.000000,0.000000
2.145000,0.648438,-0.068125,0.379277,0.927946,-0.370656,-0.006360,-0.038588,0.000000,2.000000,1.000000,0.000000,0.000000
2.150000,0.648365,-0.068968,0.379309,0.927855,-0.370887,-0.006631,-0.038516,0.000000,2.000000,1.000000,-0.000000,0.000000
2.155000,0.648292,-0.069812,0.379340,0.927764,-0.371118,-0.006901,-0.038442,0.000000,2.000000,1.000000,0.000000,0.000000
2.160000,0.648219,-0.070655,0.379372,0.927673,-0.371348,-0.007171,-0.038365,0.000000,2.000000,1.000000,0.000000,0.000000
2.165000,0.648146,-0.071498,0.379403,0.927582,-0.371578,-0.007440,-0.038286,0.000000,2.000000,1.000000,0.000000,0.000000
2.170000,0.648073,-0.072341,0.379435,0.927491,-0.371808,-0.007709,-0.038203,0.000000,2.000000,1.000000,-0.000000,0.000000
2.175000,0.648002,-0.073139,0.379474,0.927406,-0.372022,-0.007961,-0.038139,0.000000,2.000000,1.000000,0.000000,0.000000
2.180000,0.647930,-0.073937,0.379512,0.927321,-0.372236,-0.008213,-0.038073,0.000000,2.000000,1.000000,0.000000,0.000000
2.185000,0.647859,-0.074736,0.379551,0.927236,-0.372448,-0.008464,-0.038004,0.000000,2.000000,1.000000,0.000000,0.000000
2.190000,0.647787,-0.075534,0.379590,0.927151,-0.372660,-0.008714,-0.037932,0.000000,2.000000,1.000000,-0.000000,0.000000
2.195000,0.647716,-0.076332,0.379629,0.927067,-0.372872,-0.008964,-0.037857,0.000000,2.000000,1.000000,-0.000000,0.000000
2.200000,0.647644,-0.077130,0.379668,0.926983,-0.373083,-0.009213,-0.037779,0.000000,2.000000,1.000000,0.000000,0.000000
2.205000,0.647573,-0.077928,0.379707,0.926899,-0.373293,-0.009460,-0.037698,0.000000,2.000000,1.000000,-0.000000,0.000000
2.210000,0.647499,-0.078697,0.379749,0.926818,-0.373495,-0.009702,-0.037632,0.000000,2.000000,1.000000,0.000000,0.000000
2.215000,0.647425,-0.079466,0.379791,0.926737,-0.373696,-0.009943,-0.037563,0.000000,2.000000,1.000000,-0.000000,0.000000
2.220000,0.647351,-0.080234,0.379833,0.926656,-0.373897,-0.010184,-0.037491,0.000000,2.000000,1.000000,-0.000000,0.000000
2.225000,0.647278,-0.081003,0.379875,0.926576,-0.374096,-0.010423,-0.037416,0.000000,2.000000,1.000000,-0.000000,0.000000
2.230000,0.647204,-0.081772,0.379917,0.926497,-0.374294,-0.010661,-0.037339,0.000000,2.000000,1.000000,0.000000,0.000000
2.235000,0.647130,-0.082541,0.379959,0.926418,-0.374491,-0.010898,-0.037259,0.000000,2.000000,1.000000,-0.000000,0.000000
2.240000,0.647056,-0.083310,0.380002,0.926339,-0.374686,-0.011133,-0.037177,0.000000,2.000000,1.000000,0.000000,0.000000
2.245000,0.646978,-0.084050,0.380042,0.926263,-0.374875,-0.011364,-0.037107,0.000000,2.000000,1.000000,-0.000000,0.000000
2.250000,0.646900,-0.084790,0.380083,0.926187,-0.375061,-0.011594,-0.037034,0.000000,2.000000,1.000000,0.000000,0.000000
2.255000,0.646821,-0.085531,0.380124,0.926113,-0.375246,-0.011822,-0.036959,0.000000,2.000000,1.000000,-0.000000,0.000000
2.260000,0.646743,-0.086271,0.380165,0.926038,-0.375430,-0.012049,-0.036881,0.000000,2.000000,1.000000,0.000000,0.000000
2.265000,0.646664,-0.087011,0.380206,0.925965,-0.375611,-0.012275,-0.036802,0.000000,2.000000,1.000000,-0.000000,0.000000
2.270000,0.646586,-0.087751,0.380246,0.925892,-0.375791,-0.012499,-0.036720,0.000000,2.000000,1.000000,-0.000000,0.000000
2.275000,0.646507,-0.088450,0.380286,0.925825,-0.375958,-0.012710,-0.036646,0.000000,2.000000,1.000000,-0.000000,0.000000
2.280000,0.646428,-0.089148,0.380326,0.925758,-0.376123,-0.012919,-0.036569,0.000000,2.000000,1.000000,-0.000000,0.000000
2.285000,0.646349,-0.089846,0.380366,0.925692,-0.376286,-0.013127,-0.036491,0.000000,2.000000,1.000000,0.000000,0.000000
2.290000,0.646270,-0.090545,0.380406,0.925627,-0.376446,-0.013333,-0.036410,0.000000,2.000000,1.000000,-0.000000,0.000000
2.295000,0.646190,-0.091243,0.380446,0.925562,-0.376605,-0.013537,-0.036327,0.000000,2.000000,1.000000,0.000000,0.000000
2.300000,0.646111,-0.091941,0.380485,0.925499,-0.376762,-0.013740,-0.036242,0.000000,2.000000,1.000000,0.000000,0.000000
2.305000,0.646032,-0.092640,0.380525,0.925436,-0.376916,-0.013940,-0.036155,0.000000,2.000000,1.000000,-0.000000,0.000000
2.310000,0.645953,-0.093304,0.380565,0.925378,-0.377060,-0.014128,-0.036070,0.000000,2.000000,1.000000,-0.000000,0.000000
2.315000,0.645875,-0.093968,0.380604,0.925321,-0.377202,-0.014313,-0.035983,0.000000,2.000000,1.000000,-0.000000,0.000000
2.320000,0.645796,-0.094632,0.380644,0.925265,-0.377341,-0.014497,-0.035894,0.000000,2.000000,1.000000,0.000000,0.000000
2.325000,0.645717,-0.095297,0.380683,0.925209,-0.377479,-0.014678,-0.035802,0.000000,2.000000,1.000000,0.000000,0.000000
2.330000,0.645638,-0.095961,0.380722,0.925155,-0.377614,-0.014857,-0.035709,0.000000,2.000000,1.000000,-0.000000,0.000000
2.335000,0.645560,-0.096625,0.380762,0.925102,-0.377746,-0.015034,-0.035614,0.000000,2.000000,1.000000,0.000000,0.000000
2.340000,0.645481,-0.097289,0.380801,0.925049,-0.377877,-0.015209,-0.035518,0.000000,2.000000,1.000000,-0.000000,0.000000
2.345000,0.645401,-0.097939,0.380842,0.925000,-0.378001,-0.015375,-0.035421,0.000000,2.000000,1.000000,-0.000000,0.000000
2.350000,0.645321,-0.098589,0.380883,0.924951,-0.378123,-0.015539,-0.035322,0.000000,2.000000,1.000000,-0.000000,0.000000
2.355000,0.645241,-0.099239,0.380923,0.924903,-0.378242,-0.015701,-0.035222,0.000000,2.000000,1.000000,0.000000,0.000000
2.360000,0.645161,-0.099889,0.380964,0.924856,-0.378359,-0.015860,-0.035121,0.000000,2.000000,1.000000,-0.000000,0.000000
2.365000,0.645081,-0.100538,0.381005,0.924811,-0.378474,-0.016016,-0.035018,0.000000,2.000000,1.000000,-0.000000,0.000000
2.370000,0.645001,-0.101188,0.381046,0.924766,-0.378586,-0.016170,-0.034915,0.000000,2.000000,1.000000,0.000000,0.000000
2.375000,0.644921,-0.101838,0.381086,0.924722,-0.378695,-0.016322,-0.034810,0.000000,2.000000,1.000000,-0.000000,0.000000
2.380000,0.644842,-0.102472,0.381134,0.924682,-0.378797,-0.016461,-0.034707,0.000000,2.000000,1.000000,-0.000000,0.000000
2.385000,0.644764,-0.103105,0.381181,0.924643,-0.378896,-0.016598,-0.034604,0.000000,2.000000,1.000000,-0.000000,0.000000
2.390000,0.644685,-0.103739,0.381228,0.924605,-0.378992,-0.016732,-0.034500,0.000000,2.000000,1.000000,0.000000,0.000000
2.395000,0.644607,-0.104372,0.381275,0.924568,-0.379086,-0.016863,-0.034395,0.000000,2.000000,1.000000,-0.000000,0.000000
2.400000,0.644528,-0.105006,0.381322,0.924532,-0.379178,-0.016992,-0.034290,0.000000,2.000000,1.000000,-0.000000,0.000000
2.405000,0.644450,-0.105640,0.381370,0.924497,-0.379268,-0.017118,-0.034184,0.000000,2.000000,1.000000,-0.000000,0.000000
2.410000,0.644371,-0.106273,0.381417,0.924463,-0.379355,-0.017242,-0.034078,0.000000,2.000000,1.000000,-0.000000,0.000000
2.415000,0.644300,-0.106883,0.381480,0.924434,-0.379429,-0.017342,-0.033977,0.000000,2.000000,1.000000,0.000000,0.000000
2.420000,0.644229,-0.107493,0.381543,0.924406,-0.379502,-0.017441,-0.033876,0.000000,2.000000,1.000000,0.000000,0.000000
2.425000,0.644158,-0.108103,0.381607,0.924379,-0.379572,-0.017536,-0.033774,0.000000,2.000000,1.000000,-0.000000,0.000000
2.430000,0.644087,-0.108713,0.381670,0.924353,-0.379640,-0.017629,-0.033673,0.000000,2.000000,1.000000,-0.000000,0.000000
2.435000,0.644015,-0.109323,0.381733,0.924328,-0.379706,-0.017719,-0.033571,0.000000,2.000000,1.000000,-0.000000,0.000000
2.440000,0.643944,-0.109933,0.381796,0.924304,-0.379771,-0.017806,-0.033470,0.000000,2.000000,1.000000,-0.000000,0.000000
2.445000,0.643883,-0.110526,0.381884,0.924285,-0.379822,-0.017864,-0.033370,0.000000,2.000000,1.000000,0.000000,0.000000
2.450000,0.643823,-0.111119,0.381971,0.924267,-0.379871,-0.017918,-0.033271,0.000000,2.000000,1.000000,-0.000000,0.000000
2.455000,0.643762,-0.111712,0.382058,0.924250,-0.379919,-0.017970,-0.033172,0.000000,2.000000,1.000000,-0.000000,0.000000
2.460000,0.643701,-0.112306,0.382146,0.924233,-0.379966,-0.018020,-0.033073,0.000000,2.000000,1.000000,-0.000000,0.000000
2.465000,0.643641,-0.112899,0.382233,0.924218,-0.380011,-0.018067,-0.032975,0.000000,2.000000,1.000000,0.000000,0.000000
2.470000,0.643580,-0.113492,0.382320,0.924202,-0.380054,-0.018113,-0.032877,0.000000,2.000000,1.000000,-0.000000,0.000000
2.475000,0.643519,-0.114085,0.382408,0.924187,-0.380097,-0.018156,-0.032779,0.000000,2.000000,1.000000,-0.000000,0.000000
2.480000,0.643467,-0.114680,0.382520,0.924177,-0.380129,-0.018174,-0.032685,0.000000,2.000000,1.000000,-0.000000,0.000000
2.485000,0.643414,-0.115274,0.382632,0.924167,-0.380160,-0.018189,-0.032591,0.000000,2.000000,1.000000,-0.000000,0.000000
2.490000,0.643362,-0.115869,0.382744,0.924158,-0.380190,-0.018203,-0.032498,0.000000,2.000000,1.000000,-0.000000,0.000000
2.495000,0.643310,-0.116464,0.382856,0.924149,-0.380219,-0.018215,-0.032406,0.000000,2.000000,1.000000,0.000000,0.000000
2.500000,0.643257,-0.117058,0.382968,0.924141,-0.380246,-0.018225,-0.032315,0.000000,2.000000,1.000000,-0.000000,0.000000
2.505000,0.643205,-0.117653,0.383080,0.924133,-0.380273,-0.018234,-0.032225,0.000000,2.000000,1.000000,0.000000,0.000000
2.510000,0.643153,-0.118247,0.383192,0.924125,-0.380298,-0.018241,-0.032137,0.000000,2.000000,1.000000,-0.000000,0.000000
2.515000,0.643104,-0.118844,0.383318,0.924121,-0.380317,-0.018233,-0.032053,0.000000,2.000000,1.000000,-0.000000,0.000000
2.520000,0.643055,-0.119440,0.383445,0.924116,-0.380335,-0.018224,-0.031971,0.000000,2.000000,1.000000,0.000000,0.000000
2.525000,0.643007,-0.120036,0.383572,0.924112,-0.380352,-0.018213,-0.031891,0.000000,2.000000,1.000000,0.000000,0.000000
2.530000,0.642958,-0.120633,0.383698,0.924109,-0.380368,-0.018201,-0.031812,0.000000,2.000000,1.000000,-0.000000,0.000000
2.535000,0.642910,-0.121229,0.383825,0.924106,-0.380383,-0.018189,-0.031734,0.000000,2.000000,1.000000,0.000000,0.000000
2.540000,0.642861,-0.121825,0.383952,0.924103,-0.380397,-0.018175,-0.031659,0.000000,2.000000,1.000000,-0.000000,0.000000
2.545000,0.642812,-0.122422,0.384078,0.924100,-0.380410,-0.018161,-0.031585,0.000000,2.000000,1.000000,-0.000000,0.000000
2.550000,0.642760,-0.122999,0.384200,0.924098,-0.380422,-0.018146,-0.031511,0.000000,2.000000,1.000000,-0.000000,0.000000
2.555000,0.642707,-0.123576,0.384322,0.924096,-0.380434,-0.018131,-0.031439,0.000000,2.000000,1.000000,0.000000,0.000000
2.560000,0.642655,-0.124153,0.384444,0.924094,-0.380445,-0.018114,-0.031368,0.000000,2.000000,1.000000,-0.000000,0.000000
2.565000,0.642602,-0.124731,0.384566,0.924092,-0.380455,-0.018097,-0.031298,0.000000,2.000000,1.000000,0.000000,0.000000
2.570000,0.642550,-0.125308,0.384688,0.924091,-0.380464,-0.018079,-0.031231,0.000000,2.000000,1.000000,0.000000,0.000000
2.575000,0.642497,-0.125885,0.384810,0.924090,-0.380473,-0.018061,-0.031164,0.000000,2.000000,1.000000,0.000000,0.000000
2.580000,0.642445,-0.126462,0.384932,0.924089,-0.380481,-0.018041,-0.031099,0.000000,2.000000,1.000000,-0.000000,0.000000
2.585000,0.642381,-0.127020,0.385033,0.924086,-0.380494,-0.018041,-0.031034,0.000000,2.000000,1.000000,-0.000000,0.000000
2.590000,0.642317,-0.127578,0.385134,0.924084,-0.380506,-0.018040,-0.030970,0.000000,2.000000,1.000000,0.000000,0.000000
2.595000,0.642253,-0.128136,0.385234,0.924081,-0.380518,-0.018038,-0.030908,0.000000,2.000000,1.000000,-0.000000,0.000000
2.600000,0.642189,-0.128694,0.385335,0.924078,-0.380529,-0.018035,-0.030846,0.000000,2.000000,1.000000,0.000000,0.000000
2.605000,0.642125,-0.129252,0.385436,0.924076,-0.380539,-0.018031,-0.030786,0.000000,2.000000,1.000000,-0.000000,0.000000
2.610000,0.642061,-0.129810,0.385536,0.924074,-0.380549,-0.018027,-0.030726,0.000000,2.000000,1.000000,-0.000000,0.000000
2.615000,0.641985,-0.130357,0.385613,0.924070,-0.380565,-0.018044,-0.030667,0.000000,2.000000,1.000000,-0.000000,0.000000
2.620000,0.641909,-0.130905,0.385689,0.924065,-0.380579,-0.018061,-0.030609,0.000000,2.000000,1.000000,0.000000,0.000000
2.625000,0.641833,-0.131453,0.385766,0.924061,-0.380593,-0.018077,-0.030552,0.000000,2.000000,1.000000,0.000000,0.000000
2.630000,0.641757,-0.132001,0.385842,0.924057,-0.380607,-0.018091,-0.030495,0.000000,2.000000,1.000000,-0.000000,0.000000
2.635000,0.641682,-0.132548,0.385919,0.924053,-0.380620,-0.018104,-0.030439,0.000000,2.000000,1.000000,0.000000,0.000000
2.640000,0.641606,-0.133096,0.385996,0.924050,-0.380632,-0.018117,-0.030384,0.000000,2.000000,1.000000,-0.000000,0.000000
2.645000,0.641530,-0.133644,0.386072,0.924046,-0.380644,-0.018128,-0.030330,0.000000,2.000000,1.000000,-0.000000,0.000000
2.650000,0.641443,-0.134180,0.386127,0.924041,-0.380661,-0.018156,-0.030270,0.000000,2.000000,1.000000,0.000000,0.000000
2.655000,0.641356,-0.134717,0.386183,0.924035,-0.380677,-0.018183,-0.030212,0.000000,2.000000,1.000000,-0.000000,0.000000
2.660000,0.641269,-0.135254,0.386238,0.924030,-0.380693,-0.018210,-0.030153,0.000000,2.000000,1.000000,-0.000000,0.000000
2.665000,0.641181,-0.135791,0.386293,0.924025,-0.380708,-0.018235,-0.030096,0.000000,2.000000,1.000000,0.000000,0.000000
2.670000,0.641094,-0.136328,0.386349,0.924021,-0.380723,-0.018258,-0.030038,0.000000,2.000000,1.000000,0.000000,0.000000
2.675000,0.641007,-0.136864,0.386404,0.924016,-0.380737,-0.018281,-0.029981,0.000000,2.000000,1.000000,0.000000,0.000000
2.680000,0.640920,-0.137401,0.386459,0.924012,-0.380751,-0.018302,-0.029924,0.000000,2.000000,1.000000,-0.000000,0.000000
2.685000,0.640825,-0.137918,0.386496,0.924006,-0.380768,-0.018337,-0.029864,0.000000,2.000000,1.000000,-0.000000,0.000000
2.690000,0.640730,-0.138434,0.386532,0.924001,-0.380784,-0.018371,-0.029804,0.000000,2.000000,1.000000,-0.000000,0.000000
2.695000,0.640635,-0.138951,0.386569,0.923995,-0.380801,-0.018403,-0.029743,0.000000,2.000000,1.000000,0.000000,0.000000
2.700000,0.640540,-0.139468,0.386606,0.923990,-0.380817,-0.018435,-0.029683,0.000000,2.000000,1.000000,0.000000,0.000000
2.705000,0.640445,-0.139984,0.386642,0.923985,-0.380832,-0.018465,-0.029623,0.000000,2.000000,1.000000,-0.000000,0.000000
2.710000,0.640350,-0.140501,0.386679,0.923980,-0.380847,-0.018494,-0.029562,0.000000,2.000000,1.000000,-0.000000,0.000000
2.715000,0.640255,-0.141017,0.386715,0.923975,-0.380862,-0.018521,-0.029502,0.000000,2.000000,1.000000,-0.000000,0.000000
2.720000,0.640157,-0.141512,0.386741,0.923970,-0.380879,-0.018556,-0.029440,0.000000,2.000000,1.000000,0.000000,0.000000
2.725000,0.640059,-0.142007,0.386766,0.923965,-0.380895,-0.018589,-0.029379,0.000000,2.000000,1.000000,0.000000,0.000000
2.730000,0.639961,-0.142502,0.386792,0.923959,-0.380910,-0.018620,-0.029316,0.000000,2.000000,1.000000,-0.000000,0.000000
2.735000,0.639863,-0.142997,0.386817,0.923954,-0.380926,-0.018651,-0.029254,0.000000,2.000000,1.000000,-0.000000,0.000000
2.740000,0.639765,-0.143492,0.386843,0.923949,-0.380941,-0.018681,-0.029191,0.000000,2.000000,1.000000,-0.000000,0.000000
2.745000,0.639667,-0.143987,0.386868,0.923945,-0.380956,-0.018709,-0.029128,0.000000,2.000000,1.000000,-0.000000,0.000000
2.750000,0.639569,-0.144482,0.386894,0.923940,-0.380971,-0.018736,-0.029065,0.000000,2.000000,1.000000,0.000000,0.000000
2.755000,0.639469,-0.144960,0.386914,0.923935,-0.380987,-0.018767,-0.029001,0.000000,2.000000,1.000000,0.000000,0.000000
2.760000,0.639370,-0.145438,0.386934,0.923930,-0.381002,-0.018796,-0.028938,0.000000,2.000000,1.000000,0.000000,0.000000
2.765000,0.639270,-0.145916,0.386954,0.923925,-0.381017,-0.018824,-0.028874,0.000000,2.000000,1.000000,0.000000,0.000000
2.770000,0.639170,-0.146393,0.386974,0.923920,-0.381032,-0.018851,-0.028810,0.000000,2.000000,1.000000,-0.000000,0.000000
2.775000,0.639071,-0.146871,0.386994,0.923916,-0.381047,-0.018878,-0.028745,0.000000,2.000000,1.000000,-0.000000,0.000000
2.780000,0.638971,-0.147349,0.387014,0.923911,-0.381062,-0.018904,-0.028680,0.000000,2.000000,1.000000,0.000000,0.000000
2.785000,0.638871,-0.147815,0.387033,0.923906,-0.381077,-0.018929,-0.028618,0.000000,2.000000,1.000000,0.000000,0.000000
2.790000,0.638772,-0.148282,0.387053,0.923902,-0.381091,-0.018953,-0.028556,0.000000,2.000000,1.000000,0.000000,0.000000
2.795000,0.638672,-0.148749,0.387072,0.923898,-0.381105,-0.018977,-0.028494,0.000000,2.000000,1.000000,0.000000,0.000000
2.800000,0.638573,-0.149215,0.387092,0.923893,-0.381120,-0.019000,-0.028431,0.000000,2.000000,1.000000,0.000000,0.000000
2.805000,0.638473,-0.149682,0.387112,0.923889,-0.381134,-0.019022,-0.028368,0.000000,2.000000,1.000000,0.000000,0.000000
2.810000,0.638373,-0.150148,0.387131,0.923884,-0.381148,-0.019044,-0.028304,0.000000,2.000000,1.000000,0.000000,0.000000
2.815000,0.638274,-0.150615,0.387151,0.923880,-0.381163,-0.019065,-0.028241,0.000000,2.000000,1.000000,-0.000000,0.000000
2.820000,0.638173,-0.151077,0.387172,0.923876,-0.381176,-0.019086,-0.028180,0.000000,2.000000,1.000000,0.000000,0.000000
2.825000,0.638073,-0.151540,0.387193,0.923872,-0.381190,-0.019106,-0.028120,0.000000,2.000000,1.000000,-0.000000,0.000000
2.830000,0.637972,-0.152002,0.387214,0.923867,-0.381203,-0.019125,-0.028060,0.000000,2.000000,1.000000,0.000000,0.000000
2.835000,0.637871,-0.152465,0.387235,0.923863,-0.381217,-0.019145,-0.027999,0.000000,2.000000,1.000000,-0.000000,0.000000
2.840000,0.637771,-0.152927,0.387256,0.923859,-0.381230,-0.019164,-0.027938,0.000000,2.000000,1.000000,0.000000,0.000000
2.845000,0.637670,-0.153390,0.387277,0.923855,-0.381244,-0.019183,-0.027877,0.000000,2.000000,1.000000,0.000000,0.000000
2.850000,0.637570,-0.153852,0.387298,0.923851,-0.381258,-0.019202,-0.027816,0.000000,2.000000,1.000000,-0.000000,0.000000
2.855000,0.637469,-0.154306,0.387320,0.923847,-0.381271,-0.019218,-0.027753,0.000000,2.000000,1.000000,-0.000000,0.000000
2.860000,0.637369,-0.154759,0.387342,0.923843,-0.381285,-0.019234,-0.027690,0.000000,2.000000,1.000000,-0.000000,0.000000
2.865000,0.637269,-0.155213,0.387365,0.923839,-0.381298,-0.019249,-0.027626,0.000000,2.000000,1.000000,0.000000,0.000000
2.870000,0.637169,-0.155667,0.387387,0.923835,-0.381312,-0.019265,-0.027563,0.000000,2.000000,1.000000,-0.000000,0.000000
2.875000,0.637069,-0.156120,0.387409,0.923831,-0.381325,-0.019281,-0.027500,0.000000,2.000000,1.000000,0.000000,0.000000
2.880000,0.636969,-0.156574,0.387432,0.923827,-0.381339,-0.019298,-0.027437,0.000000,2.000000,1.000000,-0.000000,0.000000
2.885000,0.636869,-0.157028,0.387454,0.923822,-0.381352,-0.019314,-0.027374,0.000000,2.000000,1.000000,-0.000000,0.000000
2.890000,0.636773,-0.157464,0.387480,0.923819,-0.381365,-0.019324,-0.027308,0.000000,2.000000,1.000000,0.000000,0.000000
2.895000,0.636677,-0.157900,0.387506,0.923815,-0.381379,-0.019334,-0.027243,0.000000,2.000000,1.000000,-0.000000,0.000000
2.900000,0.636581,-0.158336,0.387532,0.923811,-0.381392,-0.019344,-0.027177,0.000000,2.000000,1.000000,0.000000,0.000000
2.905000,0.636486,-0.158772,0.387558,0.923808,-0.381405,-0.019355,-0.027112,0.000000,2.000000,1.000000,0.000000,0.000000
2.910000,0.636390,-0.159208,0.387584,0.923804,-0.381418,-0.019366,-0.027047,0.000000,2.000000,1.000000,-0.000000,0.000000
2.915000,0.636294,-0.159644,0.387610,0.923800,-0.381431,-0.019378,-0.026982,0.000000,2.000000,1.000000,-0.000000,0.000000
2.920000,0.636198,-0.160080,0.387636,0.923796,-0.381445,-0.019390,-0.026917,0.000000,2.000000,1.000000,0.000000,0.000000
2.925000,0.636108,-0.160504,0.387671,0.923793,-0.381457,-0.019391,-0.026850,0.000000,2.000000,1.000000,0.000000,0.000000
2.930000,0.636018,-0.160927,0.387706,0.923790,-0.381469,-0.019393,-0.026784,0.000000,2.000000,1.000000,0.000000,0.000000
2.935000,0.635928,-0.161350,0.387741,0.923787,-0.381481,-0.019395,-0.026717,0.000000,2.000000,1.000000,0.000000,0.000000
2.940000,0.635838,-0.161773,0.387776,0.923784,-0.381493,-0.019398,-0.026651,0.000000,2.000000,1.000000,-0.000000,0.000000
2.945000,0.635748,-0.162196,0.387811,0.923781,-0.381505,-0.019402,-0.026585,0.000000,2.000000,1.000000,-0.000000,0.000000
2.950000,0.635658,-0.162619,0.387846,0.923777,-0.381518,-0.019407,-0.026519,0.000000,2.000000,1.000000,0.000000,0.000000
2.955000,0.635574,-0.163034,0.387896,0.923775,-0.381528,-0.019395,-0.026450,0.000000,2.000000,1.000000,0.000000,0.000000
2.960000,0.635490,-0.163449,0.387945,0.923773,-0.381538,-0.019384,-0.026380,0.000000,2.000000,1.000000,0.000000,0.000000
2.965000,0.635406,-0.163865,0.387994,0.923771,-0.381549,-0.019374,-0.026311,0.000000,2.000000,1.000000,0.000000,0.000000
2.970000,0.635322,-0.164280,0.388043,0.923769,-0.381559,-0.019365,-0.026242,0.000000,2.000000,1.000000,0.000000,0.000000
2.975000,0.635238,-0.164696,0.388092,0.923767,-0.381570,-0.019357,-0.026173,0.000000,2.000000,1.000000,-0.000000,0.000000
2.980000,0.635155,-0.165111,0.388142,0.923764,-0.381580,-0.019350,-0.026104,0.000000,2.000000,1.000000,0.000000,0.000000
2.985000,0.635071,-0.165527,0.388191,0.923762,-0.381591,-0.019344,-0.026036,0.000000,2.000000,1.000000,-0.000000,0.000000
2.990000,0.634993,-0.165940,0.388253,0.923761,-0.381599,-0.019324,-0.025965,0.000000,2.000000,1.000000,-0.000000,0.000000
2.995000,0.634914,-0.166353,0.388315,0.923760,-0.381608,-0.019305,-0.025894,0.000000,2.000000,1.000000,0.000000,0.000000
3.000000,0.634836,-0.166766,0.388377,0.923759,-0.381616,-0.019287,-0.025823,0.000000,2.000000,1.000000,0.000000,0.000000
3.005000,0.634758,-0.167179,0.388439,0.923758,-0.381624,-0.019270,-0.025753,0.000000,2.000000,1.000000,-0.000000,0.000000
3.010000,0.634680,-0.167592,0.388501,0.923756,-0.381633,-0.019255,-0.025684,0.000000,2.000000,1.000000,0.000000,0.000000
3.015000,0.634602,-0.168006,0.388563,0.923755,-0.381641,-0.019241,-0.025614,0.000000,2.000000,1.000000,0.000000,0.000000
3.020000,0.634524,-0.168419,0.388626,0.923754,-0.381650,-0.019229,-0.025546,0.000000,2.000000,1.000000,0.000000,0.000000
3.025000,0.634450,-0.168836,0.388700,0.923754,-0.381656,-0.019204,-0.025472,0.000000,2.000000,1.000000,0.000000,0.000000
3.030000,0.634377,-0.169254,0.388774,0.923754,-0.381662,-0.019179,-0.025398,0.000000,2.000000,1.000000,-0.000000,0.000000
3.035000,0.634304,-0.169671,0.388848,0.923754,-0.381669,-0.019157,-0.025325,0.000000,2.000000,1.000000,-0.000000,0.000000
3.040000,0.634231,-0.170088,0.388923,0.923753,-0.381675,-0.019136,-0.025252,0.000000,2.000000,1.000000,-0.000000,0.000000
3.045000,0.634157,-0.170506,0.388997,0.923753,-0.381681,-0.019116,-0.025181,0.000000,2.000000,1.000000,0.000000,0.000000
3.050000,0.634084,-0.170923,0.389071,0.923753,-0.381687,-0.019099,-0.025110,0.000000,2.000000,1.000000,0.000000,0.000000
3.055000,0.634011,-0.171340,0.389145,0.923753,-0.381693,-0.019083,-0.025040,0.000000,2.000000,1.000000,0.000000,0.000000
3.060000,0.633941,-0.171759,0.389230,0.923754,-0.381698,-0.019054,-0.024960,0.000000,2.000000,1.000000,0.000000,0.000000
3.065000,0.633871,-0.172177,0.389315,0.923755,-0.381702,-0.019027,-0.024880,0.000000,2.000000,1.000000,-0.000000,0.000000
3.070000,0.633802,-0.172595,0.389400,0.923756,-0.381706,-0.019001,-0.024801,0.000000,2.000000,1.000000,-0.000000,0.000000
3.075000,0.633732,-0.173014,0.389485,0.923756,-0.381710,-0.018975,-0.024722,0.000000,2.000000,1.000000,0.000000,0.000000
3.080000,0.633662,-0.173432,0.389570,0.923757,-0.381715,-0.018950,-0.024643,0.000000,2.000000,1.000000,-0.000000,0.000000
3.085000,0.633592,-0.173851,0.389655,0.923758,-0.381719,-0.018926,-0.024564,0.000000,2.000000,1.000000,0.000000,0.000000
3.090000,0.633523,-0.174269,0.389740,0.923759,-0.381724,-0.018901,-0.024484,0.000000,2.000000,1.000000,-0.000000,0.000000
3.095000,0.633448,-0.174686,0.389824,0.923759,-0.381730,-0.018875,-0.024393,0.000000,2.000000,1.000000,0.000000,0.000000
3.100000,0.633373,-0.175103,0.389908,0.923759,-0.381737,-0.018849,-0.024301,0.000000,2.000000,1.000000,-0.000000,0.000000
3.105000,0.633299,-0.175520,0.389992,0.923760,-0.381743,-0.018823,-0.024210,0.000000,2.000000,1.000000,-0.000000,0.000000
3.110000,0.633224,-0.175937,0.390076,0.923760,-0.381750,-0.018797,-0.024117,0.000000,2.000000,1.000000,-0.000000,0.000000
3.115000,0.633150,-0.176354,0.390160,0.923760,-0.381757,-0.018771,-0.024025,0.000000,2.000000,1.000000,-0.000000,0.000000
3.120000,0.633075,-0.176770,0.390244,0.923760,-0.381764,-0.018744,-0.023932,0.000000,2.000000,1.000000,-0.000000,0.000000
3.125000,0.632990,-0.177185,0.390312,0.923758,-0.381776,-0.018734,-0.023833,0.000000,2.000000,1.000000,0.000000,0.000000
3.130000,0.632904,-0.177601,0.390380,0.923756,-0.381788,-0.018723,-0.023734,0.000000,2.000000,1.000000,-0.000000,0.000000
3.135000,0.632818,-0.178016,0.390448,0.923753,-0.381800,-0.018712,-0.023634,0.000000,2.000000,1.000000,0.000000,0.000000
3.140000,0.632733,-0.178431,0.390516,0.923751,-0.381813,-0.018702,-0.023534,0.000000,2.000000,1.000000,0.000000,0.000000
3.145000,0.632647,-0.178846,0.390585,0.923748,-0.381825,-0.018691,-0.023434,0.000000,2.000000,1.000000,0.000000,0.000000
3.150000,0.632561,-0.179261,0.390653,0.923746,-0.381838,-0.018680,-0.023334,0.000000,2.000000,1.000000,-0.000000,0.000000
3.155000,0.632476,-0.179676,0.390721,0.923743,-0.381851,-0.018669,-0.023234,0.000000,2.000000,1.000000,-0.000000,0.000000
3.160000,0.632378,-0.180086,0.390764,0.923738,-0.381870,-0.018684,-0.023136,0.000000,2.000000,1.000000,-0.000000,0.000000
3.165000,0.632280,-0.180497,0.390808,0.923732,-0.381889,-0.018700,-0.023037,0.000000,2.000000,1.000000,0.000000,0.000000
3.170000,0.632183,-0.180907,0.390851,0.923726,-0.381908,-0.018715,-0.022939,0.000000,2.000000,1.000000,-0.000000,0.000000
3.175000,0.632085,-0.181317,0.390895,0.923720,-0.381928,-0.018730,-0.022841,0.000000,2.000000,1.000000,-0.000000,0.000000
3.180000,0.631987,-0.181728,0.390938,0.923714,-0.381947,-0.018746,-0.022742,0.000000,2.000000,1.000000,-0.000000,0.000000
3.185000,0.631890,-0.182138,0.390982,0.923708,-0.381967,-0.018762,-0.022644,0.000000,2.000000,1.000000,0.000000,0.000000
3.190000,0.631792,-0.182549,0.391025,0.923702,-0.381986,-0.018778,-0.022545,0.000000,2.000000,1.000000,-0.000000,0.000000
3.195000,0.631681,-0.182956,0.391041,0.923693,-0.382012,-0.018825,-0.022459,0.000000,2.000000,1.000000,0.000000,0.000000
3.200000,0.631570,-0.183363,0.391058,0.923683,-0.382038,-0.018872,-0.022373,0.000000,2.000000,1.000000,0.000000,0.000000
3.205000,0.631459,-0.183770,0.391074,0.923673,-0.382064,-0.018920,-0.022288,0.000000,2.000000,1.000000,-0.000000,0.000000
3.210000,0.631348,-0.184178,0.391090,0.923664,-0.382090,-0.018968,-0.022202,0.000000,2.000000,1.000000,0.000000,0.000000
3.215000,0.631237,-0.184585,0.391107,0.923654,-0.382116,-0.019017,-0.022117,0.000000,2.000000,1.000000,0.000000,0.000000
3.220000,0.631126,-0.184992,0.391123,0.923644,-0.382142,-0.019066,-0.022032,0.000000,2.000000,1.000000,0.000000,0.000000
3.225000,0.631015,-0.185399,0.391139,0.923634,-0.382168,-0.019115,-0.021948,0.000000,2.000000,1.000000,-0.000000,0.000000
3.230000,0.630896,-0.185803,0.391138,0.923622,-0.382198,-0.019185,-0.021876,0.000000,2.000000,1.000000,-0.000000,0.000000
3.235000,0.630778,-0.186206,0.391137,0.923610,-0.382228,-0.019255,-0.021805,0.000000,2.000000,1.000000,-0.000000,0.000000
3.240000,0.630659,-0.186610,0.391136,0.923598,-0.382258,-0.019326,-0.021735,0.000000,2.000000,1.000000,-0.000000,0.000000
3.245000,0.630540,-0.187013,0.391135,0.923586,-0.382288,-0.019398,-0.021665,0.000000,2.000000,1.000000,-0.000000,0.000000
3.250000,0.630422,-0.187416,0.391134,0.923573,-0.382318,-0.019469,-0.021596,0.000000,2.000000,1.000000,-0.000000,0.000000
3.255000,0.630303,-0.187820,0.391133,0.923561,-0.382348,-0.019542,-0.021527,0.000000,2.000000,1.000000,0.000000,0.000000
3.260000,0.630185,-0.188223,0.391132,0.923549,-0.382378,-0.019614,-0.021458,0.000000,2.000000,1.000000,-0.000000,0.000000
3.265000,0.630067,-0.188615,0.391129,0.923536,-0.382407,-0.019689,-0.021397,0.000000,2.000000,1.000000,0.000000,0.000000
3.270000,0.629949,-0.189007,0.391126,0.923524,-0.382437,-0.019764,-0.021337,0.000000,2.000000,1.000000,0.000000,0.000000
3.275000,0.629831,-0.189399,0.391123,0.923511,-0.382466,-0.019840,-0.021277,0.000000,2.000000,1.000000,0.000000,0.000000
3.280000,0.629713,-0.189791,0.391120,0.923499,-0.382496,-0.019916,-0.021218,0.000000,2.000000,1.000000,-0.000000,0.000000
3.285000,0.629595,-0.190183,0.391117,0.923486,-0.382526,-0.019992,-0.021159,0.000000,2.000000,1.000000,0.000000,0.000000
3.290000,0.629477,-0.190575,0.391114,0.923473,-0.382556,-0.020069,-0.021101,0.000000,2.000000,1.000000,-0.000000,0.000000
3.295000,0.629362,-0.190953,0.391115,0.923461,-0.382584,-0.020141,-0.021046,0.000000,2.000000,1.000000,-0.000000,0.000000
3.300000,0.629246,-0.191332,0.391115,0.923449,-0.382612,-0.020213,-0.020991,0.000000,2.000000,1.000000,-0.000000,0.000000
3.305000,0.629131,-0.191710,0.391116,0.923437,-0.382641,-0.020286,-0.020937,0.000000,2.000000,1.000000,0.000000,0.000000
3.310000,0.629015,-0.192088,0.391117,0.923425,-0.382669,-0.020359,-0.020883,0.000000,2.000000,1.000000,0.000000,0.000000
3.315000,0.628900,-0.192467,0.391118,0.923413,-0.382698,-0.020433,-0.020830,0.000000,2.000000,1.000000,0.000000,0.000000
3.320000,0.628784,-0.192845,0.391119,0.923400,-0.382727,-0.020507,-0.020777,0.000000,2.000000,1.000000,-0.000000,0.000000
3.325000,0.628669,-0.193223,0.391120,0.923388,-0.382755,-0.020581,-0.020724,0.000000,2.000000,1.000000,0.000000,0.000000
3.330000,0.628553,-0.193598,0.391122,0.923376,-0.382784,-0.020655,-0.020675,0.000000,2.000000,1.000000,0.000000,0.000000
3.335000,0.628437,-0.193972,0.391123,0.923363,-0.382813,-0.020730,-0.020626,0.000000,2.000000,1.000000,0.000000,0.000000
3.340000,0.628321,-0.194346,0.391124,0.923350,-0.382841,-0.020805,-0.020578,0.000000,2.000000,1.000000,0.000000,0.000000
3.345000,0.628205,-0.194720,0.391126,0.923338,-0.382870,-0.020881,-0.020530,0.000000,2.000000,1.000000,0.000000,0.000000
3.350000,0.628090,-0.195094,0.391127,0.923325,-0.382899,-0.020957,-0.020482,0.000000,2.000000,1.000000,0.000000,0.000000
3.355000,0.627974,-0.195468,0.391129,0.923312,-0.382929,-0.021033,-0.020435,0.000000,2.000000,1.000000,-0.000000,0.000000
3.360000,0.627858,-0.195842,0.391130,0.923299,-0.382958,-0.021110,-0.020388,0.000000,2.000000,1.000000,0.000000,0.000000
3.365000,0.627740,-0.196218,0.391130,0.923286,-0.382988,-0.021192,-0.020352,0.000000,2.000000,1.000000,0.000000,0.000000
3.370000,0.627622,-0.196593,0.391130,0.923273,-0.383017,-0.021273,-0.020317,0.000000,2.000000,1.000000,-0.000000,0.000000
3.375000,0.627505,-0.196968,0.391131,0.923259,-0.383047,-0.021355,-0.020282,0.000000,2.000000,1.000000,-0.000000,0.000000
3.380000,0.627387,-0.197344,0.391131,0.923245,-0.383077,-0.021438,-0.020248,0.000000,2.000000,1.000000,-0.000000,0.000000
3.385000,0.627269,-0.197719,0.391131,0.923232,-0.383108,-0.021521,-0.020214,0.000000,2.000000,1.000000,-0.000000,0.000000
3.390000,0.627151,-0.198095,0.391131,0.923218,-0.383138,-0.021604,-0.020181,0.000000,2.000000,1.000000,0.000000,0.000000
3.395000,0.627034,-0.198470,0.391132,0.923204,-0.383169,-0.021688,-0.020148,0.000000,2.000000,1.000000,0.000000,0.000000
3.400000,0.626913,-0.198850,0.391133,0.923190,-0.383200,-0.021775,-0.020122,0.000000,2.000000,1.000000,0.000000,0.000000
3.405000,0.626792,-0.199231,0.391135,0.923175,-0.383231,-0.021862,-0.020097,0.000000,2.000000,1.000000,0.000000,0.000000
3.410000,0.626671,-0.199611,0.391137,0.923161,-0.383262,-0.021950,-0.020073,0.000000,2.000000,1.000000,-0.000000,0.000000
3.415000,0.626550,-0.199991,0.391139,0.923146,-0.383293,-0.022038,-0.020049,0.000000,2.000000,1.000000,0.000000,0.000000
3.420000,0.626429,-0.200371,0.391140,0.923131,-0.383325,-0.022126,-0.020026,0.000000,2.000000,1.000000,0.000000,0.000000
3.425000,0.626309,-0.200751,0.391142,0.923116,-0.383357,-0.022215,-0.020004,0.000000,2.000000,1.000000,0.000000,0.000000
3.430000,0.626188,-0.201132,0.391144,0.923101,-0.383389,-0.022304,-0.019982,0.000000,2.000000,1.000000,-0.000000,0.000000
3.435000,0.626061,-0.201523,0.391146,0.923086,-0.383422,-0.022397,-0.019959,0.000000,2.000000,1.000000,0.000000,0.000000
3.440000,0.625935,-0.201915,0.391148,0.923070,-0.383456,-0.022490,-0.019937,0.000000,2.000000,1.000000,-0.000000,0.000000
3.445000,0.625808,-0.202306,0.391149,0.923054,-0.383490,-0.022583,-0.019915,0.000000,2.000000,1.000000,-0.000000,0.000000
3.450000,0.625682,-0.202698,0.391151,0.923038,-0.383524,-0.022677,-0.019895,0.000000,2.000000,1.000000,-0.000000,0.000000
3.455000,0.625556,-0.203089,0.391153,0.923022,-0.383558,-0.022772,-0.019874,0.000000,2.000000,1.000000,-0.000000,0.000000
3.460000,0.625429,-0.203480,0.391155,0.923006,-0.383592,-0.022867,-0.019855,0.000000,2.000000,1.000000,0.000000,0.000000
3.465000,0.625300,-0.203873,0.391155,0.922989,-0.383627,-0.022962,-0.019835,0.000000,2.000000,1.000000,0.000000,0.000000
3.470000,0.625172,-0.204265,0.391156,0.922973,-0.383662,-0.023058,-0.019815,0.000000,2.000000,1.000000,0.000000,0.000000
3.475000,0.625043,-0.204658,0.391156,0.922956,-0.383697,-0.023155,-0.019796,0.000000,2.000000,1.000000,0.000000,0.000000
3.480000,0.624914,-0.205050,0.391157,0.922939,-0.383733,-0.023251,-0.019778,0.000000,2.000000,1.000000,-0.000000,0.000000
3.485000,0.624785,-0.205442,0.391157,0.922923,-0.383769,-0.023349,-0.019760,0.000000,2.000000,1.000000,-0.000000,0.000000
3.490000,0.624657,-0.205835,0.391158,0.922906,-0.383805,-0.023446,-0.019743,0.000000,2.000000,1.000000,0.000000,0.000000
3.495000,0.624528,-0.206227,0.391158,0.922888,-0.383841,-0.023544,-0.019726,0.000000,2.000000,1.000000,0.000000,0.000000
3.500000,0.624403,-0.206601,0.391157,0.922872,-0.383876,-0.023639,-0.019710,0.000000,2.000000,1.000000,0.000000,0.000000
3.505000,0.624279,-0.206975,0.391156,0.922855,-0.383911,-0.023734,-0.019695,0.000000,2.000000,1.000000,-0.000000,0.000000
3.510000,0.624154,-0.207349,0.391155,0.922838,-0.383947,-0.023830,-0.019681,0.000000,2.000000,1.000000,0.000000,0.000000
3.515000,0.624030,-0.207723,0.391154,0.922821,-0.383982,-0.023926,-0.019666,0.000000,2.000000,1.000000,-0.000000,0.000000
3.520000,0.623905,-0.208098,0.391153,0.922804,-0.384018,-0.024022,-0.019652,0.000000,2.000000,1.000000,0.000000,0.000000
3.525000,0.623781,-0.208472,0.391151,0.922786,-0.384054,-0.024119,-0.019637,0.000000,2.000000,1.000000,-0.000000,0.000000
3.530000,0.623656,-0.208846,0.391150,0.922769,-0.384091,-0.024216,-0.019623,0.000000,2.000000,1.000000,0.000000,0.000000
3.535000,0.623537,-0.209201,0.391149,0.922752,-0.384126,-0.024310,-0.019613,0.000000,2.000000,1.000000,-0.000000,0.000000
3.540000,0.623417,-0.209556,0.391148,0.922735,-0.384162,-0.024404,-0.019602,0.000000,2.000000,1.000000,-0.000000,0.000000
3.545000,0.623298,-0.209911,0.391147,0.922718,-0.384198,-0.024499,-0.019591,0.000000,2.000000,1.000000,-0.000000,0.000000
3.550000,0.623178,-0.210265,0.391146,0.922700,-0.384234,-0.024593,-0.019581,0.000000,2.000000,1.000000,-0.000000,0.000000
3.555000,0.623059,-0.210620,0.391144,0.922683,-0.384270,-0.024689,-0.019570,0.000000,2.000000,1.000000,0.000000,0.000000
3.560000,0.622939,-0.210975,0.391143,0.922665,-0.384307,-0.024784,-0.019559,0.000000,2.000000,1.000000,-0.000000,0.000000
3.565000,0.622819,-0.211330,0.391142,0.922648,-0.384344,-0.024880,-0.019548,0.000000,2.000000,1.000000,0.000000,0.000000
3.570000,0.622703,-0.211671,0.391142,0.922630,-0.384380,-0.024973,-0.019539,0.000000,2.000000,1.000000,-0.000000,0.000000
3.575000,0.622587,-0.212012,0.391142,0.922613,-0.384416,-0.025065,-0.019530,0.000000,2.000000,1.000000,0.000000,0.000000
3.580000,0.622470,-0.212352,0.391142,0.922596,-0.384452,-0.025159,-0.019520,0.000000,2.000000,1.000000,-0.000000,0.000000
3.585000,0.622354,-0.212693,0.391142,0.922578,-0.384489,-0.025252,-0.019511,0.000000,2.000000,1.000000,0.000000,0.000000
3.590000,0.622237,-0.213034,0.391142,0.922560,-0.384525,-0.025346,-0.019501,0.000000,2.000000,1.000000,0.000000,0.000000
3.595000,0.622121,-0.213375,0.391143,0.922542,-0.384563,-0.025440,-0.019492,0.000000,2.000000,1.000000,0.000000,0.000000
3.600000,0.622005,-0.213715,0.391143,0.922524,-0.384600,-0.025534,-0.019482,0.000000,2.000000,1.000000,0.000000,0.000000
3.605000,0.621894,-0.214035,0.391143,0.922507,-0.384635,-0.025623,-0.019472,0.000000,2.000000,1.000000,-0.000000,0.000000
3.610000,0.621784,-0.214354,0.391143,0.922490,-0.384671,-0.025711,-0.019462,0.000000,2.000000,1.000000,0.000000,0.000000
3.615000,0.621673,-0.214673,0.391143,0.922473,-0.384707,-0.025800,-0.019451,0.000000,2.000000,1.000000,-0.000000,0.000000
3.620000,0.621563,-0.214992,0.391144,0.922456,-0.384743,-0.025890,-0.019441,0.000000,2.000000,1.000000,-0.000000,0.000000
3.625000,0.621452,-0.215312,0.391144,0.922438,-0.384780,-0.025979,-0.019430,0.000000,2.000000,1.000000,-0.000000,0.000000
3.630000,0.621342,-0.215631,0.391144,0.922420,-0.384816,-0.026069,-0.019419,0.000000,2.000000,1.000000,0.000000,0.000000
3.635000,0.621242,-0.215917,0.391142,0.922404,-0.384851,-0.026153,-0.019409,0.000000,2.000000,1.000000,0.000000,0.000000
3.640000,0.621141,-0.216203,0.391140,0.922387,-0.384885,-0.026236,-0.019399,0.000000,2.000000,1.000000,-0.000000,0.000000
3.645000,0.621041,-0.216490,0.391137,0.922371,-0.384920,-0.026320,-0.019389,0.000000,2.000000,1.000000,-0.000000,0.000000
3.650000,0.620940,-0.216776,0.391135,0.922354,-0.384955,-0.026404,-0.019378,0.000000,2.000000,1.000000,0.000000,0.000000
3.655000,0.620839,-0.217062,0.391132,0.922337,-0.384991,-0.026488,-0.019367,0.000000,2.000000,1.000000,0.000000,0.000000
3.660000,0.620739,-0.217348,0.391130,0.922320,-0.385027,-0.026573,-0.019355,0.000000,2.000000,1.000000,0.000000,0.000000
3.665000,0.620638,-0.217635,0.391127,0.922303,-0.385063,-0.026658,-0.019343,0.000000,2.000000,1.000000,0.000000,0.000000
3.670000,0.620542,-0.217907,0.391125,0.922286,-0.385097,-0.026739,-0.019332,0.000000,2.000000,1.000000,-0.000000,0.000000
3.675000,0.620445,-0.218179,0.391123,0.922269,-0.385132,-0.026821,-0.019321,0.000000,2.000000,1.000000,-0.000000,0.000000
3.680000,0.620348,-0.218452,0.391120,0.922252,-0.385168,-0.026902,-0.019309,0.000000,2.000000,1.000000,-0.000000,0.000000
3.685000,0.620251,-0.218724,0.391118,0.922235,-0.385203,-0.026984,-0.019296,0.000000,2.000000,1.000000,-0.000000,0.000000
3.690000,0.620155,-0.218996,0.391115,0.922218,-0.385239,-0.027066,-0.019284,0.000000,2.000000,1.000000,-0.000000,0.000000
3.695000,0.620058,-0.219269,0.391113,0.922201,-0.385275,-0.027148,-0.019271,0.000000,2.000000,1.000000,-0.000000,0.000000
3.700000,0.619961,-0.219541,0.391110,0.922184,-0.385310,-0.027230,-0.019258,0.000000,2.000000,1.000000,-0.000000,0.000000
3.705000,0.619868,-0.219801,0.391110,0.922168,-0.385344,-0.027307,-0.019244,0.000000,2.000000,1.000000,0.000000,0.000000
3.710000,0.619775,-0.220062,0.391110,0.922152,-0.385377,-0.027383,-0.019230,0.000000,2.000000,1.000000,0.000000,0.000000
3.715000,0.619682,-0.220322,0.391110,0.922136,-0.385411,-0.027459,-0.019216,0.000000,2.000000,1.000000,0.000000,0.000000
3.720000,0.619589,-0.220582,0.391110,0.922120,-0.385445,-0.027536,-0.019201,0.000000,2.000000,1.000000,-0.000000,0.000000
3.725000,0.619496,-0.220843,0.391110,0.922104,-0.385478,-0.027612,-0.019186,0.000000,2.000000,1.000000,0.000000,0.000000
3.730000,0.619403,-0.221103,0.391110,0.922088,-0.385512,-0.027688,-0.019171,0.000000,2.000000,1.000000,0.000000,0.000000
3.735000,0.619310,-0.221363,0.391110,0.922072,-0.385545,-0.027764,-0.019156,0.000000,2.000000,1.000000,-0.000000,0.000000
3.740000,0.619226,-0.221592,0.391106,0.922057,-0.385576,-0.027835,-0.019142,0.000000,2.000000,1.000000,-0.000000,0.000000
3.745000,0.619142,-0.221821,0.391102,0.922043,-0.385607,-0.027905,-0.019128,0.000000,2.000000,1.000000,0.000000,0.000000
3.750000,0.619057,-0.222051,0.391098,0.922028,-0.385638,-0.027976,-0.019114,0.000000,2.000000,1.000000,-0.000000,0.000000
3.755000,0.618973,-0.222280,0.391094,0.922013,-0.385669,-0.028046,-0.019100,0.000000,2.000000,1.000000,-0.000000,0.000000
3.760000,0.618889,-0.222509,0.391090,0.921998,-0.385699,-0.028116,-0.019085,0.000000,2.000000,1.000000,0.000000,0.000000
3.765000,0.618805,-0.222738,0.391086,0.921984,-0.385730,-0.028186,-0.019070,0.000000,2.000000,1.000000,0.000000,0.000000
3.770000,0.618721,-0.222967,0.391083,0.921969,-0.385761,-0.028256,-0.019055,0.000000,2.000000,1.000000,-0.000000,0.000000
3.775000,0.618641,-0.223174,0.391074,0.921955,-0.385791,-0.028325,-0.019041,0.000000,2.000000,1.000000,-0.000000,0.000000
3.780000,0.618562,-0.223380,0.391065,0.921940,-0.385821,-0.028393,-0.019028,0.000000,2.000000,1.000000,-0.000000,0.000000
3.785000,0.618483,-0.223587,0.391056,0.921926,-0.385850,-0.028462,-0.019014,0.000000,2.000000,1.000000,-0.000000,0.000000
3.790000,0.618403,-0.223794,0.391047,0.921912,-0.385880,-0.028530,-0.018999,0.000000,2.000000,1.000000,-0.000000,0.000000
3.795000,0.618324,-0.224001,0.391038,0.921898,-0.385910,-0.028598,-0.018985,0.000000,2.000000,1.000000,0.000000,0.000000
3.800000,0.618245,-0.224207,0.391030,0.921884,-0.385939,-0.028666,-0.018970,0.000000,2.000000,1.000000,0.000000,0.000000
3.805000,0.618168,-0.224394,0.391015,0.921868,-0.385970,-0.028740,-0.018957,0.000000,2.000000,1.000000,0.000000,0.000000
3.810000,0.618092,-0.224580,0.391000,0.921853,-0.386002,-0.028814,-0.018944,0.000000,2.000000,1.000000,-0.000000,0.000000
3.815000,0.618015,-0.224766,0.390985,0.921838,-0.386033,-0.028887,-0.018931,0.000000,2.000000,1.000000,0.000000,0.000000
3.820000,0.617938,-0.224953,0.390970,0.921823,-0.386064,-0.028961,-0.018918,0.000000,2.000000,1.000000,0.000000,0.000000
3.825000,0.617862,-0.225139,0.390955,0.921808,-0.386095,-0.029034,-0.018904,0.000000,2.000000,1.000000,-0.000000,0.000000
3.830000,0.617785,-0.225326,0.390940,0.921793,-0.386126,-0.029107,-0.018891,0.000000,2.000000,1.000000,-0.000000,0.000000
3.835000,0.617709,-0.225512,0.390925,0.921778,-0.386157,-0.029180,-0.018877,0.000000,2.000000,1.000000,-0.000000,0.000000
3.840000,0.617635,-0.225674,0.390900,0.921761,-0.386192,-0.029266,-0.018865,0.000000,2.000000,1.000000,0.000000,0.000000
3.845000,0.617560,-0.225836,0.390874,0.921744,-0.386227,-0.029352,-0.018854,0.000000,2.000000,1.000000,0.000000,0.000000
3.850000,0.617486,-0.225998,0.390849,0.921726,-0.386262,-0.029438,-0.018842,0.000000,2.000000,1.000000,0.000000,0.000000
3.855000,0.617412,-0.226160,0.390824,0.921709,-0.386297,-0.029524,-0.018830,0.000000,2.000000,1.000000,-0.000000,0.000000
3.860000,0.617337,-0.226322,0.390799,0.921692,-0.386332,-0.029610,-0.018817,0.000000,2.000000,1.000000,-0.000000,0.000000
3.865000,0.617263,-0.226484,0.390774,0.921675,-0.386367,-0.029695,-0.018805,0.000000,2.000000,1.000000,0.000000,0.000000
3.870000,0.617189,-0.226646,0.390749,0.921658,-0.386401,-0.029781,-0.018792,0.000000,2.000000,1.000000,-0.000000,0.000000
3.875000,0.617113,-0.226788,0.390709,0.921639,-0.386441,-0.029882,-0.018782,0.000000,2.000000,1.000000,-0.000000,0.000000
3.880000,0.617036,-0.226930,0.390670,0.921619,-0.386481,-0.029983,-0.018771,0.000000,2.000000,1.000000,0.000000,0.000000
3.885000,0.616960,-0.227072,0.390631,0.921599,-0.386520,-0.030085,-0.018760,0.000000,2.000000,1.000000,0.000000,0.000000
3.890000,0.616884,-0.227214,0.390592,0.921580,-0.386559,-0.030186,-0.018749,0.000000,2.000000,1.000000,0.000000,0.000000
3.895000,0.616808,-0.227356,0.390553,0.921560,-0.386598,-0.030287,-0.018738,0.000000,2.000000,1.000000,-0.000000,0.000000
3.900000,0.616731,-0.227497,0.390513,0.921541,-0.386637,-0.030388,-0.018726,0.000000,2.000000,1.000000,0.000000,0.000000
3.905000,0.616655,-0.227639,0.390474,0.921522,-0.386675,-0.030488,-0.018715,0.000000,2.000000,1.000000,0.000000,0.000000
3.910000,0.616579,-0.227756,0.390420,0.921501,-0.386716,-0.030600,-0.018706,0.000000,2.000000,1.000000,0.000000,0.000000
3.915000,0.616503,-0.227873,0.390365,0.921480,-0.386758,-0.030711,-0.018697,0.000000,2.000000,1.000000,0.000000,0.000000
3.920000,0.616427,-0.227989,0.390311,0.921460,-0.386798,-0.030822,-0.018687,0.000000,2.000000,1.000000,-0.000000,0.000000
3.925000,0.616351,-0.228106,0.390256,0.921439,-0.386839,-0.030934,-0.018678,0.000000,2.000000,1.000000,0.000000,0.000000
3.930000,0.616275,-0.228222,0.390202,0.921419,-0.386879,-0.031045,-0.018669,0.000000,2.000000,1.000000,0.000000,0.000000
3.935000,0.616199,-0.228339,0.390147,0.921398,-0.386919,-0.031156,-0.018659,0.000000,2.000000,1.000000,0.000000,0.000000
3.940000,0.616122,-0.228456,0.390093,0.921378,-0.386958,-0.031267,-0.018649,0.000000,2.000000,1.000000,-0.000000,0.000000
3.945000,0.616052,-0.228537,0.390024,0.921357,-0.386999,-0.031386,-0.018643,0.000000,2.000000,1.000000,0.000000,0.000000
3.950000,0.615982,-0.228618,0.389955,0.921336,-0.387040,-0.031505,-0.018636,0.000000,2.000000,1.000000,0.000000,0.000000
3.955000,0.615912,-0.228700,0.389887,0.921315,-0.387081,-0.031624,-0.018629,0.000000,2.000000,1.000000,0.000000,0.000000
3.960000,0.615842,-0.228781,0.389818,0.921294,-0.387121,-0.031742,-0.018622,0.000000,2.000000,1.000000,-0.000000,0.000000
3.965000,0.615771,-0.228862,0.389749,0.921274,-0.387160,-0.031861,-0.018615,0.000000,2.000000,1.000000,-0.000000,0.000000
3.970000,0.615701,-0.228944,0.389680,0.921253,-0.387200,-0.031980,-0.018608,0.000000,2.000000,1.000000,0.000000,0.000000
3.975000,0.615633,-0.228987,0.389598,0.921231,-0.387241,-0.032111,-0.018604,0.000000,2.000000,1.000000,0.000000,0.000000
3.980000,0.615566,-0.229031,0.389516,0.921209,-0.387283,-0.032242,-0.018600,0.000000,2.000000,1.000000,-0.000000,0.000000
3.985000,0.615498,-0.229075,0.389433,0.921187,-0.387324,-0.032373,-0.018596,0.000000,2.000000,1.000000,-0.000000,0.000000
3.990000,0.615430,-0.229119,0.389351,0.921166,-0.387365,-0.032504,-0.018592,0.000000,2.000000,1.000000,-0.000000,0.000000
3.995000,0.615362,-0.229163,0.389269,0.921144,-0.387405,-0.032635,-0.018588,0.000000,2.000000,1.000000,-0.000000,0.000000
4.000000,0.615294,-0.229206,0.389186,0.921123,-0.387445,-0.032766,-0.018584,0.000000,2.000000,1.000000,-0.000000,0.000000
4.005000,0.615227,-0.229250,0.389104,0.921102,-0.387484,-0.032898,-0.018580,0.000000,2.000000,1.000000,0.000000,0.000000
4.010000,0.615160,-0.229254,0.389011,0.921089,-0.387502,-0.033041,-0.018575,0.000000,2.000000,1.000000,0.000000,0.000000
4.015000,0.615094,-0.229258,0.388919,0.921076,-0.387521,-0.033184,-0.018571,0.000000,2.000000,1.000000,0.000000,0.000000
4.020000,0.615028,-0.229262,0.388827,0.921063,-0.387539,-0.033327,-0.018566,0.000000,2.000000,1.000000,-0.000000,0.000000
4.025000,0.614961,-0.229265,0.388734,0.921051,-0.387558,-0.033470,-0.018562,0.000000,2.000000,1.000000,0.000000,0.000000
4.030000,0.614895,-0.229269,0.388642,0.921038,-0.387576,-0.033613,-0.018557,0.000000,2.000000,1.000000,0.000000,0.000000
4.035000,0.614829,-0.229273,0.388549,0.921025,-0.387595,-0.033756,-0.018553,0.000000,2.000000,1.000000,0.000000,0.000000
4.040000,0.614762,-0.229277,0.388457,0.921012,-0.387613,-0.033899,-0.018549,0.000000,2.000000,1.000000,0.000000,0.000000
4.045000,0.614688,-0.229247,0.388355,0.921007,-0.387612,-0.034048,-0.018544,0.000000,2.000000,1.000000,0.000000,0.000000
4.050000,0.614613,-0.229218,0.388253,0.921002,-0.387611,-0.034198,-0.018539,0.000000,2.000000,1.000000,0.000000,0.000000
4.055000,0.614539,-0.229189,0.388151,0.920997,-0.387611,-0.034348,-0.018534,0.000000,2.000000,1.000000,-0.000000,0.000000
4.060000,0.614464,-0.229159,0.388049,0.920991,-0.387610,-0.034498,-0.018529,0.000000,2.000000,1.000000,0.000000,0.000000
4.065000,0.614390,-0.229130,0.387947,0.920986,-0.387609,-0.034647,-0.018524,0.000000,2.000000,1.000000,0.000000,0.000000
4.070000,0.614315,-0.229101,0.387845,0.920981,-0.387608,-0.034797,-0.018519,0.000000,2.000000,1.000000,0.000000,0.000000
4.075000,0.614240,-0.229071,0.387743,0.920976,-0.387607,-0.034947,-0.018514,0.000000,2.000000,1.000000,0.000000,0.000000
4.080000,0.614142,-0.229017,0.387620,0.920974,-0.387597,-0.035115,-0.018509,0.000000,2.000000,1.000000,-0.000000,0.000000
4.085000,0.614043,-0.228963,0.387498,0.920972,-0.387586,-0.035284,-0.018504,0.000000,2.000000,1.000000,-0.000000,0.000000
4.090000,0.613944,-0.228909,0.387375,0.920971,-0.387575,-0.035452,-0.018499,0.000000,2.000000,1.000000,0.000000,0.000000
4.095000,0.613846,-0.228855,0.387253,0.920969,-0.387564,-0.035621,-0.018493,0.000000,2.000000,1.000000,0.000000,0.000000
4.100000,0.613747,-0.228801,0.387130,0.920967,-0.387553,-0.035789,-0.018488,0.000000,2.000000,1.000000,-0.000000,0.000000
4.105000,0.613648,-0.228746,0.387008,0.920965,-0.387542,-0.035958,-0.018483,0.000000,2.000000,1.000000,0.000000,0.000000
4.110000,0.613550,-0.228692,0.386885,0.920963,-0.387531,-0.036126,-0.018478,0.000000,2.000000,1.000000,0.000000,0.000000
4.115000,0.613432,-0.228626,0.386740,0.920962,-0.387517,-0.036317,-0.018473,0.000000,2.000000,1.000000,-0.000000,0.000000
4.120000,0.613314,-0.228560,0.386595,0.920960,-0.387503,-0.036507,-0.018468,0.000000,2.000000,1.000000,-0.000000,0.000000
4.125000,0.613196,-0.228494,0.386450,0.920959,-0.387489,-0.036698,-0.018463,0.000000,2.000000,1.000000,-0.000000,0.000000
4.130000,0.613078,-0.228427,0.386305,0.920957,-0.387475,-0.036889,-0.018458,0.000000,2.000000,1.000000,0.000000,0.000000
4.135000,0.612960,-0.228361,0.386160,0.920955,-0.387461,-0.037079,-0.018453,0.000000,2.000000,1.000000,0.000000,0.000000
4.140000,0.612842,-0.228295,0.386015,0.920954,-0.387447,-0.037270,-0.018447,0.000000,2.000000,1.000000,-0.000000,0.000000
4.145000,0.612720,-0.228228,0.385872,0.920952,-0.387433,-0.037460,-0.018443,0.000000,2.000000,1.000000,0.000000,0.000000
4.150000,0.612597,-0.228160,0.385730,0.920950,-0.387419,-0.037650,-0.018438,0.000000,2.000000,1.000000,0.000000,0.000000
4.155000,0.612475,-0.228093,0.385588,0.920948,-0.387406,-0.037840,-0.018433,0.000000,2.000000,1.000000,0.000000,0.000000
4.160000,0.612352,-0.228025,0.385446,0.920946,-0.387392,-0.038030,-0.018429,0.000000,2.000000,1.000000,0.000000,0.000000
4.165000,0.612230,-0.227958,0.385304,0.920944,-0.387378,-0.038220,-0.018424,0.000000,2.000000,1.000000,-0.000000,0.000000
4.170000,0.612107,-0.227891,0.385161,0.920942,-0.387364,-0.038410,-0.018419,0.000000,2.000000,1.000000,-0.000000,0.000000
4.175000,0.611985,-0.227823,0.385019,0.920940,-0.387350,-0.038600,-0.018415,0.000000,2.000000,1.000000,-0.000000,0.000000
4.180000,0.611846,-0.227752,0.384889,0.920937,-0.387338,-0.038789,-0.018409,0.000000,2.000000,1.000000,0.000000,0.000000
4.185000,0.611707,-0.227680,0.384759,0.920935,-0.387325,-0.038978,-0.018404,0.000000,2.000000,1.000000,0.000000,0.000000
4.190000,0.611568,-0.227609,0.384629,0.920932,-0.387313,-0.039167,-0.018398,0.000000,2.000000,1.000000,0.000000,0.000000
4.195000,0.611429,-0.227537,0.384499,0.920930,-0.387300,-0.039356,-0.018393,0.000000,2.000000,1.000000,0.000000,0.000000
4.200000,0.611290,-0.227466,0.384369,0.920927,-0.387288,-0.039545,-0.018387,0.000000,2.000000,1.000000,0.000000,0.000000
4.205000,0.611151,-0.227394,0.384239,0.920924,-0.387275,-0.039734,-0.018382,0.000000,2.000000,1.000000,0.000000,0.000000
4.210000,0.611012,-0.227323,0.384109,0.920921,-0.387263,-0.039923,-0.018376,0.000000,2.000000,1.000000,0.000000,0.000000
4.215000,0.610850,-0.227241,0.383989,0.920919,-0.387250,-0.040117,-0.018370,0.000000,2.000000,1.000000,0.000000,0.000000
4.220000,0.610687,-0.227160,0.383869,0.920916,-0.387236,-0.040311,-0.018364,0.000000,2.000000,1.000000,-0.000000,0.000000
4.225000,0.610524,-0.227079,0.383749,0.920913,-0.387223,-0.040505,-0.018357,0.000000,2.000000,1.000000,0.000000,0.000000
4.230000,0.610362,-0.226998,0.383629,0.920910,-0.387210,-0.040700,-0.018351,0.000000,2.000000,1.000000,-0.000000,0.000000
4.235000,0.610199,-0.226917,0.383509,0.920907,-0.387197,-0.040894,-0.018345,0.000000,2.000000,1.000000,0.000000,0.000000
4.240000,0.610036,-0.226836,0.383389,0.920904,-0.387184,-0.041088,-0.018338,0.000000,2.000000,1.000000,-0.000000,0.000000
4.245000,0.609874,-0.226755,0.383269,0.920901,-0.387171,-0.041282,-0.018332,0.000000,2.000000,1.000000,-0.000000,0.000000
4.250000,0.609698,-0.226664,0.383165,0.920899,-0.387154,-0.041471,-0.018325,0.000000,2.000000,1.000000,-0.000000,0.000000
4.255000,0.609522,-0.226573,0.383061,0.920898,-0.387138,-0.041661,-0.018319,0.000000,2.000000,1.000000,0.000000,0.000000
4.260000,0.609346,-0.226482,0.382958,0.920897,-0.387121,-0.041850,-0.018313,0.000000,2.000000,1.000000,-0.000000,0.000000
4.265000,0.609171,-0.226392,0.382854,0.920895,-0.387104,-0.042039,-0.018306,0.000000,2.000000,1.000000,0.000000,0.000000
4.270000,0.608995,-0.226301,0.382750,0.920894,-0.387088,-0.042228,-0.018300,0.000000,2.000000,1.000000,0.000000,0.000000
4.275000,0.608819,-0.226210,0.382646,0.920892,-0.387071,-0.042418,-0.018294,0.000000,2.000000,1.000000,0.000000,0.000000
4.280000,0.608644,-0.226119,0.382542,0.920890,-0.387054,-0.042607,-0.018287,0.000000,2.000000,1.000000,-0.000000,0.000000
4.285000,0.608447,-0.226015,0.382450,0.920890,-0.387033,-0.042799,-0.018281,0.000000,2.000000,1.000000,-0.000000,0.000000
4.290000,0.608251,-0.225911,0.382358,0.920890,-0.387013,-0.042991,-0.018275,0.000000,2.000000,1.000000,-0.000000,0.000000
4.295000,0.608055,-0.225807,0.382265,0.920890,-0.386992,-0.043183,-0.018269,0.000000,2.000000,1.000000,0.000000,0.000000
4.300000,0.607859,-0.225702,0.382173,0.920890,-0.386971,-0.043376,-0.018263,0.000000,2.000000,1.000000,-0.000000,0.000000
4.305000,0.607662,-0.225598,0.382081,0.920890,-0.386950,-0.043568,-0.018257,0.000000,2.000000,1.000000,-0.000000,0.000000
4.310000,0.607466,-0.225494,0.381988,0.920890,-0.386929,-0.043760,-0.018251,0.000000,2.000000,1.000000,-0.000000,0.000000
4.315000,0.607254,-0.225374,0.381920,0.920893,-0.386902,-0.043942,-0.018246,0.000000,2.000000,1.000000,0.000000,0.000000
4.320000,0.607042,-0.225255,0.381853,0.920896,-0.386874,-0.044125,-0.018241,0.000000,2.000000,1.000000,-0.000000,0.000000
4.325000,0.606830,-0.225135,0.381785,0.920898,-0.386847,-0.044307,-0.018236,0.000000,2.000000,1.000000,0.000000,0.000000
4.330000,0.606618,-0.225015,0.381717,0.920901,-0.386819,-0.044489,-0.018230,0.000000,2.000000,1.000000,0.000000,0.000000
4.335000,0.606406,-0.224896,0.381649,0.920904,-0.386792,-0.044672,-0.018225,0.000000,2.000000,1.000000,-0.000000,0.000000
4.340000,0.606194,-0.224776,0.381581,0.920907,-0.386765,-0.044854,-0.018220,0.000000,2.000000,1.000000,0.000000,0.000000
4.345000,0.605982,-0.224656,0.381513,0.920909,-0.386737,-0.045037,-0.018214,0.000000,2.000000,1.000000,-0.000000,0.000000
4.350000,0.605759,-0.224518,0.381482,0.920917,-0.386700,-0.045198,-0.018210,0.000000,2.000000,1.000000,0.000000,0.000000
4.355000,0.605535,-0.224379,0.381451,0.920925,-0.386663,-0.045359,-0.018205,0.000000,2.000000,1.000000,0.000000,0.000000
4.360000,0.605312,-0.224241,0.381419,0.920933,-0.386626,-0.045520,-0.018201,0.000000,2.000000,1.000000,-0.000000,0.000000
4.365000,0.605088,-0.224102,0.381388,0.920941,-0.386588,-0.045682,-0.018196,0.000000,2.000000,1.000000,0.000000,0.000000
4.370000,0.604864,-0.223963,0.381357,0.920948,-0.386551,-0.045843,-0.018191,0.000000,2.000000,1.000000,-0.000000,0.000000
4.375000,0.604641,-0.223825,0.381326,0.920956,-0.386514,-0.046004,-0.018187,0.000000,2.000000,1.000000,0.000000,0.000000
4.380000,0.604417,-0.223686,0.381294,0.920964,-0.386476,-0.046165,-0.018182,0.000000,2.000000,1.000000,0.000000,0.000000
4.385000,0.604181,-0.223530,0.381294,0.920976,-0.386430,-0.046310,-0.018179,0.000000,2.000000,1.000000,0.000000,0.000000
4.390000,0.603944,-0.223374,0.381294,0.920988,-0.386383,-0.046454,-0.018175,0.000000,2.000000,1.000000,0.000000,0.000000
4.395000,0.603707,-0.223218,0.381294,0.921001,-0.386336,-0.046599,-0.018172,0.000000,2.000000,1.000000,-0.000000,0.000000
4.400000,0.603470,-0.223062,0.381294,0.921013,-0.386290,-0.046743,-0.018168,0.000000,2.000000,1.000000,-0.000000,0.000000
4.405000,0.603233,-0.222906,0.381294,0.921025,-0.386243,-0.046888,-0.018165,0.000000,2.000000,1.000000,-0.000000,0.000000
4.410000,0.602996,-0.222750,0.381294,0.921038,-0.386196,-0.047033,-0.018162,0.000000,2.000000,1.000000,-0.000000,0.000000
4.415000,0.602760,-0.222594,0.381293,0.921050,-0.386150,-0.047177,-0.018158,0.000000,2.000000,1.000000,-0.000000,0.000000
4.420000,0.602510,-0.222429,0.381324,0.921064,-0.386100,-0.047303,-0.018156,0.000000,2.000000,1.000000,0.000000,0.000000
4.425000,0.602260,-0.222265,0.381355,0.921079,-0.386051,-0.047429,-0.018154,0.000000,2.000000,1.000000,0.000000,0.000000
4.430000,0.602010,-0.222100,0.381386,0.921093,-0.386001,-0.047555,-0.018151,0.000000,2.000000,1.000000,0.000000,0.000000
4.435000,0.601760,-0.221936,0.381417,0.921107,-0.385952,-0.047680,-0.018149,0.000000,2.000000,1.000000,0.000000,0.000000
4.440000,0.601510,-0.221772,0.381448,0.921121,-0.385902,-0.047806,-0.018147,0.000000,2.000000,1.000000,0.000000,0.000000
4.445000,0.601260,-0.221607,0.381479,0.921136,-0.385853,-0.047932,-0.018144,0.000000,2.000000,1.000000,0.000000,0.000000
4.450000,0.601010,-0.221443,0.381510,0.921150,-0.385803,-0.048058,-0.018142,0.000000,2.000000,1.000000,0.000000,0.000000
4.455000,0.600744,-0.221279,0.381562,0.921163,-0.385758,-0.048172,-0.018139,0.000000,2.000000,1.000000,0.000000,0.000000
4.460000,0.600478,-0.221114,0.381614,0.921176,-0.385713,-0.048286,-0.018135,0.000000,2.000000,1.000000,-0.000000,0.000000
4.465000,0.600212,-0.220950,0.381666,0.921189,-0.385667,-0.048400,-0.018132,0.000000,2.000000,1.000000,0.000000,0.000000
4.470000,0.599947,-0.220786,0.381719,0.921202,-0.385622,-0.048514,-0.018129,0.000000,2.000000,1.000000,-0.000000,0.000000
4.475000,0.599681,-0.220622,0.381771,0.921215,-0.385576,-0.048628,-0.018126,0.000000,2.000000,1.000000,0.000000,0.000000
4.480000,0.599415,-0.220458,0.381823,0.921228,-0.385531,-0.048742,-0.018122,0.000000,2.000000,1.000000,-0.000000,0.000000
4.485000,0.599139,-0.220295,0.381902,0.921241,-0.385489,-0.048837,-0.018117,0.000000,2.000000,1.000000,0.000000,0.000000
4.490000,0.598863,-0.220131,0.381981,0.921254,-0.385447,-0.048932,-0.018112,0.000000,2.000000,1.000000,-0.000000,0.000000
4.495000,0.598587,-0.219968,0.382060,0.921266,-0.385405,-0.049027,-0.018107,0.000000,2.000000,1.000000,0.000000,0.000000
4.500000,0.598311,-0.219805,0.382139,0.921279,-0.385363,-0.049122,-0.018102,0.000000,2.000000,1.000000,-0.000000,0.000000
4.505000,0.598035,-0.219642,0.382217,0.921291,-0.385321,-0.049217,-0.018097,0.000000,2.000000,1.000000,0.000000,0.000000
4.510000,0.597759,-0.219479,0.382296,0.921304,-0.385279,-0.049312,-0.018092,0.000000,2.000000,1.000000,0.000000,0.000000
4.515000,0.597482,-0.219316,0.382375,0.921317,-0.385237,-0.049407,-0.018087,0.000000,2.000000,1.000000,0.000000,0.000000
4.520000,0.597191,-0.219149,0.382463,0.921329,-0.385196,-0.049500,-0.018078,0.000000,2.000000,1.000000,-0.000000,0.000000
4.525000,0.596900,-0.218983,0.382551,0.921341,-0.385156,-0.049593,-0.018070,0.000000,2.000000,1.000000,-0.000000,0.000000
4.530000,0.596609,-0.218816,0.382638,0.921353,-0.385115,-0.049686,-0.018061,0.000000,2.000000,1.000000,-0.000000,0.000000
4.535000,0.596318,-0.218649,0.382726,0.921365,-0.385075,-0.049779,-0.018053,0.000000,2.000000,1.000000,0.000000,0.000000
4.540000,0.596027,-0.218483,0.382814,0.921377,-0.385034,-0.049872,-0.018045,0.000000,2.000000,1.000000,0.000000,0.000000
4.545000,0.595736,-0.218316,0.382902,0.921389,-0.384994,-0.049965,-0.018036,0.000000,2.000000,1.000000,0.000000,0.000000
4.550000,0.595445,-0.218149,0.382990,0.921401,-0.384953,-0.050058,-0.018028,0.000000,2.000000,1.000000,-0.000000,0.000000
4.555000,0.595134,-0.217984,0.383080,0.921411,-0.384918,-0.050155,-0.018017,0.000000,2.000000,1.000000,0.000000,0.000000
4.560000,0.594824,-0.217818,0.383170,0.921420,-0.384884,-0.050252,-0.018006,0.000000,2.000000,1.000000,-0.000000,0.000000
4.565000,0.594513,-0.217653,0.383261,0.921430,-0.384849,-0.050349,-0.017995,0.000000,2.000000,1.000000,-0.000000,0.000000
4.570000,0.594203,-0.217487,0.383351,0.921439,-0.384814,-0.050446,-0.017984,0.000000,2.000000,1.000000,-0.000000,0.000000
4.575000,0.593892,-0.217322,0.383442,0.921448,-0.384779,-0.050543,-0.017973,0.000000,2.000000,1.000000,-0.000000,0.000000
4.580000,0.593582,-0.217157,0.383532,0.921458,-0.384745,-0.050640,-0.017962,0.000000,2.000000,1.000000,0.000000,0.000000
4.585000,0.593272,-0.216991,0.383623,0.921467,-0.384710,-0.050737,-0.017951,0.000000,2.000000,1.000000,-0.000000,0.000000
4.590000,0.592951,-0.216825,0.383715,0.921476,-0.384677,-0.050834,-0.017939,0.000000,2.000000,1.000000,-0.000000,0.000000
4.595000,0.592630,-0.216659,0.383808,0.921484,-0.384645,-0.050932,-0.017928,0.000000,2.000000,1.000000,0.000000,0.000000
4.600000,0.592309,-0.216493,0.383901,0.921493,-0.384612,-0.051029,-0.017916,0.000000,2.000000,1.000000,-0.000000,0.000000
4.605000,0.591988,-0.216327,0.383993,0.921501,-0.384579,-0.051126,-0.017905,0.000000,2.000000,1.000000,-0.000000,0.000000
4.610000,0.591668,-0.216161,0.384086,0.921510,-0.384546,-0.051224,-0.017894,0.000000,2.000000,1.000000,0.000000,0.000000
4.615000,0.591347,-0.215995,0.384179,0.921518,-0.384514,-0.051321,-0.017882,0.000000,2.000000,1.000000,-0.000000,0.000000
4.620000,0.591026,-0.215829,0.384271,0.921526,-0.384481,-0.051419,-0.017871,0.000000,2.000000,1.000000,-0.000000,0.000000
4.625000,0.590692,-0.215663,0.384360,0.921534,-0.384451,-0.051522,-0.017859,0.000000,2.000000,1.000000,-0.000000,0.000000
4.630000,0.590359,-0.215496,0.384450,0.921541,-0.384420,-0.051625,-0.017848,0.000000,2.000000,1.000000,-0.000000,0.000000
4.635000,0.590025,-0.215329,0.384539,0.921548,-0.384390,-0.051729,-0.017836,0.000000,2.000000,1.000000,-0.000000,0.000000
4.640000,0.589692,-0.215162,0.384628,0.921555,-0.384359,-0.051832,-0.017824,0.000000,2.000000,1.000000,-0.000000,0.000000
4.645000,0.589358,-0.214995,0.384717,0.921562,-0.384329,-0.051935,-0.017813,0.000000,2.000000,1.000000,-0.000000,0.000000
4.650000,0.589024,-0.214828,0.384806,0.921569,-0.384298,-0.052039,-0.017801,0.000000,2.000000,1.000000,-0.000000,0.000000
4.655000,0.588675,-0.214665,0.384902,0.921574,-0.384274,-0.052140,-0.017789,0.000000,2.000000,1.000000,-0.000000,0.000000
4.660000,0.588325,-0.214502,0.384997,0.921578,-0.384250,-0.052241,-0.017778,0.000000,2.000000,1.000000,-0.000000,0.000000
4.665000,0.587975,-0.214339,0.385093,0.921583,-0.384226,-0.052343,-0.017766,0.000000,2.000000,1.000000,0.000000,0.000000
4.670000,0.587625,-0.214176,0.385188,0.921599,-0.384179,-0.052419,-0.017750,0.000000,2.000000,1.000000,0.000000,0.000000
4.675000,0.587275,-0.214013,0.385284,0.921619,-0.384121,-0.052485,-0.017733,0.000000,2.000000,1.000000,-0.000000,0.000000
4.680000,0.586926,-0.213850,0.385379,0.921640,-0.384064,-0.052550,-0.017716,0.000000,2.000000,1.000000,0.000000,0.000000
4.685000,0.586576,-0.213687,0.385475,0.921660,-0.384006,-0.052615,-0.017699,0.000000,2.000000,1.000000,0.000000,0.000000
4.690000,0.586217,-0.213524,0.385553,0.921683,-0.383943,-0.052687,-0.017679,0.000000,2.000000,1.000000,0.000000,0.000000
4.695000,0.585859,-0.213360,0.385632,0.921706,-0.383879,-0.052758,-0.017660,0.000000,2.000000,1.000000,-0.000000,0.000000
4.700000,0.585501,-0.213197,0.385710,0.921729,-0.383816,-0.052829,-0.017640,0.000000,2.000000,1.000000,-0.000000,0.000000
4.705000,0.585142,-0.213034,0.385788,0.921751,-0.383752,-0.052900,-0.017621,0.000000,2.000000,1.000000,-0.000000,0.000000
4.710000,0.584784,-0.212871,0.385867,0.921774,-0.383688,-0.052970,-0.017601,0.000000,2.000000,1.000000,0.000000,0.000000
4.715000,0.584425,-0.212707,0.385945,0.921797,-0.383625,-0.053041,-0.017581,0.000000,2.000000,1.000000,0.000000,0.000000
4.720000,0.584067,-0.212544,0.386024,0.921820,-0.383561,-0.053111,-0.017561,0.000000,2.000000,1.000000,-0.000000,0.000000
4.725000,0.583694,-0.212379,0.386090,0.921845,-0.383492,-0.053186,-0.017538,0.000000,2.000000,1.000000,0.000000,0.000000
4.730000,0.583321,-0.212213,0.386156,0.921869,-0.383423,-0.053261,-0.017516,0.000000,2.000000,1.000000,-0.000000,0.000000
4.735000,0.582948,-0.212048,0.386222,0.921894,-0.383355,-0.053336,-0.017493,0.000000,2.000000,1.000000,-0.000000,0.000000
4.740000,0.582576,-0.211882,0.386288,0.921919,-0.383286,-0.053411,-0.017470,0.000000,2.000000,1.000000,-0.000000,0.000000
4.745000,0.582203,-0.211717,0.386355,0.921943,-0.383217,-0.053486,-0.017447,0.000000,2.000000,1.000000,-0.000000,0.000000
4.750000,0.581830,-0.211551,0.386421,0.921968,-0.383149,-0.053560,-0.017424,0.000000,2.000000,1.000000,-0.000000,0.000000
4.755000,0.581457,-0.211386,0.386487,0.921993,-0.383080,-0.053634,-0.017400,0.000000,2.000000,1.000000,-0.000000,0.000000
4.760000,0.581075,-0.211219,0.386552,0.922017,-0.383011,-0.053709,-0.017376,0.000000,2.000000,1.000000,0.000000,0.000000
4.765000,0.580692,-0.211052,0.386617,0.922042,-0.382942,-0.053783,-0.017352,0.000000,2.000000,1.000000,-0.000000,0.000000
4.770000,0.580310,-0.210885,0.386682,0.922067,-0.382873,-0.053857,-0.017327,0.000000,2.000000,1.000000,-0.000000,0.000000
4.775000,0.579928,-0.210718,0.386746,0.922092,-0.382804,-0.053931,-0.017302,0.000000,2.000000,1.000000,0.000000,0.000000
4.780000,0.579545,-0.210551,0.386811,0.922116,-0.382735,-0.054005,-0.017277,0.000000,2.000000,1.000000,-0.000000,0.000000
4.785000,0.579163,-0.210383,0.386876,0.922141,-0.382666,-0.054078,-0.017252,0.000000,2.000000,1.000000,0.000000,0.000000
4.790000,0.578780,-0.210216,0.386941,0.922166,-0.382598,-0.054152,-0.017227,0.000000,2.000000,1.000000,0.000000,0.000000
4.795000,0.578393,-0.210050,0.387000,0.922191,-0.382528,-0.054226,-0.017201,0.000000,2.000000,1.000000,0.000000,0.000000
4.800000,0.578005,-0.209884,0.387059,0.922216,-0.382459,-0.054300,-0.017174,0.000000,2.000000,1.000000,0.000000,0.000000
4.805000,0.577617,-0.209718,0.387118,0.922240,-0.382390,-0.054374,-0.017148,0.000000,2.000000,1.000000,-0.000000,0.000000
4.810000,0.577229,-0.209552,0.387177,0.922265,-0.382321,-0.054448,-0.017121,0.000000,2.000000,1.000000,-0.000000,0.000000
4.815000,0.576841,-0.209386,0.387236,0.922290,-0.382251,-0.054522,-0.017094,0.000000,2.000000,1.000000,-0.000000,0.000000
4.820000,0.576453,-0.209220,0.387295,0.922315,-0.382182,-0.054596,-0.017066,0.000000,2.000000,1.000000,-0.000000,0.000000
4.825000,0.576060,-0.209052,0.387351,0.922340,-0.382112,-0.054671,-0.017039,0.000000,2.000000,1.000000,-0.000000,0.000000
4.830000,0.575667,-0.208884,0.387406,0.922365,-0.382042,-0.054745,-0.017011,0.000000,2.000000,1.000000,0.000000,0.000000
4.835000,0.575273,-0.208716,0.387462,0.922390,-0.381973,-0.054820,-0.016983,0.000000,2.000000,1.000000,0.000000,0.000000
4.840000,0.574880,-0.208548,0.387518,0.922415,-0.381903,-0.054895,-0.016955,0.000000,2.000000,1.000000,0.000000,0.000000
4.845000,0.574487,-0.208380,0.387573,0.922440,-0.381833,-0.054969,-0.016926,0.000000,2.000000,1.000000,-0.000000,0.000000
4.850000,0.574093,-0.208212,0.387629,0.922465,-0.381763,-0.055044,-0.016898,0.000000,2.000000,1.000000,0.000000,0.000000
4.855000,0.573700,-0.208044,0.387685,0.922490,-0.381694,-0.055119,-0.016869,0.000000,2.000000,1.000000,0.000000,0.000000
4.860000,0.573306,-0.207873,0.387743,0.922514,-0.381624,-0.055193,-0.016841,0.000000,2.000000,1.000000,0.000000,0.000000
4.865000,0.572912,-0.207701,0.387801,0.922539,-0.381555,-0.055267,-0.016813,0.000000,2.000000,1.000000,0.000000,0.000000
4.870000,0.572518,-0.207529,0.387859,0.922564,-0.381486,-0.055342,-0.016784,0.000000,2.000000,1.000000,-0.000000,0.000000
4.875000,0.572123,-0.207358,0.387917,0.922588,-0.381417,-0.055416,-0.016756,0.000000,2.000000,1.000000,-0.000000,0.000000
4.880000,0.571729,-0.207186,0.387975,0.922613,-0.381348,-0.055490,-0.016727,0.000000,2.000000,1.000000,0.000000,0.000000
4.885000,0.571335,-0.207014,0.388033,0.922637,-0.381279,-0.055565,-0.016697,0.000000,2.000000,1.000000,-0.000000,0.000000
4.890000,0.570941,-0.206843,0.388091,0.922662,-0.381211,-0.055639,-0.016667,0.000000,2.000000,1.000000,-0.000000,0.000000
4.895000,0.570538,-0.206667,0.388144,0.922687,-0.381140,-0.055716,-0.016635,0.000000,2.000000,1.000000,0.000000,0.000000
4.900000,0.570136,-0.206492,0.388196,0.922712,-0.381069,-0.055793,-0.016603,0.000000,2.000000,1.000000,0.000000,0.000000
4.905000,0.569733,-0.206317,0.388249,0.922737,-0.380999,-0.055871,-0.016570,0.000000,2.000000,1.000000,-0.000000,0.000000
4.910000,0.569331,-0.206142,0.388301,0.922762,-0.380928,-0.055949,-0.016537,0.000000,2.000000,1.000000,0.000000,0.000000
4.915000,0.568928,-0.205967,0.388354,0.922787,-0.380858,-0.056027,-0.016504,0.000000,2.000000,1.000000,-0.000000,0.000000
4.920000,0.568526,-0.205792,0.388406,0.922812,-0.380787,-0.056105,-0.016471,0.000000,2.000000,1.000000,-0.000000,0.000000
4.925000,0.568123,-0.205617,0.388459,0.922837,-0.380717,-0.056183,-0.016437,0.000000,2.000000,1.000000,0.000000,0.000000
4.930000,0.567718,-0.205433,0.388508,0.922863,-0.380643,-0.056265,-0.016404,0.000000,2.000000,1.000000,0.000000,0.000000
4.935000,0.567313,-0.205249,0.388557,0.922889,-0.380569,-0.056347,-0.016371,0.000000,2.000000,1.000000,0.000000,0.000000
4.940000,0.566907,-0.205066,0.388606,0.922915,-0.380495,-0.056430,-0.016338,0.000000,2.000000,1.000000,0.000000,0.000000
4.945000,0.566502,-0.204882,0.388655,0.922941,-0.380421,-0.056513,-0.016304,0.000000,2.000000,1.000000,-0.000000,0.000000
4.950000,0.566097,-0.204698,0.388704,0.922967,-0.380348,-0.056596,-0.016271,0.000000,2.000000,1.000000,0.000000,0.000000
4.955000,0.565691,-0.204515,0.388754,0.922993,-0.380274,-0.056679,-0.016237,0.000000,2.000000,1.000000,-0.000000,0.000000
4.960000,0.565286,-0.204331,0.388803,0.923019,-0.380200,-0.056762,-0.016203,0.000000,2.000000,1.000000,0.000000,0.000000
4.965000,0.564881,-0.204143,0.388857,0.923044,-0.380128,-0.056844,-0.016171,0.000000,2.000000,1.000000,0.000000,0.000000
4.970000,0.564477,-0.203955,0.388910,0.923069,-0.380055,-0.056926,-0.016139,0.000000,2.000000,1.000000,0.000000,0.000000
4.975000,0.564073,-0.203767,0.388964,0.923095,-0.379983,-0.057009,-0.016106,0.000000,2.000000,1.000000,-0.000000,0.000000
4.980000,0.563668,-0.203579,0.389018,0.923120,-0.379910,-0.057091,-0.016074,0.000000,2.000000,1.000000,0.000000,0.000000
4.985000,0.563264,-0.203391,0.389072,0.923145,-0.379838,-0.057174,-0.016042,0.000000,2.000000,1.000000,-0.000000,0.000000
4.990000,0.562859,-0.203204,0.389126,0.923170,-0.379766,-0.057257,-0.016009,0.000000,2.000000,1.000000,0.000000,0.000000
4.995000,0.562451,-0.203015,0.389173,0.923196,-0.379692,-0.057342,-0.015975,0.000000,2.000000,1.000000,0.000000,0.000000
5.000000,0.562043,-0.202826,0.389220,0.923221,-0.379619,-0.057427,-0.015941,0.000000,2.000000,1.000000,-0.000000,0.000000
5.005000,0.561635,-0.202637,0.389268,0.923247,-0.379546,-0.057512,-0.015907,0.000000,2.000000,1.000000,0.000000,0.000000
5.010000,0.561228,-0.202449,0.389315,0.923272,-0.379473,-0.057598,-0.015873,0.000000,2.000000,1.000000,0.000000,0.000000
5.015000,0.560820,-0.202260,0.389362,0.923297,-0.379400,-0.057684,-0.015839,0.000000,2.000000,1.000000,0.000000,0.000000
5.020000,0.560412,-0.202071,0.389409,0.923322,-0.379326,-0.057770,-0.015805,0.000000,2.000000,1.000000,0.000000,0.000000
5.025000,0.560004,-0.201882,0.389456,0.923348,-0.379253,-0.057856,-0.015771,0.000000,2.000000,1.000000,0.000000,0.000000
5.030000,0.559598,-0.201691,0.389506,0.923372,-0.379181,-0.057942,-0.015738,0.000000,2.000000,1.000000,0.000000,0.000000
5.035000,0.559193,-0.201499,0.389556,0.923397,-0.379109,-0.058027,-0.015706,0.000000,2.000000,1.000000,0.000000,0.000000
5.040000,0.558788,-0.201307,0.389605,0.923422,-0.379038,-0.058113,-0.015673,0.000000,2.000000,1.000000,0.000000,0.000000
5.045000,0.558382,-0.201115,0.389655,0.923446,-0.378966,-0.058199,-0.015641,0.000000,2.000000,1.000000,-0.000000,0.000000
5.050000,0.557977,-0.200924,0.389705,0.923471,-0.378894,-0.058285,-0.015608,0.000000,2.000000,1.000000,0.000000,0.000000
5.055000,0.557572,-0.200732,0.389754,0.923495,-0.378822,-0.058372,-0.015576,0.000000,2.000000,1.000000,0.000000,0.000000
5.060000,0.557166,-0.200540,0.389804,0.923520,-0.378751,-0.058459,-0.015543,0.000000,2.000000,1.000000,-0.000000,0.000000
5.065000,0.556757,-0.200347,0.389854,0.923544,-0.378680,-0.058545,-0.015510,0.000000,2.000000,1.000000,0.000000,0.000000
5.070000,0.556348,-0.200153,0.389905,0.923568,-0.378609,-0.058632,-0.015478,0.000000,2.000000,1.000000,-0.000000,0.000000
5.075000,0.555939,-0.199960,0.389956,0.923592,-0.378539,-0.058719,-0.015445,0.000000,2.000000,1.000000,0.000000,0.000000
5.080000,0.555530,-0.199767,0.390006,0.923616,-0.378469,-0.058806,-0.015413,0.000000,2.000000,1.000000,-0.000000,0.000000
5.085000,0.555121,-0.199573,0.390057,0.923639,-0.378398,-0.058894,-0.015380,0.000000,2.000000,1.000000,-0.000000,0.000000
5.090000,0.554712,-0.199380,0.390107,0.923663,-0.378328,-0.058982,-0.015348,0.000000,2.000000,1.000000,0.000000,0.000000
5.095000,0.554303,-0.199187,0.390158,0.923687,-0.378258,-0.059070,-0.015315,0.000000,2.000000,1.000000,0.000000,0.000000
5.100000,0.553886,-0.198993,0.390206,0.923710,-0.378188,-0.059159,-0.015282,0.000000,2.000000,1.000000,-0.000000,0.000000
5.105000,0.553469,-0.198800,0.390255,0.923733,-0.378119,-0.059248,-0.015249,0.000000,2.000000,1.000000,0.000000,0.000000
5.110000,0.553051,-0.198606,0.390303,0.923756,-0.378050,-0.059337,-0.015215,0.000000,2.000000,1.000000,-0.000000,0.000000
5.115000,0.552634,-0.198412,0.390352,0.923779,-0.377981,-0.059426,-0.015182,0.000000,2.000000,1.000000,-0.000000,0.000000
5.120000,0.552217,-0.198218,0.390400,0.923802,-0.377912,-0.059516,-0.015149,0.000000,2.000000,1.000000,-0.000000,0.000000
5.125000,0.551799,-0.198025,0.390448,0.923825,-0.377843,-0.059606,-0.015116,0.000000,2.000000,1.000000,0.000000,0.000000
5.130000,0.551382,-0.197831,0.390497,0.923848,-0.377774,-0.059697,-0.015083,0.000000,2.000000,1.000000,0.000000,0.000000
5.135000,0.550967,-0.197631,0.390553,0.923870,-0.377707,-0.059784,-0.015054,0.000000,2.000000,1.000000,0.000000,0.000000
5.140000,0.550552,-0.197431,0.390610,0.923893,-0.377640,-0.059872,-0.015024,0.000000,2.000000,1.000000,-0.000000,0.000000
5.145000,0.550136,-0.197232,0.390666,0.923915,-0.377573,-0.059961,-0.014995,0.000000,2.000000,1.000000,0.000000,0.000000
5.150000,0.549721,-0.197032,0.390723,0.923937,-0.377507,-0.060049,-0.014965,0.000000,2.000000,1.000000,0.000000,0.000000
5.155000,0.549306,-0.196832,0.390779,0.923958,-0.377440,-0.060138,-0.014936,0.000000,2.000000,1.000000,-0.000000,0.000000
5.160000,0.548891,-0.196632,0.390836,0.923980,-0.377374,-0.060228,-0.014907,0.000000,2.000000,1.000000,-0.000000,0.000000
5.165000,0.548479,-0.196423,0.390886,0.924003,-0.377303,-0.060322,-0.014879,0.000000,2.000000,1.000000,0.000000,0.000000
5.170000,0.548067,-0.196214,0.390937,0.924026,-0.377233,-0.060417,-0.014851,0.000000,2.000000,1.000000,0.000000,0.000000
5.175000,0.547655,-0.196005,0.390987,0.924049,-0.377162,-0.060513,-0.014823,0.000000,2.000000,1.000000,-0.000000,0.000000
5.180000,0.547243,-0.195796,0.391038,0.924072,-0.377092,-0.060609,-0.014795,0.000000,2.000000,1.000000,-0.000000,0.000000
5.185000,0.546831,-0.195587,0.391088,0.924095,-0.377022,-0.060705,-0.014768,0.000000,2.000000,1.000000,0.000000,0.000000
5.190000,0.546420,-0.195378,0.391139,0.924117,-0.376952,-0.060802,-0.014740,0.000000,2.000000,1.000000,-0.000000,0.000000
5.195000,0.546008,-0.195169,0.391190,0.924140,-0.376883,-0.060899,-0.014713,0.000000,2.000000,1.000000,0.000000,0.000000
5.200000,0.545591,-0.194956,0.391229,0.924164,-0.376809,-0.061002,-0.014685,0.000000,2.000000,1.000000,0.000000,0.000000
5.205000,0.545174,-0.194743,0.391269,0.924187,-0.376735,-0.061106,-0.014656,0.000000,2.000000,1.000000,0.000000,0.000000
5.210000,0.544758,-0.194530,0.391309,0.924210,-0.376662,-0.061210,-0.014628,0.000000,2.000000,1.000000,0.000000,0.000000
5.215000,0.544341,-0.194317,0.391349,0.924234,-0.376589,-0.061315,-0.014600,0.000000,2.000000,1.000000,-0.000000,0.000000
5.220000,0.543924,-0.194105,0.391389,0.924257,-0.376517,-0.061420,-0.014573,0.000000,2.000000,1.000000,0.000000,0.000000
5.225000,0.543507,-0.193892,0.391429,0.924280,-0.376444,-0.061525,-0.014545,0.000000,2.000000,1.000000,0.000000,0.000000
5.230000,0.543091,-0.193679,0.391469,0.924302,-0.376372,-0.061631,-0.014518,0.000000,2.000000,1.000000,-0.000000,0.000000
5.235000,0.542667,-0.193461,0.391501,0.924326,-0.376296,-0.061743,-0.014489,0.000000,2.000000,1.000000,-0.000000,0.000000
5.240000,0.542244,-0.193244,0.391533,0.924350,-0.376221,-0.061855,-0.014461,0.000000,2.000000,1.000000,0.000000,0.000000
5.245000,0.541820,-0.193026,0.391565,0.924373,-0.376146,-0.061968,-0.014433,0.000000,2.000000,1.000000,0.000000,0.000000
5.250000,0.541397,-0.192809,0.391597,0.924396,-0.376072,-0.062081,-0.014405,0.000000,2.000000,1.000000,0.000000,0.000000
5.255000,0.540973,-0.192591,0.391630,0.924419,-0.375998,-0.062194,-0.014377,0.000000,2.000000,1.000000,-0.000000,0.000000
5.260000,0.540550,-0.192374,0.391662,0.924442,-0.375924,-0.062308,-0.014350,0.000000,2.000000,1.000000,0.000000,0.000000
5.265000,0.540126,-0.192157,0.391694,0.924465,-0.375850,-0.062423,-0.014323,0.000000,2.000000,1.000000,0.000000,0.000000
5.270000,0.539703,-0.191937,0.391727,0.924487,-0.375777,-0.062536,-0.014296,0.000000,2.000000,1.000000,0.000000,0.000000
5.275000,0.539280,-0.191716,0.391761,0.924509,-0.375705,-0.062650,-0.014270,0.000000,2.000000,1.000000,0.000000,0.000000
5.280000,0.538857,-0.191496,0.391794,0.924531,-0.375633,-0.062764,-0.014245,0.000000,2.000000,1.000000,-0.000000,0.000000
5.285000,0.538434,-0.191276,0.391827,0.924553,-0.375562,-0.062879,-0.014219,0.000000,2.000000,1.000000,0.000000,0.000000
5.290000,0.538011,-0.191056,0.391861,0.924574,-0.375491,-0.062994,-0.014194,0.000000,2.000000,1.000000,0.000000,0.000000
5.295000,0.537588,-0.190836,0.391894,0.924595,-0.375420,-0.063109,-0.014168,0.000000,2.000000,1.000000,-0.000000,0.000000
5.300000,0.537164,-0.190616,0.391927,0.924616,-0.375349,-0.063225,-0.014143,0.000000,2.000000,1.000000,0.000000,0.000000
5.305000,0.536738,-0.190397,0.391961,0.924637,-0.375281,-0.063338,-0.014119,0.000000,2.000000,1.000000,-0.000000,0.000000
5.310000,0.536311,-0.190178,0.391995,0.924657,-0.375213,-0.063452,-0.014095,0.000000,2.000000,1.000000,0.000000,0.000000
5.315000,0.535885,-0.189959,0.392030,0.924677,-0.375146,-0.063566,-0.014071,0.000000,2.000000,1.000000,-0.000000,0.000000
5.320000,0.535458,-0.189740,0.392064,0.924696,-0.375079,-0.063680,-0.014047,0.000000,2.000000,1.000000,-0.000000,0.000000
5.325000,0.535031,-0.189521,0.392098,0.924716,-0.375012,-0.063795,-0.014023,0.000000,2.000000,1.000000,-0.000000,0.000000
5.330000,0.534605,-0.189301,0.392132,0.924735,-0.374946,-0.063910,-0.014000,0.000000,2.000000,1.000000,-0.000000,0.000000
5.335000,0.534175,-0.189077,0.392166,0.924754,-0.374879,-0.064026,-0.013978,0.000000,2.000000,1.000000,0.000000,0.000000
5.340000,0.533745,-0.188853,0.392200,0.924773,-0.374814,-0.064141,-0.013956,0.000000,2.000000,1.000000,0.000000,0.000000
5.345000,0.533315,-0.188628,0.392234,0.924792,-0.374748,-0.064257,-0.013934,0.000000,2.000000,1.000000,-0.000000,0.000000
5.350000,0.532885,-0.188404,0.392268,0.924811,-0.374683,-0.064374,-0.013912,0.000000,2.000000,1.000000,0.000000,0.000000
5.355000,0.532455,-0.188180,0.392302,0.924829,-0.374619,-0.064491,-0.013891,0.000000,2.000000,1.000000,0.000000,0.000000
5.360000,0.532026,-0.187955,0.392336,0.924847,-0.374555,-0.064608,-0.013870,0.000000,2.000000,1.000000,0.000000,0.000000
5.365000,0.531596,-0.187731,0.392370,0.924865,-0.374491,-0.064725,-0.013848,0.000000,2.000000,1.000000,-0.000000,0.000000
5.370000,0.531173,-0.187496,0.392409,0.924884,-0.374425,-0.064839,-0.013830,0.000000,2.000000,1.000000,-0.000000,0.000000
5.375000,0.530751,-0.187261,0.392449,0.924903,-0.374360,-0.064953,-0.013812,0.000000,2.000000,1.000000,0.000000,0.000000
5.380000,0.530328,-0.187025,0.392488,0.924922,-0.374294,-0.065067,-0.013793,0.000000,2.000000,1.000000,0.000000,0.000000
5.385000,0.529906,-0.186790,0.392528,0.924940,-0.374229,-0.065180,-0.013775,0.000000,2.000000,1.000000,-0.000000,0.000000
5.390000,0.529484,-0.186555,0.392567,0.924959,-0.374163,-0.065294,-0.013756,0.000000,2.000000,1.000000,-0.000000,0.000000
5.395000,0.529061,-0.186320,0.392607,0.924978,-0.374097,-0.065408,-0.013738,0.000000,2.000000,1.000000,0.000000,0.000000
5.400000,0.528639,-0.186085,0.392646,0.924997,-0.374032,-0.065522,-0.013719,0.000000,2.000000,1.000000,0.000000,0.000000
5.405000,0.528212,-0.185845,0.392667,0.925016,-0.373963,-0.065651,-0.013700,0.000000,2.000000,1.000000,-0.000000,0.000000
5.410000,0.527786,-0.185605,0.392689,0.925035,-0.373894,-0.065779,-0.013681,0.000000,2.000000,1.000000,0.000000,0.000000
5.415000,0.527359,-0.185366,0.392710,0.925054,-0.373824,-0.065908,-0.013661,0.000000,2.000000,1.000000,0.000000,0.000000
5.420000,0.526933,-0.185126,0.392731,0.925073,-0.373755,-0.066037,-0.013642,0.000000,2.000000,1.000000,0.000000,0.000000
5.425000,0.526506,-0.184886,0.392752,0.925092,-0.373686,-0.066165,-0.013623,0.000000,2.000000,1.000000,-0.000000,0.000000
5.430000,0.526080,-0.184647,0.392774,0.925111,-0.373617,-0.066294,-0.013603,0.000000,2.000000,1.000000,0.000000,0.000000
5.435000,0.525653,-0.184407,0.392795,0.925130,-0.373548,-0.066423,-0.013584,0.000000,2.000000,1.000000,0.000000,0.000000
5.440000,0.525219,-0.184171,0.392817,0.925148,-0.373483,-0.066548,-0.013565,0.000000,2.000000,1.000000,0.000000,0.000000
5.445000,0.524784,-0.183934,0.392840,0.925165,-0.373418,-0.066674,-0.013546,0.000000,2.000000,1.000000,-0.000000,0.000000
5.450000,0.524350,-0.183698,0.392863,0.925182,-0.373353,-0.066799,-0.013527,0.000000,2.000000,1.000000,-0.000000,0.000000
5.455000,0.523915,-0.183461,0.392885,0.925200,-0.373288,-0.066924,-0.013508,0.000000,2.000000,1.000000,0.000000,0.000000
5.460000,0.523481,-0.183225,0.392908,0.925217,-0.373223,-0.067050,-0.013489,0.000000,2.000000,1.000000,-0.000000,0.000000
5.465000,0.523046,-0.182989,0.392930,0.925234,-0.373159,-0.067175,-0.013470,0.000000,2.000000,1.000000,-0.000000,0.000000
5.470000,0.522612,-0.182752,0.392953,0.925252,-0.373094,-0.067300,-0.013451,0.000000,2.000000,1.000000,0.000000,0.000000
5.475000,0.522176,-0.182520,0.392986,0.925269,-0.373032,-0.067412,-0.013433,0.000000,2.000000,1.000000,-0.000000,0.000000
5.480000,0.521741,-0.182287,0.393018,0.925286,-0.372970,-0.067524,-0.013414,0.000000,2.000000,1.000000,-0.000000,0.000000
5.485000,0.521306,-0.182055,0.393051,0.925303,-0.372908,-0.067635,-0.013396,0.000000,2.000000,1.000000,-0.000000,0.000000
5.490000,0.520870,-0.181822,0.393084,0.925320,-0.372846,-0.067747,-0.013377,0.000000,2.000000,1.000000,-0.000000,0.000000
5.495000,0.520435,-0.181590,0.393116,0.925337,-0.372783,-0.067859,-0.013359,0.000000,2.000000,1.000000,-0.000000,0.000000
5.500000,0.520000,-0.181358,0.393149,0.925354,-0.372721,-0.067970,-0.013340,0.000000,2.000000,1.000000,0.000000,0.000000
5.505000,0.519564,-0.181131,0.393173,0.925370,-0.372663,-0.068085,-0.013322,0.000000,2.000000,1.000000,0.000000,0.000000
5.510000,0.519128,-0.180904,0.393197,0.925385,-0.372604,-0.068200,-0.013303,0.000000,2.000000,1.000000,-0.000000,0.000000
5.515000,0.518693,-0.180678,0.393222,0.925401,-0.372546,-0.068315,-0.013284,0.000000,2.000000,1.000000,0.000000,0.000000
5.520000,0.518257,-0.180451,0.393246,0.925416,-0.372487,-0.068429,-0.013266,0.000000,2.000000,1.000000,-0.000000,0.000000
5.525000,0.517821,-0.180224,0.393270,0.925431,-0.372429,-0.068544,-0.013247,0.000000,2.000000,1.000000,0.000000,0.000000
5.530000,0.517386,-0.179998,0.393294,0.925447,-0.372370,-0.068659,-0.013228,0.000000,2.000000,1.000000,0.000000,0.000000
5.535000,0.516950,-0.179771,0.393319,0.925462,-0.372312,-0.068774,-0.013209,0.000000,2.000000,1.000000,-0.000000,0.000000
5.540000,0.516511,-0.179551,0.393350,0.925475,-0.372259,-0.068877,-0.013192,0.000000,2.000000,1.000000,0.000000,0.000000
5.545000,0.516072,-0.179331,0.393382,0.925489,-0.372207,-0.068981,-0.013174,0.000000,2.000000,1.000000,-0.000000,0.000000
5.550000,0.515633,-0.179112,0.393413,0.925503,-0.372154,-0.069085,-0.013156,0.000000,2.000000,1.000000,0.000000,0.000000
5.555000,0.515195,-0.178892,0.393445,0.925516,-0.372102,-0.069188,-0.013138,0.000000,2.000000,1.000000,0.000000,0.000000
5.560000,0.514756,-0.178672,0.393476,0.925530,-0.372049,-0.069292,-0.013120,0.000000,2.000000,1.000000,0.000000,0.000000
5.565000,0.514317,-0.178452,0.393507,0.925544,-0.371997,-0.069396,-0.013102,0.000000,2.000000,1.000000,0.000000,0.000000
5.570000,0.513878,-0.178232,0.393539,0.925557,-0.371944,-0.069499,-0.013084,0.000000,2.000000,1.000000,0.000000,0.000000
5.575000,0.513438,-0.178016,0.393566,0.925570,-0.371895,-0.069603,-0.013066,0.000000,2.000000,1.000000,0.000000,0.000000
5.580000,0.512999,-0.177799,0.393592,0.925582,-0.371845,-0.069707,-0.013049,0.000000,2.000000,1.000000,-0.000000,0.000000
5.585000,0.512559,-0.177583,0.393619,0.925595,-0.371795,-0.069811,-0.013031,0.000000,2.000000,1.000000,0.000000,0.000000
5.590000,0.512120,-0.177366,0.393646,0.925607,-0.371745,-0.069914,-0.013014,0.000000,2.000000,1.000000,-0.000000,0.000000
5.595000,0.511680,-0.177150,0.393672,0.925619,-0.371695,-0.070018,-0.012996,0.000000,2.000000,1.000000,-0.000000,0.000000
5.600000,0.511241,-0.176933,0.393699,0.925632,-0.371645,-0.070122,-0.012979,0.000000,2.000000,1.000000,0.000000,0.000000
5.605000,0.510801,-0.176717,0.393726,0.925644,-0.371595,-0.070226,-0.012961,0.000000,2.000000,1.000000,0.000000,0.000000
5.610000,0.510371,-0.176509,0.393742,0.925655,-0.371549,-0.070332,-0.012944,0.000000,2.000000,1.000000,0.000000,0.000000
5.615000,0.509940,-0.176301,0.393758,0.925666,-0.371502,-0.070439,-0.012927,0.000000,2.000000,1.000000,0.000000,0.000000
5.620000,0.509509,-0.176093,0.393775,0.925676,-0.371456,-0.070546,-0.012909,0.000000,2.000000,1.000000,-0.000000,0.000000
5.625000,0.509079,-0.175884,0.393791,0.925687,-0.371410,-0.070652,-0.012892,0.000000,2.000000,1.000000,0.000000,0.000000
5.630000,0.508648,-0.175676,0.393807,0.925698,-0.371364,-0.070759,-0.012875,0.000000,2.000000,1.000000,0.000000,0.000000
5.635000,0.508217,-0.175468,0.393824,0.925709,-0.371317,-0.070865,-0.012858,0.000000,2.000000,1.000000,-0.000000,0.000000
5.640000,0.507786,-0.175260,0.393840,0.925719,-0.371271,-0.070972,-0.012841,0.000000,2.000000,1.000000,-0.000000,0.000000
5.645000,0.507357,-0.175064,0.393858,0.925727,-0.371233,-0.071072,-0.012824,0.000000,2.000000,1.000000,-0.000000,0.000000
5.650000,0.506928,-0.174868,0.393875,0.925735,-0.371195,-0.071173,-0.012807,0.000000,2.000000,1.000000,-0.000000,0.000000
5.655000,0.506499,-0.174672,0.393893,0.925742,-0.371157,-0.071273,-0.012791,0.000000,2.000000,1.000000,0.000000,0.000000
5.660000,0.506070,-0.174476,0.393910,0.925750,-0.371119,-0.071374,-0.012774,0.000000,2.000000,1.000000,0.000000,0.000000
5.665000,0.505641,-0.174280,0.393928,0.925758,-0.371081,-0.071474,-0.012758,0.000000,2.000000,1.000000,-0.000000,0.000000
5.670000,0.505213,-0.174084,0.393945,0.925766,-0.371043,-0.071574,-0.012741,0.000000,2.000000,1.000000,-0.000000,0.000000
5.675000,0.504783,-0.173894,0.393965,0.925771,-0.371011,-0.071669,-0.012725,0.000000,2.000000,1.000000,0.000000,0.000000
5.680000,0.504353,-0.173705,0.393984,0.925777,-0.370978,-0.071764,-0.012709,0.000000,2.000000,1.000000,-0.000000,0.000000
5.685000,0.503924,-0.173516,0.394003,0.925783,-0.370946,-0.071859,-0.012693,0.000000,2.000000,1.000000,-0.000000,0.000000
5.690000,0.503494,-0.173327,0.394022,0.925789,-0.370913,-0.071953,-0.012677,0.000000,2.000000,1.000000,-0.000000,0.000000
5.695000,0.503065,-0.173138,0.394041,0.925795,-0.370881,-0.072048,-0.012661,0.000000,2.000000,1.000000,0.000000,0.000000
5.700000,0.502635,-0.172949,0.394060,0.925801,-0.370849,-0.072143,-0.012645,0.000000,2.000000,1.000000,-0.000000,0.000000
5.705000,0.502206,-0.172760,0.394079,0.925806,-0.370816,-0.072237,-0.012628,0.000000,2.000000,1.000000,-0.000000,0.000000
5.710000,0.501783,-0.172570,0.394096,0.925814,-0.370781,-0.072328,-0.012612,0.000000,2.000000,1.000000,-0.000000,0.000000
5.715000,0.501361,-0.172379,0.394113,0.925821,-0.370745,-0.072419,-0.012597,0.000000,2.000000,1.000000,-0.000000,0.000000
5.720000,0.500939,-0.172189,0.394130,0.925829,-0.370709,-0.072510,-0.012581,0.000000,2.000000,1.000000,-0.000000,0.000000
5.725000,0.500517,-0.171999,0.394147,0.925836,-0.370674,-0.072601,-0.012565,0.000000,2.000000,1.000000,0.000000,0.000000
5.730000,0.500095,-0.171809,0.394165,0.925843,-0.370638,-0.072692,-0.012549,0.000000,2.000000,1.000000,0.000000,0.000000
5.735000,0.499672,-0.171619,0.394182,0.925851,-0.370602,-0.072783,-0.012533,0.000000,2.000000,1.000000,-0.000000,0.000000
5.740000,0.499250,-0.171429,0.394199,0.925858,-0.370567,-0.072874,-0.012517,0.000000,2.000000,1.000000,0.000000,0.000000
5.745000,0.498835,-0.171231,0.394209,0.925869,-0.370522,-0.072968,-0.012500,0.000000,2.000000,1.000000,0.000000,0.000000
5.750000,0.498419,-0.171033,0.394219,0.925880,-0.370477,-0.073061,-0.012483,0.000000,2.000000,1.000000,0.000000,0.000000
5.755000,0.498004,-0.170834,0.394230,0.925891,-0.370432,-0.073154,-0.012467,0.000000,2.000000,1.000000,-0.000000,0.000000
5.760000,0.497588,-0.170636,0.394240,0.925901,-0.370387,-0.073247,-0.012450,0.000000,2.000000,1.000000,-0.000000,0.000000
5.765000,0.497173,-0.170438,0.394250,0.925912,-0.370342,-0.073341,-0.012433,0.000000,2.000000,1.000000,-0.000000,0.000000
5.770000,0.496758,-0.170240,0.394261,0.925923,-0.370297,-0.073434,-0.012417,0.000000,2.000000,1.000000,-0.000000,0.000000
5.775000,0.496342,-0.170042,0.394271,0.925934,-0.370252,-0.073527,-0.012400,0.000000,2.000000,1.000000,0.000000,0.000000
5.780000,0.495933,-0.169837,0.394281,0.925948,-0.370199,-0.073616,-0.012383,0.000000,2.000000,1.000000,0.000000,0.000000
5.785000,0.495524,-0.169633,0.394292,0.925962,-0.370147,-0.073706,-0.012366,0.000000,2.000000,1.000000,0.000000,0.000000
5.790000,0.495114,-0.169428,0.394302,0.925976,-0.370095,-0.073795,-0.012349,0.000000,2.000000,1.000000,-0.000000,0.000000
5.795000,0.494705,-0.169223,0.394312,0.925990,-0.370042,-0.073884,-0.012332,0.000000,2.000000,1.000000,0.000000,0.000000
5.800000,0.494296,-0.169018,0.394322,0.926004,-0.369990,-0.073973,-0.012314,0.000000,2.000000,1.000000,-0.000000,0.000000
5.805000,0.493886,-0.168813,0.394333,0.926018,-0.369937,-0.074062,-0.012297,0.000000,2.000000,1.000000,0.000000,0.000000
5.810000,0.493477,-0.168609,0.394343,0.926032,-0.369885,-0.074152,-0.012280,0.000000,2.000000,1.000000,0.000000,0.000000
5.815000,0.493072,-0.168396,0.394348,0.926050,-0.369824,-0.074242,-0.012262,0.000000,2.000000,1.000000,0.000000,0.000000
5.820000,0.492667,-0.168183,0.394354,0.926067,-0.369762,-0.074332,-0.012245,0.000000,2.000000,1.000000,0.000000,0.000000
5.825000,0.492262,-0.167970,0.394359,0.926085,-0.369701,-0.074422,-0.012227,0.000000,2.000000,1.000000,-0.000000,0.000000
5.830000,0.491857,-0.167757,0.394365,0.926102,-0.369640,-0.074512,-0.012209,0.000000,2.000000,1.000000,0.000000,0.000000
5.835000,0.491452,-0.167544,0.394370,0.926120,-0.369579,-0.074603,-0.012191,0.000000,2.000000,1.000000,-0.000000,0.000000
5.840000,0.491047,-0.167331,0.394375,0.926137,-0.369517,-0.074693,-0.012174,0.000000,2.000000,1.000000,-0.000000,0.000000
5.845000,0.490644,-0.167113,0.394382,0.926157,-0.369450,-0.074778,-0.012155,0.000000,2.000000,1.000000,-0.000000,0.000000
5.850000,0.490241,-0.166895,0.394389,0.926177,-0.369383,-0.074863,-0.012137,0.000000,2.000000,1.000000,-0.000000,0.000000
5.855000,0.489839,-0.166677,0.394395,0.926198,-0.369315,-0.074948,-0.012119,0.000000,2.000000,1.000000,-0.000000,0.000000
5.860000,0.489436,-0.166459,0.394402,0.926218,-0.369248,-0.075033,-0.012101,0.000000,2.000000,1.000000,0.000000,0.000000
5.865000,0.489034,-0.166241,0.394408,0.926238,-0.369181,-0.075117,-0.012083,0.000000,2.000000,1.000000,-0.000000,0.000000
5.870000,0.488631,-0.166023,0.394415,0.926258,-0.369114,-0.075202,-0.012064,0.000000,2.000000,1.000000,0.000000,0.000000
5.875000,0.488228,-0.165805,0.394422,0.926278,-0.369046,-0.075287,-0.012046,0.000000,2.000000,1.000000,0.000000,0.000000
5.880000,0.487824,-0.165587,0.394431,0.926299,-0.368979,-0.075366,-0.012028,0.000000,2.000000,1.000000,-0.000000,0.000000
5.885000,0.487420,-0.165370,0.394441,0.926319,-0.368912,-0.075444,-0.012011,0.000000,2.000000,1.000000,-0.000000,0.000000
5.890000,0.487016,-0.165152,0.394451,0.926340,-0.368845,-0.075523,-0.011993,0.000000,2.000000,1.000000,-0.000000,0.000000
5.895000,0.486612,-0.164934,0.394460,0.926361,-0.368778,-0.075602,-0.011975,0.000000,2.000000,1.000000,-0.000000,0.000000
5.900000,0.486208,-0.164717,0.394470,0.926381,-0.368711,-0.075680,-0.011957,0.000000,2.000000,1.000000,-0.000000,0.000000
5.905000,0.485804,-0.164499,0.394480,0.926402,-0.368644,-0.075759,-0.011939,0.000000,2.000000,1.000000,-0.000000,0.000000
5.910000,0.485399,-0.164281,0.394489,0.926422,-0.368576,-0.075837,-0.011921,0.000000,2.000000,1.000000,-0.000000,0.000000
5.915000,0.484990,-0.164055,0.394477,0.926443,-0.368503,-0.075936,-0.011902,0.000000,2.000000,1.000000,-0.000000,0.000000
5.920000,0.484581,-0.163830,0.394464,0.926465,-0.368430,-0.076035,-0.011883,0.000000,2.000000,1.000000,0.000000,0.000000
5.925000,0.484172,-0.163604,0.394451,0.926486,-0.368356,-0.076134,-0.011863,0.000000,2.000000,1.000000,0.000000,0.000000
5.930000,0.483763,-0.163378,0.394439,0.926507,-0.368283,-0.076233,-0.011844,0.000000,2.000000,1.000000,0.000000,0.000000
5.935000,0.483354,-0.163152,0.394426,0.926529,-0.368210,-0.076332,-0.011825,0.000000,2.000000,1.000000,0.000000,0.000000
5.940000,0.482945,-0.162926,0.394413,0.926550,-0.368136,-0.076431,-0.011805,0.000000,2.000000,1.000000,0.000000,0.000000
5.945000,0.482536,-0.162700,0.394401,0.926571,-0.368063,-0.076530,-0.011786,0.000000,2.000000,1.000000,-0.000000,0.000000
5.950000,0.482127,-0.162468,0.394387,0.926595,-0.367983,-0.076627,-0.011766,0.000000,2.000000,1.000000,0.000000,0.000000
5.955000,0.481718,-0.162235,0.394373,0.926619,-0.367902,-0.076723,-0.011746,0.000000,2.000000,1.000000,0.000000,0.000000
5.960000,0.481309,-0.162002,0.394360,0.926643,-0.367822,-0.076820,-0.011726,0.000000,2.000000,1.000000,0.000000,0.000000
5.965000,0.480901,-0.161770,0.394346,0.926668,-0.367742,-0.076916,-0.011705,0.000000,2.000000,1.000000,0.000000,0.000000
5.970000,0.480492,-0.161537,0.394332,0.926692,-0.367662,-0.077013,-0.011685,0.000000,2.000000,1.000000,0.000000,0.000000
5.975000,0.480083,-0.161304,0.394319,0.926716,-0.367582,-0.077109,-0.011665,0.000000,2.000000,1.000000,0.000000,0.000000
5.980000,0.479674,-0.161072,0.394305,0.926740,-0.367501,-0.077206,-0.011645,0.000000,2.000000,1.000000,-0.000000,0.000000
5.985000,0.479265,-0.160843,0.394302,0.926764,-0.367423,-0.077287,-0.011625,0.000000,2.000000,1.000000,0.000000,0.000000
5.990000,0.478856,-0.160614,0.394299,0.926788,-0.367345,-0.077369,-0.011606,0.000000,2.000000,1.000000,-0.000000,0.000000
5.995000,0.478446,-0.160385,0.394297,0.926813,-0.367267,-0.077450,-0.011586,0.000000,2.000000,1.000000,0.000000,0.000000
6.000000,0.478037,-0.160156,0.394294,0.926837,-0.367189,-0.077532,-0.011567,0.000000,2.000000,1.000000,0.000000,0.000000
6.005000,0.477627,-0.159927,0.394291,0.926861,-0.367111,-0.077613,-0.011547,0.000000,2.000000,1.000000,-0.000000,0.000000
6.010000,0.477218,-0.159698,0.394288,0.926886,-0.367033,-0.077695,-0.011528,0.000000,2.000000,1.000000,-0.000000,0.000000
6.015000,0.476810,-0.159475,0.394277,0.926908,-0.366959,-0.077780,-0.011509,0.000000,2.000000,1.000000,-0.000000,0.000000
6.020000,0.476402,-0.159251,0.394266,0.926931,-0.366885,-0.077865,-0.011489,0.000000,2.000000,1.000000,-0.000000,0.000000
6.025000,0.475993,-0.159028,0.394255,0.926953,-0.366811,-0.077951,-0.011470,0.000000,2.000000,1.000000,-0.000000,0.000000
6.030000,0.475585,-0.158805,0.394243,0.926976,-0.366736,-0.078036,-0.011450,0.000000,2.000000,1.000000,-0.000000,0.000000
6.035000,0.475177,-0.158581,0.394232,0.926998,-0.366662,-0.078121,-0.011431,0.000000,2.000000,1.000000,-0.000000,0.000000
6.040000,0.474769,-0.158358,0.394221,0.927021,-0.366588,-0.078207,-0.011412,0.000000,2.000000,1.000000,0.000000,0.000000
6.045000,0.474361,-0.158135,0.394210,0.927043,-0.366513,-0.078292,-0.011392,0.000000,2.000000,1.000000,0.000000,0.000000
6.050000,0.473958,-0.157919,0.394206,0.927064,-0.366444,-0.078365,-0.011374,0.000000,2.000000,1.000000,0.000000,0.000000
6.055000,0.473556,-0.157704,0.394202,0.927086,-0.366374,-0.078438,-0.011355,0.000000,2.000000,1.000000,-0.000000,0.000000
6.060000,0.473153,-0.157489,0.394198,0.927108,-0.366305,-0.078512,-0.011337,0.000000,2.000000,1.000000,-0.000000,0.000000
6.065000,0.472751,-0.157273,0.394194,0.927129,-0.366235,-0.078585,-0.011318,0.000000,2.000000,1.000000,-0.000000,0.000000
6.070000,0.472348,-0.157058,0.394190,0.927151,-0.366165,-0.078658,-0.011300,0.000000,2.000000,1.000000,-0.000000,0.000000
6.075000,0.471946,-0.156842,0.394186,0.927172,-0.366096,-0.078731,-0.011281,0.000000,2.000000,1.000000,-0.000000,0.000000
6.080000,0.471543,-0.156627,0.394182,0.927193,-0.366026,-0.078805,-0.011263,0.000000,2.000000,1.000000,-0.000000,0.000000
6.085000,0.471136,-0.156418,0.394177,0.927213,-0.365963,-0.078875,-0.011245,0.000000,2.000000,1.000000,0.000000,0.000000
6.090000,0.470728,-0.156209,0.394173,0.927232,-0.365900,-0.078946,-0.011227,0.000000,2.000000,1.000000,0.000000,0.000000
6.095000,0.470320,-0.156000,0.394169,0.927251,-0.365837,-0.079017,-0.011209,0.000000,2.000000,1.000000,0.000000,0.000000
6.100000,0.469913,-0.155790,0.394165,0.927270,-0.365774,-0.079087,-0.011191,0.000000,2.000000,1.000000,-0.000000,0.000000
6.105000,0.469505,-0.155581,0.394161,0.927289,-0.365710,-0.079158,-0.011173,0.000000,2.000000,1.000000,-0.000000,0.000000
6.110000,0.469097,-0.155372,0.394156,0.927308,-0.365647,-0.079228,-0.011155,0.000000,2.000000,1.000000,0.000000,0.000000
6.115000,0.468690,-0.155163,0.394152,0.927327,-0.365584,-0.079299,-0.011137,0.000000,2.000000,1.000000,-0.000000,0.000000
6.120000,0.468282,-0.154956,0.394141,0.927346,-0.365522,-0.079373,-0.011119,0.000000,2.000000,1.000000,-0.000000,0.000000
6.125000,0.467874,-0.154749,0.394129,0.927364,-0.365460,-0.079447,-0.011100,0.000000,2.000000,1.000000,0.000000,0.000000
6.130000,0.467466,-0.154543,0.394118,0.927382,-0.365398,-0.079521,-0.011082,0.000000,2.000000,1.000000,0.000000,0.000000
6.135000,0.467058,-0.154336,0.394106,0.927401,-0.365336,-0.079595,-0.011064,0.000000,2.000000,1.000000,0.000000,0.000000
6.140000,0.466650,-0.154129,0.394095,0.927419,-0.365273,-0.079669,-0.011046,0.000000,2.000000,1.000000,0.000000,0.000000
6.145000,0.466242,-0.153923,0.394083,0.927437,-0.365211,-0.079742,-0.011028,0.000000,2.000000,1.000000,-0.000000,0.000000
6.150000,0.465834,-0.153716,0.394071,0.927456,-0.365149,-0.079816,-0.011010,0.000000,2.000000,1.000000,0.000000,0.000000
6.155000,0.465438,-0.153514,0.394077,0.927476,-0.365087,-0.079867,-0.010993,0.000000,2.000000,1.000000,-0.000000,0.000000
6.160000,0.465043,-0.153313,0.394083,0.927496,-0.365025,-0.079917,-0.010976,0.000000,2.000000,1.000000,-0.000000,0.000000
6.165000,0.464648,-0.153111,0.394088,0.927517,-0.364963,-0.079967,-0.010959,0.000000,2.000000,1.000000,-0.000000,0.000000
6.170000,0.464253,-0.152909,0.394094,0.927537,-0.364901,-0.080018,-0.010942,0.000000,2.000000,1.000000,0.000000,0.000000
6.175000,0.463858,-0.152708,0.394099,0.927557,-0.364839,-0.080068,-0.010926,0.000000,2.000000,1.000000,-0.000000,0.000000
6.180000,0.463463,-0.152506,0.394105,0.927577,-0.364777,-0.080119,-0.010909,0.000000,2.000000,1.000000,0.000000,0.000000
6.185000,0.463075,-0.152308,0.394112,0.927598,-0.364716,-0.080163,-0.010893,0.000000,2.000000,1.000000,0.000000,0.000000
6.190000,0.462687,-0.152110,0.394119,0.927618,-0.364654,-0.080208,-0.010876,0.000000,2.000000,1.000000,-0.000000,0.000000
6.195000,0.462299,-0.151911,0.394126,0.927639,-0.364592,-0.080252,-0.010860,0.000000,2.000000,1.000000,0.000000,0.000000
6.200000,0.461912,-0.151713,0.394133,0.927660,-0.364530,-0.080297,-0.010844,0.000000,2.000000,1.000000,-0.000000,0.000000
6.205000,0.461524,-0.151515,0.394141,0.927680,-0.364469,-0.080341,-0.010828,0.000000,2.000000,1.000000,-0.000000,0.000000
6.210000,0.461136,-0.151316,0.394148,0.927701,-0.364407,-0.080386,-0.010811,0.000000,2.000000,1.000000,-0.000000,0.000000
6.215000,0.460748,-0.151118,0.394155,0.927721,-0.364345,-0.080430,-0.010795,0.000000,2.000000,1.000000,0.000000,0.000000
6.220000,0.460369,-0.150916,0.394158,0.927745,-0.364277,-0.080474,-0.010778,0.000000,2.000000,1.000000,0.000000,0.000000
6.225000,0.459990,-0.150714,0.394162,0.927768,-0.364208,-0.080518,-0.010762,0.000000,2.000000,1.000000,0.000000,0.000000
6.230000,0.459611,-0.150513,0.394165,0.927791,-0.364140,-0.080562,-0.010745,0.000000,2.000000,1.000000,0.000000,0.000000
6.235000,0.459232,-0.150311,0.394169,0.927814,-0.364071,-0.080606,-0.010729,0.000000,2.000000,1.000000,-0.000000,0.000000
6.240000,0.458853,-0.150109,0.394172,0.927838,-0.364003,-0.080649,-0.010712,0.000000,2.000000,1.000000,-0.000000,0.000000
6.245000,0.458474,-0.149907,0.394176,0.927861,-0.363934,-0.080693,-0.010696,0.000000,2.000000,1.000000,-0.000000,0.000000
6.250000,0.458095,-0.149705,0.394179,0.927884,-0.363866,-0.080737,-0.010679,0.000000,2.000000,1.000000,0.000000,0.000000
6.255000,0.457728,-0.149501,0.394202,0.927912,-0.363791,-0.080755,-0.010664,0.000000,2.000000,1.000000,-0.000000,0.000000
6.260000,0.457360,-0.149296,0.394226,0.927940,-0.363717,-0.080774,-0.010648,0.000000,2.000000,1.000000,-0.000000,0.000000
6.265000,0.456993,-0.149092,0.394249,0.927968,-0.363642,-0.080792,-0.010632,0.000000,2.000000,1.000000,-0.000000,0.000000
6.270000,0.456625,-0.148887,0.394273,0.927996,-0.363567,-0.080810,-0.010616,0.000000,2.000000,1.000000,0.000000,0.000000
6.275000,0.456258,-0.148683,0.394296,0.928024,-0.363493,-0.080828,-0.010601,0.000000,2.000000,1.000000,0.000000,0.000000
6.280000,0.455890,-0.148478,0.394319,0.928051,-0.363418,-0.080846,-0.010585,0.000000,2.000000,1.000000,0.000000,0.000000
6.285000,0.455523,-0.148274,0.394343,0.928079,-0.363343,-0.080864,-0.010569,0.000000,2.000000,1.000000,0.000000,0.000000
6.290000,0.455156,-0.148068,0.394360,0.928107,-0.363267,-0.080886,-0.010553,0.000000,2.000000,1.000000,0.000000,0.000000
6.295000,0.454789,-0.147863,0.394377,0.928136,-0.363190,-0.080908,-0.010536,0.000000,2.000000,1.000000,0.000000,0.000000
6.300000,0.454421,-0.147658,0.394393,0.928164,-0.363113,-0.080930,-0.010520,0.000000,2.000000,1.000000,0.000000,0.000000
6.305000,0.454054,-0.147452,0.394410,0.928192,-0.363037,-0.080952,-0.010504,0.000000,2.000000,1.000000,0.000000,0.000000
6.310000,0.453687,-0.147247,0.394427,0.928220,-0.362960,-0.080974,-0.010487,0.000000,2.000000,1.000000,0.000000,0.000000
6.315000,0.453320,-0.147042,0.394444,0.928249,-0.362883,-0.080995,-0.010471,0.000000,2.000000,1.000000,0.000000,0.000000
6.320000,0.452953,-0.146836,0.394461,0.928277,-0.362807,-0.081017,-0.010455,0.000000,2.000000,1.000000,0.000000,0.000000
6.325000,0.452586,-0.146631,0.394463,0.928305,-0.362729,-0.081052,-0.010438,0.000000,2.000000,1.000000,-0.000000,0.000000
6.330000,0.452220,-0.146425,0.394464,0.928332,-0.362650,-0.081087,-0.010421,0.000000,2.000000,1.000000,0.000000,0.000000
6.335000,0.451853,-0.146220,0.394465,0.928360,-0.362572,-0.081122,-0.010404,0.000000,2.000000,1.000000,-0.000000,0.000000
6.340000,0.451487,-0.146014,0.394467,0.928388,-0.362494,-0.081157,-0.010387,0.000000,2.000000,1.000000,0.000000,0.000000
6.345000,0.451120,-0.145809,0.394468,0.928415,-0.362416,-0.081192,-0.010370,0.000000,2.000000,1.000000,-0.000000,0.000000
6.350000,0.450754,-0.145603,0.394470,0.928443,-0.362337,-0.081226,-0.010353,0.000000,2.000000,1.000000,0.000000,0.000000
6.355000,0.450396,-0.145398,0.394487,0.928474,-0.362256,-0.081240,-0.010338,0.000000,2.000000,1.000000,-0.000000,0.000000
6.360000,0.450039,-0.145193,0.394504,0.928504,-0.362175,-0.081253,-0.010322,0.000000,2.000000,1.000000,-0.000000,0.000000
6.365000,0.449682,-0.144989,0.394522,0.928535,-0.362094,-0.081266,-0.010306,0.000000,2.000000,1.000000,0.000000,0.000000
6.370000,0.449324,-0.144784,0.394539,0.928566,-0.362013,-0.081279,-0.010291,0.000000,2.000000,1.000000,0.000000,0.000000
6.375000,0.448967,-0.144579,0.394557,0.928596,-0.361932,-0.081293,-0.010275,0.000000,2.000000,1.000000,-0.000000,0.000000
6.380000,0.448610,-0.144374,0.394574,0.928627,-0.361851,-0.081306,-0.010259,0.000000,2.000000,1.000000,-0.000000,0.000000
6.385000,0.448252,-0.144169,0.394592,0.928657,-0.361770,-0.081319,-0.010244,0.000000,2.000000,1.000000,-0.000000,0.000000
6.390000,0.447899,-0.143962,0.394606,0.928690,-0.361685,-0.081332,-0.010227,0.000000,2.000000,1.000000,0.000000,0.000000
6.395000,0.447546,-0.143755,0.394620,0.928722,-0.361599,-0.081345,-0.010211,0.000000,2.000000,1.000000,-0.000000,0.000000
6.400000,0.447193,-0.143548,0.394635,0.928754,-0.361514,-0.081358,-0.010195,0.000000,2.000000,1.000000,-0.000000,0.000000
6.405000,0.446840,-0.143341,0.394649,0.928786,-0.361429,-0.081371,-0.010178,0.000000,2.000000,1.000000,-0.000000,0.000000
6.410000,0.446487,-0.143135,0.394663,0.928819,-0.361344,-0.081384,-0.010162,0.000000,2.000000,1.000000,-0.000000,0.000000
6.415000,0.446134,-0.142928,0.394678,0.928851,-0.361258,-0.081397,-0.010146,0.000000,2.000000,1.000000,0.000000,0.000000
6.420000,0.445781,-0.142721,0.394692,0.928883,-0.361173,-0.081410,-0.010129,0.000000,2.000000,1.000000,0.000000,0.000000
6.425000,0.445432,-0.142517,0.394695,0.928914,-0.361089,-0.081432,-0.010112,0.000000,2.000000,1.000000,0.000000,0.000000
6.430000,0.445082,-0.142314,0.394697,0.928945,-0.361005,-0.081454,-0.010095,0.000000,2.000000,1.000000,0.000000,0.000000
6.435000,0.444732,-0.142110,0.394700,0.928976,-0.360920,-0.081475,-0.010078,0.000000,2.000000,1.000000,-0.000000,0.000000
6.440000,0.444383,-0.141907,0.394703,0.929007,-0.360836,-0.081497,-0.010061,0.000000,2.000000,1.000000,-0.000000,0.000000
6.445000,0.444033,-0.141703,0.394706,0.929038,-0.360752,-0.081519,-0.010044,0.000000,2.000000,1.000000,-0.000000,0.000000
6.450000,0.443684,-0.141500,0.394709,0.929069,-0.360668,-0.081541,-0.010027,0.000000,2.000000,1.000000,-0.000000,0.000000
6.455000,0.443334,-0.141296,0.394711,0.929100,-0.360583,-0.081562,-0.010010,0.000000,2.000000,1.000000,0.000000,0.000000
6.460000,0.442992,-0.141101,0.394727,0.929131,-0.360504,-0.081566,-0.009994,0.000000,2.000000,1.000000,-0.000000,0.000000
6.465000,0.442650,-0.140906,0.394742,0.929161,-0.360425,-0.081571,-0.009979,0.000000,2.000000,1.000000,-0.000000,0.000000
6.470000,0.442307,-0.140711,0.394757,0.929192,-0.360345,-0.081575,-0.009964,0.000000,2.000000,1.000000,0.000000,0.000000
6.475000,0.441965,-0.140515,0.394772,0.929222,-0.360266,-0.081579,-0.009948,0.000000,2.000000,1.000000,0.000000,0.000000
6.480000,0.441622,-0.140320,0.394787,0.929253,-0.360186,-0.081583,-0.009933,0.000000,2.000000,1.000000,0.000000,0.000000
6.485000,0.441280,-0.140125,0.394802,0.929284,-0.360107,-0.081587,-0.009917,0.000000,2.000000,1.000000,0.000000,0.000000
6.490000,0.440938,-0.139930,0.394817,0.929314,-0.360028,-0.081592,-0.009902,0.000000,2.000000,1.000000,-0.000000,0.000000
6.495000,0.440591,-0.139737,0.394826,0.929343,-0.359951,-0.081600,-0.009887,0.000000,2.000000,1.000000,0.000000,0.000000
6.500000,0.440244,-0.139544,0.394835,0.929373,-0.359874,-0.081609,-0.009871,0.000000,2.000000,1.000000,0.000000,0.000000
6.505000,0.439897,-0.139351,0.394844,0.929402,-0.359797,-0.081617,-0.009856,0.000000,2.000000,1.000000,0.000000,0.000000
6.510000,0.439550,-0.139159,0.394853,0.929431,-0.359720,-0.081625,-0.009840,0.000000,2.000000,1.000000,0.000000,0.000000
6.515000,0.439202,-0.138966,0.394862,0.929460,-0.359643,-0.081634,-0.009824,0.000000,2.000000,1.000000,-0.000000,0.000000
6.520000,0.438855,-0.138773,0.394871,0.929490,-0.359566,-0.081642,-0.009809,0.000000,2.000000,1.000000,-0.000000,0.000000
6.525000,0.438505,-0.138580,0.394863,0.929517,-0.359489,-0.081665,-0.009793,0.000000,2.000000,1.000000,-0.000000,0.000000
6.530000,0.438154,-0.138388,0.394856,0.929545,-0.359413,-0.081687,-0.009776,0.000000,2.000000,1.000000,0.000000,0.000000
6.535000,0.437803,-0.138195,0.394849,0.929573,-0.359337,-0.081710,-0.009760,0.000000,2.000000,1.000000,-0.000000,0.000000
6.540000,0.437452,-0.138003,0.394841,0.929600,-0.359260,-0.081733,-0.009743,0.000000,2.000000,1.000000,0.000000,0.000000
6.545000,0.437101,-0.137810,0.394834,0.929628,-0.359184,-0.081755,-0.009727,0.000000,2.000000,1.000000,0.000000,0.000000
6.550000,0.436750,-0.137617,0.394826,0.929656,-0.359107,-0.081778,-0.009710,0.000000,2.000000,1.000000,0.000000,0.000000
6.555000,0.436399,-0.137425,0.394819,0.929684,-0.359031,-0.081801,-0.009694,0.000000,2.000000,1.000000,-0.000000,0.000000
6.560000,0.436056,-0.137231,0.394809,0.929713,-0.358950,-0.081822,-0.009678,0.000000,2.000000,1.000000,0.000000,0.000000
6.565000,0.435712,-0.137038,0.394799,0.929742,-0.358870,-0.081844,-0.009662,0.000000,2.000000,1.000000,0.000000,0.000000
6.570000,0.435369,-0.136844,0.394789,0.929772,-0.358789,-0.081865,-0.009645,0.000000,2.000000,1.000000,0.000000,0.000000
6.575000,0.435025,-0.136650,0.394779,0.929801,-0.358709,-0.081887,-0.009629,0.000000,2.000000,1.000000,0.000000,0.000000
6.580000,0.434682,-0.136457,0.394770,0.929830,-0.358628,-0.081908,-0.009613,0.000000,2.000000,1.000000,0.000000,0.000000
6.585000,0.434338,-0.136263,0.394760,0.929860,-0.358548,-0.081930,-0.009597,0.000000,2.000000,1.000000,-0.000000,0.000000
6.590000,0.433995,-0.136070,0.394750,0.929889,-0.358467,-0.081951,-0.009581,0.000000,2.000000,1.000000,-0.000000,0.000000
6.595000,0.433654,-0.135864,0.394739,0.929924,-0.358373,-0.081971,-0.009564,0.000000,2.000000,1.000000,0.000000,0.000000
6.600000,0.433313,-0.135659,0.394728,0.929958,-0.358279,-0.081991,-0.009547,0.000000,2.000000,1.000000,-0.000000,0.000000
6.605000,0.432972,-0.135453,0.394717,0.929993,-0.358185,-0.082011,-0.009529,0.000000,2.000000,1.000000,0.000000,0.000000
6.610000,0.432631,-0.135248,0.394705,0.930028,-0.358091,-0.082031,-0.009512,0.000000,2.000000,1.000000,-0.000000,0.000000
6.615000,0.432290,-0.135042,0.394694,0.930062,-0.357997,-0.082051,-0.009495,0.000000,2.000000,1.000000,-0.000000,0.000000
6.620000,0.431950,-0.134836,0.394683,0.930097,-0.357903,-0.082071,-0.009478,0.000000,2.000000,1.000000,-0.000000,0.000000
6.625000,0.431609,-0.134631,0.394672,0.930131,-0.357809,-0.082091,-0.009461,0.000000,2.000000,1.000000,0.000000,0.000000
6.630000,0.431275,-0.134411,0.394662,0.930173,-0.357697,-0.082107,-0.009443,0.000000,2.000000,1.000000,-0.000000,0.000000
6.635000,0.430942,-0.134190,0.394653,0.930215,-0.357586,-0.082122,-0.009424,0.000000,2.000000,1.000000,-0.000000,0.000000
6.640000,0.430608,-0.133970,0.394643,0.930257,-0.357474,-0.082137,-0.009406,0.000000,2.000000,1.000000,-0.000000,0.000000
6.645000,0.430274,-0.133749,0.394633,0.930298,-0.357362,-0.082153,-0.009387,0.000000,2.000000,1.000000,-0.000000,0.000000
6.650000,0.429941,-0.133529,0.394624,0.930340,-0.357251,-0.082168,-0.009369,0.000000,2.000000,1.000000,0.000000,0.000000
6.655000,0.429607,-0.133308,0.394614,0.930382,-0.357139,-0.082184,-0.009351,0.000000,2.000000,1.000000,0.000000,0.000000
6.660000,0.429274,-0.133088,0.394604,0.930423,-0.357028,-0.082199,-0.009332,0.000000,2.000000,1.000000,-0.000000,0.000000
6.665000,0.428952,-0.132856,0.394592,0.930471,-0.356899,-0.082214,-0.009313,0.000000,2.000000,1.000000,-0.000000,0.000000
6.670000,0.428630,-0.132624,0.394581,0.930520,-0.356771,-0.082228,-0.009293,0.000000,2.000000,1.000000,-0.000000,0.000000
6.675000,0.428309,-0.132392,0.394569,0.930568,-0.356643,-0.082243,-0.009274,0.000000,2.000000,1.000000,0.000000,0.000000
6.680000,0.427987,-0.132160,0.394557,0.930616,-0.356514,-0.082258,-0.009255,0.000000,2.000000,1.000000,-0.000000,0.000000
6.685000,0.427665,-0.131928,0.394545,0.930664,-0.356386,-0.082272,-0.009235,0.000000,2.000000,1.000000,-0.000000,0.000000
6.690000,0.427343,-0.131696,0.394533,0.930712,-0.356258,-0.082287,-0.009216,0.000000,2.000000,1.000000,0.000000,0.000000
6.695000,0.427022,-0.131454,0.394523,0.930765,-0.356118,-0.082296,-0.009195,0.000000,2.000000,1.000000,0.000000,0.000000
6.700000,0.426701,-0.131212,0.394513,0.930818,-0.355978,-0.082306,-0.009174,0.000000,2.000000,1.000000,-0.000000,0.000000
6.705000,0.426379,-0.130970,0.394503,0.930870,-0.355838,-0.082315,-0.009154,0.000000,2.000000,1.000000,0.000000,0.000000
6.710000,0.426058,-0.130728,0.394493,0.930923,-0.355698,-0.082325,-0.009133,0.000000,2.000000,1.000000,0.000000,0.000000
6.715000,0.425736,-0.130486,0.394484,0.930976,-0.355558,-0.082334,-0.009113,0.000000,2.000000,1.000000,-0.000000,0.000000
6.720000,0.425415,-0.130244,0.394474,0.931029,-0.355418,-0.082344,-0.009092,0.000000,2.000000,1.000000,-0.000000,0.000000
6.725000,0.425093,-0.130002,0.394464,0.931082,-0.355278,-0.082353,-0.009071,0.000000,2.000000,1.000000,-0.000000,0.000000
6.730000,0.424769,-0.129753,0.394443,0.931137,-0.355130,-0.082372,-0.009049,0.000000,2.000000,1.000000,0.000000,0.000000
6.735000,0.424444,-0.129503,0.394421,0.931192,-0.354982,-0.082391,-0.009027,0.000000,2.000000,1.000000,0.000000,0.000000
6.740000,0.424120,-0.129254,0.394400,0.931247,-0.354834,-0.082409,-0.009005,0.000000,2.000000,1.000000,0.000000,0.000000
6.745000,0.423795,-0.129004,0.394379,0.931302,-0.354686,-0.082428,-0.008983,0.000000,2.000000,1.000000,0.000000,0.000000
6.750000,0.423470,-0.128755,0.394358,0.931357,-0.354538,-0.082447,-0.008961,0.000000,2.000000,1.000000,-0.000000,0.000000
6.755000,0.423146,-0.128505,0.394337,0.931412,-0.354390,-0.082465,-0.008939,0.000000,2.000000,1.000000,0.000000,0.000000
6.760000,0.422821,-0.128256,0.394315,0.931466,-0.354241,-0.082484,-0.008917,0.000000,2.000000,1.000000,0.000000,0.000000
6.765000,0.422494,-0.128008,0.394277,0.931520,-0.354094,-0.082518,-0.008894,0.000000,2.000000,1.000000,-0.000000,0.000000
6.770000,0.422167,-0.127760,0.394239,0.931573,-0.353947,-0.082553,-0.008871,0.000000,2.000000,1.000000,-0.000000,0.000000
6.775000,0.421840,-0.127512,0.394201,0.931626,-0.353799,-0.082587,-0.008848,0.000000,2.000000,1.000000,0.000000,0.000000
6.780000,0.421512,-0.127264,0.394163,0.931679,-0.353652,-0.082621,-0.008825,0.000000,2.000000,1.000000,-0.000000,0.000000
6.785000,0.421185,-0.127016,0.394125,0.931732,-0.353504,-0.082656,-0.008801,0.000000,2.000000,1.000000,0.000000,0.000000
6.790000,0.420858,-0.126768,0.394087,0.931786,-0.353357,-0.082690,-0.008778,0.000000,2.000000,1.000000,-0.000000,0.000000
6.795000,0.420531,-0.126521,0.394049,0.931839,-0.353209,-0.082724,-0.008755,0.000000,2.000000,1.000000,0.000000,0.000000
6.800000,0.420205,-0.126276,0.394023,0.931893,-0.353063,-0.082742,-0.008733,0.000000,2.000000,1.000000,-0.000000,0.000000
6.805000,0.419879,-0.126032,0.393996,0.931946,-0.352918,-0.082761,-0.008711,0.000000,2.000000,1.000000,0.000000,0.000000
6.810000,0.419553,-0.125788,0.393970,0.932000,-0.352772,-0.082779,-0.008689,0.000000,2.000000,1.000000,0.000000,0.000000
6.815000,0.419226,-0.125544,0.393943,0.932054,-0.352626,-0.082797,-0.008667,0.000000,2.000000,1.000000,0.000000,0.000000
6.820000,0.418900,-0.125300,0.393917,0.932108,-0.352480,-0.082815,-0.008645,0.000000,2.000000,1.000000,-0.000000,0.000000
6.825000,0.418574,-0.125056,0.393890,0.932161,-0.352334,-0.082833,-0.008622,0.000000,2.000000,1.000000,0.000000,0.000000
6.830000,0.418248,-0.124812,0.393864,0.932215,-0.352189,-0.082852,-0.008600,0.000000,2.000000,1.000000,0.000000,0.000000
6.835000,0.417929,-0.124562,0.393838,0.932273,-0.352032,-0.082866,-0.008578,0.000000,2.000000,1.000000,0.000000,0.000000
6.840000,0.417609,-0.124311,0.393812,0.932331,-0.351876,-0.082880,-0.008556,0.000000,2.000000,1.000000,0.000000,0.000000
6.845000,0.417290,-0.124061,0.393786,0.932389,-0.351720,-0.082895,-0.008534,0.000000,2.000000,1.000000,0.000000,0.000000
6.850000,0.416970,-0.123811,0.393761,0.932447,-0.351563,-0.082909,-0.008511,0.000000,2.000000,1.000000,-0.000000,0.000000
6.855000,0.416651,-0.123561,0.393735,0.932505,-0.351407,-0.082923,-0.008489,0.000000,2.000000,1.000000,-0.000000,0.000000
6.860000,0.416331,-0.123311,0.393709,0.932562,-0.351251,-0.082938,-0.008467,0.000000,2.000000,1.000000,0.000000,0.000000
6.865000,0.416020,-0.123055,0.393684,0.932624,-0.351084,-0.082949,-0.008444,0.000000,2.000000,1.000000,-0.000000,0.000000
6.870000,0.415709,-0.122800,0.393658,0.932686,-0.350918,-0.082960,-0.008421,0.000000,2.000000,1.000000,-0.000000,0.000000
6.875000,0.415398,-0.122544,0.393633,0.932748,-0.350752,-0.082971,-0.008398,0.000000,2.000000,1.000000,-0.000000,0.000000
6.880000,0.415086,-0.122289,0.393607,0.932809,-0.350586,-0.082982,-0.008375,0.000000,2.000000,1.000000,-0.000000,0.000000
6.885000,0.414775,-0.122033,0.393582,0.932871,-0.350420,-0.082994,-0.008352,0.000000,2.000000,1.000000,-0.000000,0.000000
6.890000,0.414464,-0.121778,0.393557,0.932933,-0.350254,-0.083005,-0.008329,0.000000,2.000000,1.000000,0.000000,0.000000
6.895000,0.414153,-0.121522,0.393531,0.932994,-0.350087,-0.083016,-0.008306,0.000000,2.000000,1.000000,0.000000,0.000000
6.900000,0.413852,-0.121264,0.393518,0.933060,-0.349914,-0.083010,-0.008284,0.000000,2.000000,1.000000,0.000000,0.000000
6.905000,0.413550,-0.121007,0.393505,0.933126,-0.349741,-0.083004,-0.008261,0.000000,2.000000,1.000000,0.000000,0.000000
6.910000,0.413249,-0.120749,0.393492,0.933191,-0.349567,-0.082998,-0.008239,0.000000,2.000000,1.000000,-0.000000,0.000000
6.915000,0.412948,-0.120491,0.393479,0.933257,-0.349394,-0.082992,-0.008216,0.000000,2.000000,1.000000,0.000000,0.000000
6.920000,0.412646,-0.120233,0.393466,0.933323,-0.349221,-0.082986,-0.008194,0.000000,2.000000,1.000000,0.000000,0.000000
6.925000,0.412345,-0.119975,0.393453,0.933388,-0.349047,-0.082981,-0.008171,0.000000,2.000000,1.000000,-0.000000,0.000000
6.930000,0.412044,-0.119718,0.393439,0.933454,-0.348874,-0.082975,-0.008149,0.000000,2.000000,1.000000,0.000000,0.000000
6.935000,0.411743,-0.119460,0.393425,0.933520,-0.348698,-0.082968,-0.008126,0.000000,2.000000,1.000000,-0.000000,0.000000
6.940000,0.411442,-0.119202,0.393410,0.933586,-0.348523,-0.082961,-0.008103,0.000000,2.000000,1.000000,0.000000,0.000000
6.945000,0.411141,-0.118945,0.393395,0.933653,-0.348347,-0.082954,-0.008080,0.000000,2.000000,1.000000,-0.000000,0.000000
6.950000,0.410840,-0.118687,0.393380,0.933719,-0.348172,-0.082948,-0.008057,0.000000,2.000000,1.000000,-0.000000,0.000000
6.955000,0.410539,-0.118429,0.393365,0.933785,-0.347996,-0.082941,-0.008034,0.000000,2.000000,1.000000,0.000000,0.000000
6.960000,0.410238,-0.118172,0.393350,0.933851,-0.347821,-0.082934,-0.008011,0.000000,2.000000,1.000000,-0.000000,0.000000
6.965000,0.409937,-0.117914,0.393335,0.933917,-0.347645,-0.082927,-0.007988,0.000000,2.000000,1.000000,-0.000000,0.000000
6.970000,0.409638,-0.117659,0.393319,0.933984,-0.347469,-0.082919,-0.007966,0.000000,2.000000,1.000000,-0.000000,0.000000
6.975000,0.409338,-0.117403,0.393304,0.934050,-0.347293,-0.082910,-0.007944,0.000000,2.000000,1.000000,0.000000,0.000000
6.980000,0.409039,-0.117147,0.393288,0.934117,-0.347117,-0.082901,-0.007922,0.000000,2.000000,1.000000,0.000000,0.000000
6.985000,0.408739,-0.116892,0.393273,0.934183,-0.346941,-0.082892,-0.007900,0.000000,2.000000,1.000000,0.000000,0.000000
6.990000,0.408440,-0.116636,0.393257,0.934250,-0.346765,-0.082883,-0.007878,0.000000,2.000000,1.000000,-0.000000,0.000000
6.995000,0.408140,-0.116381,0.393241,0.934316,-0.346589,-0.082874,-0.007856,0.000000,2.000000,1.000000,0.000000,0.000000
7.000000,0.407841,-0.116125,0.393226,0.934382,-0.346413,-0.082865,-0.007833,0.000000,2.000000,1.000000,0.000000,0.000000
7.005000,0.407545,-0.115868,0.393210,0.934451,-0.346231,-0.082854,-0.007811,0.000000,2.000000,1.000000,-0.000000,0.000000
7.010000,0.407250,-0.115611,0.393194,0.934519,-0.346050,-0.082843,-0.007788,0.000000,2.000000,1.000000,0.000000,0.000000
7.015000,0.406955,-0.115354,0.393178,0.934587,-0.345869,-0.082832,-0.007766,0.000000,2.000000,1.000000,-0.000000,0.000000
7.020000,0.406660,-0.115096,0.393161,0.934656,-0.345687,-0.082821,-0.007743,0.000000,2.000000,1.000000,-0.000000,0.000000
7.025000,0.406365,-0.114839,0.393145,0.934724,-0.345506,-0.082810,-0.007721,0.000000,2.000000,1.000000,-0.000000,0.000000
7.030000,0.406070,-0.114582,0.393129,0.934792,-0.345324,-0.082799,-0.007698,0.000000,2.000000,1.000000,-0.000000,0.000000
7.035000,0.405779,-0.114322,0.393122,0.934864,-0.345137,-0.082774,-0.007677,0.000000,2.000000,1.000000,-0.000000,0.000000
7.040000,0.405489,-0.114062,0.393115,0.934936,-0.344949,-0.082749,-0.007655,0.000000,2.000000,1.000000,-0.000000,0.000000
7.045000,0.405198,-0.113802,0.393108,0.935007,-0.344761,-0.082724,-0.007633,0.000000,2.000000,1.000000,-0.000000,0.000000
7.050000,0.404907,-0.113542,0.393102,0.935079,-0.344573,-0.082700,-0.007611,0.000000,2.000000,1.000000,0.000000,0.000000
7.055000,0.404617,-0.113281,0.393095,0.935150,-0.344385,-0.082675,-0.007589,0.000000,2.000000,1.000000,0.000000,0.000000
7.060000,0.404326,-0.113021,0.393088,0.935222,-0.344197,-0.082650,-0.007568,0.000000,2.000000,1.000000,-0.000000,0.000000
7.065000,0.404036,-0.112761,0.393081,0.935294,-0.344009,-0.082626,-0.007546,0.000000,2.000000,1.000000,0.000000,0.000000
7.070000,0.403749,-0.112495,0.393071,0.935368,-0.343812,-0.082601,-0.007522,0.000000,2.000000,1.000000,-0.000000,0.000000
7.075000,0.403462,-0.112230,0.393061,0.935443,-0.343615,-0.082577,-0.007499,0.000000,2.000000,1.000000,-0.000000,0.000000
7.080000,0.403175,-0.111964,0.393051,0.935518,-0.343418,-0.082553,-0.007476,0.000000,2.000000,1.000000,-0.000000,0.000000
7.085000,0.402888,-0.111698,0.393041,0.935592,-0.343221,-0.082529,-0.007452,0.000000,2.000000,1.000000,0.000000,0.000000
7.090000,0.402601,-0.111433,0.393032,0.935667,-0.343024,-0.082504,-0.007429,0.000000,2.000000,1.000000,-0.000000,0.000000
7.095000,0.402315,-0.111167,0.393022,0.935741,-0.342827,-0.082480,-0.007406,0.000000,2.000000,1.000000,0.000000,0.000000
7.100000,0.402028,-0.110901,0.393012,0.935816,-0.342630,-0.082456,-0.007382,0.000000,2.000000,1.000000,-0.000000,0.000000
7.105000,0.401739,-0.110640,0.392991,0.935888,-0.342437,-0.082441,-0.007358,0.000000,2.000000,1.000000,-0.000000,0.000000
7.110000,0.401451,-0.110380,0.392971,0.935960,-0.342244,-0.082426,-0.007334,0.000000,2.000000,1.000000,-0.000000,0.000000
7.115000,0.401163,-0.110119,0.392950,0.936032,-0.342051,-0.082411,-0.007310,0.000000,2.000000,1.000000,-0.000000,0.000000
7.120000,0.400875,-0.109858,0.392930,0.936104,-0.341857,-0.082397,-0.007286,0.000000,2.000000,1.000000,-0.000000,0.000000
7.125000,0.400586,-0.109598,0.392909,0.936176,-0.341664,-0.082382,-0.007261,0.000000,2.000000,1.000000,0.000000,0.000000
7.130000,0.400298,-0.109337,0.392888,0.936248,-0.341471,-0.082367,-0.007237,0.000000,2.000000,1.000000,0.000000,0.000000
7.135000,0.400010,-0.109076,0.392868,0.936320,-0.341278,-0.082352,-0.007213,0.000000,2.000000,1.000000,0.000000,0.000000
7.140000,0.399720,-0.108825,0.392845,0.936389,-0.341093,-0.082337,-0.007192,0.000000,2.000000,1.000000,0.000000,0.000000
7.145000,0.399430,-0.108574,0.392822,0.936458,-0.340908,-0.082323,-0.007171,0.000000,2.000000,1.000000,0.000000,0.000000
7.150000,0.399141,-0.108323,0.392798,0.936527,-0.340723,-0.082308,-0.007149,0.000000,2.000000,1.000000,0.000000,0.000000
7.155000,0.398851,-0.108072,0.392775,0.936595,-0.340538,-0.082293,-0.007128,0.000000,2.000000,1.000000,0.000000,0.000000
7.160000,0.398562,-0.107821,0.392752,0.936664,-0.340353,-0.082278,-0.007107,0.000000,2.000000,1.000000,-0.000000,0.000000
7.165000,0.398272,-0.107569,0.392729,0.936733,-0.340168,-0.082263,-0.007086,0.000000,2.000000,1.000000,0.000000,0.000000
7.170000,0.397983,-0.107318,0.392706,0.936801,-0.339983,-0.082249,-0.007064,0.000000,2.000000,1.000000,0.000000,0.000000
7.175000,0.397685,-0.107064,0.392675,0.936870,-0.339796,-0.082239,-0.007043,0.000000,2.000000,1.000000,0.000000,0.000000
7.180000,0.397387,-0.106810,0.392643,0.936939,-0.339609,-0.082230,-0.007021,0.000000,2.000000,1.000000,0.000000,0.000000
7.185000,0.397090,-0.106556,0.392611,0.937008,-0.339422,-0.082221,-0.006999,0.000000,2.000000,1.000000,0.000000,0.000000
7.190000,0.396792,-0.106302,0.392580,0.937076,-0.339235,-0.082212,-0.006977,0.000000,2.000000,1.000000,0.000000,0.000000
7.195000,0.396494,-0.106048,0.392548,0.937145,-0.339048,-0.082203,-0.006955,0.000000,2.000000,1.000000,0.000000,0.000000
7.200000,0.396197,-0.105794,0.392516,0.937214,-0.338861,-0.082194,-0.006933,0.000000,2.000000,1.000000,-0.000000,0.000000
7.205000,0.395896,-0.105534,0.392477,0.937284,-0.338667,-0.082191,-0.006911,0.000000,2.000000,1.000000,0.000000,0.000000
7.210000,0.395595,-0.105274,0.392437,0.937355,-0.338473,-0.082188,-0.006889,0.000000,2.000000,1.000000,-0.000000,0.000000
7.215000,0.395294,-0.105015,0.392397,0.937425,-0.338279,-0.082185,-0.006866,0.000000,2.000000,1.000000,0.000000,0.000000
7.220000,0.394993,-0.104755,0.392357,0.937496,-0.338085,-0.082182,-0.006844,0.000000,2.000000,1.000000,0.000000,0.000000
7.225000,0.394692,-0.104495,0.392318,0.937566,-0.337891,-0.082180,-0.006821,0.000000,2.000000,1.000000,0.000000,0.000000
7.230000,0.394391,-0.104235,0.392278,0.937636,-0.337697,-0.082177,-0.006799,0.000000,2.000000,1.000000,0.000000,0.000000
7.235000,0.394091,-0.103975,0.392238,0.937707,-0.337502,-0.082174,-0.006776,0.000000,2.000000,1.000000,0.000000,0.000000
7.240000,0.393791,-0.103720,0.392190,0.937776,-0.337310,-0.082177,-0.006753,0.000000,2.000000,1.000000,0.000000,0.000000
7.245000,0.393491,-0.103464,0.392143,0.937845,-0.337118,-0.082180,-0.006729,0.000000,2.000000,1.000000,-0.000000,0.000000
7.250000,0.393191,-0.103208,0.392095,0.937913,-0.336926,-0.082184,-0.006705,0.000000,2.000000,1.000000,0.000000,0.000000
7.255000,0.392891,-0.102952,0.392048,0.937982,-0.336734,-0.082187,-0.006681,0.000000,2.000000,1.000000,0.000000,0.000000
7.260000,0.392591,-0.102696,0.392000,0.938051,-0.336542,-0.082191,-0.006658,0.000000,2.000000,1.000000,0.000000,0.000000
7.265000,0.392291,-0.102440,0.391953,0.938120,-0.336350,-0.082194,-0.006634,0.000000,2.000000,1.000000,-0.000000,0.000000
7.270000,0.391991,-0.102184,0.391905,0.938189,-0.336158,-0.082197,-0.006610,0.000000,2.000000,1.000000,0.000000,0.000000
7.275000,0.391692,-0.101942,0.391875,0.938255,-0.335978,-0.082177,-0.006587,0.000000,2.000000,1.000000,0.000000,0.000000
7.280000,0.391393,-0.101700,0.391844,0.938321,-0.335799,-0.082157,-0.006564,0.000000,2.000000,1.000000,0.000000,0.000000
7.285000,0.391094,-0.101457,0.391813,0.938387,-0.335619,-0.082137,-0.006541,0.000000,2.000000,1.000000,0.000000,0.000000
7.290000,0.390795,-0.101215,0.391783,0.938453,-0.335440,-0.082117,-0.006518,0.000000,2.000000,1.000000,-0.000000,0.000000
7.295000,0.390496,-0.100973,0.391752,0.938519,-0.335261,-0.082097,-0.006494,0.000000,2.000000,1.000000,-0.000000,0.000000
7.300000,0.390197,-0.100731,0.391722,0.938585,-0.335081,-0.082077,-0.006471,0.000000,2.000000,1.000000,-0.000000,0.000000
7.305000,0.389898,-0.100489,0.391691,0.938651,-0.334902,-0.082057,-0.006448,0.000000,2.000000,1.000000,-0.000000,0.000000
7.309400,0.389637,-0.100282,0.391664,0.938709,-0.334746,-0.082037,-0.006429,0.000000,2.000000,1.000000,0.000000,0.000000
