{
  "skill_name": "helix_2",
  "match_ms": 386.356,
  "j_end": 438,
  "s": 1.22209559,
  "t": [
    0.13064989,
    0.09213843,
    -0.20009142
  ],
  "R": [
    [
      0.85856763,
      -0.44963988,
      -0.24634447
    ],
    [
      0.41021849,
      0.89067667,
      -0.19599965
    ],
    [
      0.30754253,
      0.0672239,
      0.94915675
    ]
  ]
}
