{
  "skill_name": "arc1_3",
  "match_ms": 3332.073,
  "j_end": 878,
  "s": 0.91153431,
  "t": [
    0.02150817,
    0.01535168,
    0.10073962
  ],
  "R": [
    [
      0.99710685,
      -0.01667918,
      -0.07416016
    ],
    [
      0.0132038,
      0.99880249,
      -0.04710891
    ],
    [
      0.07485709,
      0.04599342,
      0.99613303
    ]
  ]
}
