time,x,y,z,qx,qy,qz,qw,alpha,tank_energy,passivity_lambda,passivity_power,autonomy_wrench_norm
0.000000,0.591156,0.191301,0.384939,0.958622,-0.278814,0.053764,-0.020422,0.106339,2.000000,1.000000,0.000000,0.000000
0.005000,0.590407,0.191111,0.385421,0.958674,-0.278702,0.053246,-0.020851,0.122179,1.999966,1.000000,0.013084,4.321090
0.010000,0.590328,0.191053,0.385491,0.958671,-0.278717,0.053184,-0.020927,0.124539,1.999858,1.000000,0.027003,4.387393
0.015000,0.590347,0.191015,0.385499,0.958660,-0.278751,0.053191,-0.020951,0.124891,1.999689,1.000000,0.038262,4.382778
0.020000,0.590382,0.190980,0.385499,0.958649,-0.278787,0.053207,-0.020966,0.124944,1.999469,1.000000,0.047542,4.367772
0.025000,0.590418,0.190945,0.385497,0.958637,-0.278824,0.053225,-0.020981,0.124952,1.999208,1.000000,0.055361,4.351359
0.030000,0.590455,0.190911,0.385496,0.958625,-0.278861,0.053243,-0.020995,0.124954,1.998911,1.000000,0.062060,4.334872
0.035000,0.590489,0.190871,0.385467,0.958615,-0.278892,0.053244,-0.021005,0.124954,1.998584,1.000000,0.067894,4.319495
0.040000,0.590517,0.190829,0.385443,0.958606,-0.278922,0.053246,-0.021014,0.124955,1.998229,1.000000,0.073009,4.303607
0.045000,0.590545,0.190787,0.385419,0.958597,-0.278953,0.053247,-0.021023,0.124955,1.997851,1.000000,0.077515,4.287927
0.050000,0.590574,0.190745,0.385394,0.958588,-0.278983,0.053248,-0.021031,0.124956,1.997452,1.000000,0.081484,4.272558
0.055000,0.590603,0.190703,0.385369,0.958579,-0.279013,0.053249,-0.021038,0.124956,1.997035,1.000000,0.084963,4.257396
0.060000,0.590632,0.190661,0.385344,0.958570,-0.279044,0.053249,-0.021044,0.124957,1.996601,1.000000,0.088001,4.242720
0.065000,0.590661,0.190618,0.385318,0.958561,-0.279074,0.053249,-0.021049,0.124957,1.996154,1.000000,0.090625,4.228296
0.070000,0.590677,0.190549,0.385245,0.958558,-0.279093,0.053216,-0.021040,0.124957,1.995694,1.000000,0.092950,4.214957
0.075000,0.590696,0.190480,0.385168,0.958554,-0.279112,0.053183,-0.021028,0.124958,1.995224,1.000000,0.094947,4.202146
0.080000,0.590718,0.190412,0.385089,0.958551,-0.279132,0.053149,-0.021014,0.124958,1.994744,1.000000,0.096603,4.189876
0.085000,0.590742,0.190343,0.385009,0.958547,-0.279152,0.053115,-0.020998,0.124959,1.994258,1.000000,0.097913,4.178192
0.090000,0.590770,0.190276,0.384925,0.958543,-0.279173,0.053080,-0.020981,0.124959,1.993766,1.000000,0.098878,4.167142
0.095000,0.590800,0.190210,0.384841,0.958539,-0.279194,0.053045,-0.020961,0.124959,1.993270,1.000000,0.099507,4.157046
0.100000,0.590834,0.190146,0.384754,0.958535,-0.279215,0.053010,-0.020939,0.124959,1.992771,1.000000,0.099795,4.147501
0.105000,0.590873,0.190068,0.384627,0.958535,-0.279230,0.052955,-0.020901,0.124960,1.992272,1.000000,0.099808,4.140285
0.110000,0.590919,0.189994,0.384498,0.958534,-0.279246,0.052900,-0.020860,0.124960,1.991774,1.000000,0.099479,4.133932
0.115000,0.590972,0.189925,0.384368,0.958534,-0.279263,0.052844,-0.020817,0.124960,1.991279,1.000000,0.098798,4.128607
0.120000,0.591029,0.189858,0.384238,0.958532,-0.279280,0.052789,-0.020772,0.124960,1.990788,1.000000,0.097758,4.123976
0.125000,0.591086,0.189791,0.384108,0.958531,-0.279298,0.052734,-0.020724,0.124960,1.990303,1.000000,0.096374,4.119745
0.130000,0.591143,0.189724,0.383978,0.958530,-0.279317,0.052680,-0.020675,0.124961,1.989826,1.000000,0.094667,4.115947
0.135000,0.591202,0.189659,0.383826,0.958530,-0.279334,0.052614,-0.020613,0.124961,1.989359,1.000000,0.092678,4.113660
0.140000,0.591261,0.189593,0.383675,0.958529,-0.279352,0.052548,-0.020549,0.124961,1.988902,1.000000,0.090389,4.111789
0.145000,0.591319,0.189527,0.383523,0.958529,-0.279372,0.052482,-0.020483,0.124961,1.988458,1.000000,0.087808,4.110136
0.150000,0.591378,0.189461,0.383372,0.958528,-0.279393,0.052416,-0.020416,0.124961,1.988027,1.000000,0.084956,4.108983
0.155000,0.591436,0.189394,0.383221,0.958526,-0.279415,0.052351,-0.020346,0.124961,1.987612,1.000000,0.081847,4.108069
0.160000,0.591494,0.189328,0.383070,0.958525,-0.279438,0.052287,-0.020276,0.124961,1.987212,1.000000,0.078497,4.107474
0.165000,0.591553,0.189261,0.382919,0.958522,-0.279463,0.052222,-0.020204,0.124961,1.986830,1.000000,0.074924,4.107151
0.170000,0.591613,0.189191,0.382749,0.958521,-0.279487,0.052149,-0.020121,0.124961,1.986467,1.000000,0.071157,4.108188
0.175000,0.591673,0.189121,0.382580,0.958519,-0.279512,0.052075,-0.020036,0.124961,1.986123,1.000000,0.067189,4.109633
0.180000,0.591733,0.189050,0.382411,0.958517,-0.279539,0.052002,-0.019950,0.124961,1.985798,1.000000,0.063387,4.111339
0.185000,0.591793,0.188980,0.382241,0.958515,-0.279567,0.051928,-0.019864,0.124961,1.985492,1.000000,0.059856,4.113431
0.190000,0.591853,0.188910,0.382072,0.958513,-0.279596,0.051854,-0.019777,0.124961,1.985202,1.000000,0.056483,4.115748
0.195000,0.591912,0.188839,0.381903,0.958510,-0.279625,0.051780,-0.019691,0.124961,1.984930,1.000000,0.053150,4.118486
0.200000,0.591972,0.188768,0.381734,0.958507,-0.279655,0.051704,-0.019605,0.124961,1.984674,1.000000,0.049805,4.121468
0.205000,0.592032,0.188694,0.381558,0.958504,-0.279685,0.051625,-0.019514,0.124961,1.984435,1.000000,0.046348,4.125130
0.210000,0.592093,0.188619,0.381381,0.958502,-0.279715,0.051545,-0.019424,0.124961,1.984214,1.000000,0.042657,4.129071
0.215000,0.592154,0.188544,0.381205,0.958499,-0.279744,0.051465,-0.019334,0.124960,1.984012,1.000000,0.038740,4.133316
0.220000,0.592214,0.188469,0.381029,0.958497,-0.279774,0.051384,-0.019244,0.124960,1.983831,1.000000,0.034618,4.137908
0.225000,0.592275,0.188395,0.380853,0.958494,-0.279804,0.051303,-0.019155,0.124960,1.983670,1.000000,0.030306,4.142739
0.230000,0.592335,0.188319,0.380677,0.958492,-0.279833,0.051222,-0.019066,0.124960,1.983532,1.000000,0.025826,4.147902
0.235000,0.592395,0.188244,0.380501,0.958489,-0.279862,0.051141,-0.018978,0.124960,1.983417,1.000000,0.021194,4.153284
0.240000,0.592457,0.188166,0.380331,0.958486,-0.279892,0.051066,-0.018890,0.124960,1.983325,1.000000,0.016436,4.158674
0.245000,0.592519,0.188088,0.380161,0.958483,-0.279922,0.050991,-0.018803,0.124960,1.983257,1.000000,0.011575,4.164294
0.250000,0.592581,0.188010,0.379990,0.958480,-0.279951,0.050916,-0.018716,0.124960,1.983214,1.000000,0.006650,4.170237
0.255000,0.592643,0.187932,0.379820,0.958477,-0.279980,0.050843,-0.018628,0.124959,1.983195,1.000000,0.001690,4.176453
0.260000,0.592704,0.187854,0.379650,0.958475,-0.280009,0.050770,-0.018539,0.124959,1.983200,1.000000,-0.003277,4.182919
0.265000,0.592766,0.187776,0.379480,0.958472,-0.280037,0.050699,-0.018450,0.124959,1.983225,1.000000,-0.008231,4.189660
0.270000,0.592827,0.187698,0.379310,0.958469,-0.280066,0.050629,-0.018359,0.124959,1.983270,1.000000,-0.013155,4.196620
0.275000,0.592893,0.187609,0.379157,0.958464,-0.280097,0.050576,-0.018275,0.124959,1.983334,1.000000,-0.017971,4.202734
0.280000,0.592959,0.187519,0.379004,0.958460,-0.280128,0.050524,-0.018190,0.124958,1.983417,1.000000,-0.022469,4.209038
0.285000,0.593025,0.187429,0.378851,0.958455,-0.280158,0.050475,-0.018105,0.124958,1.983517,1.000000,-0.026698,4.215620
0.290000,0.593092,0.187339,0.378698,0.958450,-0.280187,0.050429,-0.018019,0.124958,1.983634,1.000000,-0.030722,4.222409
0.295000,0.593158,0.187249,0.378545,0.958446,-0.280215,0.050387,-0.017933,0.124958,1.983766,1.000000,-0.034543,4.229427
0.300000,0.593224,0.187159,0.378392,0.958442,-0.280240,0.050349,-0.017846,0.124958,1.983913,1.000000,-0.038140,4.236656
0.305000,0.593297,0.187050,0.378263,0.958434,-0.280275,0.050339,-0.017775,0.124957,1.984073,1.000000,-0.041373,4.242401
0.310000,0.593371,0.186941,0.378134,0.958426,-0.280308,0.050333,-0.017704,0.124957,1.984246,1.000000,-0.044270,4.248369
0.315000,0.593445,0.186832,0.378005,0.958418,-0.280341,0.050330,-0.017636,0.124957,1.984429,1.000000,-0.046900,4.254495
0.320000,0.593519,0.186723,0.377876,0.958410,-0.280373,0.050330,-0.017568,0.124957,1.984622,1.000000,-0.049305,4.260801
0.325000,0.593592,0.186614,0.377747,0.958402,-0.280404,0.050333,-0.017503,0.124956,1.984825,1.000000,-0.051516,4.267261
0.330000,0.593666,0.186505,0.377618,0.958393,-0.280435,0.050337,-0.017439,0.124956,1.985036,1.000000,-0.053547,4.273956
0.335000,0.593740,0.186396,0.377489,0.958385,-0.280466,0.050344,-0.017377,0.124956,1.985254,1.000000,-0.055415,4.280822
0.340000,0.593815,0.186267,0.377385,0.958373,-0.280507,0.050368,-0.017328,0.124956,1.985480,1.000000,-0.057048,4.285727
0.345000,0.593890,0.186139,0.377280,0.958361,-0.280548,0.050392,-0.017281,0.124956,1.985712,1.000000,-0.058477,4.290768
0.350000,0.593965,0.186011,0.377176,0.958348,-0.280589,0.050418,-0.017236,0.124955,1.985948,1.000000,-0.059713,4.295954
0.355000,0.594040,0.185883,0.377071,0.958336,-0.280629,0.050445,-0.017192,0.124955,1.986190,1.000000,-0.060767,4.301301
0.360000,0.594115,0.185755,0.376966,0.958323,-0.280669,0.050472,-0.017150,0.124955,1.986435,1.000000,-0.061647,4.306779
0.365000,0.594190,0.185627,0.376861,0.958311,-0.280710,0.050501,-0.017110,0.124955,1.986683,1.000000,-0.062394,4.312423
0.370000,0.594265,0.185499,0.376757,0.958298,-0.280749,0.050529,-0.017072,0.124955,1.986934,1.000000,-0.063085,4.318197
0.375000,0.594338,0.185352,0.376684,0.958281,-0.280801,0.050570,-0.017048,0.124954,1.987187,1.000000,-0.063599,4.321328
0.380000,0.594412,0.185205,0.376611,0.958264,-0.280852,0.050611,-0.017026,0.124954,1.987442,1.000000,-0.063972,4.324576
0.385000,0.594484,0.185059,0.376539,0.958248,-0.280902,0.050652,-0.017006,0.124954,1.987698,1.000000,-0.064202,4.327962
0.390000,0.594557,0.184912,0.376466,0.958232,-0.280951,0.050691,-0.016988,0.124954,1.987955,1.000000,-0.064284,4.331479
0.395000,0.594630,0.184765,0.376393,0.958216,-0.280999,0.050730,-0.016971,0.124954,1.988211,1.000000,-0.064219,4.335116
0.400000,0.594703,0.184619,0.376320,0.958201,-0.281046,0.050768,-0.016956,0.124954,1.988467,1.000000,-0.064009,4.338882
0.405000,0.594775,0.184472,0.376247,0.958185,-0.281092,0.050804,-0.016942,0.124953,1.988722,1.000000,-0.063656,4.342756
0.410000,0.594855,0.184304,0.376213,0.958163,-0.281158,0.050862,-0.016950,0.124953,1.988975,1.000000,-0.063048,4.343784
0.415000,0.594935,0.184136,0.376178,0.958140,-0.281223,0.050919,-0.016959,0.124953,1.989224,1.000000,-0.062236,4.344903
0.420000,0.595015,0.183968,0.376143,0.958118,-0.281288,0.050975,-0.016969,0.124953,1.989470,1.000000,-0.061221,4.346165
0.425000,0.595094,0.183799,0.376108,0.958096,-0.281352,0.051030,-0.016981,0.124953,1.989712,1.000000,-0.060018,4.347533
0.430000,0.595174,0.183631,0.376073,0.958075,-0.281415,0.051084,-0.016994,0.124953,1.989948,1.000000,-0.058640,4.348978
0.435000,0.595254,0.183462,0.376038,0.958054,-0.281476,0.051136,-0.017009,0.124953,1.990178,1.000000,-0.057097,4.350503
0.440000,0.595333,0.183294,0.376003,0.958033,-0.281537,0.051187,-0.017024,0.124953,1.990402,1.000000,-0.055395,4.352116
0.445000,0.595429,0.183097,0.376002,0.958004,-0.281620,0.051265,-0.017060,0.124953,1.990618,1.000000,-0.053476,4.351079
0.450000,0.595524,0.182900,0.376001,0.957975,-0.281702,0.051342,-0.017098,0.124953,1.990826,1.000000,-0.051349,4.350108
0.455000,0.595620,0.182703,0.376001,0.957946,-0.281784,0.051418,-0.017137,0.124953,1.991025,1.000000,-0.049026,4.349243
0.460000,0.595715,0.182506,0.376000,0.957918,-0.281864,0.051493,-0.017177,0.124953,1.991214,1.000000,-0.046522,4.348444
0.465000,0.595811,0.182309,0.375999,0.957890,-0.281944,0.051566,-0.017218,0.124953,1.991393,1.000000,-0.043842,4.347733
0.470000,0.595906,0.182111,0.375999,0.957862,-0.282022,0.051638,-0.017260,0.124953,1.991561,1.000000,-0.041004,4.347097
0.475000,0.596024,0.181877,0.376031,0.957826,-0.282122,0.051738,-0.017325,0.124953,1.991717,1.000000,-0.038004,4.343620
0.480000,0.596141,0.181643,0.376064,0.957790,-0.282220,0.051838,-0.017391,0.124953,1.991860,1.000000,-0.034805,4.340187
0.485000,0.596258,0.181408,0.376096,0.957755,-0.282317,0.051935,-0.017458,0.124953,1.991991,1.000000,-0.031420,4.336802
0.490000,0.596375,0.181174,0.376129,0.957721,-0.282413,0.052031,-0.017527,0.124953,1.992107,1.000000,-0.027866,4.333478
0.495000,0.596492,0.180940,0.376161,0.957686,-0.282507,0.052125,-0.017596,0.124953,1.992209,1.000000,-0.024160,4.330195
0.500000,0.596608,0.180705,0.376194,0.957653,-0.282599,0.052217,-0.017667,0.124953,1.992295,1.000000,-0.020316,4.326967
0.505000,0.596725,0.180471,0.376226,0.957620,-0.282690,0.052307,-0.017739,0.124953,1.992366,1.000000,-0.016351,4.323782
0.510000,0.596862,0.180192,0.376283,0.957581,-0.282796,0.052418,-0.017832,0.124953,1.992421,1.000000,-0.012313,4.317901
0.515000,0.597000,0.179912,0.376339,0.957542,-0.282900,0.052527,-0.017927,0.124953,1.992460,1.000000,-0.008110,4.312069
0.520000,0.597137,0.179633,0.376396,0.957504,-0.283002,0.052633,-0.018023,0.124953,1.992481,1.000000,-0.003768,4.306249
0.525000,0.597274,0.179354,0.376452,0.957467,-0.283102,0.052737,-0.018120,0.124953,1.992484,1.000000,0.000693,4.300445
0.530000,0.597410,0.179075,0.376508,0.957431,-0.283201,0.052837,-0.018217,0.124953,1.992466,1.000000,0.005262,4.294680
0.535000,0.597547,0.178796,0.376565,0.957395,-0.283297,0.052935,-0.018315,0.124954,1.992425,1.000000,0.009923,4.288989
0.540000,0.597684,0.178517,0.376621,0.957360,-0.283391,0.053031,-0.018414,0.124954,1.992360,1.000000,0.014660,4.283321
0.545000,0.597834,0.178199,0.376688,0.957322,-0.283491,0.053136,-0.018525,0.124954,1.992272,1.000000,0.019396,4.275647
0.550000,0.597985,0.177880,0.376754,0.957285,-0.283590,0.053238,-0.018637,0.124954,1.992160,1.000000,0.024226,4.267987
0.555000,0.598136,0.177562,0.376821,0.957249,-0.283686,0.053336,-0.018749,0.124954,1.992023,1.000000,0.029133,4.260385
0.560000,0.598286,0.177244,0.376887,0.957214,-0.283780,0.053432,-0.018861,0.124954,1.991862,1.000000,0.034100,4.252807
0.565000,0.598436,0.176926,0.376954,0.957179,-0.283871,0.053524,-0.018973,0.124954,1.991676,1.000000,0.039106,4.245274
0.570000,0.598587,0.176608,0.377021,0.957146,-0.283960,0.053613,-0.019085,0.124955,1.991465,1.000000,0.044140,4.237773
0.575000,0.598737,0.176289,0.377087,0.957113,-0.284047,0.053698,-0.019196,0.124955,1.991228,1.000000,0.049193,4.230312
0.580000,0.598897,0.175943,0.377157,0.957080,-0.284135,0.053785,-0.019316,0.124955,1.990967,1.000000,0.054165,4.221734
0.585000,0.599056,0.175597,0.377226,0.957047,-0.284221,0.053869,-0.019434,0.124955,1.990680,1.000000,0.059163,4.213193
0.590000,0.599216,0.175251,0.377295,0.957015,-0.284305,0.053950,-0.019551,0.124955,1.990369,1.000000,0.064181,4.204765
0.595000,0.599376,0.174905,0.377365,0.956984,-0.284387,0.054027,-0.019668,0.124956,1.990032,1.000000,0.069195,4.196345
0.600000,0.599536,0.174559,0.377434,0.956954,-0.284467,0.054102,-0.019783,0.124956,1.989671,1.000000,0.074188,4.187963
0.605000,0.599695,0.174212,0.377503,0.956924,-0.284544,0.054173,-0.019897,0.124956,1.989285,1.000000,0.079131,4.179590
0.610000,0.599855,0.173866,0.377573,0.956895,-0.284621,0.054240,-0.020010,0.124956,1.988874,1.000000,0.083997,4.171337
0.615000,0.600024,0.173497,0.377646,0.956865,-0.284701,0.054307,-0.020133,0.124956,1.988440,1.000000,0.088661,4.162121
0.620000,0.600193,0.173128,0.377719,0.956836,-0.284780,0.054369,-0.020256,0.124956,1.987983,1.000000,0.093207,4.152944
0.625000,0.600362,0.172759,0.377792,0.956806,-0.284859,0.054428,-0.020380,0.124957,1.987503,1.000000,0.097626,4.143788
0.630000,0.600530,0.172391,0.377865,0.956777,-0.284938,0.054484,-0.020503,0.124957,1.987002,1.000000,0.101925,4.134673
0.635000,0.600698,0.172022,0.377938,0.956747,-0.285017,0.054537,-0.020626,0.124957,1.986479,1.000000,0.106113,4.125607
0.640000,0.600867,0.171653,0.378011,0.956718,-0.285096,0.054588,-0.020749,0.124957,1.985936,1.000000,0.110107,4.116601
0.645000,0.601049,0.171263,0.378095,0.956688,-0.285177,0.054647,-0.020883,0.124957,1.985375,1.000000,0.113804,4.106540
0.650000,0.601231,0.170873,0.378179,0.956658,-0.285257,0.054704,-0.021016,0.124958,1.984795,1.000000,0.117383,4.096485
0.655000,0.601413,0.170483,0.378263,0.956628,-0.285336,0.054759,-0.021147,0.124958,1.984198,1.000000,0.120870,4.086471
0.660000,0.601594,0.170093,0.378348,0.956599,-0.285414,0.054813,-0.021278,0.124958,1.983583,1.000000,0.124304,4.076460
0.665000,0.601776,0.169702,0.378432,0.956570,-0.285490,0.054865,-0.021406,0.124958,1.982951,1.000000,0.127715,4.066651
0.670000,0.601957,0.169312,0.378516,0.956542,-0.285566,0.054915,-0.021534,0.124959,1.982303,1.000000,0.131096,4.056870
0.675000,0.602138,0.168922,0.378600,0.956514,-0.285640,0.054964,-0.021660,0.124959,1.981637,1.000000,0.134433,4.047120
0.680000,0.602331,0.168514,0.378695,0.956486,-0.285714,0.055020,-0.021793,0.124959,1.980956,1.000000,0.137631,4.036294
0.685000,0.602523,0.168105,0.378789,0.956458,-0.285787,0.055075,-0.021926,0.124959,1.980259,1.000000,0.140829,4.025581
0.690000,0.602716,0.167697,0.378884,0.956430,-0.285859,0.055128,-0.022056,0.124959,1.979545,1.000000,0.144021,4.014973
0.695000,0.602908,0.167288,0.378978,0.956403,-0.285930,0.055180,-0.022185,0.124960,1.978816,1.000000,0.147192,4.004420
0.700000,0.603101,0.166880,0.379072,0.956377,-0.285999,0.055231,-0.022312,0.124960,1.978071,1.000000,0.150335,3.993972
0.705000,0.603293,0.166471,0.379167,0.956351,-0.286067,0.055280,-0.022438,0.124960,1.977310,1.000000,0.153441,3.983537
0.710000,0.603484,0.166063,0.379261,0.956325,-0.286133,0.055329,-0.022561,0.124960,1.976534,1.000000,0.156449,3.973151
0.715000,0.603681,0.165636,0.379354,0.956300,-0.286200,0.055372,-0.022685,0.124960,1.975744,1.000000,0.159275,3.962167
0.720000,0.603877,0.165209,0.379446,0.956275,-0.286265,0.055415,-0.022807,0.124961,1.974940,1.000000,0.162043,3.951364
0.725000,0.604073,0.164782,0.379538,0.956250,-0.286329,0.055456,-0.022927,0.124961,1.974123,1.000000,0.164728,3.940577
0.730000,0.604269,0.164355,0.379631,0.956226,-0.286392,0.055496,-0.023044,0.124961,1.973292,1.000000,0.167338,3.929922
0.735000,0.604465,0.163928,0.379723,0.956203,-0.286453,0.055534,-0.023159,0.124961,1.972448,1.000000,0.169875,3.919311
0.740000,0.604660,0.163501,0.379815,0.956180,-0.286513,0.055571,-0.023271,0.124961,1.971592,1.000000,0.172316,3.908815
0.745000,0.604856,0.163073,0.379908,0.956158,-0.286571,0.055607,-0.023381,0.124962,1.970724,1.000000,0.174556,3.898402
0.750000,0.605043,0.162632,0.379986,0.956137,-0.286631,0.055626,-0.023481,0.124962,1.969846,1.000000,0.176632,3.887875
0.755000,0.605229,0.162191,0.380064,0.956116,-0.286690,0.055643,-0.023578,0.124962,1.968958,1.000000,0.178613,3.877402
0.760000,0.605416,0.161749,0.380142,0.956095,-0.286748,0.055659,-0.023674,0.124962,1.968060,1.000000,0.180519,3.866964
0.765000,0.605602,0.161308,0.380220,0.956074,-0.286806,0.055674,-0.023769,0.124962,1.967152,1.000000,0.182356,3.856617
0.770000,0.605788,0.160867,0.380298,0.956054,-0.286863,0.055687,-0.023862,0.124962,1.966236,1.000000,0.184129,3.846294
0.775000,0.605974,0.160425,0.380376,0.956034,-0.286921,0.055699,-0.023954,0.124963,1.965311,1.000000,0.185856,3.836183
0.780000,0.606160,0.159983,0.380454,0.956013,-0.286978,0.055711,-0.024045,0.124963,1.964378,1.000000,0.187519,3.826077
0.785000,0.606328,0.159536,0.380513,0.955994,-0.287038,0.055701,-0.024123,0.124963,1.963436,1.000000,0.189175,3.816317
0.790000,0.606496,0.159089,0.380572,0.955975,-0.287098,0.055690,-0.024200,0.124963,1.962486,1.000000,0.190769,3.806570
0.795000,0.606664,0.158642,0.380631,0.955955,-0.287158,0.055679,-0.024276,0.124963,1.961528,1.000000,0.192293,3.796944
0.800000,0.606831,0.158195,0.380690,0.955936,-0.287218,0.055668,-0.024351,0.124963,1.960563,1.000000,0.193741,3.787361
0.805000,0.606999,0.157748,0.380748,0.955917,-0.287277,0.055656,-0.024425,0.124963,1.959591,1.000000,0.195106,3.777842
0.810000,0.607166,0.157301,0.380807,0.955898,-0.287337,0.055644,-0.024498,0.124964,1.958613,1.000000,0.196388,3.768368
0.815000,0.607316,0.156856,0.380842,0.955880,-0.287399,0.055611,-0.024556,0.124964,1.957628,1.000000,0.197697,3.759960
0.820000,0.607467,0.156412,0.380876,0.955862,-0.287461,0.055578,-0.024612,0.124964,1.956636,1.000000,0.198924,3.751662
0.825000,0.607617,0.155967,0.380910,0.955844,-0.287522,0.055546,-0.024667,0.124964,1.955639,1.000000,0.200042,3.743387
0.830000,0.607767,0.155523,0.380945,0.955826,-0.287583,0.055514,-0.024722,0.124964,1.954636,1.000000,0.201038,3.735162
0.835000,0.607916,0.155079,0.380979,0.955808,-0.287643,0.055482,-0.024775,0.124964,1.953629,1.000000,0.201934,3.726966
0.840000,0.608066,0.154635,0.381014,0.955790,-0.287704,0.055451,-0.024828,0.124964,1.952618,1.000000,0.202746,3.718926
0.845000,0.608216,0.154190,0.381048,0.955773,-0.287763,0.055420,-0.024879,0.124964,1.951603,1.000000,0.203457,3.710890
0.850000,0.608357,0.153727,0.381056,0.955756,-0.287827,0.055366,-0.024915,0.124964,1.950585,1.000000,0.204014,3.703434
0.855000,0.608498,0.153264,0.381063,0.955739,-0.287890,0.055311,-0.024950,0.124964,1.949564,1.000000,0.204469,3.695992
0.860000,0.608639,0.152800,0.381070,0.955723,-0.287952,0.055258,-0.024984,0.124964,1.948542,1.000000,0.204808,3.688623
0.865000,0.608780,0.152337,0.381077,0.955706,-0.288014,0.055205,-0.025017,0.124964,1.947518,1.000000,0.205024,3.681278
0.870000,0.608921,0.151873,0.381084,0.955690,-0.288076,0.055153,-0.025048,0.124964,1.946493,1.000000,0.205145,3.674093
0.875000,0.609062,0.151410,0.381091,0.955674,-0.288137,0.055102,-0.025079,0.124964,1.945469,1.000000,0.205161,3.666979
0.880000,0.609203,0.150946,0.381099,0.955658,-0.288197,0.055053,-0.025108,0.124964,1.944444,1.000000,0.205073,3.659924
0.885000,0.609340,0.150457,0.381084,0.955642,-0.288261,0.054982,-0.025124,0.124964,1.943421,1.000000,0.204734,3.652914
0.890000,0.609477,0.149968,0.381069,0.955627,-0.288324,0.054912,-0.025140,0.124964,1.942400,1.000000,0.204296,3.645988
0.895000,0.609614,0.149479,0.381054,0.955611,-0.288386,0.054844,-0.025154,0.124965,1.941381,1.000000,0.203759,3.639151
0.900000,0.609751,0.148991,0.381040,0.955596,-0.288448,0.054776,-0.025166,0.124965,1.940366,1.000000,0.203127,3.632369
0.905000,0.609888,0.148502,0.381025,0.955581,-0.288509,0.054709,-0.025177,0.124965,1.939354,1.000000,0.202402,3.625667
0.910000,0.610025,0.148013,0.381011,0.955566,-0.288570,0.054644,-0.025187,0.124965,1.938346,1.000000,0.201588,3.619015
0.915000,0.610161,0.147524,0.380996,0.955552,-0.288630,0.054580,-0.025196,0.124965,1.937342,1.000000,0.200686,3.612470
0.920000,0.610294,0.147034,0.380970,0.955537,-0.288691,0.054508,-0.025197,0.124964,1.936343,1.000000,0.199705,3.606425
0.925000,0.610426,0.146543,0.380945,0.955523,-0.288751,0.054438,-0.025197,0.124964,1.935349,1.000000,0.198633,3.600470
0.930000,0.610558,0.146053,0.380919,0.955509,-0.288810,0.054368,-0.025196,0.124964,1.934361,1.000000,0.197474,3.594547
0.935000,0.610690,0.145563,0.380893,0.955495,-0.288870,0.054301,-0.025194,0.124964,1.933378,1.000000,0.196260,3.588814
0.940000,0.610822,0.145072,0.380868,0.955481,-0.288929,0.054234,-0.025191,0.124964,1.932402,1.000000,0.194970,3.583115
0.945000,0.610954,0.144581,0.380843,0.955467,-0.288987,0.054169,-0.025186,0.124964,1.931433,1.000000,0.193606,3.577545
0.950000,0.611086,0.144091,0.380817,0.955454,-0.289044,0.054105,-0.025181,0.124964,1.930471,1.000000,0.192174,3.572020
0.955000,0.611215,0.143605,0.380788,0.955440,-0.289102,0.054041,-0.025173,0.124964,1.929516,1.000000,0.190693,3.566865
0.960000,0.611344,0.143119,0.380759,0.955427,-0.289158,0.053978,-0.025164,0.124964,1.928568,1.000000,0.189136,3.561743
0.965000,0.611473,0.142633,0.380730,0.955414,-0.289214,0.053916,-0.025154,0.124964,1.927629,1.000000,0.187539,3.556789
0.970000,0.611602,0.142147,0.380701,0.955401,-0.289270,0.053856,-0.025143,0.124964,1.926698,1.000000,0.185895,3.551933
0.975000,0.611731,0.141661,0.380672,0.955387,-0.289325,0.053798,-0.025132,0.124964,1.925775,1.000000,0.184179,3.547087
0.980000,0.611860,0.141175,0.380643,0.955375,-0.289380,0.053740,-0.025119,0.124964,1.924861,1.000000,0.182399,3.542261
0.985000,0.611985,0.140696,0.380611,0.955362,-0.289434,0.053684,-0.025104,0.124964,1.923955,1.000000,0.180655,3.537872
0.990000,0.612110,0.140217,0.380580,0.955349,-0.289488,0.053628,-0.025089,0.124964,1.923059,1.000000,0.178881,3.533611
0.995000,0.612234,0.139738,0.380549,0.955336,-0.289541,0.053575,-0.025072,0.124963,1.922171,1.000000,0.177052,3.529384
1.000000,0.612359,0.139260,0.380517,0.955323,-0.289594,0.053522,-0.025055,0.124963,1.921293,1.000000,0.175165,3.525197
1.005000,0.612484,0.138781,0.380486,0.955311,-0.289646,0.053471,-0.025037,0.124963,1.920424,1.000000,0.173252,3.521086
1.010000,0.612608,0.138302,0.380455,0.955298,-0.289699,0.053422,-0.025019,0.124963,1.919565,1.000000,0.171341,3.517143
1.015000,0.612733,0.137823,0.380424,0.955286,-0.289751,0.053373,-0.025000,0.124963,1.918716,1.000000,0.169400,3.513230
1.020000,0.612853,0.137354,0.380394,0.955273,-0.289802,0.053328,-0.024980,0.124963,1.917876,1.000000,0.167508,3.509541
1.025000,0.612972,0.136886,0.380364,0.955261,-0.289853,0.053283,-0.024960,0.124963,1.917045,1.000000,0.165591,3.505884
1.030000,0.613092,0.136417,0.380334,0.955249,-0.289903,0.053240,-0.024939,0.124963,1.916224,1.000000,0.163657,3.502356
1.035000,0.613211,0.135949,0.380304,0.955236,-0.289953,0.053198,-0.024918,0.124962,1.915413,1.000000,0.161708,3.498862
1.040000,0.613331,0.135480,0.380274,0.955224,-0.290003,0.053158,-0.024896,0.124962,1.914612,1.000000,0.159756,3.495492
1.045000,0.613451,0.135011,0.380244,0.955212,-0.290052,0.053119,-0.024874,0.124962,1.913820,1.000000,0.157797,3.492166
1.050000,0.613570,0.134543,0.380214,0.955199,-0.290102,0.053080,-0.024850,0.124962,1.913039,1.000000,0.155814,3.488844
1.055000,0.613687,0.134077,0.380186,0.955187,-0.290150,0.053045,-0.024828,0.124962,1.912267,1.000000,0.153857,3.485466
1.060000,0.613803,0.133612,0.380158,0.955175,-0.290198,0.053010,-0.024805,0.124962,1.911505,1.000000,0.151901,3.482185
1.065000,0.613920,0.133147,0.380130,0.955163,-0.290247,0.052977,-0.024781,0.124961,1.910752,1.000000,0.149948,3.478973
1.070000,0.614037,0.132681,0.380102,0.955151,-0.290295,0.052944,-0.024757,0.124961,1.910010,1.000000,0.148005,3.475826
1.075000,0.614153,0.132216,0.380074,0.955139,-0.290342,0.052912,-0.024732,0.124961,1.909277,1.000000,0.146076,3.472745
1.080000,0.614270,0.131751,0.380046,0.955127,-0.290390,0.052881,-0.024706,0.124961,1.908554,1.000000,0.144148,3.469704
1.085000,0.614386,0.131285,0.380019,0.955115,-0.290437,0.052851,-0.024680,0.124961,1.907840,1.000000,0.142218,3.466712
1.090000,0.614501,0.130816,0.379989,0.955103,-0.290485,0.052820,-0.024652,0.124960,1.907136,1.000000,0.140288,3.463715
1.095000,0.614617,0.130347,0.379960,0.955090,-0.290533,0.052790,-0.024624,0.124960,1.906442,1.000000,0.138410,3.460882
1.100000,0.614732,0.129878,0.379930,0.955078,-0.290580,0.052761,-0.024595,0.124960,1.905757,1.000000,0.136549,3.458078
1.105000,0.614847,0.129409,0.379901,0.955066,-0.290627,0.052732,-0.024566,0.124960,1.905081,1.000000,0.134660,3.455255
1.110000,0.614962,0.128941,0.379872,0.955054,-0.290674,0.052703,-0.024536,0.124960,1.904415,1.000000,0.132792,3.452468
1.115000,0.615077,0.128472,0.379842,0.955042,-0.290721,0.052674,-0.024505,0.124959,1.903758,1.000000,0.130988,3.449843
1.120000,0.615192,0.128002,0.379813,0.955030,-0.290769,0.052646,-0.024474,0.124959,1.903109,1.000000,0.129214,3.447270
1.125000,0.615302,0.127548,0.379780,0.955018,-0.290816,0.052617,-0.024442,0.124959,1.902469,1.000000,0.127535,3.445259
1.130000,0.615412,0.127093,0.379748,0.955007,-0.290863,0.052588,-0.024409,0.124959,1.901838,1.000000,0.125846,3.443255
1.135000,0.615522,0.126638,0.379715,0.954995,-0.290910,0.052559,-0.024375,0.124958,1.901215,1.000000,0.124193,3.441383
1.140000,0.615632,0.126183,0.379683,0.954983,-0.290957,0.052531,-0.024341,0.124958,1.900600,1.000000,0.122582,3.439638
1.145000,0.615742,0.125728,0.379650,0.954971,-0.291004,0.052502,-0.024306,0.124958,1.899993,1.000000,0.120985,3.437908
1.150000,0.615851,0.125273,0.379617,0.954959,-0.291051,0.052474,-0.024270,0.124958,1.899394,1.000000,0.119398,3.436179
1.155000,0.615955,0.124837,0.379583,0.954947,-0.291098,0.052446,-0.024235,0.124957,1.898802,1.000000,0.117983,3.435145
1.160000,0.616059,0.124402,0.379549,0.954935,-0.291145,0.052417,-0.024199,0.124957,1.898217,1.000000,0.116576,3.434223
1.165000,0.616162,0.123966,0.379515,0.954923,-0.291192,0.052389,-0.024162,0.124957,1.897639,1.000000,0.115180,3.433327
1.170000,0.616266,0.123530,0.379480,0.954912,-0.291239,0.052361,-0.024124,0.124957,1.897068,1.000000,0.113810,3.432512
1.175000,0.616369,0.123094,0.379446,0.954900,-0.291286,0.052334,-0.024086,0.124956,1.896504,1.000000,0.112460,3.431727
1.180000,0.616473,0.122658,0.379412,0.954888,-0.291333,0.052306,-0.024047,0.124956,1.895946,1.000000,0.111122,3.430963
1.185000,0.616576,0.122222,0.379377,0.954876,-0.291380,0.052278,-0.024007,0.124956,1.895395,1.000000,0.109802,3.430224
1.190000,0.616672,0.121795,0.379344,0.954864,-0.291429,0.052249,-0.023967,0.124955,1.894850,1.000000,0.108609,3.431360
1.195000,0.616766,0.121366,0.379312,0.954851,-0.291480,0.052219,-0.023925,0.124955,1.894311,1.000000,0.107460,3.433997
1.200000,0.616859,0.120938,0.379280,0.954838,-0.291530,0.052190,-0.023884,0.124955,1.893778,1.000000,0.106335,3.436612
1.205000,0.616952,0.120510,0.379247,0.954825,-0.291581,0.052160,-0.023841,0.124954,1.893250,1.000000,0.105229,3.439162
1.210000,0.617045,0.120081,0.379215,0.954813,-0.291631,0.052131,-0.023799,0.124954,1.892728,1.000000,0.104151,3.441727
1.215000,0.617138,0.119653,0.379182,0.954800,-0.291681,0.052102,-0.023756,0.124954,1.892210,1.000000,0.103111,3.444341
1.220000,0.617231,0.119224,0.379149,0.954787,-0.291732,0.052073,-0.023713,0.124953,1.891698,1.000000,0.102100,3.446970
1.225000,0.617324,0.118786,0.379114,0.954775,-0.291782,0.052042,-0.023668,0.124953,1.891192,1.000000,0.101056,3.449371
1.230000,0.617417,0.118347,0.379079,0.954762,-0.291833,0.052012,-0.023623,0.124952,1.890690,1.000000,0.100052,3.451778
1.235000,0.617510,0.117909,0.379044,0.954749,-0.291883,0.051981,-0.023578,0.124952,1.890193,1.000000,0.099065,3.454116
1.240000,0.617603,0.117471,0.379009,0.954737,-0.291934,0.051950,-0.023533,0.124952,1.889702,1.000000,0.098094,3.456411
1.245000,0.617696,0.117032,0.378973,0.954724,-0.291984,0.051920,-0.023488,0.124951,1.889215,1.000000,0.097154,3.458706
1.250000,0.617789,0.116593,0.378938,0.954711,-0.292035,0.051889,-0.023443,0.124951,1.888732,1.000000,0.096254,3.460987
1.255000,0.617881,0.116155,0.378902,0.954699,-0.292085,0.051858,-0.023399,0.124950,1.888255,1.000000,0.095370,3.463262
1.260000,0.617973,0.115707,0.378865,0.954686,-0.292136,0.051825,-0.023353,0.124950,1.887781,1.000000,0.094414,3.465063
1.265000,0.618065,0.115259,0.378828,0.954674,-0.292186,0.051792,-0.023307,0.124950,1.887313,1.000000,0.093485,3.466881
1.270000,0.618157,0.114811,0.378791,0.954661,-0.292237,0.051758,-0.023261,0.124949,1.886849,1.000000,0.092606,3.468642
1.275000,0.618250,0.114363,0.378753,0.954648,-0.292287,0.051724,-0.023215,0.124949,1.886389,1.000000,0.091757,3.470402
1.280000,0.618342,0.113915,0.378715,0.954636,-0.292338,0.051690,-0.023168,0.124949,1.885934,1.000000,0.090920,3.472002
1.285000,0.618433,0.113468,0.378677,0.954624,-0.292388,0.051654,-0.023122,0.124948,1.885482,1.000000,0.090096,3.473492
1.290000,0.618525,0.113020,0.378639,0.954611,-0.292439,0.051618,-0.023076,0.124948,1.885035,1.000000,0.089294,3.474933
1.295000,0.618614,0.112574,0.378608,0.954599,-0.292489,0.051585,-0.023033,0.124947,1.884591,1.000000,0.088548,3.475743
1.300000,0.618703,0.112128,0.378576,0.954586,-0.292539,0.051552,-0.022990,0.124947,1.884152,1.000000,0.087830,3.476549
1.305000,0.618791,0.111682,0.378544,0.954574,-0.292589,0.051518,-0.022947,0.124947,1.883715,1.000000,0.087140,3.477118
1.310000,0.618880,0.111235,0.378511,0.954561,-0.292639,0.051483,-0.022904,0.124946,1.883282,1.000000,0.086474,3.477700
1.315000,0.618968,0.110789,0.378479,0.954549,-0.292689,0.051447,-0.022862,0.124946,1.882853,1.000000,0.085834,3.478176
1.320000,0.619057,0.110343,0.378446,0.954537,-0.292739,0.051411,-0.022819,0.124946,1.882426,1.000000,0.085215,3.478635
1.325000,0.619144,0.109899,0.378422,0.954524,-0.292788,0.051381,-0.022780,0.124945,1.882002,1.000000,0.084657,3.478408
1.330000,0.619231,0.109455,0.378398,0.954512,-0.292837,0.051349,-0.022741,0.124945,1.881581,1.000000,0.084133,3.478107
1.335000,0.619318,0.109011,0.378373,0.954499,-0.292886,0.051317,-0.022702,0.124945,1.881163,1.000000,0.083640,3.477780
1.340000,0.619405,0.108567,0.378349,0.954487,-0.292935,0.051285,-0.022664,0.124944,1.880746,1.000000,0.083177,3.477378
1.345000,0.619492,0.108123,0.378324,0.954475,-0.292984,0.051251,-0.022625,0.124944,1.880332,1.000000,0.082740,3.476981
1.350000,0.619578,0.107679,0.378299,0.954462,-0.293033,0.051216,-0.022587,0.124943,1.879921,1.000000,0.082328,3.476528
1.355000,0.619665,0.107235,0.378274,0.954450,-0.293083,0.051181,-0.022549,0.124943,1.879511,1.000000,0.081941,3.476084
1.360000,0.619754,0.106780,0.378259,0.954437,-0.293131,0.051151,-0.022514,0.124943,1.879103,1.000000,0.081529,3.474654
1.365000,0.619843,0.106325,0.378244,0.954425,-0.293180,0.051121,-0.022479,0.124942,1.878697,1.000000,0.081167,3.473226
1.370000,0.619932,0.105870,0.378228,0.954412,-0.293229,0.051090,-0.022445,0.124942,1.878293,1.000000,0.080846,3.471820
1.375000,0.620020,0.105415,0.378213,0.954400,-0.293278,0.051058,-0.022410,0.124942,1.877890,1.000000,0.080563,3.470438
1.380000,0.620109,0.104959,0.378197,0.954387,-0.293327,0.051024,-0.022376,0.124941,1.877489,1.000000,0.080313,3.469081
1.385000,0.620197,0.104504,0.378181,0.954375,-0.293376,0.050990,-0.022342,0.124941,1.877089,1.000000,0.080093,3.467786
1.390000,0.620285,0.104049,0.378166,0.954362,-0.293426,0.050954,-0.022309,0.124941,1.876690,1.000000,0.079900,3.466499
1.395000,0.620378,0.103574,0.378165,0.954350,-0.293474,0.050927,-0.022281,0.124940,1.876292,1.000000,0.079617,3.463763
1.400000,0.620470,0.103100,0.378163,0.954337,-0.293522,0.050898,-0.022254,0.124940,1.875896,1.000000,0.079397,3.461043
1.405000,0.620563,0.102625,0.378162,0.954324,-0.293571,0.050868,-0.022227,0.124940,1.875500,1.000000,0.079250,3.458466
1.410000,0.620655,0.102150,0.378161,0.954311,-0.293621,0.050837,-0.022200,0.124940,1.875105,1.000000,0.079157,3.455958
1.415000,0.620747,0.101675,0.378160,0.954298,-0.293670,0.050804,-0.022174,0.124939,1.874711,1.000000,0.079095,3.453525
1.420000,0.620839,0.101201,0.378159,0.954285,-0.293720,0.050770,-0.022148,0.124939,1.874317,1.000000,0.079059,3.451186
1.425000,0.620931,0.100726,0.378158,0.954272,-0.293771,0.050734,-0.022123,0.124939,1.873922,1.000000,0.079053,3.448888
1.430000,0.621025,0.100248,0.378173,0.954259,-0.293819,0.050708,-0.022104,0.124938,1.873528,1.000000,0.079093,3.445621
1.435000,0.621118,0.099771,0.378188,0.954246,-0.293868,0.050682,-0.022086,0.124938,1.873133,1.000000,0.079185,3.442367
1.440000,0.621211,0.099294,0.378203,0.954233,-0.293917,0.050654,-0.022069,0.124938,1.872738,1.000000,0.079309,3.439255
1.445000,0.621305,0.098816,0.378218,0.954219,-0.293967,0.050624,-0.022051,0.124937,1.872342,1.000000,0.079470,3.436175
1.450000,0.621398,0.098339,0.378233,0.954206,-0.294017,0.050593,-0.022035,0.124937,1.871945,1.000000,0.079683,3.433296
1.455000,0.621491,0.097861,0.378248,0.954192,-0.294068,0.050560,-0.022018,0.124937,1.871547,1.000000,0.079938,3.430567
1.460000,0.621583,0.097383,0.378263,0.954178,-0.294120,0.050525,-0.022002,0.124936,1.871148,1.000000,0.080218,3.427878
1.465000,0.621679,0.096909,0.378295,0.954165,-0.294169,0.050503,-0.021994,0.124936,1.870747,1.000000,0.080562,3.424254
1.470000,0.621774,0.096435,0.378328,0.954151,-0.294218,0.050480,-0.021986,0.124936,1.870344,1.000000,0.080952,3.420644
1.475000,0.621869,0.095961,0.378360,0.954137,-0.294268,0.050455,-0.021979,0.124935,1.869939,1.000000,0.081387,3.417280
1.480000,0.621963,0.095487,0.378392,0.954123,-0.294319,0.050429,-0.021971,0.124935,1.869531,1.000000,0.081859,3.413932
1.485000,0.622058,0.095013,0.378425,0.954109,-0.294370,0.050401,-0.021964,0.124935,1.869121,1.000000,0.082365,3.410733
1.490000,0.622153,0.094538,0.378458,0.954095,-0.294422,0.050372,-0.021957,0.124935,1.868709,1.000000,0.082900,3.407608
1.495000,0.622258,0.094049,0.378513,0.954080,-0.294470,0.050359,-0.021959,0.124934,1.868294,1.000000,0.083386,3.402867
1.500000,0.622364,0.093559,0.378568,0.954066,-0.294518,0.050344,-0.021961,0.124934,1.867877,1.000000,0.083942,3.398251
1.505000,0.622469,0.093069,0.378624,0.954052,-0.294567,0.050328,-0.021963,0.124934,1.867457,1.000000,0.084551,3.393662
1.510000,0.622574,0.092580,0.378679,0.954037,-0.294617,0.050310,-0.021965,0.124933,1.867033,1.000000,0.085186,3.389142
1.515000,0.622679,0.092090,0.378734,0.954023,-0.294667,0.050290,-0.021968,0.124933,1.866607,1.000000,0.085856,3.384647
1.520000,0.622785,0.091601,0.378790,0.954008,-0.294718,0.050268,-0.021970,0.124933,1.866177,1.000000,0.086578,3.380304
1.525000,0.622890,0.091111,0.378845,0.953993,-0.294770,0.050243,-0.021973,0.124932,1.865743,1.000000,0.087331,3.376021
1.530000,0.623012,0.090606,0.378929,0.953979,-0.294816,0.050242,-0.021987,0.124932,1.865306,1.000000,0.088005,3.369893
1.535000,0.623134,0.090101,0.379013,0.953965,-0.294862,0.050238,-0.022000,0.124932,1.864865,1.000000,0.088731,3.363805
1.540000,0.623256,0.089596,0.379097,0.953950,-0.294909,0.050231,-0.022014,0.124932,1.864421,1.000000,0.089508,3.357757
1.545000,0.623378,0.089091,0.379181,0.953935,-0.294957,0.050223,-0.022028,0.124931,1.863973,1.000000,0.090327,3.351765
1.550000,0.623500,0.088586,0.379264,0.953921,-0.295005,0.050212,-0.022043,0.124931,1.863520,1.000000,0.091176,3.345811
1.555000,0.623623,0.088081,0.379348,0.953906,-0.295055,0.050198,-0.022057,0.124931,1.863063,1.000000,0.092049,3.339893
1.560000,0.623745,0.087576,0.379432,0.953891,-0.295106,0.050182,-0.022071,0.124930,1.862602,1.000000,0.092939,3.334013
1.565000,0.623891,0.087044,0.379551,0.953876,-0.295148,0.050191,-0.022099,0.124930,1.862137,1.000000,0.093675,3.325857
1.570000,0.624037,0.086513,0.379669,0.953862,-0.295192,0.050197,-0.022128,0.124930,1.861669,1.000000,0.094492,3.317785
1.575000,0.624183,0.085981,0.379788,0.953847,-0.295237,0.050200,-0.022156,0.124930,1.861196,1.000000,0.095353,3.309744
1.580000,0.624329,0.085450,0.379906,0.953832,-0.295282,0.050199,-0.022184,0.124930,1.860719,1.000000,0.096225,3.301664
1.585000,0.624475,0.084919,0.380025,0.953817,-0.295329,0.050196,-0.022213,0.124929,1.860237,1.000000,0.097118,3.293646
1.590000,0.624621,0.084388,0.380143,0.953802,-0.295377,0.050189,-0.022242,0.124929,1.859751,1.000000,0.098008,3.285644
1.595000,0.624768,0.083857,0.380261,0.953787,-0.295426,0.050179,-0.022270,0.124929,1.859261,1.000000,0.098872,3.277702
1.600000,0.624929,0.083302,0.380404,0.953772,-0.295471,0.050181,-0.022308,0.124929,1.858767,1.000000,0.099541,3.268086
1.605000,0.625091,0.082748,0.380546,0.953757,-0.295517,0.050180,-0.022346,0.124928,1.858270,1.000000,0.100226,3.258544
1.610000,0.625252,0.082193,0.380688,0.953742,-0.295564,0.050175,-0.022384,0.124928,1.857770,1.000000,0.100899,3.249041
1.615000,0.625414,0.081639,0.380831,0.953726,-0.295613,0.050166,-0.022422,0.124928,1.857266,1.000000,0.101534,3.239500
1.620000,0.625575,0.081085,0.380973,0.953710,-0.295663,0.050154,-0.022460,0.124928,1.856760,1.000000,0.102145,3.230051
1.625000,0.625737,0.080530,0.381115,0.953694,-0.295715,0.050139,-0.022498,0.124927,1.856250,1.000000,0.102754,3.220670
1.630000,0.625899,0.079976,0.381257,0.953677,-0.295769,0.050120,-0.022537,0.124927,1.855738,1.000000,0.103332,3.211383
1.635000,0.626055,0.079411,0.381403,0.953660,-0.295825,0.050096,-0.022576,0.124927,1.855223,1.000000,0.103785,3.201264
1.640000,0.626211,0.078846,0.381550,0.953643,-0.295883,0.050069,-0.022614,0.124927,1.854706,1.000000,0.104202,3.191176
1.645000,0.626367,0.078281,0.381696,0.953625,-0.295942,0.050039,-0.022653,0.124927,1.854187,1.000000,0.104578,3.181167
1.650000,0.626523,0.077716,0.381842,0.953607,-0.296003,0.050006,-0.022692,0.124926,1.853666,1.000000,0.104851,3.171219
1.655000,0.626679,0.077151,0.381988,0.953589,-0.296066,0.049970,-0.022730,0.124926,1.853145,1.000000,0.105021,3.161367
1.660000,0.626836,0.076586,0.382134,0.953570,-0.296131,0.049931,-0.022767,0.124926,1.852623,1.000000,0.105107,3.151517
1.665000,0.626978,0.075997,0.382267,0.953549,-0.296207,0.049870,-0.022795,0.124926,1.852101,1.000000,0.104994,3.141609
1.670000,0.627120,0.075408,0.382399,0.953527,-0.296284,0.049807,-0.022822,0.124926,1.851580,1.000000,0.104844,3.131769
1.675000,0.627262,0.074820,0.382532,0.953505,-0.296363,0.049741,-0.022847,0.124925,1.851060,1.000000,0.104651,3.122024
1.680000,0.627404,0.074231,0.382664,0.953483,-0.296444,0.049673,-0.022871,0.124925,1.850542,1.000000,0.104395,3.112330
1.685000,0.627546,0.073643,0.382797,0.953461,-0.296526,0.049602,-0.022894,0.124925,1.850025,1.000000,0.104069,3.102675
1.690000,0.627688,0.073054,0.382929,0.953438,-0.296610,0.049530,-0.022915,0.124925,1.849509,1.000000,0.103690,3.093135
1.695000,0.627830,0.072466,0.383061,0.953415,-0.296695,0.049456,-0.022935,0.124925,1.848996,1.000000,0.103275,3.083714
1.700000,0.627958,0.071855,0.383171,0.953389,-0.296796,0.049356,-0.022942,0.124924,1.848485,1.000000,0.102686,3.074952
1.705000,0.628086,0.071244,0.383280,0.953362,-0.296898,0.049255,-0.022947,0.124924,1.847978,1.000000,0.102055,3.066247
1.710000,0.628214,0.070633,0.383389,0.953335,-0.297002,0.049151,-0.022950,0.124924,1.847474,1.000000,0.101369,3.057653
1.715000,0.628342,0.070022,0.383498,0.953307,-0.297107,0.049047,-0.022952,0.124924,1.846974,1.000000,0.100623,3.049205
1.720000,0.628470,0.069410,0.383608,0.953280,-0.297214,0.048941,-0.022952,0.124924,1.846477,1.000000,0.099811,3.040904
1.725000,0.628598,0.068799,0.383717,0.953251,-0.297322,0.048833,-0.022950,0.124923,1.845985,1.000000,0.098923,3.032719
1.730000,0.628726,0.068189,0.383826,0.953223,-0.297431,0.048725,-0.022947,0.124923,1.845498,1.000000,0.097942,3.024630
1.735000,0.628846,0.067554,0.383921,0.953192,-0.297552,0.048598,-0.022934,0.124923,1.845017,1.000000,0.096730,3.016896
1.740000,0.628967,0.066918,0.384016,0.953160,-0.297675,0.048470,-0.022920,0.124923,1.844541,1.000000,0.095492,3.009365
1.745000,0.629087,0.066283,0.384112,0.953129,-0.297799,0.048342,-0.022905,0.124922,1.844073,1.000000,0.094194,3.001991
1.750000,0.629207,0.065648,0.384207,0.953096,-0.297925,0.048212,-0.022887,0.124922,1.843611,1.000000,0.092824,2.994788
1.755000,0.629327,0.065012,0.384302,0.953064,-0.298051,0.048082,-0.022868,0.124922,1.843156,1.000000,0.091380,2.987754
1.760000,0.629447,0.064377,0.384397,0.953031,-0.298179,0.047950,-0.022848,0.124922,1.842708,1.000000,0.089852,2.980882
1.765000,0.629567,0.063742,0.384492,0.952998,-0.298308,0.047819,-0.022826,0.124921,1.842269,1.000000,0.088229,2.974189
1.770000,0.629682,0.063096,0.384582,0.952963,-0.298442,0.047680,-0.022799,0.124921,1.841838,1.000000,0.086459,2.967626
1.775000,0.629796,0.062450,0.384672,0.952929,-0.298577,0.047540,-0.022771,0.124921,1.841417,1.000000,0.084655,2.961330
1.780000,0.629910,0.061804,0.384762,0.952894,-0.298714,0.047400,-0.022742,0.124921,1.841004,1.000000,0.082781,2.955204
1.785000,0.630024,0.061158,0.384853,0.952858,-0.298851,0.047260,-0.022711,0.124920,1.840601,1.000000,0.080814,2.949296
1.790000,0.630139,0.060513,0.384943,0.952823,-0.298989,0.047119,-0.022678,0.124920,1.840209,1.000000,0.078764,2.943586
1.795000,0.630253,0.059867,0.385033,0.952787,-0.299127,0.046978,-0.022645,0.124920,1.839827,1.000000,0.076654,2.938075
1.800000,0.630367,0.059221,0.385123,0.952751,-0.299267,0.046836,-0.022610,0.124920,1.839455,1.000000,0.074495,2.932782
1.805000,0.630475,0.058561,0.385208,0.952713,-0.299413,0.046687,-0.022570,0.124919,1.839095,1.000000,0.072168,2.927605
1.810000,0.630583,0.057901,0.385293,0.952676,-0.299559,0.046538,-0.022529,0.124919,1.838747,1.000000,0.069764,2.922675
1.815000,0.630691,0.057241,0.385379,0.952638,-0.299706,0.046388,-0.022488,0.124919,1.838411,1.000000,0.067289,2.917939
1.820000,0.630800,0.056581,0.385464,0.952600,-0.299854,0.046238,-0.022445,0.124919,1.838088,1.000000,0.064736,2.913191
1.825000,0.630909,0.055922,0.385550,0.952561,-0.300002,0.046087,-0.022401,0.124918,1.837778,1.000000,0.062068,2.908563
1.830000,0.631018,0.055262,0.385636,0.952523,-0.300151,0.045936,-0.022358,0.124918,1.837482,1.000000,0.059285,2.904147
1.835000,0.631116,0.054588,0.385710,0.952482,-0.300310,0.045771,-0.022309,0.124918,1.837201,1.000000,0.056319,2.900111
1.840000,0.631214,0.053914,0.385784,0.952440,-0.300469,0.045606,-0.022261,0.124917,1.836934,1.000000,0.053264,2.896279
1.845000,0.631312,0.053240,0.385858,0.952399,-0.300630,0.045440,-0.022212,0.124917,1.836683,1.000000,0.050145,2.892671
1.850000,0.631410,0.052566,0.385932,0.952357,-0.300792,0.045273,-0.022164,0.124917,1.836448,1.000000,0.046932,2.889267
1.855000,0.631507,0.051892,0.386006,0.952315,-0.300954,0.045106,-0.022115,0.124917,1.836230,1.000000,0.043606,2.886112
1.860000,0.631605,0.051218,0.386080,0.952272,-0.301117,0.044939,-0.022067,0.124916,1.836028,1.000000,0.040187,2.883183
1.865000,0.631703,0.050544,0.386154,0.952230,-0.301280,0.044771,-0.022019,0.124916,1.835844,1.000000,0.036690,2.880484
1.870000,0.631782,0.049879,0.386208,0.952185,-0.301451,0.044593,-0.021965,0.124916,1.835677,1.000000,0.033293,2.878384
1.875000,0.631861,0.049214,0.386263,0.952140,-0.301622,0.044415,-0.021911,0.124915,1.835527,1.000000,0.029825,2.876475
1.880000,0.631941,0.048550,0.386317,0.952095,-0.301794,0.044236,-0.021856,0.124915,1.835394,1.000000,0.026291,2.874794
1.885000,0.632020,0.047885,0.386371,0.952050,-0.301966,0.044057,-0.021801,0.124915,1.835280,1.000000,0.022692,2.873305
1.890000,0.632100,0.047220,0.386426,0.952005,-0.302139,0.043878,-0.021746,0.124914,1.835183,1.000000,0.019056,2.872027
1.895000,0.632179,0.046554,0.386480,0.951960,-0.302312,0.043700,-0.021690,0.124914,1.835105,1.000000,0.015376,2.870947
1.900000,0.632258,0.045889,0.386534,0.951914,-0.302485,0.043521,-0.021633,0.124914,1.835045,1.000000,0.011634,2.870067
1.905000,0.632318,0.045232,0.386559,0.951866,-0.302670,0.043327,-0.021568,0.124913,1.835004,1.000000,0.008008,2.870254
1.910000,0.632378,0.044575,0.386584,0.951817,-0.302855,0.043133,-0.021501,0.124913,1.834981,1.000000,0.004331,2.870621
1.915000,0.632438,0.043918,0.386608,0.951769,-0.303040,0.042939,-0.021434,0.124913,1.834976,1.000000,0.000601,2.871261
1.920000,0.632498,0.043261,0.386633,0.951720,-0.303225,0.042745,-0.021367,0.124912,1.834988,1.000000,-0.003178,2.872077
1.925000,0.632558,0.042604,0.386658,0.951671,-0.303409,0.042551,-0.021298,0.124912,1.835014,1.000000,-0.006998,2.873065
1.930000,0.632618,0.041947,0.386683,0.951623,-0.303594,0.042358,-0.021228,0.124912,1.835056,1.000000,-0.010856,2.874227
1.935000,0.632678,0.041290,0.386707,0.951574,-0.303778,0.042165,-0.021158,0.124911,1.835114,1.000000,-0.014750,2.875596
1.940000,0.632723,0.040624,0.386707,0.951522,-0.303976,0.041954,-0.021078,0.124911,1.835187,1.000000,-0.018700,2.878147
1.945000,0.632769,0.039958,0.386707,0.951470,-0.304174,0.041743,-0.020998,0.124910,1.835276,1.000000,-0.022672,2.880881
1.950000,0.632815,0.039292,0.386707,0.951418,-0.304372,0.041533,-0.020916,0.124910,1.835381,1.000000,-0.026637,2.883758
1.955000,0.632860,0.038625,0.386707,0.951365,-0.304569,0.041323,-0.020834,0.124910,1.835502,1.000000,-0.030636,2.886815
1.960000,0.632906,0.037959,0.386707,0.951313,-0.304766,0.041114,-0.020750,0.124909,1.835639,1.000000,-0.034691,2.890136
1.965000,0.632952,0.037293,0.386707,0.951261,-0.304962,0.040905,-0.020666,0.124909,1.835793,1.000000,-0.038786,2.893673
1.970000,0.632997,0.036627,0.386707,0.951209,-0.305158,0.040697,-0.020581,0.124908,1.835963,1.000000,-0.042906,2.897406
1.975000,0.633034,0.035962,0.386699,0.951157,-0.305355,0.040485,-0.020494,0.124908,1.836149,1.000000,-0.046990,2.901402
1.980000,0.633070,0.035297,0.386691,0.951104,-0.305552,0.040274,-0.020405,0.124908,1.836352,1.000000,-0.051068,2.905579
1.985000,0.633107,0.034632,0.386683,0.951052,-0.305748,0.040064,-0.020316,0.124907,1.836571,1.000000,-0.055127,2.909968
1.990000,0.633144,0.033968,0.386675,0.951000,-0.305942,0.039855,-0.020225,0.124907,1.836806,1.000000,-0.059172,2.914539
1.995000,0.633180,0.033303,0.386667,0.950949,-0.306135,0.039647,-0.020133,0.124906,1.837057,1.000000,-0.063205,2.919312
2.000000,0.633217,0.032638,0.386659,0.950898,-0.306326,0.039441,-0.020039,0.124906,1.837325,1.000000,-0.067226,2.924275
2.005000,0.633248,0.031983,0.386655,0.950849,-0.306511,0.039241,-0.019948,0.124905,1.837608,1.000000,-0.071092,2.928700
2.010000,0.633280,0.031328,0.386652,0.950800,-0.306694,0.039043,-0.019855,0.124905,1.837906,1.000000,-0.074917,2.933267
2.015000,0.633311,0.030674,0.386648,0.950751,-0.306876,0.038846,-0.019760,0.124905,1.838219,1.000000,-0.078720,2.938000
2.020000,0.633343,0.030019,0.386644,0.950703,-0.307055,0.038651,-0.019665,0.124904,1.838548,1.000000,-0.082535,2.943027
2.025000,0.633374,0.029365,0.386640,0.950656,-0.307232,0.038457,-0.019568,0.124904,1.838892,1.000000,-0.086320,2.948217
2.030000,0.633405,0.028710,0.386637,0.950609,-0.307408,0.038264,-0.019470,0.124903,1.839251,1.000000,-0.090075,2.953598
2.035000,0.633437,0.028056,0.386633,0.950562,-0.307581,0.038073,-0.019371,0.124903,1.839625,1.000000,-0.093796,2.959152
2.040000,0.633464,0.027399,0.386637,0.950517,-0.307751,0.037887,-0.019273,0.124902,1.840014,1.000000,-0.097490,2.964246
2.045000,0.633491,0.026743,0.386641,0.950472,-0.307920,0.037702,-0.019173,0.124902,1.840418,1.000000,-0.101136,2.969525
2.050000,0.633518,0.026087,0.386646,0.950427,-0.308086,0.037518,-0.019073,0.124901,1.840836,1.000000,-0.104734,2.974964
2.055000,0.633546,0.025430,0.386650,0.950383,-0.308252,0.037336,-0.018972,0.124901,1.841268,1.000000,-0.108250,2.980508
2.060000,0.633573,0.024773,0.386654,0.950339,-0.308415,0.037154,-0.018870,0.124900,1.841714,1.000000,-0.111718,2.986210
2.065000,0.633600,0.024117,0.386659,0.950295,-0.308578,0.036975,-0.018767,0.124900,1.842174,1.000000,-0.115167,2.992159
2.070000,0.633627,0.023461,0.386663,0.950252,-0.308738,0.036796,-0.018664,0.124899,1.842648,1.000000,-0.118581,2.998306
2.075000,0.633645,0.022788,0.386674,0.950208,-0.308899,0.036616,-0.018559,0.124898,1.843136,1.000000,-0.122106,3.004297
2.080000,0.633664,0.022116,0.386684,0.950165,-0.309059,0.036436,-0.018453,0.124898,1.843638,1.000000,-0.125570,3.010493
2.085000,0.633682,0.021444,0.386695,0.950123,-0.309218,0.036258,-0.018347,0.124897,1.844153,1.000000,-0.128983,3.016866
2.090000,0.633701,0.020772,0.386705,0.950080,-0.309375,0.036081,-0.018241,0.124897,1.844682,1.000000,-0.132350,3.023447
2.095000,0.633719,0.020100,0.386716,0.950038,-0.309530,0.035905,-0.018135,0.124896,1.845225,1.000000,-0.135672,3.030203
2.100000,0.633737,0.019427,0.386727,0.949997,-0.309685,0.035730,-0.018029,0.124896,1.845780,1.000000,-0.138925,3.037087
2.105000,0.633755,0.018754,0.386737,0.949955,-0.309839,0.035556,-0.017922,0.124895,1.846349,1.000000,-0.142124,3.044120
2.110000,0.633760,0.018071,0.386755,0.949913,-0.309993,0.035379,-0.017816,0.124895,1.846931,1.000000,-0.145383,3.050658
2.115000,0.633764,0.017388,0.386774,0.949872,-0.310146,0.035203,-0.017710,0.124894,1.847525,1.000000,-0.148607,3.057483
2.120000,0.633769,0.016704,0.386792,0.949831,-0.310297,0.035027,-0.017604,0.124893,1.848132,1.000000,-0.151783,3.064495
2.125000,0.633773,0.016021,0.386810,0.949790,-0.310447,0.034853,-0.017498,0.124893,1.848752,1.000000,-0.154915,3.071709
2.130000,0.633777,0.015338,0.386829,0.949750,-0.310596,0.034679,-0.017393,0.124892,1.849385,1.000000,-0.158007,3.079109
2.135000,0.633782,0.014655,0.386847,0.949710,-0.310744,0.034506,-0.017288,0.124892,1.850029,1.000000,-0.161062,3.086717
2.140000,0.633786,0.013972,0.386865,0.949670,-0.310891,0.034333,-0.017183,0.124891,1.850686,1.000000,-0.164080,3.094520
2.145000,0.633779,0.013276,0.386892,0.949630,-0.311038,0.034159,-0.017080,0.124890,1.851356,1.000000,-0.167161,3.101903
2.150000,0.633771,0.012581,0.386919,0.949590,-0.311184,0.033986,-0.016977,0.124890,1.852037,1.000000,-0.170170,3.109431
2.155000,0.633764,0.011885,0.386946,0.949551,-0.311328,0.033813,-0.016875,0.124889,1.852730,1.000000,-0.173141,3.117157
2.160000,0.633756,0.011190,0.386974,0.949512,-0.311472,0.033640,-0.016774,0.124888,1.853435,1.000000,-0.176113,3.125220
2.165000,0.633749,0.010494,0.387001,0.949473,-0.311614,0.033468,-0.016673,0.124888,1.854152,1.000000,-0.179056,3.133481
2.170000,0.633741,0.009799,0.387028,0.949434,-0.311755,0.033297,-0.016574,0.124887,1.854881,1.000000,-0.181971,3.141957
2.175000,0.633730,0.009081,0.387070,0.949396,-0.311895,0.033128,-0.016475,0.124887,1.855623,1.000000,-0.185112,3.150520
2.180000,0.633719,0.008363,0.387112,0.949358,-0.312033,0.032960,-0.016377,0.124886,1.856376,1.000000,-0.188224,3.159314
2.185000,0.633707,0.007645,0.387155,0.949320,-0.312170,0.032792,-0.016281,0.124885,1.857143,1.000000,-0.191316,3.168344
2.190000,0.633696,0.006928,0.387197,0.949283,-0.312307,0.032624,-0.016186,0.124885,1.857921,1.000000,-0.194392,3.177595
2.195000,0.633685,0.006210,0.387239,0.949246,-0.312443,0.032456,-0.016093,0.124884,1.858712,1.000000,-0.197456,3.187094
2.200000,0.633673,0.005492,0.387282,0.949208,-0.312578,0.032288,-0.016001,0.124883,1.859515,1.000000,-0.200509,3.196812
2.205000,0.633662,0.004774,0.387324,0.949171,-0.312713,0.032120,-0.015910,0.124883,1.860331,1.000000,-0.203527,3.206687
2.210000,0.633647,0.004060,0.387379,0.949135,-0.312845,0.031955,-0.015823,0.124882,1.861158,1.000000,-0.206454,3.215728
2.215000,0.633632,0.003346,0.387433,0.949098,-0.312977,0.031790,-0.015738,0.124881,1.861996,1.000000,-0.209371,3.225025
2.220000,0.633616,0.002633,0.387488,0.949062,-0.313109,0.031625,-0.015653,0.124881,1.862847,1.000000,-0.212291,3.234625
2.225000,0.633601,0.001920,0.387542,0.949025,-0.313240,0.031460,-0.015571,0.124880,1.863709,1.000000,-0.215192,3.244434
2.230000,0.633586,0.001206,0.387597,0.948989,-0.313371,0.031294,-0.015489,0.124879,1.864582,1.000000,-0.218078,3.254442
2.235000,0.633571,0.000493,0.387651,0.948952,-0.313502,0.031127,-0.015409,0.124879,1.865467,1.000000,-0.220950,3.264656
2.240000,0.633556,-0.000220,0.387706,0.948916,-0.313633,0.030960,-0.015330,0.124878,1.866364,1.000000,-0.223811,3.275113
2.245000,0.633533,-0.000933,0.387769,0.948879,-0.313763,0.030793,-0.015252,0.124877,1.867272,1.000000,-0.226640,3.285018
2.250000,0.633510,-0.001645,0.387832,0.948843,-0.313894,0.030625,-0.015176,0.124876,1.868191,1.000000,-0.229451,3.295133
2.255000,0.633488,-0.002358,0.387895,0.948806,-0.314025,0.030456,-0.015101,0.124876,1.869122,1.000000,-0.232246,3.305463
2.260000,0.633465,-0.003071,0.387958,0.948769,-0.314156,0.030287,-0.015028,0.124875,1.870063,1.000000,-0.235030,3.315993
2.265000,0.633442,-0.003784,0.388021,0.948732,-0.314288,0.030118,-0.014955,0.124874,1.871016,1.000000,-0.237768,3.326576
2.270000,0.633419,-0.004497,0.388085,0.948695,-0.314420,0.029947,-0.014883,0.124874,1.871980,1.000000,-0.240500,3.337353
2.275000,0.633396,-0.005210,0.388148,0.948658,-0.314552,0.029776,-0.014812,0.124873,1.872954,1.000000,-0.243249,3.348431
2.280000,0.633365,-0.005927,0.388221,0.948621,-0.314680,0.029611,-0.014745,0.124872,1.873940,1.000000,-0.246054,3.359149
2.285000,0.633333,-0.006644,0.388295,0.948584,-0.314809,0.029445,-0.014680,0.124871,1.874937,1.000000,-0.248855,3.370087
2.290000,0.633301,-0.007361,0.388368,0.948548,-0.314939,0.029279,-0.014615,0.124871,1.875945,1.000000,-0.251657,3.381262
2.295000,0.633270,-0.008078,0.388442,0.948511,-0.315069,0.029112,-0.014551,0.124870,1.876965,1.000000,-0.254459,3.392639
2.300000,0.633238,-0.008795,0.388516,0.948474,-0.315199,0.028944,-0.014488,0.124869,1.877995,1.000000,-0.257260,3.404202
2.305000,0.633206,-0.009512,0.388589,0.948436,-0.315329,0.028776,-0.014427,0.124868,1.879037,1.000000,-0.260064,3.415963
2.310000,0.633174,-0.010229,0.388663,0.948399,-0.315461,0.028606,-0.014366,0.124868,1.880090,1.000000,-0.262849,3.427828
2.315000,0.633137,-0.010919,0.388740,0.948362,-0.315586,0.028449,-0.014311,0.124867,1.881153,1.000000,-0.265275,3.437940
2.320000,0.633100,-0.011609,0.388817,0.948326,-0.315711,0.028291,-0.014256,0.124866,1.882226,1.000000,-0.267696,3.448274
2.325000,0.633063,-0.012298,0.388894,0.948290,-0.315837,0.028133,-0.014202,0.124866,1.883308,1.000000,-0.270122,3.458889
2.330000,0.633026,-0.012988,0.388972,0.948253,-0.315963,0.027974,-0.014149,0.124865,1.884400,1.000000,-0.272527,3.469671
2.335000,0.632989,-0.013677,0.389049,0.948217,-0.316090,0.027814,-0.014095,0.124864,1.885501,1.000000,-0.274917,3.480658
2.340000,0.632951,-0.014366,0.389126,0.948180,-0.316217,0.027654,-0.014042,0.124863,1.886612,1.000000,-0.277291,3.491813
2.345000,0.632912,-0.015015,0.389203,0.948144,-0.316338,0.027507,-0.013993,0.124863,1.887731,1.000000,-0.279110,3.500619
2.350000,0.632872,-0.015665,0.389279,0.948109,-0.316460,0.027359,-0.013944,0.124862,1.888856,1.000000,-0.280867,3.509492
2.355000,0.632832,-0.016314,0.389356,0.948073,-0.316582,0.027211,-0.013894,0.124861,1.889989,1.000000,-0.282586,3.518547
2.360000,0.632793,-0.016963,0.389433,0.948037,-0.316705,0.027062,-0.013844,0.124860,1.891128,1.000000,-0.284282,3.527850
2.365000,0.632753,-0.017611,0.389509,0.948001,-0.316828,0.026913,-0.013793,0.124860,1.892274,1.000000,-0.285935,3.537279
2.370000,0.632713,-0.018261,0.389586,0.947964,-0.316952,0.026764,-0.013741,0.124859,1.893426,1.000000,-0.287514,3.546711
2.375000,0.632673,-0.018910,0.389663,0.947928,-0.317076,0.026614,-0.013689,0.124858,1.894585,1.000000,-0.289058,3.556265
2.380000,0.632624,-0.019547,0.389739,0.947891,-0.317202,0.026463,-0.013636,0.124858,1.895749,1.000000,-0.290449,3.565097
2.385000,0.632575,-0.020185,0.389815,0.947854,-0.317327,0.026311,-0.013583,0.124857,1.896919,1.000000,-0.291810,3.574101
2.390000,0.632525,-0.020822,0.389890,0.947816,-0.317454,0.026159,-0.013528,0.124856,1.898094,1.000000,-0.293124,3.583178
2.395000,0.632476,-0.021460,0.389966,0.947779,-0.317581,0.026007,-0.013473,0.124855,1.899274,1.000000,-0.294385,3.592275
2.400000,0.632427,-0.022098,0.390042,0.947741,-0.317709,0.025855,-0.013418,0.124855,1.900459,1.000000,-0.295620,3.601487
2.405000,0.632377,-0.022735,0.390118,0.947703,-0.317837,0.025702,-0.013361,0.124854,1.901649,1.000000,-0.296867,3.610896
2.410000,0.632328,-0.023373,0.390193,0.947665,-0.317965,0.025549,-0.013303,0.124853,1.902844,1.000000,-0.298098,3.620422
2.415000,0.632267,-0.024001,0.390259,0.947625,-0.318099,0.025387,-0.013243,0.124853,1.904044,1.000000,-0.299171,3.629419
2.420000,0.632205,-0.024630,0.390325,0.947585,-0.318233,0.025224,-0.013183,0.124852,1.905247,1.000000,-0.300207,3.638450
2.425000,0.632144,-0.025259,0.390391,0.947545,-0.318368,0.025061,-0.013121,0.124851,1.906455,1.000000,-0.301242,3.647677
2.430000,0.632083,-0.025887,0.390458,0.947505,-0.318502,0.024898,-0.013059,0.124850,1.907667,1.000000,-0.302290,3.657158
2.435000,0.632022,-0.026516,0.390524,0.947465,-0.318637,0.024735,-0.012997,0.124850,1.908883,1.000000,-0.303335,3.666743
2.440000,0.631960,-0.027144,0.390589,0.947424,-0.318772,0.024572,-0.012933,0.124849,1.910103,1.000000,-0.304379,3.676431
2.445000,0.631899,-0.027773,0.390655,0.947384,-0.318908,0.024409,-0.012869,0.124848,1.911328,1.000000,-0.305426,3.686225
2.450000,0.631831,-0.028351,0.390704,0.947344,-0.319040,0.024251,-0.012808,0.124848,1.912554,1.000000,-0.305812,3.693268
2.455000,0.631763,-0.028929,0.390753,0.947305,-0.319172,0.024094,-0.012746,0.124847,1.913781,1.000000,-0.306145,3.700339
2.460000,0.631695,-0.029507,0.390802,0.947265,-0.319304,0.023937,-0.012683,0.124846,1.915010,1.000000,-0.306450,3.707559
2.465000,0.631627,-0.030085,0.390851,0.947225,-0.319436,0.023780,-0.012619,0.124846,1.916240,1.000000,-0.306735,3.714952
2.470000,0.631559,-0.030663,0.390900,0.947186,-0.319568,0.023623,-0.012554,0.124845,1.917471,1.000000,-0.306984,3.722396
2.475000,0.631491,-0.031241,0.390949,0.947146,-0.319700,0.023467,-0.012487,0.124844,1.918703,1.000000,-0.307171,3.729770
2.480000,0.631423,-0.031820,0.390998,0.947106,-0.319832,0.023310,-0.012419,0.124844,1.919935,1.000000,-0.307340,3.737214
2.485000,0.631338,-0.032367,0.391027,0.947066,-0.319966,0.023149,-0.012352,0.124843,1.921167,1.000000,-0.307144,3.743293
2.490000,0.631253,-0.032914,0.391056,0.947025,-0.320099,0.022989,-0.012284,0.124842,1.922398,1.000000,-0.306913,3.749477
2.495000,0.631169,-0.033461,0.391085,0.946985,-0.320233,0.022829,-0.012215,0.124842,1.923627,1.000000,-0.306629,3.755627
2.500000,0.631084,-0.034009,0.391114,0.946945,-0.320366,0.022669,-0.012144,0.124841,1.924856,1.000000,-0.306301,3.761743
2.505000,0.630998,-0.034556,0.391143,0.946904,-0.320499,0.022510,-0.012073,0.124840,1.926083,1.000000,-0.305964,3.767963
2.510000,0.630913,-0.035103,0.391171,0.946864,-0.320631,0.022351,-0.011999,0.124840,1.927309,1.000000,-0.305644,3.774441
2.515000,0.630809,-0.035626,0.391174,0.946822,-0.320770,0.022177,-0.011925,0.124839,1.928532,1.000000,-0.305034,3.780004
2.520000,0.630705,-0.036150,0.391177,0.946780,-0.320910,0.022003,-0.011849,0.124838,1.929753,1.000000,-0.304365,3.785497
2.525000,0.630601,-0.036674,0.391179,0.946738,-0.321048,0.021830,-0.011771,0.124838,1.930971,1.000000,-0.303681,3.791024
2.530000,0.630496,-0.037198,0.391182,0.946696,-0.321186,0.021658,-0.011693,0.124837,1.932186,1.000000,-0.303015,3.796754
2.535000,0.630392,-0.037722,0.391185,0.946655,-0.321323,0.021486,-0.011613,0.124836,1.933399,1.000000,-0.302369,3.802645
2.540000,0.630287,-0.038246,0.391187,0.946613,-0.321459,0.021315,-0.011531,0.124836,1.934609,1.000000,-0.301726,3.808547
2.545000,0.630182,-0.038770,0.391190,0.946572,-0.321595,0.021145,-0.011449,0.124835,1.935817,1.000000,-0.301073,3.814390
2.550000,0.630063,-0.039284,0.391168,0.946528,-0.321738,0.020957,-0.011363,0.124834,1.937021,1.000000,-0.300331,3.820303
2.555000,0.629943,-0.039798,0.391146,0.946485,-0.321881,0.020770,-0.011276,0.124834,1.938223,1.000000,-0.299638,3.826549
2.560000,0.629824,-0.040313,0.391124,0.946442,-0.322022,0.020583,-0.011187,0.124833,1.939422,1.000000,-0.298978,3.832855
2.565000,0.629704,-0.040827,0.391102,0.946400,-0.322162,0.020397,-0.011098,0.124833,1.940618,1.000000,-0.298328,3.839116
2.570000,0.629584,-0.041342,0.391081,0.946357,-0.322302,0.020212,-0.011007,0.124832,1.941812,1.000000,-0.297705,3.845372
2.575000,0.629463,-0.041857,0.391059,0.946315,-0.322440,0.020028,-0.010916,0.124831,1.943003,1.000000,-0.297129,3.851695
2.580000,0.629343,-0.042371,0.391037,0.946273,-0.322577,0.019845,-0.010823,0.124831,1.944193,1.000000,-0.296599,3.858112
2.585000,0.629216,-0.042892,0.391011,0.946231,-0.322716,0.019656,-0.010728,0.124830,1.945380,1.000000,-0.296199,3.865054
2.590000,0.629089,-0.043413,0.390986,0.946189,-0.322853,0.019468,-0.010632,0.124829,1.946566,1.000000,-0.295884,3.872350
2.595000,0.628961,-0.043934,0.390960,0.946148,-0.322989,0.019280,-0.010536,0.124828,1.947751,1.000000,-0.295633,3.879693
2.600000,0.628834,-0.044455,0.390934,0.946107,-0.323123,0.019094,-0.010439,0.124828,1.948935,1.000000,-0.295415,3.886977
2.605000,0.628706,-0.044976,0.390909,0.946066,-0.323257,0.018908,-0.010341,0.124827,1.950118,1.000000,-0.295249,3.894265
2.610000,0.628578,-0.045497,0.390883,0.946025,-0.323390,0.018723,-0.010242,0.124826,1.951301,1.000000,-0.295148,3.901640
2.615000,0.628450,-0.046018,0.390858,0.945985,-0.323521,0.018538,-0.010144,0.124826,1.952483,1.000000,-0.295110,3.909121
2.620000,0.628328,-0.046532,0.390850,0.945947,-0.323643,0.018372,-0.010049,0.124825,1.953665,1.000000,-0.295041,3.915532
2.625000,0.628205,-0.047045,0.390842,0.945910,-0.323764,0.018206,-0.009954,0.124824,1.954847,1.000000,-0.295003,3.922018
2.630000,0.628083,-0.047558,0.390835,0.945873,-0.323884,0.018041,-0.009858,0.124824,1.956029,1.000000,-0.294999,3.928541
2.635000,0.627961,-0.048071,0.390827,0.945837,-0.324003,0.017876,-0.009763,0.124823,1.957211,1.000000,-0.295027,3.935214
2.640000,0.627838,-0.048585,0.390819,0.945800,-0.324121,0.017711,-0.009667,0.124822,1.958393,1.000000,-0.295085,3.941948
2.645000,0.627715,-0.049098,0.390812,0.945764,-0.324238,0.017547,-0.009572,0.124822,1.959575,1.000000,-0.295185,3.948850
2.650000,0.627592,-0.049610,0.390804,0.945728,-0.324354,0.017384,-0.009477,0.124821,1.960758,1.000000,-0.295328,3.955911
2.655000,0.627468,-0.050125,0.390814,0.945694,-0.324464,0.017233,-0.009384,0.124820,1.961941,1.000000,-0.295513,3.962430
2.660000,0.627343,-0.050641,0.390824,0.945660,-0.324574,0.017082,-0.009292,0.124820,1.963126,1.000000,-0.295693,3.968882
2.665000,0.627219,-0.051156,0.390834,0.945627,-0.324683,0.016932,-0.009200,0.124819,1.964311,1.000000,-0.295896,3.975364
2.670000,0.627094,-0.051671,0.390845,0.945593,-0.324791,0.016781,-0.009108,0.124818,1.965496,1.000000,-0.296118,3.981967
2.675000,0.626969,-0.052186,0.390855,0.945560,-0.324898,0.016631,-0.009017,0.124818,1.966683,1.000000,-0.296361,3.988612
2.680000,0.626844,-0.052701,0.390865,0.945526,-0.325005,0.016480,-0.008927,0.124817,1.967871,1.000000,-0.296625,3.995327
2.685000,0.626705,-0.053222,0.390881,0.945493,-0.325112,0.016327,-0.008838,0.124816,1.969060,1.000000,-0.296986,4.002073
2.690000,0.626566,-0.053743,0.390897,0.945460,-0.325218,0.016174,-0.008750,0.124815,1.970251,1.000000,-0.297373,4.008877
2.695000,0.626426,-0.054264,0.390914,0.945427,-0.325324,0.016021,-0.008662,0.124815,1.971443,1.000000,-0.297784,4.015774
2.700000,0.626286,-0.054785,0.390930,0.945394,-0.325429,0.015867,-0.008576,0.124814,1.972637,1.000000,-0.298227,4.022705
2.705000,0.626146,-0.055306,0.390946,0.945362,-0.325533,0.015713,-0.008491,0.124813,1.973833,1.000000,-0.298694,4.029722
2.710000,0.626006,-0.055827,0.390963,0.945329,-0.325637,0.015558,-0.008406,0.124813,1.975030,1.000000,-0.299193,4.036773
2.715000,0.625866,-0.056348,0.390979,0.945297,-0.325740,0.015404,-0.008323,0.124812,1.976230,1.000000,-0.299740,4.044045
2.720000,0.625705,-0.056882,0.390998,0.945264,-0.325846,0.015239,-0.008241,0.124811,1.977433,1.000000,-0.300490,4.051994
2.725000,0.625544,-0.057416,0.391017,0.945231,-0.325951,0.015075,-0.008160,0.124811,1.978639,1.000000,-0.301272,4.059933
2.730000,0.625383,-0.057950,0.391036,0.945198,-0.326056,0.014909,-0.008080,0.124810,1.979848,1.000000,-0.302084,4.067831
2.735000,0.625221,-0.058485,0.391055,0.945165,-0.326161,0.014744,-0.008001,0.124809,1.981060,1.000000,-0.302947,4.075772
2.740000,0.625060,-0.059019,0.391075,0.945133,-0.326265,0.014577,-0.007924,0.124808,1.982276,1.000000,-0.303854,4.083788
2.745000,0.624898,-0.059553,0.391094,0.945100,-0.326368,0.014411,-0.007848,0.124808,1.983496,1.000000,-0.304810,4.091846
2.750000,0.624736,-0.060087,0.391113,0.945068,-0.326471,0.014244,-0.007774,0.124807,1.984720,1.000000,-0.305831,4.100150
2.755000,0.624568,-0.060619,0.391151,0.945037,-0.326568,0.014088,-0.007706,0.124806,1.985947,1.000000,-0.306884,4.107686
2.760000,0.624399,-0.061152,0.391189,0.945006,-0.326665,0.013932,-0.007639,0.124806,1.987180,1.000000,-0.307946,4.115178
2.765000,0.624231,-0.061685,0.391227,0.944976,-0.326762,0.013775,-0.007573,0.124805,1.988416,1.000000,-0.309011,4.122612
2.770000,0.624062,-0.062218,0.391265,0.944945,-0.326859,0.013618,-0.007509,0.124804,1.989656,1.000000,-0.310094,4.130095
2.775000,0.623893,-0.062751,0.391303,0.944914,-0.326956,0.013460,-0.007447,0.124803,1.990901,1.000000,-0.311192,4.137647
2.780000,0.623724,-0.063284,0.391341,0.944884,-0.327052,0.013302,-0.007386,0.124803,1.992151,1.000000,-0.312306,4.145240
2.785000,0.623555,-0.063816,0.391379,0.944853,-0.327148,0.013142,-0.007327,0.124802,1.993405,1.000000,-0.313457,4.153080
2.790000,0.623389,-0.064339,0.391436,0.944825,-0.327237,0.013000,-0.007274,0.124801,1.994663,1.000000,-0.314508,4.159653
2.795000,0.623222,-0.064861,0.391492,0.944796,-0.327327,0.012856,-0.007223,0.124801,1.995925,1.000000,-0.315543,4.166280
2.800000,0.623055,-0.065384,0.391549,0.944768,-0.327416,0.012712,-0.007173,0.124800,1.997192,1.000000,-0.316559,4.172963
2.805000,0.622888,-0.065907,0.391605,0.944739,-0.327506,0.012567,-0.007124,0.124799,1.998462,1.000000,-0.317549,4.179642
2.810000,0.622721,-0.066430,0.391661,0.944710,-0.327596,0.012421,-0.007077,0.124799,1.999737,1.000000,-0.318497,4.186207
2.815000,0.622554,-0.066953,0.391718,0.944681,-0.327686,0.012274,-0.007031,0.124798,2.001015,1.000000,-0.319428,4.192812
2.820000,0.622387,-0.067475,0.391774,0.944652,-0.327777,0.012126,-0.006986,0.124797,2.002296,1.000000,-0.320367,4.199674
2.825000,0.622208,-0.067998,0.391840,0.944622,-0.327867,0.011979,-0.006945,0.124796,2.003582,1.000000,-0.321313,4.206158
2.830000,0.622029,-0.068520,0.391905,0.944593,-0.327957,0.011831,-0.006906,0.124796,2.004872,1.000000,-0.322238,4.212676
2.835000,0.621850,-0.069042,0.391970,0.944564,-0.328048,0.011683,-0.006868,0.124795,2.006165,1.000000,-0.323147,4.219236
2.840000,0.621671,-0.069565,0.392036,0.944534,-0.328139,0.011533,-0.006831,0.124794,2.007461,1.000000,-0.324045,4.225851
2.845000,0.621492,-0.070087,0.392101,0.944505,-0.328231,0.011382,-0.006795,0.124794,2.008762,1.000000,-0.324933,4.232540
2.850000,0.621313,-0.070609,0.392167,0.944475,-0.328323,0.011231,-0.006761,0.124793,2.010066,1.000000,-0.325973,4.239273
2.855000,0.621109,-0.071144,0.392227,0.944442,-0.328422,0.011060,-0.006726,0.124792,2.011375,1.000000,-0.327358,4.246958
2.860000,0.620905,-0.071679,0.392287,0.944410,-0.328522,0.010889,-0.006694,0.124792,2.012690,1.000000,-0.328793,4.254703
2.865000,0.620700,-0.072214,0.392347,0.944377,-0.328621,0.010717,-0.006664,0.124791,2.014011,1.000000,-0.330217,4.262518
2.870000,0.620496,-0.072749,0.392407,0.944345,-0.328721,0.010545,-0.006636,0.124790,2.015338,1.000000,-0.331604,4.270401
2.875000,0.620292,-0.073284,0.392467,0.944313,-0.328820,0.010373,-0.006611,0.124789,2.016670,1.000000,-0.332949,4.278340
2.880000,0.620087,-0.073819,0.392527,0.944280,-0.328919,0.010201,-0.006588,0.124789,2.018007,1.000000,-0.334289,4.286342
2.885000,0.619883,-0.074354,0.392587,0.944248,-0.329017,0.010029,-0.006567,0.124788,2.019349,1.000000,-0.335621,4.294398
2.890000,0.619665,-0.074891,0.392641,0.944213,-0.329122,0.009838,-0.006545,0.124787,2.020698,1.000000,-0.337001,4.302838
2.895000,0.619447,-0.075429,0.392695,0.944179,-0.329227,0.009648,-0.006525,0.124786,2.022051,1.000000,-0.338381,4.311339
2.900000,0.619230,-0.075966,0.392749,0.944145,-0.329331,0.009458,-0.006506,0.124786,2.023411,1.000000,-0.339770,4.319922
2.905000,0.619012,-0.076503,0.392803,0.944110,-0.329435,0.009267,-0.006488,0.124785,2.024776,1.000000,-0.341179,4.328576
2.910000,0.618794,-0.077041,0.392856,0.944076,-0.329539,0.009077,-0.006471,0.124784,2.026146,1.000000,-0.342611,4.337289
2.915000,0.618575,-0.077578,0.392910,0.944042,-0.329643,0.008887,-0.006456,0.124784,2.027522,1.000000,-0.344070,4.346064
2.920000,0.618357,-0.078116,0.392964,0.944008,-0.329746,0.008697,-0.006442,0.124783,2.028905,1.000000,-0.345562,4.354895
2.925000,0.618132,-0.078639,0.393029,0.943973,-0.329850,0.008504,-0.006429,0.124782,2.030293,1.000000,-0.346963,4.362401
2.930000,0.617907,-0.079163,0.393094,0.943939,-0.329953,0.008310,-0.006418,0.124781,2.031686,1.000000,-0.348365,4.369969
2.935000,0.617681,-0.079686,0.393158,0.943904,-0.330057,0.008117,-0.006407,0.124781,2.033085,1.000000,-0.349768,4.377618
2.940000,0.617456,-0.080210,0.393223,0.943870,-0.330160,0.007924,-0.006397,0.124780,2.034490,1.000000,-0.351178,4.385337
2.945000,0.617230,-0.080733,0.393288,0.943836,-0.330263,0.007731,-0.006387,0.124779,2.035900,1.000000,-0.352598,4.393124
2.950000,0.617004,-0.081257,0.393353,0.943802,-0.330365,0.007538,-0.006378,0.124778,2.037317,1.000000,-0.354030,4.400988
2.955000,0.616778,-0.081780,0.393418,0.943768,-0.330467,0.007345,-0.006370,0.124778,2.038739,1.000000,-0.355477,4.408911
2.960000,0.616527,-0.082304,0.393487,0.943732,-0.330572,0.007142,-0.006364,0.124777,2.040167,1.000000,-0.357024,4.416781
2.965000,0.616276,-0.082828,0.393557,0.943697,-0.330677,0.006940,-0.006359,0.124776,2.041601,1.000000,-0.358595,4.424721
2.970000,0.616025,-0.083352,0.393626,0.943662,-0.330781,0.006737,-0.006354,0.124776,2.043042,1.000000,-0.360194,4.432750
2.975000,0.615774,-0.083876,0.393696,0.943627,-0.330885,0.006535,-0.006350,0.124775,2.044489,1.000000,-0.361825,4.440855
2.980000,0.615523,-0.084400,0.393765,0.943592,-0.330988,0.006334,-0.006346,0.124774,2.045943,1.000000,-0.363489,4.449056
2.985000,0.615271,-0.084923,0.393835,0.943558,-0.331090,0.006133,-0.006342,0.124773,2.047403,1.000000,-0.365184,4.457363
2.990000,0.615019,-0.085447,0.393905,0.943523,-0.331192,0.005932,-0.006339,0.124773,2.048871,1.000000,-0.366909,4.465738
2.995000,0.614751,-0.085976,0.393979,0.943489,-0.331292,0.005735,-0.006340,0.124772,2.050345,1.000000,-0.368774,4.474475
3.000000,0.614482,-0.086505,0.394054,0.943456,-0.331392,0.005538,-0.006341,0.124771,2.051828,1.000000,-0.370688,4.483289
3.005000,0.614213,-0.087034,0.394128,0.943422,-0.331490,0.005342,-0.006343,0.124770,2.053318,1.000000,-0.372648,4.492240
3.010000,0.613944,-0.087563,0.394203,0.943389,-0.331588,0.005147,-0.006344,0.124770,2.054816,1.000000,-0.374651,4.501281
3.015000,0.613675,-0.088092,0.394278,0.943356,-0.331684,0.004952,-0.006346,0.124769,2.056322,1.000000,-0.376691,4.510471
3.020000,0.613405,-0.088621,0.394353,0.943323,-0.331780,0.004758,-0.006349,0.124768,2.057837,1.000000,-0.378764,4.519816
3.025000,0.613123,-0.089151,0.394440,0.943292,-0.331871,0.004579,-0.006356,0.124767,2.059360,1.000000,-0.380933,4.529025
3.030000,0.612841,-0.089681,0.394527,0.943262,-0.331960,0.004400,-0.006365,0.124766,2.060892,1.000000,-0.383135,4.538390
3.035000,0.612558,-0.090212,0.394614,0.943231,-0.332049,0.004223,-0.006373,0.124766,2.062433,1.000000,-0.385373,4.547830
3.040000,0.612274,-0.090741,0.394701,0.943201,-0.332136,0.004046,-0.006382,0.124765,2.063982,1.000000,-0.387640,4.557477
3.045000,0.611991,-0.091271,0.394788,0.943171,-0.332223,0.003870,-0.006391,0.124764,2.065541,1.000000,-0.389935,4.567224
3.050000,0.611707,-0.091801,0.394876,0.943142,-0.332309,0.003696,-0.006400,0.124763,2.067109,1.000000,-0.392234,4.576985
3.055000,0.611422,-0.092331,0.394963,0.943112,-0.332394,0.003522,-0.006409,0.124763,2.068687,1.000000,-0.394536,4.586764
3.060000,0.611112,-0.092849,0.395048,0.943083,-0.332480,0.003343,-0.006421,0.124762,2.070273,1.000000,-0.396840,4.595927
3.065000,0.610801,-0.093367,0.395133,0.943053,-0.332564,0.003166,-0.006434,0.124761,2.071869,1.000000,-0.399173,4.605442
3.070000,0.610491,-0.093884,0.395219,0.943024,-0.332648,0.002991,-0.006446,0.124760,2.073474,1.000000,-0.401518,4.615034
3.075000,0.610179,-0.094402,0.395304,0.942996,-0.332730,0.002816,-0.006458,0.124759,2.075089,1.000000,-0.403847,4.624639
3.080000,0.609867,-0.094920,0.395389,0.942968,-0.332811,0.002643,-0.006470,0.124758,2.076713,1.000000,-0.406187,4.634311
3.085000,0.609554,-0.095437,0.395474,0.942940,-0.332891,0.002471,-0.006482,0.124758,2.078346,1.000000,-0.408539,4.644135
3.090000,0.609241,-0.095954,0.395559,0.942912,-0.332970,0.002301,-0.006494,0.124757,2.079989,1.000000,-0.410903,4.654083
3.095000,0.608908,-0.096468,0.395646,0.942884,-0.333050,0.002121,-0.006506,0.124756,2.081641,1.000000,-0.413338,4.664002
3.100000,0.608574,-0.096981,0.395733,0.942857,-0.333129,0.001942,-0.006518,0.124755,2.083304,1.000000,-0.415805,4.674266
3.105000,0.608241,-0.097493,0.395819,0.942830,-0.333206,0.001766,-0.006530,0.124754,2.084976,1.000000,-0.418288,4.684604
3.110000,0.607906,-0.098006,0.395906,0.942803,-0.333282,0.001591,-0.006542,0.124753,2.086658,1.000000,-0.420755,4.694971
3.115000,0.607570,-0.098519,0.395992,0.942777,-0.333357,0.001417,-0.006553,0.124753,2.088350,1.000000,-0.423238,4.705410
3.120000,0.607235,-0.099031,0.396078,0.942751,-0.333430,0.001246,-0.006564,0.124752,2.090052,1.000000,-0.425731,4.716019
3.125000,0.606899,-0.099544,0.396165,0.942726,-0.333502,0.001077,-0.006574,0.124751,2.091764,1.000000,-0.428235,4.726743
3.130000,0.606536,-0.100073,0.396250,0.942699,-0.333577,0.000885,-0.006583,0.124750,2.093488,1.000000,-0.431060,4.739126
3.135000,0.606173,-0.100601,0.396335,0.942673,-0.333651,0.000695,-0.006592,0.124749,2.095222,1.000000,-0.433947,4.751704
3.140000,0.605809,-0.101130,0.396420,0.942648,-0.333723,0.000507,-0.006601,0.124748,2.096969,1.000000,-0.436901,4.764373
3.145000,0.605445,-0.101658,0.396505,0.942623,-0.333793,0.000321,-0.006609,0.124747,2.098727,1.000000,-0.439920,4.777296
3.150000,0.605080,-0.102186,0.396590,0.942599,-0.333862,0.000138,-0.006617,0.124746,2.100498,1.000000,-0.442998,4.790293
3.155000,0.604715,-0.102714,0.396675,0.942575,-0.333929,-0.000042,-0.006625,0.124745,2.102281,1.000000,-0.446132,4.803526
3.160000,0.604349,-0.103241,0.396760,0.942552,-0.333994,-0.000220,-0.006633,0.124744,2.104077,1.000000,-0.449312,4.816877
3.165000,0.603948,-0.103775,0.396830,0.942526,-0.334066,-0.000447,-0.006636,0.124743,2.105887,1.000000,-0.452780,4.831568
3.170000,0.603546,-0.104309,0.396900,0.942501,-0.334136,-0.000672,-0.006638,0.124742,2.107710,1.000000,-0.456326,4.846438
3.175000,0.603144,-0.104842,0.396970,0.942477,-0.334204,-0.000894,-0.006640,0.124741,2.109548,1.000000,-0.459959,4.861420
3.180000,0.602741,-0.105375,0.397040,0.942453,-0.334270,-0.001113,-0.006643,0.124740,2.111401,1.000000,-0.463677,4.876651
3.185000,0.602338,-0.105908,0.397111,0.942430,-0.334334,-0.001329,-0.006644,0.124739,2.113269,1.000000,-0.467472,4.891953
3.190000,0.601934,-0.106440,0.397180,0.942408,-0.334395,-0.001541,-0.006646,0.124738,2.115153,1.000000,-0.471342,4.907539
3.195000,0.601484,-0.106973,0.397217,0.942383,-0.334466,-0.001848,-0.006634,0.124737,2.117053,1.000000,-0.475543,4.924612
3.200000,0.601034,-0.107506,0.397253,0.942358,-0.334534,-0.002152,-0.006621,0.124736,2.118970,1.000000,-0.479875,4.942012
3.205000,0.600584,-0.108038,0.397289,0.942334,-0.334600,-0.002453,-0.006607,0.124735,2.120905,1.000000,-0.484348,4.959674
3.210000,0.600133,-0.108571,0.397325,0.942311,-0.334662,-0.002750,-0.006594,0.124734,2.122858,1.000000,-0.488939,4.977419
3.215000,0.599681,-0.109103,0.397361,0.942290,-0.334721,-0.003043,-0.006580,0.124733,2.124829,1.000000,-0.493623,4.995263
3.220000,0.599230,-0.109635,0.397397,0.942269,-0.334776,-0.003331,-0.006567,0.124731,2.126820,1.000000,-0.498410,5.013177
3.225000,0.598777,-0.110166,0.397433,0.942250,-0.334827,-0.003615,-0.006553,0.124730,2.128830,1.000000,-0.503327,5.031567
3.230000,0.598282,-0.110696,0.397446,0.942229,-0.334881,-0.003999,-0.006531,0.124729,2.130861,1.000000,-0.508613,5.051039
3.235000,0.597785,-0.111225,0.397459,0.942210,-0.334930,-0.004379,-0.006508,0.124728,2.132914,1.000000,-0.514010,5.070660
3.240000,0.597288,-0.111754,0.397472,0.942192,-0.334976,-0.004755,-0.006486,0.124726,2.134988,1.000000,-0.519536,5.090401
3.245000,0.596791,-0.112283,0.397485,0.942176,-0.335017,-0.005125,-0.006463,0.124725,2.137085,1.000000,-0.525205,5.110370
3.250000,0.596294,-0.112811,0.397498,0.942161,-0.335053,-0.005488,-0.006441,0.124724,2.139206,1.000000,-0.531019,5.130705
3.255000,0.595796,-0.113340,0.397511,0.942148,-0.335085,-0.005845,-0.006418,0.124722,2.141349,1.000000,-0.536936,5.151118
3.260000,0.595298,-0.113868,0.397523,0.942136,-0.335112,-0.006196,-0.006395,0.124721,2.143517,1.000000,-0.542918,5.171677
3.265000,0.594782,-0.114384,0.397542,0.942126,-0.335133,-0.006587,-0.006376,0.124720,2.145708,1.000000,-0.549007,5.191548
3.270000,0.594265,-0.114899,0.397561,0.942118,-0.335148,-0.006971,-0.006356,0.124718,2.147925,1.000000,-0.555150,5.211823
3.275000,0.593749,-0.115414,0.397579,0.942111,-0.335160,-0.007349,-0.006337,0.124717,2.150166,1.000000,-0.561314,5.232304
3.280000,0.593232,-0.115929,0.397598,0.942106,-0.335167,-0.007719,-0.006317,0.124715,2.152431,1.000000,-0.567487,5.252896
3.285000,0.592715,-0.116444,0.397617,0.942102,-0.335171,-0.008082,-0.006296,0.124714,2.154722,1.000000,-0.573675,5.273617
3.290000,0.592197,-0.116958,0.397635,0.942099,-0.335171,-0.008438,-0.006275,0.124712,2.157037,1.000000,-0.579902,5.294451
3.295000,0.591679,-0.117472,0.397654,0.942097,-0.335167,-0.008786,-0.006252,0.124711,2.159377,1.000000,-0.586209,5.315768
3.300000,0.591159,-0.117965,0.397673,0.942096,-0.335162,-0.009113,-0.006234,0.124710,2.161742,1.000000,-0.592296,5.335551
3.305000,0.590639,-0.118457,0.397692,0.942096,-0.335154,-0.009433,-0.006215,0.124708,2.164131,1.000000,-0.598326,5.355458
3.310000,0.590118,-0.118950,0.397711,0.942096,-0.335144,-0.009746,-0.006194,0.124707,2.166544,1.000000,-0.604316,5.375446
3.315000,0.589597,-0.119442,0.397730,0.942098,-0.335131,-0.010052,-0.006171,0.124705,2.168981,1.000000,-0.610300,5.395719
3.320000,0.589076,-0.119934,0.397749,0.942100,-0.335116,-0.010352,-0.006147,0.124704,2.171442,1.000000,-0.616279,5.416299
3.325000,0.588555,-0.120425,0.397767,0.942103,-0.335099,-0.010644,-0.006121,0.124702,2.173927,1.000000,-0.622223,5.436949
3.330000,0.588033,-0.120917,0.397786,0.942106,-0.335081,-0.010931,-0.006092,0.124701,2.176436,1.000000,-0.628113,5.457736
3.335000,0.587525,-0.121377,0.397816,0.942106,-0.335074,-0.011152,-0.006069,0.124700,2.178966,1.000000,-0.633398,5.475626
3.340000,0.587017,-0.121836,0.397845,0.942107,-0.335066,-0.011365,-0.006044,0.124698,2.181516,1.000000,-0.638540,5.493998
3.345000,0.586510,-0.122295,0.397874,0.942107,-0.335058,-0.011573,-0.006017,0.124697,2.184087,1.000000,-0.643506,5.512488
3.350000,0.586001,-0.122754,0.397904,0.942108,-0.335049,-0.011775,-0.005988,0.124696,2.186678,1.000000,-0.648285,5.531047
3.355000,0.585493,-0.123213,0.397933,0.942109,-0.335040,-0.011972,-0.005956,0.124695,2.189287,1.000000,-0.652890,5.549672
3.360000,0.584984,-0.123672,0.397962,0.942110,-0.335031,-0.012164,-0.005921,0.124693,2.191914,1.000000,-0.657349,5.568400
3.365000,0.584469,-0.124124,0.398012,0.942109,-0.335029,-0.012328,-0.005886,0.124692,2.194559,1.000000,-0.661627,5.586575
3.370000,0.583953,-0.124575,0.398061,0.942108,-0.335026,-0.012488,-0.005848,0.124691,2.197220,1.000000,-0.665731,5.604794
3.375000,0.583438,-0.125026,0.398111,0.942107,-0.335024,-0.012643,-0.005808,0.124690,2.199897,1.000000,-0.669727,5.623516
3.380000,0.582922,-0.125477,0.398160,0.942106,-0.335023,-0.012794,-0.005766,0.124689,2.202591,1.000000,-0.673572,5.642313
3.385000,0.582406,-0.125927,0.398210,0.942104,-0.335022,-0.012941,-0.005721,0.124687,2.205299,1.000000,-0.677256,5.661190
3.390000,0.581890,-0.126378,0.398260,0.942103,-0.335021,-0.013085,-0.005673,0.124686,2.208021,1.000000,-0.680793,5.680134
3.395000,0.581374,-0.126828,0.398309,0.942101,-0.335022,-0.013226,-0.005624,0.124685,2.210758,1.000000,-0.684215,5.699251
3.400000,0.580839,-0.127278,0.398365,0.942101,-0.335015,-0.013386,-0.005571,0.124684,2.213508,1.000000,-0.687753,5.719034
3.405000,0.580304,-0.127727,0.398420,0.942102,-0.335008,-0.013544,-0.005516,0.124682,2.216273,1.000000,-0.691211,5.738861
3.410000,0.579769,-0.128177,0.398476,0.942102,-0.335002,-0.013698,-0.005459,0.124681,2.219051,1.000000,-0.694566,5.758803
3.415000,0.579233,-0.128626,0.398531,0.942102,-0.334997,-0.013851,-0.005400,0.124680,2.221843,1.000000,-0.697846,5.778791
3.420000,0.578697,-0.129075,0.398587,0.942101,-0.334993,-0.014000,-0.005339,0.124678,2.224647,1.000000,-0.701063,5.798997
3.425000,0.578161,-0.129524,0.398642,0.942101,-0.334989,-0.014147,-0.005276,0.124677,2.227464,1.000000,-0.704211,5.819323
3.430000,0.577625,-0.129973,0.398698,0.942100,-0.334986,-0.014291,-0.005211,0.124676,2.230294,1.000000,-0.707300,5.839833
3.435000,0.577101,-0.130398,0.398746,0.942100,-0.334983,-0.014434,-0.005152,0.124675,2.233135,1.000000,-0.709959,5.858690
3.440000,0.576578,-0.130823,0.398794,0.942099,-0.334980,-0.014573,-0.005090,0.124673,2.235985,1.000000,-0.712456,5.877581
3.445000,0.576053,-0.131248,0.398842,0.942098,-0.334977,-0.014711,-0.005027,0.124672,2.238846,1.000000,-0.714775,5.896531
3.450000,0.575528,-0.131674,0.398890,0.942097,-0.334976,-0.014847,-0.004961,0.124671,2.241715,1.000000,-0.716948,5.915516
3.455000,0.575004,-0.132098,0.398939,0.942095,-0.334975,-0.014981,-0.004894,0.124670,2.244593,1.000000,-0.719023,5.934828
3.460000,0.574479,-0.132522,0.398987,0.942093,-0.334975,-0.015113,-0.004825,0.124668,2.247479,1.000000,-0.720980,5.954256
3.465000,0.573954,-0.132947,0.399035,0.942091,-0.334976,-0.015243,-0.004754,0.124667,2.250372,1.000000,-0.722803,5.973693
3.470000,0.573436,-0.133362,0.399103,0.942082,-0.335001,-0.015310,-0.004699,0.124666,2.253271,1.000000,-0.724209,5.991860
3.475000,0.572918,-0.133777,0.399170,0.942072,-0.335026,-0.015375,-0.004641,0.124665,2.256176,1.000000,-0.725403,6.010113
3.480000,0.572400,-0.134191,0.399237,0.942062,-0.335052,-0.015438,-0.004583,0.124664,2.259084,1.000000,-0.726441,6.028698
3.485000,0.571882,-0.134605,0.399304,0.942052,-0.335080,-0.015499,-0.004524,0.124663,2.261997,1.000000,-0.727304,6.047317
3.490000,0.571364,-0.135019,0.399372,0.942041,-0.335107,-0.015559,-0.004463,0.124662,2.264913,1.000000,-0.728015,6.066062
3.495000,0.570845,-0.135433,0.399439,0.942030,-0.335136,-0.015617,-0.004401,0.124661,2.267831,1.000000,-0.728587,6.084860
3.500000,0.570327,-0.135847,0.399507,0.942019,-0.335165,-0.015676,-0.004338,0.124660,2.270751,1.000000,-0.729019,6.103652
3.505000,0.569810,-0.136259,0.399582,0.942000,-0.335219,-0.015675,-0.004286,0.124659,2.273672,1.000000,-0.729157,6.121991
3.510000,0.569293,-0.136670,0.399658,0.941981,-0.335273,-0.015673,-0.004233,0.124658,2.276593,1.000000,-0.729129,6.140417
3.515000,0.568777,-0.137081,0.399733,0.941962,-0.335328,-0.015670,-0.004180,0.124657,2.279514,1.000000,-0.728986,6.159082
3.520000,0.568261,-0.137492,0.399809,0.941943,-0.335383,-0.015666,-0.004126,0.124656,2.282434,1.000000,-0.728716,6.177775
3.525000,0.567744,-0.137902,0.399885,0.941923,-0.335439,-0.015661,-0.004071,0.124655,2.285352,1.000000,-0.728344,6.196586
3.530000,0.567227,-0.138313,0.399960,0.941903,-0.335495,-0.015656,-0.004016,0.124654,2.288269,1.000000,-0.727885,6.215439
3.535000,0.566723,-0.138712,0.400013,0.941881,-0.335558,-0.015633,-0.003965,0.124653,2.291183,1.000000,-0.727043,6.233436
3.540000,0.566219,-0.139111,0.400066,0.941859,-0.335622,-0.015610,-0.003912,0.124652,2.294093,1.000000,-0.726074,6.251466
3.545000,0.565715,-0.139510,0.400118,0.941837,-0.335686,-0.015587,-0.003860,0.124651,2.296999,1.000000,-0.724998,6.269527
3.550000,0.565210,-0.139909,0.400171,0.941815,-0.335751,-0.015564,-0.003807,0.124650,2.299900,1.000000,-0.723839,6.287651
3.555000,0.564706,-0.140308,0.400224,0.941792,-0.335815,-0.015540,-0.003753,0.124649,2.302797,1.000000,-0.722610,6.305793
3.560000,0.564201,-0.140707,0.400277,0.941770,-0.335880,-0.015517,-0.003698,0.124648,2.305689,1.000000,-0.721334,6.324007
3.565000,0.563697,-0.141106,0.400330,0.941747,-0.335945,-0.015493,-0.003643,0.124647,2.308575,1.000000,-0.720020,6.342247
3.570000,0.563176,-0.141507,0.400375,0.941723,-0.336015,-0.015454,-0.003594,0.124646,2.311456,1.000000,-0.718804,6.361141
3.575000,0.562655,-0.141907,0.400420,0.941698,-0.336086,-0.015414,-0.003544,0.124645,2.314333,1.000000,-0.717579,6.380061
3.580000,0.562134,-0.142307,0.400465,0.941674,-0.336157,-0.015374,-0.003494,0.124644,2.317205,1.000000,-0.716365,6.399007
3.585000,0.561614,-0.142708,0.400510,0.941650,-0.336228,-0.015334,-0.003444,0.124643,2.320072,1.000000,-0.715178,6.417992
3.590000,0.561093,-0.143108,0.400556,0.941625,-0.336298,-0.015295,-0.003393,0.124642,2.322934,1.000000,-0.714025,6.436997
3.595000,0.560572,-0.143509,0.400601,0.941601,-0.336369,-0.015256,-0.003342,0.124641,2.325792,1.000000,-0.712884,6.455813
3.600000,0.560051,-0.143909,0.400646,0.941576,-0.336440,-0.015216,-0.003292,0.124640,2.328645,1.000000,-0.711793,6.474649
3.605000,0.559510,-0.144301,0.400664,0.941554,-0.336503,-0.015191,-0.003242,0.124639,2.331494,1.000000,-0.710839,6.493750
3.610000,0.558968,-0.144693,0.400681,0.941532,-0.336567,-0.015165,-0.003193,0.124638,2.334340,1.000000,-0.709956,6.512879
3.615000,0.558428,-0.145084,0.400698,0.941510,-0.336630,-0.015140,-0.003143,0.124637,2.337182,1.000000,-0.709170,6.532106
3.620000,0.557887,-0.145476,0.400716,0.941488,-0.336693,-0.015115,-0.003093,0.124636,2.340022,1.000000,-0.708497,6.551485
3.625000,0.557346,-0.145867,0.400733,0.941466,-0.336756,-0.015091,-0.003044,0.124635,2.342859,1.000000,-0.707920,6.570877
3.630000,0.556805,-0.146259,0.400750,0.941444,-0.336819,-0.015066,-0.002994,0.124634,2.345694,1.000000,-0.707408,6.590122
3.635000,0.556264,-0.146650,0.400768,0.941422,-0.336881,-0.015043,-0.002944,0.124633,2.348527,1.000000,-0.706999,6.609392
3.640000,0.555717,-0.147026,0.400749,0.941404,-0.336933,-0.015044,-0.002891,0.124632,2.351358,1.000000,-0.706618,6.628328
3.645000,0.555170,-0.147403,0.400730,0.941386,-0.336984,-0.015046,-0.002839,0.124631,2.354189,1.000000,-0.706334,6.647344
3.650000,0.554623,-0.147779,0.400712,0.941368,-0.337035,-0.015048,-0.002786,0.124630,2.357018,1.000000,-0.706132,6.666320
3.655000,0.554076,-0.148155,0.400693,0.941350,-0.337086,-0.015050,-0.002733,0.124629,2.359846,1.000000,-0.706009,6.685222
3.660000,0.553529,-0.148532,0.400674,0.941332,-0.337136,-0.015053,-0.002680,0.124628,2.362675,1.000000,-0.705991,6.704141
3.665000,0.552981,-0.148908,0.400656,0.941314,-0.337187,-0.015056,-0.002627,0.124627,2.365503,1.000000,-0.706079,6.723053
3.670000,0.552434,-0.149285,0.400637,0.941296,-0.337237,-0.015059,-0.002573,0.124626,2.368332,1.000000,-0.706276,6.741989
3.675000,0.551872,-0.149660,0.400607,0.941279,-0.337285,-0.015068,-0.002520,0.124624,2.371163,1.000000,-0.706733,6.761637
3.680000,0.551311,-0.150036,0.400577,0.941262,-0.337333,-0.015076,-0.002466,0.124623,2.373996,1.000000,-0.707212,6.781374
3.685000,0.550749,-0.150411,0.400547,0.941244,-0.337381,-0.015085,-0.002411,0.124622,2.376830,1.000000,-0.707680,6.801045
3.690000,0.550187,-0.150787,0.400518,0.941227,-0.337430,-0.015094,-0.002354,0.124621,2.379667,1.000000,-0.708162,6.820612
3.695000,0.549625,-0.151162,0.400488,0.941209,-0.337480,-0.015102,-0.002296,0.124620,2.382505,1.000000,-0.708708,6.840216
3.700000,0.549063,-0.151537,0.400458,0.941191,-0.337530,-0.015109,-0.002235,0.124619,2.385346,1.000000,-0.709386,6.860048
3.705000,0.548496,-0.151901,0.400415,0.941174,-0.337578,-0.015127,-0.002173,0.124618,2.388191,1.000000,-0.710532,6.879344
3.710000,0.547928,-0.152265,0.400372,0.941156,-0.337625,-0.015144,-0.002109,0.124616,2.391041,1.000000,-0.712250,6.898502
3.715000,0.547361,-0.152628,0.400329,0.941139,-0.337674,-0.015161,-0.002044,0.124615,2.393900,1.000000,-0.714433,6.917631
3.720000,0.546794,-0.152992,0.400286,0.941121,-0.337723,-0.015176,-0.001980,0.124614,2.396768,1.000000,-0.717003,6.936863
3.725000,0.546227,-0.153356,0.400243,0.941104,-0.337771,-0.015191,-0.001916,0.124613,2.399648,1.000000,-0.719885,6.956235
3.730000,0.545660,-0.153719,0.400200,0.941086,-0.337821,-0.015204,-0.001853,0.124612,2.402539,1.000000,-0.722991,6.975613
3.735000,0.545092,-0.154083,0.400157,0.941068,-0.337870,-0.015217,-0.001790,0.124611,2.405443,1.000000,-0.726246,6.994818
3.740000,0.544532,-0.154421,0.400110,0.941051,-0.337916,-0.015236,-0.001731,0.124610,2.408360,1.000000,-0.729311,7.011928
3.745000,0.543973,-0.154759,0.400063,0.941035,-0.337961,-0.015253,-0.001673,0.124608,2.411289,1.000000,-0.732341,7.029216
3.750000,0.543413,-0.155097,0.400016,0.941018,-0.338007,-0.015269,-0.001615,0.124607,2.414229,1.000000,-0.735302,7.046582
3.755000,0.542854,-0.155435,0.399969,0.941001,-0.338054,-0.015285,-0.001558,0.124606,2.417182,1.000000,-0.738173,7.063871
3.760000,0.542294,-0.155773,0.399922,0.940984,-0.338101,-0.015299,-0.001499,0.124605,2.420145,1.000000,-0.740958,7.081048
3.765000,0.541734,-0.156111,0.399875,0.940967,-0.338149,-0.015313,-0.001441,0.124604,2.423120,1.000000,-0.743689,7.098268
3.770000,0.541174,-0.156449,0.399828,0.940950,-0.338197,-0.015326,-0.001383,0.124603,2.426106,1.000000,-0.746400,7.115698
3.775000,0.540628,-0.156756,0.399782,0.940933,-0.338241,-0.015342,-0.001330,0.124602,2.429100,1.000000,-0.748639,7.130464
3.780000,0.540081,-0.157064,0.399736,0.940917,-0.338286,-0.015358,-0.001277,0.124601,2.432104,1.000000,-0.750704,7.145262
3.785000,0.539535,-0.157372,0.399690,0.940901,-0.338331,-0.015373,-0.001224,0.124600,2.435115,1.000000,-0.752610,7.160089
3.790000,0.538988,-0.157680,0.399644,0.940884,-0.338378,-0.015387,-0.001169,0.124599,2.438133,1.000000,-0.754358,7.174846
3.795000,0.538441,-0.157988,0.399598,0.940867,-0.338425,-0.015402,-0.001114,0.124598,2.441158,1.000000,-0.755957,7.189504
3.800000,0.537894,-0.158296,0.399552,0.940850,-0.338472,-0.015416,-0.001058,0.124597,2.444190,1.000000,-0.757446,7.204200
3.805000,0.537348,-0.158604,0.399506,0.940832,-0.338520,-0.015429,-0.001002,0.124596,2.447227,1.000000,-0.758861,7.219083
3.810000,0.536815,-0.158891,0.399475,0.940814,-0.338571,-0.015431,-0.000952,0.124595,2.450268,1.000000,-0.759815,7.231724
3.815000,0.536283,-0.159178,0.399445,0.940795,-0.338622,-0.015433,-0.000903,0.124594,2.453312,1.000000,-0.760544,7.244260
3.820000,0.535750,-0.159465,0.399414,0.940777,-0.338674,-0.015436,-0.000852,0.124593,2.456359,1.000000,-0.761077,7.256782
3.825000,0.535218,-0.159752,0.399384,0.940758,-0.338727,-0.015437,-0.000800,0.124592,2.459408,1.000000,-0.761454,7.269413
3.830000,0.534686,-0.160038,0.399353,0.940739,-0.338780,-0.015439,-0.000748,0.124591,2.462457,1.000000,-0.761695,7.282185
3.835000,0.534153,-0.160325,0.399323,0.940720,-0.338833,-0.015440,-0.000695,0.124590,2.465508,1.000000,-0.761793,7.294959
3.840000,0.533621,-0.160612,0.399292,0.940700,-0.338887,-0.015442,-0.000641,0.124589,2.468558,1.000000,-0.761738,7.307615
3.845000,0.533100,-0.160885,0.399290,0.940678,-0.338949,-0.015422,-0.000596,0.124589,2.471607,1.000000,-0.761276,7.318432
3.850000,0.532580,-0.161158,0.399289,0.940656,-0.339011,-0.015401,-0.000551,0.124588,2.474654,1.000000,-0.760635,7.329446
3.855000,0.532060,-0.161431,0.399287,0.940634,-0.339074,-0.015380,-0.000505,0.124587,2.477697,1.000000,-0.759813,7.340531
3.860000,0.531540,-0.161704,0.399286,0.940612,-0.339137,-0.015359,-0.000459,0.124586,2.480737,1.000000,-0.758805,7.351564
3.865000,0.531019,-0.161977,0.399284,0.940589,-0.339200,-0.015339,-0.000412,0.124585,2.483773,1.000000,-0.757627,7.362531
3.870000,0.530499,-0.162250,0.399282,0.940567,-0.339263,-0.015319,-0.000364,0.124585,2.486803,1.000000,-0.756316,7.373548
3.875000,0.529997,-0.162504,0.399291,0.940544,-0.339327,-0.015292,-0.000322,0.124584,2.489827,1.000000,-0.754481,7.382741
3.880000,0.529495,-0.162759,0.399299,0.940521,-0.339391,-0.015266,-0.000279,0.124583,2.492842,1.000000,-0.752155,7.391954
3.885000,0.528993,-0.163014,0.399307,0.940499,-0.339456,-0.015240,-0.000236,0.124582,2.495846,1.000000,-0.749440,7.401074
3.890000,0.528491,-0.163269,0.399315,0.940475,-0.339521,-0.015214,-0.000191,0.124582,2.498839,1.000000,-0.746461,7.410180
3.895000,0.527989,-0.163524,0.399323,0.940452,-0.339587,-0.015188,-0.000146,0.124581,2.501820,1.000000,-0.743309,7.419441
3.900000,0.527487,-0.163778,0.399331,0.940428,-0.339654,-0.015161,-0.000099,0.124580,2.504788,1.000000,-0.740034,7.428887
3.905000,0.526985,-0.164032,0.399339,0.940405,-0.339721,-0.015135,-0.000052,0.124579,2.507743,1.000000,-0.736641,7.438327
3.910000,0.526495,-0.164279,0.399365,0.940378,-0.339795,-0.015093,-0.000009,0.124579,2.510683,1.000000,-0.732897,7.446405
3.915000,0.526005,-0.164526,0.399392,0.940352,-0.339870,-0.015050,0.000034,0.124578,2.513607,1.000000,-0.729004,7.454499
3.920000,0.525515,-0.164772,0.399418,0.940326,-0.339945,-0.015007,0.000078,0.124578,2.516516,1.000000,-0.725014,7.462888
3.925000,0.525025,-0.165018,0.399444,0.940299,-0.340021,-0.014964,0.000123,0.124577,2.519408,1.000000,-0.720922,7.471363
3.930000,0.524535,-0.165265,0.399470,0.940272,-0.340097,-0.014921,0.000168,0.124576,2.522284,1.000000,-0.716721,7.479777
3.935000,0.524044,-0.165511,0.399496,0.940245,-0.340174,-0.014878,0.000214,0.124576,2.525143,1.000000,-0.712424,7.488121
3.940000,0.523554,-0.165757,0.399522,0.940218,-0.340251,-0.014835,0.000260,0.124575,2.527984,1.000000,-0.708071,7.496491
3.945000,0.523060,-0.166005,0.399568,0.940188,-0.340337,-0.014773,0.000302,0.124574,2.530808,1.000000,-0.703676,7.504926
3.950000,0.522566,-0.166252,0.399614,0.940157,-0.340423,-0.014712,0.000345,0.124574,2.533615,1.000000,-0.699233,7.513380
3.955000,0.522072,-0.166499,0.399659,0.940127,-0.340509,-0.014650,0.000388,0.124573,2.536403,1.000000,-0.694789,7.522107
3.960000,0.521579,-0.166746,0.399705,0.940097,-0.340595,-0.014588,0.000431,0.124573,2.539174,1.000000,-0.690338,7.530909
3.965000,0.521085,-0.166993,0.399751,0.940066,-0.340682,-0.014526,0.000474,0.124572,2.541927,1.000000,-0.685874,7.539678
3.970000,0.520591,-0.167240,0.399797,0.940036,-0.340768,-0.014464,0.000517,0.124571,2.544662,1.000000,-0.681410,7.548417
3.975000,0.520096,-0.167486,0.399843,0.940006,-0.340854,-0.014402,0.000560,0.124571,2.547379,1.000000,-0.676978,7.557214
3.980000,0.519601,-0.167741,0.399885,0.939974,-0.340944,-0.014337,0.000607,0.124570,2.550079,1.000000,-0.672674,7.566962
3.985000,0.519105,-0.167995,0.399927,0.939943,-0.341034,-0.014272,0.000654,0.124569,2.552762,1.000000,-0.668437,7.576727
3.990000,0.518609,-0.168249,0.399970,0.939911,-0.341123,-0.014207,0.000701,0.124569,2.555428,1.000000,-0.664253,7.586428
3.995000,0.518113,-0.168503,0.400012,0.939879,-0.341213,-0.014142,0.000747,0.124568,2.558077,1.000000,-0.660152,7.596128
4.000000,0.517617,-0.168757,0.400055,0.939848,-0.341302,-0.014078,0.000794,0.124567,2.560710,1.000000,-0.656159,7.605979
4.005000,0.517121,-0.169011,0.400097,0.939817,-0.341390,-0.014013,0.000840,0.124567,2.563328,1.000000,-0.652279,7.615989
4.010000,0.516625,-0.169265,0.400139,0.939786,-0.341479,-0.013948,0.000886,0.124566,2.565930,1.000000,-0.648499,7.625999
4.015000,0.516124,-0.169532,0.400187,0.939752,-0.341575,-0.013872,0.000936,0.124565,2.568518,1.000000,-0.644911,7.636990
4.020000,0.515624,-0.169798,0.400234,0.939718,-0.341671,-0.013796,0.000986,0.124565,2.571092,1.000000,-0.641473,7.647997
4.025000,0.515123,-0.170064,0.400282,0.939684,-0.341767,-0.013720,0.001036,0.124564,2.573653,1.000000,-0.638432,7.659229
4.030000,0.514623,-0.170331,0.400329,0.939651,-0.341862,-0.013644,0.001085,0.124563,2.576202,1.000000,-0.635742,7.670518
4.035000,0.514123,-0.170597,0.400376,0.939617,-0.341956,-0.013569,0.001133,0.124563,2.578742,1.000000,-0.633315,7.681772
4.040000,0.513622,-0.170863,0.400424,0.939584,-0.342049,-0.013494,0.001180,0.124562,2.581272,1.000000,-0.631107,7.692995
4.045000,0.513108,-0.171131,0.400478,0.939550,-0.342146,-0.013410,0.001227,0.124561,2.583794,1.000000,-0.629246,7.704837
4.050000,0.512594,-0.171400,0.400533,0.939517,-0.342242,-0.013326,0.001272,0.124561,2.586310,1.000000,-0.627597,7.716776
4.055000,0.512079,-0.171668,0.400587,0.939483,-0.342336,-0.013243,0.001317,0.124560,2.588820,1.000000,-0.626151,7.728729
4.060000,0.511565,-0.171936,0.400642,0.939450,-0.342429,-0.013160,0.001360,0.124559,2.591324,1.000000,-0.624926,7.740933
4.065000,0.511052,-0.172204,0.400696,0.939418,-0.342521,-0.013078,0.001402,0.124558,2.593824,1.000000,-0.623896,7.753196
4.070000,0.510537,-0.172472,0.400750,0.939386,-0.342612,-0.012996,0.001444,0.124558,2.596320,1.000000,-0.623037,7.765421
4.075000,0.510023,-0.172740,0.400805,0.939355,-0.342701,-0.012915,0.001484,0.124557,2.598813,1.000000,-0.622349,7.777619
4.080000,0.509512,-0.173000,0.400849,0.939324,-0.342786,-0.012840,0.001524,0.124556,2.601303,1.000000,-0.621755,7.789347
4.085000,0.509001,-0.173261,0.400894,0.939295,-0.342870,-0.012766,0.001563,0.124555,2.603792,1.000000,-0.621327,7.801292
4.090000,0.508490,-0.173521,0.400939,0.939266,-0.342953,-0.012692,0.001602,0.124554,2.606279,1.000000,-0.621047,7.813248
4.095000,0.507979,-0.173782,0.400983,0.939237,-0.343035,-0.012619,0.001639,0.124554,2.608765,1.000000,-0.620893,7.825144
4.100000,0.507468,-0.174042,0.401028,0.939208,-0.343115,-0.012546,0.001676,0.124553,2.611251,1.000000,-0.620886,7.837046
4.105000,0.506957,-0.174302,0.401072,0.939180,-0.343195,-0.012474,0.001712,0.124552,2.613738,1.000000,-0.621045,7.849118
4.110000,0.506446,-0.174562,0.401116,0.939152,-0.343273,-0.012402,0.001747,0.124551,2.616225,1.000000,-0.621365,7.861342
4.115000,0.505934,-0.174820,0.401159,0.939124,-0.343352,-0.012329,0.001781,0.124550,2.618715,1.000000,-0.621813,7.873474
4.120000,0.505422,-0.175078,0.401201,0.939097,-0.343430,-0.012256,0.001815,0.124550,2.621206,1.000000,-0.622371,7.885517
4.125000,0.504910,-0.175337,0.401243,0.939069,-0.343507,-0.012184,0.001848,0.124549,2.623699,1.000000,-0.623065,7.897570
4.130000,0.504398,-0.175595,0.401285,0.939043,-0.343582,-0.012112,0.001880,0.124548,2.626196,1.000000,-0.623895,7.909736
4.135000,0.503886,-0.175853,0.401328,0.939016,-0.343657,-0.012041,0.001912,0.124547,2.628697,1.000000,-0.624858,7.921933
4.140000,0.503374,-0.176111,0.401370,0.938990,-0.343731,-0.011970,0.001943,0.124546,2.631201,1.000000,-0.625967,7.934299
4.145000,0.502863,-0.176368,0.401411,0.938964,-0.343804,-0.011899,0.001973,0.124545,2.633711,1.000000,-0.627215,7.946806
4.150000,0.502335,-0.176625,0.401453,0.938938,-0.343878,-0.011827,0.002004,0.124545,2.636226,1.000000,-0.628725,7.959891
4.155000,0.501807,-0.176882,0.401494,0.938912,-0.343950,-0.011756,0.002033,0.124544,2.638748,1.000000,-0.630355,7.972907
4.160000,0.501279,-0.177140,0.401536,0.938887,-0.344022,-0.011685,0.002063,0.124543,2.641276,1.000000,-0.632128,7.985935
4.165000,0.500751,-0.177397,0.401577,0.938861,-0.344093,-0.011614,0.002091,0.124542,2.643812,1.000000,-0.634047,7.999083
4.170000,0.500223,-0.177653,0.401618,0.938836,-0.344164,-0.011544,0.002120,0.124541,2.646356,1.000000,-0.636104,8.012261
4.175000,0.499695,-0.177910,0.401659,0.938812,-0.344233,-0.011474,0.002147,0.124540,2.648909,1.000000,-0.638314,8.025617
4.180000,0.499167,-0.178166,0.401700,0.938787,-0.344302,-0.011404,0.002174,0.124539,2.651470,1.000000,-0.640666,8.039110
4.185000,0.498637,-0.178414,0.401729,0.938764,-0.344367,-0.011344,0.002202,0.124538,2.654042,1.000000,-0.643063,8.052108
4.190000,0.498106,-0.178661,0.401758,0.938741,-0.344431,-0.011285,0.002230,0.124537,2.656623,1.000000,-0.645501,8.064941
4.195000,0.497576,-0.178909,0.401788,0.938718,-0.344495,-0.011226,0.002258,0.124536,2.659213,1.000000,-0.648021,8.077783
4.200000,0.497045,-0.179156,0.401817,0.938696,-0.344558,-0.011167,0.002285,0.124535,2.661815,1.000000,-0.650659,8.090921
4.205000,0.496515,-0.179403,0.401846,0.938673,-0.344621,-0.011108,0.002312,0.124535,2.664427,1.000000,-0.653380,8.104095
4.210000,0.495984,-0.179649,0.401875,0.938651,-0.344683,-0.011051,0.002340,0.124534,2.667050,1.000000,-0.656187,8.117478
4.215000,0.495470,-0.179874,0.401896,0.938631,-0.344740,-0.011004,0.002365,0.124533,2.669683,1.000000,-0.658724,8.128897
4.220000,0.494956,-0.180099,0.401916,0.938610,-0.344797,-0.010957,0.002389,0.124532,2.672327,1.000000,-0.661194,8.140317
4.225000,0.494442,-0.180324,0.401937,0.938590,-0.344854,-0.010912,0.002415,0.124531,2.674980,1.000000,-0.663594,8.151738
4.230000,0.493927,-0.180549,0.401957,0.938570,-0.344910,-0.010867,0.002440,0.124530,2.677642,1.000000,-0.665953,8.163165
4.235000,0.493412,-0.180773,0.401978,0.938550,-0.344966,-0.010822,0.002466,0.124529,2.680314,1.000000,-0.668281,8.174760
4.240000,0.492897,-0.180998,0.401999,0.938530,-0.345022,-0.010778,0.002492,0.124528,2.682995,1.000000,-0.670579,8.186376
4.245000,0.492383,-0.181222,0.402020,0.938510,-0.345077,-0.010735,0.002519,0.124527,2.685686,1.000000,-0.672853,8.198101
4.250000,0.491869,-0.181428,0.402031,0.938491,-0.345128,-0.010704,0.002546,0.124526,2.688385,1.000000,-0.674925,8.208617
4.255000,0.491356,-0.181634,0.402042,0.938473,-0.345178,-0.010674,0.002573,0.124526,2.691091,1.000000,-0.676897,8.219247
4.260000,0.490843,-0.181839,0.402053,0.938455,-0.345227,-0.010644,0.002601,0.124525,2.693806,1.000000,-0.678797,8.230119
4.265000,0.490330,-0.182045,0.402065,0.938437,-0.345277,-0.010614,0.002630,0.124524,2.696528,1.000000,-0.680621,8.240995
4.270000,0.489817,-0.182250,0.402076,0.938419,-0.345327,-0.010586,0.002659,0.124523,2.699257,1.000000,-0.682348,8.251871
4.275000,0.489303,-0.182455,0.402088,0.938401,-0.345376,-0.010558,0.002690,0.124522,2.701993,1.000000,-0.684015,8.262757
4.280000,0.488789,-0.182660,0.402099,0.938383,-0.345426,-0.010530,0.002721,0.124521,2.704735,1.000000,-0.685631,8.273766
4.285000,0.488256,-0.182858,0.402101,0.938366,-0.345473,-0.010513,0.002755,0.124520,2.707485,1.000000,-0.687326,8.285235
4.290000,0.487722,-0.183055,0.402103,0.938349,-0.345519,-0.010496,0.002791,0.124519,2.710240,1.000000,-0.688974,8.296765
4.295000,0.487188,-0.183252,0.402105,0.938332,-0.345566,-0.010480,0.002827,0.124518,2.713003,1.000000,-0.690596,8.308416
4.300000,0.486654,-0.183449,0.402106,0.938315,-0.345612,-0.010464,0.002864,0.124517,2.715772,1.000000,-0.692202,8.320075
4.305000,0.486120,-0.183645,0.402108,0.938298,-0.345659,-0.010448,0.002902,0.124516,2.718547,1.000000,-0.693807,8.331942
4.310000,0.485585,-0.183842,0.402110,0.938280,-0.345706,-0.010433,0.002940,0.124516,2.721329,1.000000,-0.695404,8.343820
4.315000,0.485051,-0.184038,0.402112,0.938263,-0.345752,-0.010418,0.002979,0.124515,2.724117,1.000000,-0.696992,8.355808
4.320000,0.484519,-0.184226,0.402106,0.938247,-0.345797,-0.010409,0.003020,0.124514,2.726911,1.000000,-0.698472,8.367234
4.325000,0.483987,-0.184414,0.402100,0.938230,-0.345842,-0.010400,0.003061,0.124513,2.729711,1.000000,-0.699910,8.378808
4.330000,0.483455,-0.184601,0.402094,0.938214,-0.345887,-0.010391,0.003102,0.124512,2.732517,1.000000,-0.701322,8.390628
4.335000,0.482923,-0.184788,0.402088,0.938197,-0.345932,-0.010383,0.003144,0.124511,2.735328,1.000000,-0.702692,8.402451
4.340000,0.482390,-0.184975,0.402082,0.938180,-0.345977,-0.010375,0.003187,0.124510,2.738144,1.000000,-0.704004,8.414278
4.345000,0.481858,-0.185161,0.402076,0.938163,-0.346023,-0.010367,0.003231,0.124509,2.740966,1.000000,-0.705283,8.426115
4.350000,0.481325,-0.185348,0.402070,0.938146,-0.346068,-0.010359,0.003275,0.124508,2.743793,1.000000,-0.706532,8.438057
4.355000,0.480801,-0.185521,0.402050,0.938131,-0.346109,-0.010362,0.003316,0.124507,2.746623,1.000000,-0.707537,8.448864
4.360000,0.480277,-0.185694,0.402030,0.938116,-0.346149,-0.010366,0.003358,0.124506,2.749458,1.000000,-0.708434,8.459759
4.365000,0.479753,-0.185867,0.402010,0.938101,-0.346190,-0.010370,0.003401,0.124505,2.752296,1.000000,-0.709240,8.470791
4.370000,0.479229,-0.186039,0.401990,0.938086,-0.346231,-0.010373,0.003444,0.124504,2.755137,1.000000,-0.709963,8.481837
4.375000,0.478705,-0.186212,0.401970,0.938070,-0.346272,-0.010377,0.003488,0.124503,2.757981,1.000000,-0.710620,8.493045
4.380000,0.478180,-0.186384,0.401949,0.938055,-0.346313,-0.010381,0.003532,0.124502,2.760827,1.000000,-0.711214,8.504262
4.385000,0.477659,-0.186542,0.401928,0.938040,-0.346352,-0.010383,0.003568,0.124501,2.763675,1.000000,-0.711594,8.514494
4.390000,0.477138,-0.186701,0.401907,0.938026,-0.346391,-0.010385,0.003605,0.124501,2.766525,1.000000,-0.711841,8.524771
4.395000,0.476617,-0.186859,0.401886,0.938011,-0.346431,-0.010387,0.003642,0.124500,2.769375,1.000000,-0.711990,8.535220
4.400000,0.476096,-0.187016,0.401865,0.937996,-0.346470,-0.010388,0.003680,0.124499,2.772225,1.000000,-0.712060,8.545899
4.405000,0.475575,-0.187174,0.401844,0.937981,-0.346510,-0.010390,0.003719,0.124498,2.775075,1.000000,-0.712041,8.556577
4.410000,0.475053,-0.187332,0.401823,0.937966,-0.346550,-0.010392,0.003758,0.124497,2.777926,1.000000,-0.711920,8.567245
4.415000,0.474532,-0.187489,0.401802,0.937951,-0.346590,-0.010394,0.003798,0.124496,2.780775,1.000000,-0.711734,8.577922
4.420000,0.474021,-0.187635,0.401786,0.937936,-0.346631,-0.010389,0.003831,0.124495,2.783623,1.000000,-0.711291,8.587495
4.425000,0.473510,-0.187782,0.401769,0.937921,-0.346671,-0.010384,0.003864,0.124494,2.786469,1.000000,-0.710719,8.597120
4.430000,0.472999,-0.187928,0.401752,0.937906,-0.346712,-0.010379,0.003898,0.124493,2.789312,1.000000,-0.710027,8.606828
4.435000,0.472489,-0.188074,0.401736,0.937891,-0.346753,-0.010374,0.003932,0.124493,2.792152,1.000000,-0.709230,8.616640
4.440000,0.471978,-0.188220,0.401719,0.937876,-0.346794,-0.010369,0.003967,0.124492,2.794989,1.000000,-0.708338,8.626476
4.445000,0.471467,-0.188365,0.401702,0.937860,-0.346835,-0.010363,0.004002,0.124491,2.797822,1.000000,-0.707364,8.636470
4.450000,0.470956,-0.188511,0.401686,0.937845,-0.346876,-0.010359,0.004038,0.124490,2.800651,1.000000,-0.706317,8.646471
4.455000,0.470459,-0.188638,0.401665,0.937831,-0.346913,-0.010359,0.004069,0.124489,2.803475,1.000000,-0.704920,8.654841
4.460000,0.469963,-0.188766,0.401644,0.937817,-0.346950,-0.010360,0.004100,0.124489,2.806292,1.000000,-0.703351,8.663258
4.465000,0.469466,-0.188893,0.401623,0.937804,-0.346987,-0.010360,0.004132,0.124488,2.809103,1.000000,-0.701634,8.671772
4.470000,0.468970,-0.189020,0.401602,0.937790,-0.347024,-0.010361,0.004165,0.124487,2.811907,1.000000,-0.699790,8.680389
4.475000,0.468473,-0.189147,0.401581,0.937776,-0.347061,-0.010362,0.004197,0.124486,2.814704,1.000000,-0.697834,8.689037
4.480000,0.467976,-0.189274,0.401560,0.937762,-0.347098,-0.010364,0.004230,0.124485,2.817492,1.000000,-0.695784,8.697837
4.485000,0.467479,-0.189401,0.401540,0.937748,-0.347135,-0.010365,0.004264,0.124485,2.820271,1.000000,-0.693651,8.706635
4.490000,0.466991,-0.189513,0.401526,0.937735,-0.347172,-0.010361,0.004292,0.124484,2.823042,1.000000,-0.691279,8.714357
4.495000,0.466504,-0.189625,0.401512,0.937721,-0.347208,-0.010357,0.004321,0.124483,2.825803,1.000000,-0.688761,8.722145
4.500000,0.466015,-0.189736,0.401498,0.937707,-0.347245,-0.010354,0.004350,0.124482,2.828553,1.000000,-0.686100,8.729963
4.505000,0.465527,-0.189848,0.401485,0.937694,-0.347282,-0.010351,0.004379,0.124482,2.831292,1.000000,-0.683317,8.737818
4.510000,0.465039,-0.189959,0.401471,0.937680,-0.347318,-0.010348,0.004409,0.124481,2.834020,1.000000,-0.680441,8.745718
4.515000,0.464550,-0.190070,0.401457,0.937666,-0.347354,-0.010345,0.004439,0.124480,2.836736,1.000000,-0.677489,8.753812
4.520000,0.464062,-0.190181,0.401444,0.937653,-0.347390,-0.010342,0.004469,0.124480,2.839440,1.000000,-0.674473,8.761904
4.525000,0.463578,-0.190283,0.401435,0.937639,-0.347427,-0.010335,0.004496,0.124479,2.842132,1.000000,-0.671305,8.769429
4.530000,0.463094,-0.190386,0.401426,0.937626,-0.347463,-0.010328,0.004523,0.124478,2.844811,1.000000,-0.668047,8.776992
4.535000,0.462610,-0.190488,0.401417,0.937612,-0.347499,-0.010321,0.004551,0.124477,2.847477,1.000000,-0.664714,8.784683
4.540000,0.462126,-0.190589,0.401408,0.937599,-0.347535,-0.010315,0.004579,0.124477,2.850129,1.000000,-0.661322,8.792482
4.545000,0.461642,-0.190691,0.401399,0.937586,-0.347571,-0.010308,0.004607,0.124476,2.852767,1.000000,-0.657886,8.800346
4.550000,0.461157,-0.190792,0.401390,0.937573,-0.347606,-0.010302,0.004635,0.124475,2.855392,1.000000,-0.654423,8.808427
4.555000,0.460681,-0.190880,0.401376,0.937561,-0.347638,-0.010302,0.004660,0.124475,2.858002,1.000000,-0.650755,8.815265
4.560000,0.460205,-0.190968,0.401362,0.937549,-0.347669,-0.010302,0.004685,0.124474,2.860597,1.000000,-0.647001,8.822348
4.565000,0.459729,-0.191055,0.401349,0.937537,-0.347701,-0.010303,0.004710,0.124473,2.863177,1.000000,-0.643175,8.829457
4.570000,0.459253,-0.191142,0.401335,0.937526,-0.347732,-0.010304,0.004736,0.124473,2.865742,1.000000,-0.639285,8.836658
4.575000,0.458776,-0.191229,0.401321,0.937514,-0.347762,-0.010306,0.004761,0.124472,2.868291,1.000000,-0.635351,8.843927
4.580000,0.458299,-0.191316,0.401307,0.937503,-0.347793,-0.010308,0.004787,0.124471,2.870824,1.000000,-0.631408,8.851311
4.585000,0.457823,-0.191402,0.401294,0.937491,-0.347822,-0.010310,0.004813,0.124471,2.873341,1.000000,-0.627482,8.858979
4.590000,0.457362,-0.191473,0.401286,0.937481,-0.347851,-0.010308,0.004833,0.124470,2.875842,1.000000,-0.623304,8.864875
4.595000,0.456901,-0.191544,0.401279,0.937470,-0.347880,-0.010307,0.004854,0.124470,2.878326,1.000000,-0.619039,8.871064
4.600000,0.456439,-0.191614,0.401272,0.937459,-0.347908,-0.010306,0.004874,0.124469,2.880793,1.000000,-0.614699,8.877265
4.605000,0.455978,-0.191684,0.401264,0.937449,-0.347936,-0.010305,0.004895,0.124468,2.883242,1.000000,-0.610307,8.883640
4.610000,0.455517,-0.191754,0.401257,0.937439,-0.347964,-0.010305,0.004916,0.124468,2.885674,1.000000,-0.605877,8.890110
4.615000,0.455056,-0.191824,0.401250,0.937428,-0.347991,-0.010305,0.004936,0.124467,2.888087,1.000000,-0.601426,8.896683
4.620000,0.454595,-0.191894,0.401242,0.937418,-0.348018,-0.010305,0.004957,0.124467,2.890483,1.000000,-0.596970,8.903467
4.625000,0.454132,-0.191951,0.401242,0.937408,-0.348045,-0.010299,0.004973,0.124466,2.892861,1.000000,-0.592445,8.909439
4.630000,0.453669,-0.192008,0.401241,0.937398,-0.348071,-0.010294,0.004989,0.124466,2.895221,1.000000,-0.587877,8.915651
4.635000,0.453206,-0.192065,0.401241,0.937389,-0.348098,-0.010288,0.005005,0.124465,2.897563,1.000000,-0.583286,8.921869
4.640000,0.452742,-0.192122,0.401240,0.937379,-0.348123,-0.010283,0.005021,0.124464,2.899886,1.000000,-0.578694,8.928274
4.645000,0.452279,-0.192178,0.401240,0.937369,-0.348149,-0.010279,0.005037,0.124464,2.902190,1.000000,-0.574114,8.934766
4.650000,0.451816,-0.192234,0.401239,0.937360,-0.348174,-0.010274,0.005052,0.124463,2.904477,1.000000,-0.569563,8.941360
4.655000,0.451353,-0.192290,0.401239,0.937351,-0.348199,-0.010270,0.005068,0.124463,2.906745,1.000000,-0.565054,8.948133
4.660000,0.450883,-0.192334,0.401226,0.937343,-0.348219,-0.010277,0.005082,0.124462,2.908996,1.000000,-0.560567,8.954464
4.665000,0.450413,-0.192377,0.401214,0.937336,-0.348239,-0.010284,0.005095,0.124462,2.911228,1.000000,-0.556086,8.961010
4.670000,0.449943,-0.192420,0.401202,0.937328,-0.348258,-0.010292,0.005109,0.124461,2.913443,1.000000,-0.551638,8.967562
4.675000,0.449473,-0.192463,0.401189,0.937321,-0.348277,-0.010299,0.005122,0.124461,2.915640,1.000000,-0.547246,8.974312
4.680000,0.449003,-0.192506,0.401177,0.937314,-0.348296,-0.010307,0.005135,0.124460,2.917819,1.000000,-0.542924,8.981139
4.685000,0.448533,-0.192548,0.401165,0.937307,-0.348314,-0.010315,0.005148,0.124459,2.919982,1.000000,-0.538687,8.988055
4.690000,0.448063,-0.192591,0.401152,0.937300,-0.348332,-0.010323,0.005161,0.124459,2.922128,1.000000,-0.534544,8.995103
4.695000,0.447593,-0.192621,0.401140,0.937294,-0.348349,-0.010331,0.005170,0.124458,2.924257,1.000000,-0.530419,9.001352
4.700000,0.447123,-0.192651,0.401127,0.937288,-0.348365,-0.010338,0.005179,0.124458,2.926370,1.000000,-0.526336,9.007809
4.705000,0.446654,-0.192681,0.401115,0.937281,-0.348382,-0.010346,0.005188,0.124457,2.928466,1.000000,-0.522312,9.014273
4.710000,0.446184,-0.192711,0.401102,0.937275,-0.348397,-0.010353,0.005196,0.124457,2.930547,1.000000,-0.518381,9.020991
4.715000,0.445714,-0.192741,0.401090,0.937269,-0.348413,-0.010360,0.005204,0.124456,2.932612,1.000000,-0.514539,9.027788
4.720000,0.445245,-0.192771,0.401077,0.937263,-0.348429,-0.010367,0.005212,0.124456,2.934662,1.000000,-0.510780,9.034611
4.725000,0.444767,-0.192789,0.401072,0.937257,-0.348445,-0.010366,0.005215,0.124455,2.936697,1.000000,-0.507107,9.041023
4.730000,0.444290,-0.192808,0.401066,0.937251,-0.348461,-0.010364,0.005217,0.124454,2.938718,1.000000,-0.503495,9.047455
4.735000,0.443812,-0.192827,0.401060,0.937245,-0.348477,-0.010363,0.005219,0.124454,2.940725,1.000000,-0.499963,9.054048
4.740000,0.443335,-0.192845,0.401054,0.937240,-0.348493,-0.010361,0.005221,0.124453,2.942717,1.000000,-0.496522,9.060649
4.745000,0.442857,-0.192863,0.401048,0.937234,-0.348509,-0.010358,0.005222,0.124453,2.944696,1.000000,-0.493183,9.067341
4.750000,0.442380,-0.192882,0.401042,0.937228,-0.348524,-0.010355,0.005223,0.124452,2.946662,1.000000,-0.489954,9.074064
4.755000,0.441903,-0.192900,0.401036,0.937223,-0.348539,-0.010352,0.005223,0.124452,2.948616,1.000000,-0.486836,9.080810
4.760000,0.441425,-0.192901,0.401015,0.937219,-0.348547,-0.010365,0.005219,0.124451,2.950556,1.000000,-0.483720,9.086534
4.765000,0.440947,-0.192902,0.400994,0.937216,-0.348556,-0.010377,0.005215,0.124451,2.952485,1.000000,-0.480630,9.092296
4.770000,0.440470,-0.192903,0.400972,0.937213,-0.348563,-0.010389,0.005210,0.124450,2.954401,1.000000,-0.477615,9.098263
4.775000,0.439993,-0.192904,0.400951,0.937210,-0.348571,-0.010400,0.005205,0.124450,2.956305,1.000000,-0.474673,9.104237
4.780000,0.439516,-0.192905,0.400930,0.937207,-0.348579,-0.010412,0.005199,0.124449,2.958198,1.000000,-0.471800,9.110195
4.785000,0.439038,-0.192905,0.400909,0.937204,-0.348586,-0.010424,0.005194,0.124449,2.960080,1.000000,-0.469021,9.116157
4.790000,0.438561,-0.192906,0.400887,0.937201,-0.348594,-0.010435,0.005188,0.124448,2.961950,1.000000,-0.466361,9.122222
4.795000,0.438084,-0.192894,0.400872,0.937198,-0.348602,-0.010441,0.005179,0.124448,2.963810,1.000000,-0.463752,9.127481
4.800000,0.437607,-0.192882,0.400856,0.937195,-0.348610,-0.010446,0.005169,0.124447,2.965660,1.000000,-0.461183,9.132734
4.805000,0.437129,-0.192870,0.400841,0.937193,-0.348618,-0.010452,0.005160,0.124447,2.967500,1.000000,-0.458651,9.137961
4.810000,0.436652,-0.192858,0.400825,0.937190,-0.348625,-0.010457,0.005150,0.124446,2.969329,1.000000,-0.456190,9.143196
4.815000,0.436175,-0.192846,0.400809,0.937187,-0.348633,-0.010462,0.005140,0.124446,2.971149,1.000000,-0.453831,9.148611
4.820000,0.435697,-0.192833,0.400794,0.937184,-0.348640,-0.010467,0.005130,0.124445,2.972960,1.000000,-0.451561,9.154067
4.825000,0.435220,-0.192821,0.400779,0.937181,-0.348648,-0.010472,0.005119,0.124445,2.974762,1.000000,-0.449370,9.159490
4.830000,0.434741,-0.192795,0.400776,0.937178,-0.348658,-0.010465,0.005105,0.124445,2.976555,1.000000,-0.447207,9.163946
4.835000,0.434261,-0.192769,0.400773,0.937174,-0.348668,-0.010458,0.005091,0.124444,2.978340,1.000000,-0.445072,9.168419
4.840000,0.433781,-0.192743,0.400771,0.937171,-0.348678,-0.010451,0.005077,0.124444,2.980116,1.000000,-0.442983,9.172986
4.845000,0.433302,-0.192717,0.400768,0.937167,-0.348687,-0.010444,0.005063,0.124443,2.981884,1.000000,-0.440944,9.177552
4.850000,0.432823,-0.192691,0.400766,0.937164,-0.348697,-0.010436,0.005048,0.124443,2.983644,1.000000,-0.438985,9.182254
4.855000,0.432343,-0.192665,0.400764,0.937160,-0.348707,-0.010429,0.005033,0.124443,2.985397,1.000000,-0.437094,9.186986
4.860000,0.431864,-0.192639,0.400762,0.937157,-0.348716,-0.010421,0.005018,0.124442,2.987142,1.000000,-0.435262,9.191683
4.865000,0.431393,-0.192589,0.400759,0.937155,-0.348722,-0.010419,0.004999,0.124442,2.988879,1.000000,-0.433284,9.194333
4.870000,0.430922,-0.192539,0.400756,0.937153,-0.348728,-0.010418,0.004980,0.124441,2.990608,1.000000,-0.431237,9.197016
4.875000,0.430451,-0.192489,0.400753,0.937151,-0.348733,-0.010416,0.004961,0.124441,2.992329,1.000000,-0.429164,9.199838
4.880000,0.429980,-0.192439,0.400751,0.937149,-0.348739,-0.010414,0.004941,0.124441,2.994041,1.000000,-0.427069,9.202659
4.885000,0.429509,-0.192389,0.400748,0.937147,-0.348744,-0.010413,0.004922,0.124441,2.995745,1.000000,-0.424950,9.205450
4.890000,0.429038,-0.192339,0.400746,0.937145,-0.348750,-0.010411,0.004903,0.124440,2.997441,1.000000,-0.422836,9.208245
4.895000,0.428576,-0.192268,0.400764,0.937142,-0.348758,-0.010394,0.004876,0.124440,2.999128,1.000000,-0.420563,9.209024
4.900000,0.428115,-0.192196,0.400782,0.937140,-0.348766,-0.010376,0.004849,0.124440,3.000805,1.000000,-0.418191,9.209871
4.905000,0.427653,-0.192124,0.400800,0.937137,-0.348774,-0.010358,0.004822,0.124440,3.002473,1.000000,-0.415724,9.210700
4.910000,0.427192,-0.192052,0.400818,0.937134,-0.348782,-0.010340,0.004796,0.124440,3.004130,1.000000,-0.413166,9.211462
4.915000,0.426730,-0.191981,0.400836,0.937132,-0.348790,-0.010322,0.004769,0.124439,3.005777,1.000000,-0.410553,9.212223
4.920000,0.426268,-0.191909,0.400854,0.937129,-0.348798,-0.010304,0.004742,0.124439,3.007414,1.000000,-0.407927,9.213110
4.925000,0.425807,-0.191837,0.400873,0.937127,-0.348806,-0.010286,0.004715,0.124439,3.009040,1.000000,-0.405279,9.214024
4.930000,0.425342,-0.191745,0.400893,0.937125,-0.348812,-0.010267,0.004681,0.124439,3.010655,1.000000,-0.402527,9.213638
4.935000,0.424876,-0.191653,0.400914,0.937123,-0.348817,-0.010248,0.004647,0.124439,3.012260,1.000000,-0.399648,9.213217
4.940000,0.424411,-0.191561,0.400935,0.937121,-0.348823,-0.010228,0.004613,0.124439,3.013852,1.000000,-0.396698,9.212834
4.945000,0.423946,-0.191470,0.400956,0.937120,-0.348828,-0.010209,0.004579,0.124438,3.015432,1.000000,-0.393720,9.212594
4.950000,0.423481,-0.191378,0.400977,0.937118,-0.348834,-0.010189,0.004545,0.124438,3.017001,1.000000,-0.390711,9.212356
4.955000,0.423016,-0.191286,0.400998,0.937117,-0.348839,-0.010169,0.004511,0.124438,3.018557,1.000000,-0.387664,9.212010
4.960000,0.422551,-0.191194,0.401020,0.937115,-0.348844,-0.010150,0.004477,0.124438,3.020102,1.000000,-0.384614,9.211659
4.965000,0.422084,-0.191077,0.401039,0.937115,-0.348846,-0.010134,0.004436,0.124438,3.021633,1.000000,-0.381480,9.209772
4.970000,0.421617,-0.190960,0.401058,0.937115,-0.348848,-0.010119,0.004395,0.124438,3.023153,1.000000,-0.378241,9.207957
4.975000,0.421151,-0.190844,0.401078,0.937114,-0.348849,-0.010103,0.004355,0.124438,3.024659,1.000000,-0.374920,9.206122
4.980000,0.420684,-0.190727,0.401097,0.937114,-0.348851,-0.010088,0.004314,0.124438,3.026151,1.000000,-0.371533,9.204221
4.985000,0.420217,-0.190610,0.401117,0.937114,-0.348852,-0.010072,0.004273,0.124438,3.027630,1.000000,-0.368125,9.202323
4.990000,0.419750,-0.190494,0.401137,0.937114,-0.348853,-0.010055,0.004232,0.124438,3.029095,1.000000,-0.364737,9.200535
4.995000,0.419283,-0.190377,0.401156,0.937114,-0.348854,-0.010039,0.004191,0.124438,3.030547,1.000000,-0.361364,9.198771
5.000000,0.418820,-0.190236,0.401186,0.937114,-0.348856,-0.010015,0.004143,0.124438,3.031985,1.000000,-0.357863,9.195050
5.005000,0.418357,-0.190095,0.401217,0.937114,-0.348857,-0.009991,0.004095,0.124438,3.033409,1.000000,-0.354245,9.191305
5.010000,0.417894,-0.189955,0.401247,0.937114,-0.348858,-0.009967,0.004047,0.124438,3.034818,1.000000,-0.350558,9.187598
5.015000,0.417431,-0.189814,0.401277,0.937114,-0.348859,-0.009942,0.003999,0.124438,3.036212,1.000000,-0.346843,9.184014
5.020000,0.416969,-0.189673,0.401307,0.937114,-0.348861,-0.009917,0.003950,0.124438,3.037592,1.000000,-0.343102,9.180435
5.025000,0.416506,-0.189532,0.401337,0.937114,-0.348862,-0.009892,0.003902,0.124438,3.038956,1.000000,-0.339352,9.176860
5.030000,0.416043,-0.189391,0.401367,0.937114,-0.348862,-0.009866,0.003853,0.124438,3.040306,1.000000,-0.335609,9.173299
5.035000,0.415576,-0.189231,0.401379,0.937117,-0.348856,-0.009861,0.003803,0.124438,3.041640,1.000000,-0.331810,9.168710
5.040000,0.415108,-0.189071,0.401391,0.937119,-0.348850,-0.009855,0.003752,0.124438,3.042959,1.000000,-0.327928,9.164085
5.045000,0.414641,-0.188911,0.401403,0.937122,-0.348844,-0.009849,0.003701,0.124438,3.044262,1.000000,-0.324025,9.159506
5.050000,0.414174,-0.188751,0.401415,0.937124,-0.348838,-0.009843,0.003651,0.124438,3.045550,1.000000,-0.320145,9.155070
5.055000,0.413707,-0.188591,0.401427,0.937127,-0.348831,-0.009836,0.003600,0.124439,3.046823,1.000000,-0.316293,9.150640
5.060000,0.413240,-0.188431,0.401439,0.937130,-0.348824,-0.009829,0.003549,0.124439,3.048080,1.000000,-0.312487,9.146194
5.065000,0.412769,-0.188252,0.401447,0.937134,-0.348815,-0.009830,0.003496,0.124439,3.049322,1.000000,-0.308689,9.140629
5.070000,0.412299,-0.188072,0.401454,0.937137,-0.348805,-0.009831,0.003444,0.124439,3.050549,1.000000,-0.304845,9.135034
5.075000,0.411828,-0.187893,0.401461,0.937141,-0.348796,-0.009831,0.003391,0.124439,3.051760,1.000000,-0.300995,9.129425
5.080000,0.411357,-0.187713,0.401468,0.937145,-0.348786,-0.009831,0.003338,0.124439,3.052956,1.000000,-0.297181,9.123854
5.085000,0.410887,-0.187534,0.401475,0.937149,-0.348776,-0.009830,0.003285,0.124439,3.054138,1.000000,-0.293437,9.118390
5.090000,0.410416,-0.187354,0.401482,0.937153,-0.348766,-0.009830,0.003233,0.124440,3.055304,1.000000,-0.289758,9.112936
5.095000,0.409946,-0.187175,0.401489,0.937157,-0.348756,-0.009829,0.003179,0.124440,3.056455,1.000000,-0.286155,9.107493
5.100000,0.409474,-0.186972,0.401484,0.937169,-0.348722,-0.009842,0.003132,0.124440,3.057593,1.000000,-0.282625,9.100676
5.105000,0.409002,-0.186768,0.401478,0.937182,-0.348689,-0.009855,0.003084,0.124440,3.058717,1.000000,-0.279101,9.093815
5.110000,0.408529,-0.186565,0.401471,0.937194,-0.348655,-0.009868,0.003036,0.124440,3.059826,1.000000,-0.275609,9.086931
5.115000,0.408057,-0.186362,0.401465,0.937207,-0.348622,-0.009881,0.002988,0.124440,3.060922,1.000000,-0.272184,9.080099
5.120000,0.407585,-0.186159,0.401459,0.937219,-0.348588,-0.009894,0.002940,0.124441,3.062004,1.000000,-0.268852,9.073412
5.125000,0.407113,-0.185955,0.401453,0.937232,-0.348555,-0.009906,0.002892,0.124441,3.063073,1.000000,-0.265601,9.066739
5.130000,0.406641,-0.185752,0.401447,0.937244,-0.348521,-0.009918,0.002843,0.124441,3.064129,1.000000,-0.262438,9.060064
5.135000,0.406164,-0.185529,0.401425,0.937265,-0.348465,-0.009944,0.002800,0.124441,3.065173,1.000000,-0.259403,9.052452
5.140000,0.405688,-0.185306,0.401403,0.937286,-0.348408,-0.009969,0.002757,0.124441,3.066205,1.000000,-0.256410,9.044785
5.145000,0.405211,-0.185083,0.401380,0.937307,-0.348352,-0.009994,0.002714,0.124441,3.067226,1.000000,-0.253481,9.037088
5.150000,0.404734,-0.184860,0.401358,0.937328,-0.348295,-0.010020,0.002671,0.124442,3.068234,1.000000,-0.250646,9.029445
5.155000,0.404257,-0.184637,0.401336,0.937348,-0.348239,-0.010045,0.002628,0.124442,3.069232,1.000000,-0.247928,9.021938
5.160000,0.403780,-0.184413,0.401313,0.937369,-0.348182,-0.010069,0.002584,0.124442,3.070219,1.000000,-0.245315,9.014451
5.165000,0.403304,-0.184190,0.401291,0.937390,-0.348125,-0.010094,0.002541,0.124442,3.071196,1.000000,-0.242815,9.006997
5.170000,0.402827,-0.183956,0.401263,0.937418,-0.348049,-0.010118,0.002510,0.124442,3.072164,1.000000,-0.240482,8.998961
5.175000,0.402349,-0.183723,0.401234,0.937447,-0.347972,-0.010142,0.002478,0.124442,3.073122,1.000000,-0.238261,8.990862
5.180000,0.401872,-0.183489,0.401206,0.937475,-0.347896,-0.010166,0.002447,0.124442,3.074072,1.000000,-0.236150,8.982726
5.185000,0.401394,-0.183255,0.401177,0.937503,-0.347820,-0.010190,0.002415,0.124442,3.075014,1.000000,-0.234162,8.974646
5.190000,0.400917,-0.183021,0.401149,0.937531,-0.347743,-0.010214,0.002384,0.124443,3.075948,1.000000,-0.232309,8.966708
5.195000,0.400440,-0.182787,0.401121,0.937559,-0.347666,-0.010238,0.002352,0.124443,3.076875,1.000000,-0.230572,8.958792
5.200000,0.399963,-0.182553,0.401092,0.937588,-0.347590,-0.010262,0.002321,0.124443,3.077795,1.000000,-0.228951,8.950896
5.205000,0.399492,-0.182312,0.401051,0.937628,-0.347481,-0.010295,0.002321,0.124443,3.078709,1.000000,-0.227508,8.942441
5.210000,0.399020,-0.182072,0.401010,0.937668,-0.347372,-0.010328,0.002320,0.124443,3.079618,1.000000,-0.226241,8.933957
5.215000,0.398549,-0.181831,0.400970,0.937708,-0.347263,-0.010362,0.002320,0.124443,3.080522,1.000000,-0.225120,8.925464
5.220000,0.398078,-0.181591,0.400929,0.937748,-0.347154,-0.010395,0.002319,0.124443,3.081422,1.000000,-0.224140,8.917018
5.225000,0.397606,-0.181350,0.400888,0.937788,-0.347045,-0.010429,0.002319,0.124443,3.082318,1.000000,-0.223301,8.908678
5.230000,0.397135,-0.181110,0.400847,0.937828,-0.346936,-0.010462,0.002319,0.124443,3.083212,1.000000,-0.222575,8.900361
5.235000,0.396674,-0.180863,0.400810,0.937877,-0.346801,-0.010485,0.002341,0.124443,3.084103,1.000000,-0.221988,8.891188
5.240000,0.396213,-0.180617,0.400774,0.937927,-0.346665,-0.010508,0.002363,0.124443,3.084991,1.000000,-0.221564,8.882048
5.245000,0.395752,-0.180370,0.400738,0.937977,-0.346529,-0.010532,0.002385,0.124443,3.085879,1.000000,-0.221245,8.872854
5.250000,0.395290,-0.180123,0.400701,0.938027,-0.346393,-0.010555,0.002407,0.124443,3.086765,1.000000,-0.221009,8.863629
5.255000,0.394829,-0.179877,0.400665,0.938077,-0.346257,-0.010579,0.002429,0.124443,3.087651,1.000000,-0.220858,8.854454
5.260000,0.394368,-0.179630,0.400628,0.938127,-0.346121,-0.010602,0.002451,0.124443,3.088536,1.000000,-0.220797,8.845402
5.265000,0.393907,-0.179383,0.400592,0.938177,-0.345985,-0.010626,0.002473,0.124443,3.089421,1.000000,-0.220802,8.836372
5.270000,0.393453,-0.179123,0.400551,0.938228,-0.345845,-0.010646,0.002478,0.124443,3.090306,1.000000,-0.220764,8.826138
5.275000,0.393000,-0.178863,0.400510,0.938280,-0.345705,-0.010666,0.002482,0.124443,3.091191,1.000000,-0.220685,8.815939
5.280000,0.392546,-0.178602,0.400470,0.938331,-0.345564,-0.010686,0.002487,0.124443,3.092075,1.000000,-0.220583,8.805758
5.285000,0.392093,-0.178342,0.400429,0.938382,-0.345424,-0.010707,0.002492,0.124443,3.092960,1.000000,-0.220474,8.795606
5.290000,0.391639,-0.178081,0.400388,0.938434,-0.345283,-0.010727,0.002496,0.124443,3.093843,1.000000,-0.220366,8.785452
5.295000,0.391186,-0.177821,0.400347,0.938485,-0.345142,-0.010748,0.002501,0.124443,3.094726,1.000000,-0.220257,8.775236
5.300000,0.390732,-0.177560,0.400307,0.938537,-0.345002,-0.010768,0.002506,0.124443,3.095609,1.000000,-0.220173,8.765043
5.305000,0.390295,-0.177279,0.400278,0.938588,-0.344862,-0.010765,0.002472,0.124443,3.096491,1.000000,-0.219932,8.752683
5.310000,0.389858,-0.176997,0.400249,0.938640,-0.344722,-0.010762,0.002438,0.124443,3.097372,1.000000,-0.219546,8.740372
5.315000,0.389422,-0.176716,0.400220,0.938691,-0.344583,-0.010758,0.002404,0.124443,3.098251,1.000000,-0.219042,8.728078
5.320000,0.388985,-0.176434,0.400190,0.938743,-0.344443,-0.010755,0.002370,0.124443,3.099128,1.000000,-0.218449,8.715812
5.325000,0.388548,-0.176152,0.400161,0.938794,-0.344303,-0.010752,0.002336,0.124443,3.100002,1.000000,-0.217785,8.703552
5.330000,0.388111,-0.175871,0.400132,0.938846,-0.344163,-0.010749,0.002302,0.124443,3.100874,1.000000,-0.217059,8.691263
5.335000,0.387674,-0.175589,0.400103,0.938897,-0.344023,-0.010746,0.002268,0.124444,3.101742,1.000000,-0.216304,8.678998
5.340000,0.387262,-0.175281,0.400080,0.938953,-0.343870,-0.010727,0.002205,0.124444,3.102607,1.000000,-0.215334,8.663851
5.345000,0.386850,-0.174974,0.400058,0.939010,-0.343717,-0.010707,0.002141,0.124444,3.103468,1.000000,-0.214186,8.648751
5.350000,0.386439,-0.174666,0.400035,0.939066,-0.343564,-0.010688,0.002078,0.124444,3.104324,1.000000,-0.212869,8.633628
5.355000,0.386027,-0.174358,0.400013,0.939122,-0.343411,-0.010669,0.002015,0.124444,3.105174,1.000000,-0.211413,8.618501
5.360000,0.385615,-0.174050,0.399990,0.939179,-0.343258,-0.010650,0.001951,0.124445,3.106018,1.000000,-0.209852,8.603399
5.365000,0.385203,-0.173742,0.399967,0.939235,-0.343104,-0.010630,0.001888,0.124445,3.106855,1.000000,-0.208216,8.588334
5.370000,0.384791,-0.173435,0.399944,0.939292,-0.342951,-0.010611,0.001824,0.124445,3.107686,1.000000,-0.206518,8.573293
5.375000,0.384398,-0.173111,0.399931,0.939354,-0.342782,-0.010574,0.001752,0.124445,3.108510,1.000000,-0.204647,8.556147
5.380000,0.384006,-0.172788,0.399918,0.939416,-0.342613,-0.010537,0.001681,0.124445,3.109326,1.000000,-0.202677,8.539028
5.385000,0.383613,-0.172464,0.399905,0.939478,-0.342443,-0.010500,0.001609,0.124446,3.110133,1.000000,-0.200634,8.522060
5.390000,0.383221,-0.172141,0.399892,0.939541,-0.342274,-0.010463,0.001538,0.124446,3.110933,1.000000,-0.198520,8.505202
5.395000,0.382829,-0.171817,0.399878,0.939603,-0.342104,-0.010425,0.001466,0.124446,3.111724,1.000000,-0.196321,8.488305
5.400000,0.382436,-0.171494,0.399865,0.939665,-0.341935,-0.010388,0.001394,0.124446,3.112506,1.000000,-0.194040,8.471294
5.405000,0.382058,-0.171164,0.399868,0.939733,-0.341751,-0.010326,0.001328,0.124447,3.113278,1.000000,-0.191673,8.453023
5.410000,0.381681,-0.170835,0.399871,0.939800,-0.341567,-0.010265,0.001263,0.124447,3.114041,1.000000,-0.189315,8.435031
5.415000,0.381304,-0.170506,0.399874,0.939868,-0.341383,-0.010204,0.001197,0.124447,3.114795,1.000000,-0.186923,8.417072
5.420000,0.380926,-0.170176,0.399877,0.939936,-0.341199,-0.010142,0.001132,0.124447,3.115539,1.000000,-0.184478,8.399060
5.425000,0.380549,-0.169847,0.399880,0.940003,-0.341015,-0.010081,0.001066,0.124447,3.116273,1.000000,-0.181993,8.381045
5.430000,0.380171,-0.169517,0.399883,0.940071,-0.340830,-0.010020,0.001001,0.124448,3.116997,1.000000,-0.179485,8.363062
5.435000,0.379793,-0.169187,0.399885,0.940139,-0.340646,-0.009958,0.000935,0.124448,3.117711,1.000000,-0.176963,8.345127
5.440000,0.379426,-0.168852,0.399883,0.940211,-0.340449,-0.009898,0.000879,0.124448,3.118414,1.000000,-0.174419,8.326367
5.445000,0.379059,-0.168517,0.399881,0.940283,-0.340252,-0.009838,0.000823,0.124448,3.119108,1.000000,-0.171911,8.307842
5.450000,0.378692,-0.168181,0.399879,0.940355,-0.340054,-0.009778,0.000767,0.124449,3.119792,1.000000,-0.169411,8.289350
5.455000,0.378325,-0.167845,0.399877,0.940427,-0.339857,-0.009718,0.000711,0.124449,3.120466,1.000000,-0.166900,8.270834
5.460000,0.377958,-0.167510,0.399875,0.940499,-0.339659,-0.009657,0.000655,0.124449,3.121129,1.000000,-0.164399,8.252330
5.465000,0.377591,-0.167174,0.399872,0.940571,-0.339462,-0.009597,0.000599,0.124449,3.121783,1.000000,-0.161926,8.233877
5.470000,0.377223,-0.166838,0.399870,0.940643,-0.339264,-0.009536,0.000543,0.124449,3.122427,1.000000,-0.159489,8.215504
5.475000,0.376869,-0.166500,0.399865,0.940718,-0.339056,-0.009476,0.000499,0.124450,3.123061,1.000000,-0.157057,8.196384
5.480000,0.376515,-0.166162,0.399859,0.940794,-0.338849,-0.009416,0.000456,0.124450,3.123686,1.000000,-0.154705,8.177515
5.485000,0.376161,-0.165824,0.399854,0.940869,-0.338641,-0.009355,0.000412,0.124450,3.124301,1.000000,-0.152410,8.158677
5.490000,0.375806,-0.165485,0.399849,0.940945,-0.338433,-0.009295,0.000368,0.124450,3.124908,1.000000,-0.150144,8.139878
5.495000,0.375452,-0.165147,0.399843,0.941020,-0.338224,-0.009234,0.000324,0.124450,3.125505,1.000000,-0.147926,8.121117
5.500000,0.375097,-0.164808,0.399838,0.941096,-0.338016,-0.009173,0.000280,0.124451,3.126094,1.000000,-0.145765,8.102410
5.505000,0.374743,-0.164470,0.399833,0.941171,-0.337807,-0.009112,0.000235,0.124451,3.126674,1.000000,-0.143668,8.083785
5.510000,0.374399,-0.164136,0.399815,0.941247,-0.337597,-0.009063,0.000198,0.124451,3.127245,1.000000,-0.141561,8.065021
5.515000,0.374054,-0.163802,0.399798,0.941323,-0.337386,-0.009014,0.000160,0.124451,3.127809,1.000000,-0.139525,8.046436
5.520000,0.373710,-0.163467,0.399780,0.941399,-0.337176,-0.008964,0.000123,0.124451,3.128364,1.000000,-0.137574,8.027878
5.525000,0.373366,-0.163133,0.399763,0.941475,-0.336965,-0.008914,0.000085,0.124452,3.128912,1.000000,-0.135700,8.009472
5.530000,0.373022,-0.162798,0.399746,0.941551,-0.336754,-0.008864,0.000048,0.124452,3.129452,1.000000,-0.133913,7.991135
5.535000,0.372678,-0.162464,0.399728,0.941627,-0.336542,-0.008814,0.000010,0.124452,3.129986,1.000000,-0.132226,7.972962
5.540000,0.372334,-0.162129,0.399711,0.941703,-0.336331,-0.008763,-0.000028,0.124452,3.130513,1.000000,-0.130642,7.954999
5.545000,0.371993,-0.161782,0.399697,0.941785,-0.336102,-0.008702,-0.000068,0.124452,3.131035,1.000000,-0.129235,7.936235
5.550000,0.371651,-0.161435,0.399683,0.941868,-0.335873,-0.008641,-0.000108,0.124452,3.131551,1.000000,-0.127897,7.917528
5.555000,0.371310,-0.161088,0.399668,0.941950,-0.335643,-0.008580,-0.000148,0.124453,3.132061,1.000000,-0.126654,7.898850
5.560000,0.370968,-0.160741,0.399654,0.942032,-0.335413,-0.008518,-0.000188,0.124453,3.132567,1.000000,-0.125490,7.880382
5.565000,0.370627,-0.160393,0.399640,0.942115,-0.335184,-0.008457,-0.000228,0.124453,3.133069,1.000000,-0.124417,7.861994
5.570000,0.370285,-0.160045,0.399626,0.942197,-0.334953,-0.008395,-0.000268,0.124453,3.133566,1.000000,-0.123433,7.843737
5.575000,0.369962,-0.159678,0.399622,0.942292,-0.334689,-0.008315,-0.000315,0.124453,3.134060,1.000000,-0.122605,7.823501
5.580000,0.369638,-0.159311,0.399618,0.942387,-0.334424,-0.008235,-0.000361,0.124453,3.134551,1.000000,-0.121869,7.803320
5.585000,0.369314,-0.158944,0.399615,0.942481,-0.334159,-0.008154,-0.000408,0.124453,3.135039,1.000000,-0.121180,7.783371
5.590000,0.368990,-0.158576,0.399611,0.942576,-0.333894,-0.008074,-0.000454,0.124454,3.135525,1.000000,-0.120540,7.763452
5.595000,0.368666,-0.158209,0.399607,0.942671,-0.333629,-0.007993,-0.000501,0.124454,3.136008,1.000000,-0.119930,7.743784
5.600000,0.368342,-0.157841,0.399604,0.942765,-0.333363,-0.007912,-0.000547,0.124454,3.136488,1.000000,-0.119364,7.724196
5.605000,0.368019,-0.157472,0.399600,0.942860,-0.333097,-0.007831,-0.000594,0.124454,3.136967,1.000000,-0.118851,7.704812
5.610000,0.367716,-0.157094,0.399591,0.942964,-0.332804,-0.007754,-0.000648,0.124454,3.137443,1.000000,-0.118375,7.683973
5.615000,0.367413,-0.156715,0.399582,0.943068,-0.332512,-0.007677,-0.000703,0.124454,3.137918,1.000000,-0.117937,7.663176
5.620000,0.367110,-0.156336,0.399573,0.943171,-0.332219,-0.007599,-0.000757,0.124454,3.138391,1.000000,-0.117488,7.642509
5.625000,0.366807,-0.155957,0.399565,0.943275,-0.331926,-0.007522,-0.000812,0.124454,3.138862,1.000000,-0.117061,7.621871
5.630000,0.366504,-0.155577,0.399556,0.943379,-0.331632,-0.007444,-0.000866,0.124454,3.139331,1.000000,-0.116637,7.601504
5.635000,0.366201,-0.155198,0.399547,0.943483,-0.331338,-0.007366,-0.000921,0.124454,3.139799,1.000000,-0.116239,7.581212
5.640000,0.365898,-0.154818,0.399538,0.943587,-0.331044,-0.007288,-0.000975,0.124454,3.140266,1.000000,-0.115865,7.561082
5.645000,0.365607,-0.154427,0.399530,0.943698,-0.330727,-0.007206,-0.001034,0.124455,3.140731,1.000000,-0.115572,7.539855
5.650000,0.365316,-0.154036,0.399521,0.943810,-0.330410,-0.007123,-0.001094,0.124455,3.141195,1.000000,-0.115320,7.518709
5.655000,0.365025,-0.153644,0.399513,0.943922,-0.330093,-0.007040,-0.001153,0.124455,3.141658,1.000000,-0.115075,7.497830
5.660000,0.364734,-0.153253,0.399505,0.944033,-0.329775,-0.006957,-0.001212,0.124455,3.142120,1.000000,-0.114855,7.476972
5.665000,0.364443,-0.152861,0.399497,0.944145,-0.329457,-0.006873,-0.001271,0.124455,3.142581,1.000000,-0.114646,7.456394
5.670000,0.364153,-0.152469,0.399489,0.944256,-0.329139,-0.006790,-0.001330,0.124455,3.143041,1.000000,-0.114466,7.435880
5.675000,0.363862,-0.152076,0.399481,0.944368,-0.328820,-0.006706,-0.001390,0.124455,3.143501,1.000000,-0.114309,7.415563
5.680000,0.363588,-0.151672,0.399480,0.944489,-0.328475,-0.006612,-0.001448,0.124455,3.143960,1.000000,-0.114247,7.393723
5.685000,0.363315,-0.151267,0.399479,0.944609,-0.328129,-0.006517,-0.001507,0.124455,3.144420,1.000000,-0.114238,7.371972
5.690000,0.363041,-0.150861,0.399478,0.944730,-0.327783,-0.006422,-0.001566,0.124455,3.144879,1.000000,-0.114239,7.350472
5.695000,0.362768,-0.150456,0.399477,0.944851,-0.327437,-0.006327,-0.001625,0.124455,3.145338,1.000000,-0.114258,7.328991
5.700000,0.362495,-0.150050,0.399476,0.944971,-0.327090,-0.006232,-0.001684,0.124455,3.145798,1.000000,-0.114269,7.307867
5.705000,0.362222,-0.149644,0.399475,0.945092,-0.326743,-0.006137,-0.001743,0.124455,3.146257,1.000000,-0.114295,7.286799
5.710000,0.361949,-0.149237,0.399474,0.945212,-0.326395,-0.006041,-0.001802,0.124455,3.146717,1.000000,-0.114327,7.265928
5.715000,0.361687,-0.148813,0.399475,0.945343,-0.326018,-0.005942,-0.001858,0.124455,3.147177,1.000000,-0.114508,7.243593
5.720000,0.361426,-0.148389,0.399475,0.945474,-0.325640,-0.005842,-0.001914,0.124455,3.147638,1.000000,-0.114728,7.221375
5.725000,0.361164,-0.147964,0.399476,0.945605,-0.325262,-0.005742,-0.001970,0.124454,3.148100,1.000000,-0.114952,7.199429
5.730000,0.360903,-0.147539,0.399477,0.945735,-0.324883,-0.005642,-0.002026,0.124454,3.148563,1.000000,-0.115189,7.177505
5.735000,0.360642,-0.147114,0.399478,0.945866,-0.324504,-0.005542,-0.002082,0.124454,3.149027,1.000000,-0.115411,7.155973
5.740000,0.360381,-0.146688,0.399478,0.945996,-0.324124,-0.005442,-0.002138,0.124454,3.149491,1.000000,-0.115646,7.134487
5.745000,0.360131,-0.146253,0.399479,0.946134,-0.323724,-0.005340,-0.002189,0.124454,3.149957,1.000000,-0.115956,7.112130
5.750000,0.359882,-0.145818,0.399480,0.946271,-0.323324,-0.005238,-0.002240,0.124454,3.150424,1.000000,-0.116300,7.089924
5.755000,0.359632,-0.145383,0.399481,0.946408,-0.322924,-0.005136,-0.002291,0.124454,3.150893,1.000000,-0.116659,7.067864
5.760000,0.359383,-0.144947,0.399482,0.946545,-0.322523,-0.005034,-0.002341,0.124454,3.151363,1.000000,-0.117014,7.046093
5.765000,0.359133,-0.144511,0.399483,0.946682,-0.322122,-0.004932,-0.002392,0.124454,3.151835,1.000000,-0.117386,7.024345
5.770000,0.358884,-0.144074,0.399484,0.946820,-0.321720,-0.004830,-0.002442,0.124453,3.152308,1.000000,-0.117750,7.002984
5.775000,0.358635,-0.143638,0.399485,0.946956,-0.321317,-0.004728,-0.002493,0.124453,3.152782,1.000000,-0.118138,6.981653
5.780000,0.358397,-0.143196,0.399492,0.947099,-0.320898,-0.004617,-0.002542,0.124453,3.153258,1.000000,-0.118591,6.959643
5.785000,0.358160,-0.142753,0.399498,0.947242,-0.320479,-0.004507,-0.002592,0.124453,3.153736,1.000000,-0.119094,6.937792
5.790000,0.357922,-0.142311,0.399504,0.947384,-0.320058,-0.004397,-0.002641,0.124453,3.154217,1.000000,-0.119610,6.916073
5.795000,0.357685,-0.141867,0.399510,0.947526,-0.319638,-0.004287,-0.002690,0.124453,3.154699,1.000000,-0.120116,6.894576
5.800000,0.357447,-0.141424,0.399517,0.947669,-0.319217,-0.004176,-0.002739,0.124453,3.155183,1.000000,-0.120646,6.873130
5.805000,0.357211,-0.140980,0.399524,0.947811,-0.318795,-0.004066,-0.002787,0.124452,3.155670,1.000000,-0.121201,6.852183
5.810000,0.356974,-0.140536,0.399530,0.947953,-0.318374,-0.003956,-0.002835,0.124452,3.156158,1.000000,-0.121785,6.831266
5.815000,0.356739,-0.140083,0.399532,0.948100,-0.317935,-0.003848,-0.002884,0.124452,3.156650,1.000000,-0.122485,6.810203
5.820000,0.356504,-0.139630,0.399534,0.948248,-0.317496,-0.003740,-0.002933,0.124452,3.157144,1.000000,-0.123231,6.789275
5.825000,0.356269,-0.139177,0.399536,0.948395,-0.317056,-0.003632,-0.002981,0.124452,3.157642,1.000000,-0.124013,6.768540
5.830000,0.356035,-0.138723,0.399538,0.948542,-0.316616,-0.003524,-0.003029,0.124451,3.158143,1.000000,-0.124824,6.748072
5.835000,0.355800,-0.138269,0.399540,0.948689,-0.316176,-0.003416,-0.003077,0.124451,3.158647,1.000000,-0.125679,6.727669
5.840000,0.355566,-0.137815,0.399542,0.948836,-0.315735,-0.003307,-0.003124,0.124451,3.159154,1.000000,-0.126555,6.707668
5.845000,0.355331,-0.137360,0.399545,0.948983,-0.315294,-0.003199,-0.003171,0.124451,3.159665,1.000000,-0.127483,6.687697
5.850000,0.355107,-0.136895,0.399539,0.949138,-0.314830,-0.003101,-0.003213,0.124450,3.160181,1.000000,-0.128545,6.666982
5.855000,0.354883,-0.136429,0.399534,0.949292,-0.314365,-0.003003,-0.003255,0.124450,3.160700,1.000000,-0.129678,6.646373
5.860000,0.354659,-0.135963,0.399529,0.949446,-0.313901,-0.002905,-0.003296,0.124450,3.161225,1.000000,-0.130860,6.625995
5.865000,0.354435,-0.135497,0.399523,0.949599,-0.313436,-0.002806,-0.003337,0.124450,3.161754,1.000000,-0.132083,6.605856
5.870000,0.354212,-0.135030,0.399518,0.949753,-0.312970,-0.002708,-0.003378,0.124449,3.162288,1.000000,-0.133345,6.585809
5.875000,0.353988,-0.134563,0.399513,0.949907,-0.312504,-0.002609,-0.003418,0.124449,3.162828,1.000000,-0.134628,6.566065
5.880000,0.353765,-0.134096,0.399508,0.950060,-0.312039,-0.002510,-0.003458,0.124449,3.163372,1.000000,-0.135957,6.546345
5.885000,0.353553,-0.133623,0.399507,0.950219,-0.311555,-0.002407,-0.003492,0.124448,3.163922,1.000000,-0.137381,6.526011
5.890000,0.353340,-0.133150,0.399506,0.950377,-0.311072,-0.002303,-0.003526,0.124448,3.164478,1.000000,-0.138883,6.505745
5.895000,0.353128,-0.132676,0.399505,0.950535,-0.310588,-0.002199,-0.003559,0.124448,3.165040,1.000000,-0.140424,6.485680
5.900000,0.352916,-0.132203,0.399504,0.950694,-0.310104,-0.002095,-0.003592,0.124447,3.165609,1.000000,-0.141998,6.465763
5.905000,0.352704,-0.131729,0.399504,0.950851,-0.309620,-0.001991,-0.003625,0.124447,3.166183,1.000000,-0.143605,6.445986
5.910000,0.352493,-0.131255,0.399503,0.951009,-0.309135,-0.001886,-0.003658,0.124447,3.166765,1.000000,-0.145243,6.426509
5.915000,0.352283,-0.130780,0.399504,0.951169,-0.308643,-0.001778,-0.003692,0.124446,3.167353,1.000000,-0.146958,6.406953
5.920000,0.352073,-0.130304,0.399505,0.951329,-0.308150,-0.001669,-0.003727,0.124446,3.167947,1.000000,-0.148702,6.387747
5.925000,0.351863,-0.129829,0.399506,0.951488,-0.307658,-0.001560,-0.003761,0.124446,3.168550,1.000000,-0.150490,6.368580
5.930000,0.351653,-0.129353,0.399507,0.951648,-0.307165,-0.001450,-0.003795,0.124445,3.169159,1.000000,-0.152309,6.349594
5.935000,0.351443,-0.128878,0.399509,0.951807,-0.306671,-0.001340,-0.003829,0.124445,3.169775,1.000000,-0.154162,6.330721
5.940000,0.351233,-0.128402,0.399510,0.951966,-0.306178,-0.001230,-0.003863,0.124445,3.170399,1.000000,-0.156039,6.311952
5.945000,0.351023,-0.127925,0.399511,0.952125,-0.305683,-0.001119,-0.003896,0.124444,3.171031,1.000000,-0.157925,6.293370
5.950000,0.350816,-0.127446,0.399502,0.952287,-0.305178,-0.001024,-0.003933,0.124444,3.171670,1.000000,-0.159892,6.274689
5.955000,0.350609,-0.126967,0.399492,0.952448,-0.304673,-0.000927,-0.003969,0.124443,3.172318,1.000000,-0.161921,6.256351
5.960000,0.350402,-0.126487,0.399483,0.952610,-0.304168,-0.000831,-0.004006,0.124443,3.172973,1.000000,-0.164002,6.238046
5.965000,0.350195,-0.126008,0.399474,0.952771,-0.303662,-0.000734,-0.004042,0.124443,3.173638,1.000000,-0.166118,6.219935
5.970000,0.349988,-0.125528,0.399465,0.952932,-0.303157,-0.000636,-0.004079,0.124442,3.174310,1.000000,-0.168279,6.201922
5.975000,0.349782,-0.125048,0.399455,0.953093,-0.302650,-0.000539,-0.004115,0.124442,3.174992,1.000000,-0.170471,6.184029
5.980000,0.349575,-0.124568,0.399446,0.953253,-0.302143,-0.000441,-0.004151,0.124442,3.175682,1.000000,-0.172686,6.166307
5.985000,0.349373,-0.124086,0.399439,0.953417,-0.301627,-0.000338,-0.004187,0.124441,3.176381,1.000000,-0.175002,6.148275
5.990000,0.349172,-0.123604,0.399432,0.953580,-0.301109,-0.000235,-0.004223,0.124441,3.177090,1.000000,-0.177403,6.130533
5.995000,0.348971,-0.123123,0.399425,0.953743,-0.300592,-0.000131,-0.004259,0.124440,3.177808,1.000000,-0.179862,6.112825
6.000000,0.348770,-0.122641,0.399418,0.953906,-0.300075,-0.000027,-0.004295,0.124440,3.178537,1.000000,-0.182358,6.095325
6.005000,0.348569,-0.122159,0.399411,0.954069,-0.299557,0.000077,-0.004331,0.124440,3.179275,1.000000,-0.184894,6.077910
6.010000,0.348369,-0.121676,0.399404,0.954231,-0.299038,0.000181,-0.004366,0.124439,3.180024,1.000000,-0.187447,6.060615
6.015000,0.348168,-0.121194,0.399396,0.954393,-0.298520,0.000286,-0.004402,0.124439,3.180783,1.000000,-0.190012,6.043464
6.020000,0.347973,-0.120718,0.399393,0.954555,-0.298000,0.000398,-0.004441,0.124438,3.181552,1.000000,-0.192567,6.026313
6.025000,0.347779,-0.120242,0.399390,0.954717,-0.297481,0.000511,-0.004479,0.124438,3.182331,1.000000,-0.195184,6.009451
6.030000,0.347585,-0.119766,0.399387,0.954879,-0.296961,0.000624,-0.004518,0.124438,3.183121,1.000000,-0.197842,5.992612
6.035000,0.347390,-0.119290,0.399384,0.955040,-0.296441,0.000738,-0.004556,0.124437,3.183922,1.000000,-0.200498,5.975927
6.040000,0.347196,-0.118814,0.399381,0.955201,-0.295920,0.000851,-0.004595,0.124437,3.184733,1.000000,-0.203179,5.959295
6.045000,0.347002,-0.118337,0.399378,0.955362,-0.295399,0.000965,-0.004633,0.124436,3.185555,1.000000,-0.205893,5.942871
6.050000,0.346809,-0.117861,0.399374,0.955523,-0.294878,0.001079,-0.004672,0.124436,3.186388,1.000000,-0.208638,5.926634
6.055000,0.346612,-0.117391,0.399356,0.955682,-0.294360,0.001176,-0.004715,0.124436,3.187232,1.000000,-0.211317,5.911110
6.060000,0.346416,-0.116920,0.399338,0.955841,-0.293842,0.001273,-0.004759,0.124435,3.188086,1.000000,-0.213982,5.895772
6.065000,0.346219,-0.116450,0.399319,0.956000,-0.293323,0.001371,-0.004803,0.124435,3.188951,1.000000,-0.216679,5.880457
6.070000,0.346023,-0.115979,0.399301,0.956159,-0.292804,0.001468,-0.004847,0.124434,3.189827,1.000000,-0.219421,5.865424
6.075000,0.345827,-0.115508,0.399283,0.956318,-0.292285,0.001566,-0.004890,0.124434,3.190714,1.000000,-0.222207,5.850444
6.080000,0.345632,-0.115037,0.399264,0.956476,-0.291765,0.001665,-0.004934,0.124434,3.191613,1.000000,-0.225007,5.835627
6.085000,0.345436,-0.114567,0.399253,0.956635,-0.291240,0.001774,-0.004980,0.124433,3.192522,1.000000,-0.227867,5.820940
6.090000,0.345240,-0.114097,0.399242,0.956795,-0.290715,0.001884,-0.005026,0.124433,3.193443,1.000000,-0.230799,5.806363
6.095000,0.345045,-0.113627,0.399231,0.956954,-0.290190,0.001994,-0.005072,0.124432,3.194376,1.000000,-0.233789,5.792025
6.100000,0.344849,-0.113157,0.399220,0.957112,-0.289664,0.002104,-0.005117,0.124432,3.195322,1.000000,-0.236821,5.777708
6.105000,0.344654,-0.112686,0.399209,0.957271,-0.289138,0.002214,-0.005163,0.124432,3.196279,1.000000,-0.239840,5.763608
6.110000,0.344459,-0.112215,0.399197,0.957429,-0.288611,0.002325,-0.005209,0.124431,3.197248,1.000000,-0.242890,5.749539
6.115000,0.344264,-0.111744,0.399186,0.957587,-0.288085,0.002435,-0.005254,0.124431,3.198230,1.000000,-0.245973,5.735709
6.120000,0.344078,-0.111279,0.399189,0.957746,-0.287557,0.002566,-0.005298,0.124430,3.199224,1.000000,-0.249053,5.721596
6.125000,0.343891,-0.110814,0.399192,0.957904,-0.287028,0.002697,-0.005341,0.124430,3.200230,1.000000,-0.252160,5.707576
6.130000,0.343705,-0.110349,0.399194,0.958061,-0.286499,0.002828,-0.005384,0.124430,3.201248,1.000000,-0.255261,5.693711
6.135000,0.343519,-0.109883,0.399197,0.958219,-0.285969,0.002959,-0.005427,0.124429,3.202279,1.000000,-0.258372,5.679880
6.140000,0.343334,-0.109417,0.399200,0.958376,-0.285439,0.003091,-0.005470,0.124429,3.203323,1.000000,-0.261471,5.666324
6.145000,0.343148,-0.108951,0.399202,0.958533,-0.284909,0.003222,-0.005513,0.124428,3.204378,1.000000,-0.264570,5.652792
6.150000,0.342963,-0.108485,0.399205,0.958690,-0.284379,0.003354,-0.005555,0.124428,3.205447,1.000000,-0.267673,5.639523
6.155000,0.342788,-0.108030,0.399219,0.958845,-0.283852,0.003500,-0.005598,0.124427,3.206527,1.000000,-0.270680,5.626036
6.160000,0.342613,-0.107574,0.399232,0.959001,-0.283324,0.003646,-0.005641,0.124427,3.207619,1.000000,-0.273676,5.612658
6.165000,0.342439,-0.107117,0.399246,0.959156,-0.282796,0.003792,-0.005684,0.124427,3.208723,1.000000,-0.276638,5.599420
6.170000,0.342264,-0.106661,0.399260,0.959311,-0.282268,0.003939,-0.005727,0.124426,3.209839,1.000000,-0.279586,5.586234
6.175000,0.342090,-0.106205,0.399274,0.959465,-0.281739,0.004086,-0.005769,0.124426,3.210967,1.000000,-0.282523,5.573304
6.180000,0.341916,-0.105749,0.399287,0.959619,-0.281210,0.004233,-0.005812,0.124425,3.212106,1.000000,-0.285435,5.560395
6.185000,0.341742,-0.105292,0.399301,0.959773,-0.280681,0.004380,-0.005854,0.124425,3.213257,1.000000,-0.288281,5.547695
6.190000,0.341573,-0.104843,0.399329,0.959927,-0.280153,0.004542,-0.005898,0.124425,3.214418,1.000000,-0.291037,5.534913
6.195000,0.341404,-0.104394,0.399358,0.960079,-0.279625,0.004704,-0.005941,0.124424,3.215591,1.000000,-0.293781,5.522284
6.200000,0.341236,-0.103945,0.399386,0.960232,-0.279096,0.004867,-0.005985,0.124424,3.216775,1.000000,-0.296500,5.509802
6.205000,0.341068,-0.103495,0.399414,0.960385,-0.278568,0.005030,-0.006028,0.124423,3.217969,1.000000,-0.299195,5.497395
6.210000,0.340900,-0.103046,0.399442,0.960537,-0.278039,0.005193,-0.006071,0.124423,3.219175,1.000000,-0.301867,5.485236
6.215000,0.340732,-0.102597,0.399471,0.960688,-0.277510,0.005356,-0.006114,0.124423,3.220390,1.000000,-0.304506,5.473087
6.220000,0.340564,-0.102147,0.399499,0.960840,-0.276980,0.005519,-0.006157,0.124422,3.221617,1.000000,-0.307076,5.461167
6.225000,0.340402,-0.101696,0.399531,0.960994,-0.276441,0.005678,-0.006199,0.124422,3.222853,1.000000,-0.309665,5.448872
6.230000,0.340240,-0.101244,0.399563,0.961148,-0.275901,0.005838,-0.006239,0.124421,3.224100,1.000000,-0.312240,5.436763
6.235000,0.340078,-0.100792,0.399595,0.961302,-0.275360,0.005998,-0.006280,0.124421,3.225357,1.000000,-0.314788,5.424787
6.240000,0.339916,-0.100340,0.399627,0.961455,-0.274820,0.006157,-0.006321,0.124421,3.226624,1.000000,-0.317301,5.412902
6.245000,0.339754,-0.099888,0.399659,0.961608,-0.274279,0.006318,-0.006362,0.124420,3.227901,1.000000,-0.319769,5.401221
6.250000,0.339592,-0.099436,0.399691,0.961761,-0.273738,0.006478,-0.006403,0.124420,3.229188,1.000000,-0.322199,5.389551
6.255000,0.339441,-0.098986,0.399728,0.961916,-0.273190,0.006627,-0.006442,0.124419,3.230485,1.000000,-0.324608,5.377594
6.260000,0.339289,-0.098535,0.399766,0.962070,-0.272641,0.006776,-0.006481,0.124419,3.231791,1.000000,-0.326998,5.365656
6.265000,0.339138,-0.098084,0.399804,0.962224,-0.272092,0.006926,-0.006521,0.124419,3.233106,1.000000,-0.329325,5.353923
6.270000,0.338987,-0.097633,0.399841,0.962378,-0.271543,0.007076,-0.006560,0.124418,3.234431,1.000000,-0.331596,5.342298
6.275000,0.338836,-0.097181,0.399879,0.962532,-0.270993,0.007225,-0.006599,0.124418,3.235764,1.000000,-0.333818,5.330777
6.280000,0.338685,-0.096730,0.399917,0.962685,-0.270443,0.007376,-0.006638,0.124418,3.237107,1.000000,-0.335985,5.319425
6.285000,0.338534,-0.096278,0.399955,0.962838,-0.269893,0.007526,-0.006677,0.124417,3.238457,1.000000,-0.338103,5.308107
6.290000,0.338383,-0.095828,0.399993,0.962991,-0.269339,0.007659,-0.006716,0.124417,3.239817,1.000000,-0.340156,5.297151
6.295000,0.338232,-0.095377,0.400030,0.963145,-0.268785,0.007792,-0.006755,0.124416,3.241184,1.000000,-0.342170,5.286211
6.300000,0.338081,-0.094926,0.400068,0.963298,-0.268231,0.007925,-0.006793,0.124416,3.242559,1.000000,-0.344138,5.275474
6.305000,0.337930,-0.094475,0.400106,0.963451,-0.267676,0.008059,-0.006832,0.124416,3.243942,1.000000,-0.346068,5.264808
6.310000,0.337779,-0.094024,0.400144,0.963604,-0.267121,0.008192,-0.006870,0.124415,3.245333,1.000000,-0.347958,5.254300
6.315000,0.337629,-0.093573,0.400182,0.963756,-0.266566,0.008326,-0.006909,0.124415,3.246731,1.000000,-0.349809,5.243970
6.320000,0.337479,-0.093121,0.400220,0.963908,-0.266011,0.008460,-0.006947,0.124414,3.248136,1.000000,-0.351625,5.233686
6.325000,0.337324,-0.092657,0.400252,0.964066,-0.265434,0.008536,-0.006982,0.124414,3.249549,1.000000,-0.353560,5.223489
6.330000,0.337168,-0.092193,0.400284,0.964224,-0.264856,0.008613,-0.007017,0.124414,3.250970,1.000000,-0.355513,5.213304
6.335000,0.337013,-0.091728,0.400316,0.964382,-0.264278,0.008690,-0.007052,0.124413,3.252399,1.000000,-0.357493,5.203382
6.340000,0.336859,-0.091264,0.400348,0.964539,-0.263701,0.008766,-0.007087,0.124413,3.253836,1.000000,-0.359522,5.193512
6.345000,0.336704,-0.090799,0.400380,0.964696,-0.263123,0.008843,-0.007121,0.124412,3.255281,1.000000,-0.361600,5.183772
6.350000,0.336549,-0.090334,0.400411,0.964852,-0.262544,0.008920,-0.007156,0.124412,3.256734,1.000000,-0.363717,5.174136
6.355000,0.336395,-0.089869,0.400443,0.965008,-0.261966,0.008997,-0.007190,0.124411,3.258196,1.000000,-0.365865,5.164575
6.360000,0.336225,-0.089389,0.400464,0.965172,-0.261364,0.008962,-0.007220,0.124411,3.259668,1.000000,-0.368228,5.155680
6.365000,0.336056,-0.088909,0.400484,0.965335,-0.260762,0.008928,-0.007250,0.124411,3.261149,1.000000,-0.370674,5.146800
6.370000,0.335887,-0.088429,0.400504,0.965497,-0.260160,0.008893,-0.007279,0.124410,3.262640,1.000000,-0.373185,5.138154
6.375000,0.335718,-0.087949,0.400525,0.965659,-0.259558,0.008859,-0.007308,0.124410,3.264141,1.000000,-0.375756,5.129535
6.380000,0.335549,-0.087469,0.400545,0.965821,-0.258955,0.008825,-0.007337,0.124409,3.265652,1.000000,-0.378367,5.121056
6.385000,0.335380,-0.086989,0.400565,0.965983,-0.258353,0.008791,-0.007367,0.124409,3.267174,1.000000,-0.381008,5.112657
6.390000,0.335211,-0.086509,0.400586,0.966144,-0.257750,0.008756,-0.007396,0.124408,3.268707,1.000000,-0.383675,5.104356
6.395000,0.335033,-0.086011,0.400591,0.966313,-0.257118,0.008617,-0.007417,0.124408,3.270251,1.000000,-0.386615,5.096310
6.400000,0.334855,-0.085513,0.400596,0.966482,-0.256486,0.008478,-0.007439,0.124408,3.271807,1.000000,-0.389645,5.088296
6.405000,0.334678,-0.085015,0.400601,0.966651,-0.255854,0.008339,-0.007460,0.124407,3.273375,1.000000,-0.392714,5.080421
6.410000,0.334500,-0.084517,0.400606,0.966819,-0.255221,0.008201,-0.007481,0.124407,3.274956,1.000000,-0.395839,5.072575
6.415000,0.334322,-0.084018,0.400611,0.966987,-0.254588,0.008062,-0.007503,0.124406,3.276550,1.000000,-0.398998,5.064894
6.420000,0.334144,-0.083520,0.400616,0.967154,-0.253955,0.007923,-0.007524,0.124406,3.278156,1.000000,-0.402179,5.057288
6.425000,0.333983,-0.083001,0.400641,0.967332,-0.253280,0.007766,-0.007533,0.124405,3.279776,1.000000,-0.405764,5.047796
6.430000,0.333822,-0.082481,0.400665,0.967510,-0.252605,0.007609,-0.007541,0.124405,3.281410,1.000000,-0.409472,5.038408
6.435000,0.333661,-0.081962,0.400690,0.967687,-0.251930,0.007451,-0.007550,0.124404,3.283060,1.000000,-0.413219,5.029072
6.440000,0.333500,-0.081442,0.400714,0.967864,-0.251254,0.007294,-0.007559,0.124404,3.284725,1.000000,-0.416956,5.019886
6.445000,0.333339,-0.080922,0.400739,0.968040,-0.250578,0.007137,-0.007567,0.124403,3.286404,1.000000,-0.420660,5.010730
6.450000,0.333178,-0.080403,0.400763,0.968216,-0.249902,0.006980,-0.007576,0.124402,3.288098,1.000000,-0.424314,5.001702
6.455000,0.333018,-0.079883,0.400787,0.968392,-0.249226,0.006823,-0.007584,0.124402,3.289807,1.000000,-0.427913,4.992727
6.460000,0.332875,-0.079351,0.400838,0.968574,-0.248520,0.006653,-0.007575,0.124401,3.291531,1.000000,-0.431702,4.982020
6.465000,0.332732,-0.078819,0.400889,0.968756,-0.247814,0.006482,-0.007566,0.124401,3.293270,1.000000,-0.435515,4.971403
6.470000,0.332589,-0.078287,0.400939,0.968938,-0.247108,0.006312,-0.007556,0.124400,3.295024,1.000000,-0.439287,4.960845
6.475000,0.332447,-0.077755,0.400990,0.969119,-0.246401,0.006141,-0.007547,0.124399,3.296793,1.000000,-0.442936,4.950395
6.480000,0.332304,-0.077223,0.401040,0.969300,-0.245694,0.005971,-0.007538,0.124399,3.298576,1.000000,-0.446399,4.939980
6.485000,0.332162,-0.076690,0.401091,0.969480,-0.244987,0.005801,-0.007528,0.124398,3.300372,1.000000,-0.449634,4.929685
6.490000,0.332019,-0.076158,0.401141,0.969659,-0.244280,0.005630,-0.007518,0.124397,3.302181,1.000000,-0.452654,4.919435
6.495000,0.331881,-0.075603,0.401200,0.969849,-0.243531,0.005436,-0.007497,0.124397,3.304003,1.000000,-0.455893,4.908197
6.500000,0.331743,-0.075047,0.401258,0.970038,-0.242782,0.005242,-0.007475,0.124396,3.305838,1.000000,-0.459071,4.897039
6.505000,0.331604,-0.074491,0.401317,0.970226,-0.242033,0.005048,-0.007453,0.124395,3.307685,1.000000,-0.462156,4.885949
6.510000,0.331466,-0.073935,0.401375,0.970414,-0.241283,0.004853,-0.007431,0.124394,3.309544,1.000000,-0.465137,4.874949
6.515000,0.331328,-0.073379,0.401433,0.970601,-0.240534,0.004659,-0.007409,0.124393,3.311415,1.000000,-0.468019,4.864002
6.520000,0.331190,-0.072824,0.401491,0.970788,-0.239783,0.004465,-0.007387,0.124393,3.313298,1.000000,-0.470806,4.853156
6.525000,0.331052,-0.072268,0.401549,0.970974,-0.239033,0.004271,-0.007365,0.124392,3.315191,1.000000,-0.473506,4.842366
6.530000,0.330923,-0.071684,0.401612,0.971171,-0.238234,0.004103,-0.007333,0.124391,3.317097,1.000000,-0.476687,4.830263
6.535000,0.330793,-0.071100,0.401675,0.971368,-0.237436,0.003935,-0.007300,0.124390,3.319016,1.000000,-0.479952,4.818242
6.540000,0.330664,-0.070516,0.401738,0.971564,-0.236637,0.003767,-0.007268,0.124389,3.320947,1.000000,-0.483216,4.806309
6.545000,0.330535,-0.069932,0.401800,0.971759,-0.235837,0.003598,-0.007235,0.124388,3.322892,1.000000,-0.486441,4.794477
6.550000,0.330406,-0.069348,0.401863,0.971953,-0.235038,0.003430,-0.007203,0.124387,3.324850,1.000000,-0.489605,4.782708
6.555000,0.330277,-0.068763,0.401925,0.972147,-0.234238,0.003262,-0.007170,0.124386,3.326820,1.000000,-0.492687,4.770998
6.560000,0.330148,-0.068179,0.401987,0.972341,-0.233437,0.003094,-0.007137,0.124385,3.328802,1.000000,-0.495712,4.759354
6.565000,0.330022,-0.067594,0.402047,0.972536,-0.232627,0.002916,-0.007100,0.124384,3.330797,1.000000,-0.498750,4.747630
6.570000,0.329896,-0.067009,0.402107,0.972730,-0.231816,0.002737,-0.007063,0.124383,3.332804,1.000000,-0.501775,4.735984
6.575000,0.329770,-0.066424,0.402167,0.972924,-0.231005,0.002559,-0.007026,0.124382,3.334823,1.000000,-0.504788,4.724426
6.580000,0.329644,-0.065839,0.402227,0.973117,-0.230194,0.002380,-0.006988,0.124380,3.336853,1.000000,-0.507787,4.712958
6.585000,0.329519,-0.065254,0.402287,0.973309,-0.229383,0.002201,-0.006951,0.124379,3.338896,1.000000,-0.510754,4.701552
6.590000,0.329393,-0.064669,0.402346,0.973501,-0.228571,0.002022,-0.006913,0.124378,3.340951,1.000000,-0.513681,4.690206
6.595000,0.329265,-0.064062,0.402411,0.973701,-0.227718,0.001819,-0.006880,0.124377,3.343019,1.000000,-0.517070,4.678481
6.600000,0.329137,-0.063456,0.402475,0.973901,-0.226864,0.001616,-0.006846,0.124376,3.345101,1.000000,-0.520593,4.666874
6.605000,0.329010,-0.062849,0.402539,0.974100,-0.226011,0.001413,-0.006812,0.124375,3.347197,1.000000,-0.524184,4.655362
6.610000,0.328882,-0.062242,0.402603,0.974298,-0.225156,0.001209,-0.006778,0.124373,3.349307,1.000000,-0.527785,4.643886
6.615000,0.328754,-0.061635,0.402666,0.974496,-0.224301,0.001004,-0.006744,0.124372,3.351432,1.000000,-0.531413,4.632496
6.620000,0.328627,-0.061029,0.402730,0.974693,-0.223446,0.000800,-0.006709,0.124371,3.353572,1.000000,-0.535091,4.621242
6.625000,0.328499,-0.060422,0.402793,0.974889,-0.222591,0.000594,-0.006674,0.124370,3.355727,1.000000,-0.538804,4.610106
6.630000,0.328380,-0.059791,0.402865,0.975095,-0.221688,0.000378,-0.006643,0.124368,3.357898,1.000000,-0.543076,4.598172
6.635000,0.328261,-0.059160,0.402938,0.975300,-0.220786,0.000164,-0.006612,0.124367,3.360087,1.000000,-0.547516,4.586502
6.640000,0.328141,-0.058529,0.403011,0.975504,-0.219882,-0.000050,-0.006582,0.124366,3.362294,1.000000,-0.552057,4.574965
6.645000,0.328022,-0.057898,0.403084,0.975708,-0.218979,-0.000263,-0.006551,0.124364,3.364519,1.000000,-0.556652,4.563610
6.650000,0.327903,-0.057267,0.403157,0.975910,-0.218075,-0.000476,-0.006520,0.124363,3.366763,1.000000,-0.561287,4.552365
6.655000,0.327784,-0.056636,0.403231,0.976112,-0.217170,-0.000689,-0.006489,0.124361,3.369025,1.000000,-0.565944,4.541356
6.660000,0.327665,-0.056005,0.403304,0.976313,-0.216265,-0.000902,-0.006457,0.124360,3.371306,1.000000,-0.570630,4.530471
6.665000,0.327561,-0.055376,0.403391,0.976515,-0.215351,-0.001105,-0.006430,0.124359,3.373606,1.000000,-0.575396,4.518791
6.670000,0.327456,-0.054746,0.403478,0.976716,-0.214436,-0.001308,-0.006402,0.124357,3.375926,1.000000,-0.580231,4.507261
6.675000,0.327351,-0.054117,0.403565,0.976917,-0.213521,-0.001510,-0.006374,0.124356,3.378264,1.000000,-0.585102,4.495872
6.680000,0.327247,-0.053487,0.403652,0.977116,-0.212606,-0.001713,-0.006346,0.124354,3.380623,1.000000,-0.589992,4.484665
6.685000,0.327142,-0.052858,0.403739,0.977315,-0.211690,-0.001916,-0.006317,0.124353,3.383001,1.000000,-0.594904,4.473572
6.690000,0.327038,-0.052228,0.403826,0.977512,-0.210774,-0.002119,-0.006288,0.124351,3.385399,1.000000,-0.599834,4.462660
6.695000,0.326933,-0.051599,0.403913,0.977709,-0.209858,-0.002323,-0.006259,0.124350,3.387816,1.000000,-0.604788,4.451872
6.700000,0.326853,-0.050972,0.404027,0.977907,-0.208935,-0.002423,-0.006237,0.124348,3.390254,1.000000,-0.609881,4.439583
6.705000,0.326774,-0.050346,0.404141,0.978103,-0.208011,-0.002523,-0.006214,0.124347,3.392712,1.000000,-0.615077,4.427452
6.710000,0.326694,-0.049719,0.404254,0.978299,-0.207087,-0.002623,-0.006191,0.124345,3.395192,1.000000,-0.620283,4.415434
6.715000,0.326614,-0.049092,0.404368,0.978495,-0.206163,-0.002723,-0.006168,0.124344,3.397692,1.000000,-0.625460,4.403521
6.720000,0.326534,-0.048465,0.404481,0.978689,-0.205238,-0.002823,-0.006144,0.124342,3.400212,1.000000,-0.630628,4.391734
6.725000,0.326455,-0.047838,0.404595,0.978882,-0.204312,-0.002923,-0.006120,0.124340,3.402754,1.000000,-0.635785,4.380161
6.730000,0.326375,-0.047211,0.404708,0.979075,-0.203386,-0.003023,-0.006096,0.124339,3.405316,1.000000,-0.640939,4.368723
6.735000,0.326305,-0.046586,0.404834,0.979268,-0.202454,-0.003072,-0.006078,0.124337,3.407899,1.000000,-0.646163,4.356860
6.740000,0.326234,-0.045960,0.404960,0.979461,-0.201520,-0.003121,-0.006060,0.124336,3.410503,1.000000,-0.651438,4.345151
6.745000,0.326163,-0.045334,0.405086,0.979652,-0.200587,-0.003170,-0.006041,0.124334,3.413128,1.000000,-0.656732,4.333628
6.750000,0.326093,-0.044708,0.405212,0.979843,-0.199653,-0.003219,-0.006023,0.124332,3.415774,1.000000,-0.662033,4.322336
6.755000,0.326023,-0.044082,0.405338,0.980033,-0.198718,-0.003267,-0.006004,0.124331,3.418442,1.000000,-0.667344,4.311184
6.760000,0.325953,-0.043456,0.405465,0.980222,-0.197784,-0.003315,-0.005985,0.124329,3.421131,1.000000,-0.672660,4.300271
6.765000,0.325879,-0.042827,0.405584,0.980412,-0.196838,-0.003390,-0.005969,0.124327,3.423841,1.000000,-0.678088,4.289775
6.770000,0.325805,-0.042198,0.405703,0.980601,-0.195892,-0.003465,-0.005952,0.124325,3.426573,1.000000,-0.683562,4.279535
6.775000,0.325732,-0.041569,0.405822,0.980790,-0.194946,-0.003540,-0.005935,0.124324,3.429328,1.000000,-0.689083,4.269486
6.780000,0.325658,-0.040940,0.405941,0.980977,-0.193999,-0.003615,-0.005919,0.124322,3.432105,1.000000,-0.694650,4.259639
6.785000,0.325585,-0.040311,0.406060,0.981164,-0.193053,-0.003689,-0.005902,0.124320,3.434904,1.000000,-0.700263,4.250033
6.790000,0.325511,-0.039682,0.406180,0.981349,-0.192106,-0.003764,-0.005885,0.124318,3.437725,1.000000,-0.705918,4.240575
6.795000,0.325438,-0.039053,0.406299,0.981534,-0.191158,-0.003838,-0.005868,0.124317,3.440569,1.000000,-0.711579,4.231348
6.800000,0.325370,-0.038427,0.406410,0.981718,-0.190211,-0.003890,-0.005854,0.124315,3.443436,1.000000,-0.717230,4.222035
6.805000,0.325302,-0.037801,0.406520,0.981901,-0.189264,-0.003942,-0.005840,0.124313,3.446326,1.000000,-0.722949,4.213007
6.810000,0.325234,-0.037175,0.406631,0.982083,-0.188318,-0.003994,-0.005826,0.124311,3.449238,1.000000,-0.728711,4.204163
6.815000,0.325166,-0.036549,0.406742,0.982264,-0.187370,-0.004046,-0.005812,0.124310,3.452174,1.000000,-0.734564,4.195471
6.820000,0.325099,-0.035923,0.406853,0.982444,-0.186422,-0.004097,-0.005798,0.124308,3.455134,1.000000,-0.740610,4.186937
6.825000,0.325031,-0.035297,0.406963,0.982623,-0.185474,-0.004149,-0.005784,0.124306,3.458118,1.000000,-0.746853,4.178564
6.830000,0.324963,-0.034671,0.407074,0.982802,-0.184525,-0.004201,-0.005769,0.124304,3.461128,1.000000,-0.753254,4.170463
6.835000,0.324897,-0.034059,0.407170,0.982976,-0.183595,-0.004225,-0.005760,0.124303,3.464162,1.000000,-0.759455,4.162594
6.840000,0.324830,-0.033447,0.407266,0.983149,-0.182664,-0.004250,-0.005752,0.124301,3.467222,1.000000,-0.765694,4.154923
6.845000,0.324764,-0.032835,0.407362,0.983322,-0.181733,-0.004274,-0.005743,0.124299,3.470306,1.000000,-0.771981,4.147391
6.850000,0.324698,-0.032223,0.407457,0.983494,-0.180801,-0.004298,-0.005734,0.124297,3.473416,1.000000,-0.778303,4.140048
6.855000,0.324632,-0.031611,0.407553,0.983664,-0.179869,-0.004323,-0.005724,0.124296,3.476551,1.000000,-0.784652,4.132886
6.860000,0.324566,-0.030998,0.407649,0.983834,-0.178937,-0.004347,-0.005715,0.124294,3.479711,1.000000,-0.791018,4.125877
6.865000,0.324500,-0.030386,0.407745,0.984003,-0.178004,-0.004372,-0.005706,0.124292,3.482897,1.000000,-0.797386,4.119086
6.870000,0.324423,-0.029784,0.407816,0.984169,-0.177083,-0.004423,-0.005695,0.124291,3.486108,1.000000,-0.803460,4.113218
6.875000,0.324346,-0.029181,0.407887,0.984335,-0.176162,-0.004475,-0.005685,0.124289,3.489342,1.000000,-0.809445,4.107606
6.880000,0.324269,-0.028579,0.407958,0.984499,-0.175241,-0.004526,-0.005674,0.124287,3.492600,1.000000,-0.815389,4.102111
6.885000,0.324193,-0.027976,0.408029,0.984662,-0.174319,-0.004578,-0.005663,0.124286,3.495882,1.000000,-0.821302,4.096838
6.890000,0.324116,-0.027373,0.408100,0.984825,-0.173397,-0.004629,-0.005652,0.124284,3.499188,1.000000,-0.827192,4.091735
6.895000,0.324040,-0.026771,0.408171,0.984987,-0.172475,-0.004681,-0.005641,0.124282,3.502517,1.000000,-0.833053,4.086794
6.900000,0.323964,-0.026168,0.408242,0.985147,-0.171553,-0.004732,-0.005631,0.124280,3.505870,1.000000,-0.838881,4.082063
6.905000,0.323883,-0.025569,0.408288,0.985306,-0.170635,-0.004810,-0.005617,0.124279,3.509245,1.000000,-0.844516,4.077788
6.910000,0.323802,-0.024970,0.408334,0.985465,-0.169717,-0.004888,-0.005603,0.124277,3.512642,1.000000,-0.850034,4.073689
6.915000,0.323721,-0.024371,0.408379,0.985622,-0.168798,-0.004966,-0.005589,0.124275,3.516061,1.000000,-0.855504,4.069690
6.920000,0.323640,-0.023772,0.408425,0.985779,-0.167880,-0.005044,-0.005575,0.124274,3.519502,1.000000,-0.860959,4.065964
6.925000,0.323559,-0.023173,0.408471,0.985934,-0.166961,-0.005123,-0.005561,0.124272,3.522965,1.000000,-0.866381,4.062390
6.930000,0.323479,-0.022574,0.408517,0.986089,-0.166043,-0.005201,-0.005547,0.124270,3.526450,1.000000,-0.871754,4.058973
6.935000,0.323410,-0.021986,0.408546,0.986241,-0.165141,-0.005220,-0.005537,0.124269,3.529955,1.000000,-0.876790,4.055003
6.940000,0.323340,-0.021398,0.408575,0.986391,-0.164239,-0.005238,-0.005527,0.124267,3.533479,1.000000,-0.881702,4.051128
6.945000,0.323271,-0.020809,0.408604,0.986541,-0.163336,-0.005257,-0.005517,0.124265,3.537023,1.000000,-0.886461,4.047381
6.950000,0.323202,-0.020220,0.408633,0.986690,-0.162434,-0.005276,-0.005507,0.124264,3.540586,1.000000,-0.891122,4.043717
6.955000,0.323133,-0.019632,0.408662,0.986838,-0.161531,-0.005295,-0.005497,0.124262,3.544167,1.000000,-0.895719,4.040275
6.960000,0.323064,-0.019044,0.408691,0.986985,-0.160628,-0.005314,-0.005487,0.124260,3.547766,1.000000,-0.900230,4.036939
6.965000,0.322995,-0.018455,0.408720,0.987132,-0.159725,-0.005333,-0.005476,0.124258,3.551383,1.000000,-0.904648,4.033760
6.970000,0.322937,-0.017890,0.408732,0.987272,-0.158859,-0.005284,-0.005472,0.124257,3.555016,1.000000,-0.908366,4.029984
6.975000,0.322878,-0.017325,0.408743,0.987411,-0.157992,-0.005234,-0.005467,0.124255,3.558662,1.000000,-0.911847,4.026289
6.980000,0.322819,-0.016759,0.408755,0.987550,-0.157126,-0.005185,-0.005462,0.124254,3.562323,1.000000,-0.915147,4.022698
6.985000,0.322761,-0.016194,0.408766,0.987688,-0.156259,-0.005136,-0.005457,0.124252,3.565996,1.000000,-0.918307,4.019174
6.990000,0.322702,-0.015629,0.408778,0.987825,-0.155392,-0.005087,-0.005453,0.124251,3.569681,1.000000,-0.921378,4.015896
6.995000,0.322644,-0.015064,0.408789,0.987961,-0.154526,-0.005038,-0.005448,0.124249,3.573379,1.000000,-0.924348,4.012692
7.000000,0.322586,-0.014498,0.408801,0.988096,-0.153658,-0.004989,-0.005443,0.124248,3.577088,1.000000,-0.927191,4.009545
7.005000,0.322535,-0.013965,0.408791,0.988223,-0.152842,-0.004949,-0.005437,0.124246,3.580805,1.000000,-0.929041,4.005712
7.010000,0.322484,-0.013432,0.408782,0.988349,-0.152026,-0.004909,-0.005430,0.124245,3.584529,1.000000,-0.930584,4.001977
7.015000,0.322434,-0.012900,0.408772,0.988475,-0.151209,-0.004869,-0.005424,0.124244,3.588258,1.000000,-0.931954,3.998374
7.020000,0.322383,-0.012367,0.408762,0.988600,-0.150393,-0.004829,-0.005417,0.124243,3.591993,1.000000,-0.933196,3.994824
7.025000,0.322333,-0.011834,0.408753,0.988724,-0.149577,-0.004789,-0.005411,0.124241,3.595733,1.000000,-0.934342,3.991388
7.030000,0.322282,-0.011302,0.408743,0.988847,-0.148760,-0.004748,-0.005404,0.124240,3.599477,1.000000,-0.935420,3.988007
7.035000,0.322232,-0.010769,0.408733,0.988970,-0.147943,-0.004708,-0.005398,0.124239,3.603225,1.000000,-0.936431,3.984739
7.040000,0.322198,-0.010271,0.408713,0.989084,-0.147178,-0.004699,-0.005383,0.124238,3.606973,1.000000,-0.936471,3.980139
7.045000,0.322164,-0.009773,0.408693,0.989198,-0.146414,-0.004689,-0.005368,0.124237,3.610722,1.000000,-0.936221,3.975592
7.050000,0.322130,-0.009274,0.408673,0.989311,-0.145649,-0.004679,-0.005353,0.124236,3.614469,1.000000,-0.935817,3.971107
7.055000,0.322096,-0.008776,0.408653,0.989423,-0.144884,-0.004669,-0.005338,0.124235,3.618214,1.000000,-0.935333,3.966662
7.060000,0.322063,-0.008278,0.408633,0.989535,-0.144119,-0.004659,-0.005323,0.124234,3.621957,1.000000,-0.934797,3.962305
7.065000,0.322029,-0.007779,0.408613,0.989646,-0.143353,-0.004649,-0.005308,0.124233,3.625697,1.000000,-0.934246,3.957987
7.070000,0.321996,-0.007281,0.408593,0.989757,-0.142588,-0.004639,-0.005293,0.124232,3.629436,1.000000,-0.933711,3.953835
7.075000,0.321976,-0.006829,0.408572,0.989857,-0.141892,-0.004645,-0.005272,0.124231,3.633169,1.000000,-0.932006,3.948354
7.080000,0.321957,-0.006376,0.408551,0.989957,-0.141195,-0.004650,-0.005250,0.124231,3.636894,1.000000,-0.929950,3.942905
7.085000,0.321938,-0.005923,0.408529,0.990056,-0.140498,-0.004656,-0.005229,0.124230,3.640610,1.000000,-0.927711,3.937494
7.090000,0.321919,-0.005470,0.408508,0.990155,-0.139800,-0.004661,-0.005207,0.124230,3.644317,1.000000,-0.925400,3.932111
7.095000,0.321900,-0.005017,0.408487,0.990253,-0.139102,-0.004666,-0.005185,0.124229,3.648015,1.000000,-0.923045,3.926824
7.100000,0.321881,-0.004564,0.408465,0.990351,-0.138404,-0.004672,-0.005163,0.124229,3.651703,1.000000,-0.920694,3.921561
7.105000,0.321867,-0.004158,0.408446,0.990438,-0.137780,-0.004680,-0.005137,0.124228,3.655378,1.000000,-0.917139,3.915520
7.110000,0.321854,-0.003753,0.408428,0.990525,-0.137157,-0.004689,-0.005110,0.124228,3.659038,1.000000,-0.913242,3.909525
7.115000,0.321841,-0.003347,0.408409,0.990611,-0.136532,-0.004697,-0.005084,0.124228,3.662681,1.000000,-0.909185,3.903612
7.120000,0.321829,-0.002942,0.408390,0.990697,-0.135908,-0.004706,-0.005056,0.124228,3.666309,1.000000,-0.905071,3.897776
7.125000,0.321816,-0.002537,0.408371,0.990783,-0.135283,-0.004715,-0.005029,0.124228,3.669920,1.000000,-0.900952,3.891999
7.130000,0.321804,-0.002131,0.408353,0.990868,-0.134657,-0.004724,-0.005001,0.124228,3.673514,1.000000,-0.896851,3.886342
7.135000,0.321792,-0.001726,0.408334,0.990953,-0.134032,-0.004732,-0.004973,0.124228,3.677092,1.000000,-0.892779,3.880709
7.140000,0.321782,-0.001365,0.408313,0.991028,-0.133476,-0.004747,-0.004941,0.124228,3.680651,1.000000,-0.887566,3.874430
7.145000,0.321773,-0.001005,0.408293,0.991103,-0.132920,-0.004761,-0.004909,0.124228,3.684187,1.000000,-0.882057,3.868202
7.150000,0.321763,-0.000645,0.408273,0.991178,-0.132364,-0.004776,-0.004875,0.124229,3.687701,1.000000,-0.876438,3.862122
7.155000,0.321754,-0.000285,0.408252,0.991252,-0.131808,-0.004790,-0.004841,0.124229,3.691193,1.000000,-0.870793,3.856142
7.160000,0.321746,0.000075,0.408232,0.991326,-0.131251,-0.004805,-0.004806,0.124229,3.694662,1.000000,-0.865173,3.850282
7.165000,0.321738,0.000435,0.408211,0.991400,-0.130693,-0.004821,-0.004769,0.124230,3.698109,1.000000,-0.859597,3.844578
7.170000,0.321729,0.000795,0.408191,0.991473,-0.130137,-0.004836,-0.004737,0.124230,3.701534,1.000000,-0.854138,3.838863
7.175000,0.321721,0.001131,0.408167,0.991541,-0.129621,-0.004857,-0.004706,0.124231,3.704935,1.000000,-0.848185,3.832800
7.180000,0.321713,0.001467,0.408144,0.991608,-0.129105,-0.004878,-0.004675,0.124231,3.708312,1.000000,-0.842106,3.826753
7.185000,0.321706,0.001803,0.408120,0.991675,-0.128587,-0.004900,-0.004644,0.124232,3.711665,1.000000,-0.835990,3.820734
7.190000,0.321698,0.002139,0.408096,0.991742,-0.128070,-0.004921,-0.004613,0.124232,3.714993,1.000000,-0.829919,3.814727
7.190200,0.321698,0.002152,0.408095,0.991745,-0.128050,-0.004922,-0.004612,0.124232,3.715126,1.000000,-0.828359,3.814489
