{
  "skill_name": "circle_1",
  "match_ms": 285.125,
  "j_end": 408,
  "s": 0.94145767,
  "t": [
    0.04068696,
    -0.05121579,
    0.02427777
  ],
  "R": [
    [
      0.978686,
      -0.20530225,
      0.00497022
    ],
    [
      0.20530938,
      0.97869665,
      -0.00096568
    ],
    [
      -0.00466609,
      0.00196553,
      0.99998718
    ]
  ]
}
