{
  "skill_name": "line1_4",
  "match_ms": 650.246,
  "j_end": 438,
  "s": 0.81532762,
  "t": [
    0.81432229,
    0.05149316,
    0.03020808
  ],
  "R": [
    [
      -0.9985147,
      -0.01733919,
      0.05165032
    ],
    [
      -0.00132506,
      -0.93999817,
      -0.34117692
    ],
    [
      0.05446693,
      -0.34073861,
      0.93857901
    ]
  ]
}
