time,x,y,z,qx,qy,qz,qw,alpha,tank_energy,passivity_lambda,passivity_power,autonomy_wrench_norm
0.000000,0.532059,-0.170724,0.404680,0.848412,-0.516939,-0.105926,0.041853,0.000000,2.000000,1.000000,0.000000,0.000000
0.005000,0.532059,-0.170724,0.404680,0.848412,-0.516939,-0.105926,0.041853,0.000000,2.000000,1.000000,0.000000,0.000000
0.010000,0.532059,-0.170724,0.404680,0.848412,-0.516939,-0.105926,0.041853,0.000000,2.000000,1.000000,0.000000,0.000000
0.015000,0.532059,-0.170724,0.404680,0.848411,-0.516939,-0.105926,0.041853,0.000000,2.000000,1.000000,-0.000000,0.000000
0.020000,0.532059,-0.170725,0.404679,0.848411,-0.516939,-0.105926,0.041853,0.000000,2.000000,1.000000,0.000000,0.000000
0.025000,0.532058,-0.170725,0.404679,0.848411,-0.516940,-0.105927,0.041853,0.000000,2.000000,1.000000,-0.000000,0.000000
0.030000,0.532058,-0.170725,0.404679,0.848411,-0.516940,-0.105927,0.041853,0.000000,2.000000,1.000000,-0.000000,0.000000
0.035000,0.532058,-0.170725,0.404678,0.848411,-0.516940,-0.105928,0.041853,0.000000,2.000000,1.000000,0.000000,0.000000
0.040000,0.532058,-0.170725,0.404677,0.848410,-0.516941,-0.105929,0.041853,0.000000,2.000000,1.000000,0.000000,0.000000
0.045000,0.532057,-0.170726,0.404677,0.848410,-0.516941,-0.105930,0.041853,0.000000,2.000000,1.000000,-0.000000,0.000000
0.050000,0.532057,-0.170726,0.404676,0.848409,-0.516942,-0.105932,0.041852,0.000000,2.000000,1.000000,-0.000000,0.000000
0.055000,0.532056,-0.170727,0.404675,0.848408,-0.516943,-0.105933,0.041852,0.000000,2.000000,1.000000,-0.000000,0.000000
0.060000,0.532056,-0.170727,0.404673,0.848408,-0.516944,-0.105935,0.041852,0.000000,2.000000,1.000000,0.000000,0.000000
0.065000,0.532055,-0.170728,0.404672,0.848407,-0.516945,-0.105937,0.041852,0.000000,2.000000,1.000000,0.000000,0.000000
0.070000,0.532054,-0.170729,0.404671,0.848406,-0.516946,-0.105939,0.041851,0.000000,2.000000,1.000000,-0.000000,0.000000
0.075000,0.532053,-0.170730,0.404669,0.848405,-0.516947,-0.105942,0.041851,0.000000,2.000000,1.000000,0.000000,0.000000
0.080000,0.532052,-0.170731,0.404667,0.848404,-0.516948,-0.105944,0.041851,0.000000,2.000000,1.000000,0.000000,0.000000
0.085000,0.532051,-0.170732,0.404665,0.848402,-0.516950,-0.105947,0.041850,0.000000,2.000000,1.000000,-0.000000,0.000000
0.090000,0.532050,-0.170733,0.404663,0.848401,-0.516952,-0.105950,0.041850,0.000000,2.000000,1.000000,-0.000000,0.000000
0.095000,0.532049,-0.170735,0.404661,0.848399,-0.516953,-0.105954,0.041850,0.000000,2.000000,1.000000,-0.000000,0.000000
0.100000,0.532048,-0.170736,0.404658,0.848398,-0.516955,-0.105957,0.041849,0.000000,2.000000,1.000000,0.000000,0.000000
0.105000,0.532046,-0.170738,0.404655,0.848396,-0.516958,-0.105961,0.041849,0.000000,2.000000,1.000000,-0.000000,0.000000
0.110000,0.532045,-0.170740,0.404653,0.848394,-0.516960,-0.105965,0.041848,0.000000,2.000000,1.000000,0.000000,0.000000
0.115000,0.532043,-0.170742,0.404649,0.848392,-0.516963,-0.105969,0.041848,0.000000,2.000000,1.000000,-0.000000,0.000000
0.120000,0.532041,-0.170745,0.404646,0.848390,-0.516966,-0.105974,0.041847,0.000000,2.000000,1.000000,0.000000,0.000000
0.125000,0.532039,-0.170747,0.404643,0.848387,-0.516969,-0.105979,0.041846,0.000000,2.000000,1.000000,-0.000000,0.000000
0.130000,0.532037,-0.170750,0.404639,0.848385,-0.516972,-0.105984,0.041846,0.000000,2.000000,1.000000,-0.000000,0.000000
0.135000,0.532035,-0.170752,0.404635,0.848382,-0.516975,-0.105990,0.041845,0.000000,2.000000,1.000000,0.000000,0.000000
0.140000,0.532033,-0.170755,0.404631,0.848379,-0.516978,-0.105996,0.041844,0.000000,2.000000,1.000000,0.000000,0.000000
0.145000,0.532031,-0.170759,0.404626,0.848376,-0.516982,-0.106002,0.041843,0.000000,2.000000,1.000000,0.000000,0.000000
0.150000,0.532028,-0.170762,0.404621,0.848373,-0.516986,-0.106009,0.041842,0.000000,2.000000,1.000000,0.000000,0.000000
0.155000,0.532026,-0.170765,0.404615,0.848370,-0.516990,-0.106016,0.041841,0.000000,2.000000,1.000000,-0.000000,0.000000
0.160000,0.532023,-0.170769,0.404610,0.848367,-0.516994,-0.106023,0.041840,0.000000,2.000000,1.000000,-0.000000,0.000000
0.165000,0.532021,-0.170773,0.404604,0.848363,-0.516998,-0.106031,0.041839,0.000000,2.000000,1.000000,0.000000,0.000000
0.170000,0.532018,-0.170777,0.404597,0.848360,-0.517002,-0.106039,0.041837,0.000000,2.000000,1.000000,-0.000000,0.000000
0.175000,0.532016,-0.170782,0.404591,0.848356,-0.517007,-0.106047,0.041836,0.000000,2.000000,1.000000,0.000000,0.000000
0.180000,0.532013,-0.170787,0.404584,0.848352,-0.517012,-0.106055,0.041835,0.000000,2.000000,1.000000,0.000000,0.000000
0.185000,0.532010,-0.170792,0.404577,0.848347,-0.517018,-0.106064,0.041835,0.000000,2.000000,1.000000,0.000000,0.000000
0.190000,0.532007,-0.170798,0.404570,0.848343,-0.517023,-0.106073,0.041834,0.000000,2.000000,1.000000,-0.000000,0.000000
0.195000,0.532003,-0.170805,0.404563,0.848338,-0.517030,-0.106081,0.041834,0.000000,2.000000,1.000000,-0.000000,0.000000
0.200000,0.532000,-0.170812,0.404556,0.848332,-0.517037,-0.106090,0.041833,0.000000,2.000000,1.000000,0.000000,0.000000
0.205000,0.531996,-0.170820,0.404549,0.848327,-0.517045,-0.106098,0.041833,0.000000,2.000000,1.000000,0.000000,0.000000
0.210000,0.531992,-0.170829,0.404542,0.848321,-0.517053,-0.106107,0.041834,0.000000,2.000000,1.000000,0.000000,0.000000
0.215000,0.531988,-0.170838,0.404535,0.848314,-0.517062,-0.106115,0.041834,0.000000,2.000000,1.000000,-0.000000,0.000000
0.220000,0.531983,-0.170848,0.404528,0.848307,-0.517071,-0.106124,0.041835,0.000000,2.000000,1.000000,0.000000,0.000000
0.225000,0.531979,-0.170859,0.404520,0.848300,-0.517081,-0.106132,0.041836,0.000000,2.000000,1.000000,-0.000000,0.000000
0.230000,0.531974,-0.170871,0.404513,0.848292,-0.517092,-0.106140,0.041837,0.000000,2.000000,1.000000,0.000000,0.000000
0.235000,0.531968,-0.170883,0.404507,0.848284,-0.517103,-0.106148,0.041838,0.000000,2.000000,1.000000,-0.000000,0.000000
0.240000,0.531963,-0.170897,0.404500,0.848276,-0.517116,-0.106156,0.041840,0.000000,2.000000,1.000000,0.000000,0.000000
0.245000,0.531957,-0.170911,0.404493,0.848267,-0.517129,-0.106164,0.041842,0.000000,2.000000,1.000000,0.000000,0.000000
0.250000,0.531951,-0.170926,0.404486,0.848257,-0.517142,-0.106171,0.041843,0.000000,2.000000,1.000000,-0.000000,0.000000
0.255000,0.531945,-0.170943,0.404480,0.848248,-0.517157,-0.106179,0.041845,0.000000,2.000000,1.000000,0.000000,0.000000
0.260000,0.531938,-0.170960,0.404474,0.848237,-0.517172,-0.106186,0.041847,0.000000,2.000000,1.000000,-0.000000,0.000000
0.265000,0.531931,-0.170978,0.404468,0.848227,-0.517188,-0.106193,0.041849,0.000000,2.000000,1.000000,0.000000,0.000000
0.270000,0.531924,-0.170997,0.404461,0.848215,-0.517205,-0.106200,0.041852,0.000000,2.000000,1.000000,-0.000000,0.000000
0.275000,0.531916,-0.171017,0.404456,0.848204,-0.517222,-0.106207,0.041854,0.000000,2.000000,1.000000,-0.000000,0.000000
0.280000,0.531908,-0.171038,0.404450,0.848191,-0.517241,-0.106214,0.041856,0.000000,2.000000,1.000000,-0.000000,0.000000
0.285000,0.531899,-0.171060,0.404444,0.848179,-0.517260,-0.106221,0.041858,0.000000,2.000000,1.000000,-0.000000,0.000000
0.290000,0.531891,-0.171083,0.404438,0.848166,-0.517280,-0.106228,0.041860,0.000000,2.000000,1.000000,0.000000,0.000000
0.295000,0.531882,-0.171107,0.404433,0.848152,-0.517300,-0.106235,0.041862,0.000000,2.000000,1.000000,0.000000,0.000000
0.300000,0.531872,-0.171132,0.404427,0.848138,-0.517322,-0.106241,0.041864,0.000000,2.000000,1.000000,-0.000000,0.000000
0.305000,0.531863,-0.171159,0.404422,0.848123,-0.517345,-0.106248,0.041866,0.000000,2.000000,1.000000,-0.000000,0.000000
0.310000,0.531852,-0.171186,0.404416,0.848108,-0.517368,-0.106255,0.041867,0.000000,2.000000,1.000000,0.000000,0.000000
0.315000,0.531842,-0.171215,0.404411,0.848092,-0.517392,-0.106262,0.041869,0.000000,2.000000,1.000000,-0.000000,0.000000
0.320000,0.531831,-0.171245,0.404406,0.848076,-0.517417,-0.106268,0.041870,0.000000,2.000000,1.000000,0.000000,0.000000
0.325000,0.531820,-0.171276,0.404401,0.848059,-0.517444,-0.106275,0.041871,0.000000,2.000000,1.000000,-0.000000,0.000000
0.330000,0.531808,-0.171308,0.404396,0.848042,-0.517471,-0.106281,0.041872,0.000000,2.000000,1.000000,0.000000,0.000000
0.335000,0.531796,-0.171342,0.404391,0.848024,-0.517499,-0.106288,0.041873,0.000000,2.000000,1.000000,-0.000000,0.000000
0.340000,0.531783,-0.171378,0.404386,0.848005,-0.517529,-0.106295,0.041874,0.000000,2.000000,1.000000,-0.000000,0.000000
0.345000,0.531770,-0.171415,0.404381,0.847985,-0.517559,-0.106301,0.041875,0.000000,2.000000,1.000000,-0.000000,0.000000
0.350000,0.531756,-0.171453,0.404376,0.847965,-0.517591,-0.106308,0.041875,0.000000,2.000000,1.000000,-0.000000,0.000000
0.355000,0.531742,-0.171493,0.404371,0.847944,-0.517624,-0.106314,0.041876,0.000000,2.000000,1.000000,-0.000000,0.000000
0.360000,0.531727,-0.171534,0.404367,0.847923,-0.517658,-0.106321,0.041876,0.000000,2.000000,1.000000,-0.000000,0.000000
0.365000,0.531712,-0.171578,0.404362,0.847900,-0.517693,-0.106328,0.041876,0.000000,2.000000,1.000000,0.000000,0.000000
0.370000,0.531696,-0.171623,0.404357,0.847877,-0.517730,-0.106334,0.041876,0.000000,2.000000,1.000000,0.000000,0.000000
0.375000,0.531679,-0.171669,0.404353,0.847853,-0.517768,-0.106341,0.041876,0.000000,2.000000,1.000000,0.000000,0.000000
0.380000,0.531662,-0.171718,0.404348,0.847828,-0.517808,-0.106348,0.041875,0.000000,2.000000,1.000000,0.000000,0.000000
0.385000,0.531645,-0.171768,0.404343,0.847802,-0.517849,-0.106355,0.041875,0.000000,2.000000,1.000000,-0.000000,0.000000
0.390000,0.531626,-0.171820,0.404339,0.847775,-0.517891,-0.106362,0.041875,0.000000,2.000000,1.000000,0.000000,0.000000
0.395000,0.531607,-0.171875,0.404334,0.847747,-0.517935,-0.106369,0.041874,0.000000,2.000000,1.000000,0.000000,0.000000
0.400000,0.531588,-0.171931,0.404329,0.847718,-0.517981,-0.106377,0.041873,0.000000,2.000000,1.000000,0.000000,0.000000
0.405000,0.531567,-0.171989,0.404324,0.847688,-0.518028,-0.106385,0.041873,0.000000,2.000000,1.000000,0.000000,0.000000
0.410000,0.531546,-0.172050,0.404318,0.847657,-0.518078,-0.106393,0.041872,0.000000,2.000000,1.000000,0.000000,0.000000
0.415000,0.531524,-0.172113,0.404312,0.847625,-0.518129,-0.106401,0.041872,0.000000,2.000000,1.000000,-0.000000,0.000000
0.420000,0.531502,-0.172178,0.404306,0.847592,-0.518181,-0.106410,0.041872,0.000000,2.000000,1.000000,0.000000,0.000000
0.425000,0.531478,-0.172245,0.404300,0.847557,-0.518236,-0.106420,0.041871,0.000000,2.000000,1.000000,0.000000,0.000000
0.430000,0.531454,-0.172315,0.404292,0.847521,-0.518292,-0.106430,0.041870,0.000000,2.000000,1.000000,-0.000000,0.000000
0.435000,0.531429,-0.172388,0.404284,0.847484,-0.518351,-0.106441,0.041870,0.000000,2.000000,1.000000,-0.000000,0.000000
0.440000,0.531402,-0.172463,0.404275,0.847446,-0.518411,-0.106454,0.041870,0.000000,2.000000,1.000000,0.000000,0.000000
0.445000,0.531375,-0.172541,0.404265,0.847405,-0.518474,-0.106468,0.041871,0.000000,2.000000,1.000000,0.000000,0.000000
0.450000,0.531346,-0.172622,0.404254,0.847363,-0.518540,-0.106485,0.041872,0.000000,2.000000,1.000000,0.000000,0.000000
0.455000,0.531316,-0.172705,0.404242,0.847319,-0.518607,-0.106503,0.041874,0.000000,2.000000,1.000000,-0.000000,0.000000
0.460000,0.531284,-0.172792,0.404229,0.847273,-0.518678,-0.106524,0.041877,0.000000,2.000000,1.000000,-0.000000,0.000000
0.465000,0.531251,-0.172883,0.404213,0.847226,-0.518751,-0.106547,0.041882,0.000000,2.000000,1.000000,0.000000,0.000000
0.470000,0.531215,-0.172976,0.404197,0.847176,-0.518826,-0.106574,0.041887,0.000000,2.000000,1.000000,0.000000,0.000000
0.475000,0.531178,-0.173073,0.404178,0.847123,-0.518905,-0.106604,0.041894,0.000000,2.000000,1.000000,-0.000000,0.000000
0.480000,0.531139,-0.173173,0.404157,0.847069,-0.518986,-0.106637,0.041901,0.000000,2.000000,1.000000,-0.000000,0.000000
0.485000,0.531098,-0.173276,0.404134,0.847012,-0.519071,-0.106674,0.041909,0.000000,2.000000,1.000000,0.000000,0.000000
0.490000,0.531054,-0.173383,0.404108,0.846953,-0.519158,-0.106715,0.041916,0.000000,2.000000,1.000000,0.000000,0.000000
0.495000,0.531008,-0.173494,0.404079,0.846892,-0.519249,-0.106760,0.041925,0.000000,2.000000,1.000000,-0.000000,0.000000
0.500000,0.530960,-0.173607,0.404047,0.846827,-0.519343,-0.106809,0.041933,0.000000,2.000000,1.000000,-0.000000,0.000000
0.505000,0.530909,-0.173725,0.404012,0.846760,-0.519440,-0.106864,0.041941,0.000000,2.000000,1.000000,-0.000000,0.000000
0.510000,0.530855,-0.173846,0.403973,0.846691,-0.519541,-0.106922,0.041950,0.000000,2.000000,1.000000,-0.000000,0.000000
0.515000,0.530798,-0.173971,0.403930,0.846618,-0.519646,-0.106986,0.041958,0.000000,2.000000,1.000000,-0.000000,0.000000
0.520000,0.530739,-0.174099,0.403884,0.846543,-0.519753,-0.107055,0.041965,0.000000,2.000000,1.000000,-0.000000,0.000000
0.525000,0.530676,-0.174231,0.403833,0.846465,-0.519865,-0.107128,0.041972,0.000000,2.000000,1.000000,-0.000000,0.000000
0.530000,0.530611,-0.174366,0.403779,0.846384,-0.519980,-0.107207,0.041978,0.000000,2.000000,1.000000,0.000000,0.000000
0.535000,0.530543,-0.174506,0.403719,0.846299,-0.520099,-0.107292,0.041983,0.000000,2.000000,1.000000,-0.000000,0.000000
0.540000,0.530471,-0.174649,0.403656,0.846212,-0.520222,-0.107382,0.041988,0.000000,2.000000,1.000000,-0.000000,0.000000
0.545000,0.530396,-0.174795,0.403588,0.846122,-0.520349,-0.107477,0.041991,0.000000,2.000000,1.000000,0.000000,0.000000
0.550000,0.530318,-0.174946,0.403515,0.846029,-0.520479,-0.107578,0.041994,0.000000,2.000000,1.000000,-0.000000,0.000000
0.555000,0.530237,-0.175100,0.403437,0.845933,-0.520613,-0.107685,0.041996,0.000000,2.000000,1.000000,0.000000,0.000000
0.560000,0.530153,-0.175258,0.403354,0.845834,-0.520751,-0.107797,0.041997,0.000000,2.000000,1.000000,-0.000000,0.000000
0.565000,0.530066,-0.175419,0.403266,0.845731,-0.520893,-0.107914,0.041997,0.000000,2.000000,1.000000,0.000000,0.000000
0.570000,0.529975,-0.175584,0.403174,0.845626,-0.521039,-0.108037,0.041996,0.000000,2.000000,1.000000,-0.000000,0.000000
0.575000,0.529881,-0.175753,0.403076,0.845517,-0.521189,-0.108166,0.041994,0.000000,2.000000,1.000000,-0.000000,0.000000
0.580000,0.529784,-0.175926,0.402973,0.845405,-0.521342,-0.108300,0.041991,0.000000,2.000000,1.000000,-0.000000,0.000000
0.585000,0.529684,-0.176102,0.402865,0.845290,-0.521500,-0.108440,0.041987,0.000000,2.000000,1.000000,0.000000,0.000000
0.590000,0.529580,-0.176282,0.402753,0.845172,-0.521661,-0.108585,0.041982,0.000000,2.000000,1.000000,-0.000000,0.000000
0.595000,0.529473,-0.176466,0.402635,0.845051,-0.521827,-0.108736,0.041977,0.000000,2.000000,1.000000,0.000000,0.000000
0.600000,0.529363,-0.176654,0.402512,0.844927,-0.521996,-0.108891,0.041970,0.000000,2.000000,1.000000,-0.000000,0.000000
0.605000,0.529250,-0.176845,0.402384,0.844800,-0.522169,-0.109052,0.041963,0.000000,2.000000,1.000000,-0.000000,0.000000
0.610000,0.529133,-0.177039,0.402252,0.844669,-0.522346,-0.109218,0.041955,0.000000,2.000000,1.000000,-0.000000,0.000000
0.615000,0.529014,-0.177238,0.402115,0.844535,-0.522527,-0.109389,0.041947,0.000000,2.000000,1.000000,0.000000,0.000000
0.620000,0.528890,-0.177439,0.401972,0.844399,-0.522712,-0.109566,0.041937,0.000000,2.000000,1.000000,0.000000,0.000000
0.625000,0.528764,-0.177645,0.401825,0.844259,-0.522900,-0.109747,0.041928,0.000000,2.000000,1.000000,-0.000000,0.000000
0.630000,0.528634,-0.177854,0.401674,0.844116,-0.523093,-0.109933,0.041918,0.000000,2.000000,1.000000,-0.000000,0.000000
0.635000,0.528502,-0.178066,0.401518,0.843970,-0.523289,-0.110123,0.041907,0.000000,2.000000,1.000000,0.000000,0.000000
0.640000,0.528366,-0.178282,0.401357,0.843821,-0.523489,-0.110318,0.041896,0.000000,2.000000,1.000000,0.000000,0.000000
0.645000,0.528227,-0.178501,0.401192,0.843669,-0.523693,-0.110518,0.041884,0.000000,2.000000,1.000000,-0.000000,0.000000
0.650000,0.528084,-0.178724,0.401023,0.843514,-0.523901,-0.110722,0.041872,0.000000,2.000000,1.000000,-0.000000,0.000000
0.655000,0.527939,-0.178949,0.400850,0.843356,-0.524112,-0.110930,0.041860,0.000000,2.000000,1.000000,-0.000000,0.000000
0.660000,0.527790,-0.179178,0.400673,0.843195,-0.524327,-0.111142,0.041847,0.000000,2.000000,1.000000,-0.000000,0.000000
0.665000,0.527639,-0.179410,0.400491,0.843032,-0.524545,-0.111359,0.041833,0.000000,2.000000,1.000000,0.000000,0.000000
0.670000,0.527484,-0.179645,0.400306,0.842865,-0.524766,-0.111579,0.041820,0.000000,2.000000,1.000000,0.000000,0.000000
0.675000,0.527327,-0.179883,0.400118,0.842696,-0.524991,-0.111802,0.041806,0.000000,2.000000,1.000000,0.000000,0.000000
0.680000,0.527166,-0.180123,0.399926,0.842525,-0.525218,-0.112029,0.041791,0.000000,2.000000,1.000000,0.000000,0.000000
0.685000,0.527003,-0.180367,0.399731,0.842353,-0.525447,-0.112260,0.041776,0.000000,2.000000,1.000000,0.000000,0.000000
0.690000,0.526837,-0.180613,0.399532,0.842181,-0.525674,-0.112493,0.041761,0.000000,2.000000,1.000000,0.000000,0.000000
0.695000,0.526668,-0.180863,0.399331,0.842009,-0.525899,-0.112729,0.041747,0.000000,2.000000,1.000000,0.000000,0.000000
0.700000,0.526495,-0.181115,0.399127,0.841839,-0.526121,-0.112968,0.041732,0.000000,2.000000,1.000000,-0.000000,0.000000
0.705000,0.526319,-0.181372,0.398921,0.841671,-0.526340,-0.113210,0.041719,0.000000,2.000000,1.000000,-0.000000,0.000000
0.710000,0.526139,-0.181631,0.398713,0.841504,-0.526555,-0.113454,0.041707,0.000000,2.000000,1.000000,0.000000,0.000000
0.715000,0.525955,-0.181894,0.398503,0.841339,-0.526766,-0.113700,0.041696,0.000000,2.000000,1.000000,-0.000000,0.000000
0.720000,0.525767,-0.182161,0.398290,0.841176,-0.526973,-0.113948,0.041686,0.000000,2.000000,1.000000,0.000000,0.000000
0.725000,0.525574,-0.182431,0.398077,0.841015,-0.527177,-0.114199,0.041677,0.000000,2.000000,1.000000,-0.000000,0.000000
0.730000,0.525378,-0.182704,0.397862,0.840856,-0.527376,-0.114451,0.041669,0.000000,2.000000,1.000000,-0.000000,0.000000
0.735000,0.525177,-0.182981,0.397645,0.840699,-0.527571,-0.114705,0.041663,0.000000,2.000000,1.000000,0.000000,0.000000
0.740000,0.524971,-0.183260,0.397428,0.840545,-0.527762,-0.114960,0.041658,0.000000,2.000000,1.000000,0.000000,0.000000
0.745000,0.524761,-0.183543,0.397210,0.840392,-0.527949,-0.115217,0.041654,0.000000,2.000000,1.000000,0.000000,0.000000
0.750000,0.524546,-0.183829,0.396991,0.840242,-0.528133,-0.115475,0.041651,0.000000,2.000000,1.000000,-0.000000,0.000000
0.755000,0.524327,-0.184118,0.396772,0.840094,-0.528312,-0.115734,0.041648,0.000000,2.000000,1.000000,-0.000000,0.000000
0.760000,0.524102,-0.184410,0.396553,0.839948,-0.528487,-0.115993,0.041647,0.000000,2.000000,1.000000,0.000000,0.000000
0.765000,0.523873,-0.184704,0.396334,0.839804,-0.528659,-0.116253,0.041646,0.000000,2.000000,1.000000,0.000000,0.000000
0.770000,0.523640,-0.185001,0.396115,0.839663,-0.528826,-0.116513,0.041645,0.000000,2.000000,1.000000,0.000000,0.000000
0.775000,0.523401,-0.185300,0.395896,0.839523,-0.528990,-0.116773,0.041645,0.000000,2.000000,1.000000,0.000000,0.000000
0.780000,0.523158,-0.185601,0.395678,0.839386,-0.529151,-0.117033,0.041645,0.000000,2.000000,1.000000,0.000000,0.000000
0.785000,0.522910,-0.185904,0.395461,0.839250,-0.529308,-0.117293,0.041646,0.000000,2.000000,1.000000,0.000000,0.000000
0.790000,0.522657,-0.186209,0.395245,0.839117,-0.529462,-0.117553,0.041646,0.000000,2.000000,1.000000,-0.000000,0.000000
0.795000,0.522399,-0.186515,0.395031,0.838986,-0.529612,-0.117811,0.041647,0.000000,2.000000,1.000000,-0.000000,0.000000
0.800000,0.522137,-0.186823,0.394818,0.838857,-0.529759,-0.118069,0.041648,0.000000,2.000000,1.000000,0.000000,0.000000
0.805000,0.521870,-0.187131,0.394606,0.838729,-0.529903,-0.118326,0.041648,0.000000,2.000000,1.000000,0.000000,0.000000
0.810000,0.521598,-0.187441,0.394397,0.838604,-0.530044,-0.118582,0.041648,0.000000,2.000000,1.000000,-0.000000,0.000000
0.815000,0.521322,-0.187751,0.394190,0.838481,-0.530182,-0.118836,0.041648,0.000000,2.000000,1.000000,-0.000000,0.000000
0.820000,0.521042,-0.188062,0.393986,0.838360,-0.530317,-0.119088,0.041648,0.000000,2.000000,1.000000,-0.000000,0.000000
0.825000,0.520757,-0.188374,0.393785,0.838240,-0.530450,-0.119338,0.041647,0.000000,2.000000,1.000000,-0.000000,0.000000
0.830000,0.520468,-0.188685,0.393586,0.838123,-0.530580,-0.119586,0.041645,0.000000,2.000000,1.000000,0.000000,0.000000
0.835000,0.520175,-0.188996,0.393392,0.838007,-0.530707,-0.119832,0.041643,0.000000,2.000000,1.000000,0.000000,0.000000
0.840000,0.519878,-0.189306,0.393200,0.837894,-0.530832,-0.120075,0.041640,0.000000,2.000000,1.000000,0.000000,0.000000
0.845000,0.519577,-0.189616,0.393013,0.837782,-0.530954,-0.120315,0.041637,0.000000,2.000000,1.000000,0.000000,0.000000
0.850000,0.519272,-0.189925,0.392830,0.837672,-0.531074,-0.120552,0.041632,0.000000,2.000000,1.000000,0.000000,0.000000
0.855000,0.518963,-0.190232,0.392652,0.837563,-0.531193,-0.120786,0.041627,0.000000,2.000000,1.000000,-0.000000,0.000000
0.860000,0.518651,-0.190538,0.392479,0.837457,-0.531309,-0.121017,0.041621,0.000000,2.000000,1.000000,0.000000,0.000000
0.865000,0.518336,-0.190843,0.392310,0.837352,-0.531423,-0.121244,0.041613,0.000000,2.000000,1.000000,0.000000,0.000000
0.870000,0.518017,-0.191145,0.392148,0.837249,-0.531535,-0.121467,0.041605,0.000000,2.000000,1.000000,-0.000000,0.000000
0.875000,0.517695,-0.191444,0.391990,0.837147,-0.531645,-0.121687,0.041595,0.000000,2.000000,1.000000,-0.000000,0.000000
0.880000,0.517370,-0.191742,0.391839,0.837047,-0.531754,-0.121902,0.041584,0.000000,2.000000,1.000000,0.000000,0.000000
0.885000,0.517042,-0.192036,0.391694,0.836949,-0.531861,-0.122113,0.041572,0.000000,2.000000,1.000000,0.000000,0.000000
0.890000,0.516712,-0.192327,0.391556,0.836853,-0.531966,-0.122321,0.041559,0.000000,2.000000,1.000000,0.000000,0.000000
0.895000,0.516379,-0.192614,0.391424,0.836758,-0.532070,-0.122523,0.041544,0.000000,2.000000,1.000000,0.000000,0.000000
0.900000,0.516044,-0.192898,0.391299,0.836664,-0.532173,-0.122722,0.041527,0.000000,2.000000,1.000000,-0.000000,0.000000
0.905000,0.515706,-0.193178,0.391180,0.836573,-0.532273,-0.122917,0.041509,0.000000,2.000000,1.000000,-0.000000,0.000000
0.910000,0.515368,-0.193453,0.391067,0.836483,-0.532371,-0.123109,0.041487,0.000000,2.000000,1.000000,0.000000,0.000000
0.915000,0.515028,-0.193723,0.390960,0.836396,-0.532465,-0.123299,0.041463,0.000000,2.000000,1.000000,0.000000,0.000000
0.920000,0.514688,-0.193988,0.390858,0.836311,-0.532558,-0.123486,0.041435,0.000000,2.000000,1.000000,0.000000,0.000000
0.925000,0.514347,-0.194248,0.390761,0.836228,-0.532648,-0.123670,0.041405,0.000000,2.000000,1.000000,0.000000,0.000000
0.930000,0.514006,-0.194503,0.390671,0.836146,-0.532737,-0.123851,0.041372,0.000000,2.000000,1.000000,0.000000,0.000000
0.935000,0.513664,-0.194753,0.390588,0.836066,-0.532824,-0.124029,0.041337,0.000000,2.000000,1.000000,-0.000000,0.000000
0.940000,0.513322,-0.194998,0.390512,0.835987,-0.532911,-0.124201,0.041300,0.000000,2.000000,1.000000,-0.000000,0.000000
0.945000,0.512981,-0.195238,0.390443,0.835910,-0.532996,-0.124368,0.041261,0.000000,2.000000,1.000000,0.000000,0.000000
0.950000,0.512639,-0.195472,0.390382,0.835835,-0.533080,-0.124529,0.041222,0.000000,2.000000,1.000000,0.000000,0.000000
0.955000,0.512299,-0.195702,0.390328,0.835760,-0.533163,-0.124684,0.041182,0.000000,2.000000,1.000000,0.000000,0.000000
0.960000,0.511958,-0.195926,0.390283,0.835688,-0.533245,-0.124832,0.041140,0.000000,2.000000,1.000000,0.000000,0.000000
0.965000,0.511618,-0.196145,0.390246,0.835617,-0.533326,-0.124974,0.041099,0.000000,2.000000,1.000000,-0.000000,0.000000
0.970000,0.511280,-0.196360,0.390219,0.835547,-0.533407,-0.125109,0.041058,0.000000,2.000000,1.000000,-0.000000,0.000000
0.975000,0.510942,-0.196572,0.390200,0.835479,-0.533487,-0.125236,0.041017,0.000000,2.000000,1.000000,0.000000,0.000000
0.980000,0.510607,-0.196780,0.390191,0.835412,-0.533567,-0.125355,0.040979,0.000000,2.000000,1.000000,-0.000000,0.000000
0.985000,0.510273,-0.196986,0.390191,0.835347,-0.533646,-0.125466,0.040941,0.000000,2.000000,1.000000,0.000000,0.000000
0.990000,0.509941,-0.197188,0.390201,0.835283,-0.533724,-0.125570,0.040905,0.000000,2.000000,1.000000,0.000000,0.000000
0.995000,0.509611,-0.197388,0.390221,0.835220,-0.533802,-0.125666,0.040870,0.000000,2.000000,1.000000,0.000000,0.000000
1.000000,0.509283,-0.197584,0.390250,0.835159,-0.533880,-0.125754,0.040836,0.000000,2.000000,1.000000,0.000000,0.000000
1.005000,0.508957,-0.197776,0.390288,0.835099,-0.533957,-0.125834,0.040805,0.000000,2.000000,1.000000,0.000000,0.000000
1.010000,0.508632,-0.197966,0.390336,0.835040,-0.534035,-0.125906,0.040775,0.000000,2.000000,1.000000,-0.000000,0.000000
1.015000,0.508307,-0.198150,0.390393,0.834981,-0.534114,-0.125973,0.040747,0.000000,2.000000,1.000000,0.000000,0.000000
1.020000,0.507983,-0.198329,0.390459,0.834922,-0.534193,-0.126035,0.040719,0.000000,2.000000,1.000000,0.000000,0.000000
1.025000,0.507658,-0.198503,0.390533,0.834864,-0.534272,-0.126093,0.040691,0.000000,2.000000,1.000000,-0.000000,0.000000
1.030000,0.507334,-0.198671,0.390617,0.834806,-0.534351,-0.126148,0.040663,0.000000,2.000000,1.000000,-0.000000,0.000000
1.035000,0.507010,-0.198833,0.390708,0.834749,-0.534430,-0.126200,0.040635,0.000000,2.000000,1.000000,0.000000,0.000000
1.040000,0.506685,-0.198988,0.390809,0.834693,-0.534509,-0.126250,0.040605,0.000000,2.000000,1.000000,0.000000,0.000000
1.045000,0.506361,-0.199137,0.390918,0.834636,-0.534588,-0.126298,0.040575,0.000000,2.000000,1.000000,0.000000,0.000000
1.050000,0.506035,-0.199279,0.391035,0.834580,-0.534667,-0.126344,0.040544,0.000000,2.000000,1.000000,0.000000,0.000000
1.055000,0.505709,-0.199415,0.391160,0.834525,-0.534746,-0.126389,0.040511,0.000000,2.000000,1.000000,0.000000,0.000000
1.060000,0.505383,-0.199543,0.391293,0.834469,-0.534825,-0.126432,0.040478,0.000000,2.000000,1.000000,0.000000,0.000000
1.065000,0.505056,-0.199665,0.391434,0.834415,-0.534903,-0.126473,0.040443,0.000000,2.000000,1.000000,-0.000000,0.000000
1.070000,0.504728,-0.199780,0.391583,0.834360,-0.534981,-0.126514,0.040407,0.000000,2.000000,1.000000,0.000000,0.000000
1.075000,0.504400,-0.199888,0.391740,0.834306,-0.535059,-0.126553,0.040371,0.000000,2.000000,1.000000,0.000000,0.000000
1.080000,0.504071,-0.199989,0.391904,0.834252,-0.535137,-0.126591,0.040332,0.000000,2.000000,1.000000,0.000000,0.000000
1.085000,0.503740,-0.200083,0.392076,0.834198,-0.535215,-0.126628,0.040293,0.000000,2.000000,1.000000,0.000000,0.000000
1.090000,0.503409,-0.200170,0.392255,0.834145,-0.535292,-0.126664,0.040252,0.000000,2.000000,1.000000,-0.000000,0.000000
1.095000,0.503077,-0.200250,0.392441,0.834092,-0.535369,-0.126699,0.040210,0.000000,2.000000,1.000000,-0.000000,0.000000
1.100000,0.502743,-0.200323,0.392635,0.834040,-0.535446,-0.126734,0.040167,0.000000,2.000000,1.000000,0.000000,0.000000
1.105000,0.502409,-0.200390,0.392835,0.833988,-0.535523,-0.126767,0.040123,0.000000,2.000000,1.000000,0.000000,0.000000
1.110000,0.502073,-0.200450,0.393041,0.833936,-0.535600,-0.126799,0.040077,0.000000,2.000000,1.000000,0.000000,0.000000
1.115000,0.501736,-0.200503,0.393254,0.833884,-0.535676,-0.126831,0.040029,0.000000,2.000000,1.000000,0.000000,0.000000
1.120000,0.501398,-0.200550,0.393473,0.833833,-0.535752,-0.126861,0.039981,0.000000,2.000000,1.000000,0.000000,0.000000
1.125000,0.501058,-0.200590,0.393699,0.833783,-0.535827,-0.126891,0.039931,0.000000,2.000000,1.000000,0.000000,0.000000
1.130000,0.500718,-0.200623,0.393930,0.833732,-0.535902,-0.126919,0.039879,0.000000,2.000000,1.000000,0.000000,0.000000
1.135000,0.500375,-0.200651,0.394166,0.833683,-0.535977,-0.126947,0.039826,0.000000,2.000000,1.000000,0.000000,0.000000
1.140000,0.500031,-0.200672,0.394408,0.833633,-0.536052,-0.126973,0.039772,0.000000,2.000000,1.000000,-0.000000,0.000000
1.145000,0.499686,-0.200687,0.394655,0.833584,-0.536126,-0.126999,0.039716,0.000000,2.000000,1.000000,0.000000,0.000000
1.150000,0.499339,-0.200696,0.394907,0.833536,-0.536200,-0.127023,0.039659,0.000000,2.000000,1.000000,0.000000,0.000000
1.155000,0.498991,-0.200699,0.395164,0.833488,-0.536273,-0.127046,0.039601,0.000000,2.000000,1.000000,-0.000000,0.000000
1.160000,0.498640,-0.200696,0.395424,0.833440,-0.536346,-0.127069,0.039542,0.000000,2.000000,1.000000,-0.000000,0.000000
1.165000,0.498289,-0.200688,0.395689,0.833393,-0.536419,-0.127090,0.039481,0.000000,2.000000,1.000000,0.000000,0.000000
1.170000,0.497935,-0.200674,0.395958,0.833346,-0.536491,-0.127110,0.039419,0.000000,2.000000,1.000000,0.000000,0.000000
1.175000,0.497579,-0.200655,0.396231,0.833300,-0.536563,-0.127129,0.039355,0.000000,2.000000,1.000000,0.000000,0.000000
1.180000,0.497222,-0.200631,0.396507,0.833254,-0.536635,-0.127147,0.039291,0.000000,2.000000,1.000000,0.000000,0.000000
1.185000,0.496863,-0.200601,0.396786,0.833209,-0.536706,-0.127164,0.039225,0.000000,2.000000,1.000000,-0.000000,0.000000
1.190000,0.496501,-0.200567,0.397068,0.833164,-0.536777,-0.127180,0.039158,0.000000,2.000000,1.000000,-0.000000,0.000000
1.195000,0.496138,-0.200528,0.397353,0.833120,-0.536847,-0.127194,0.039090,0.000000,2.000000,1.000000,0.000000,0.000000
1.200000,0.495773,-0.200484,0.397640,0.833076,-0.536917,-0.127207,0.039020,0.000000,2.000000,1.000000,0.000000,0.000000
1.205000,0.495406,-0.200436,0.397929,0.833033,-0.536986,-0.127219,0.038950,0.000000,2.000000,1.000000,-0.000000,0.000000
1.210000,0.495036,-0.200384,0.398221,0.832990,-0.537055,-0.127230,0.038879,0.000000,2.000000,1.000000,0.000000,0.000000
1.215000,0.494665,-0.200327,0.398514,0.832948,-0.537124,-0.127239,0.038806,0.000000,2.000000,1.000000,-0.000000,0.000000
1.220000,0.494291,-0.200266,0.398808,0.832906,-0.537192,-0.127246,0.038732,0.000000,2.000000,1.000000,-0.000000,0.000000
1.225000,0.493916,-0.200202,0.399104,0.832865,-0.537259,-0.127253,0.038657,0.000000,2.000000,1.000000,0.000000,0.000000
1.230000,0.493538,-0.200133,0.399401,0.832825,-0.537327,-0.127257,0.038581,0.000000,2.000000,1.000000,0.000000,0.000000
1.235000,0.493158,-0.200061,0.399699,0.832785,-0.537393,-0.127261,0.038504,0.000000,2.000000,1.000000,-0.000000,0.000000
1.240000,0.492776,-0.199985,0.399997,0.832746,-0.537459,-0.127262,0.038426,0.000000,2.000000,1.000000,-0.000000,0.000000
1.245000,0.492392,-0.199906,0.400296,0.832707,-0.537525,-0.127263,0.038347,0.000000,2.000000,1.000000,0.000000,0.000000
1.250000,0.492006,-0.199824,0.400595,0.832669,-0.537590,-0.127261,0.038267,0.000000,2.000000,1.000000,0.000000,0.000000
1.255000,0.491617,-0.199738,0.400894,0.832631,-0.537654,-0.127258,0.038186,0.000000,2.000000,1.000000,0.000000,0.000000
1.260000,0.491226,-0.199649,0.401193,0.832595,-0.537718,-0.127254,0.038104,0.000000,2.000000,1.000000,0.000000,0.000000
1.265000,0.490833,-0.199558,0.401492,0.832558,-0.537782,-0.127248,0.038021,0.000000,2.000000,1.000000,-0.000000,0.000000
1.270000,0.490438,-0.199463,0.401790,0.832523,-0.537844,-0.127241,0.037937,0.000000,2.000000,1.000000,0.000000,0.000000
1.275000,0.490041,-0.199366,0.402087,0.832488,-0.537907,-0.127232,0.037852,0.000000,2.000000,1.000000,-0.000000,0.000000
1.280000,0.489641,-0.199266,0.402383,0.832453,-0.537969,-0.127221,0.037767,0.000000,2.000000,1.000000,-0.000000,0.000000
1.285000,0.489239,-0.199163,0.402678,0.832419,-0.538030,-0.127209,0.037680,0.000000,2.000000,1.000000,0.000000,0.000000
1.290000,0.488835,-0.199059,0.402972,0.832386,-0.538090,-0.127196,0.037593,0.000000,2.000000,1.000000,0.000000,0.000000
1.295000,0.488429,-0.198952,0.403264,0.832354,-0.538150,-0.127181,0.037505,0.000000,2.000000,1.000000,-0.000000,0.000000
1.300000,0.488020,-0.198842,0.403555,0.832322,-0.538210,-0.127164,0.037417,0.000000,2.000000,1.000000,0.000000,0.000000
1.305000,0.487609,-0.198731,0.403843,0.832290,-0.538269,-0.127146,0.037328,0.000000,2.000000,1.000000,0.000000,0.000000
1.310000,0.487196,-0.198618,0.404130,0.832260,-0.538327,-0.127126,0.037238,0.000000,2.000000,1.000000,-0.000000,0.000000
1.315000,0.486780,-0.198503,0.404415,0.832230,-0.538385,-0.127105,0.037148,0.000000,2.000000,1.000000,-0.000000,0.000000
1.320000,0.486362,-0.198386,0.404697,0.832200,-0.538442,-0.127082,0.037057,0.000000,2.000000,1.000000,0.000000,0.000000
1.325000,0.485942,-0.198268,0.404978,0.832171,-0.538498,-0.127057,0.036966,0.000000,2.000000,1.000000,-0.000000,0.000000
1.330000,0.485520,-0.198148,0.405255,0.832143,-0.538555,-0.127031,0.036875,0.000000,2.000000,1.000000,0.000000,0.000000
1.335000,0.485095,-0.198027,0.405530,0.832116,-0.538610,-0.127003,0.036783,0.000000,2.000000,1.000000,-0.000000,0.000000
1.340000,0.484668,-0.197905,0.405803,0.832089,-0.538665,-0.126974,0.036691,0.000000,2.000000,1.000000,-0.000000,0.000000
1.345000,0.484239,-0.197782,0.406072,0.832062,-0.538719,-0.126943,0.036599,0.000000,2.000000,1.000000,-0.000000,0.000000
1.350000,0.483807,-0.197657,0.406339,0.832037,-0.538773,-0.126910,0.036507,0.000000,2.000000,1.000000,-0.000000,0.000000
1.355000,0.483373,-0.197531,0.406603,0.832011,-0.538826,-0.126876,0.036414,0.000000,2.000000,1.000000,-0.000000,0.000000
1.360000,0.482936,-0.197405,0.406864,0.831987,-0.538879,-0.126840,0.036322,0.000000,2.000000,1.000000,0.000000,0.000000
1.365000,0.482498,-0.197278,0.407121,0.831963,-0.538931,-0.126802,0.036229,0.000000,2.000000,1.000000,-0.000000,0.000000
1.370000,0.482056,-0.197150,0.407375,0.831939,-0.538982,-0.126763,0.036136,0.000000,2.000000,1.000000,-0.000000,0.000000
1.375000,0.481613,-0.197021,0.407626,0.831917,-0.539033,-0.126723,0.036044,0.000000,2.000000,1.000000,0.000000,0.000000
1.380000,0.481167,-0.196892,0.407873,0.831894,-0.539084,-0.126681,0.035951,0.000000,2.000000,1.000000,-0.000000,0.000000
1.385000,0.480718,-0.196763,0.408117,0.831873,-0.539133,-0.126637,0.035859,0.000000,2.000000,1.000000,0.000000,0.000000
1.390000,0.480267,-0.196633,0.408357,0.831852,-0.539182,-0.126592,0.035766,0.000000,2.000000,1.000000,0.000000,0.000000
1.395000,0.479814,-0.196502,0.408593,0.831832,-0.539231,-0.126546,0.035674,0.000000,2.000000,1.000000,0.000000,0.000000
1.400000,0.479359,-0.196371,0.408826,0.831812,-0.539278,-0.126498,0.035582,0.000000,2.000000,1.000000,0.000000,0.000000
1.405000,0.478901,-0.196241,0.409054,0.831793,-0.539325,-0.126449,0.035490,0.000000,2.000000,1.000000,0.000000,0.000000
1.410000,0.478440,-0.196109,0.409279,0.831774,-0.539372,-0.126398,0.035398,0.000000,2.000000,1.000000,0.000000,0.000000
1.415000,0.477978,-0.195978,0.409500,0.831757,-0.539417,-0.126346,0.035306,0.000000,2.000000,1.000000,0.000000,0.000000
1.420000,0.477513,-0.195847,0.409717,0.831739,-0.539463,-0.126293,0.035214,0.000000,2.000000,1.000000,-0.000000,0.000000
1.425000,0.477046,-0.195716,0.409930,0.831723,-0.539507,-0.126238,0.035122,0.000000,2.000000,1.000000,0.000000,0.000000
1.430000,0.476577,-0.195584,0.410138,0.831708,-0.539549,-0.126183,0.035029,0.000000,2.000000,1.000000,0.000000,0.000000
1.435000,0.476106,-0.195453,0.410343,0.831693,-0.539590,-0.126127,0.034935,0.000000,2.000000,1.000000,-0.000000,0.000000
1.440000,0.475633,-0.195321,0.410545,0.831680,-0.539630,-0.126070,0.034840,0.000000,2.000000,1.000000,0.000000,0.000000
1.445000,0.475158,-0.195189,0.410742,0.831668,-0.539669,-0.126013,0.034743,0.000000,2.000000,1.000000,0.000000,0.000000
1.450000,0.474682,-0.195057,0.410936,0.831657,-0.539706,-0.125956,0.034646,0.000000,2.000000,1.000000,-0.000000,0.000000
1.455000,0.474203,-0.194926,0.411126,0.831646,-0.539742,-0.125898,0.034547,0.000000,2.000000,1.000000,-0.000000,0.000000
1.460000,0.473723,-0.194795,0.411312,0.831636,-0.539777,-0.125839,0.034447,0.000000,2.000000,1.000000,0.000000,0.000000
1.465000,0.473241,-0.194664,0.411495,0.831627,-0.539811,-0.125780,0.034346,0.000000,2.000000,1.000000,-0.000000,0.000000
1.470000,0.472758,-0.194533,0.411675,0.831619,-0.539845,-0.125719,0.034245,0.000000,2.000000,1.000000,0.000000,0.000000
1.475000,0.472272,-0.194403,0.411851,0.831611,-0.539877,-0.125658,0.034144,0.000000,2.000000,1.000000,-0.000000,0.000000
1.480000,0.471784,-0.194273,0.412024,0.831603,-0.539910,-0.125597,0.034041,0.000000,2.000000,1.000000,0.000000,0.000000
1.485000,0.471295,-0.194143,0.412194,0.831596,-0.539941,-0.125537,0.033938,0.000000,2.000000,1.000000,-0.000000,0.000000
1.490000,0.470802,-0.194013,0.412361,0.831589,-0.539973,-0.125477,0.033832,0.000000,2.000000,1.000000,0.000000,0.000000
1.495000,0.470308,-0.193881,0.412525,0.831582,-0.540004,-0.125419,0.033726,0.000000,2.000000,1.000000,0.000000,0.000000
1.500000,0.469812,-0.193750,0.412686,0.831575,-0.540035,-0.125361,0.033618,0.000000,2.000000,1.000000,-0.000000,0.000000
1.505000,0.469313,-0.193618,0.412845,0.831568,-0.540066,-0.125305,0.033509,0.000000,2.000000,1.000000,0.000000,0.000000
1.510000,0.468813,-0.193486,0.413001,0.831560,-0.540097,-0.125249,0.033399,0.000000,2.000000,1.000000,-0.000000,0.000000
1.515000,0.468310,-0.193353,0.413154,0.831553,-0.540127,-0.125194,0.033288,0.000000,2.000000,1.000000,0.000000,0.000000
1.520000,0.467806,-0.193220,0.413306,0.831546,-0.540158,-0.125140,0.033177,0.000000,2.000000,1.000000,0.000000,0.000000
1.525000,0.467300,-0.193086,0.413455,0.831539,-0.540188,-0.125085,0.033065,0.000000,2.000000,1.000000,0.000000,0.000000
1.530000,0.466793,-0.192953,0.413602,0.831532,-0.540218,-0.125031,0.032952,0.000000,2.000000,1.000000,0.000000,0.000000
1.535000,0.466284,-0.192819,0.413747,0.831525,-0.540248,-0.124978,0.032840,0.000000,2.000000,1.000000,-0.000000,0.000000
1.540000,0.465773,-0.192685,0.413890,0.831518,-0.540278,-0.124924,0.032726,0.000000,2.000000,1.000000,0.000000,0.000000
1.545000,0.465261,-0.192550,0.414032,0.831511,-0.540308,-0.124870,0.032613,0.000000,2.000000,1.000000,0.000000,0.000000
1.550000,0.464748,-0.192416,0.414172,0.831505,-0.540338,-0.124816,0.032499,0.000000,2.000000,1.000000,0.000000,0.000000
1.555000,0.464234,-0.192281,0.414310,0.831498,-0.540367,-0.124762,0.032385,0.000000,2.000000,1.000000,0.000000,0.000000
1.560000,0.463720,-0.192146,0.414447,0.831492,-0.540397,-0.124707,0.032271,0.000000,2.000000,1.000000,-0.000000,0.000000
1.565000,0.463204,-0.192010,0.414582,0.831485,-0.540426,-0.124652,0.032157,0.000000,2.000000,1.000000,0.000000,0.000000
1.570000,0.462687,-0.191874,0.414716,0.831479,-0.540455,-0.124596,0.032043,0.000000,2.000000,1.000000,-0.000000,0.000000
1.575000,0.462170,-0.191739,0.414849,0.831473,-0.540484,-0.124540,0.031929,0.000000,2.000000,1.000000,0.000000,0.000000
1.580000,0.461653,-0.191602,0.414980,0.831467,-0.540513,-0.124483,0.031815,0.000000,2.000000,1.000000,-0.000000,0.000000
1.585000,0.461135,-0.191466,0.415110,0.831461,-0.540542,-0.124426,0.031702,0.000000,2.000000,1.000000,-0.000000,0.000000
1.590000,0.460617,-0.191329,0.415239,0.831456,-0.540571,-0.124367,0.031588,0.000000,2.000000,1.000000,0.000000,0.000000
1.595000,0.460098,-0.191193,0.415368,0.831450,-0.540599,-0.124308,0.031474,0.000000,2.000000,1.000000,0.000000,0.000000
1.600000,0.459580,-0.191055,0.415495,0.831445,-0.540628,-0.124248,0.031361,0.000000,2.000000,1.000000,-0.000000,0.000000
1.605000,0.459062,-0.190918,0.415621,0.831440,-0.540656,-0.124187,0.031248,0.000000,2.000000,1.000000,0.000000,0.000000
1.610000,0.458543,-0.190780,0.415747,0.831435,-0.540685,-0.124124,0.031135,0.000000,2.000000,1.000000,-0.000000,0.000000
1.615000,0.458025,-0.190642,0.415872,0.831430,-0.540713,-0.124061,0.031022,0.000000,2.000000,1.000000,-0.000000,0.000000
1.620000,0.457508,-0.190504,0.415996,0.831426,-0.540741,-0.123996,0.030910,0.000000,2.000000,1.000000,-0.000000,0.000000
1.625000,0.456991,-0.190366,0.416120,0.831421,-0.540769,-0.123929,0.030799,0.000000,2.000000,1.000000,-0.000000,0.000000
1.630000,0.456474,-0.190227,0.416243,0.831417,-0.540797,-0.123862,0.030688,0.000000,2.000000,1.000000,0.000000,0.000000
1.635000,0.455958,-0.190089,0.416365,0.831414,-0.540825,-0.123792,0.030577,0.000000,2.000000,1.000000,-0.000000,0.000000
1.640000,0.455443,-0.189951,0.416487,0.831411,-0.540852,-0.123721,0.030468,0.000000,2.000000,1.000000,0.000000,0.000000
1.645000,0.454929,-0.189812,0.416608,0.831408,-0.540879,-0.123648,0.030359,0.000000,2.000000,1.000000,0.000000,0.000000
1.650000,0.454416,-0.189674,0.416729,0.831405,-0.540906,-0.123574,0.030251,0.000000,2.000000,1.000000,-0.000000,0.000000
1.655000,0.453903,-0.189535,0.416849,0.831403,-0.540933,-0.123497,0.030144,0.000000,2.000000,1.000000,-0.000000,0.000000
1.660000,0.453392,-0.189397,0.416968,0.831402,-0.540959,-0.123419,0.030038,0.000000,2.000000,1.000000,-0.000000,0.000000
1.665000,0.452882,-0.189259,0.417087,0.831401,-0.540985,-0.123339,0.029932,0.000000,2.000000,1.000000,0.000000,0.000000
1.670000,0.452373,-0.189120,0.417206,0.831400,-0.541011,-0.123258,0.029827,0.000000,2.000000,1.000000,-0.000000,0.000000
1.675000,0.451865,-0.188982,0.417323,0.831399,-0.541036,-0.123175,0.029723,0.000000,2.000000,1.000000,-0.000000,0.000000
1.680000,0.451358,-0.188843,0.417441,0.831399,-0.541061,-0.123090,0.029619,0.000000,2.000000,1.000000,-0.000000,0.000000
1.685000,0.450852,-0.188705,0.417558,0.831399,-0.541086,-0.123004,0.029516,0.000000,2.000000,1.000000,-0.000000,0.000000
1.690000,0.450348,-0.188566,0.417674,0.831400,-0.541111,-0.122916,0.029414,0.000000,2.000000,1.000000,0.000000,0.000000
1.695000,0.449845,-0.188428,0.417790,0.831401,-0.541135,-0.122826,0.029312,0.000000,2.000000,1.000000,-0.000000,0.000000
1.700000,0.449344,-0.188289,0.417906,0.831402,-0.541159,-0.122735,0.029211,0.000000,2.000000,1.000000,0.000000,0.000000
1.705000,0.448844,-0.188150,0.418021,0.831404,-0.541183,-0.122642,0.029111,0.000000,2.000000,1.000000,0.000000,0.000000
1.710000,0.448346,-0.188011,0.418136,0.831405,-0.541207,-0.122548,0.029011,0.000000,2.000000,1.000000,0.000000,0.000000
1.715000,0.447849,-0.187872,0.418250,0.831408,-0.541231,-0.122452,0.028912,0.000000,2.000000,1.000000,0.000000,0.000000
1.720000,0.447353,-0.187733,0.418365,0.831410,-0.541254,-0.122355,0.028814,0.000000,2.000000,1.000000,-0.000000,0.000000
1.725000,0.446859,-0.187593,0.418479,0.831413,-0.541277,-0.122257,0.028716,0.000000,2.000000,1.000000,-0.000000,0.000000
1.730000,0.446367,-0.187454,0.418593,0.831416,-0.541300,-0.122157,0.028618,0.000000,2.000000,1.000000,-0.000000,0.000000
1.735000,0.445876,-0.187314,0.418707,0.831419,-0.541323,-0.122056,0.028521,0.000000,2.000000,1.000000,0.000000,0.000000
1.740000,0.445387,-0.187174,0.418820,0.831423,-0.541345,-0.121954,0.028425,0.000000,2.000000,1.000000,0.000000,0.000000
1.745000,0.444900,-0.187034,0.418933,0.831427,-0.541368,-0.121850,0.028329,0.000000,2.000000,1.000000,-0.000000,0.000000
1.750000,0.444414,-0.186893,0.419047,0.831431,-0.541390,-0.121746,0.028234,0.000000,2.000000,1.000000,0.000000,0.000000
1.755000,0.443930,-0.186753,0.419160,0.831436,-0.541412,-0.121640,0.028139,0.000000,2.000000,1.000000,-0.000000,0.000000
1.760000,0.443448,-0.186612,0.419272,0.831440,-0.541433,-0.121533,0.028045,0.000000,2.000000,1.000000,-0.000000,0.000000
1.765000,0.442968,-0.186471,0.419385,0.831445,-0.541455,-0.121424,0.027951,0.000000,2.000000,1.000000,-0.000000,0.000000
1.770000,0.442489,-0.186330,0.419498,0.831450,-0.541476,-0.121315,0.027859,0.000000,2.000000,1.000000,-0.000000,0.000000
1.775000,0.442013,-0.186189,0.419611,0.831456,-0.541498,-0.121205,0.027766,0.000000,2.000000,1.000000,-0.000000,0.000000
1.780000,0.441537,-0.186048,0.419723,0.831461,-0.541519,-0.121093,0.027675,0.000000,2.000000,1.000000,-0.000000,0.000000
1.785000,0.441064,-0.185907,0.419836,0.831467,-0.541540,-0.120980,0.027584,0.000000,2.000000,1.000000,0.000000,0.000000
1.790000,0.440593,-0.185766,0.419949,0.831473,-0.541561,-0.120867,0.027493,0.000000,2.000000,1.000000,0.000000,0.000000
1.795000,0.440123,-0.185625,0.420061,0.831479,-0.541581,-0.120752,0.027403,0.000000,2.000000,1.000000,-0.000000,0.000000
1.800000,0.439656,-0.185484,0.420174,0.831486,-0.541602,-0.120636,0.027314,0.000000,2.000000,1.000000,0.000000,0.000000
1.805000,0.439190,-0.185343,0.420287,0.831492,-0.541622,-0.120520,0.027226,0.000000,2.000000,1.000000,0.000000,0.000000
1.810000,0.438726,-0.185202,0.420400,0.831499,-0.541643,-0.120402,0.027138,0.000000,2.000000,1.000000,-0.000000,0.000000
1.815000,0.438263,-0.185061,0.420513,0.831506,-0.541663,-0.120284,0.027051,0.000000,2.000000,1.000000,0.000000,0.000000
1.820000,0.437803,-0.184920,0.420626,0.831513,-0.541683,-0.120164,0.026964,0.000000,2.000000,1.000000,-0.000000,0.000000
1.825000,0.437344,-0.184779,0.420739,0.831520,-0.541703,-0.120044,0.026878,0.000000,2.000000,1.000000,-0.000000,0.000000
1.830000,0.436888,-0.184639,0.420852,0.831527,-0.541723,-0.119924,0.026793,0.000000,2.000000,1.000000,-0.000000,0.000000
1.835000,0.436433,-0.184498,0.420965,0.831534,-0.541742,-0.119802,0.026708,0.000000,2.000000,1.000000,-0.000000,0.000000
1.840000,0.435980,-0.184358,0.421078,0.831542,-0.541762,-0.119680,0.026624,0.000000,2.000000,1.000000,-0.000000,0.000000
1.845000,0.435528,-0.184218,0.421191,0.831549,-0.541782,-0.119557,0.026540,0.000000,2.000000,1.000000,-0.000000,0.000000
1.850000,0.435079,-0.184078,0.421304,0.831557,-0.541801,-0.119434,0.026457,0.000000,2.000000,1.000000,-0.000000,0.000000
1.855000,0.434631,-0.183938,0.421418,0.831565,-0.541820,-0.119310,0.026374,0.000000,2.000000,1.000000,0.000000,0.000000
1.860000,0.434185,-0.183798,0.421531,0.831573,-0.541839,-0.119186,0.026292,0.000000,2.000000,1.000000,-0.000000,0.000000
1.865000,0.433740,-0.183659,0.421644,0.831581,-0.541858,-0.119061,0.026210,0.000000,2.000000,1.000000,-0.000000,0.000000
1.870000,0.433298,-0.183520,0.421757,0.831589,-0.541877,-0.118936,0.026128,0.000000,2.000000,1.000000,0.000000,0.000000
1.875000,0.432857,-0.183381,0.421870,0.831598,-0.541896,-0.118811,0.026047,0.000000,2.000000,1.000000,0.000000,0.000000
1.880000,0.432418,-0.183242,0.421983,0.831606,-0.541914,-0.118686,0.025967,0.000000,2.000000,1.000000,-0.000000,0.000000
1.885000,0.431980,-0.183104,0.422096,0.831614,-0.541933,-0.118560,0.025887,0.000000,2.000000,1.000000,-0.000000,0.000000
1.890000,0.431545,-0.182966,0.422209,0.831623,-0.541951,-0.118435,0.025807,0.000000,2.000000,1.000000,0.000000,0.000000
1.895000,0.431110,-0.182828,0.422321,0.831631,-0.541969,-0.118309,0.025727,0.000000,2.000000,1.000000,0.000000,0.000000
1.900000,0.430678,-0.182691,0.422434,0.831640,-0.541987,-0.118183,0.025648,0.000000,2.000000,1.000000,0.000000,0.000000
1.905000,0.430247,-0.182553,0.422546,0.831649,-0.542005,-0.118057,0.025569,0.000000,2.000000,1.000000,0.000000,0.000000
1.910000,0.429818,-0.182417,0.422658,0.831658,-0.542022,-0.117931,0.025490,0.000000,2.000000,1.000000,-0.000000,0.000000
1.915000,0.429390,-0.182280,0.422770,0.831666,-0.542040,-0.117805,0.025412,0.000000,2.000000,1.000000,-0.000000,0.000000
1.920000,0.428964,-0.182144,0.422881,0.831675,-0.542057,-0.117680,0.025334,0.000000,2.000000,1.000000,0.000000,0.000000
1.925000,0.428540,-0.182009,0.422992,0.831684,-0.542074,-0.117554,0.025256,0.000000,2.000000,1.000000,0.000000,0.000000
1.930000,0.428117,-0.181873,0.423103,0.831693,-0.542091,-0.117429,0.025178,0.000000,2.000000,1.000000,-0.000000,0.000000
1.935000,0.427696,-0.181738,0.423213,0.831702,-0.542108,-0.117303,0.025101,0.000000,2.000000,1.000000,-0.000000,0.000000
1.940000,0.427277,-0.181604,0.423323,0.831711,-0.542125,-0.117178,0.025023,0.000000,2.000000,1.000000,-0.000000,0.000000
1.945000,0.426859,-0.181469,0.423433,0.831720,-0.542141,-0.117054,0.024946,0.000000,2.000000,1.000000,-0.000000,0.000000
1.950000,0.426443,-0.181336,0.423542,0.831730,-0.542158,-0.116929,0.024869,0.000000,2.000000,1.000000,-0.000000,0.000000
1.955000,0.426028,-0.181202,0.423650,0.831739,-0.542174,-0.116805,0.024792,0.000000,2.000000,1.000000,0.000000,0.000000
1.960000,0.425615,-0.181069,0.423758,0.831748,-0.542190,-0.116682,0.024715,0.000000,2.000000,1.000000,-0.000000,0.000000
1.965000,0.425203,-0.180936,0.423866,0.831757,-0.542206,-0.116559,0.024638,0.000000,2.000000,1.000000,0.000000,0.000000
1.970000,0.424793,-0.180804,0.423973,0.831767,-0.542221,-0.116436,0.024561,0.000000,2.000000,1.000000,-0.000000,0.000000
1.975000,0.424384,-0.180672,0.424079,0.831776,-0.542237,-0.116314,0.024484,0.000000,2.000000,1.000000,-0.000000,0.000000
1.980000,0.423977,-0.180541,0.424185,0.831785,-0.542252,-0.116192,0.024408,0.000000,2.000000,1.000000,-0.000000,0.000000
1.985000,0.423571,-0.180410,0.424290,0.831794,-0.542267,-0.116071,0.024332,0.000000,2.000000,1.000000,-0.000000,0.000000
1.990000,0.423166,-0.180280,0.424395,0.831803,-0.542282,-0.115950,0.024256,0.000000,2.000000,1.000000,0.000000,0.000000
1.995000,0.422763,-0.180150,0.424498,0.831813,-0.542297,-0.115830,0.024180,0.000000,2.000000,1.000000,0.000000,0.000000
2.000000,0.422361,-0.180021,0.424601,0.831822,-0.542312,-0.115711,0.024104,0.000000,2.000000,1.000000,0.000000,0.000000
2.005000,0.421961,-0.179892,0.424703,0.831831,-0.542327,-0.115592,0.024028,0.000000,2.000000,1.000000,-0.000000,0.000000
2.010000,0.421562,-0.179764,0.424805,0.831840,-0.542341,-0.115474,0.023953,0.000000,2.000000,1.000000,0.000000,0.000000
2.015000,0.421164,-0.179637,0.424905,0.831849,-0.542356,-0.115356,0.023878,0.000000,2.000000,1.000000,-0.000000,0.000000
2.020000,0.420767,-0.179510,0.425005,0.831858,-0.542370,-0.115239,0.023803,0.000000,2.000000,1.000000,-0.000000,0.000000
2.025000,0.420372,-0.179383,0.425104,0.831868,-0.542384,-0.115123,0.023728,0.000000,2.000000,1.000000,0.000000,0.000000
2.030000,0.419978,-0.179258,0.425202,0.831877,-0.542398,-0.115007,0.023653,0.000000,2.000000,1.000000,0.000000,0.000000
2.035000,0.419585,-0.179132,0.425299,0.831886,-0.542411,-0.114892,0.023578,0.000000,2.000000,1.000000,0.000000,0.000000
2.040000,0.419193,-0.179007,0.425395,0.831895,-0.542425,-0.114778,0.023503,0.000000,2.000000,1.000000,0.000000,0.000000
2.045000,0.418802,-0.178883,0.425490,0.831904,-0.542438,-0.114666,0.023428,0.000000,2.000000,1.000000,-0.000000,0.000000
2.050000,0.418413,-0.178759,0.425585,0.831913,-0.542451,-0.114553,0.023353,0.000000,2.000000,1.000000,0.000000,0.000000
2.055000,0.418024,-0.178636,0.425678,0.831922,-0.542464,-0.114442,0.023278,0.000000,2.000000,1.000000,-0.000000,0.000000
2.060000,0.417637,-0.178513,0.425770,0.831931,-0.542477,-0.114333,0.023202,0.000000,2.000000,1.000000,-0.000000,0.000000
2.065000,0.417250,-0.178390,0.425861,0.831939,-0.542490,-0.114224,0.023127,0.000000,2.000000,1.000000,0.000000,0.000000
2.070000,0.416865,-0.178268,0.425950,0.831948,-0.542502,-0.114116,0.023051,0.000000,2.000000,1.000000,0.000000,0.000000
2.075000,0.416481,-0.178146,0.426038,0.831957,-0.542514,-0.114010,0.022975,0.000000,2.000000,1.000000,-0.000000,0.000000
2.080000,0.416097,-0.178024,0.426125,0.831966,-0.542526,-0.113906,0.022899,0.000000,2.000000,1.000000,-0.000000,0.000000
2.085000,0.415715,-0.177903,0.426211,0.831974,-0.542537,-0.113802,0.022823,0.000000,2.000000,1.000000,-0.000000,0.000000
2.090000,0.415333,-0.177781,0.426295,0.831983,-0.542549,-0.113700,0.022746,0.000000,2.000000,1.000000,0.000000,0.000000
2.095000,0.414953,-0.177660,0.426378,0.831992,-0.542560,-0.113600,0.022669,0.000000,2.000000,1.000000,-0.000000,0.000000
2.100000,0.414573,-0.177539,0.426460,0.832000,-0.542571,-0.113500,0.022592,0.000000,2.000000,1.000000,-0.000000,0.000000
2.105000,0.414195,-0.177418,0.426540,0.832009,-0.542581,-0.113402,0.022514,0.000000,2.000000,1.000000,0.000000,0.000000
2.110000,0.413817,-0.177298,0.426619,0.832017,-0.542591,-0.113306,0.022437,0.000000,2.000000,1.000000,0.000000,0.000000
2.115000,0.413441,-0.177177,0.426696,0.832026,-0.542602,-0.113210,0.022358,0.000000,2.000000,1.000000,-0.000000,0.000000
2.120000,0.413065,-0.177056,0.426772,0.832034,-0.542611,-0.113116,0.022280,0.000000,2.000000,1.000000,-0.000000,0.000000
2.125000,0.412690,-0.176935,0.426847,0.832043,-0.542621,-0.113023,0.022201,0.000000,2.000000,1.000000,-0.000000,0.000000
2.130000,0.412317,-0.176814,0.426920,0.832051,-0.542630,-0.112931,0.022122,0.000000,2.000000,1.000000,0.000000,0.000000
2.135000,0.411944,-0.176693,0.426992,0.832060,-0.542639,-0.112841,0.022042,0.000000,2.000000,1.000000,-0.000000,0.000000
2.140000,0.411572,-0.176572,0.427063,0.832069,-0.542648,-0.112752,0.021962,0.000000,2.000000,1.000000,0.000000,0.000000
2.145000,0.411202,-0.176451,0.427132,0.832077,-0.542656,-0.112664,0.021882,0.000000,2.000000,1.000000,0.000000,0.000000
2.150000,0.410832,-0.176329,0.427199,0.832086,-0.542664,-0.112577,0.021801,0.000000,2.000000,1.000000,0.000000,0.000000
2.155000,0.410463,-0.176207,0.427266,0.832095,-0.542671,-0.112492,0.021721,0.000000,2.000000,1.000000,-0.000000,0.000000
2.160000,0.410096,-0.176085,0.427331,0.832103,-0.542679,-0.112408,0.021639,0.000000,2.000000,1.000000,-0.000000,0.000000
2.165000,0.409729,-0.175963,0.427394,0.832112,-0.542686,-0.112326,0.021558,0.000000,2.000000,1.000000,0.000000,0.000000
2.170000,0.409363,-0.175840,0.427456,0.832121,-0.542692,-0.112244,0.021476,0.000000,2.000000,1.000000,-0.000000,0.000000
2.175000,0.408998,-0.175716,0.427517,0.832130,-0.542699,-0.112164,0.021394,0.000000,2.000000,1.000000,-0.000000,0.000000
2.180000,0.408634,-0.175592,0.427576,0.832138,-0.542705,-0.112086,0.021312,0.000000,2.000000,1.000000,-0.000000,0.000000
2.185000,0.408271,-0.175468,0.427634,0.832147,-0.542710,-0.112009,0.021230,0.000000,2.000000,1.000000,-0.000000,0.000000
2.190000,0.407909,-0.175343,0.427690,0.832156,-0.542715,-0.111933,0.021147,0.000000,2.000000,1.000000,0.000000,0.000000
2.195000,0.407548,-0.175217,0.427744,0.832165,-0.542720,-0.111859,0.021064,0.000000,2.000000,1.000000,-0.000000,0.000000
2.200000,0.407187,-0.175091,0.427798,0.832174,-0.542725,-0.111786,0.020982,0.000000,2.000000,1.000000,0.000000,0.000000
2.205000,0.406828,-0.174965,0.427849,0.832183,-0.542729,-0.111715,0.020899,0.000000,2.000000,1.000000,0.000000,0.000000
2.210000,0.406469,-0.174838,0.427899,0.832192,-0.542733,-0.111644,0.020816,0.000000,2.000000,1.000000,0.000000,0.000000
2.215000,0.406111,-0.174710,0.427947,0.832201,-0.542736,-0.111575,0.020732,0.000000,2.000000,1.000000,-0.000000,0.000000
2.220000,0.405755,-0.174582,0.427994,0.832210,-0.542739,-0.111508,0.020649,0.000000,2.000000,1.000000,0.000000,0.000000
2.225000,0.405399,-0.174453,0.428039,0.832219,-0.542742,-0.111442,0.020566,0.000000,2.000000,1.000000,-0.000000,0.000000
2.230000,0.405043,-0.174324,0.428082,0.832229,-0.542744,-0.111376,0.020484,0.000000,2.000000,1.000000,-0.000000,0.000000
2.235000,0.404689,-0.174194,0.428124,0.832238,-0.542746,-0.111313,0.020401,0.000000,2.000000,1.000000,-0.000000,0.000000
2.240000,0.404336,-0.174064,0.428164,0.832247,-0.542748,-0.111250,0.020318,0.000000,2.000000,1.000000,-0.000000,0.000000
2.245000,0.403983,-0.173933,0.428202,0.832257,-0.542749,-0.111189,0.020236,0.000000,2.000000,1.000000,-0.000000,0.000000
2.250000,0.403631,-0.173801,0.428239,0.832267,-0.542749,-0.111129,0.020153,0.000000,2.000000,1.000000,0.000000,0.000000
2.255000,0.403280,-0.173669,0.428274,0.832276,-0.542749,-0.111070,0.020071,0.000000,2.000000,1.000000,0.000000,0.000000
2.260000,0.402930,-0.173537,0.428307,0.832286,-0.542749,-0.111012,0.019989,0.000000,2.000000,1.000000,-0.000000,0.000000
2.265000,0.402580,-0.173403,0.428338,0.832296,-0.542749,-0.110956,0.019907,0.000000,2.000000,1.000000,0.000000,0.000000
2.270000,0.402231,-0.173269,0.428368,0.832306,-0.542748,-0.110901,0.019826,0.000000,2.000000,1.000000,0.000000,0.000000
2.275000,0.401883,-0.173135,0.428395,0.832316,-0.542746,-0.110847,0.019745,0.000000,2.000000,1.000000,0.000000,0.000000
2.280000,0.401536,-0.172999,0.428421,0.832326,-0.542745,-0.110795,0.019664,0.000000,2.000000,1.000000,-0.000000,0.000000
2.285000,0.401189,-0.172864,0.428444,0.832336,-0.542742,-0.110744,0.019583,0.000000,2.000000,1.000000,-0.000000,0.000000
2.290000,0.400843,-0.172727,0.428466,0.832346,-0.542740,-0.110694,0.019502,0.000000,2.000000,1.000000,0.000000,0.000000
2.295000,0.400497,-0.172590,0.428485,0.832356,-0.542737,-0.110646,0.019422,0.000000,2.000000,1.000000,0.000000,0.000000
2.300000,0.400152,-0.172452,0.428503,0.832366,-0.542734,-0.110599,0.019342,0.000000,2.000000,1.000000,0.000000,0.000000
2.305000,0.399808,-0.172314,0.428518,0.832377,-0.542730,-0.110554,0.019262,0.000000,2.000000,1.000000,0.000000,0.000000
2.310000,0.399464,-0.172175,0.428532,0.832387,-0.542726,-0.110509,0.019182,0.000000,2.000000,1.000000,0.000000,0.000000
2.315000,0.399121,-0.172035,0.428543,0.832397,-0.542722,-0.110467,0.019103,0.000000,2.000000,1.000000,0.000000,0.000000
2.320000,0.398779,-0.171895,0.428553,0.832408,-0.542717,-0.110425,0.019024,0.000000,2.000000,1.000000,0.000000,0.000000
2.325000,0.398437,-0.171754,0.428560,0.832418,-0.542712,-0.110385,0.018945,0.000000,2.000000,1.000000,0.000000,0.000000
2.330000,0.398096,-0.171612,0.428565,0.832429,-0.542706,-0.110346,0.018867,0.000000,2.000000,1.000000,-0.000000,0.000000
2.335000,0.397756,-0.171470,0.428568,0.832439,-0.542701,-0.110308,0.018789,0.000000,2.000000,1.000000,-0.000000,0.000000
2.340000,0.397416,-0.171328,0.428569,0.832450,-0.542695,-0.110270,0.018712,0.000000,2.000000,1.000000,-0.000000,0.000000
2.345000,0.397077,-0.171185,0.428569,0.832460,-0.542689,-0.110234,0.018635,0.000000,2.000000,1.000000,0.000000,0.000000
2.350000,0.396739,-0.171042,0.428566,0.832471,-0.542682,-0.110198,0.018559,0.000000,2.000000,1.000000,0.000000,0.000000
2.355000,0.396402,-0.170898,0.428562,0.832482,-0.542675,-0.110162,0.018484,0.000000,2.000000,1.000000,-0.000000,0.000000
2.360000,0.396066,-0.170754,0.428555,0.832493,-0.542668,-0.110127,0.018409,0.000000,2.000000,1.000000,-0.000000,0.000000
2.365000,0.395730,-0.170610,0.428547,0.832504,-0.542661,-0.110092,0.018335,0.000000,2.000000,1.000000,-0.000000,0.000000
2.370000,0.395396,-0.170466,0.428538,0.832515,-0.542653,-0.110057,0.018262,0.000000,2.000000,1.000000,0.000000,0.000000
2.375000,0.395062,-0.170322,0.428526,0.832527,-0.542645,-0.110022,0.018189,0.000000,2.000000,1.000000,-0.000000,0.000000
2.380000,0.394730,-0.170177,0.428514,0.832538,-0.542637,-0.109988,0.018118,0.000000,2.000000,1.000000,0.000000,0.000000
2.385000,0.394399,-0.170033,0.428499,0.832550,-0.542628,-0.109953,0.018047,0.000000,2.000000,1.000000,-0.000000,0.000000
2.390000,0.394068,-0.169888,0.428483,0.832562,-0.542620,-0.109918,0.017978,0.000000,2.000000,1.000000,0.000000,0.000000
2.395000,0.393739,-0.169743,0.428466,0.832574,-0.542610,-0.109883,0.017909,0.000000,2.000000,1.000000,0.000000,0.000000
2.400000,0.393410,-0.169598,0.428447,0.832586,-0.542601,-0.109848,0.017841,0.000000,2.000000,1.000000,-0.000000,0.000000
2.405000,0.393083,-0.169453,0.428427,0.832598,-0.542592,-0.109812,0.017774,0.000000,2.000000,1.000000,0.000000,0.000000
2.410000,0.392757,-0.169309,0.428405,0.832611,-0.542582,-0.109777,0.017708,0.000000,2.000000,1.000000,0.000000,0.000000
2.415000,0.392433,-0.169164,0.428382,0.832623,-0.542572,-0.109740,0.017643,0.000000,2.000000,1.000000,-0.000000,0.000000
2.420000,0.392109,-0.169019,0.428358,0.832636,-0.542561,-0.109704,0.017578,0.000000,2.000000,1.000000,0.000000,0.000000
2.425000,0.391787,-0.168874,0.428333,0.832649,-0.542551,-0.109667,0.017515,0.000000,2.000000,1.000000,0.000000,0.000000
2.430000,0.391466,-0.168729,0.428307,0.832663,-0.542540,-0.109630,0.017453,0.000000,2.000000,1.000000,-0.000000,0.000000
2.435000,0.391147,-0.168584,0.428279,0.832676,-0.542529,-0.109592,0.017391,0.000000,2.000000,1.000000,-0.000000,0.000000
2.440000,0.390829,-0.168440,0.428250,0.832690,-0.542518,-0.109553,0.017331,0.000000,2.000000,1.000000,-0.000000,0.000000
2.445000,0.390512,-0.168296,0.428221,0.832703,-0.542507,-0.109514,0.017272,0.000000,2.000000,1.000000,0.000000,0.000000
2.450000,0.390198,-0.168152,0.428191,0.832717,-0.542495,-0.109474,0.017214,0.000000,2.000000,1.000000,-0.000000,0.000000
2.455000,0.389884,-0.168008,0.428159,0.832732,-0.542483,-0.109433,0.017156,0.000000,2.000000,1.000000,0.000000,0.000000
2.460000,0.389572,-0.167864,0.428127,0.832746,-0.542471,-0.109391,0.017100,0.000000,2.000000,1.000000,-0.000000,0.000000
2.465000,0.389262,-0.167721,0.428095,0.832761,-0.542459,-0.109348,0.017045,0.000000,2.000000,1.000000,-0.000000,0.000000
2.470000,0.388954,-0.167578,0.428061,0.832775,-0.542447,-0.109305,0.016991,0.000000,2.000000,1.000000,-0.000000,0.000000
2.475000,0.388647,-0.167435,0.428028,0.832790,-0.542435,-0.109260,0.016938,0.000000,2.000000,1.000000,-0.000000,0.000000
2.480000,0.388342,-0.167293,0.427993,0.832806,-0.542422,-0.109215,0.016887,0.000000,2.000000,1.000000,0.000000,0.000000
2.485000,0.388039,-0.167151,0.427959,0.832821,-0.542410,-0.109168,0.016836,0.000000,2.000000,1.000000,0.000000,0.000000
2.490000,0.387738,-0.167010,0.427924,0.832836,-0.542397,-0.109120,0.016786,0.000000,2.000000,1.000000,-0.000000,0.000000
2.495000,0.387438,-0.166869,0.427889,0.832852,-0.542384,-0.109072,0.016738,0.000000,2.000000,1.000000,-0.000000,0.000000
2.500000,0.387140,-0.166728,0.427854,0.832868,-0.542371,-0.109022,0.016690,0.000000,2.000000,1.000000,-0.000000,0.000000
2.505000,0.386844,-0.166588,0.427818,0.832884,-0.542358,-0.108971,0.016644,0.000000,2.000000,1.000000,-0.000000,0.000000
2.510000,0.386550,-0.166448,0.427783,0.832900,-0.542345,-0.108919,0.016599,0.000000,2.000000,1.000000,-0.000000,0.000000
2.515000,0.386258,-0.166309,0.427748,0.832916,-0.542332,-0.108866,0.016555,0.000000,2.000000,1.000000,-0.000000,0.000000
2.520000,0.385968,-0.166170,0.427713,0.832933,-0.542319,-0.108812,0.016511,0.000000,2.000000,1.000000,0.000000,0.000000
2.525000,0.385680,-0.166032,0.427678,0.832949,-0.542307,-0.108757,0.016469,0.000000,2.000000,1.000000,0.000000,0.000000
2.530000,0.385393,-0.165894,0.427644,0.832966,-0.542294,-0.108701,0.016428,0.000000,2.000000,1.000000,-0.000000,0.000000
2.535000,0.385109,-0.165757,0.427609,0.832982,-0.542281,-0.108645,0.016388,0.000000,2.000000,1.000000,-0.000000,0.000000
2.540000,0.384826,-0.165620,0.427575,0.832999,-0.542268,-0.108587,0.016349,0.000000,2.000000,1.000000,-0.000000,0.000000
2.545000,0.384546,-0.165483,0.427542,0.833016,-0.542255,-0.108528,0.016311,0.000000,2.000000,1.000000,0.000000,0.000000
2.550000,0.384267,-0.165348,0.427509,0.833033,-0.542242,-0.108469,0.016273,0.000000,2.000000,1.000000,-0.000000,0.000000
2.555000,0.383990,-0.165212,0.427476,0.833050,-0.542229,-0.108409,0.016237,0.000000,2.000000,1.000000,-0.000000,0.000000
2.560000,0.383715,-0.165078,0.427444,0.833067,-0.542216,-0.108348,0.016201,0.000000,2.000000,1.000000,-0.000000,0.000000
2.565000,0.383442,-0.164943,0.427412,0.833084,-0.542203,-0.108287,0.016167,0.000000,2.000000,1.000000,0.000000,0.000000
2.570000,0.383171,-0.164810,0.427381,0.833101,-0.542190,-0.108225,0.016133,0.000000,2.000000,1.000000,0.000000,0.000000
2.575000,0.382902,-0.164677,0.427351,0.833118,-0.542177,-0.108162,0.016100,0.000000,2.000000,1.000000,-0.000000,0.000000
2.580000,0.382635,-0.164545,0.427321,0.833135,-0.542164,-0.108098,0.016068,0.000000,2.000000,1.000000,0.000000,0.000000
2.585000,0.382370,-0.164413,0.427292,0.833153,-0.542152,-0.108033,0.016036,0.000000,2.000000,1.000000,0.000000,0.000000
2.590000,0.382107,-0.164282,0.427264,0.833170,-0.542139,-0.107968,0.016006,0.000000,2.000000,1.000000,0.000000,0.000000
2.595000,0.381846,-0.164152,0.427237,0.833187,-0.542126,-0.107902,0.015976,0.000000,2.000000,1.000000,-0.000000,0.000000
2.600000,0.381587,-0.164022,0.427210,0.833205,-0.542113,-0.107836,0.015947,0.000000,2.000000,1.000000,-0.000000,0.000000
2.605000,0.381330,-0.163893,0.427184,0.833222,-0.542101,-0.107768,0.015919,0.000000,2.000000,1.000000,0.000000,0.000000
2.610000,0.381075,-0.163765,0.427159,0.833240,-0.542088,-0.107701,0.015891,0.000000,2.000000,1.000000,0.000000,0.000000
2.615000,0.380822,-0.163638,0.427135,0.833257,-0.542075,-0.107632,0.015864,0.000000,2.000000,1.000000,-0.000000,0.000000
2.620000,0.380571,-0.163511,0.427112,0.833275,-0.542063,-0.107563,0.015838,0.000000,2.000000,1.000000,0.000000,0.000000
2.625000,0.380322,-0.163385,0.427090,0.833292,-0.542050,-0.107494,0.015812,0.000000,2.000000,1.000000,-0.000000,0.000000
2.630000,0.380074,-0.163260,0.427069,0.833310,-0.542038,-0.107424,0.015787,0.000000,2.000000,1.000000,-0.000000,0.000000
2.635000,0.379829,-0.163136,0.427049,0.833327,-0.542026,-0.107354,0.015762,0.000000,2.000000,1.000000,-0.000000,0.000000
2.640000,0.379585,-0.163012,0.427030,0.833345,-0.542014,-0.107284,0.015738,0.000000,2.000000,1.000000,-0.000000,0.000000
2.645000,0.379344,-0.162889,0.427012,0.833362,-0.542001,-0.107213,0.015715,0.000000,2.000000,1.000000,0.000000,0.000000
2.650000,0.379104,-0.162767,0.426995,0.833380,-0.541989,-0.107142,0.015692,0.000000,2.000000,1.000000,-0.000000,0.000000
2.655000,0.378866,-0.162645,0.426980,0.833398,-0.541977,-0.107071,0.015669,0.000000,2.000000,1.000000,-0.000000,0.000000
2.660000,0.378630,-0.162524,0.426965,0.833415,-0.541964,-0.107000,0.015646,0.000000,2.000000,1.000000,-0.000000,0.000000
2.665000,0.378396,-0.162404,0.426952,0.833433,-0.541952,-0.106928,0.015624,0.000000,2.000000,1.000000,-0.000000,0.000000
2.670000,0.378163,-0.162285,0.426940,0.833451,-0.541940,-0.106856,0.015602,0.000000,2.000000,1.000000,0.000000,0.000000
2.675000,0.377932,-0.162166,0.426929,0.833468,-0.541927,-0.106784,0.015581,0.000000,2.000000,1.000000,-0.000000,0.000000
2.680000,0.377704,-0.162048,0.426919,0.833486,-0.541914,-0.106711,0.015559,0.000000,2.000000,1.000000,-0.000000,0.000000
2.685000,0.377477,-0.161931,0.426910,0.833504,-0.541902,-0.106638,0.015538,0.000000,2.000000,1.000000,-0.000000,0.000000
2.690000,0.377252,-0.161814,0.426903,0.833523,-0.541889,-0.106565,0.015517,0.000000,2.000000,1.000000,-0.000000,0.000000
2.695000,0.377029,-0.161699,0.426897,0.833541,-0.541875,-0.106492,0.015496,0.000000,2.000000,1.000000,-0.000000,0.000000
2.700000,0.376808,-0.161583,0.426892,0.833559,-0.541862,-0.106418,0.015475,0.000000,2.000000,1.000000,-0.000000,0.000000
2.705000,0.376589,-0.161469,0.426889,0.833578,-0.541848,-0.106344,0.015454,0.000000,2.000000,1.000000,-0.000000,0.000000
2.710000,0.376372,-0.161355,0.426887,0.833597,-0.541834,-0.106271,0.015433,0.000000,2.000000,1.000000,-0.000000,0.000000
2.715000,0.376157,-0.161241,0.426885,0.833616,-0.541820,-0.106197,0.015412,0.000000,2.000000,1.000000,-0.000000,0.000000
2.720000,0.375944,-0.161128,0.426885,0.833636,-0.541804,-0.106123,0.015390,0.000000,2.000000,1.000000,0.000000,0.000000
2.725000,0.375733,-0.161015,0.426887,0.833656,-0.541789,-0.106049,0.015368,0.000000,2.000000,1.000000,0.000000,0.000000
2.730000,0.375525,-0.160903,0.426889,0.833676,-0.541773,-0.105976,0.015346,0.000000,2.000000,1.000000,-0.000000,0.000000
2.735000,0.375318,-0.160791,0.426892,0.833697,-0.541756,-0.105903,0.015323,0.000000,2.000000,1.000000,0.000000,0.000000
2.740000,0.375114,-0.160679,0.426897,0.833718,-0.541739,-0.105829,0.015300,0.000000,2.000000,1.000000,-0.000000,0.000000
2.745000,0.374912,-0.160567,0.426902,0.833740,-0.541720,-0.105757,0.015276,0.000000,2.000000,1.000000,-0.000000,0.000000
2.750000,0.374713,-0.160455,0.426908,0.833762,-0.541700,-0.105684,0.015251,0.000000,2.000000,1.000000,0.000000,0.000000
2.755000,0.374516,-0.160343,0.426916,0.833785,-0.541680,-0.105612,0.015226,0.000000,2.000000,1.000000,0.000000,0.000000
2.760000,0.374322,-0.160231,0.426924,0.833809,-0.541658,-0.105540,0.015200,0.000000,2.000000,1.000000,-0.000000,0.000000
2.765000,0.374130,-0.160119,0.426933,0.833833,-0.541635,-0.105468,0.015174,0.000000,2.000000,1.000000,0.000000,0.000000
2.770000,0.373941,-0.160007,0.426943,0.833858,-0.541611,-0.105396,0.015148,0.000000,2.000000,1.000000,-0.000000,0.000000
2.775000,0.373756,-0.159896,0.426954,0.833885,-0.541585,-0.105323,0.015122,0.000000,2.000000,1.000000,0.000000,0.000000
2.780000,0.373573,-0.159784,0.426966,0.833913,-0.541557,-0.105250,0.015095,0.000000,2.000000,1.000000,-0.000000,0.000000
2.785000,0.373394,-0.159672,0.426979,0.833942,-0.541528,-0.105176,0.015068,0.000000,2.000000,1.000000,0.000000,0.000000
2.790000,0.373219,-0.159560,0.426993,0.833972,-0.541497,-0.105101,0.015041,0.000000,2.000000,1.000000,0.000000,0.000000
2.795000,0.373048,-0.159448,0.427007,0.834003,-0.541463,-0.105025,0.015014,0.000000,2.000000,1.000000,0.000000,0.000000
2.800000,0.372880,-0.159335,0.427023,0.834036,-0.541428,-0.104949,0.014987,0.000000,2.000000,1.000000,0.000000,0.000000
2.805000,0.372716,-0.159222,0.427039,0.834071,-0.541391,-0.104872,0.014959,0.000000,2.000000,1.000000,-0.000000,0.000000
2.810000,0.372556,-0.159109,0.427055,0.834106,-0.541352,-0.104794,0.014932,0.000000,2.000000,1.000000,-0.000000,0.000000
2.815000,0.372400,-0.158995,0.427073,0.834144,-0.541310,-0.104715,0.014904,0.000000,2.000000,1.000000,-0.000000,0.000000
2.820000,0.372249,-0.158881,0.427091,0.834183,-0.541266,-0.104635,0.014876,0.000000,2.000000,1.000000,0.000000,0.000000
2.825000,0.372102,-0.158766,0.427110,0.834224,-0.541220,-0.104554,0.014848,0.000000,2.000000,1.000000,-0.000000,0.000000
2.830000,0.371960,-0.158650,0.427130,0.834266,-0.541171,-0.104472,0.014820,0.000000,2.000000,1.000000,-0.000000,0.000000
2.835000,0.371822,-0.158533,0.427151,0.834310,-0.541120,-0.104390,0.014792,0.000000,2.000000,1.000000,-0.000000,0.000000
2.840000,0.371689,-0.158415,0.427172,0.834356,-0.541066,-0.104306,0.014765,0.000000,2.000000,1.000000,-0.000000,0.000000
2.845000,0.371561,-0.158297,0.427194,0.834403,-0.541010,-0.104221,0.014737,0.000000,2.000000,1.000000,0.000000,0.000000
2.850000,0.371437,-0.158177,0.427217,0.834453,-0.540951,-0.104136,0.014710,0.000000,2.000000,1.000000,-0.000000,0.000000
2.855000,0.371319,-0.158055,0.427240,0.834504,-0.540889,-0.104050,0.014682,0.000000,2.000000,1.000000,-0.000000,0.000000
2.860000,0.371205,-0.157933,0.427264,0.834557,-0.540825,-0.103963,0.014655,0.000000,2.000000,1.000000,-0.000000,0.000000
2.865000,0.371097,-0.157809,0.427289,0.834612,-0.540757,-0.103875,0.014628,0.000000,2.000000,1.000000,0.000000,0.000000
2.870000,0.370994,-0.157683,0.427314,0.834669,-0.540687,-0.103787,0.014602,0.000000,2.000000,1.000000,-0.000000,0.000000
2.875000,0.370896,-0.157556,0.427339,0.834728,-0.540614,-0.103698,0.014575,0.000000,2.000000,1.000000,0.000000,0.000000
2.880000,0.370803,-0.157427,0.427365,0.834790,-0.540537,-0.103609,0.014549,0.000000,2.000000,1.000000,0.000000,0.000000
2.885000,0.370715,-0.157296,0.427392,0.834853,-0.540456,-0.103519,0.014523,0.000000,2.000000,1.000000,0.000000,0.000000
2.890000,0.370633,-0.157162,0.427418,0.834919,-0.540373,-0.103429,0.014498,0.000000,2.000000,1.000000,-0.000000,0.000000
2.895000,0.370556,-0.157027,0.427445,0.834987,-0.540285,-0.103338,0.014473,0.000000,2.000000,1.000000,-0.000000,0.000000
2.900000,0.370484,-0.156889,0.427472,0.835057,-0.540195,-0.103248,0.014449,0.000000,2.000000,1.000000,0.000000,0.000000
2.905000,0.370418,-0.156749,0.427499,0.835130,-0.540101,-0.103157,0.014425,0.000000,2.000000,1.000000,0.000000,0.000000
2.910000,0.370357,-0.156606,0.427526,0.835205,-0.540002,-0.103066,0.014401,0.000000,2.000000,1.000000,0.000000,0.000000
2.915000,0.370302,-0.156461,0.427553,0.835283,-0.539900,-0.102975,0.014378,0.000000,2.000000,1.000000,0.000000,0.000000
2.920000,0.370252,-0.156312,0.427580,0.835364,-0.539792,-0.102884,0.014354,0.000000,2.000000,1.000000,-0.000000,0.000000
2.925000,0.370208,-0.156160,0.427607,0.835447,-0.539681,-0.102795,0.014330,0.000000,2.000000,1.000000,0.000000,0.000000
2.930000,0.370170,-0.156003,0.427634,0.835533,-0.539566,-0.102707,0.014306,0.000000,2.000000,1.000000,0.000000,0.000000
2.935000,0.370136,-0.155842,0.427660,0.835621,-0.539447,-0.102622,0.014282,0.000000,2.000000,1.000000,-0.000000,0.000000
2.940000,0.370107,-0.155677,0.427686,0.835711,-0.539323,-0.102540,0.014257,0.000000,2.000000,1.000000,-0.000000,0.000000
2.945000,0.370082,-0.155506,0.427713,0.835803,-0.539196,-0.102463,0.014233,0.000000,2.000000,1.000000,-0.000000,0.000000
2.950000,0.370063,-0.155330,0.427739,0.835898,-0.539063,-0.102390,0.014209,0.000000,2.000000,1.000000,0.000000,0.000000
2.955000,0.370047,-0.155149,0.427766,0.835995,-0.538926,-0.102321,0.014185,0.000000,2.000000,1.000000,0.000000,0.000000
2.960000,0.370037,-0.154962,0.427792,0.836095,-0.538784,-0.102256,0.014161,0.000000,2.000000,1.000000,0.000000,0.000000
2.965000,0.370032,-0.154769,0.427819,0.836198,-0.538637,-0.102196,0.014138,0.000000,2.000000,1.000000,-0.000000,0.000000
2.970000,0.370031,-0.154570,0.427847,0.836304,-0.538483,-0.102140,0.014116,0.000000,2.000000,1.000000,0.000000,0.000000
2.975000,0.370034,-0.154366,0.427875,0.836414,-0.538323,-0.102088,0.014094,0.000000,2.000000,1.000000,0.000000,0.000000
2.980000,0.370043,-0.154155,0.427903,0.836528,-0.538155,-0.102041,0.014073,0.000000,2.000000,1.000000,-0.000000,0.000000
2.985000,0.370056,-0.153937,0.427932,0.836646,-0.537981,-0.101997,0.014053,0.000000,2.000000,1.000000,0.000000,0.000000
2.990000,0.370074,-0.153714,0.427962,0.836768,-0.537799,-0.101958,0.014033,0.000000,2.000000,1.000000,-0.000000,0.000000
2.995000,0.370097,-0.153483,0.427992,0.836894,-0.537609,-0.101922,0.014015,0.000000,2.000000,1.000000,-0.000000,0.000000
3.000000,0.370125,-0.153247,0.428023,0.837025,-0.537412,-0.101890,0.013998,0.000000,2.000000,1.000000,-0.000000,0.000000
3.005000,0.370157,-0.153003,0.428055,0.837159,-0.537208,-0.101862,0.013982,0.000000,2.000000,1.000000,-0.000000,0.000000
3.010000,0.370194,-0.152753,0.428088,0.837299,-0.536996,-0.101838,0.013968,0.000000,2.000000,1.000000,0.000000,0.000000
3.015000,0.370236,-0.152496,0.428121,0.837442,-0.536777,-0.101817,0.013955,0.000000,2.000000,1.000000,0.000000,0.000000
3.020000,0.370282,-0.152232,0.428156,0.837590,-0.536550,-0.101800,0.013943,0.000000,2.000000,1.000000,-0.000000,0.000000
3.025000,0.370334,-0.151961,0.428191,0.837742,-0.536315,-0.101786,0.013933,0.000000,2.000000,1.000000,0.000000,0.000000
3.030000,0.370390,-0.151682,0.428227,0.837899,-0.536072,-0.101776,0.013924,0.000000,2.000000,1.000000,0.000000,0.000000
3.035000,0.370451,-0.151396,0.428265,0.838061,-0.535820,-0.101770,0.013917,0.000000,2.000000,1.000000,0.000000,0.000000
3.040000,0.370516,-0.151102,0.428303,0.838227,-0.535561,-0.101767,0.013912,0.000000,2.000000,1.000000,-0.000000,0.000000
3.045000,0.370586,-0.150801,0.428341,0.838397,-0.535295,-0.101767,0.013907,0.000000,2.000000,1.000000,-0.000000,0.000000
3.050000,0.370659,-0.150491,0.428379,0.838572,-0.535021,-0.101770,0.013904,0.000000,2.000000,1.000000,-0.000000,0.000000
3.055000,0.370735,-0.150174,0.428417,0.838750,-0.534740,-0.101775,0.013901,0.000000,2.000000,1.000000,-0.000000,0.000000
3.060000,0.370813,-0.149849,0.428454,0.838933,-0.534451,-0.101783,0.013899,0.000000,2.000000,1.000000,-0.000000,0.000000
3.065000,0.370895,-0.149516,0.428491,0.839120,-0.534156,-0.101794,0.013899,0.000000,2.000000,1.000000,-0.000000,0.000000
3.070000,0.370978,-0.149174,0.428526,0.839311,-0.533854,-0.101806,0.013899,0.000000,2.000000,1.000000,-0.000000,0.000000
3.075000,0.371065,-0.148824,0.428561,0.839506,-0.533544,-0.101821,0.013900,0.000000,2.000000,1.000000,0.000000,0.000000
3.080000,0.371154,-0.148465,0.428595,0.839705,-0.533227,-0.101838,0.013903,0.000000,2.000000,1.000000,0.000000,0.000000
3.085000,0.371245,-0.148098,0.428628,0.839909,-0.532902,-0.101857,0.013906,0.000000,2.000000,1.000000,0.000000,0.000000
3.090000,0.371339,-0.147721,0.428660,0.840117,-0.532570,-0.101878,0.013911,0.000000,2.000000,1.000000,-0.000000,0.000000
3.095000,0.371436,-0.147336,0.428692,0.840329,-0.532230,-0.101901,0.013918,0.000000,2.000000,1.000000,-0.000000,0.000000
3.100000,0.371535,-0.146941,0.428723,0.840546,-0.531883,-0.101926,0.013926,0.000000,2.000000,1.000000,-0.000000,0.000000
3.105000,0.371636,-0.146538,0.428753,0.840767,-0.531527,-0.101953,0.013936,0.000000,2.000000,1.000000,0.000000,0.000000
3.110000,0.371740,-0.146125,0.428782,0.840993,-0.531164,-0.101982,0.013948,0.000000,2.000000,1.000000,-0.000000,0.000000
3.115000,0.371847,-0.145702,0.428811,0.841223,-0.530794,-0.102012,0.013962,0.000000,2.000000,1.000000,0.000000,0.000000
3.120000,0.371956,-0.145271,0.428839,0.841458,-0.530415,-0.102043,0.013978,0.000000,2.000000,1.000000,0.000000,0.000000
3.125000,0.372068,-0.144829,0.428866,0.841698,-0.530027,-0.102075,0.013996,0.000000,2.000000,1.000000,-0.000000,0.000000
3.130000,0.372183,-0.144378,0.428893,0.841943,-0.529632,-0.102108,0.014015,0.000000,2.000000,1.000000,0.000000,0.000000
3.135000,0.372301,-0.143918,0.428919,0.842192,-0.529228,-0.102141,0.014036,0.000000,2.000000,1.000000,-0.000000,0.000000
3.140000,0.372423,-0.143447,0.428945,0.842447,-0.528815,-0.102173,0.014059,0.000000,2.000000,1.000000,-0.000000,0.000000
3.145000,0.372548,-0.142968,0.428970,0.842707,-0.528394,-0.102205,0.014083,0.000000,2.000000,1.000000,0.000000,0.000000
3.150000,0.372676,-0.142478,0.428994,0.842972,-0.527965,-0.102236,0.014108,0.000000,2.000000,1.000000,-0.000000,0.000000
3.155000,0.372808,-0.141979,0.429018,0.843242,-0.527527,-0.102266,0.014136,0.000000,2.000000,1.000000,-0.000000,0.000000
3.160000,0.372942,-0.141471,0.429042,0.843517,-0.527081,-0.102296,0.014165,0.000000,2.000000,1.000000,0.000000,0.000000
3.165000,0.373080,-0.140953,0.429065,0.843797,-0.526626,-0.102324,0.014197,0.000000,2.000000,1.000000,0.000000,0.000000
3.170000,0.373222,-0.140425,0.429087,0.844082,-0.526163,-0.102351,0.014231,0.000000,2.000000,1.000000,-0.000000,0.000000
3.175000,0.373366,-0.139889,0.429110,0.844371,-0.525692,-0.102378,0.014268,0.000000,2.000000,1.000000,-0.000000,0.000000
3.180000,0.373513,-0.139343,0.429131,0.844665,-0.525214,-0.102403,0.014307,0.000000,2.000000,1.000000,-0.000000,0.000000
3.185000,0.373663,-0.138788,0.429153,0.844964,-0.524727,-0.102426,0.014350,0.000000,2.000000,1.000000,0.000000,0.000000
3.190000,0.373815,-0.138224,0.429174,0.845268,-0.524232,-0.102449,0.014395,0.000000,2.000000,1.000000,0.000000,0.000000
3.195000,0.373971,-0.137651,0.429195,0.845575,-0.523731,-0.102470,0.014444,0.000000,2.000000,1.000000,0.000000,0.000000
3.200000,0.374129,-0.137069,0.429216,0.845887,-0.523221,-0.102489,0.014496,0.000000,2.000000,1.000000,0.000000,0.000000
3.205000,0.374289,-0.136478,0.429237,0.846204,-0.522704,-0.102507,0.014552,0.000000,2.000000,1.000000,-0.000000,0.000000
3.210000,0.374452,-0.135879,0.429258,0.846524,-0.522180,-0.102524,0.014611,0.000000,2.000000,1.000000,0.000000,0.000000
3.215000,0.374617,-0.135272,0.429278,0.846848,-0.521650,-0.102539,0.014674,0.000000,2.000000,1.000000,-0.000000,0.000000
3.220000,0.374784,-0.134656,0.429299,0.847177,-0.521112,-0.102553,0.014741,0.000000,2.000000,1.000000,-0.000000,0.000000
3.225000,0.374952,-0.134032,0.429319,0.847508,-0.520568,-0.102565,0.014812,0.000000,2.000000,1.000000,0.000000,0.000000
3.230000,0.375123,-0.133400,0.429340,0.847844,-0.520017,-0.102575,0.014888,0.000000,2.000000,1.000000,-0.000000,0.000000
3.235000,0.375295,-0.132760,0.429361,0.848183,-0.519460,-0.102583,0.014967,0.000000,2.000000,1.000000,-0.000000,0.000000
3.240000,0.375469,-0.132112,0.429382,0.848525,-0.518897,-0.102590,0.015051,0.000000,2.000000,1.000000,-0.000000,0.000000
3.245000,0.375644,-0.131457,0.429403,0.848871,-0.518327,-0.102595,0.015139,0.000000,2.000000,1.000000,-0.000000,0.000000
3.250000,0.375821,-0.130795,0.429424,0.849220,-0.517753,-0.102598,0.015232,0.000000,2.000000,1.000000,-0.000000,0.000000
3.255000,0.375998,-0.130125,0.429446,0.849571,-0.517172,-0.102599,0.015330,0.000000,2.000000,1.000000,-0.000000,0.000000
3.260000,0.376177,-0.129448,0.429468,0.849926,-0.516586,-0.102599,0.015432,0.000000,2.000000,1.000000,0.000000,0.000000
3.265000,0.376356,-0.128765,0.429491,0.850283,-0.515995,-0.102596,0.015538,0.000000,2.000000,1.000000,-0.000000,0.000000
3.270000,0.376537,-0.128075,0.429514,0.850643,-0.515399,-0.102592,0.015650,0.000000,2.000000,1.000000,0.000000,0.000000
3.275000,0.376717,-0.127379,0.429537,0.851006,-0.514798,-0.102586,0.015765,0.000000,2.000000,1.000000,0.000000,0.000000
3.280000,0.376899,-0.126676,0.429561,0.851370,-0.514193,-0.102578,0.015886,0.000000,2.000000,1.000000,0.000000,0.000000
3.285000,0.377081,-0.125967,0.429585,0.851738,-0.513582,-0.102567,0.016011,0.000000,2.000000,1.000000,0.000000,0.000000
3.290000,0.377263,-0.125253,0.429610,0.852107,-0.512968,-0.102555,0.016140,0.000000,2.000000,1.000000,-0.000000,0.000000
3.295000,0.377446,-0.124532,0.429635,0.852478,-0.512349,-0.102541,0.016274,0.000000,2.000000,1.000000,-0.000000,0.000000
3.300000,0.377628,-0.123806,0.429661,0.852852,-0.511726,-0.102524,0.016412,0.000000,2.000000,1.000000,-0.000000,0.000000
3.305000,0.377811,-0.123075,0.429688,0.853227,-0.511099,-0.102505,0.016555,0.000000,2.000000,1.000000,-0.000000,0.000000
3.310000,0.377994,-0.122338,0.429715,0.853604,-0.510468,-0.102485,0.016702,0.000000,2.000000,1.000000,0.000000,0.000000
3.315000,0.378176,-0.121597,0.429743,0.853983,-0.509833,-0.102462,0.016852,0.000000,2.000000,1.000000,-0.000000,0.000000
3.320000,0.378359,-0.120850,0.429772,0.854364,-0.509195,-0.102436,0.017007,0.000000,2.000000,1.000000,0.000000,0.000000
3.325000,0.378541,-0.120099,0.429801,0.854746,-0.508554,-0.102409,0.017166,0.000000,2.000000,1.000000,-0.000000,0.000000
3.330000,0.378722,-0.119343,0.429831,0.855130,-0.507909,-0.102379,0.017329,0.000000,2.000000,1.000000,-0.000000,0.000000
3.335000,0.378903,-0.118583,0.429862,0.855515,-0.507261,-0.102347,0.017495,0.000000,2.000000,1.000000,-0.000000,0.000000
3.340000,0.379084,-0.117818,0.429894,0.855901,-0.506610,-0.102313,0.017666,0.000000,2.000000,1.000000,-0.000000,0.000000
3.345000,0.379263,-0.117049,0.429927,0.856288,-0.505956,-0.102277,0.017840,0.000000,2.000000,1.000000,0.000000,0.000000
3.350000,0.379442,-0.116277,0.429960,0.856677,-0.505300,-0.102238,0.018017,0.000000,2.000000,1.000000,-0.000000,0.000000
3.355000,0.379620,-0.115500,0.429995,0.857066,-0.504641,-0.102197,0.018198,0.000000,2.000000,1.000000,0.000000,0.000000
3.360000,0.379797,-0.114720,0.430030,0.857457,-0.503979,-0.102154,0.018382,0.000000,2.000000,1.000000,-0.000000,0.000000
3.365000,0.379973,-0.113937,0.430067,0.857848,-0.503316,-0.102108,0.018570,0.000000,2.000000,1.000000,-0.000000,0.000000
3.370000,0.380148,-0.113150,0.430105,0.858239,-0.502650,-0.102060,0.018760,0.000000,2.000000,1.000000,-0.000000,0.000000
3.375000,0.380321,-0.112360,0.430144,0.858632,-0.501982,-0.102011,0.018954,0.000000,2.000000,1.000000,-0.000000,0.000000
3.380000,0.380493,-0.111566,0.430184,0.859025,-0.501312,-0.101958,0.019150,0.000000,2.000000,1.000000,0.000000,0.000000
3.385000,0.380663,-0.110770,0.430225,0.859418,-0.500641,-0.101904,0.019349,0.000000,2.000000,1.000000,-0.000000,0.000000
3.390000,0.380832,-0.109971,0.430268,0.859812,-0.499968,-0.101848,0.019550,0.000000,2.000000,1.000000,-0.000000,0.000000
3.395000,0.380999,-0.109168,0.430311,0.860206,-0.499293,-0.101790,0.019753,0.000000,2.000000,1.000000,0.000000,0.000000
3.400000,0.381164,-0.108363,0.430356,0.860601,-0.498617,-0.101731,0.019958,0.000000,2.000000,1.000000,-0.000000,0.000000
3.405000,0.381328,-0.107555,0.430403,0.860996,-0.497939,-0.101669,0.020164,0.000000,2.000000,1.000000,-0.000000,0.000000
3.410000,0.381489,-0.106744,0.430451,0.861391,-0.497260,-0.101605,0.020372,0.000000,2.000000,1.000000,-0.000000,0.000000
3.415000,0.381649,-0.105930,0.430500,0.861786,-0.496580,-0.101540,0.020581,0.000000,2.000000,1.000000,-0.000000,0.000000
3.420000,0.381806,-0.105114,0.430551,0.862181,-0.495898,-0.101473,0.020791,0.000000,2.000000,1.000000,-0.000000,0.000000
3.425000,0.381962,-0.104295,0.430603,0.862576,-0.495216,-0.101404,0.021002,0.000000,2.000000,1.000000,-0.000000,0.000000
3.430000,0.382115,-0.103474,0.430656,0.862971,-0.494532,-0.101334,0.021213,0.000000,2.000000,1.000000,-0.000000,0.000000
3.435000,0.382266,-0.102650,0.430711,0.863366,-0.493847,-0.101263,0.021425,0.000000,2.000000,1.000000,0.000000,0.000000
3.440000,0.382414,-0.101823,0.430768,0.863762,-0.493161,-0.101191,0.021636,0.000000,2.000000,1.000000,-0.000000,0.000000
3.445000,0.382560,-0.100994,0.430826,0.864157,-0.492475,-0.101117,0.021847,0.000000,2.000000,1.000000,-0.000000,0.000000
3.450000,0.382704,-0.100162,0.430886,0.864552,-0.491787,-0.101042,0.022058,0.000000,2.000000,1.000000,0.000000,0.000000
3.455000,0.382845,-0.099327,0.430947,0.864946,-0.491099,-0.100966,0.022268,0.000000,2.000000,1.000000,-0.000000,0.000000
3.460000,0.382983,-0.098491,0.431010,0.865341,-0.490409,-0.100890,0.022478,0.000000,2.000000,1.000000,0.000000,0.000000
3.465000,0.383118,-0.097651,0.431074,0.865735,-0.489720,-0.100814,0.022687,0.000000,2.000000,1.000000,-0.000000,0.000000
3.470000,0.383250,-0.096809,0.431139,0.866128,-0.489029,-0.100737,0.022894,0.000000,2.000000,1.000000,0.000000,0.000000
3.475000,0.383380,-0.095965,0.431207,0.866522,-0.488338,-0.100660,0.023100,0.000000,2.000000,1.000000,-0.000000,0.000000
3.480000,0.383506,-0.095118,0.431275,0.866914,-0.487647,-0.100583,0.023305,0.000000,2.000000,1.000000,-0.000000,0.000000
3.485000,0.383630,-0.094269,0.431346,0.867307,-0.486955,-0.100506,0.023509,0.000000,2.000000,1.000000,0.000000,0.000000
3.490000,0.383750,-0.093417,0.431417,0.867699,-0.486262,-0.100429,0.023711,0.000000,2.000000,1.000000,0.000000,0.000000
3.495000,0.383867,-0.092563,0.431491,0.868090,-0.485569,-0.100353,0.023911,0.000000,2.000000,1.000000,0.000000,0.000000
3.500000,0.383980,-0.091706,0.431565,0.868480,-0.484876,-0.100277,0.024109,0.000000,2.000000,1.000000,-0.000000,0.000000
3.505000,0.384090,-0.090848,0.431641,0.868870,-0.484183,-0.100202,0.024305,0.000000,2.000000,1.000000,-0.000000,0.000000
3.510000,0.384196,-0.089986,0.431718,0.869259,-0.483490,-0.100128,0.024499,0.000000,2.000000,1.000000,0.000000,0.000000
3.515000,0.384299,-0.089123,0.431797,0.869648,-0.482796,-0.100055,0.024691,0.000000,2.000000,1.000000,-0.000000,0.000000
3.520000,0.384398,-0.088258,0.431876,0.870036,-0.482102,-0.099982,0.024880,0.000000,2.000000,1.000000,-0.000000,0.000000
3.525000,0.384494,-0.087390,0.431957,0.870423,-0.481408,-0.099910,0.025066,0.000000,2.000000,1.000000,0.000000,0.000000
3.530000,0.384585,-0.086521,0.432038,0.870809,-0.480715,-0.099839,0.025249,0.000000,2.000000,1.000000,0.000000,0.000000
3.535000,0.384673,-0.085650,0.432120,0.871194,-0.480022,-0.099768,0.025430,0.000000,2.000000,1.000000,0.000000,0.000000
3.540000,0.384756,-0.084777,0.432203,0.871578,-0.479328,-0.099698,0.025607,0.000000,2.000000,1.000000,0.000000,0.000000
3.545000,0.384835,-0.083902,0.432286,0.871962,-0.478636,-0.099628,0.025782,0.000000,2.000000,1.000000,0.000000,0.000000
3.550000,0.384910,-0.083026,0.432369,0.872344,-0.477943,-0.099558,0.025953,0.000000,2.000000,1.000000,-0.000000,0.000000
3.555000,0.384981,-0.082149,0.432453,0.872726,-0.477252,-0.099490,0.026120,0.000000,2.000000,1.000000,0.000000,0.000000
3.560000,0.385047,-0.081270,0.432537,0.873106,-0.476560,-0.099421,0.026285,0.000000,2.000000,1.000000,-0.000000,0.000000
3.565000,0.385108,-0.080390,0.432621,0.873486,-0.475870,-0.099353,0.026445,0.000000,2.000000,1.000000,-0.000000,0.000000
3.570000,0.385166,-0.079509,0.432706,0.873864,-0.475180,-0.099285,0.026603,0.000000,2.000000,1.000000,-0.000000,0.000000
3.575000,0.385218,-0.078627,0.432790,0.874241,-0.474492,-0.099217,0.026757,0.000000,2.000000,1.000000,0.000000,0.000000
3.580000,0.385267,-0.077744,0.432874,0.874617,-0.473804,-0.099150,0.026907,0.000000,2.000000,1.000000,-0.000000,0.000000
3.585000,0.385310,-0.076860,0.432958,0.874992,-0.473117,-0.099082,0.027054,0.000000,2.000000,1.000000,0.000000,0.000000
3.590000,0.385349,-0.075976,0.433041,0.875366,-0.472431,-0.099015,0.027196,0.000000,2.000000,1.000000,-0.000000,0.000000
3.595000,0.385383,-0.075091,0.433124,0.875739,-0.471746,-0.098948,0.027335,0.000000,2.000000,1.000000,0.000000,0.000000
3.600000,0.385413,-0.074205,0.433207,0.876110,-0.471062,-0.098881,0.027470,0.000000,2.000000,1.000000,-0.000000,0.000000
3.605000,0.385438,-0.073319,0.433289,0.876480,-0.470380,-0.098815,0.027601,0.000000,2.000000,1.000000,0.000000,0.000000
3.610000,0.385457,-0.072433,0.433370,0.876848,-0.469699,-0.098748,0.027727,0.000000,2.000000,1.000000,-0.000000,0.000000
3.615000,0.385472,-0.071546,0.433451,0.877216,-0.469019,-0.098682,0.027849,0.000000,2.000000,1.000000,0.000000,0.000000
3.620000,0.385483,-0.070660,0.433530,0.877582,-0.468341,-0.098616,0.027967,0.000000,2.000000,1.000000,0.000000,0.000000
3.625000,0.385488,-0.069773,0.433609,0.877946,-0.467664,-0.098551,0.028081,0.000000,2.000000,1.000000,0.000000,0.000000
3.630000,0.385489,-0.068885,0.433687,0.878310,-0.466988,-0.098485,0.028189,0.000000,2.000000,1.000000,0.000000,0.000000
3.635000,0.385485,-0.067998,0.433763,0.878672,-0.466314,-0.098421,0.028292,0.000000,2.000000,1.000000,-0.000000,0.000000
3.640000,0.385476,-0.067110,0.433838,0.879033,-0.465640,-0.098356,0.028391,0.000000,2.000000,1.000000,-0.000000,0.000000
3.645000,0.385463,-0.066223,0.433912,0.879393,-0.464969,-0.098292,0.028484,0.000000,2.000000,1.000000,-0.000000,0.000000
3.650000,0.385445,-0.065335,0.433984,0.879751,-0.464298,-0.098228,0.028572,0.000000,2.000000,1.000000,-0.000000,0.000000
3.655000,0.385422,-0.064448,0.434055,0.880109,-0.463629,-0.098165,0.028654,0.000000,2.000000,1.000000,-0.000000,0.000000
3.660000,0.385395,-0.063560,0.434125,0.880465,-0.462961,-0.098101,0.028731,0.000000,2.000000,1.000000,0.000000,0.000000
3.665000,0.385364,-0.062673,0.434193,0.880820,-0.462294,-0.098038,0.028803,0.000000,2.000000,1.000000,-0.000000,0.000000
3.670000,0.385328,-0.061786,0.434260,0.881174,-0.461628,-0.097974,0.028868,0.000000,2.000000,1.000000,-0.000000,0.000000
3.675000,0.385288,-0.060899,0.434325,0.881527,-0.460963,-0.097910,0.028928,0.000000,2.000000,1.000000,-0.000000,0.000000
3.680000,0.385244,-0.060012,0.434389,0.881879,-0.460300,-0.097846,0.028982,0.000000,2.000000,1.000000,-0.000000,0.000000
3.685000,0.385196,-0.059126,0.434452,0.882230,-0.459638,-0.097782,0.029031,0.000000,2.000000,1.000000,-0.000000,0.000000
3.690000,0.385143,-0.058240,0.434513,0.882580,-0.458976,-0.097718,0.029073,0.000000,2.000000,1.000000,-0.000000,0.000000
3.695000,0.385087,-0.057354,0.434573,0.882928,-0.458316,-0.097653,0.029110,0.000000,2.000000,1.000000,0.000000,0.000000
3.700000,0.385027,-0.056470,0.434632,0.883276,-0.457658,-0.097588,0.029141,0.000000,2.000000,1.000000,0.000000,0.000000
3.705000,0.384963,-0.055585,0.434689,0.883623,-0.457000,-0.097523,0.029166,0.000000,2.000000,1.000000,0.000000,0.000000
3.710000,0.384895,-0.054701,0.434745,0.883969,-0.456343,-0.097457,0.029185,0.000000,2.000000,1.000000,0.000000,0.000000
3.715000,0.384823,-0.053818,0.434800,0.884314,-0.455688,-0.097391,0.029197,0.000000,2.000000,1.000000,-0.000000,0.000000
3.720000,0.384747,-0.052936,0.434854,0.884658,-0.455034,-0.097324,0.029204,0.000000,2.000000,1.000000,0.000000,0.000000
3.725000,0.384668,-0.052055,0.434907,0.885000,-0.454382,-0.097257,0.029205,0.000000,2.000000,1.000000,0.000000,0.000000
3.730000,0.384585,-0.051174,0.434958,0.885342,-0.453730,-0.097190,0.029199,0.000000,2.000000,1.000000,-0.000000,0.000000
3.735000,0.384498,-0.050294,0.435008,0.885683,-0.453080,-0.097123,0.029187,0.000000,2.000000,1.000000,-0.000000,0.000000
3.740000,0.384408,-0.049415,0.435057,0.886022,-0.452431,-0.097056,0.029169,0.000000,2.000000,1.000000,-0.000000,0.000000
3.745000,0.384314,-0.048538,0.435105,0.886361,-0.451784,-0.096988,0.029144,0.000000,2.000000,1.000000,0.000000,0.000000
3.750000,0.384217,-0.047661,0.435152,0.886698,-0.451138,-0.096921,0.029113,0.000000,2.000000,1.000000,-0.000000,0.000000
3.755000,0.384117,-0.046785,0.435198,0.887034,-0.450493,-0.096853,0.029076,0.000000,2.000000,1.000000,-0.000000,0.000000
3.760000,0.384013,-0.045911,0.435242,0.887370,-0.449849,-0.096785,0.029033,0.000000,2.000000,1.000000,0.000000,0.000000
3.765000,0.383906,-0.045038,0.435286,0.887704,-0.449207,-0.096717,0.028984,0.000000,2.000000,1.000000,0.000000,0.000000
3.770000,0.383796,-0.044166,0.435329,0.888038,-0.448565,-0.096648,0.028928,0.000000,2.000000,1.000000,-0.000000,0.000000
3.775000,0.383684,-0.043295,0.435371,0.888371,-0.447925,-0.096579,0.028867,0.000000,2.000000,1.000000,0.000000,0.000000
3.780000,0.383569,-0.042426,0.435412,0.888703,-0.447285,-0.096510,0.028799,0.000000,2.000000,1.000000,0.000000,0.000000
3.785000,0.383451,-0.041559,0.435452,0.889034,-0.446647,-0.096440,0.028726,0.000000,2.000000,1.000000,0.000000,0.000000
3.790000,0.383331,-0.040693,0.435492,0.889364,-0.446009,-0.096369,0.028647,0.000000,2.000000,1.000000,0.000000,0.000000
3.795000,0.383208,-0.039829,0.435531,0.889694,-0.445372,-0.096298,0.028562,0.000000,2.000000,1.000000,0.000000,0.000000
3.800000,0.383083,-0.038967,0.435569,0.890022,-0.444736,-0.096225,0.028472,0.000000,2.000000,1.000000,-0.000000,0.000000
3.805000,0.382957,-0.038107,0.435607,0.890351,-0.444101,-0.096152,0.028377,0.000000,2.000000,1.000000,0.000000,0.000000
3.810000,0.382829,-0.037248,0.435645,0.890678,-0.443466,-0.096077,0.028277,0.000000,2.000000,1.000000,0.000000,0.000000
3.815000,0.382699,-0.036392,0.435682,0.891005,-0.442832,-0.096001,0.028172,0.000000,2.000000,1.000000,-0.000000,0.000000
3.820000,0.382568,-0.035539,0.435720,0.891332,-0.442198,-0.095923,0.028062,0.000000,2.000000,1.000000,0.000000,0.000000
3.825000,0.382435,-0.034687,0.435757,0.891658,-0.441565,-0.095844,0.027948,0.000000,2.000000,1.000000,0.000000,0.000000
3.830000,0.382301,-0.033838,0.435794,0.891983,-0.440932,-0.095764,0.027830,0.000000,2.000000,1.000000,-0.000000,0.000000
3.835000,0.382166,-0.032992,0.435832,0.892308,-0.440300,-0.095681,0.027708,0.000000,2.000000,1.000000,0.000000,0.000000
3.840000,0.382031,-0.032149,0.435870,0.892632,-0.439669,-0.095597,0.027582,0.000000,2.000000,1.000000,-0.000000,0.000000
3.845000,0.381894,-0.031309,0.435908,0.892955,-0.439039,-0.095510,0.027454,0.000000,2.000000,1.000000,0.000000,0.000000
3.850000,0.381757,-0.030471,0.435947,0.893278,-0.438409,-0.095421,0.027322,0.000000,2.000000,1.000000,0.000000,0.000000
3.855000,0.381619,-0.029637,0.435987,0.893601,-0.437779,-0.095331,0.027186,0.000000,2.000000,1.000000,0.000000,0.000000
3.860000,0.381481,-0.028807,0.436027,0.893923,-0.437151,-0.095238,0.027048,0.000000,2.000000,1.000000,-0.000000,0.000000
3.865000,0.381343,-0.027979,0.436068,0.894244,-0.436523,-0.095143,0.026908,0.000000,2.000000,1.000000,0.000000,0.000000
3.870000,0.381204,-0.027156,0.436109,0.894564,-0.435895,-0.095046,0.026765,0.000000,2.000000,1.000000,0.000000,0.000000
3.875000,0.381065,-0.026336,0.436152,0.894884,-0.435269,-0.094947,0.026621,0.000000,2.000000,1.000000,0.000000,0.000000
3.880000,0.380927,-0.025520,0.436196,0.895203,-0.434643,-0.094845,0.026475,0.000000,2.000000,1.000000,-0.000000,0.000000
3.885000,0.380788,-0.024709,0.436240,0.895521,-0.434019,-0.094741,0.026328,0.000000,2.000000,1.000000,-0.000000,0.000000
3.890000,0.380650,-0.023901,0.436286,0.895839,-0.433395,-0.094635,0.026179,0.000000,2.000000,1.000000,0.000000,0.000000
3.895000,0.380512,-0.023098,0.436332,0.896156,-0.432772,-0.094527,0.026029,0.000000,2.000000,1.000000,-0.000000,0.000000
3.900000,0.380374,-0.022299,0.436380,0.896472,-0.432151,-0.094416,0.025879,0.000000,2.000000,1.000000,-0.000000,0.000000
3.905000,0.380237,-0.021506,0.436429,0.896787,-0.431530,-0.094304,0.025729,0.000000,2.000000,1.000000,0.000000,0.000000
3.910000,0.380100,-0.020716,0.436479,0.897101,-0.430911,-0.094190,0.025578,0.000000,2.000000,1.000000,0.000000,0.000000
3.915000,0.379964,-0.019932,0.436530,0.897414,-0.430293,-0.094074,0.025427,0.000000,2.000000,1.000000,0.000000,0.000000
3.920000,0.379829,-0.019152,0.436581,0.897726,-0.429676,-0.093956,0.025276,0.000000,2.000000,1.000000,0.000000,0.000000
3.925000,0.379694,-0.018377,0.436634,0.898037,-0.429061,-0.093837,0.025125,0.000000,2.000000,1.000000,0.000000,0.000000
3.930000,0.379561,-0.017607,0.436688,0.898347,-0.428447,-0.093716,0.024975,0.000000,2.000000,1.000000,-0.000000,0.000000
3.935000,0.379428,-0.016843,0.436742,0.898656,-0.427834,-0.093594,0.024825,0.000000,2.000000,1.000000,-0.000000,0.000000
3.940000,0.379295,-0.016083,0.436798,0.898963,-0.427223,-0.093472,0.024676,0.000000,2.000000,1.000000,0.000000,0.000000
3.945000,0.379164,-0.015329,0.436854,0.899270,-0.426613,-0.093348,0.024528,0.000000,2.000000,1.000000,-0.000000,0.000000
3.950000,0.379034,-0.014580,0.436910,0.899575,-0.426005,-0.093223,0.024381,0.000000,2.000000,1.000000,0.000000,0.000000
3.955000,0.378905,-0.013837,0.436967,0.899878,-0.425399,-0.093098,0.024235,0.000000,2.000000,1.000000,0.000000,0.000000
3.960000,0.378776,-0.013099,0.437025,0.900181,-0.424794,-0.092973,0.024090,0.000000,2.000000,1.000000,-0.000000,0.000000
3.965000,0.378649,-0.012366,0.437082,0.900482,-0.424192,-0.092847,0.023946,0.000000,2.000000,1.000000,-0.000000,0.000000
3.970000,0.378523,-0.011639,0.437140,0.900781,-0.423591,-0.092721,0.023804,0.000000,2.000000,1.000000,-0.000000,0.000000
3.975000,0.378399,-0.010918,0.437199,0.901079,-0.422992,-0.092594,0.023664,0.000000,2.000000,1.000000,0.000000,0.000000
3.980000,0.378275,-0.010203,0.437257,0.901376,-0.422395,-0.092468,0.023526,0.000000,2.000000,1.000000,-0.000000,0.000000
3.985000,0.378153,-0.009494,0.437314,0.901671,-0.421801,-0.092342,0.023390,0.000000,2.000000,1.000000,-0.000000,0.000000
3.990000,0.378032,-0.008791,0.437372,0.901964,-0.421208,-0.092217,0.023255,0.000000,2.000000,1.000000,-0.000000,0.000000
3.995000,0.377912,-0.008093,0.437429,0.902256,-0.420618,-0.092091,0.023122,0.000000,2.000000,1.000000,-0.000000,0.000000
4.000000,0.377794,-0.007402,0.437486,0.902546,-0.420029,-0.091967,0.022992,0.000000,2.000000,1.000000,0.000000,0.000000
4.005000,0.377677,-0.006716,0.437542,0.902834,-0.419443,-0.091843,0.022863,0.000000,2.000000,1.000000,-0.000000,0.000000
4.010000,0.377562,-0.006037,0.437597,0.903121,-0.418860,-0.091719,0.022737,0.000000,2.000000,1.000000,-0.000000,0.000000
4.015000,0.377448,-0.005364,0.437651,0.903406,-0.418278,-0.091597,0.022613,0.000000,2.000000,1.000000,0.000000,0.000000
4.020000,0.377336,-0.004697,0.437704,0.903689,-0.417700,-0.091476,0.022490,0.000000,2.000000,1.000000,-0.000000,0.000000
4.025000,0.377226,-0.004036,0.437756,0.903970,-0.417123,-0.091356,0.022370,0.000000,2.000000,1.000000,-0.000000,0.000000
4.030000,0.377117,-0.003381,0.437807,0.904250,-0.416549,-0.091237,0.022252,0.000000,2.000000,1.000000,0.000000,0.000000
4.035000,0.377010,-0.002733,0.437856,0.904528,-0.415977,-0.091119,0.022136,0.000000,2.000000,1.000000,0.000000,0.000000
4.040000,0.376905,-0.002090,0.437903,0.904804,-0.415407,-0.091003,0.022022,0.000000,2.000000,1.000000,0.000000,0.000000
4.045000,0.376802,-0.001454,0.437949,0.905078,-0.414840,-0.090888,0.021910,0.000000,2.000000,1.000000,0.000000,0.000000
4.050000,0.376701,-0.000824,0.437994,0.905351,-0.414275,-0.090775,0.021801,0.000000,2.000000,1.000000,0.000000,0.000000
4.055000,0.376602,-0.000200,0.438036,0.905622,-0.413713,-0.090664,0.021693,0.000000,2.000000,1.000000,0.000000,0.000000
4.060000,0.376504,0.000419,0.438076,0.905891,-0.413153,-0.090554,0.021587,0.000000,2.000000,1.000000,0.000000,0.000000
4.065000,0.376409,0.001031,0.438115,0.906159,-0.412595,-0.090446,0.021483,0.000000,2.000000,1.000000,-0.000000,0.000000
4.070000,0.376316,0.001637,0.438151,0.906424,-0.412039,-0.090339,0.021381,0.000000,2.000000,1.000000,0.000000,0.000000
4.075000,0.376226,0.002238,0.438185,0.906689,-0.411486,-0.090235,0.021281,0.000000,2.000000,1.000000,0.000000,0.000000
4.080000,0.376137,0.002832,0.438217,0.906951,-0.410935,-0.090132,0.021183,0.000000,2.000000,1.000000,-0.000000,0.000000
4.085000,0.376051,0.003421,0.438247,0.907211,-0.410387,-0.090030,0.021088,0.000000,2.000000,1.000000,-0.000000,0.000000
4.090000,0.375967,0.004004,0.438275,0.907470,-0.409840,-0.089931,0.020994,0.000000,2.000000,1.000000,0.000000,0.000000
4.095000,0.375886,0.004581,0.438300,0.907728,-0.409296,-0.089834,0.020902,0.000000,2.000000,1.000000,-0.000000,0.000000
4.100000,0.375807,0.005152,0.438323,0.907983,-0.408754,-0.089738,0.020813,0.000000,2.000000,1.000000,-0.000000,0.000000
4.105000,0.375730,0.005718,0.438344,0.908237,-0.408215,-0.089644,0.020726,0.000000,2.000000,1.000000,-0.000000,0.000000
4.110000,0.375656,0.006278,0.438362,0.908490,-0.407677,-0.089552,0.020641,0.000000,2.000000,1.000000,0.000000,0.000000
4.115000,0.375584,0.006832,0.438378,0.908740,-0.407142,-0.089462,0.020558,0.000000,2.000000,1.000000,0.000000,0.000000
4.120000,0.375515,0.007380,0.438391,0.908989,-0.406610,-0.089374,0.020477,0.000000,2.000000,1.000000,-0.000000,0.000000
4.125000,0.375449,0.007924,0.438402,0.909237,-0.406079,-0.089287,0.020399,0.000000,2.000000,1.000000,0.000000,0.000000
4.130000,0.375384,0.008461,0.438411,0.909482,-0.405551,-0.089203,0.020323,0.000000,2.000000,1.000000,0.000000,0.000000
4.135000,0.375323,0.008994,0.438418,0.909726,-0.405025,-0.089120,0.020249,0.000000,2.000000,1.000000,-0.000000,0.000000
4.140000,0.375264,0.009521,0.438422,0.909969,-0.404501,-0.089038,0.020177,0.000000,2.000000,1.000000,-0.000000,0.000000
4.145000,0.375208,0.010043,0.438423,0.910210,-0.403980,-0.088959,0.020108,0.000000,2.000000,1.000000,-0.000000,0.000000
4.150000,0.375154,0.010559,0.438423,0.910450,-0.403460,-0.088881,0.020040,0.000000,2.000000,1.000000,-0.000000,0.000000
4.155000,0.375103,0.011071,0.438420,0.910687,-0.402943,-0.088805,0.019975,0.000000,2.000000,1.000000,-0.000000,0.000000
4.160000,0.375055,0.011577,0.438415,0.910924,-0.402428,-0.088731,0.019912,0.000000,2.000000,1.000000,0.000000,0.000000
4.165000,0.375009,0.012079,0.438408,0.911159,-0.401914,-0.088659,0.019852,0.000000,2.000000,1.000000,0.000000,0.000000
4.170000,0.374966,0.012576,0.438398,0.911392,-0.401403,-0.088589,0.019793,0.000000,2.000000,1.000000,0.000000,0.000000
4.175000,0.374925,0.013068,0.438386,0.911624,-0.400894,-0.088520,0.019737,0.000000,2.000000,1.000000,-0.000000,0.000000
4.180000,0.374887,0.013556,0.438373,0.911855,-0.400386,-0.088453,0.019683,0.000000,2.000000,1.000000,0.000000,0.000000
4.185000,0.374852,0.014039,0.438357,0.912084,-0.399881,-0.088388,0.019631,0.000000,2.000000,1.000000,0.000000,0.000000
4.190000,0.374819,0.014518,0.438339,0.912312,-0.399377,-0.088325,0.019581,0.000000,2.000000,1.000000,0.000000,0.000000
4.195000,0.374788,0.014992,0.438320,0.912539,-0.398875,-0.088263,0.019533,0.000000,2.000000,1.000000,0.000000,0.000000
4.200000,0.374760,0.015463,0.438298,0.912764,-0.398375,-0.088204,0.019488,0.000000,2.000000,1.000000,-0.000000,0.000000
4.205000,0.374735,0.015930,0.438275,0.912988,-0.397876,-0.088146,0.019444,0.000000,2.000000,1.000000,-0.000000,0.000000
4.210000,0.374712,0.016393,0.438250,0.913210,-0.397379,-0.088090,0.019402,0.000000,2.000000,1.000000,0.000000,0.000000
4.215000,0.374691,0.016852,0.438224,0.913432,-0.396884,-0.088037,0.019363,0.000000,2.000000,1.000000,-0.000000,0.000000
4.220000,0.374673,0.017308,0.438195,0.913652,-0.396390,-0.087985,0.019325,0.000000,2.000000,1.000000,0.000000,0.000000
4.225000,0.374657,0.017760,0.438166,0.913871,-0.395898,-0.087935,0.019289,0.000000,2.000000,1.000000,-0.000000,0.000000
4.230000,0.374642,0.018209,0.438134,0.914089,-0.395407,-0.087888,0.019255,0.000000,2.000000,1.000000,-0.000000,0.000000
4.235000,0.374631,0.018655,0.438102,0.914305,-0.394918,-0.087842,0.019223,0.000000,2.000000,1.000000,0.000000,0.000000
4.240000,0.374620,0.019098,0.438068,0.914521,-0.394430,-0.087799,0.019193,0.000000,2.000000,1.000000,0.000000,0.000000
4.245000,0.374612,0.019538,0.438032,0.914735,-0.393944,-0.087758,0.019164,0.000000,2.000000,1.000000,0.000000,0.000000
4.250000,0.374606,0.019976,0.437996,0.914948,-0.393459,-0.087719,0.019137,0.000000,2.000000,1.000000,-0.000000,0.000000
4.255000,0.374602,0.020411,0.437958,0.915160,-0.392975,-0.087682,0.019111,0.000000,2.000000,1.000000,0.000000,0.000000
4.260000,0.374599,0.020843,0.437919,0.915371,-0.392492,-0.087648,0.019087,0.000000,2.000000,1.000000,-0.000000,0.000000
4.265000,0.374597,0.021273,0.437880,0.915580,-0.392011,-0.087616,0.019065,0.000000,2.000000,1.000000,0.000000,0.000000
4.270000,0.374598,0.021701,0.437839,0.915789,-0.391531,-0.087586,0.019044,0.000000,2.000000,1.000000,0.000000,0.000000
4.275000,0.374599,0.022127,0.437797,0.915997,-0.391052,-0.087559,0.019024,0.000000,2.000000,1.000000,0.000000,0.000000
4.280000,0.374602,0.022551,0.437755,0.916203,-0.390574,-0.087535,0.019005,0.000000,2.000000,1.000000,-0.000000,0.000000
4.285000,0.374606,0.022974,0.437712,0.916408,-0.390098,-0.087513,0.018988,0.000000,2.000000,1.000000,0.000000,0.000000
4.290000,0.374611,0.023394,0.437668,0.916613,-0.389623,-0.087493,0.018972,0.000000,2.000000,1.000000,0.000000,0.000000
4.295000,0.374617,0.023813,0.437623,0.916816,-0.389150,-0.087476,0.018957,0.000000,2.000000,1.000000,0.000000,0.000000
4.300000,0.374623,0.024230,0.437578,0.917018,-0.388677,-0.087461,0.018942,0.000000,2.000000,1.000000,0.000000,0.000000
4.305000,0.374631,0.024645,0.437532,0.917219,-0.388206,-0.087449,0.018929,0.000000,2.000000,1.000000,0.000000,0.000000
4.310000,0.374639,0.025059,0.437486,0.917419,-0.387737,-0.087440,0.018917,0.000000,2.000000,1.000000,0.000000,0.000000
4.315000,0.374647,0.025472,0.437438,0.917617,-0.387268,-0.087433,0.018904,0.000000,2.000000,1.000000,0.000000,0.000000
4.320000,0.374655,0.025883,0.437390,0.917815,-0.386802,-0.087428,0.018892,0.000000,2.000000,1.000000,0.000000,0.000000
4.325000,0.374664,0.026292,0.437342,0.918011,-0.386337,-0.087425,0.018879,0.000000,2.000000,1.000000,0.000000,0.000000
4.330000,0.374672,0.026701,0.437292,0.918206,-0.385873,-0.087424,0.018866,0.000000,2.000000,1.000000,0.000000,0.000000
4.335000,0.374679,0.027108,0.437242,0.918400,-0.385412,-0.087425,0.018853,0.000000,2.000000,1.000000,-0.000000,0.000000
4.340000,0.374686,0.027513,0.437192,0.918593,-0.384953,-0.087428,0.018839,0.000000,2.000000,1.000000,-0.000000,0.000000
4.345000,0.374693,0.027918,0.437141,0.918784,-0.384496,-0.087433,0.018824,0.000000,2.000000,1.000000,-0.000000,0.000000
4.350000,0.374698,0.028322,0.437089,0.918974,-0.384040,-0.087440,0.018809,0.000000,2.000000,1.000000,-0.000000,0.000000
4.355000,0.374702,0.028725,0.437038,0.919163,-0.383587,-0.087450,0.018792,0.000000,2.000000,1.000000,-0.000000,0.000000
4.360000,0.374705,0.029127,0.436986,0.919350,-0.383136,-0.087461,0.018775,0.000000,2.000000,1.000000,-0.000000,0.000000
4.365000,0.374707,0.029528,0.436933,0.919536,-0.382687,-0.087475,0.018756,0.000000,2.000000,1.000000,-0.000000,0.000000
4.370000,0.374708,0.029929,0.436881,0.919721,-0.382239,-0.087491,0.018737,0.000000,2.000000,1.000000,-0.000000,0.000000
4.375000,0.374707,0.030330,0.436828,0.919905,-0.381794,-0.087511,0.018716,0.000000,2.000000,1.000000,0.000000,0.000000
4.380000,0.374705,0.030730,0.436775,0.920087,-0.381350,-0.087533,0.018693,0.000000,2.000000,1.000000,-0.000000,0.000000
4.385000,0.374701,0.031130,0.436722,0.920269,-0.380908,-0.087558,0.018669,0.000000,2.000000,1.000000,0.000000,0.000000
4.390000,0.374696,0.031530,0.436668,0.920449,-0.380467,-0.087587,0.018643,0.000000,2.000000,1.000000,0.000000,0.000000
4.395000,0.374689,0.031930,0.436614,0.920627,-0.380028,-0.087619,0.018615,0.000000,2.000000,1.000000,0.000000,0.000000
4.400000,0.374681,0.032331,0.436560,0.920805,-0.379591,-0.087655,0.018585,0.000000,2.000000,1.000000,-0.000000,0.000000
4.405000,0.374670,0.032731,0.436506,0.920981,-0.379155,-0.087695,0.018553,0.000000,2.000000,1.000000,-0.000000,0.000000
4.410000,0.374658,0.033132,0.436451,0.921157,-0.378721,-0.087738,0.018518,0.000000,2.000000,1.000000,0.000000,0.000000
4.415000,0.374644,0.033533,0.436396,0.921331,-0.378288,-0.087786,0.018481,0.000000,2.000000,1.000000,-0.000000,0.000000
4.420000,0.374628,0.033935,0.436340,0.921503,-0.377857,-0.087838,0.018442,0.000000,2.000000,1.000000,-0.000000,0.000000
4.425000,0.374610,0.034337,0.436285,0.921675,-0.377428,-0.087894,0.018400,0.000000,2.000000,1.000000,0.000000,0.000000
4.430000,0.374591,0.034740,0.436229,0.921845,-0.377000,-0.087954,0.018355,0.000000,2.000000,1.000000,0.000000,0.000000
4.435000,0.374569,0.035143,0.436172,0.922014,-0.376573,-0.088019,0.018308,0.000000,2.000000,1.000000,0.000000,0.000000
4.440000,0.374545,0.035547,0.436116,0.922182,-0.376148,-0.088087,0.018258,0.000000,2.000000,1.000000,0.000000,0.000000
4.445000,0.374519,0.035951,0.436059,0.922349,-0.375724,-0.088161,0.018204,0.000000,2.000000,1.000000,0.000000,0.000000
4.450000,0.374491,0.036356,0.436001,0.922515,-0.375301,-0.088239,0.018146,0.000000,2.000000,1.000000,0.000000,0.000000
4.455000,0.374461,0.036762,0.435943,0.922679,-0.374880,-0.088321,0.018085,0.000000,2.000000,1.000000,0.000000,0.000000
4.460000,0.374428,0.037168,0.435884,0.922843,-0.374461,-0.088408,0.018020,0.000000,2.000000,1.000000,-0.000000,0.000000
4.465000,0.374393,0.037575,0.435825,0.923005,-0.374042,-0.088499,0.017951,0.000000,2.000000,1.000000,0.000000,0.000000
4.470000,0.374356,0.037982,0.435765,0.923166,-0.373625,-0.088594,0.017879,0.000000,2.000000,1.000000,-0.000000,0.000000
4.475000,0.374316,0.038390,0.435705,0.923326,-0.373210,-0.088694,0.017802,0.000000,2.000000,1.000000,0.000000,0.000000
4.480000,0.374275,0.038799,0.435643,0.923485,-0.372795,-0.088798,0.017721,0.000000,2.000000,1.000000,-0.000000,0.000000
4.485000,0.374230,0.039209,0.435581,0.923643,-0.372382,-0.088906,0.017635,0.000000,2.000000,1.000000,0.000000,0.000000
4.490000,0.374184,0.039620,0.435518,0.923800,-0.371970,-0.089019,0.017545,0.000000,2.000000,1.000000,0.000000,0.000000
4.495000,0.374134,0.040031,0.435454,0.923956,-0.371559,-0.089136,0.017450,0.000000,2.000000,1.000000,-0.000000,0.000000
4.500000,0.374083,0.040443,0.435389,0.924111,-0.371149,-0.089257,0.017350,0.000000,2.000000,1.000000,0.000000,0.000000
4.505000,0.374029,0.040855,0.435324,0.924265,-0.370740,-0.089382,0.017247,0.000000,2.000000,1.000000,0.000000,0.000000
4.510000,0.373973,0.041269,0.435257,0.924418,-0.370333,-0.089511,0.017138,0.000000,2.000000,1.000000,-0.000000,0.000000
4.515000,0.373915,0.041683,0.435190,0.924570,-0.369926,-0.089644,0.017026,0.000000,2.000000,1.000000,-0.000000,0.000000
4.520000,0.373854,0.042098,0.435122,0.924721,-0.369520,-0.089780,0.016908,0.000000,2.000000,1.000000,-0.000000,0.000000
4.525000,0.373791,0.042513,0.435053,0.924872,-0.369114,-0.089919,0.016787,0.000000,2.000000,1.000000,-0.000000,0.000000
4.530000,0.373727,0.042929,0.434983,0.925021,-0.368710,-0.090062,0.016661,0.000000,2.000000,1.000000,0.000000,0.000000
4.535000,0.373660,0.043346,0.434913,0.925170,-0.368306,-0.090208,0.016531,0.000000,2.000000,1.000000,0.000000,0.000000
4.540000,0.373591,0.043763,0.434842,0.925319,-0.367903,-0.090357,0.016397,0.000000,2.000000,1.000000,0.000000,0.000000
4.545000,0.373520,0.044181,0.434770,0.925466,-0.367500,-0.090509,0.016258,0.000000,2.000000,1.000000,0.000000,0.000000
4.550000,0.373448,0.044599,0.434698,0.925613,-0.367097,-0.090663,0.016116,0.000000,2.000000,1.000000,0.000000,0.000000
4.555000,0.373373,0.045018,0.434625,0.925760,-0.366695,-0.090820,0.015970,0.000000,2.000000,1.000000,0.000000,0.000000
4.560000,0.373297,0.045438,0.434551,0.925906,-0.366293,-0.090979,0.015820,0.000000,2.000000,1.000000,-0.000000,0.000000
4.565000,0.373220,0.045858,0.434477,0.926052,-0.365891,-0.091140,0.015667,0.000000,2.000000,1.000000,-0.000000,0.000000
4.570000,0.373141,0.046278,0.434402,0.926197,-0.365489,-0.091303,0.015510,0.000000,2.000000,1.000000,-0.000000,0.000000
4.575000,0.373061,0.046700,0.434327,0.926342,-0.365087,-0.091468,0.015349,0.000000,2.000000,1.000000,0.000000,0.000000
4.580000,0.372979,0.047121,0.434252,0.926486,-0.364685,-0.091634,0.015186,0.000000,2.000000,1.000000,0.000000,0.000000
4.585000,0.372897,0.047544,0.434176,0.926631,-0.364283,-0.091802,0.015019,0.000000,2.000000,1.000000,0.000000,0.000000
4.590000,0.372813,0.047966,0.434100,0.926775,-0.363881,-0.091972,0.014850,0.000000,2.000000,1.000000,-0.000000,0.000000
4.595000,0.372728,0.048389,0.434024,0.926919,-0.363478,-0.092142,0.014678,0.000000,2.000000,1.000000,0.000000,0.000000
4.600000,0.372642,0.048813,0.433948,0.927062,-0.363074,-0.092314,0.014503,0.000000,2.000000,1.000000,-0.000000,0.000000
4.605000,0.372556,0.049238,0.433872,0.927206,-0.362671,-0.092487,0.014325,0.000000,2.000000,1.000000,-0.000000,0.000000
4.610000,0.372468,0.049662,0.433796,0.927349,-0.362266,-0.092662,0.014145,0.000000,2.000000,1.000000,-0.000000,0.000000
4.615000,0.372380,0.050087,0.433720,0.927493,-0.361861,-0.092836,0.013963,0.000000,2.000000,1.000000,0.000000,0.000000
4.620000,0.372291,0.050513,0.433645,0.927636,-0.361456,-0.093012,0.013779,0.000000,2.000000,1.000000,0.000000,0.000000
4.625000,0.372202,0.050939,0.433569,0.927779,-0.361050,-0.093188,0.013593,0.000000,2.000000,1.000000,-0.000000,0.000000
4.630000,0.372112,0.051366,0.433494,0.927922,-0.360643,-0.093365,0.013406,0.000000,2.000000,1.000000,0.000000,0.000000
4.635000,0.372021,0.051792,0.433419,0.928066,-0.360235,-0.093543,0.013216,0.000000,2.000000,1.000000,0.000000,0.000000
4.640000,0.371930,0.052220,0.433344,0.928209,-0.359826,-0.093720,0.013026,0.000000,2.000000,1.000000,0.000000,0.000000
4.645000,0.371839,0.052648,0.433271,0.928352,-0.359417,-0.093898,0.012834,0.000000,2.000000,1.000000,0.000000,0.000000
4.650000,0.371747,0.053076,0.433198,0.928495,-0.359007,-0.094076,0.012640,0.000000,2.000000,1.000000,-0.000000,0.000000
4.655000,0.371655,0.053504,0.433125,0.928639,-0.358596,-0.094254,0.012447,0.000000,2.000000,1.000000,0.000000,0.000000
4.660000,0.371563,0.053933,0.433054,0.928782,-0.358185,-0.094431,0.012252,0.000000,2.000000,1.000000,0.000000,0.000000
4.665000,0.371470,0.054362,0.432984,0.928926,-0.357772,-0.094609,0.012056,0.000000,2.000000,1.000000,0.000000,0.000000
4.670000,0.371377,0.054792,0.432914,0.929069,-0.357359,-0.094785,0.011860,0.000000,2.000000,1.000000,0.000000,0.000000
4.675000,0.371284,0.055222,0.432846,0.929213,-0.356945,-0.094962,0.011664,0.000000,2.000000,1.000000,-0.000000,0.000000
4.680000,0.371190,0.055653,0.432779,0.929357,-0.356530,-0.095137,0.011468,0.000000,2.000000,1.000000,-0.000000,0.000000
4.685000,0.371096,0.056083,0.432714,0.929500,-0.356115,-0.095312,0.011271,0.000000,2.000000,1.000000,0.000000,0.000000
4.690000,0.371003,0.056514,0.432650,0.929644,-0.355698,-0.095486,0.011075,0.000000,2.000000,1.000000,-0.000000,0.000000
4.695000,0.370909,0.056946,0.432587,0.929788,-0.355281,-0.095660,0.010879,0.000000,2.000000,1.000000,0.000000,0.000000
4.700000,0.370814,0.057378,0.432526,0.929933,-0.354863,-0.095832,0.010684,0.000000,2.000000,1.000000,0.000000,0.000000
4.705000,0.370720,0.057810,0.432466,0.930077,-0.354444,-0.096003,0.010488,0.000000,2.000000,1.000000,0.000000,0.000000
4.710000,0.370625,0.058242,0.432408,0.930221,-0.354024,-0.096174,0.010294,0.000000,2.000000,1.000000,0.000000,0.000000
4.715000,0.370531,0.058675,0.432352,0.930366,-0.353603,-0.096343,0.010100,0.000000,2.000000,1.000000,0.000000,0.000000
4.720000,0.370436,0.059109,0.432297,0.930511,-0.353181,-0.096512,0.009908,0.000000,2.000000,1.000000,0.000000,0.000000
4.725000,0.370341,0.059542,0.432244,0.930656,-0.352759,-0.096679,0.009717,0.000000,2.000000,1.000000,0.000000,0.000000
4.730000,0.370246,0.059976,0.432193,0.930801,-0.352335,-0.096845,0.009526,0.000000,2.000000,1.000000,0.000000,0.000000
4.735000,0.370151,0.060410,0.432144,0.930946,-0.351911,-0.097009,0.009337,0.000000,2.000000,1.000000,-0.000000,0.000000
4.740000,0.370056,0.060845,0.432096,0.931091,-0.351486,-0.097173,0.009150,0.000000,2.000000,1.000000,-0.000000,0.000000
4.745000,0.369961,0.061280,0.432050,0.931237,-0.351060,-0.097335,0.008964,0.000000,2.000000,1.000000,-0.000000,0.000000
4.750000,0.369866,0.061715,0.432006,0.931383,-0.350633,-0.097496,0.008780,0.000000,2.000000,1.000000,-0.000000,0.000000
4.755000,0.369771,0.062150,0.431964,0.931529,-0.350205,-0.097655,0.008597,0.000000,2.000000,1.000000,0.000000,0.000000
4.760000,0.369675,0.062586,0.431923,0.931675,-0.349776,-0.097814,0.008417,0.000000,2.000000,1.000000,0.000000,0.000000
4.765000,0.369580,0.063022,0.431884,0.931821,-0.349346,-0.097970,0.008238,0.000000,2.000000,1.000000,-0.000000,0.000000
4.770000,0.369485,0.063458,0.431847,0.931968,-0.348916,-0.098126,0.008061,0.000000,2.000000,1.000000,0.000000,0.000000
4.775000,0.369389,0.063895,0.431812,0.932115,-0.348484,-0.098281,0.007886,0.000000,2.000000,1.000000,-0.000000,0.000000
4.780000,0.369294,0.064332,0.431778,0.932262,-0.348051,-0.098434,0.007712,0.000000,2.000000,1.000000,-0.000000,0.000000
4.785000,0.369199,0.064770,0.431746,0.932409,-0.347617,-0.098586,0.007541,0.000000,2.000000,1.000000,-0.000000,0.000000
4.790000,0.369103,0.065208,0.431715,0.932556,-0.347182,-0.098737,0.007371,0.000000,2.000000,1.000000,0.000000,0.000000
4.795000,0.369007,0.065647,0.431686,0.932704,-0.346746,-0.098886,0.007202,0.000000,2.000000,1.000000,0.000000,0.000000
4.800000,0.368910,0.066085,0.431658,0.932852,-0.346309,-0.099034,0.007034,0.000000,2.000000,1.000000,0.000000,0.000000
4.805000,0.368813,0.066524,0.431630,0.933000,-0.345871,-0.099180,0.006867,0.000000,2.000000,1.000000,-0.000000,0.000000
4.810000,0.368716,0.066964,0.431603,0.933148,-0.345433,-0.099325,0.006702,0.000000,2.000000,1.000000,-0.000000,0.000000
4.815000,0.368618,0.067404,0.431578,0.933297,-0.344993,-0.099469,0.006537,0.000000,2.000000,1.000000,0.000000,0.000000
4.820000,0.368519,0.067844,0.431553,0.933446,-0.344553,-0.099611,0.006374,0.000000,2.000000,1.000000,-0.000000,0.000000
4.825000,0.368420,0.068285,0.431528,0.933594,-0.344111,-0.099751,0.006212,0.000000,2.000000,1.000000,0.000000,0.000000
4.830000,0.368320,0.068726,0.431505,0.933743,-0.343669,-0.099890,0.006051,0.000000,2.000000,1.000000,0.000000,0.000000
4.835000,0.368219,0.069167,0.431482,0.933893,-0.343226,-0.100028,0.005891,0.000000,2.000000,1.000000,-0.000000,0.000000
4.840000,0.368118,0.069610,0.431459,0.934042,-0.342782,-0.100165,0.005733,0.000000,2.000000,1.000000,-0.000000,0.000000
4.845000,0.368016,0.070053,0.431437,0.934192,-0.342336,-0.100300,0.005576,0.000000,2.000000,1.000000,-0.000000,0.000000
4.850000,0.367913,0.070496,0.431416,0.934342,-0.341890,-0.100434,0.005421,0.000000,2.000000,1.000000,0.000000,0.000000
4.855000,0.367810,0.070940,0.431396,0.934492,-0.341443,-0.100567,0.005268,0.000000,2.000000,1.000000,0.000000,0.000000
4.860000,0.367706,0.071384,0.431375,0.934642,-0.340995,-0.100698,0.005116,0.000000,2.000000,1.000000,-0.000000,0.000000
4.865000,0.367601,0.071829,0.431356,0.934793,-0.340546,-0.100828,0.004967,0.000000,2.000000,1.000000,0.000000,0.000000
4.870000,0.367496,0.072275,0.431336,0.934943,-0.340096,-0.100957,0.004819,0.000000,2.000000,1.000000,-0.000000,0.000000
4.875000,0.367389,0.072721,0.431318,0.935094,-0.339645,-0.101084,0.004674,0.000000,2.000000,1.000000,-0.000000,0.000000
4.880000,0.367283,0.073168,0.431299,0.935245,-0.339193,-0.101209,0.004530,0.000000,2.000000,1.000000,0.000000,0.000000
4.885000,0.367175,0.073616,0.431281,0.935397,-0.338741,-0.101334,0.004389,0.000000,2.000000,1.000000,0.000000,0.000000
4.890000,0.367067,0.074063,0.431264,0.935548,-0.338287,-0.101456,0.004251,0.000000,2.000000,1.000000,0.000000,0.000000
4.895000,0.366958,0.074512,0.431246,0.935700,-0.337833,-0.101577,0.004114,0.000000,2.000000,1.000000,0.000000,0.000000
4.900000,0.366848,0.074961,0.431229,0.935852,-0.337377,-0.101697,0.003981,0.000000,2.000000,1.000000,0.000000,0.000000
4.905000,0.366738,0.075410,0.431213,0.936004,-0.336921,-0.101815,0.003850,0.000000,2.000000,1.000000,-0.000000,0.000000
4.910000,0.366627,0.075860,0.431196,0.936156,-0.336464,-0.101931,0.003721,0.000000,2.000000,1.000000,0.000000,0.000000
4.915000,0.366516,0.076311,0.431180,0.936308,-0.336006,-0.102046,0.003595,0.000000,2.000000,1.000000,0.000000,0.000000
4.920000,0.366404,0.076762,0.431164,0.936461,-0.335547,-0.102160,0.003472,0.000000,2.000000,1.000000,-0.000000,0.000000
4.925000,0.366292,0.077213,0.431149,0.936614,-0.335088,-0.102271,0.003351,0.000000,2.000000,1.000000,0.000000,0.000000
4.930000,0.366179,0.077665,0.431133,0.936767,-0.334628,-0.102381,0.003233,0.000000,2.000000,1.000000,0.000000,0.000000
4.935000,0.366065,0.078117,0.431118,0.936920,-0.334167,-0.102490,0.003118,0.000000,2.000000,1.000000,0.000000,0.000000
4.940000,0.365951,0.078570,0.431103,0.937073,-0.333705,-0.102597,0.003005,0.000000,2.000000,1.000000,0.000000,0.000000
4.945000,0.365836,0.079023,0.431087,0.937226,-0.333243,-0.102702,0.002895,0.000000,2.000000,1.000000,0.000000,0.000000
4.950000,0.365721,0.079476,0.431072,0.937380,-0.332780,-0.102806,0.002788,0.000000,2.000000,1.000000,0.000000,0.000000
4.955000,0.365605,0.079930,0.431057,0.937533,-0.332316,-0.102909,0.002683,0.000000,2.000000,1.000000,0.000000,0.000000
4.960000,0.365489,0.080385,0.431042,0.937687,-0.331852,-0.103010,0.002580,0.000000,2.000000,1.000000,-0.000000,0.000000
4.965000,0.365372,0.080839,0.431027,0.937841,-0.331387,-0.103110,0.002480,0.000000,2.000000,1.000000,0.000000,0.000000
4.970000,0.365255,0.081294,0.431013,0.937994,-0.330921,-0.103209,0.002382,0.000000,2.000000,1.000000,0.000000,0.000000
4.975000,0.365137,0.081750,0.430998,0.938148,-0.330455,-0.103306,0.002287,0.000000,2.000000,1.000000,-0.000000,0.000000
4.980000,0.365019,0.082206,0.430983,0.938302,-0.329989,-0.103402,0.002194,0.000000,2.000000,1.000000,-0.000000,0.000000
4.985000,0.364900,0.082662,0.430968,0.938456,-0.329522,-0.103497,0.002103,0.000000,2.000000,1.000000,0.000000,0.000000
4.990000,0.364781,0.083118,0.430952,0.938610,-0.329054,-0.103591,0.002014,0.000000,2.000000,1.000000,0.000000,0.000000
4.995000,0.364662,0.083575,0.430937,0.938764,-0.328586,-0.103683,0.001928,0.000000,2.000000,1.000000,0.000000,0.000000
5.000000,0.364542,0.084032,0.430922,0.938917,-0.328118,-0.103774,0.001844,0.000000,2.000000,1.000000,0.000000,0.000000
5.005000,0.364421,0.084489,0.430907,0.939071,-0.327650,-0.103864,0.001761,0.000000,2.000000,1.000000,0.000000,0.000000
5.010000,0.364300,0.084947,0.430891,0.939225,-0.327181,-0.103953,0.001681,0.000000,2.000000,1.000000,0.000000,0.000000
5.015000,0.364179,0.085404,0.430875,0.939379,-0.326711,-0.104041,0.001603,0.000000,2.000000,1.000000,0.000000,0.000000
5.020000,0.364058,0.085862,0.430860,0.939532,-0.326242,-0.104127,0.001528,0.000000,2.000000,1.000000,-0.000000,0.000000
5.025000,0.363936,0.086319,0.430844,0.939686,-0.325773,-0.104213,0.001454,0.000000,2.000000,1.000000,-0.000000,0.000000
5.030000,0.363813,0.086776,0.430827,0.939839,-0.325303,-0.104297,0.001383,0.000000,2.000000,1.000000,0.000000,0.000000
5.035000,0.363691,0.087233,0.430811,0.939992,-0.324834,-0.104380,0.001314,0.000000,2.000000,1.000000,0.000000,0.000000
5.040000,0.363568,0.087690,0.430795,0.940145,-0.324365,-0.104462,0.001247,0.000000,2.000000,1.000000,-0.000000,0.000000
5.045000,0.363445,0.088146,0.430778,0.940298,-0.323896,-0.104543,0.001182,0.000000,2.000000,1.000000,0.000000,0.000000
5.050000,0.363322,0.088602,0.430761,0.940451,-0.323428,-0.104623,0.001120,0.000000,2.000000,1.000000,-0.000000,0.000000
5.055000,0.363198,0.089058,0.430744,0.940603,-0.322960,-0.104701,0.001059,0.000000,2.000000,1.000000,0.000000,0.000000
5.060000,0.363075,0.089513,0.430726,0.940755,-0.322492,-0.104780,0.001000,0.000000,2.000000,1.000000,-0.000000,0.000000
5.065000,0.362951,0.089967,0.430708,0.940906,-0.322025,-0.104857,0.000943,0.000000,2.000000,1.000000,0.000000,0.000000
5.070000,0.362827,0.090421,0.430690,0.941057,-0.321558,-0.104933,0.000887,0.000000,2.000000,1.000000,0.000000,0.000000
5.075000,0.362702,0.090875,0.430672,0.941208,-0.321091,-0.105009,0.000833,0.000000,2.000000,1.000000,-0.000000,0.000000
5.080000,0.362578,0.091327,0.430653,0.941359,-0.320626,-0.105084,0.000781,0.000000,2.000000,1.000000,0.000000,0.000000
5.085000,0.362454,0.091779,0.430634,0.941509,-0.320161,-0.105159,0.000730,0.000000,2.000000,1.000000,-0.000000,0.000000
5.090000,0.362329,0.092231,0.430614,0.941658,-0.319696,-0.105233,0.000680,0.000000,2.000000,1.000000,0.000000,0.000000
5.095000,0.362205,0.092681,0.430594,0.941807,-0.319232,-0.105306,0.000632,0.000000,2.000000,1.000000,0.000000,0.000000
5.100000,0.362080,0.093131,0.430574,0.941956,-0.318769,-0.105379,0.000585,0.000000,2.000000,1.000000,0.000000,0.000000
5.105000,0.361956,0.093580,0.430553,0.942104,-0.318307,-0.105451,0.000539,0.000000,2.000000,1.000000,0.000000,0.000000
5.110000,0.361831,0.094028,0.430532,0.942252,-0.317845,-0.105523,0.000494,0.000000,2.000000,1.000000,0.000000,0.000000
5.115000,0.361707,0.094475,0.430511,0.942400,-0.317384,-0.105594,0.000451,0.000000,2.000000,1.000000,-0.000000,0.000000
5.120000,0.361583,0.094920,0.430489,0.942547,-0.316924,-0.105665,0.000409,0.000000,2.000000,1.000000,-0.000000,0.000000
5.125000,0.361459,0.095365,0.430467,0.942693,-0.316464,-0.105734,0.000369,0.000000,2.000000,1.000000,-0.000000,0.000000
5.130000,0.361335,0.095808,0.430444,0.942839,-0.316006,-0.105803,0.000330,0.000000,2.000000,1.000000,0.000000,0.000000
5.135000,0.361212,0.096250,0.430421,0.942985,-0.315549,-0.105870,0.000293,0.000000,2.000000,1.000000,0.000000,0.000000
5.140000,0.361089,0.096690,0.430397,0.943130,-0.315093,-0.105937,0.000258,0.000000,2.000000,1.000000,-0.000000,0.000000
5.145000,0.360966,0.097128,0.430373,0.943274,-0.314638,-0.106003,0.000224,0.000000,2.000000,1.000000,-0.000000,0.000000
5.150000,0.360844,0.097565,0.430349,0.943418,-0.314184,-0.106068,0.000192,0.000000,2.000000,1.000000,0.000000,0.000000
5.155000,0.360722,0.098001,0.430324,0.943562,-0.313731,-0.106132,0.000162,0.000000,2.000000,1.000000,0.000000,0.000000
5.160000,0.360601,0.098434,0.430298,0.943705,-0.313280,-0.106194,0.000134,0.000000,2.000000,1.000000,0.000000,0.000000
5.165000,0.360480,0.098866,0.430272,0.943847,-0.312830,-0.106255,0.000108,0.000000,2.000000,1.000000,0.000000,0.000000
5.170000,0.360360,0.099296,0.430246,0.943989,-0.312381,-0.106316,0.000084,0.000000,2.000000,1.000000,0.000000,0.000000
5.175000,0.360241,0.099723,0.430219,0.944130,-0.311934,-0.106375,0.000062,0.000000,2.000000,1.000000,-0.000000,0.000000
5.180000,0.360122,0.100149,0.430192,0.944271,-0.311487,-0.106433,0.000042,0.000000,2.000000,1.000000,-0.000000,0.000000
5.185000,0.360004,0.100573,0.430164,0.944411,-0.311043,-0.106489,0.000025,0.000000,2.000000,1.000000,0.000000,0.000000
5.190000,0.359887,0.100994,0.430135,0.944551,-0.310599,-0.106545,0.000009,0.000000,2.000000,1.000000,0.000000,0.000000
5.195000,0.359770,0.101414,0.430106,0.944690,-0.310157,-0.106600,-0.000005,0.000000,2.000000,1.000000,-0.000000,0.000000
5.200000,0.359655,0.101831,0.430076,0.944828,-0.309717,-0.106653,-0.000017,0.000000,2.000000,1.000000,-0.000000,0.000000
5.205000,0.359540,0.102247,0.430046,0.944966,-0.309277,-0.106705,-0.000027,0.000000,2.000000,1.000000,0.000000,0.000000
5.210000,0.359426,0.102660,0.430014,0.945104,-0.308839,-0.106757,-0.000034,0.000000,2.000000,1.000000,0.000000,0.000000
5.215000,0.359312,0.103071,0.429983,0.945241,-0.308403,-0.106807,-0.000040,0.000000,2.000000,1.000000,0.000000,0.000000
5.220000,0.359200,0.103480,0.429950,0.945377,-0.307968,-0.106856,-0.000044,0.000000,2.000000,1.000000,-0.000000,0.000000
5.225000,0.359088,0.103887,0.429917,0.945513,-0.307534,-0.106904,-0.000046,0.000000,2.000000,1.000000,-0.000000,0.000000
5.230000,0.358978,0.104292,0.429883,0.945648,-0.307101,-0.106951,-0.000046,0.000000,2.000000,1.000000,0.000000,0.000000
5.235000,0.358868,0.104694,0.429848,0.945783,-0.306670,-0.106997,-0.000044,0.000000,2.000000,1.000000,0.000000,0.000000
5.240000,0.358760,0.105095,0.429812,0.945917,-0.306240,-0.107042,-0.000040,0.000000,2.000000,1.000000,-0.000000,0.000000
5.245000,0.358652,0.105493,0.429776,0.946051,-0.305812,-0.107086,-0.000035,0.000000,2.000000,1.000000,-0.000000,0.000000
5.250000,0.358546,0.105890,0.429739,0.946184,-0.305384,-0.107129,-0.000028,0.000000,2.000000,1.000000,0.000000,0.000000
5.255000,0.358441,0.106284,0.429701,0.946317,-0.304958,-0.107170,-0.000018,0.000000,2.000000,1.000000,0.000000,0.000000
5.260000,0.358337,0.106676,0.429662,0.946449,-0.304533,-0.107210,-0.000007,0.000000,2.000000,1.000000,0.000000,0.000000
5.265000,0.358234,0.107066,0.429623,0.946581,-0.304109,-0.107249,0.000006,0.000000,2.000000,1.000000,-0.000000,0.000000
5.270000,0.358132,0.107453,0.429583,0.946712,-0.303687,-0.107287,0.000021,0.000000,2.000000,1.000000,-0.000000,0.000000
5.275000,0.358031,0.107839,0.429542,0.946843,-0.303265,-0.107324,0.000038,0.000000,2.000000,1.000000,-0.000000,0.000000
5.280000,0.357932,0.108223,0.429500,0.946974,-0.302845,-0.107359,0.000056,0.000000,2.000000,1.000000,0.000000,0.000000
5.285000,0.357834,0.108604,0.429457,0.947104,-0.302426,-0.107393,0.000076,0.000000,2.000000,1.000000,0.000000,0.000000
5.290000,0.357737,0.108984,0.429413,0.947233,-0.302008,-0.107426,0.000098,0.000000,2.000000,1.000000,-0.000000,0.000000
5.295000,0.357641,0.109361,0.429369,0.947363,-0.301591,-0.107457,0.000122,0.000000,2.000000,1.000000,-0.000000,0.000000
5.300000,0.357547,0.109736,0.429323,0.947491,-0.301175,-0.107487,0.000148,0.000000,2.000000,1.000000,-0.000000,0.000000
5.305000,0.357454,0.110110,0.429277,0.947620,-0.300760,-0.107516,0.000175,0.000000,2.000000,1.000000,0.000000,0.000000
5.310000,0.357362,0.110481,0.429230,0.947748,-0.300346,-0.107543,0.000205,0.000000,2.000000,1.000000,0.000000,0.000000
5.315000,0.357271,0.110850,0.429182,0.947876,-0.299934,-0.107569,0.000236,0.000000,2.000000,1.000000,0.000000,0.000000
5.320000,0.357182,0.111218,0.429134,0.948003,-0.299522,-0.107594,0.000268,0.000000,2.000000,1.000000,0.000000,0.000000
5.325000,0.357094,0.111583,0.429084,0.948130,-0.299111,-0.107617,0.000302,0.000000,2.000000,1.000000,0.000000,0.000000
5.330000,0.357008,0.111947,0.429034,0.948257,-0.298702,-0.107639,0.000338,0.000000,2.000000,1.000000,-0.000000,0.000000
5.335000,0.356922,0.112308,0.428983,0.948383,-0.298293,-0.107660,0.000375,0.000000,2.000000,1.000000,0.000000,0.000000
5.340000,0.356838,0.112668,0.428931,0.948509,-0.297886,-0.107679,0.000414,0.000000,2.000000,1.000000,0.000000,0.000000
5.345000,0.356756,0.113026,0.428878,0.948635,-0.297479,-0.107696,0.000455,0.000000,2.000000,1.000000,0.000000,0.000000
5.350000,0.356674,0.113382,0.428824,0.948760,-0.297073,-0.107713,0.000496,0.000000,2.000000,1.000000,-0.000000,0.000000
5.355000,0.356594,0.113737,0.428770,0.948885,-0.296668,-0.107728,0.000540,0.000000,2.000000,1.000000,-0.000000,0.000000
5.360000,0.356515,0.114090,0.428715,0.949010,-0.296264,-0.107742,0.000584,0.000000,2.000000,1.000000,-0.000000,0.000000
5.365000,0.356437,0.114441,0.428659,0.949134,-0.295860,-0.107755,0.000630,0.000000,2.000000,1.000000,-0.000000,0.000000
5.370000,0.356361,0.114791,0.428602,0.949258,-0.295458,-0.107765,0.000677,0.000000,2.000000,1.000000,0.000000,0.000000
5.375000,0.356285,0.115139,0.428545,0.949382,-0.295056,-0.107775,0.000725,0.000000,2.000000,1.000000,0.000000,0.000000
5.380000,0.356211,0.115486,0.428488,0.949506,-0.294655,-0.107782,0.000773,0.000000,2.000000,1.000000,-0.000000,0.000000
5.385000,0.356138,0.115832,0.428430,0.949629,-0.294255,-0.107788,0.000823,0.000000,2.000000,1.000000,0.000000,0.000000
5.390000,0.356065,0.116176,0.428372,0.949752,-0.293855,-0.107791,0.000874,0.000000,2.000000,1.000000,-0.000000,0.000000
5.395000,0.355994,0.116519,0.428313,0.949875,-0.293456,-0.107793,0.000925,0.000000,2.000000,1.000000,-0.000000,0.000000
5.400000,0.355924,0.116861,0.428254,0.949998,-0.293058,-0.107793,0.000977,0.000000,2.000000,1.000000,0.000000,0.000000
5.405000,0.355855,0.117202,0.428195,0.950122,-0.292659,-0.107790,0.001029,0.000000,2.000000,1.000000,0.000000,0.000000
5.410000,0.355788,0.117542,0.428136,0.950245,-0.292261,-0.107785,0.001082,0.000000,2.000000,1.000000,0.000000,0.000000
5.415000,0.355722,0.117881,0.428076,0.950368,-0.291863,-0.107777,0.001135,0.000000,2.000000,1.000000,-0.000000,0.000000
5.420000,0.355657,0.118220,0.428016,0.950491,-0.291464,-0.107767,0.001189,0.000000,2.000000,1.000000,0.000000,0.000000
5.425000,0.355593,0.118557,0.427956,0.950615,-0.291066,-0.107754,0.001243,0.000000,2.000000,1.000000,-0.000000,0.000000
5.430000,0.355531,0.118894,0.427895,0.950738,-0.290667,-0.107738,0.001297,0.000000,2.000000,1.000000,-0.000000,0.000000
5.435000,0.355471,0.119231,0.427835,0.950863,-0.290267,-0.107719,0.001351,0.000000,2.000000,1.000000,-0.000000,0.000000
5.440000,0.355412,0.119567,0.427774,0.950987,-0.289867,-0.107697,0.001405,0.000000,2.000000,1.000000,0.000000,0.000000
5.445000,0.355355,0.119902,0.427712,0.951112,-0.289465,-0.107671,0.001459,0.000000,2.000000,1.000000,0.000000,0.000000
5.450000,0.355299,0.120237,0.427651,0.951238,-0.289063,-0.107643,0.001513,0.000000,2.000000,1.000000,-0.000000,0.000000
5.455000,0.355246,0.120571,0.427589,0.951364,-0.288661,-0.107611,0.001567,0.000000,2.000000,1.000000,0.000000,0.000000
5.460000,0.355193,0.120905,0.427527,0.951490,-0.288257,-0.107576,0.001621,0.000000,2.000000,1.000000,-0.000000,0.000000
5.465000,0.355143,0.121238,0.427464,0.951616,-0.287852,-0.107538,0.001675,0.000000,2.000000,1.000000,-0.000000,0.000000
5.470000,0.355093,0.121572,0.427401,0.951744,-0.287446,-0.107497,0.001729,0.000000,2.000000,1.000000,-0.000000,0.000000
5.475000,0.355046,0.121905,0.427338,0.951871,-0.287040,-0.107453,0.001783,0.000000,2.000000,1.000000,-0.000000,0.000000
5.480000,0.354999,0.122238,0.427275,0.951999,-0.286632,-0.107407,0.001836,0.000000,2.000000,1.000000,-0.000000,0.000000
5.485000,0.354954,0.122571,0.427211,0.952128,-0.286223,-0.107357,0.001890,0.000000,2.000000,1.000000,0.000000,0.000000
5.490000,0.354911,0.122904,0.427147,0.952256,-0.285814,-0.107305,0.001943,0.000000,2.000000,1.000000,-0.000000,0.000000
5.495000,0.354868,0.123237,0.427082,0.952386,-0.285403,-0.107251,0.001997,0.000000,2.000000,1.000000,-0.000000,0.000000
5.500000,0.354826,0.123571,0.427017,0.952515,-0.284992,-0.107195,0.002051,0.000000,2.000000,1.000000,-0.000000,0.000000
5.505000,0.354785,0.123904,0.426951,0.952644,-0.284580,-0.107138,0.002105,0.000000,2.000000,1.000000,-0.000000,0.000000
5.510000,0.354745,0.124238,0.426886,0.952774,-0.284167,-0.107079,0.002159,0.000000,2.000000,1.000000,0.000000,0.000000
5.515000,0.354705,0.124572,0.426819,0.952904,-0.283754,-0.107019,0.002213,0.000000,2.000000,1.000000,0.000000,0.000000
5.520000,0.354665,0.124906,0.426752,0.953034,-0.283340,-0.106958,0.002268,0.000000,2.000000,1.000000,0.000000,0.000000
5.525000,0.354626,0.125240,0.426685,0.953164,-0.282926,-0.106895,0.002324,0.000000,2.000000,1.000000,0.000000,0.000000
5.530000,0.354587,0.125576,0.426617,0.953294,-0.282511,-0.106832,0.002379,0.000000,2.000000,1.000000,0.000000,0.000000
5.535000,0.354548,0.125911,0.426549,0.953424,-0.282096,-0.106769,0.002436,0.000000,2.000000,1.000000,0.000000,0.000000
5.540000,0.354509,0.126247,0.426480,0.953553,-0.281680,-0.106705,0.002494,0.000000,2.000000,1.000000,0.000000,0.000000
5.545000,0.354469,0.126584,0.426410,0.953683,-0.281264,-0.106642,0.002552,0.000000,2.000000,1.000000,0.000000,0.000000
5.550000,0.354429,0.126921,0.426340,0.953813,-0.280848,-0.106578,0.002611,0.000000,2.000000,1.000000,0.000000,0.000000
5.555000,0.354389,0.127259,0.426270,0.953942,-0.280432,-0.106514,0.002671,0.000000,2.000000,1.000000,-0.000000,0.000000
5.560000,0.354348,0.127597,0.426198,0.954071,-0.280015,-0.106451,0.002733,0.000000,2.000000,1.000000,-0.000000,0.000000
5.565000,0.354307,0.127936,0.426127,0.954200,-0.279599,-0.106388,0.002795,0.000000,2.000000,1.000000,0.000000,0.000000
5.570000,0.354265,0.128276,0.426054,0.954329,-0.279182,-0.106325,0.002859,0.000000,2.000000,1.000000,0.000000,0.000000
5.575000,0.354222,0.128617,0.425981,0.954458,-0.278764,-0.106263,0.002924,0.000000,2.000000,1.000000,0.000000,0.000000
5.580000,0.354178,0.128959,0.425908,0.954587,-0.278347,-0.106201,0.002990,0.000000,2.000000,1.000000,0.000000,0.000000
5.585000,0.354134,0.129301,0.425833,0.954715,-0.277929,-0.106140,0.003058,0.000000,2.000000,1.000000,0.000000,0.000000
5.590000,0.354089,0.129645,0.425759,0.954843,-0.277511,-0.106080,0.003127,0.000000,2.000000,1.000000,0.000000,0.000000
5.595000,0.354043,0.129989,0.425683,0.954971,-0.277092,-0.106020,0.003197,0.000000,2.000000,1.000000,0.000000,0.000000
5.600000,0.353996,0.130334,0.425607,0.955099,-0.276673,-0.105960,0.003269,0.000000,2.000000,1.000000,0.000000,0.000000
5.605000,0.353948,0.130681,0.425530,0.955227,-0.276254,-0.105900,0.003342,0.000000,2.000000,1.000000,-0.000000,0.000000
5.610000,0.353900,0.131028,0.425453,0.955354,-0.275834,-0.105841,0.003417,0.000000,2.000000,1.000000,0.000000,0.000000
5.615000,0.353851,0.131376,0.425375,0.955482,-0.275413,-0.105782,0.003493,0.000000,2.000000,1.000000,0.000000,0.000000
5.620000,0.353801,0.131725,0.425297,0.955609,-0.274992,-0.105723,0.003571,0.000000,2.000000,1.000000,-0.000000,0.000000
5.625000,0.353751,0.132075,0.425218,0.955737,-0.274570,-0.105664,0.003651,0.000000,2.000000,1.000000,-0.000000,0.000000
5.630000,0.353700,0.132426,0.425138,0.955865,-0.274147,-0.105604,0.003731,0.000000,2.000000,1.000000,0.000000,0.000000
5.635000,0.353649,0.132778,0.425058,0.955992,-0.273723,-0.105544,0.003814,0.000000,2.000000,1.000000,-0.000000,0.000000
5.640000,0.353597,0.133131,0.424977,0.956120,-0.273298,-0.105482,0.003897,0.000000,2.000000,1.000000,-0.000000,0.000000
5.645000,0.353546,0.133485,0.424895,0.956249,-0.272872,-0.105420,0.003982,0.000000,2.000000,1.000000,-0.000000,0.000000
5.650000,0.353495,0.133840,0.424813,0.956377,-0.272445,-0.105356,0.004068,0.000000,2.000000,1.000000,0.000000,0.000000
5.655000,0.353443,0.134196,0.424731,0.956506,-0.272016,-0.105291,0.004155,0.000000,2.000000,1.000000,-0.000000,0.000000
5.660000,0.353392,0.134553,0.424648,0.956635,-0.271586,-0.105224,0.004243,0.000000,2.000000,1.000000,0.000000,0.000000
5.665000,0.353341,0.134911,0.424564,0.956765,-0.271154,-0.105156,0.004333,0.000000,2.000000,1.000000,-0.000000,0.000000
5.670000,0.353290,0.135270,0.424480,0.956895,-0.270721,-0.105085,0.004423,0.000000,2.000000,1.000000,-0.000000,0.000000
5.675000,0.353240,0.135629,0.424395,0.957025,-0.270286,-0.105012,0.004514,0.000000,2.000000,1.000000,0.000000,0.000000
5.680000,0.353191,0.135990,0.424310,0.957156,-0.269849,-0.104937,0.004606,0.000000,2.000000,1.000000,0.000000,0.000000
5.685000,0.353142,0.136351,0.424224,0.957288,-0.269410,-0.104860,0.004699,0.000000,2.000000,1.000000,-0.000000,0.000000
5.690000,0.353094,0.136714,0.424138,0.957420,-0.268970,-0.104780,0.004793,0.000000,2.000000,1.000000,-0.000000,0.000000
5.695000,0.353046,0.137077,0.424051,0.957553,-0.268528,-0.104698,0.004887,0.000000,2.000000,1.000000,-0.000000,0.000000
5.700000,0.353000,0.137441,0.423964,0.957686,-0.268084,-0.104614,0.004982,0.000000,2.000000,1.000000,-0.000000,0.000000
5.705000,0.352954,0.137806,0.423876,0.957820,-0.267638,-0.104527,0.005077,0.000000,2.000000,1.000000,0.000000,0.000000
5.710000,0.352908,0.138172,0.423787,0.957954,-0.267191,-0.104438,0.005173,0.000000,2.000000,1.000000,-0.000000,0.000000
5.715000,0.352864,0.138539,0.423698,0.958088,-0.266741,-0.104347,0.005269,0.000000,2.000000,1.000000,0.000000,0.000000
5.720000,0.352820,0.138906,0.423608,0.958223,-0.266291,-0.104253,0.005365,0.000000,2.000000,1.000000,0.000000,0.000000
5.725000,0.352776,0.139275,0.423518,0.958359,-0.265838,-0.104157,0.005463,0.000000,2.000000,1.000000,0.000000,0.000000
5.730000,0.352734,0.139644,0.423427,0.958495,-0.265384,-0.104059,0.005560,0.000000,2.000000,1.000000,0.000000,0.000000
5.735000,0.352692,0.140014,0.423336,0.958631,-0.264928,-0.103959,0.005658,0.000000,2.000000,1.000000,0.000000,0.000000
5.740000,0.352651,0.140384,0.423244,0.958768,-0.264471,-0.103856,0.005756,0.000000,2.000000,1.000000,-0.000000,0.000000
5.745000,0.352611,0.140756,0.423152,0.958905,-0.264012,-0.103751,0.005854,0.000000,2.000000,1.000000,0.000000,0.000000
5.750000,0.352571,0.141128,0.423059,0.959043,-0.263551,-0.103644,0.005953,0.000000,2.000000,1.000000,-0.000000,0.000000
5.755000,0.352533,0.141501,0.422965,0.959181,-0.263089,-0.103534,0.006051,0.000000,2.000000,1.000000,0.000000,0.000000
5.760000,0.352495,0.141874,0.422872,0.959319,-0.262625,-0.103422,0.006150,0.000000,2.000000,1.000000,0.000000,0.000000
5.765000,0.352458,0.142248,0.422777,0.959458,-0.262160,-0.103308,0.006249,0.000000,2.000000,1.000000,0.000000,0.000000
5.770000,0.352423,0.142623,0.422682,0.959598,-0.261693,-0.103190,0.006348,0.000000,2.000000,1.000000,0.000000,0.000000
5.775000,0.352388,0.142998,0.422587,0.959738,-0.261224,-0.103069,0.006446,0.000000,2.000000,1.000000,-0.000000,0.000000
5.780000,0.352355,0.143374,0.422491,0.959879,-0.260754,-0.102946,0.006544,0.000000,2.000000,1.000000,0.000000,0.000000
5.785000,0.352324,0.143750,0.422395,0.960020,-0.260282,-0.102819,0.006643,0.000000,2.000000,1.000000,-0.000000,0.000000
5.790000,0.352294,0.144126,0.422298,0.960161,-0.259808,-0.102689,0.006740,0.000000,2.000000,1.000000,0.000000,0.000000
5.795000,0.352265,0.144503,0.422201,0.960303,-0.259332,-0.102556,0.006838,0.000000,2.000000,1.000000,-0.000000,0.000000
5.800000,0.352237,0.144880,0.422104,0.960446,-0.258855,-0.102420,0.006935,0.000000,2.000000,1.000000,0.000000,0.000000
5.805000,0.352211,0.145257,0.422006,0.960589,-0.258377,-0.102281,0.007032,0.000000,2.000000,1.000000,-0.000000,0.000000
5.810000,0.352187,0.145635,0.421908,0.960732,-0.257897,-0.102139,0.007129,0.000000,2.000000,1.000000,0.000000,0.000000
5.815000,0.352163,0.146013,0.421809,0.960876,-0.257415,-0.101994,0.007225,0.000000,2.000000,1.000000,0.000000,0.000000
5.820000,0.352142,0.146391,0.421710,0.961020,-0.256932,-0.101846,0.007320,0.000000,2.000000,1.000000,-0.000000,0.000000
5.825000,0.352121,0.146769,0.421611,0.961165,-0.256448,-0.101695,0.007415,0.000000,2.000000,1.000000,-0.000000,0.000000
5.830000,0.352102,0.147147,0.421511,0.961310,-0.255963,-0.101541,0.007510,0.000000,2.000000,1.000000,0.000000,0.000000
5.835000,0.352084,0.147525,0.421411,0.961455,-0.255476,-0.101385,0.007604,0.000000,2.000000,1.000000,0.000000,0.000000
5.840000,0.352067,0.147904,0.421310,0.961600,-0.254989,-0.101226,0.007698,0.000000,2.000000,1.000000,0.000000,0.000000
5.845000,0.352052,0.148283,0.421210,0.961746,-0.254500,-0.101065,0.007791,0.000000,2.000000,1.000000,0.000000,0.000000
5.850000,0.352038,0.148661,0.421108,0.961892,-0.254010,-0.100902,0.007884,0.000000,2.000000,1.000000,0.000000,0.000000
5.855000,0.352025,0.149040,0.421006,0.962038,-0.253520,-0.100736,0.007976,0.000000,2.000000,1.000000,0.000000,0.000000
5.860000,0.352012,0.149419,0.420904,0.962184,-0.253028,-0.100569,0.008067,0.000000,2.000000,1.000000,0.000000,0.000000
5.865000,0.352001,0.149798,0.420802,0.962330,-0.252536,-0.100399,0.008158,0.000000,2.000000,1.000000,0.000000,0.000000
5.870000,0.351992,0.150177,0.420699,0.962477,-0.252042,-0.100228,0.008248,0.000000,2.000000,1.000000,0.000000,0.000000
5.875000,0.351983,0.150557,0.420596,0.962623,-0.251548,-0.100054,0.008337,0.000000,2.000000,1.000000,0.000000,0.000000
5.880000,0.351975,0.150936,0.420492,0.962770,-0.251053,-0.099879,0.008425,0.000000,2.000000,1.000000,0.000000,0.000000
5.885000,0.351968,0.151316,0.420388,0.962917,-0.250557,-0.099703,0.008511,0.000000,2.000000,1.000000,0.000000,0.000000
5.890000,0.351962,0.151696,0.420283,0.963063,-0.250060,-0.099525,0.008597,0.000000,2.000000,1.000000,0.000000,0.000000
5.895000,0.351956,0.152077,0.420178,0.963210,-0.249562,-0.099346,0.008681,0.000000,2.000000,1.000000,-0.000000,0.000000
5.900000,0.351952,0.152457,0.420073,0.963357,-0.249063,-0.099165,0.008763,0.000000,2.000000,1.000000,-0.000000,0.000000
5.905000,0.351948,0.152838,0.419967,0.963504,-0.248564,-0.098984,0.008845,0.000000,2.000000,1.000000,0.000000,0.000000
5.910000,0.351945,0.153219,0.419861,0.963651,-0.248064,-0.098802,0.008925,0.000000,2.000000,1.000000,0.000000,0.000000
5.915000,0.351942,0.153601,0.419754,0.963798,-0.247564,-0.098618,0.009005,0.000000,2.000000,1.000000,-0.000000,0.000000
5.920000,0.351940,0.153982,0.419647,0.963944,-0.247062,-0.098434,0.009083,0.000000,2.000000,1.000000,0.000000,0.000000
5.925000,0.351939,0.154364,0.419540,0.964091,-0.246561,-0.098249,0.009160,0.000000,2.000000,1.000000,-0.000000,0.000000
5.930000,0.351938,0.154746,0.419432,0.964237,-0.246059,-0.098063,0.009237,0.000000,2.000000,1.000000,-0.000000,0.000000
5.935000,0.351937,0.155128,0.419324,0.964383,-0.245557,-0.097877,0.009312,0.000000,2.000000,1.000000,-0.000000,0.000000
5.940000,0.351937,0.155510,0.419216,0.964529,-0.245054,-0.097690,0.009387,0.000000,2.000000,1.000000,-0.000000,0.000000
5.945000,0.351938,0.155892,0.419107,0.964675,-0.244552,-0.097502,0.009461,0.000000,2.000000,1.000000,-0.000000,0.000000
5.950000,0.351939,0.156274,0.418997,0.964821,-0.244049,-0.097314,0.009534,0.000000,2.000000,1.000000,-0.000000,0.000000
5.955000,0.351940,0.156656,0.418888,0.964966,-0.243546,-0.097125,0.009606,0.000000,2.000000,1.000000,-0.000000,0.000000
5.960000,0.351941,0.157038,0.418778,0.965112,-0.243042,-0.096935,0.009678,0.000000,2.000000,1.000000,-0.000000,0.000000
5.965000,0.351943,0.157420,0.418667,0.965257,-0.242539,-0.096745,0.009749,0.000000,2.000000,1.000000,-0.000000,0.000000
5.970000,0.351946,0.157802,0.418557,0.965401,-0.242036,-0.096555,0.009819,0.000000,2.000000,1.000000,0.000000,0.000000
5.975000,0.351948,0.158184,0.418446,0.965546,-0.241532,-0.096364,0.009889,0.000000,2.000000,1.000000,-0.000000,0.000000
5.980000,0.351951,0.158566,0.418334,0.965690,-0.241028,-0.096173,0.009958,0.000000,2.000000,1.000000,0.000000,0.000000
5.985000,0.351954,0.158948,0.418223,0.965834,-0.240525,-0.095981,0.010026,0.000000,2.000000,1.000000,0.000000,0.000000
5.990000,0.351957,0.159330,0.418111,0.965977,-0.240021,-0.095789,0.010094,0.000000,2.000000,1.000000,-0.000000,0.000000
5.995000,0.351961,0.159711,0.417999,0.966121,-0.239517,-0.095597,0.010161,0.000000,2.000000,1.000000,0.000000,0.000000
6.000000,0.351965,0.160093,0.417886,0.966264,-0.239014,-0.095404,0.010228,0.000000,2.000000,1.000000,0.000000,0.000000
6.005000,0.351969,0.160474,0.417773,0.966407,-0.238510,-0.095211,0.010294,0.000000,2.000000,1.000000,0.000000,0.000000
6.010000,0.351973,0.160856,0.417660,0.966549,-0.238006,-0.095018,0.010359,0.000000,2.000000,1.000000,0.000000,0.000000
6.015000,0.351977,0.161237,0.417547,0.966691,-0.237503,-0.094825,0.010425,0.000000,2.000000,1.000000,0.000000,0.000000
6.020000,0.351980,0.161618,0.417433,0.966833,-0.237000,-0.094633,0.010490,0.000000,2.000000,1.000000,-0.000000,0.000000
6.025000,0.351984,0.161998,0.417320,0.966974,-0.236498,-0.094440,0.010555,0.000000,2.000000,1.000000,0.000000,0.000000
6.030000,0.351987,0.162379,0.417206,0.967115,-0.235995,-0.094248,0.010621,0.000000,2.000000,1.000000,0.000000,0.000000
6.035000,0.351990,0.162760,0.417091,0.967255,-0.235493,-0.094056,0.010686,0.000000,2.000000,1.000000,0.000000,0.000000
6.040000,0.351993,0.163140,0.416977,0.967395,-0.234991,-0.093864,0.010751,0.000000,2.000000,1.000000,-0.000000,0.000000
6.045000,0.351995,0.163520,0.416862,0.967535,-0.234489,-0.093673,0.010815,0.000000,2.000000,1.000000,-0.000000,0.000000
6.050000,0.351996,0.163900,0.416746,0.967673,-0.233988,-0.093483,0.010880,0.000000,2.000000,1.000000,0.000000,0.000000
6.055000,0.351997,0.164280,0.416631,0.967812,-0.233488,-0.093295,0.010945,0.000000,2.000000,1.000000,0.000000,0.000000
6.060000,0.351996,0.164661,0.416515,0.967950,-0.232987,-0.093109,0.011009,0.000000,2.000000,1.000000,-0.000000,0.000000
6.065000,0.351993,0.165042,0.416399,0.968087,-0.232487,-0.092925,0.011072,0.000000,2.000000,1.000000,-0.000000,0.000000
6.070000,0.351990,0.165423,0.416282,0.968223,-0.231988,-0.092743,0.011135,0.000000,2.000000,1.000000,-0.000000,0.000000
6.075000,0.351984,0.165804,0.416165,0.968359,-0.231489,-0.092563,0.011198,0.000000,2.000000,1.000000,-0.000000,0.000000
6.080000,0.351978,0.166187,0.416047,0.968494,-0.230990,-0.092386,0.011259,0.000000,2.000000,1.000000,0.000000,0.000000
6.085000,0.351969,0.166569,0.415929,0.968629,-0.230492,-0.092211,0.011320,0.000000,2.000000,1.000000,-0.000000,0.000000
6.090000,0.351959,0.166952,0.415811,0.968763,-0.229994,-0.092039,0.011380,0.000000,2.000000,1.000000,-0.000000,0.000000
6.095000,0.351947,0.167336,0.415692,0.968897,-0.229496,-0.091870,0.011439,0.000000,2.000000,1.000000,-0.000000,0.000000
6.100000,0.351934,0.167721,0.415573,0.969030,-0.228998,-0.091703,0.011498,0.000000,2.000000,1.000000,0.000000,0.000000
6.105000,0.351918,0.168106,0.415453,0.969162,-0.228500,-0.091538,0.011555,0.000000,2.000000,1.000000,-0.000000,0.000000
6.110000,0.351902,0.168491,0.415333,0.969294,-0.228002,-0.091376,0.011612,0.000000,2.000000,1.000000,-0.000000,0.000000
6.115000,0.351883,0.168878,0.415213,0.969425,-0.227504,-0.091215,0.011667,0.000000,2.000000,1.000000,0.000000,0.000000
6.120000,0.351863,0.169265,0.415092,0.969557,-0.227005,-0.091057,0.011722,0.000000,2.000000,1.000000,0.000000,0.000000
6.125000,0.351842,0.169653,0.414970,0.969687,-0.226507,-0.090900,0.011775,0.000000,2.000000,1.000000,0.000000,0.000000
6.130000,0.351818,0.170041,0.414849,0.969817,-0.226008,-0.090745,0.011827,0.000000,2.000000,1.000000,0.000000,0.000000
6.135000,0.351794,0.170430,0.414727,0.969947,-0.225509,-0.090591,0.011878,0.000000,2.000000,1.000000,0.000000,0.000000
6.140000,0.351767,0.170820,0.414605,0.970077,-0.225009,-0.090440,0.011928,0.000000,2.000000,1.000000,-0.000000,0.000000
6.145000,0.351739,0.171210,0.414482,0.970206,-0.224510,-0.090290,0.011976,0.000000,2.000000,1.000000,-0.000000,0.000000
6.150000,0.351709,0.171601,0.414359,0.970335,-0.224010,-0.090142,0.012022,0.000000,2.000000,1.000000,0.000000,0.000000
6.155000,0.351677,0.171993,0.414235,0.970463,-0.223509,-0.089996,0.012068,0.000000,2.000000,1.000000,-0.000000,0.000000
6.160000,0.351644,0.172385,0.414111,0.970591,-0.223009,-0.089851,0.012111,0.000000,2.000000,1.000000,0.000000,0.000000
6.165000,0.351609,0.172778,0.413987,0.970719,-0.222508,-0.089709,0.012154,0.000000,2.000000,1.000000,0.000000,0.000000
6.170000,0.351572,0.173172,0.413863,0.970846,-0.222006,-0.089568,0.012194,0.000000,2.000000,1.000000,0.000000,0.000000
6.175000,0.351533,0.173567,0.413738,0.970973,-0.221505,-0.089429,0.012233,0.000000,2.000000,1.000000,0.000000,0.000000
6.180000,0.351492,0.173962,0.413612,0.971099,-0.221003,-0.089293,0.012271,0.000000,2.000000,1.000000,0.000000,0.000000
6.185000,0.351448,0.174358,0.413487,0.971225,-0.220502,-0.089158,0.012306,0.000000,2.000000,1.000000,0.000000,0.000000
6.190000,0.351403,0.174754,0.413361,0.971351,-0.220000,-0.089026,0.012340,0.000000,2.000000,1.000000,0.000000,0.000000
6.195000,0.351356,0.175151,0.413234,0.971476,-0.219498,-0.088896,0.012371,0.000000,2.000000,1.000000,-0.000000,0.000000
6.200000,0.351306,0.175548,0.413107,0.971600,-0.218996,-0.088769,0.012401,0.000000,2.000000,1.000000,-0.000000,0.000000
6.205000,0.351255,0.175946,0.412980,0.971724,-0.218494,-0.088643,0.012429,0.000000,2.000000,1.000000,0.000000,0.000000
6.210000,0.351201,0.176345,0.412853,0.971848,-0.217992,-0.088520,0.012455,0.000000,2.000000,1.000000,-0.000000,0.000000
6.215000,0.351146,0.176744,0.412725,0.971971,-0.217490,-0.088398,0.012478,0.000000,2.000000,1.000000,0.000000,0.000000
6.220000,0.351089,0.177143,0.412597,0.972094,-0.216988,-0.088278,0.012499,0.000000,2.000000,1.000000,-0.000000,0.000000
6.225000,0.351030,0.177542,0.412469,0.972217,-0.216485,-0.088159,0.012518,0.000000,2.000000,1.000000,0.000000,0.000000
6.230000,0.350969,0.177942,0.412340,0.972339,-0.215983,-0.088042,0.012535,0.000000,2.000000,1.000000,-0.000000,0.000000
6.235000,0.350906,0.178342,0.412212,0.972461,-0.215480,-0.087927,0.012548,0.000000,2.000000,1.000000,0.000000,0.000000
6.240000,0.350842,0.178743,0.412083,0.972582,-0.214978,-0.087813,0.012560,0.000000,2.000000,1.000000,0.000000,0.000000
6.245000,0.350776,0.179143,0.411954,0.972703,-0.214475,-0.087700,0.012568,0.000000,2.000000,1.000000,0.000000,0.000000
6.250000,0.350708,0.179544,0.411825,0.972824,-0.213972,-0.087589,0.012573,0.000000,2.000000,1.000000,0.000000,0.000000
6.255000,0.350639,0.179944,0.411696,0.972944,-0.213468,-0.087478,0.012576,0.000000,2.000000,1.000000,0.000000,0.000000
6.260000,0.350569,0.180345,0.411567,0.973065,-0.212964,-0.087369,0.012575,0.000000,2.000000,1.000000,0.000000,0.000000
6.265000,0.350497,0.180746,0.411438,0.973185,-0.212460,-0.087261,0.012571,0.000000,2.000000,1.000000,-0.000000,0.000000
6.270000,0.350424,0.181147,0.411309,0.973304,-0.211956,-0.087153,0.012564,0.000000,2.000000,1.000000,0.000000,0.000000
6.275000,0.350349,0.181548,0.411180,0.973423,-0.211452,-0.087048,0.012553,0.000000,2.000000,1.000000,0.000000,0.000000
6.280000,0.350273,0.181950,0.411051,0.973542,-0.210947,-0.086944,0.012539,0.000000,2.000000,1.000000,-0.000000,0.000000
6.285000,0.350195,0.182351,0.410922,0.973661,-0.210443,-0.086842,0.012521,0.000000,2.000000,1.000000,0.000000,0.000000
6.290000,0.350116,0.182753,0.410793,0.973779,-0.209939,-0.086742,0.012500,0.000000,2.000000,1.000000,0.000000,0.000000
6.295000,0.350035,0.183154,0.410664,0.973897,-0.209434,-0.086644,0.012475,0.000000,2.000000,1.000000,-0.000000,0.000000
6.300000,0.349952,0.183556,0.410535,0.974014,-0.208930,-0.086548,0.012447,0.000000,2.000000,1.000000,-0.000000,0.000000
6.305000,0.349867,0.183957,0.410407,0.974130,-0.208426,-0.086455,0.012415,0.000000,2.000000,1.000000,0.000000,0.000000
6.310000,0.349781,0.184359,0.410279,0.974247,-0.207922,-0.086364,0.012380,0.000000,2.000000,1.000000,0.000000,0.000000
6.315000,0.349693,0.184760,0.410151,0.974362,-0.207419,-0.086276,0.012341,0.000000,2.000000,1.000000,0.000000,0.000000
6.320000,0.349602,0.185162,0.410023,0.974477,-0.206917,-0.086191,0.012299,0.000000,2.000000,1.000000,-0.000000,0.000000
6.325000,0.349510,0.185563,0.409896,0.974591,-0.206414,-0.086109,0.012253,0.000000,2.000000,1.000000,-0.000000,0.000000
6.330000,0.349415,0.185964,0.409769,0.974705,-0.205913,-0.086031,0.012204,0.000000,2.000000,1.000000,-0.000000,0.000000
6.335000,0.349319,0.186366,0.409642,0.974818,-0.205412,-0.085955,0.012152,0.000000,2.000000,1.000000,0.000000,0.000000
6.340000,0.349221,0.186767,0.409516,0.974930,-0.204912,-0.085883,0.012097,0.000000,2.000000,1.000000,0.000000,0.000000
6.345000,0.349120,0.187168,0.409390,0.975042,-0.204412,-0.085813,0.012039,0.000000,2.000000,1.000000,-0.000000,0.000000
6.350000,0.349018,0.187568,0.409265,0.975153,-0.203913,-0.085747,0.011977,0.000000,2.000000,1.000000,0.000000,0.000000
6.355000,0.348914,0.187969,0.409140,0.975263,-0.203415,-0.085683,0.011913,0.000000,2.000000,1.000000,-0.000000,0.000000
6.360000,0.348808,0.188369,0.409016,0.975373,-0.202917,-0.085622,0.011845,0.000000,2.000000,1.000000,-0.000000,0.000000
6.365000,0.348701,0.188769,0.408893,0.975483,-0.202420,-0.085564,0.011774,0.000000,2.000000,1.000000,0.000000,0.000000
6.370000,0.348592,0.189169,0.408771,0.975591,-0.201923,-0.085508,0.011699,0.000000,2.000000,1.000000,0.000000,0.000000
6.375000,0.348481,0.189568,0.408650,0.975699,-0.201428,-0.085454,0.011622,0.000000,2.000000,1.000000,-0.000000,0.000000
6.380000,0.348369,0.189967,0.408530,0.975807,-0.200932,-0.085401,0.011542,0.000000,2.000000,1.000000,0.000000,0.000000
6.385000,0.348256,0.190365,0.408411,0.975914,-0.200438,-0.085350,0.011458,0.000000,2.000000,1.000000,0.000000,0.000000
6.390000,0.348141,0.190763,0.408294,0.976021,-0.199943,-0.085300,0.011371,0.000000,2.000000,1.000000,-0.000000,0.000000
6.395000,0.348025,0.191161,0.408178,0.976127,-0.199450,-0.085251,0.011280,0.000000,2.000000,1.000000,0.000000,0.000000
6.400000,0.347908,0.191559,0.408064,0.976233,-0.198956,-0.085203,0.011187,0.000000,2.000000,1.000000,-0.000000,0.000000
6.405000,0.347790,0.191955,0.407952,0.976339,-0.198463,-0.085156,0.011090,0.000000,2.000000,1.000000,-0.000000,0.000000
6.410000,0.347670,0.192352,0.407841,0.976444,-0.197971,-0.085109,0.010989,0.000000,2.000000,1.000000,-0.000000,0.000000
6.415000,0.347550,0.192748,0.407732,0.976549,-0.197479,-0.085063,0.010886,0.000000,2.000000,1.000000,0.000000,0.000000
6.420000,0.347429,0.193144,0.407624,0.976653,-0.196988,-0.085018,0.010779,0.000000,2.000000,1.000000,-0.000000,0.000000
6.425000,0.347306,0.193539,0.407519,0.976757,-0.196497,-0.084973,0.010669,0.000000,2.000000,1.000000,-0.000000,0.000000
6.430000,0.347183,0.193933,0.407415,0.976861,-0.196007,-0.084930,0.010557,0.000000,2.000000,1.000000,-0.000000,0.000000
6.435000,0.347059,0.194327,0.407313,0.976964,-0.195517,-0.084887,0.010441,0.000000,2.000000,1.000000,-0.000000,0.000000
6.440000,0.346933,0.194721,0.407213,0.977066,-0.195029,-0.084845,0.010322,0.000000,2.000000,1.000000,-0.000000,0.000000
6.445000,0.346807,0.195114,0.407115,0.977168,-0.194541,-0.084804,0.010201,0.000000,2.000000,1.000000,-0.000000,0.000000
6.450000,0.346679,0.195506,0.407019,0.977270,-0.194054,-0.084765,0.010077,0.000000,2.000000,1.000000,-0.000000,0.000000
6.455000,0.346550,0.195898,0.406925,0.977371,-0.193569,-0.084727,0.009950,0.000000,2.000000,1.000000,-0.000000,0.000000
6.460000,0.346420,0.196289,0.406832,0.977471,-0.193084,-0.084691,0.009822,0.000000,2.000000,1.000000,0.000000,0.000000
6.465000,0.346288,0.196679,0.406742,0.977571,-0.192601,-0.084656,0.009691,0.000000,2.000000,1.000000,-0.000000,0.000000
6.470000,0.346156,0.197068,0.406653,0.977670,-0.192119,-0.084623,0.009558,0.000000,2.000000,1.000000,0.000000,0.000000
6.475000,0.346022,0.197457,0.406566,0.977768,-0.191638,-0.084592,0.009423,0.000000,2.000000,1.000000,-0.000000,0.000000
6.480000,0.345887,0.197845,0.406481,0.977866,-0.191158,-0.084563,0.009287,0.000000,2.000000,1.000000,0.000000,0.000000
6.485000,0.345751,0.198232,0.406398,0.977963,-0.190680,-0.084536,0.009149,0.000000,2.000000,1.000000,-0.000000,0.000000
6.490000,0.345614,0.198619,0.406316,0.978059,-0.190204,-0.084510,0.009009,0.000000,2.000000,1.000000,-0.000000,0.000000
6.495000,0.345475,0.199004,0.406237,0.978155,-0.189728,-0.084487,0.008867,0.000000,2.000000,1.000000,-0.000000,0.000000
6.500000,0.345335,0.199389,0.406159,0.978249,-0.189255,-0.084466,0.008725,0.000000,2.000000,1.000000,0.000000,0.000000
6.505000,0.345195,0.199773,0.406083,0.978344,-0.188782,-0.084447,0.008580,0.000000,2.000000,1.000000,0.000000,0.000000
6.510000,0.345053,0.200156,0.406008,0.978437,-0.188311,-0.084431,0.008435,0.000000,2.000000,1.000000,0.000000,0.000000
6.515000,0.344910,0.200539,0.405936,0.978530,-0.187842,-0.084416,0.008288,0.000000,2.000000,1.000000,-0.000000,0.000000
6.520000,0.344766,0.200920,0.405865,0.978622,-0.187376,-0.084403,0.008141,0.000000,2.000000,1.000000,0.000000,0.000000
6.525000,0.344622,0.201301,0.405796,0.978713,-0.186911,-0.084392,0.007991,0.000000,2.000000,1.000000,0.000000,0.000000
6.530000,0.344476,0.201682,0.405729,0.978803,-0.186450,-0.084383,0.007841,0.000000,2.000000,1.000000,0.000000,0.000000
6.535000,0.344330,0.202062,0.405664,0.978892,-0.185991,-0.084376,0.007689,0.000000,2.000000,1.000000,0.000000,0.000000
6.540000,0.344184,0.202441,0.405601,0.978980,-0.185534,-0.084371,0.007536,0.000000,2.000000,1.000000,0.000000,0.000000
6.545000,0.344037,0.202821,0.405539,0.979067,-0.185080,-0.084367,0.007382,0.000000,2.000000,1.000000,0.000000,0.000000
6.550000,0.343890,0.203200,0.405480,0.979154,-0.184629,-0.084365,0.007226,0.000000,2.000000,1.000000,-0.000000,0.000000
6.555000,0.343743,0.203579,0.405422,0.979240,-0.184180,-0.084364,0.007069,0.000000,2.000000,1.000000,-0.000000,0.000000
6.560000,0.343596,0.203958,0.405367,0.979325,-0.183733,-0.084363,0.006910,0.000000,2.000000,1.000000,0.000000,0.000000
6.565000,0.343449,0.204336,0.405313,0.979409,-0.183289,-0.084364,0.006750,0.000000,2.000000,1.000000,-0.000000,0.000000
6.570000,0.343302,0.204715,0.405261,0.979493,-0.182847,-0.084366,0.006589,0.000000,2.000000,1.000000,-0.000000,0.000000
6.575000,0.343156,0.205094,0.405212,0.979576,-0.182407,-0.084368,0.006427,0.000000,2.000000,1.000000,0.000000,0.000000
6.580000,0.343011,0.205474,0.405164,0.979658,-0.181969,-0.084371,0.006264,0.000000,2.000000,1.000000,0.000000,0.000000
6.585000,0.342866,0.205853,0.405119,0.979739,-0.181534,-0.084374,0.006100,0.000000,2.000000,1.000000,0.000000,0.000000
6.590000,0.342722,0.206233,0.405076,0.979820,-0.181100,-0.084377,0.005934,0.000000,2.000000,1.000000,0.000000,0.000000
6.595000,0.342579,0.206613,0.405035,0.979901,-0.180667,-0.084380,0.005768,0.000000,2.000000,1.000000,0.000000,0.000000
6.600000,0.342438,0.206993,0.404996,0.979981,-0.180237,-0.084382,0.005602,0.000000,2.000000,1.000000,0.000000,0.000000
6.605000,0.342297,0.207374,0.404960,0.980061,-0.179808,-0.084383,0.005434,0.000000,2.000000,1.000000,-0.000000,0.000000
6.610000,0.342159,0.207755,0.404927,0.980140,-0.179380,-0.084384,0.005266,0.000000,2.000000,1.000000,-0.000000,0.000000
6.615000,0.342022,0.208136,0.404895,0.980219,-0.178953,-0.084383,0.005098,0.000000,2.000000,1.000000,-0.000000,0.000000
6.620000,0.341887,0.208517,0.404866,0.980298,-0.178528,-0.084380,0.004928,0.000000,2.000000,1.000000,-0.000000,0.000000
6.625000,0.341753,0.208897,0.404839,0.980376,-0.178104,-0.084374,0.004756,0.000000,2.000000,1.000000,0.000000,0.000000
6.630000,0.341622,0.209277,0.404813,0.980455,-0.177681,-0.084365,0.004582,0.000000,2.000000,1.000000,-0.000000,0.000000
6.635000,0.341492,0.209657,0.404789,0.980533,-0.177259,-0.084353,0.004407,0.000000,2.000000,1.000000,-0.000000,0.000000
6.640000,0.341363,0.210035,0.404766,0.980611,-0.176838,-0.084338,0.004230,0.000000,2.000000,1.000000,0.000000,0.000000
6.645000,0.341236,0.210413,0.404745,0.980689,-0.176418,-0.084319,0.004051,0.000000,2.000000,1.000000,0.000000,0.000000
6.650000,0.341111,0.210789,0.404725,0.980767,-0.175999,-0.084298,0.003871,0.000000,2.000000,1.000000,0.000000,0.000000
6.655000,0.340987,0.211164,0.404707,0.980845,-0.175581,-0.084272,0.003690,0.000000,2.000000,1.000000,-0.000000,0.000000
6.660000,0.340866,0.211539,0.404690,0.980922,-0.175163,-0.084243,0.003508,0.000000,2.000000,1.000000,0.000000,0.000000
6.665000,0.340746,0.211912,0.404675,0.981000,-0.174745,-0.084210,0.003325,0.000000,2.000000,1.000000,-0.000000,0.000000
6.670000,0.340627,0.212283,0.404660,0.981078,-0.174327,-0.084173,0.003141,0.000000,2.000000,1.000000,-0.000000,0.000000
6.675000,0.340511,0.212654,0.404647,0.981157,-0.173910,-0.084133,0.002956,0.000000,2.000000,1.000000,0.000000,0.000000
6.680000,0.340396,0.213023,0.404636,0.981235,-0.173493,-0.084090,0.002771,0.000000,2.000000,1.000000,0.000000,0.000000
6.685000,0.340283,0.213391,0.404625,0.981313,-0.173076,-0.084043,0.002586,0.000000,2.000000,1.000000,0.000000,0.000000
6.690000,0.340171,0.213758,0.404615,0.981391,-0.172658,-0.083992,0.002400,0.000000,2.000000,1.000000,0.000000,0.000000
6.695000,0.340061,0.214123,0.404606,0.981469,-0.172241,-0.083939,0.002213,0.000000,2.000000,1.000000,0.000000,0.000000
6.700000,0.339953,0.214488,0.404598,0.981548,-0.171824,-0.083882,0.002027,0.000000,2.000000,1.000000,0.000000,0.000000
6.705000,0.339846,0.214851,0.404591,0.981626,-0.171406,-0.083823,0.001840,0.000000,2.000000,1.000000,-0.000000,0.000000
6.710000,0.339740,0.215212,0.404585,0.981705,-0.170989,-0.083760,0.001653,0.000000,2.000000,1.000000,0.000000,0.000000
6.715000,0.339636,0.215573,0.404580,0.981783,-0.170571,-0.083695,0.001466,0.000000,2.000000,1.000000,-0.000000,0.000000
6.720000,0.339534,0.215933,0.404575,0.981862,-0.170153,-0.083627,0.001279,0.000000,2.000000,1.000000,-0.000000,0.000000
6.725000,0.339432,0.216291,0.404571,0.981941,-0.169735,-0.083557,0.001093,0.000000,2.000000,1.000000,-0.000000,0.000000
6.730000,0.339332,0.216649,0.404567,0.982019,-0.169317,-0.083485,0.000906,0.000000,2.000000,1.000000,-0.000000,0.000000
6.735000,0.339233,0.217005,0.404564,0.982097,-0.168899,-0.083411,0.000719,0.000000,2.000000,1.000000,-0.000000,0.000000
6.740000,0.339134,0.217360,0.404561,0.982176,-0.168481,-0.083335,0.000533,0.000000,2.000000,1.000000,0.000000,0.000000
6.745000,0.339037,0.217715,0.404558,0.982254,-0.168062,-0.083258,0.000347,0.000000,2.000000,1.000000,0.000000,0.000000
6.750000,0.338941,0.218068,0.404556,0.982332,-0.167644,-0.083179,0.000162,0.000000,2.000000,1.000000,-0.000000,0.000000
6.755000,0.338846,0.218421,0.404553,0.982411,-0.167225,-0.083099,-0.000024,0.000000,2.000000,1.000000,-0.000000,0.000000
6.760000,0.338751,0.218772,0.404551,0.982489,-0.166806,-0.083018,-0.000209,0.000000,2.000000,1.000000,-0.000000,0.000000
6.765000,0.338657,0.219124,0.404549,0.982567,-0.166386,-0.082936,-0.000394,0.000000,2.000000,1.000000,-0.000000,0.000000
6.770000,0.338563,0.219474,0.404547,0.982644,-0.165966,-0.082854,-0.000578,0.000000,2.000000,1.000000,-0.000000,0.000000
6.775000,0.338470,0.219824,0.404545,0.982722,-0.165546,-0.082771,-0.000762,0.000000,2.000000,1.000000,-0.000000,0.000000
6.780000,0.338378,0.220173,0.404543,0.982800,-0.165125,-0.082687,-0.000946,0.000000,2.000000,1.000000,-0.000000,0.000000
6.785000,0.338285,0.220522,0.404541,0.982877,-0.164704,-0.082604,-0.001129,0.000000,2.000000,1.000000,-0.000000,0.000000
6.790000,0.338193,0.220870,0.404538,0.982955,-0.164283,-0.082520,-0.001311,0.000000,2.000000,1.000000,0.000000,0.000000
6.795000,0.338102,0.221217,0.404536,0.983032,-0.163862,-0.082437,-0.001492,0.000000,2.000000,1.000000,0.000000,0.000000
6.800000,0.338010,0.221564,0.404533,0.983109,-0.163440,-0.082353,-0.001673,0.000000,2.000000,1.000000,-0.000000,0.000000
6.805000,0.337918,0.221911,0.404529,0.983185,-0.163018,-0.082270,-0.001853,0.000000,2.000000,1.000000,-0.000000,0.000000
6.810000,0.337827,0.222257,0.404525,0.983262,-0.162596,-0.082188,-0.002032,0.000000,2.000000,1.000000,0.000000,0.000000
6.815000,0.337735,0.222603,0.404521,0.983338,-0.162173,-0.082105,-0.002209,0.000000,2.000000,1.000000,-0.000000,0.000000
6.820000,0.337644,0.222948,0.404517,0.983414,-0.161751,-0.082023,-0.002385,0.000000,2.000000,1.000000,-0.000000,0.000000
6.825000,0.337553,0.223293,0.404512,0.983490,-0.161329,-0.081941,-0.002560,0.000000,2.000000,1.000000,0.000000,0.000000
6.830000,0.337462,0.223638,0.404507,0.983565,-0.160907,-0.081860,-0.002732,0.000000,2.000000,1.000000,-0.000000,0.000000
6.835000,0.337371,0.223982,0.404501,0.983640,-0.160485,-0.081780,-0.002903,0.000000,2.000000,1.000000,-0.000000,0.000000
6.840000,0.337280,0.224326,0.404495,0.983715,-0.160063,-0.081700,-0.003071,0.000000,2.000000,1.000000,0.000000,0.000000
6.845000,0.337190,0.224669,0.404489,0.983790,-0.159641,-0.081621,-0.003237,0.000000,2.000000,1.000000,-0.000000,0.000000
6.850000,0.337100,0.225013,0.404482,0.983864,-0.159219,-0.081543,-0.003401,0.000000,2.000000,1.000000,-0.000000,0.000000
6.855000,0.337010,0.225356,0.404475,0.983938,-0.158798,-0.081466,-0.003562,0.000000,2.000000,1.000000,0.000000,0.000000
6.860000,0.336921,0.225699,0.404468,0.984012,-0.158377,-0.081389,-0.003722,0.000000,2.000000,1.000000,-0.000000,0.000000
6.865000,0.336832,0.226042,0.404461,0.984085,-0.157956,-0.081313,-0.003878,0.000000,2.000000,1.000000,0.000000,0.000000
6.870000,0.336744,0.226384,0.404453,0.984158,-0.157535,-0.081237,-0.004033,0.000000,2.000000,1.000000,-0.000000,0.000000
6.875000,0.336657,0.226727,0.404445,0.984231,-0.157114,-0.081162,-0.004185,0.000000,2.000000,1.000000,-0.000000,0.000000
6.880000,0.336570,0.227070,0.404437,0.984303,-0.156694,-0.081088,-0.004335,0.000000,2.000000,1.000000,-0.000000,0.000000
6.885000,0.336484,0.227412,0.404429,0.984375,-0.156274,-0.081014,-0.004482,0.000000,2.000000,1.000000,0.000000,0.000000
6.890000,0.336399,0.227755,0.404421,0.984447,-0.155854,-0.080941,-0.004627,0.000000,2.000000,1.000000,0.000000,0.000000
6.895000,0.336315,0.228097,0.404412,0.984519,-0.155435,-0.080869,-0.004770,0.000000,2.000000,1.000000,-0.000000,0.000000
6.900000,0.336232,0.228440,0.404404,0.984590,-0.155017,-0.080797,-0.004910,0.000000,2.000000,1.000000,0.000000,0.000000
6.905000,0.336149,0.228782,0.404396,0.984661,-0.154599,-0.080725,-0.005048,0.000000,2.000000,1.000000,0.000000,0.000000
6.910000,0.336068,0.229124,0.404387,0.984732,-0.154181,-0.080654,-0.005183,0.000000,2.000000,1.000000,0.000000,0.000000
6.915000,0.335988,0.229467,0.404379,0.984802,-0.153764,-0.080584,-0.005317,0.000000,2.000000,1.000000,-0.000000,0.000000
6.920000,0.335909,0.229809,0.404371,0.984872,-0.153348,-0.080514,-0.005448,0.000000,2.000000,1.000000,-0.000000,0.000000
6.925000,0.335831,0.230151,0.404362,0.984941,-0.152933,-0.080445,-0.005577,0.000000,2.000000,1.000000,-0.000000,0.000000
6.930000,0.335755,0.230493,0.404354,0.985010,-0.152519,-0.080376,-0.005703,0.000000,2.000000,1.000000,-0.000000,0.000000
6.935000,0.335679,0.230834,0.404346,0.985079,-0.152106,-0.080308,-0.005827,0.000000,2.000000,1.000000,-0.000000,0.000000
6.940000,0.335605,0.231175,0.404338,0.985147,-0.151694,-0.080241,-0.005948,0.000000,2.000000,1.000000,0.000000,0.000000
6.945000,0.335532,0.231516,0.404330,0.985215,-0.151283,-0.080175,-0.006068,0.000000,2.000000,1.000000,-0.000000,0.000000
6.950000,0.335461,0.231857,0.404322,0.985282,-0.150873,-0.080109,-0.006185,0.000000,2.000000,1.000000,0.000000,0.000000
6.955000,0.335391,0.232197,0.404313,0.985349,-0.150465,-0.080044,-0.006300,0.000000,2.000000,1.000000,-0.000000,0.000000
6.960000,0.335322,0.232536,0.404305,0.985416,-0.150058,-0.079980,-0.006412,0.000000,2.000000,1.000000,-0.000000,0.000000
6.965000,0.335254,0.232875,0.404297,0.985482,-0.149652,-0.079917,-0.006523,0.000000,2.000000,1.000000,-0.000000,0.000000
6.970000,0.335188,0.233213,0.404290,0.985548,-0.149248,-0.079855,-0.006631,0.000000,2.000000,1.000000,-0.000000,0.000000
6.975000,0.335123,0.233551,0.404282,0.985613,-0.148845,-0.079794,-0.006737,0.000000,2.000000,1.000000,0.000000,0.000000
6.980000,0.335060,0.233887,0.404274,0.985678,-0.148443,-0.079734,-0.006841,0.000000,2.000000,1.000000,-0.000000,0.000000
6.985000,0.334998,0.234223,0.404266,0.985742,-0.148042,-0.079675,-0.006943,0.000000,2.000000,1.000000,0.000000,0.000000
6.990000,0.334938,0.234559,0.404258,0.985806,-0.147643,-0.079617,-0.007043,0.000000,2.000000,1.000000,-0.000000,0.000000
6.995000,0.334879,0.234893,0.404250,0.985869,-0.147245,-0.079560,-0.007142,0.000000,2.000000,1.000000,0.000000,0.000000
7.000000,0.334822,0.235226,0.404242,0.985932,-0.146848,-0.079503,-0.007238,0.000000,2.000000,1.000000,-0.000000,0.000000
7.005000,0.334767,0.235559,0.404235,0.985995,-0.146452,-0.079447,-0.007333,0.000000,2.000000,1.000000,-0.000000,0.000000
7.010000,0.334713,0.235891,0.404227,0.986057,-0.146058,-0.079393,-0.007426,0.000000,2.000000,1.000000,0.000000,0.000000
7.015000,0.334661,0.236221,0.404220,0.986119,-0.145665,-0.079339,-0.007518,0.000000,2.000000,1.000000,0.000000,0.000000
7.020000,0.334611,0.236551,0.404213,0.986180,-0.145273,-0.079285,-0.007608,0.000000,2.000000,1.000000,0.000000,0.000000
7.025000,0.334563,0.236880,0.404206,0.986241,-0.144882,-0.079232,-0.007697,0.000000,2.000000,1.000000,0.000000,0.000000
7.030000,0.334516,0.237208,0.404200,0.986302,-0.144492,-0.079180,-0.007785,0.000000,2.000000,1.000000,0.000000,0.000000
7.035000,0.334471,0.237535,0.404195,0.986362,-0.144105,-0.079128,-0.007871,0.000000,2.000000,1.000000,-0.000000,0.000000
7.040000,0.334427,0.237861,0.404190,0.986422,-0.143718,-0.079076,-0.007956,0.000000,2.000000,1.000000,-0.000000,0.000000
7.045000,0.334385,0.238186,0.404186,0.986482,-0.143333,-0.079024,-0.008040,0.000000,2.000000,1.000000,0.000000,0.000000
7.050000,0.334345,0.238509,0.404183,0.986541,-0.142949,-0.078973,-0.008122,0.000000,2.000000,1.000000,0.000000,0.000000
7.055000,0.334306,0.238832,0.404181,0.986600,-0.142567,-0.078922,-0.008204,0.000000,2.000000,1.000000,0.000000,0.000000
7.060000,0.334269,0.239154,0.404180,0.986658,-0.142186,-0.078871,-0.008284,0.000000,2.000000,1.000000,0.000000,0.000000
7.065000,0.334233,0.239475,0.404180,0.986716,-0.141807,-0.078821,-0.008364,0.000000,2.000000,1.000000,0.000000,0.000000
7.070000,0.334199,0.239794,0.404180,0.986773,-0.141429,-0.078772,-0.008443,0.000000,2.000000,1.000000,0.000000,0.000000
7.075000,0.334166,0.240113,0.404182,0.986830,-0.141053,-0.078723,-0.008520,0.000000,2.000000,1.000000,-0.000000,0.000000
7.080000,0.334135,0.240430,0.404185,0.986887,-0.140678,-0.078675,-0.008597,0.000000,2.000000,1.000000,0.000000,0.000000
7.085000,0.334105,0.240747,0.404188,0.986943,-0.140304,-0.078628,-0.008672,0.000000,2.000000,1.000000,-0.000000,0.000000
7.090000,0.334076,0.241062,0.404192,0.986999,-0.139932,-0.078581,-0.008747,0.000000,2.000000,1.000000,0.000000,0.000000
7.095000,0.334048,0.241376,0.404198,0.987055,-0.139561,-0.078535,-0.008821,0.000000,2.000000,1.000000,-0.000000,0.000000
7.100000,0.334022,0.241689,0.404204,0.987110,-0.139192,-0.078491,-0.008894,0.000000,2.000000,1.000000,0.000000,0.000000
7.105000,0.333997,0.242002,0.404211,0.987165,-0.138823,-0.078447,-0.008967,0.000000,2.000000,1.000000,0.000000,0.000000
7.110000,0.333973,0.242313,0.404220,0.987219,-0.138456,-0.078404,-0.009038,0.000000,2.000000,1.000000,0.000000,0.000000
7.115000,0.333951,0.242623,0.404229,0.987273,-0.138090,-0.078362,-0.009109,0.000000,2.000000,1.000000,0.000000,0.000000
7.120000,0.333930,0.242932,0.404239,0.987326,-0.137726,-0.078320,-0.009179,0.000000,2.000000,1.000000,-0.000000,0.000000
7.125000,0.333910,0.243240,0.404250,0.987380,-0.137363,-0.078279,-0.009248,0.000000,2.000000,1.000000,0.000000,0.000000
7.130000,0.333891,0.243546,0.404261,0.987432,-0.137001,-0.078238,-0.009316,0.000000,2.000000,1.000000,0.000000,0.000000
7.135000,0.333874,0.243852,0.404273,0.987485,-0.136641,-0.078198,-0.009383,0.000000,2.000000,1.000000,0.000000,0.000000
7.140000,0.333858,0.244157,0.404285,0.987537,-0.136282,-0.078157,-0.009448,0.000000,2.000000,1.000000,0.000000,0.000000
7.145000,0.333843,0.244460,0.404298,0.987589,-0.135925,-0.078116,-0.009513,0.000000,2.000000,1.000000,0.000000,0.000000
7.150000,0.333830,0.244763,0.404311,0.987640,-0.135569,-0.078075,-0.009577,0.000000,2.000000,1.000000,0.000000,0.000000
7.155000,0.333818,0.245064,0.404323,0.987692,-0.135214,-0.078035,-0.009640,0.000000,2.000000,1.000000,-0.000000,0.000000
7.160000,0.333807,0.245365,0.404336,0.987743,-0.134861,-0.077994,-0.009702,0.000000,2.000000,1.000000,0.000000,0.000000
7.165000,0.333798,0.245664,0.404350,0.987793,-0.134510,-0.077954,-0.009763,0.000000,2.000000,1.000000,0.000000,0.000000
7.170000,0.333790,0.245962,0.404363,0.987843,-0.134160,-0.077913,-0.009823,0.000000,2.000000,1.000000,0.000000,0.000000
7.175000,0.333783,0.246259,0.404377,0.987893,-0.133812,-0.077872,-0.009882,0.000000,2.000000,1.000000,-0.000000,0.000000
7.180000,0.333777,0.246555,0.404390,0.987942,-0.133466,-0.077832,-0.009940,0.000000,2.000000,1.000000,0.000000,0.000000
7.185000,0.333773,0.246850,0.404404,0.987992,-0.133122,-0.077791,-0.009997,0.000000,2.000000,1.000000,-0.000000,0.000000
7.190000,0.333770,0.247143,0.404418,0.988040,-0.132779,-0.077750,-0.010053,0.000000,2.000000,1.000000,0.000000,0.000000
7.195000,0.333769,0.247435,0.404432,0.988089,-0.132439,-0.077708,-0.010109,0.000000,2.000000,1.000000,-0.000000,0.000000
7.200000,0.333769,0.247725,0.404446,0.988137,-0.132102,-0.077666,-0.010163,0.000000,2.000000,1.000000,0.000000,0.000000
7.205000,0.333770,0.248014,0.404460,0.988184,-0.131767,-0.077623,-0.010216,0.000000,2.000000,1.000000,0.000000,0.000000
7.210000,0.333774,0.248301,0.404474,0.988231,-0.131435,-0.077580,-0.010268,0.000000,2.000000,1.000000,0.000000,0.000000
7.215000,0.333778,0.248586,0.404489,0.988278,-0.131105,-0.077535,-0.010319,0.000000,2.000000,1.000000,0.000000,0.000000
7.220000,0.333785,0.248870,0.404503,0.988324,-0.130778,-0.077490,-0.010369,0.000000,2.000000,1.000000,0.000000,0.000000
7.225000,0.333793,0.249151,0.404518,0.988370,-0.130453,-0.077444,-0.010419,0.000000,2.000000,1.000000,0.000000,0.000000
7.230000,0.333803,0.249430,0.404533,0.988416,-0.130132,-0.077397,-0.010467,0.000000,2.000000,1.000000,0.000000,0.000000
7.235000,0.333815,0.249707,0.404548,0.988461,-0.129814,-0.077348,-0.010514,0.000000,2.000000,1.000000,0.000000,0.000000
7.240000,0.333830,0.249981,0.404563,0.988506,-0.129500,-0.077297,-0.010560,0.000000,2.000000,1.000000,0.000000,0.000000
7.245000,0.333847,0.250253,0.404579,0.988550,-0.129189,-0.077245,-0.010605,0.000000,2.000000,1.000000,0.000000,0.000000
7.250000,0.333866,0.250522,0.404595,0.988594,-0.128882,-0.077190,-0.010649,0.000000,2.000000,1.000000,-0.000000,0.000000
7.255000,0.333887,0.250788,0.404612,0.988637,-0.128579,-0.077134,-0.010693,0.000000,2.000000,1.000000,0.000000,0.000000
7.260000,0.333912,0.251051,0.404629,0.988680,-0.128279,-0.077076,-0.010736,0.000000,2.000000,1.000000,-0.000000,0.000000
7.265000,0.333939,0.251311,0.404646,0.988723,-0.127983,-0.077016,-0.010779,0.000000,2.000000,1.000000,0.000000,0.000000
7.270000,0.333969,0.251567,0.404664,0.988765,-0.127692,-0.076954,-0.010820,0.000000,2.000000,1.000000,0.000000,0.000000
7.275000,0.334002,0.251820,0.404682,0.988806,-0.127406,-0.076888,-0.010861,0.000000,2.000000,1.000000,0.000000,0.000000
7.280000,0.334038,0.252069,0.404702,0.988848,-0.127123,-0.076820,-0.010902,0.000000,2.000000,1.000000,-0.000000,0.000000
7.285000,0.334077,0.252314,0.404722,0.988888,-0.126846,-0.076750,-0.010942,0.000000,2.000000,1.000000,-0.000000,0.000000
7.290000,0.334120,0.252556,0.404742,0.988928,-0.126573,-0.076679,-0.010983,0.000000,2.000000,1.000000,-0.000000,0.000000
7.295000,0.334165,0.252794,0.404763,0.988968,-0.126305,-0.076607,-0.011024,0.000000,2.000000,1.000000,-0.000000,0.000000
7.300000,0.334213,0.253028,0.404785,0.989006,-0.126043,-0.076534,-0.011065,0.000000,2.000000,1.000000,-0.000000,0.000000
7.305000,0.334264,0.253258,0.404808,0.989044,-0.125786,-0.076462,-0.011107,0.000000,2.000000,1.000000,-0.000000,0.000000
7.310000,0.334317,0.253484,0.404831,0.989081,-0.125535,-0.076389,-0.011151,0.000000,2.000000,1.000000,0.000000,0.000000
7.315000,0.334374,0.253705,0.404855,0.989117,-0.125289,-0.076317,-0.011195,0.000000,2.000000,1.000000,-0.000000,0.000000
7.320000,0.334434,0.253923,0.404880,0.989153,-0.125049,-0.076245,-0.011241,0.000000,2.000000,1.000000,-0.000000,0.000000
7.325000,0.334497,0.254136,0.404906,0.989187,-0.124814,-0.076173,-0.011287,0.000000,2.000000,1.000000,-0.000000,0.000000
7.330000,0.334562,0.254346,0.404932,0.989221,-0.124584,-0.076102,-0.011336,0.000000,2.000000,1.000000,-0.000000,0.000000
7.335000,0.334630,0.254551,0.404959,0.989254,-0.124360,-0.076031,-0.011387,0.000000,2.000000,1.000000,-0.000000,0.000000
7.340000,0.334699,0.254753,0.404987,0.989287,-0.124139,-0.075962,-0.011442,0.000000,2.000000,1.000000,0.000000,0.000000
7.345000,0.334769,0.254951,0.405014,0.989318,-0.123924,-0.075895,-0.011499,0.000000,2.000000,1.000000,-0.000000,0.000000
7.350000,0.334842,0.255146,0.405042,0.989349,-0.123714,-0.075829,-0.011559,0.000000,2.000000,1.000000,0.000000,0.000000
7.355000,0.334917,0.255337,0.405071,0.989379,-0.123509,-0.075761,-0.011621,0.000000,2.000000,1.000000,-0.000000,0.000000
7.360000,0.334996,0.255523,0.405101,0.989409,-0.123309,-0.075691,-0.011685,0.000000,2.000000,1.000000,-0.000000,0.000000
7.365000,0.335079,0.255704,0.405131,0.989438,-0.123114,-0.075616,-0.011751,0.000000,2.000000,1.000000,0.000000,0.000000
7.370000,0.335167,0.255880,0.405163,0.989466,-0.122925,-0.075537,-0.011819,0.000000,2.000000,1.000000,0.000000,0.000000
7.375000,0.335261,0.256051,0.405196,0.989495,-0.122741,-0.075453,-0.011888,0.000000,2.000000,1.000000,-0.000000,0.000000
7.380000,0.335360,0.256216,0.405230,0.989523,-0.122564,-0.075363,-0.011960,0.000000,2.000000,1.000000,-0.000000,0.000000
7.385000,0.335465,0.256377,0.405265,0.989551,-0.122391,-0.075268,-0.012033,0.000000,2.000000,1.000000,0.000000,0.000000
7.390000,0.335575,0.256532,0.405302,0.989578,-0.122224,-0.075169,-0.012109,0.000000,2.000000,1.000000,-0.000000,0.000000
7.395000,0.335693,0.256681,0.405340,0.989605,-0.122063,-0.075063,-0.012188,0.000000,2.000000,1.000000,0.000000,0.000000
7.400000,0.335816,0.256825,0.405379,0.989631,-0.121907,-0.074952,-0.012269,0.000000,2.000000,1.000000,-0.000000,0.000000
7.405000,0.335947,0.256964,0.405420,0.989658,-0.121757,-0.074835,-0.012353,0.000000,2.000000,1.000000,-0.000000,0.000000
7.410000,0.336086,0.257096,0.405463,0.989684,-0.121613,-0.074711,-0.012439,0.000000,2.000000,1.000000,-0.000000,0.000000
7.415000,0.336231,0.257223,0.405506,0.989709,-0.121475,-0.074581,-0.012529,0.000000,2.000000,1.000000,-0.000000,0.000000
7.420000,0.336385,0.257345,0.405552,0.989734,-0.121343,-0.074446,-0.012623,0.000000,2.000000,1.000000,-0.000000,0.000000
7.425000,0.336546,0.257461,0.405598,0.989759,-0.121217,-0.074304,-0.012719,0.000000,2.000000,1.000000,-0.000000,0.000000
7.430000,0.336716,0.257571,0.405647,0.989784,-0.121097,-0.074157,-0.012820,0.000000,2.000000,1.000000,-0.000000,0.000000
7.435000,0.336893,0.257675,0.405696,0.989808,-0.120982,-0.074004,-0.012924,0.000000,2.000000,1.000000,0.000000,0.000000
7.440000,0.337080,0.257774,0.405748,0.989832,-0.120874,-0.073844,-0.013032,0.000000,2.000000,1.000000,0.000000,0.000000
7.445000,0.337276,0.257868,0.405801,0.989855,-0.120771,-0.073677,-0.013145,0.000000,2.000000,1.000000,0.000000,0.000000
7.450000,0.337482,0.257956,0.405855,0.989878,-0.120675,-0.073504,-0.013262,0.000000,2.000000,1.000000,-0.000000,0.000000
7.455000,0.337697,0.258038,0.405912,0.989901,-0.120584,-0.073324,-0.013383,0.000000,2.000000,1.000000,-0.000000,0.000000
7.460000,0.337921,0.258115,0.405969,0.989923,-0.120500,-0.073138,-0.013510,0.000000,2.000000,1.000000,0.000000,0.000000
7.465000,0.338155,0.258187,0.406029,0.989945,-0.120421,-0.072946,-0.013641,0.000000,2.000000,1.000000,-0.000000,0.000000
7.470000,0.338400,0.258253,0.406090,0.989967,-0.120348,-0.072747,-0.013778,0.000000,2.000000,1.000000,-0.000000,0.000000
7.475000,0.338654,0.258315,0.406152,0.989988,-0.120282,-0.072542,-0.013919,0.000000,2.000000,1.000000,-0.000000,0.000000
7.480000,0.338919,0.258371,0.406216,0.990009,-0.120221,-0.072331,-0.014066,0.000000,2.000000,1.000000,0.000000,0.000000
7.485000,0.339194,0.258423,0.406282,0.990029,-0.120166,-0.072114,-0.014219,0.000000,2.000000,1.000000,0.000000,0.000000
7.490000,0.339480,0.258470,0.406348,0.990049,-0.120117,-0.071891,-0.014377,0.000000,2.000000,1.000000,0.000000,0.000000
7.495000,0.339776,0.258512,0.406416,0.990068,-0.120074,-0.071664,-0.014541,0.000000,2.000000,1.000000,0.000000,0.000000
7.500000,0.340082,0.258549,0.406486,0.990087,-0.120036,-0.071432,-0.014710,0.000000,2.000000,1.000000,0.000000,0.000000
7.505000,0.340398,0.258582,0.406556,0.990105,-0.120005,-0.071195,-0.014886,0.000000,2.000000,1.000000,-0.000000,0.000000
7.510000,0.340725,0.258611,0.406628,0.990123,-0.119978,-0.070955,-0.015066,0.000000,2.000000,1.000000,0.000000,0.000000
7.515000,0.341062,0.258636,0.406701,0.990140,-0.119957,-0.070711,-0.015253,0.000000,2.000000,1.000000,0.000000,0.000000
7.520000,0.341408,0.258657,0.406775,0.990157,-0.119941,-0.070463,-0.015445,0.000000,2.000000,1.000000,0.000000,0.000000
7.525000,0.341765,0.258674,0.406850,0.990173,-0.119931,-0.070213,-0.015643,0.000000,2.000000,1.000000,0.000000,0.000000
7.530000,0.342131,0.258688,0.406926,0.990188,-0.119926,-0.069959,-0.015846,0.000000,2.000000,1.000000,-0.000000,0.000000
7.535000,0.342507,0.258698,0.407003,0.990203,-0.119925,-0.069704,-0.016054,0.000000,2.000000,1.000000,-0.000000,0.000000
7.540000,0.342893,0.258705,0.407081,0.990217,-0.119930,-0.069446,-0.016269,0.000000,2.000000,1.000000,0.000000,0.000000
7.545000,0.343288,0.258708,0.407159,0.990230,-0.119939,-0.069186,-0.016488,0.000000,2.000000,1.000000,0.000000,0.000000
7.550000,0.343692,0.258709,0.407238,0.990243,-0.119952,-0.068925,-0.016713,0.000000,2.000000,1.000000,-0.000000,0.000000
7.555000,0.344106,0.258706,0.407318,0.990255,-0.119971,-0.068663,-0.016944,0.000000,2.000000,1.000000,-0.000000,0.000000
7.560000,0.344529,0.258701,0.407399,0.990267,-0.119993,-0.068399,-0.017179,0.000000,2.000000,1.000000,0.000000,0.000000
7.565000,0.344960,0.258694,0.407480,0.990277,-0.120021,-0.068135,-0.017420,0.000000,2.000000,1.000000,-0.000000,0.000000
7.570000,0.345400,0.258684,0.407562,0.990287,-0.120052,-0.067870,-0.017665,0.000000,2.000000,1.000000,0.000000,0.000000
7.575000,0.345849,0.258672,0.407643,0.990297,-0.120088,-0.067607,-0.017915,0.000000,2.000000,1.000000,0.000000,0.000000
7.580000,0.346305,0.258658,0.407725,0.990305,-0.120129,-0.067344,-0.018170,0.000000,2.000000,1.000000,0.000000,0.000000
7.585000,0.346769,0.258641,0.407807,0.990312,-0.120173,-0.067082,-0.018429,0.000000,2.000000,1.000000,0.000000,0.000000
7.590000,0.347241,0.258623,0.407889,0.990319,-0.120222,-0.066821,-0.018692,0.000000,2.000000,1.000000,0.000000,0.000000
7.595000,0.347721,0.258603,0.407971,0.990325,-0.120274,-0.066563,-0.018960,0.000000,2.000000,1.000000,-0.000000,0.000000
7.600000,0.348207,0.258582,0.408053,0.990330,-0.120331,-0.066306,-0.019231,0.000000,2.000000,1.000000,0.000000,0.000000
7.605000,0.348700,0.258559,0.408134,0.990335,-0.120391,-0.066052,-0.019506,0.000000,2.000000,1.000000,0.000000,0.000000
7.610000,0.349200,0.258534,0.408215,0.990338,-0.120456,-0.065801,-0.019784,0.000000,2.000000,1.000000,-0.000000,0.000000
7.615000,0.349705,0.258508,0.408295,0.990340,-0.120524,-0.065554,-0.020065,0.000000,2.000000,1.000000,-0.000000,0.000000
7.620000,0.350217,0.258481,0.408374,0.990342,-0.120596,-0.065311,-0.020349,0.000000,2.000000,1.000000,-0.000000,0.000000
7.625000,0.350734,0.258452,0.408452,0.990342,-0.120672,-0.065072,-0.020635,0.000000,2.000000,1.000000,-0.000000,0.000000
7.630000,0.351257,0.258422,0.408529,0.990342,-0.120751,-0.064837,-0.020924,0.000000,2.000000,1.000000,0.000000,0.000000
7.635000,0.351784,0.258392,0.408605,0.990341,-0.120834,-0.064606,-0.021216,0.000000,2.000000,1.000000,-0.000000,0.000000
7.640000,0.352317,0.258360,0.408680,0.990339,-0.120920,-0.064379,-0.021510,0.000000,2.000000,1.000000,-0.000000,0.000000
7.645000,0.352855,0.258328,0.408753,0.990336,-0.121009,-0.064157,-0.021806,0.000000,2.000000,1.000000,0.000000,0.000000
7.650000,0.353397,0.258294,0.408825,0.990332,-0.121101,-0.063939,-0.022104,0.000000,2.000000,1.000000,-0.000000,0.000000
7.655000,0.353944,0.258260,0.408895,0.990327,-0.121197,-0.063725,-0.022404,0.000000,2.000000,1.000000,-0.000000,0.000000
7.660000,0.354495,0.258225,0.408964,0.990322,-0.121295,-0.063515,-0.022706,0.000000,2.000000,1.000000,0.000000,0.000000
7.665000,0.355050,0.258190,0.409031,0.990316,-0.121397,-0.063310,-0.023009,0.000000,2.000000,1.000000,-0.000000,0.000000
7.670000,0.355609,0.258154,0.409096,0.990309,-0.121502,-0.063109,-0.023314,0.000000,2.000000,1.000000,-0.000000,0.000000
7.675000,0.356172,0.258118,0.409160,0.990301,-0.121609,-0.062912,-0.023621,0.000000,2.000000,1.000000,-0.000000,0.000000
7.680000,0.356738,0.258081,0.409221,0.990292,-0.121720,-0.062720,-0.023929,0.000000,2.000000,1.000000,0.000000,0.000000
7.685000,0.357307,0.258044,0.409280,0.990282,-0.121834,-0.062532,-0.024238,0.000000,2.000000,1.000000,0.000000,0.000000
7.690000,0.357880,0.258006,0.409337,0.990272,-0.121951,-0.062349,-0.024548,0.000000,2.000000,1.000000,0.000000,0.000000
7.695000,0.358455,0.257968,0.409391,0.990260,-0.122070,-0.062169,-0.024859,0.000000,2.000000,1.000000,0.000000,0.000000
7.700000,0.359033,0.257930,0.409443,0.990248,-0.122193,-0.061994,-0.025171,0.000000,2.000000,1.000000,0.000000,0.000000
7.705000,0.359614,0.257891,0.409493,0.990236,-0.122319,-0.061822,-0.025484,0.000000,2.000000,1.000000,0.000000,0.000000
7.710000,0.360198,0.257851,0.409540,0.990222,-0.122447,-0.061655,-0.025798,0.000000,2.000000,1.000000,-0.000000,0.000000
7.715000,0.360784,0.257812,0.409584,0.990208,-0.122579,-0.061490,-0.026112,0.000000,2.000000,1.000000,-0.000000,0.000000
7.720000,0.361372,0.257772,0.409626,0.990193,-0.122714,-0.061329,-0.026427,0.000000,2.000000,1.000000,0.000000,0.000000
7.725000,0.361963,0.257731,0.409665,0.990177,-0.122852,-0.061171,-0.026743,0.000000,2.000000,1.000000,0.000000,0.000000
7.730000,0.362556,0.257690,0.409701,0.990160,-0.122992,-0.061017,-0.027059,0.000000,2.000000,1.000000,0.000000,0.000000
7.735000,0.363151,0.257649,0.409734,0.990143,-0.123136,-0.060865,-0.027376,0.000000,2.000000,1.000000,-0.000000,0.000000
7.740000,0.363748,0.257608,0.409764,0.990125,-0.123283,-0.060716,-0.027693,0.000000,2.000000,1.000000,0.000000,0.000000
7.745000,0.364346,0.257566,0.409791,0.990107,-0.123432,-0.060569,-0.028011,0.000000,2.000000,1.000000,-0.000000,0.000000
7.750000,0.364947,0.257523,0.409815,0.990087,-0.123585,-0.060424,-0.028329,0.000000,2.000000,1.000000,0.000000,0.000000
7.755000,0.365550,0.257480,0.409836,0.990068,-0.123741,-0.060281,-0.028647,0.000000,2.000000,1.000000,0.000000,0.000000
7.760000,0.366154,0.257437,0.409854,0.990047,-0.123900,-0.060139,-0.028966,0.000000,2.000000,1.000000,-0.000000,0.000000
7.765000,0.366760,0.257393,0.409869,0.990026,-0.124062,-0.059999,-0.029285,0.000000,2.000000,1.000000,0.000000,0.000000
7.770000,0.367367,0.257348,0.409881,0.990004,-0.124227,-0.059861,-0.029605,0.000000,2.000000,1.000000,-0.000000,0.000000
7.775000,0.367976,0.257303,0.409890,0.989982,-0.124395,-0.059723,-0.029925,0.000000,2.000000,1.000000,-0.000000,0.000000
7.780000,0.368586,0.257257,0.409895,0.989958,-0.124567,-0.059588,-0.030246,0.000000,2.000000,1.000000,0.000000,0.000000
7.785000,0.369197,0.257211,0.409897,0.989935,-0.124741,-0.059453,-0.030566,0.000000,2.000000,1.000000,0.000000,0.000000
7.790000,0.369809,0.257163,0.409896,0.989910,-0.124919,-0.059319,-0.030887,0.000000,2.000000,1.000000,-0.000000,0.000000
7.795000,0.370422,0.257115,0.409891,0.989885,-0.125100,-0.059186,-0.031207,0.000000,2.000000,1.000000,0.000000,0.000000
7.800000,0.371036,0.257066,0.409883,0.989860,-0.125284,-0.059054,-0.031528,0.000000,2.000000,1.000000,0.000000,0.000000
7.805000,0.371651,0.257016,0.409872,0.989834,-0.125472,-0.058922,-0.031849,0.000000,2.000000,1.000000,0.000000,0.000000
7.810000,0.372267,0.256965,0.409857,0.989807,-0.125662,-0.058790,-0.032170,0.000000,2.000000,1.000000,0.000000,0.000000
7.815000,0.372883,0.256912,0.409840,0.989780,-0.125857,-0.058658,-0.032490,0.000000,2.000000,1.000000,0.000000,0.000000
7.820000,0.373500,0.256859,0.409819,0.989752,-0.126054,-0.058525,-0.032811,0.000000,2.000000,1.000000,0.000000,0.000000
7.825000,0.374119,0.256804,0.409794,0.989723,-0.126255,-0.058392,-0.033132,0.000000,2.000000,1.000000,0.000000,0.000000
7.830000,0.374737,0.256747,0.409767,0.989694,-0.126459,-0.058257,-0.033452,0.000000,2.000000,1.000000,0.000000,0.000000
7.835000,0.375357,0.256689,0.409736,0.989665,-0.126666,-0.058122,-0.033773,0.000000,2.000000,1.000000,0.000000,0.000000
7.840000,0.375977,0.256630,0.409703,0.989635,-0.126878,-0.057985,-0.034094,0.000000,2.000000,1.000000,-0.000000,0.000000
7.845000,0.376598,0.256569,0.409666,0.989604,-0.127092,-0.057847,-0.034415,0.000000,2.000000,1.000000,0.000000,0.000000
7.850000,0.377219,0.256506,0.409626,0.989573,-0.127311,-0.057706,-0.034736,0.000000,2.000000,1.000000,0.000000,0.000000
7.855000,0.377842,0.256441,0.409584,0.989542,-0.127533,-0.057564,-0.035057,0.000000,2.000000,1.000000,0.000000,0.000000
7.860000,0.378464,0.256374,0.409539,0.989510,-0.127759,-0.057419,-0.035378,0.000000,2.000000,1.000000,0.000000,0.000000
7.865000,0.379088,0.256305,0.409490,0.989477,-0.127989,-0.057272,-0.035699,0.000000,2.000000,1.000000,-0.000000,0.000000
7.870000,0.379712,0.256233,0.409440,0.989444,-0.128222,-0.057122,-0.036021,0.000000,2.000000,1.000000,-0.000000,0.000000
7.875000,0.380337,0.256160,0.409386,0.989410,-0.128459,-0.056969,-0.036343,0.000000,2.000000,1.000000,0.000000,0.000000
7.880000,0.380962,0.256084,0.409331,0.989376,-0.128701,-0.056813,-0.036665,0.000000,2.000000,1.000000,0.000000,0.000000
7.885000,0.381588,0.256005,0.409273,0.989341,-0.128946,-0.056653,-0.036987,0.000000,2.000000,1.000000,0.000000,0.000000
7.890000,0.382215,0.255924,0.409212,0.989305,-0.129196,-0.056490,-0.037309,0.000000,2.000000,1.000000,0.000000,0.000000
7.895000,0.382842,0.255839,0.409150,0.989270,-0.129450,-0.056323,-0.037632,0.000000,2.000000,1.000000,0.000000,0.000000
7.900000,0.383470,0.255752,0.409085,0.989233,-0.129708,-0.056153,-0.037955,0.000000,2.000000,1.000000,0.000000,0.000000
7.905000,0.384098,0.255662,0.409019,0.989196,-0.129970,-0.055979,-0.038278,0.000000,2.000000,1.000000,0.000000,0.000000
7.910000,0.384727,0.255569,0.408950,0.989159,-0.130236,-0.055802,-0.038602,0.000000,2.000000,1.000000,-0.000000,0.000000
7.915000,0.385356,0.255472,0.408879,0.989120,-0.130507,-0.055621,-0.038926,0.000000,2.000000,1.000000,0.000000,0.000000
7.920000,0.385985,0.255372,0.408807,0.989082,-0.130783,-0.055436,-0.039249,0.000000,2.000000,1.000000,0.000000,0.000000
7.925000,0.386615,0.255268,0.408733,0.989042,-0.131063,-0.055248,-0.039573,0.000000,2.000000,1.000000,-0.000000,0.000000
7.930000,0.387244,0.255160,0.408657,0.989002,-0.131347,-0.055057,-0.039896,0.000000,2.000000,1.000000,-0.000000,0.000000
7.935000,0.387874,0.255049,0.408579,0.988961,-0.131635,-0.054863,-0.040220,0.000000,2.000000,1.000000,0.000000,0.000000
7.936800,0.388126,0.255003,0.408548,0.988945,-0.131752,-0.054784,-0.040350,0.000000,2.000000,1.000000,0.000000,0.000000
