{
  "skill_name": "arc2_5",
  "match_ms": 2912.715,
  "j_end": 783,
  "s": 1.07048409,
  "t": [
    0.15677481,
    0.07892093,
    -0.1003523
  ],
  "R": [
    [
      0.7600501,
      -0.64411554,
      -0.08624969
    ],
    [
      0.64092534,
      0.76490165,
      -0.06434425
    ],
    [
      0.10741766,
      -0.00637476,
      0.99419355
    ]
  ]
}
