{
  "skill_name": "eight_2",
  "match_ms": 383.765,
  "j_end": 588,
  "s": 0.96493447,
  "t": [
    0.09310674,
    -0.03908462,
    1.03743712
  ],
  "R": [
    [
      0.96301178,
      0.19726169,
      -0.18356507
    ],
    [
      0.19365077,
      -0.98035066,
      -0.03757603
    ],
    [
      -0.18737045,
      0.00063864,
      -0.98228912
    ]
  ]
}
