{
  "skill_name": "rectangle_2",
  "match_ms": 213.549,
  "j_end": 453,
  "s": 0.74991042,
  "t": [
    0.05632576,
    0.07489772,
    0.11182876
  ],
  "R": [
    [
      0.99813968,
      0.01744141,
      0.05842075
    ],
    [
      -0.01051916,
      0.99310378,
      -0.11676569
    ],
    [
      -0.06005442,
      0.11593393,
      0.99143976
    ]
  ]
}
