{
  "skill_name": "circle2_2",
  "match_ms": 1580.393,
  "j_end": 348,
  "s": 1.2005526,
  "t": [
    0.06663021,
    -0.01865324,
    -0.02940215
  ],
  "R": [
    [
      0.49385506,
      -0.85729348,
      0.14544781
    ],
    [
      0.86591111,
      0.50013756,
      0.00776978
    ],
    [
      -0.07940489,
      0.12210773,
      0.98933542
    ]
  ]
}
