{
  "skill_name": "arc1_1",
  "match_ms": 2959.261,
  "j_end": 768,
  "s": 0.87977648,
  "t": [
    0.21706653,
    0.04643583,
    -0.01296192
  ],
  "R": [
    [
      0.94488227,
      -0.17077976,
      -0.27934168
    ],
    [
      0.16000791,
      0.98522301,
      -0.06109906
    ],
    [
      0.28564833,
      0.01303454,
      0.95824586
    ]
  ]
}
