{
  "skill_name": "circle_2",
  "match_ms": 310.371,
  "j_end": 513,
  "s": 0.91763206,
  "t": [
    -0.01560097,
    -0.02958071,
    0.09225967
  ],
  "R": [
    [
      0.99619715,
      -0.063982,
      0.05914
    ],
    [
      0.06549898,
      0.99756213,
      -0.02407639
    ],
    [
      -0.05745537,
      0.02785844,
      0.99795931
    ]
  ]
}
