{
  "skill_name": "arc1_4",
  "match_ms": 4212.262,
  "j_end": 976,
  "s": 1.05907487,
  "t": [
    0.00276888,
    0.01171534,
    -0.0020813
  ],
  "R": [
    [
      0.9187246,
      -0.38740799,
      -0.07655169
    ],
    [
      0.38369096,
      0.92157323,
      -0.05902565
    ],
    [
      0.093415,
      0.02485613,
      0.99531694
    ]
  ]
}
