{
  "skill_name": "helix_2",
  "match_ms": 391.283,
  "j_end": 513,
  "s": 1.09917701,
  "t": [
    0.12936213,
    0.10526799,
    -0.10437732
  ],
  "R": [
    [
      0.72852496,
      -0.66021242,
      -0.18267717
    ],
    [
      0.64707568,
      0.75077222,
      -0.13279359
    ],
    [
      0.22482092,
      -0.02146251,
      0.9741637
    ]
  ]
}
