{
  "skill_name": "arc_2",
  "match_ms": 406.414,
  "j_end": 813,
  "s": 0.85485402,
  "t": [
    0.02981886,
    0.04689157,
    0.06169125
  ],
  "R": [
    [
      0.88825948,
      0.45931015,
      -0.00541173
    ],
    [
      -0.45852815,
      0.88592304,
      -0.069945
    ],
    [
      -0.02733207,
      0.06461074,
      0.99753617
    ]
  ]
}
