{
  "skill_name": "rectangle_2",
  "match_ms": 268.251,
  "j_end": 483,
  "s": 0.92841201,
  "t": [
    -0.01344835,
    0.04667055,
    0.09526309
  ],
  "R": [
    [
      0.70364274,
      -0.68408516,
      0.19213117
    ],
    [
      0.69280936,
      0.72056519,
      0.02830187
    ],
    [
      -0.15780392,
      0.11319587,
      0.98096107
    ]
  ]
}
