{
  "skill_name": "eight_2",
  "match_ms": 372.809,
  "j_end": 438,
  "s": 0.99869077,
  "t": [
    0.00447547,
    -0.07452842,
    0.08853268
  ],
  "R": [
    [
      0.71900479,
      -0.68056061,
      0.14095871
    ],
    [
      0.67749167,
      0.73156347,
      0.07628845
    ],
    [
      -0.15503915,
      0.04064659,
      0.98707179
    ]
  ]
}
