{
  "skill_name": "sw2_2",
  "match_ms": 1416.626,
  "j_end": 363,
  "s": 0.83345113,
  "t": [
    0.17037974,
    0.03137196,
    0.07974722
  ],
  "R": [
    [
      0.99804323,
      0.05237708,
      0.03415186
    ],
    [
      -0.05224904,
      0.99862335,
      -0.0046315
    ],
    [
      -0.03434743,
      0.00283804,
      0.99940592
    ]
  ]
}
