{
  "skill_name": "arc1_3",
  "match_ms": 3565.781,
  "j_end": 958,
  "s": 0.81793476,
  "t": [
    0.12058148,
    0.08077865,
    0.15939453
  ],
  "R": [
    [
      0.89172341,
      -0.45221383,
      0.01822121
    ],
    [
      0.45234899,
      0.88925573,
      -0.06785756
    ],
    [
      0.01448281,
      0.06875252,
      0.99752862
    ]
  ]
}
