{
  "skill_name": "arc_2",
  "match_ms": 395.135,
  "j_end": 858,
  "s": 0.86148432,
  "t": [
    -0.02424179,
    0.01668642,
    -0.00412287
  ],
  "R": [
    [
      0.8930551,
      -0.44993995,
      -0.00257375
    ],
    [
      0.44900902,
      0.89154741,
      -0.05944843
    ],
    [
      0.02904284,
      0.05193509,
      0.99822806
    ]
  ]
}
