{
  "skill_name": "circle1_5",
  "match_ms": 1050.618,
  "j_end": 398,
  "s": 0.69607077,
  "t": [
    0.08529728,
    0.02131266,
    0.15383354
  ],
  "R": [
    [
      0.9647567,
      -0.26286346,
      0.01213713
    ],
    [
      0.24629292,
      0.91825667,
      0.31007173
    ],
    [
      -0.09265153,
      -0.29615449,
      0.95063569
    ]
  ]
}
