{
  "skill_name": "eight_1",
  "match_ms": 146.438,
  "j_end": 213,
  "s": 1.03983937,
  "t": [
    0.04851498,
    -0.13075327,
    0.10263169
  ],
  "R": [
    [
      0.9947517,
      -0.10054032,
      -0.01899182
    ],
    [
      0.10224469,
      0.96971971,
      0.22178754
    ],
    [
      -0.00388185,
      -0.22256535,
      0.97491005
    ]
  ]
}
