{
  "skill_name": "eight_3",
  "match_ms": 182.338,
  "j_end": 243,
  "s": 0.99185745,
  "t": [
    -0.02458855,
    0.03278127,
    0.01088246
  ],
  "R": [
    [
      0.99876727,
      0.04533231,
      0.02022207
    ],
    [
      -0.04524033,
      0.9989637,
      -0.0049832
    ],
    [
      -0.02042701,
      0.0040622,
      0.99978309
    ]
  ]
}
