{
  "skill_name": "lc1_5",
  "match_ms": 3342.364,
  "j_end": 773,
  "s": 0.76156574,
  "t": [
    0.02553165,
    -0.06357097,
    0.11295262
  ],
  "R": [
    [
      0.86928467,
      0.47924565,
      0.12111055
    ],
    [
      -0.48249432,
      0.8758945,
      -0.00283807
    ],
    [
      -0.1074402,
      -0.05596806,
      0.99263497
    ]
  ]
}
