{
  "skill_name": "sw1_5",
  "match_ms": 833.076,
  "j_end": 233,
  "s": 1.11697606,
  "t": [
    0.08327439,
    -0.03384718,
    0.93322885
  ],
  "R": [
    [
      0.99311076,
      -0.11463435,
      -0.02428952
    ],
    [
      -0.11465492,
      -0.99340523,
      0.00054851
    ],
    [
      -0.02419221,
      0.00224019,
      -0.99970482
    ]
  ]
}
