{
  "skill_name": "recip_line_1",
  "match_ms": 326.791,
  "j_end": 453,
  "s": 0.7511471,
  "t": [
    0.08597137,
    0.06476382,
    0.16952057
  ],
  "R": [
    [
      0.99511757,
      0.03904589,
      -0.09064457
    ],
    [
      -0.05530306,
      0.98128809,
      -0.18443225
    ],
    [
      0.08174712,
      0.1885447,
      0.97865638
    ]
  ]
}
