{
  "skill_name": "line2_2",
  "match_ms": 1706.597,
  "j_end": 473,
  "s": 0.67907674,
  "t": [
    0.10220133,
    0.09495457,
    0.06020718
  ],
  "R": [
    [
      0.83143546,
      -0.55557172,
      -0.00742537
    ],
    [
      0.55323692,
      0.82903025,
      -0.08147241
    ],
    [
      0.05141963,
      0.06363106,
      0.99664794
    ]
  ]
}
