{
  "skill_name": "line2_3",
  "match_ms": 1535.012,
  "j_end": 433,
  "s": 0.62724884,
  "t": [
    0.14623241,
    0.02671368,
    0.07348374
  ],
  "R": [
    [
      0.9997975,
      0.01278126,
      0.01554328
    ],
    [
      -0.01130905,
      0.99575267,
      -0.09137139
    ],
    [
      -0.01664511,
      0.09117711,
      0.99569557
    ]
  ]
}
