{
  "skill_name": "rectangle_2",
  "match_ms": 261.086,
  "j_end": 438,
  "s": 0.99684932,
  "t": [
    0.0016872,
    0.0974361,
    0.00259979
  ],
  "R": [
    [
      0.99882805,
      0.03799986,
      0.02997565
    ],
    [
      -0.03277245,
      0.98675414,
      -0.15887807
    ],
    [
      -0.03561595,
      0.1577095,
      0.98684306
    ]
  ]
}
