{
  "skill_name": "helix_2",
  "match_ms": 319.186,
  "j_end": 393,
  "s": 1.2518445,
  "t": [
    -0.03303782,
    0.0318356,
    -0.18528499
  ],
  "R": [
    [
      0.98721932,
      -0.08341638,
      -0.13579295
    ],
    [
      0.07453265,
      0.99481129,
      -0.0692487
    ],
    [
      0.14086483,
      0.05824264,
      0.98831417
    ]
  ]
}
