{
  "skill_name": "lc1_3",
  "match_ms": 3545.93,
  "j_end": 743,
  "s": 0.81348293,
  "t": [
    0.13688402,
    -0.04108646,
    0.02108129
  ],
  "R": [
    [
      0.68083997,
      -0.71300816,
      -0.16755982
    ],
    [
      0.72454493,
      0.68912993,
      0.01160116
    ],
    [
      0.10719877,
      -0.12930315,
      0.98579365
    ]
  ]
}
