{
  "skill_name": "arc1_1",
  "match_ms": 2533.721,
  "j_end": 783,
  "s": 0.70744809,
  "t": [
    0.13734767,
    -0.20245994,
    0.20249923
  ],
  "R": [
    [
      0.57263657,
      0.81647851,
      -0.07382552
    ],
    [
      -0.80010232,
      0.57622679,
      0.16673018
    ],
    [
      0.17867186,
      -0.03640783,
      0.98323488
    ]
  ]
}
