time,x,y,z,qx,qy,qz,qw,alpha,tank_energy,passivity_lambda,passivity_power,autonomy_wrench_norm
0.000000,0.532059,-0.170724,0.404680,0.848412,-0.516939,-0.105926,0.041853,0.006874,2.000000,1.000000,0.000000,0.000000
0.005000,0.532059,-0.170724,0.404680,0.848412,-0.516939,-0.105926,0.041853,0.013062,2.000000,1.000000,0.000007,0.163486
0.010000,0.532059,-0.170724,0.404680,0.848412,-0.516939,-0.105925,0.041853,0.018630,2.000000,1.000000,0.000022,0.234921
0.015000,0.532059,-0.170724,0.404681,0.848412,-0.516939,-0.105925,0.041853,0.023643,2.000000,1.000000,0.000045,0.300406
0.020000,0.532059,-0.170724,0.404681,0.848412,-0.516939,-0.105924,0.041853,0.028155,1.999999,1.000000,0.000075,0.360555
0.025000,0.532058,-0.170723,0.404682,0.848412,-0.516939,-0.105923,0.041853,0.032216,1.999999,1.000000,0.000108,0.415838
0.030000,0.532058,-0.170723,0.404684,0.848412,-0.516940,-0.105922,0.041853,0.035870,1.999998,1.000000,0.000144,0.466754
0.035000,0.532058,-0.170722,0.404685,0.848411,-0.516940,-0.105921,0.041853,0.039160,1.999997,1.000000,0.000181,0.513754
0.040000,0.532057,-0.170722,0.404687,0.848411,-0.516941,-0.105920,0.041853,0.042121,1.999996,1.000000,0.000218,0.557191
0.045000,0.532057,-0.170721,0.404689,0.848411,-0.516941,-0.105919,0.041853,0.044786,1.999995,1.000000,0.000254,0.597398
0.050000,0.532056,-0.170720,0.404691,0.848411,-0.516942,-0.105918,0.041853,0.047185,1.999994,1.000000,0.000288,0.634848
0.055000,0.532056,-0.170720,0.404693,0.848410,-0.516943,-0.105916,0.041853,0.049344,1.999992,1.000000,0.000319,0.669699
0.060000,0.532055,-0.170719,0.404695,0.848410,-0.516944,-0.105915,0.041853,0.051287,1.999990,1.000000,0.000346,0.702205
0.065000,0.532054,-0.170719,0.404697,0.848409,-0.516945,-0.105914,0.041853,0.053035,1.999989,1.000000,0.000371,0.732584
0.070000,0.532053,-0.170718,0.404699,0.848409,-0.516946,-0.105912,0.041853,0.054610,1.999987,1.000000,0.000392,0.761043
0.075000,0.532052,-0.170718,0.404702,0.848408,-0.516948,-0.105911,0.041853,0.056026,1.999985,1.000000,0.000410,0.787723
0.080000,0.532050,-0.170717,0.404704,0.848407,-0.516949,-0.105910,0.041853,0.057302,1.999982,1.000000,0.000425,0.812807
0.085000,0.532049,-0.170717,0.404706,0.848406,-0.516951,-0.105909,0.041853,0.058449,1.999980,1.000000,0.000437,0.836675
0.090000,0.532047,-0.170717,0.404709,0.848405,-0.516953,-0.105908,0.041852,0.059483,1.999978,1.000000,0.000444,0.859275
0.095000,0.532046,-0.170717,0.404711,0.848404,-0.516956,-0.105907,0.041852,0.060412,1.999976,1.000000,0.000449,0.880719
0.100000,0.532044,-0.170717,0.404713,0.848402,-0.516958,-0.105906,0.041852,0.061250,1.999973,1.000000,0.000451,0.901031
0.105000,0.532042,-0.170718,0.404715,0.848401,-0.516961,-0.105906,0.041852,0.062003,1.999971,1.000000,0.000451,0.920410
0.110000,0.532040,-0.170718,0.404717,0.848399,-0.516964,-0.105905,0.041852,0.062681,1.999969,1.000000,0.000448,0.938968
0.115000,0.532037,-0.170719,0.404719,0.848397,-0.516968,-0.105905,0.041852,0.063292,1.999967,1.000000,0.000444,0.956762
0.120000,0.532035,-0.170720,0.404721,0.848394,-0.516971,-0.105905,0.041852,0.063841,1.999964,1.000000,0.000439,0.973736
0.125000,0.532032,-0.170721,0.404723,0.848392,-0.516975,-0.105905,0.041852,0.064336,1.999962,1.000000,0.000434,0.990027
0.130000,0.532029,-0.170723,0.404725,0.848389,-0.516979,-0.105905,0.041852,0.064781,1.999960,1.000000,0.000429,1.005770
0.135000,0.532026,-0.170724,0.404727,0.848387,-0.516984,-0.105906,0.041852,0.065182,1.999958,1.000000,0.000424,1.021039
0.140000,0.532023,-0.170726,0.404729,0.848384,-0.516989,-0.105906,0.041851,0.065543,1.999956,1.000000,0.000419,1.035861
0.145000,0.532020,-0.170728,0.404730,0.848381,-0.516994,-0.105907,0.041851,0.065868,1.999954,1.000000,0.000414,1.050269
0.150000,0.532016,-0.170730,0.404732,0.848377,-0.516999,-0.105908,0.041851,0.066160,1.999952,1.000000,0.000411,1.064168
0.155000,0.532013,-0.170733,0.404733,0.848374,-0.517005,-0.105909,0.041851,0.066424,1.999950,1.000000,0.000410,1.077723
0.160000,0.532009,-0.170736,0.404735,0.848370,-0.517010,-0.105910,0.041851,0.066661,1.999948,1.000000,0.000411,1.090955
0.165000,0.532005,-0.170739,0.404736,0.848366,-0.517017,-0.105912,0.041851,0.066874,1.999945,1.000000,0.000414,1.103900
0.170000,0.532001,-0.170742,0.404737,0.848362,-0.517023,-0.105913,0.041851,0.067067,1.999943,1.000000,0.000418,1.116579
0.175000,0.531997,-0.170745,0.404739,0.848358,-0.517030,-0.105914,0.041850,0.067240,1.999941,1.000000,0.000422,1.129086
0.180000,0.531992,-0.170749,0.404740,0.848354,-0.517036,-0.105916,0.041850,0.067395,1.999939,1.000000,0.000428,1.141450
0.185000,0.531988,-0.170753,0.404742,0.848349,-0.517044,-0.105917,0.041850,0.067536,1.999937,1.000000,0.000436,1.153655
0.190000,0.531983,-0.170757,0.404743,0.848344,-0.517051,-0.105919,0.041850,0.067662,1.999935,1.000000,0.000447,1.165740
0.195000,0.531978,-0.170762,0.404744,0.848339,-0.517059,-0.105920,0.041850,0.067776,1.999932,1.000000,0.000464,1.177600
0.200000,0.531973,-0.170766,0.404746,0.848334,-0.517067,-0.105922,0.041850,0.067879,1.999930,1.000000,0.000487,1.189308
0.205000,0.531967,-0.170771,0.404747,0.848329,-0.517075,-0.105924,0.041850,0.067971,1.999927,1.000000,0.000517,1.200980
0.210000,0.531962,-0.170777,0.404748,0.848323,-0.517084,-0.105925,0.041849,0.068054,1.999925,1.000000,0.000551,1.212584
0.215000,0.531955,-0.170782,0.404750,0.848317,-0.517094,-0.105927,0.041848,0.068129,1.999922,1.000000,0.000590,1.224105
0.220000,0.531949,-0.170788,0.404751,0.848311,-0.517104,-0.105929,0.041847,0.068197,1.999919,1.000000,0.000634,1.235626
0.225000,0.531942,-0.170795,0.404752,0.848304,-0.517115,-0.105931,0.041846,0.068258,1.999915,1.000000,0.000681,1.247061
0.230000,0.531935,-0.170802,0.404753,0.848297,-0.517126,-0.105933,0.041844,0.068313,1.999912,1.000000,0.000733,1.258436
0.235000,0.531927,-0.170809,0.404754,0.848290,-0.517138,-0.105935,0.041842,0.068362,1.999908,1.000000,0.000790,1.269829
0.240000,0.531918,-0.170817,0.404755,0.848282,-0.517151,-0.105937,0.041840,0.068407,1.999904,1.000000,0.000850,1.281213
0.245000,0.531909,-0.170825,0.404755,0.848274,-0.517164,-0.105939,0.041837,0.068447,1.999899,1.000000,0.000913,1.292544
0.250000,0.531900,-0.170834,0.404756,0.848265,-0.517178,-0.105941,0.041834,0.068483,1.999894,1.000000,0.000981,1.303837
0.255000,0.531889,-0.170843,0.404756,0.848255,-0.517193,-0.105944,0.041830,0.068516,1.999889,1.000000,0.001051,1.315160
0.260000,0.531879,-0.170853,0.404757,0.848246,-0.517209,-0.105946,0.041825,0.068546,1.999884,1.000000,0.001124,1.326410
0.265000,0.531867,-0.170864,0.404757,0.848235,-0.517226,-0.105948,0.041821,0.068572,1.999878,1.000000,0.001201,1.337695
0.270000,0.531855,-0.170875,0.404757,0.848225,-0.517244,-0.105951,0.041815,0.068596,1.999872,1.000000,0.001282,1.349082
0.275000,0.531843,-0.170886,0.404757,0.848213,-0.517262,-0.105954,0.041809,0.068618,1.999865,1.000000,0.001367,1.360442
0.280000,0.531829,-0.170899,0.404756,0.848201,-0.517282,-0.105956,0.041803,0.068638,1.999858,1.000000,0.001454,1.371696
0.285000,0.531815,-0.170912,0.404756,0.848189,-0.517302,-0.105959,0.041795,0.068656,1.999850,1.000000,0.001541,1.382943
0.290000,0.531800,-0.170925,0.404755,0.848176,-0.517323,-0.105962,0.041788,0.068672,1.999842,1.000000,0.001623,1.394351
0.295000,0.531785,-0.170940,0.404754,0.848162,-0.517346,-0.105965,0.041779,0.068686,1.999834,1.000000,0.001703,1.405764
0.300000,0.531769,-0.170955,0.404753,0.848148,-0.517369,-0.105968,0.041771,0.068699,1.999825,1.000000,0.001781,1.417147
0.305000,0.531752,-0.170971,0.404752,0.848133,-0.517393,-0.105971,0.041761,0.068711,1.999816,1.000000,0.001860,1.428516
0.310000,0.531734,-0.170988,0.404751,0.848118,-0.517419,-0.105975,0.041751,0.068722,1.999806,1.000000,0.001940,1.439877
0.315000,0.531716,-0.171006,0.404750,0.848102,-0.517446,-0.105978,0.041741,0.068732,1.999796,1.000000,0.002025,1.451226
0.320000,0.531697,-0.171025,0.404749,0.848085,-0.517474,-0.105981,0.041731,0.068741,1.999786,1.000000,0.002117,1.462681
0.325000,0.531676,-0.171045,0.404747,0.848067,-0.517503,-0.105985,0.041720,0.068749,1.999775,1.000000,0.002217,1.474167
0.330000,0.531655,-0.171066,0.404746,0.848048,-0.517534,-0.105989,0.041710,0.068756,1.999763,1.000000,0.002322,1.485659
0.335000,0.531633,-0.171089,0.404745,0.848028,-0.517566,-0.105993,0.041700,0.068763,1.999751,1.000000,0.002430,1.497124
0.340000,0.531610,-0.171113,0.404744,0.848008,-0.517600,-0.105997,0.041690,0.068769,1.999739,1.000000,0.002538,1.508581
0.345000,0.531586,-0.171139,0.404743,0.847986,-0.517635,-0.106002,0.041681,0.068774,1.999726,1.000000,0.002646,1.520051
0.350000,0.531561,-0.171166,0.404743,0.847963,-0.517672,-0.106007,0.041672,0.068780,1.999712,1.000000,0.002751,1.531556
0.355000,0.531534,-0.171194,0.404742,0.847940,-0.517710,-0.106012,0.041663,0.068784,1.999698,1.000000,0.002851,1.543135
0.360000,0.531507,-0.171224,0.404741,0.847915,-0.517750,-0.106017,0.041654,0.068788,1.999683,1.000000,0.002955,1.554341
0.365000,0.531478,-0.171256,0.404741,0.847889,-0.517792,-0.106023,0.041646,0.068792,1.999668,1.000000,0.003059,1.565471
0.370000,0.531449,-0.171290,0.404741,0.847862,-0.517836,-0.106029,0.041638,0.068796,1.999652,1.000000,0.003158,1.576681
0.375000,0.531418,-0.171325,0.404740,0.847834,-0.517881,-0.106036,0.041630,0.068799,1.999636,1.000000,0.003252,1.587908
0.380000,0.531386,-0.171362,0.404740,0.847805,-0.517928,-0.106043,0.041623,0.068802,1.999620,1.000000,0.003340,1.599144
0.385000,0.531353,-0.171400,0.404740,0.847774,-0.517977,-0.106050,0.041616,0.068805,1.999603,1.000000,0.003420,1.610389
0.390000,0.531318,-0.171441,0.404739,0.847743,-0.518027,-0.106058,0.041609,0.068808,1.999585,1.000000,0.003484,1.621720
0.395000,0.531283,-0.171483,0.404739,0.847710,-0.518080,-0.106067,0.041602,0.068810,1.999568,1.000000,0.003545,1.633060
0.400000,0.531246,-0.171527,0.404738,0.847676,-0.518134,-0.106076,0.041596,0.068812,1.999550,1.000000,0.003596,1.644396
0.405000,0.531208,-0.171573,0.404737,0.847641,-0.518191,-0.106086,0.041590,0.068815,1.999531,1.000000,0.003635,1.655738
0.410000,0.531168,-0.171621,0.404736,0.847604,-0.518249,-0.106097,0.041583,0.068817,1.999513,1.000000,0.003663,1.667073
0.415000,0.531128,-0.171672,0.404734,0.847566,-0.518309,-0.106108,0.041577,0.068818,1.999495,1.000000,0.003676,1.678341
0.420000,0.531086,-0.171724,0.404732,0.847527,-0.518371,-0.106120,0.041571,0.068820,1.999476,1.000000,0.003677,1.689611
0.425000,0.531043,-0.171778,0.404730,0.847487,-0.518435,-0.106132,0.041564,0.068822,1.999458,1.000000,0.003647,1.700889
0.430000,0.530998,-0.171834,0.404727,0.847445,-0.518501,-0.106145,0.041557,0.068823,1.999440,1.000000,0.003628,1.712216
0.435000,0.530952,-0.171893,0.404723,0.847402,-0.518569,-0.106160,0.041550,0.068825,1.999422,1.000000,0.003622,1.723544
0.440000,0.530905,-0.171954,0.404719,0.847357,-0.518640,-0.106175,0.041543,0.068826,1.999404,1.000000,0.003623,1.734880
0.445000,0.530856,-0.172017,0.404715,0.847311,-0.518713,-0.106191,0.041535,0.068828,1.999385,1.000000,0.003628,1.746222
0.450000,0.530805,-0.172083,0.404710,0.847263,-0.518788,-0.106207,0.041527,0.068829,1.999367,1.000000,0.003634,1.757576
0.455000,0.530753,-0.172151,0.404705,0.847214,-0.518865,-0.106225,0.041519,0.068830,1.999349,1.000000,0.003639,1.768992
0.460000,0.530699,-0.172222,0.404699,0.847163,-0.518945,-0.106243,0.041511,0.068831,1.999331,1.000000,0.003619,1.780289
0.465000,0.530643,-0.172295,0.404693,0.847110,-0.519028,-0.106262,0.041502,0.068832,1.999313,1.000000,0.003611,1.791572
0.470000,0.530586,-0.172371,0.404686,0.847056,-0.519113,-0.106283,0.041494,0.068833,1.999295,1.000000,0.003608,1.802814
0.475000,0.530526,-0.172450,0.404678,0.847000,-0.519201,-0.106304,0.041485,0.068834,1.999277,1.000000,0.003601,1.814072
0.480000,0.530464,-0.172531,0.404670,0.846941,-0.519292,-0.106326,0.041475,0.068835,1.999259,1.000000,0.003583,1.825373
0.485000,0.530400,-0.172616,0.404661,0.846881,-0.519387,-0.106350,0.041466,0.068836,1.999242,1.000000,0.003548,1.836746
0.490000,0.530334,-0.172703,0.404651,0.846819,-0.519484,-0.106375,0.041457,0.068837,1.999224,1.000000,0.003463,1.847798
0.495000,0.530265,-0.172793,0.404640,0.846754,-0.519584,-0.106401,0.041448,0.068837,1.999208,1.000000,0.003369,1.858876
0.500000,0.530194,-0.172887,0.404628,0.846687,-0.519689,-0.106429,0.041439,0.068838,1.999191,1.000000,0.003259,1.869975
0.505000,0.530120,-0.172983,0.404614,0.846618,-0.519796,-0.106459,0.041430,0.068839,1.999176,1.000000,0.003129,1.881109
0.510000,0.530044,-0.173083,0.404599,0.846546,-0.519908,-0.106490,0.041421,0.068840,1.999161,1.000000,0.002975,1.892269
0.515000,0.529965,-0.173186,0.404582,0.846472,-0.520023,-0.106522,0.041413,0.068840,1.999147,1.000000,0.002794,1.903441
0.520000,0.529883,-0.173292,0.404563,0.846394,-0.520142,-0.106557,0.041404,0.068841,1.999134,1.000000,0.002586,1.914647
0.525000,0.529798,-0.173402,0.404542,0.846315,-0.520265,-0.106593,0.041396,0.068842,1.999122,1.000000,0.002315,1.925328
0.530000,0.529711,-0.173514,0.404520,0.846232,-0.520392,-0.106632,0.041389,0.068843,1.999112,1.000000,0.002031,1.936126
0.535000,0.529620,-0.173630,0.404494,0.846147,-0.520523,-0.106672,0.041381,0.068843,1.999103,1.000000,0.001724,1.946986
0.540000,0.529527,-0.173750,0.404467,0.846059,-0.520658,-0.106715,0.041374,0.068844,1.999096,1.000000,0.001359,1.957891
0.545000,0.529430,-0.173872,0.404436,0.845967,-0.520798,-0.106760,0.041366,0.068845,1.999091,1.000000,0.000926,1.968812
0.550000,0.529330,-0.173997,0.404403,0.845874,-0.520941,-0.106809,0.041359,0.068845,1.999088,1.000000,0.000419,1.979758
0.555000,0.529227,-0.174126,0.404366,0.845777,-0.521088,-0.106860,0.041351,0.068846,1.999088,1.000000,-0.000203,1.990752
0.560000,0.529122,-0.174258,0.404325,0.845678,-0.521238,-0.106914,0.041344,0.068846,1.999091,1.000000,-0.000968,2.001341
0.565000,0.529014,-0.174393,0.404281,0.845576,-0.521393,-0.106971,0.041336,0.068847,1.999098,1.000000,-0.001819,2.012018
0.570000,0.528902,-0.174532,0.404233,0.845471,-0.521551,-0.107031,0.041329,0.068848,1.999108,1.000000,-0.002753,2.022757
0.575000,0.528788,-0.174674,0.404181,0.845364,-0.521712,-0.107093,0.041321,0.068848,1.999122,1.000000,-0.003766,2.033552
0.580000,0.528672,-0.174820,0.404124,0.845254,-0.521878,-0.107158,0.041314,0.068849,1.999140,1.000000,-0.004857,2.044402
0.585000,0.528553,-0.174969,0.404063,0.845141,-0.522046,-0.107226,0.041306,0.068849,1.999163,1.000000,-0.006022,2.055311
0.590000,0.528431,-0.175122,0.403998,0.845026,-0.522218,-0.107297,0.041299,0.068850,1.999191,1.000000,-0.007257,2.066273
0.595000,0.528306,-0.175278,0.403927,0.844909,-0.522394,-0.107370,0.041291,0.068850,1.999224,1.000000,-0.008602,2.076681
0.600000,0.528179,-0.175437,0.403852,0.844789,-0.522573,-0.107446,0.041283,0.068851,1.999262,1.000000,-0.009993,2.087151
0.605000,0.528049,-0.175601,0.403772,0.844666,-0.522756,-0.107526,0.041276,0.068852,1.999307,1.000000,-0.011430,2.097694
0.610000,0.527917,-0.175768,0.403687,0.844541,-0.522942,-0.107608,0.041269,0.068852,1.999357,1.000000,-0.012917,2.108307
0.615000,0.527781,-0.175938,0.403596,0.844413,-0.523131,-0.107694,0.041261,0.068853,1.999413,1.000000,-0.014453,2.119008
0.620000,0.527643,-0.176112,0.403501,0.844283,-0.523324,-0.107782,0.041254,0.068853,1.999475,1.000000,-0.016038,2.129778
0.625000,0.527503,-0.176289,0.403400,0.844149,-0.523521,-0.107873,0.041247,0.068854,1.999545,1.000000,-0.017668,2.140613
0.630000,0.527359,-0.176470,0.403294,0.844014,-0.523720,-0.107968,0.041240,0.068854,1.999620,1.000000,-0.019357,2.150854
0.635000,0.527213,-0.176654,0.403183,0.843875,-0.523924,-0.108065,0.041233,0.068855,1.999703,1.000000,-0.021067,2.161175
0.640000,0.527064,-0.176842,0.403067,0.843735,-0.524130,-0.108166,0.041226,0.068855,1.999792,1.000000,-0.022800,2.171565
0.645000,0.526912,-0.177033,0.402945,0.843591,-0.524340,-0.108270,0.041219,0.068856,1.999889,1.000000,-0.024558,2.182011
0.650000,0.526758,-0.177227,0.402819,0.843445,-0.524554,-0.108377,0.041212,0.068856,1.999993,1.000000,-0.026343,2.192498
0.655000,0.526601,-0.177424,0.402687,0.843297,-0.524770,-0.108486,0.041206,0.068857,2.000104,1.000000,-0.028170,2.203058
0.660000,0.526441,-0.177625,0.402550,0.843148,-0.524986,-0.108599,0.041199,0.068857,2.000222,1.000000,-0.029981,2.212951
0.665000,0.526277,-0.177829,0.402408,0.842999,-0.525201,-0.108716,0.041192,0.068858,2.000348,1.000000,-0.031774,2.222943
0.670000,0.526111,-0.178037,0.402262,0.842851,-0.525414,-0.108836,0.041186,0.068859,2.000480,1.000000,-0.033540,2.233005
0.675000,0.525940,-0.178248,0.402111,0.842705,-0.525624,-0.108959,0.041180,0.068859,2.000620,1.000000,-0.035276,2.243126
0.680000,0.525766,-0.178463,0.401955,0.842559,-0.525831,-0.109086,0.041176,0.068860,2.000766,1.000000,-0.036981,2.253313
0.685000,0.525588,-0.178681,0.401795,0.842415,-0.526035,-0.109217,0.041172,0.068860,2.000920,1.000000,-0.038655,2.263565
0.690000,0.525405,-0.178904,0.401631,0.842273,-0.526235,-0.109350,0.041170,0.068861,2.001080,1.000000,-0.040300,2.273879
0.695000,0.525218,-0.179130,0.401463,0.842133,-0.526431,-0.109488,0.041170,0.068861,2.001246,1.000000,-0.041835,2.283199
0.700000,0.525026,-0.179360,0.401291,0.841994,-0.526624,-0.109628,0.041170,0.068862,2.001418,1.000000,-0.043314,2.292563
0.705000,0.524829,-0.179594,0.401115,0.841857,-0.526812,-0.109771,0.041172,0.068862,2.001596,1.000000,-0.044741,2.301982
0.710000,0.524627,-0.179832,0.400936,0.841723,-0.526997,-0.109918,0.041175,0.068863,2.001780,1.000000,-0.046118,2.311448
0.715000,0.524421,-0.180073,0.400753,0.841589,-0.527178,-0.110066,0.041180,0.068863,2.001969,1.000000,-0.047445,2.320953
0.720000,0.524209,-0.180319,0.400567,0.841458,-0.527355,-0.110218,0.041186,0.068864,2.002163,1.000000,-0.048724,2.330501
0.725000,0.523993,-0.180568,0.400379,0.841329,-0.527529,-0.110371,0.041192,0.068864,2.002363,1.000000,-0.049957,2.340101
0.730000,0.523771,-0.180820,0.400187,0.841202,-0.527698,-0.110527,0.041200,0.068865,2.002567,1.000000,-0.051043,2.348573
0.735000,0.523545,-0.181076,0.399993,0.841077,-0.527864,-0.110685,0.041209,0.068865,2.002775,1.000000,-0.052057,2.357048
0.740000,0.523313,-0.181335,0.399796,0.840953,-0.528027,-0.110844,0.041219,0.068866,2.002987,1.000000,-0.052997,2.365569
0.745000,0.523076,-0.181597,0.399598,0.840832,-0.528186,-0.111005,0.041229,0.068866,2.003202,1.000000,-0.053866,2.374129
0.750000,0.522834,-0.181862,0.399397,0.840712,-0.528341,-0.111167,0.041240,0.068867,2.003421,1.000000,-0.054661,2.382761
0.755000,0.522587,-0.182130,0.399195,0.840595,-0.528493,-0.111329,0.041252,0.068867,2.003643,1.000000,-0.055388,2.391442
0.760000,0.522335,-0.182401,0.398991,0.840479,-0.528642,-0.111493,0.041264,0.068868,2.003868,1.000000,-0.056047,2.400159
0.765000,0.522078,-0.182674,0.398786,0.840365,-0.528787,-0.111657,0.041277,0.068868,2.004094,1.000000,-0.056503,2.407366
0.770000,0.521816,-0.182950,0.398579,0.840253,-0.528929,-0.111822,0.041290,0.068869,2.004322,1.000000,-0.056855,2.414575
0.775000,0.521549,-0.183227,0.398372,0.840143,-0.529068,-0.111987,0.041303,0.068869,2.004552,1.000000,-0.057107,2.421822
0.780000,0.521277,-0.183507,0.398164,0.840035,-0.529204,-0.112153,0.041316,0.068870,2.004782,1.000000,-0.057262,2.429099
0.785000,0.521000,-0.183789,0.397956,0.839928,-0.529337,-0.112318,0.041330,0.068870,2.005013,1.000000,-0.057323,2.436399
0.790000,0.520719,-0.184072,0.397748,0.839823,-0.529467,-0.112483,0.041343,0.068871,2.005243,1.000000,-0.057295,2.443736
0.795000,0.520433,-0.184356,0.397540,0.839720,-0.529594,-0.112647,0.041356,0.068871,2.005474,1.000000,-0.057181,2.451103
0.800000,0.520142,-0.184642,0.397332,0.839619,-0.529719,-0.112811,0.041370,0.068872,2.005703,1.000000,-0.056783,2.456743
0.805000,0.519847,-0.184928,0.397125,0.839520,-0.529841,-0.112974,0.041383,0.068872,2.005930,1.000000,-0.056262,2.462399
0.810000,0.519547,-0.185216,0.396919,0.839422,-0.529960,-0.113136,0.041395,0.068873,2.006154,1.000000,-0.055623,2.468086
0.815000,0.519242,-0.185503,0.396714,0.839326,-0.530077,-0.113297,0.041408,0.068873,2.006376,1.000000,-0.054871,2.473792
0.820000,0.518934,-0.185791,0.396510,0.839231,-0.530191,-0.113456,0.041420,0.068874,2.006595,1.000000,-0.054006,2.479501
0.825000,0.518621,-0.186080,0.396309,0.839138,-0.530304,-0.113614,0.041432,0.068874,2.006810,1.000000,-0.053039,2.485239
0.830000,0.518305,-0.186368,0.396109,0.839047,-0.530413,-0.113770,0.041443,0.068875,2.007020,1.000000,-0.051702,2.488952
0.835000,0.517984,-0.186655,0.395912,0.838958,-0.530521,-0.113924,0.041454,0.068875,2.007224,1.000000,-0.050222,2.492662
0.840000,0.517660,-0.186942,0.395717,0.838870,-0.530627,-0.114076,0.041464,0.068876,2.007422,1.000000,-0.048607,2.496391
0.845000,0.517332,-0.187228,0.395526,0.838783,-0.530731,-0.114225,0.041474,0.068876,2.007613,1.000000,-0.046864,2.500139
0.850000,0.517001,-0.187512,0.395338,0.838698,-0.530832,-0.114372,0.041483,0.068877,2.007797,1.000000,-0.045000,2.503899
0.855000,0.516666,-0.187795,0.395154,0.838615,-0.530933,-0.114516,0.041491,0.068877,2.007973,1.000000,-0.043025,2.507667
0.860000,0.516328,-0.188077,0.394973,0.838533,-0.531031,-0.114657,0.041499,0.068878,2.008141,1.000000,-0.041052,2.511459
0.865000,0.515987,-0.188357,0.394797,0.838453,-0.531128,-0.114796,0.041506,0.068878,2.008300,1.000000,-0.038946,2.513171
0.870000,0.515644,-0.188636,0.394625,0.838374,-0.531222,-0.114933,0.041512,0.068879,2.008452,1.000000,-0.037118,2.514819
0.875000,0.515300,-0.188913,0.394458,0.838296,-0.531315,-0.115068,0.041517,0.068879,2.008597,1.000000,-0.035489,2.516487
0.880000,0.514954,-0.189189,0.394294,0.838221,-0.531404,-0.115203,0.041520,0.068880,2.008736,1.000000,-0.033991,2.518172
0.885000,0.514607,-0.189462,0.394134,0.838147,-0.531492,-0.115337,0.041521,0.068880,2.008869,1.000000,-0.032573,2.519846
0.890000,0.514260,-0.189734,0.393978,0.838074,-0.531577,-0.115470,0.041521,0.068881,2.008996,1.000000,-0.031128,2.521510
0.895000,0.513913,-0.190004,0.393827,0.838003,-0.531661,-0.115602,0.041519,0.068881,2.009117,1.000000,-0.029570,2.523196
0.900000,0.513566,-0.190272,0.393681,0.837933,-0.531743,-0.115732,0.041515,0.068882,2.009231,1.000000,-0.027658,2.523043
0.905000,0.513218,-0.190538,0.393540,0.837865,-0.531823,-0.115861,0.041510,0.068882,2.009337,1.000000,-0.025591,2.522894
0.910000,0.512871,-0.190801,0.393405,0.837797,-0.531903,-0.115988,0.041503,0.068883,2.009434,1.000000,-0.023386,2.522768
0.915000,0.512524,-0.191061,0.393276,0.837730,-0.531981,-0.116113,0.041495,0.068883,2.009522,1.000000,-0.021055,2.522659
0.920000,0.512178,-0.191318,0.393153,0.837664,-0.532059,-0.116235,0.041485,0.068884,2.009601,1.000000,-0.018604,2.522567
0.925000,0.511832,-0.191572,0.393038,0.837599,-0.532136,-0.116356,0.041473,0.068884,2.009669,1.000000,-0.016044,2.522493
0.930000,0.511487,-0.191823,0.392930,0.837535,-0.532213,-0.116474,0.041461,0.068885,2.009727,1.000000,-0.013378,2.522441
0.935000,0.511142,-0.192070,0.392829,0.837471,-0.532288,-0.116590,0.041446,0.068885,2.009773,1.000000,-0.010442,2.520673
0.940000,0.510798,-0.192313,0.392736,0.837408,-0.532364,-0.116703,0.041430,0.068886,2.009808,1.000000,-0.007382,2.518853
0.945000,0.510454,-0.192552,0.392651,0.837346,-0.532439,-0.116813,0.041413,0.068886,2.009830,1.000000,-0.004213,2.517062
0.950000,0.510112,-0.192786,0.392574,0.837285,-0.532513,-0.116921,0.041394,0.068887,2.009839,1.000000,-0.000946,2.515293
0.955000,0.509770,-0.193016,0.392506,0.837224,-0.532587,-0.117027,0.041374,0.068887,2.009833,1.000000,0.002407,2.513512
0.960000,0.509430,-0.193241,0.392447,0.837164,-0.532661,-0.117130,0.041352,0.068888,2.009811,1.000000,0.005833,2.511750
0.965000,0.509090,-0.193461,0.392396,0.837104,-0.532734,-0.117230,0.041329,0.068889,2.009771,1.000000,0.009319,2.510010
0.970000,0.508751,-0.193676,0.392355,0.837045,-0.532808,-0.117327,0.041304,0.068889,2.009714,1.000000,0.012924,2.506710
0.975000,0.508413,-0.193885,0.392322,0.836986,-0.532881,-0.117422,0.041278,0.068889,2.009639,1.000000,0.016605,2.503417
0.980000,0.508077,-0.194089,0.392299,0.836928,-0.532954,-0.117514,0.041252,0.068890,2.009545,1.000000,0.020198,2.500159
0.985000,0.507741,-0.194288,0.392286,0.836871,-0.533027,-0.117601,0.041225,0.068891,2.009434,1.000000,0.023543,2.496932
0.990000,0.507408,-0.194482,0.392283,0.836814,-0.533100,-0.117683,0.041198,0.068891,2.009306,1.000000,0.026734,2.493698
0.995000,0.507076,-0.194672,0.392289,0.836759,-0.533172,-0.117759,0.041172,0.068892,2.009164,1.000000,0.029833,2.490496
1.000000,0.506746,-0.194858,0.392305,0.836704,-0.533244,-0.117827,0.041147,0.068892,2.009006,1.000000,0.032883,2.486198
1.005000,0.506418,-0.195039,0.392330,0.836651,-0.533316,-0.117890,0.041122,0.068893,2.008832,1.000000,0.035914,2.481907
1.010000,0.506092,-0.195216,0.392365,0.836600,-0.533386,-0.117945,0.041098,0.068893,2.008644,1.000000,0.038933,2.477618
1.015000,0.505768,-0.195388,0.392409,0.836549,-0.533457,-0.117994,0.041075,0.068894,2.008441,1.000000,0.041942,2.473363
1.020000,0.505446,-0.195555,0.392463,0.836500,-0.533526,-0.118037,0.041052,0.068894,2.008222,1.000000,0.044941,2.469136
1.025000,0.505125,-0.195718,0.392526,0.836452,-0.533595,-0.118073,0.041029,0.068894,2.007989,1.000000,0.047929,2.464899
1.030000,0.504806,-0.195876,0.392598,0.836405,-0.533664,-0.118103,0.041007,0.068895,2.007741,1.000000,0.050904,2.460697
1.035000,0.504488,-0.196030,0.392678,0.836359,-0.533732,-0.118127,0.040985,0.068896,2.007478,1.000000,0.053890,2.455425
1.040000,0.504171,-0.196178,0.392768,0.836314,-0.533801,-0.118145,0.040964,0.068896,2.007199,1.000000,0.057150,2.450162
1.045000,0.503854,-0.196321,0.392866,0.836269,-0.533870,-0.118158,0.040944,0.068896,2.006904,1.000000,0.060617,2.444912
1.050000,0.503536,-0.196457,0.392972,0.836223,-0.533940,-0.118168,0.040925,0.068897,2.006591,1.000000,0.064207,2.439691
1.055000,0.503218,-0.196588,0.393086,0.836178,-0.534010,-0.118175,0.040906,0.068897,2.006259,1.000000,0.067856,2.434496
1.060000,0.502900,-0.196712,0.393209,0.836134,-0.534081,-0.118179,0.040887,0.068898,2.005910,1.000000,0.071528,2.429345
1.065000,0.502580,-0.196829,0.393339,0.836089,-0.534152,-0.118182,0.040867,0.068899,2.005542,1.000000,0.075190,2.424223
1.070000,0.502259,-0.196940,0.393476,0.836044,-0.534223,-0.118184,0.040847,0.068899,2.005156,1.000000,0.078826,2.417828
1.075000,0.501937,-0.197043,0.393621,0.836000,-0.534294,-0.118185,0.040826,0.068899,2.004752,1.000000,0.082453,2.411391
1.080000,0.501614,-0.197140,0.393773,0.835956,-0.534365,-0.118184,0.040804,0.068900,2.004329,1.000000,0.086050,2.404956
1.085000,0.501290,-0.197229,0.393932,0.835911,-0.534436,-0.118183,0.040781,0.068901,2.003889,1.000000,0.089601,2.398543
1.090000,0.500964,-0.197312,0.394098,0.835868,-0.534507,-0.118182,0.040757,0.068901,2.003432,1.000000,0.093094,2.392162
1.095000,0.500637,-0.197387,0.394271,0.835824,-0.534577,-0.118180,0.040732,0.068902,2.002957,1.000000,0.096522,2.385831
1.100000,0.500308,-0.197456,0.394450,0.835780,-0.534648,-0.118178,0.040705,0.068902,2.002465,1.000000,0.099873,2.379528
1.105000,0.499978,-0.197518,0.394636,0.835737,-0.534718,-0.118175,0.040678,0.068903,2.001957,1.000000,0.103169,2.372628
1.110000,0.499646,-0.197573,0.394828,0.835694,-0.534788,-0.118171,0.040650,0.068903,2.001433,1.000000,0.106399,2.365736
1.115000,0.499312,-0.197621,0.395026,0.835651,-0.534858,-0.118167,0.040621,0.068904,2.000892,1.000000,0.109554,2.358868
1.120000,0.498977,-0.197663,0.395229,0.835609,-0.534928,-0.118163,0.040590,0.068904,2.000336,1.000000,0.112625,2.352018
1.125000,0.498640,-0.197698,0.395439,0.835567,-0.534997,-0.118158,0.040558,0.068905,1.999765,1.000000,0.115607,2.345201
1.130000,0.498302,-0.197727,0.395653,0.835525,-0.535067,-0.118153,0.040525,0.068905,1.999180,1.000000,0.118497,2.338422
1.135000,0.497961,-0.197749,0.395873,0.835483,-0.535135,-0.118147,0.040491,0.068906,1.998580,1.000000,0.121289,2.331668
1.140000,0.497619,-0.197765,0.396098,0.835442,-0.535204,-0.118140,0.040456,0.068906,1.997967,1.000000,0.123988,2.324468
1.145000,0.497275,-0.197776,0.396327,0.835401,-0.535272,-0.118133,0.040419,0.068906,1.997340,1.000000,0.126602,2.317270
1.150000,0.496930,-0.197780,0.396562,0.835360,-0.535340,-0.118125,0.040381,0.068907,1.996701,1.000000,0.129125,2.310095
1.155000,0.496582,-0.197778,0.396800,0.835320,-0.535407,-0.118117,0.040342,0.068908,1.996049,1.000000,0.131552,2.302936
1.160000,0.496232,-0.197770,0.397042,0.835280,-0.535475,-0.118108,0.040302,0.068908,1.995386,1.000000,0.133882,2.295822
1.165000,0.495881,-0.197757,0.397288,0.835241,-0.535541,-0.118098,0.040261,0.068908,1.994711,1.000000,0.136112,2.288742
1.170000,0.495527,-0.197739,0.397538,0.835202,-0.535608,-0.118088,0.040218,0.068909,1.994026,1.000000,0.138230,2.281183
1.175000,0.495171,-0.197715,0.397791,0.835163,-0.535674,-0.118077,0.040175,0.068909,1.993330,1.000000,0.140259,2.273639
1.180000,0.494814,-0.197686,0.398047,0.835125,-0.535739,-0.118065,0.040130,0.068910,1.992624,1.000000,0.142195,2.266112
1.185000,0.494454,-0.197653,0.398306,0.835087,-0.535805,-0.118052,0.040084,0.068910,1.991909,1.000000,0.144035,2.258607
1.190000,0.494092,-0.197614,0.398568,0.835050,-0.535870,-0.118038,0.040038,0.068911,1.991186,1.000000,0.145778,2.251117
1.195000,0.493728,-0.197571,0.398832,0.835012,-0.535934,-0.118024,0.039990,0.068911,1.990453,1.000000,0.147435,2.243753
1.200000,0.493361,-0.197523,0.399098,0.834976,-0.535998,-0.118009,0.039941,0.068912,1.989713,1.000000,0.148997,2.236426
1.205000,0.492993,-0.197471,0.399367,0.834940,-0.536062,-0.117992,0.039891,0.068913,1.988965,1.000000,0.150470,2.228662
1.210000,0.492622,-0.197414,0.399637,0.834904,-0.536125,-0.117975,0.039840,0.068913,1.988210,1.000000,0.151857,2.220902
1.215000,0.492249,-0.197354,0.399908,0.834869,-0.536188,-0.117956,0.039788,0.068913,1.987448,1.000000,0.153155,2.213150
1.220000,0.491874,-0.197290,0.400181,0.834834,-0.536250,-0.117937,0.039735,0.068914,1.986681,1.000000,0.154366,2.205418
1.225000,0.491497,-0.197221,0.400456,0.834800,-0.536312,-0.117916,0.039681,0.068914,1.985907,1.000000,0.155490,2.197693
1.230000,0.491118,-0.197149,0.400731,0.834766,-0.536373,-0.117895,0.039625,0.068915,1.985128,1.000000,0.156527,2.189959
1.235000,0.490736,-0.197074,0.401006,0.834733,-0.536434,-0.117872,0.039569,0.068916,1.984344,1.000000,0.157478,2.182246
1.240000,0.490352,-0.196995,0.401283,0.834701,-0.536494,-0.117848,0.039512,0.068916,1.983556,1.000000,0.158344,2.174083
1.245000,0.489966,-0.196913,0.401559,0.834669,-0.536554,-0.117822,0.039454,0.068916,1.982764,1.000000,0.159134,2.165943
1.250000,0.489578,-0.196827,0.401836,0.834637,-0.536613,-0.117796,0.039395,0.068917,1.981968,1.000000,0.159852,2.157823
1.255000,0.489188,-0.196739,0.402112,0.834606,-0.536672,-0.117768,0.039334,0.068918,1.981168,1.000000,0.160498,2.149717
1.260000,0.488795,-0.196647,0.402389,0.834575,-0.536730,-0.117739,0.039273,0.068918,1.980366,1.000000,0.161074,2.141697
1.265000,0.488400,-0.196553,0.402665,0.834546,-0.536788,-0.117709,0.039211,0.068919,1.979561,1.000000,0.161581,2.133735
1.270000,0.488003,-0.196456,0.402940,0.834516,-0.536845,-0.117677,0.039149,0.068919,1.978753,1.000000,0.162017,2.125794
1.275000,0.487604,-0.196357,0.403215,0.834487,-0.536901,-0.117644,0.039085,0.068920,1.977944,1.000000,0.162396,2.117655
1.280000,0.487203,-0.196255,0.403488,0.834459,-0.536957,-0.117610,0.039021,0.068920,1.977133,1.000000,0.162716,2.109570
1.285000,0.486799,-0.196151,0.403761,0.834431,-0.537013,-0.117575,0.038955,0.068921,1.976320,1.000000,0.162977,2.101504
1.290000,0.486393,-0.196045,0.404032,0.834404,-0.537068,-0.117539,0.038889,0.068921,1.975506,1.000000,0.163176,2.093452
1.295000,0.485985,-0.195936,0.404302,0.834378,-0.537122,-0.117501,0.038823,0.068922,1.974692,1.000000,0.163324,2.085550
1.300000,0.485575,-0.195825,0.404570,0.834351,-0.537176,-0.117462,0.038755,0.068922,1.973877,1.000000,0.163411,2.077667
1.305000,0.485163,-0.195713,0.404836,0.834326,-0.537229,-0.117422,0.038687,0.068923,1.973062,1.000000,0.163440,2.069797
1.310000,0.484748,-0.195599,0.405101,0.834301,-0.537282,-0.117381,0.038618,0.068923,1.972246,1.000000,0.163386,2.061779
1.315000,0.484332,-0.195483,0.405363,0.834277,-0.537334,-0.117339,0.038549,0.068924,1.971432,1.000000,0.163283,2.053791
1.320000,0.483913,-0.195366,0.405624,0.834253,-0.537386,-0.117295,0.038479,0.068924,1.970618,1.000000,0.163131,2.045817
1.325000,0.483492,-0.195247,0.405882,0.834229,-0.537437,-0.117250,0.038409,0.068925,1.969804,1.000000,0.162930,2.037897
1.330000,0.483069,-0.195127,0.406138,0.834207,-0.537487,-0.117203,0.038339,0.068925,1.968992,1.000000,0.162685,2.030043
1.335000,0.482644,-0.195006,0.406391,0.834184,-0.537537,-0.117155,0.038268,0.068926,1.968182,1.000000,0.162394,2.022208
1.340000,0.482216,-0.194883,0.406642,0.834163,-0.537587,-0.117106,0.038197,0.068926,1.967373,1.000000,0.162060,2.014283
1.345000,0.481787,-0.194760,0.406890,0.834142,-0.537636,-0.117056,0.038125,0.068927,1.966565,1.000000,0.161701,2.006504
1.350000,0.481355,-0.194636,0.407135,0.834121,-0.537684,-0.117004,0.038053,0.068927,1.965760,1.000000,0.161306,1.998743
1.355000,0.480921,-0.194511,0.407378,0.834101,-0.537732,-0.116951,0.037981,0.068928,1.964957,1.000000,0.160874,1.990996
1.360000,0.480485,-0.194385,0.407618,0.834081,-0.537779,-0.116897,0.037909,0.068928,1.964155,1.000000,0.160401,1.983307
1.365000,0.480047,-0.194258,0.407854,0.834062,-0.537826,-0.116842,0.037837,0.068929,1.963357,1.000000,0.159892,1.975646
1.370000,0.479607,-0.194131,0.408088,0.834043,-0.537872,-0.116786,0.037765,0.068929,1.962561,1.000000,0.159349,1.967999
1.375000,0.479164,-0.194003,0.408318,0.834025,-0.537918,-0.116728,0.037692,0.068930,1.961768,1.000000,0.158792,1.960406
1.380000,0.478720,-0.193875,0.408545,0.834008,-0.537963,-0.116670,0.037619,0.068930,1.960977,1.000000,0.158201,1.952884
1.385000,0.478273,-0.193747,0.408769,0.833991,-0.538006,-0.116610,0.037546,0.068931,1.960190,1.000000,0.157564,1.945381
1.390000,0.477825,-0.193618,0.408989,0.833976,-0.538049,-0.116551,0.037471,0.068931,1.959406,1.000000,0.156881,1.937904
1.395000,0.477374,-0.193488,0.409206,0.833961,-0.538090,-0.116491,0.037395,0.068932,1.958626,1.000000,0.156150,1.930472
1.400000,0.476922,-0.193358,0.409420,0.833947,-0.538130,-0.116431,0.037317,0.068932,1.957849,1.000000,0.155379,1.923060
1.405000,0.476468,-0.193228,0.409630,0.833934,-0.538169,-0.116371,0.037238,0.068933,1.957077,1.000000,0.154572,1.915662
1.410000,0.476013,-0.193098,0.409836,0.833921,-0.538206,-0.116311,0.037158,0.068933,1.956309,1.000000,0.153708,1.908244
1.415000,0.475556,-0.192968,0.410040,0.833910,-0.538243,-0.116251,0.037077,0.068934,1.955545,1.000000,0.152817,1.900850
1.420000,0.475097,-0.192837,0.410240,0.833899,-0.538278,-0.116190,0.036994,0.068934,1.954785,1.000000,0.151901,1.893474
1.425000,0.474636,-0.192707,0.410436,0.833889,-0.538313,-0.116129,0.036910,0.068935,1.954030,1.000000,0.150964,1.886186
1.430000,0.474174,-0.192578,0.410630,0.833880,-0.538347,-0.116068,0.036826,0.068935,1.953280,1.000000,0.150009,1.878951
1.435000,0.473711,-0.192448,0.410821,0.833871,-0.538380,-0.116006,0.036740,0.068936,1.952535,1.000000,0.149038,1.871735
1.440000,0.473245,-0.192319,0.411008,0.833862,-0.538412,-0.115943,0.036654,0.068936,1.951795,1.000000,0.148054,1.864575
1.445000,0.472778,-0.192191,0.411193,0.833854,-0.538444,-0.115880,0.036568,0.068937,1.951060,1.000000,0.147061,1.857394
1.450000,0.472309,-0.192063,0.411374,0.833847,-0.538475,-0.115816,0.036481,0.068937,1.950329,1.000000,0.146064,1.850237
1.455000,0.471839,-0.191936,0.411552,0.833840,-0.538506,-0.115751,0.036393,0.068938,1.949604,1.000000,0.145059,1.843116
1.460000,0.471367,-0.191809,0.411728,0.833833,-0.538536,-0.115685,0.036306,0.068938,1.948884,1.000000,0.144065,1.836120
1.465000,0.470893,-0.191683,0.411900,0.833827,-0.538565,-0.115620,0.036217,0.068939,1.948168,1.000000,0.143168,1.829149
1.470000,0.470417,-0.191557,0.412070,0.833821,-0.538595,-0.115555,0.036128,0.068939,1.947456,1.000000,0.142364,1.822199
1.475000,0.469940,-0.191431,0.412236,0.833815,-0.538623,-0.115490,0.036038,0.068940,1.946749,1.000000,0.141615,1.815399
1.480000,0.469460,-0.191305,0.412400,0.833810,-0.538652,-0.115427,0.035947,0.068940,1.946045,1.000000,0.140889,1.808600
1.485000,0.468978,-0.191179,0.412561,0.833804,-0.538680,-0.115365,0.035855,0.068941,1.945344,1.000000,0.140166,1.801823
1.490000,0.468495,-0.191053,0.412719,0.833798,-0.538709,-0.115304,0.035761,0.068941,1.944648,1.000000,0.139433,1.795102
1.495000,0.468009,-0.190926,0.412875,0.833792,-0.538737,-0.115243,0.035667,0.068942,1.943955,1.000000,0.138687,1.788427
1.500000,0.467522,-0.190800,0.413028,0.833787,-0.538765,-0.115184,0.035572,0.068942,1.943266,1.000000,0.137927,1.781780
1.505000,0.467033,-0.190673,0.413178,0.833781,-0.538792,-0.115125,0.035477,0.068943,1.942580,1.000000,0.137154,1.775199
1.510000,0.466543,-0.190547,0.413327,0.833775,-0.538820,-0.115068,0.035381,0.068943,1.941899,1.000000,0.136367,1.768568
1.515000,0.466051,-0.190420,0.413473,0.833769,-0.538848,-0.115010,0.035284,0.068944,1.941221,1.000000,0.135566,1.761967
1.520000,0.465557,-0.190294,0.413617,0.833763,-0.538875,-0.114954,0.035187,0.068944,1.940548,1.000000,0.134751,1.755394
1.525000,0.465063,-0.190167,0.413758,0.833758,-0.538902,-0.114897,0.035089,0.068945,1.939878,1.000000,0.133914,1.748910
1.530000,0.464567,-0.190040,0.413898,0.833752,-0.538929,-0.114841,0.034992,0.068945,1.939213,1.000000,0.133066,1.742459
1.535000,0.464070,-0.189914,0.414036,0.833746,-0.538956,-0.114785,0.034893,0.068946,1.938552,1.000000,0.132205,1.736035
1.540000,0.463572,-0.189787,0.414172,0.833741,-0.538983,-0.114730,0.034795,0.068946,1.937896,1.000000,0.131335,1.729724
1.545000,0.463073,-0.189661,0.414306,0.833735,-0.539010,-0.114674,0.034697,0.068947,1.937244,1.000000,0.130471,1.723367
1.550000,0.462573,-0.189534,0.414439,0.833729,-0.539037,-0.114618,0.034598,0.068947,1.936596,1.000000,0.129596,1.717036
1.555000,0.462073,-0.189407,0.414570,0.833724,-0.539063,-0.114562,0.034499,0.068948,1.935952,1.000000,0.128711,1.710786
1.560000,0.461571,-0.189281,0.414699,0.833719,-0.539090,-0.114506,0.034401,0.068948,1.935313,1.000000,0.127819,1.704630
1.565000,0.461070,-0.189154,0.414827,0.833714,-0.539116,-0.114450,0.034302,0.068949,1.934679,1.000000,0.126920,1.698509
1.570000,0.460568,-0.189027,0.414953,0.833708,-0.539142,-0.114393,0.034203,0.068949,1.934049,1.000000,0.126013,1.692435
1.575000,0.460066,-0.188901,0.415078,0.833703,-0.539169,-0.114336,0.034104,0.068950,1.933423,1.000000,0.125103,1.686506
1.580000,0.459563,-0.188774,0.415201,0.833698,-0.539195,-0.114279,0.034005,0.068950,1.932802,1.000000,0.124200,1.680623
1.585000,0.459060,-0.188647,0.415324,0.833694,-0.539220,-0.114221,0.033906,0.068951,1.932186,1.000000,0.123287,1.674773
1.590000,0.458558,-0.188520,0.415445,0.833689,-0.539246,-0.114163,0.033808,0.068951,1.931574,1.000000,0.122361,1.668995
1.595000,0.458055,-0.188393,0.415565,0.833684,-0.539272,-0.114104,0.033709,0.068952,1.930967,1.000000,0.121427,1.663264
1.600000,0.457553,-0.188266,0.415684,0.833680,-0.539298,-0.114044,0.033611,0.068952,1.930365,1.000000,0.120487,1.657568
1.605000,0.457050,-0.188138,0.415801,0.833676,-0.539323,-0.113984,0.033513,0.068953,1.929767,1.000000,0.119544,1.651972
1.610000,0.456549,-0.188011,0.415919,0.833671,-0.539349,-0.113923,0.033415,0.068953,1.929174,1.000000,0.118599,1.646471
1.615000,0.456047,-0.187883,0.416035,0.833667,-0.539374,-0.113861,0.033317,0.068954,1.928585,1.000000,0.117678,1.640995
1.620000,0.455546,-0.187755,0.416150,0.833663,-0.539400,-0.113798,0.033220,0.068954,1.928001,1.000000,0.116753,1.635560
1.625000,0.455046,-0.187627,0.416265,0.833659,-0.539425,-0.113734,0.033123,0.068955,1.927422,1.000000,0.115821,1.630197
1.630000,0.454546,-0.187499,0.416379,0.833656,-0.539450,-0.113669,0.033026,0.068955,1.926848,1.000000,0.114887,1.624871
1.635000,0.454047,-0.187371,0.416492,0.833652,-0.539475,-0.113604,0.032929,0.068956,1.926278,1.000000,0.113950,1.619578
1.640000,0.453549,-0.187242,0.416604,0.833649,-0.539500,-0.113538,0.032833,0.068956,1.925712,1.000000,0.113019,1.614441
1.645000,0.453051,-0.187113,0.416716,0.833646,-0.539525,-0.113471,0.032737,0.068957,1.925152,1.000000,0.112088,1.609362
1.650000,0.452554,-0.186984,0.416827,0.833643,-0.539550,-0.113403,0.032642,0.068957,1.924596,1.000000,0.111168,1.604285
1.655000,0.452059,-0.186855,0.416938,0.833640,-0.539575,-0.113335,0.032546,0.068958,1.924045,1.000000,0.110238,1.599235
1.660000,0.451564,-0.186726,0.417048,0.833637,-0.539599,-0.113265,0.032452,0.068958,1.923498,1.000000,0.109301,1.594213
1.665000,0.451070,-0.186596,0.417158,0.833634,-0.539623,-0.113195,0.032357,0.068959,1.922956,1.000000,0.108360,1.589231
1.670000,0.450577,-0.186466,0.417267,0.833632,-0.539648,-0.113124,0.032263,0.068959,1.922419,1.000000,0.107417,1.584306
1.675000,0.450086,-0.186335,0.417375,0.833630,-0.539672,-0.113052,0.032170,0.068959,1.921886,1.000000,0.106477,1.579520
1.680000,0.449595,-0.186205,0.417483,0.833628,-0.539696,-0.112979,0.032077,0.068960,1.921358,1.000000,0.105554,1.574863
1.685000,0.449106,-0.186074,0.417591,0.833626,-0.539720,-0.112905,0.031984,0.068960,1.920835,1.000000,0.104622,1.570241
1.690000,0.448619,-0.185943,0.417699,0.833624,-0.539743,-0.112830,0.031892,0.068961,1.920316,1.000000,0.103679,1.565677
1.695000,0.448132,-0.185812,0.417806,0.833623,-0.539767,-0.112754,0.031800,0.068961,1.919802,1.000000,0.102731,1.561158
1.700000,0.447647,-0.185681,0.417912,0.833621,-0.539790,-0.112677,0.031709,0.068962,1.919293,1.000000,0.101780,1.556676
1.705000,0.447164,-0.185549,0.418019,0.833620,-0.539814,-0.112599,0.031619,0.068962,1.918789,1.000000,0.100826,1.552243
1.710000,0.446681,-0.185418,0.418125,0.833619,-0.539837,-0.112520,0.031529,0.068963,1.918289,1.000000,0.099870,1.547859
1.715000,0.446201,-0.185286,0.418232,0.833619,-0.539860,-0.112439,0.031440,0.068963,1.917794,1.000000,0.098963,1.543676
1.720000,0.445722,-0.185153,0.418338,0.833618,-0.539883,-0.112358,0.031351,0.068964,1.917303,1.000000,0.098053,1.539538
1.725000,0.445244,-0.185021,0.418444,0.833618,-0.539906,-0.112275,0.031263,0.068964,1.916817,1.000000,0.097150,1.535531
1.730000,0.444768,-0.184889,0.418549,0.833617,-0.539929,-0.112192,0.031175,0.068965,1.916336,1.000000,0.096249,1.531563
1.735000,0.444294,-0.184756,0.418655,0.833617,-0.539951,-0.112107,0.031087,0.068965,1.915858,1.000000,0.095350,1.527632
1.740000,0.443821,-0.184623,0.418761,0.833618,-0.539974,-0.112021,0.031001,0.068966,1.915386,1.000000,0.094451,1.523757
1.745000,0.443350,-0.184490,0.418866,0.833618,-0.539996,-0.111934,0.030914,0.068966,1.914918,1.000000,0.093555,1.519931
1.750000,0.442881,-0.184356,0.418971,0.833619,-0.540018,-0.111847,0.030829,0.068967,1.914454,1.000000,0.092688,1.516518
1.755000,0.442413,-0.184223,0.419076,0.833619,-0.540041,-0.111758,0.030743,0.068967,1.913995,1.000000,0.091816,1.513184
1.760000,0.441947,-0.184089,0.419182,0.833620,-0.540062,-0.111669,0.030659,0.068968,1.913540,1.000000,0.090946,1.509960
1.765000,0.441483,-0.183955,0.419287,0.833621,-0.540084,-0.111578,0.030574,0.068968,1.913089,1.000000,0.090074,1.506778
1.770000,0.441021,-0.183821,0.419392,0.833622,-0.540106,-0.111486,0.030491,0.068969,1.912642,1.000000,0.089203,1.503635
1.775000,0.440560,-0.183686,0.419497,0.833624,-0.540128,-0.111394,0.030408,0.068969,1.912200,1.000000,0.088324,1.500547
1.780000,0.440101,-0.183552,0.419602,0.833625,-0.540150,-0.111301,0.030325,0.068969,1.911763,1.000000,0.087448,1.497504
1.785000,0.439643,-0.183418,0.419707,0.833627,-0.540171,-0.111206,0.030243,0.068970,1.911329,1.000000,0.086602,1.494810
1.790000,0.439188,-0.183283,0.419813,0.833629,-0.540193,-0.111111,0.030162,0.068970,1.910900,1.000000,0.085750,1.492185
1.795000,0.438734,-0.183149,0.419918,0.833630,-0.540214,-0.111015,0.030081,0.068971,1.910475,1.000000,0.084895,1.489619
1.800000,0.438282,-0.183014,0.420023,0.833632,-0.540235,-0.110918,0.030001,0.068971,1.910055,1.000000,0.084038,1.487095
1.805000,0.437832,-0.182880,0.420129,0.833634,-0.540257,-0.110821,0.029921,0.068972,1.909639,1.000000,0.083183,1.484633
1.810000,0.437383,-0.182745,0.420234,0.833636,-0.540278,-0.110722,0.029842,0.068972,1.909226,1.000000,0.082335,1.482284
1.815000,0.436936,-0.182610,0.420340,0.833639,-0.540299,-0.110623,0.029763,0.068973,1.908819,1.000000,0.081488,1.479978
1.820000,0.436491,-0.182476,0.420445,0.833641,-0.540320,-0.110523,0.029685,0.068973,1.908415,1.000000,0.080672,1.477805
1.825000,0.436048,-0.182341,0.420551,0.833643,-0.540342,-0.110423,0.029608,0.068973,1.908015,1.000000,0.079848,1.475644
1.830000,0.435606,-0.182207,0.420657,0.833646,-0.540363,-0.110322,0.029531,0.068974,1.907620,1.000000,0.079022,1.473522
1.835000,0.435166,-0.182073,0.420762,0.833648,-0.540384,-0.110220,0.029454,0.068975,1.907228,1.000000,0.078198,1.471438
1.840000,0.434727,-0.181938,0.420868,0.833651,-0.540405,-0.110118,0.029378,0.068975,1.906841,1.000000,0.077376,1.469392
1.845000,0.434291,-0.181804,0.420974,0.833654,-0.540426,-0.110015,0.029302,0.068975,1.906458,1.000000,0.076556,1.467384
1.850000,0.433856,-0.181670,0.421080,0.833656,-0.540446,-0.109912,0.029227,0.068976,1.906078,1.000000,0.075767,1.465496
1.855000,0.433422,-0.181536,0.421186,0.833659,-0.540467,-0.109808,0.029152,0.068976,1.905703,1.000000,0.074979,1.463643
1.860000,0.432990,-0.181403,0.421292,0.833662,-0.540488,-0.109704,0.029078,0.068977,1.905332,1.000000,0.074200,1.461829
1.865000,0.432560,-0.181269,0.421397,0.833665,-0.540509,-0.109600,0.029004,0.068977,1.904964,1.000000,0.073422,1.460052
1.870000,0.432131,-0.181136,0.421503,0.833668,-0.540529,-0.109495,0.028930,0.068978,1.904601,1.000000,0.072647,1.458309
1.875000,0.431704,-0.181002,0.421609,0.833671,-0.540550,-0.109390,0.028856,0.068978,1.904241,1.000000,0.071875,1.456552
1.880000,0.431278,-0.180869,0.421714,0.833674,-0.540571,-0.109285,0.028783,0.068979,1.903885,1.000000,0.071107,1.454817
1.885000,0.430854,-0.180737,0.421820,0.833677,-0.540591,-0.109180,0.028710,0.068979,1.903533,1.000000,0.070375,1.453130
1.890000,0.430432,-0.180604,0.421925,0.833680,-0.540612,-0.109075,0.028638,0.068979,1.903184,1.000000,0.069646,1.451441
1.895000,0.430010,-0.180472,0.422030,0.833683,-0.540632,-0.108970,0.028566,0.068980,1.902839,1.000000,0.068921,1.449731
1.900000,0.429591,-0.180340,0.422135,0.833686,-0.540652,-0.108864,0.028494,0.068980,1.902497,1.000000,0.068200,1.448054
1.905000,0.429173,-0.180208,0.422240,0.833689,-0.540672,-0.108759,0.028422,0.068981,1.902160,1.000000,0.067481,1.446399
1.910000,0.428756,-0.180077,0.422344,0.833692,-0.540693,-0.108654,0.028350,0.068981,1.901825,1.000000,0.066760,1.444637
1.915000,0.428341,-0.179945,0.422448,0.833695,-0.540713,-0.108548,0.028279,0.068982,1.901495,1.000000,0.066044,1.442906
1.920000,0.427927,-0.179814,0.422552,0.833698,-0.540733,-0.108443,0.028208,0.068982,1.901168,1.000000,0.065365,1.441182
1.925000,0.427514,-0.179684,0.422656,0.833701,-0.540753,-0.108338,0.028137,0.068983,1.900844,1.000000,0.064700,1.439511
1.930000,0.427103,-0.179553,0.422759,0.833704,-0.540773,-0.108233,0.028066,0.068983,1.900523,1.000000,0.064043,1.437876
1.935000,0.426694,-0.179423,0.422862,0.833708,-0.540792,-0.108128,0.027995,0.068983,1.900206,1.000000,0.063390,1.436268
1.940000,0.426286,-0.179294,0.422964,0.833711,-0.540812,-0.108023,0.027924,0.068984,1.899892,1.000000,0.062739,1.434689
1.945000,0.425879,-0.179164,0.423066,0.833714,-0.540832,-0.107919,0.027853,0.068984,1.899581,1.000000,0.062092,1.433147
1.950000,0.425473,-0.179035,0.423167,0.833717,-0.540851,-0.107815,0.027783,0.068985,1.899273,1.000000,0.061449,1.431632
1.955000,0.425069,-0.178907,0.423268,0.833720,-0.540871,-0.107711,0.027712,0.068985,1.898969,1.000000,0.060836,1.430209
1.960000,0.424667,-0.178778,0.423369,0.833723,-0.540890,-0.107607,0.027642,0.068986,1.898667,1.000000,0.060228,1.428970
1.965000,0.424265,-0.178650,0.423469,0.833726,-0.540909,-0.107504,0.027572,0.068986,1.898369,1.000000,0.059626,1.427756
1.970000,0.423865,-0.178523,0.423568,0.833730,-0.540929,-0.107401,0.027502,0.068987,1.898073,1.000000,0.059029,1.426561
1.975000,0.423466,-0.178396,0.423667,0.833733,-0.540948,-0.107298,0.027431,0.068987,1.897781,1.000000,0.058440,1.425819
1.980000,0.423069,-0.178269,0.423765,0.833736,-0.540967,-0.107196,0.027361,0.068988,1.897491,1.000000,0.057859,1.425324
1.985000,0.422672,-0.178142,0.423863,0.833739,-0.540986,-0.107094,0.027292,0.068988,1.897204,1.000000,0.057284,1.424847
1.990000,0.422277,-0.178016,0.423960,0.833741,-0.541005,-0.106993,0.027222,0.068988,1.896920,1.000000,0.056725,1.424738
1.995000,0.421883,-0.177891,0.424056,0.833744,-0.541024,-0.106892,0.027152,0.068989,1.896639,1.000000,0.056165,1.424816
2.000000,0.421490,-0.177766,0.424151,0.833747,-0.541043,-0.106792,0.027083,0.068989,1.896361,1.000000,0.055609,1.424916
2.005000,0.421099,-0.177641,0.424246,0.833750,-0.541062,-0.106692,0.027013,0.068990,1.896085,1.000000,0.055057,1.425216
2.010000,0.420708,-0.177517,0.424340,0.833752,-0.541082,-0.106593,0.026944,0.068990,1.895813,1.000000,0.054507,1.425832
2.015000,0.420319,-0.177393,0.424433,0.833755,-0.541101,-0.106494,0.026874,0.068991,1.895543,1.000000,0.053962,1.426472
2.020000,0.419930,-0.177270,0.424525,0.833757,-0.541120,-0.106396,0.026805,0.068991,1.895275,1.000000,0.053446,1.426937
2.025000,0.419543,-0.177147,0.424617,0.833759,-0.541139,-0.106299,0.026736,0.068991,1.895010,1.000000,0.052935,1.427777
2.030000,0.419157,-0.177025,0.424707,0.833762,-0.541157,-0.106202,0.026667,0.068992,1.894748,1.000000,0.052434,1.428639
2.035000,0.418771,-0.176903,0.424797,0.833764,-0.541176,-0.106106,0.026598,0.068992,1.894488,1.000000,0.051938,1.429629
2.040000,0.418387,-0.176781,0.424886,0.833766,-0.541195,-0.106010,0.026528,0.068993,1.894231,1.000000,0.051440,1.431023
2.045000,0.418004,-0.176660,0.424974,0.833768,-0.541214,-0.105915,0.026459,0.068993,1.893976,1.000000,0.050952,1.432444
2.050000,0.417622,-0.176539,0.425061,0.833770,-0.541233,-0.105821,0.026390,0.068994,1.893723,1.000000,0.050468,1.433971
2.055000,0.417241,-0.176418,0.425147,0.833772,-0.541251,-0.105728,0.026320,0.068994,1.893473,1.000000,0.050000,1.435273
2.060000,0.416861,-0.176298,0.425232,0.833774,-0.541270,-0.105636,0.026251,0.068995,1.893225,1.000000,0.049548,1.436603
2.065000,0.416482,-0.176178,0.425316,0.833776,-0.541289,-0.105544,0.026181,0.068995,1.892979,1.000000,0.049107,1.438043
2.070000,0.416104,-0.176058,0.425398,0.833777,-0.541307,-0.105453,0.026112,0.068996,1.892736,1.000000,0.048663,1.439861
2.075000,0.415726,-0.175939,0.425479,0.833779,-0.541325,-0.105364,0.026042,0.068996,1.892495,1.000000,0.048234,1.441710
2.080000,0.415350,-0.175819,0.425560,0.833781,-0.541343,-0.105275,0.025972,0.068997,1.892256,1.000000,0.047814,1.443698
2.085000,0.414975,-0.175700,0.425638,0.833782,-0.541361,-0.105187,0.025902,0.068997,1.892019,1.000000,0.047392,1.446112
2.090000,0.414600,-0.175581,0.425716,0.833784,-0.541379,-0.105100,0.025831,0.068998,1.891784,1.000000,0.046998,1.448292
2.095000,0.414227,-0.175462,0.425792,0.833786,-0.541396,-0.105015,0.025761,0.068998,1.891551,1.000000,0.046605,1.450590
2.100000,0.413855,-0.175343,0.425867,0.833787,-0.541414,-0.104930,0.025690,0.068998,1.891320,1.000000,0.046194,1.453170
2.105000,0.413483,-0.175225,0.425940,0.833789,-0.541431,-0.104846,0.025619,0.068999,1.891091,1.000000,0.045797,1.455791
2.110000,0.413113,-0.175106,0.426012,0.833790,-0.541448,-0.104763,0.025548,0.068999,1.890864,1.000000,0.045404,1.458568
2.115000,0.412743,-0.174987,0.426083,0.833792,-0.541465,-0.104681,0.025476,0.069000,1.890639,1.000000,0.044997,1.461729
2.120000,0.412375,-0.174868,0.426152,0.833794,-0.541481,-0.104599,0.025404,0.069000,1.890417,1.000000,0.044604,1.464937
2.125000,0.412008,-0.174748,0.426220,0.833795,-0.541498,-0.104519,0.025332,0.069001,1.890196,1.000000,0.044231,1.467900
2.130000,0.411642,-0.174629,0.426287,0.833797,-0.541514,-0.104439,0.025260,0.069001,1.889977,1.000000,0.043843,1.471218
2.135000,0.411277,-0.174509,0.426352,0.833798,-0.541530,-0.104360,0.025188,0.069002,1.889760,1.000000,0.043470,1.474587
2.140000,0.410913,-0.174389,0.426416,0.833800,-0.541546,-0.104282,0.025115,0.069002,1.889544,1.000000,0.043105,1.478054
2.145000,0.410550,-0.174269,0.426479,0.833802,-0.541561,-0.104205,0.025042,0.069003,1.889331,1.000000,0.042716,1.481800
2.150000,0.410188,-0.174148,0.426540,0.833804,-0.541576,-0.104129,0.024969,0.069003,1.889120,1.000000,0.042342,1.485607
2.155000,0.409828,-0.174027,0.426600,0.833806,-0.541591,-0.104053,0.024896,0.069004,1.888910,1.000000,0.041981,1.489482
2.160000,0.409468,-0.173906,0.426658,0.833808,-0.541605,-0.103978,0.024823,0.069004,1.888702,1.000000,0.041622,1.493426
2.165000,0.409110,-0.173784,0.426715,0.833810,-0.541620,-0.103904,0.024749,0.069005,1.888496,1.000000,0.041282,1.497437
2.170000,0.408752,-0.173662,0.426770,0.833813,-0.541634,-0.103831,0.024676,0.069005,1.888292,1.000000,0.040963,1.501511
2.175000,0.408396,-0.173539,0.426824,0.833815,-0.541647,-0.103759,0.024602,0.069005,1.888089,1.000000,0.040631,1.505842
2.180000,0.408041,-0.173415,0.426877,0.833817,-0.541660,-0.103687,0.024528,0.069006,1.887888,1.000000,0.040310,1.510283
2.185000,0.407687,-0.173291,0.426928,0.833820,-0.541673,-0.103617,0.024454,0.069006,1.887689,1.000000,0.040007,1.514795
2.190000,0.407334,-0.173166,0.426977,0.833822,-0.541686,-0.103547,0.024380,0.069007,1.887491,1.000000,0.039729,1.519388
2.195000,0.406983,-0.173040,0.427025,0.833825,-0.541698,-0.103479,0.024306,0.069007,1.887294,1.000000,0.039457,1.524128
2.200000,0.406632,-0.172914,0.427071,0.833828,-0.541710,-0.103411,0.024232,0.069008,1.887099,1.000000,0.039201,1.528943
2.205000,0.406282,-0.172787,0.427116,0.833831,-0.541722,-0.103344,0.024158,0.069008,1.886905,1.000000,0.038955,1.533849
2.210000,0.405934,-0.172659,0.427159,0.833834,-0.541733,-0.103278,0.024084,0.069008,1.886712,1.000000,0.038709,1.538880
2.215000,0.405587,-0.172531,0.427201,0.833837,-0.541744,-0.103213,0.024010,0.069009,1.886520,1.000000,0.038476,1.543990
2.220000,0.405240,-0.172402,0.427241,0.833840,-0.541754,-0.103149,0.023936,0.069009,1.886329,1.000000,0.038256,1.549173
2.225000,0.404895,-0.172272,0.427279,0.833843,-0.541765,-0.103086,0.023862,0.069010,1.886140,1.000000,0.038048,1.554219
2.230000,0.404551,-0.172141,0.427316,0.833847,-0.541775,-0.103024,0.023788,0.069010,1.885951,1.000000,0.037855,1.559343
2.235000,0.404208,-0.172009,0.427351,0.833850,-0.541784,-0.102963,0.023715,0.069011,1.885764,1.000000,0.037676,1.564542
2.240000,0.403866,-0.171876,0.427384,0.833854,-0.541793,-0.102903,0.023641,0.069011,1.885577,1.000000,0.037510,1.569880
2.245000,0.403525,-0.171743,0.427415,0.833858,-0.541802,-0.102844,0.023568,0.069011,1.885391,1.000000,0.037356,1.575340
2.250000,0.403184,-0.171608,0.427445,0.833861,-0.541810,-0.102785,0.023494,0.069012,1.885206,1.000000,0.037212,1.580876
2.255000,0.402845,-0.171473,0.427473,0.833865,-0.541818,-0.102728,0.023421,0.069012,1.885021,1.000000,0.037078,1.586484
2.260000,0.402507,-0.171337,0.427500,0.833869,-0.541826,-0.102672,0.023348,0.069013,1.884837,1.000000,0.036977,1.591987
2.265000,0.402170,-0.171200,0.427524,0.833873,-0.541834,-0.102617,0.023276,0.069013,1.884654,1.000000,0.036891,1.597564
2.270000,0.401833,-0.171062,0.427547,0.833877,-0.541841,-0.102563,0.023204,0.069014,1.884471,1.000000,0.036817,1.603211
2.275000,0.401498,-0.170923,0.427568,0.833881,-0.541847,-0.102511,0.023131,0.069014,1.884288,1.000000,0.036752,1.608919
2.280000,0.401163,-0.170783,0.427587,0.833886,-0.541854,-0.102459,0.023060,0.069014,1.884105,1.000000,0.036697,1.614698
2.285000,0.400829,-0.170642,0.427605,0.833890,-0.541860,-0.102408,0.022988,0.069015,1.883923,1.000000,0.036649,1.620545
2.290000,0.400496,-0.170500,0.427620,0.833894,-0.541865,-0.102359,0.022917,0.069015,1.883741,1.000000,0.036605,1.626418
2.295000,0.400164,-0.170358,0.427634,0.833899,-0.541871,-0.102311,0.022846,0.069016,1.883559,1.000000,0.036603,1.632432
2.300000,0.399833,-0.170214,0.427645,0.833903,-0.541876,-0.102264,0.022775,0.069016,1.883377,1.000000,0.036607,1.638511
2.305000,0.399502,-0.170070,0.427655,0.833907,-0.541880,-0.102218,0.022705,0.069016,1.883195,1.000000,0.036615,1.644670
2.310000,0.399173,-0.169924,0.427663,0.833912,-0.541885,-0.102173,0.022635,0.069017,1.883012,1.000000,0.036630,1.650959
2.315000,0.398844,-0.169778,0.427669,0.833917,-0.541889,-0.102129,0.022565,0.069017,1.882830,1.000000,0.036647,1.657312
2.320000,0.398515,-0.169631,0.427673,0.833921,-0.541893,-0.102087,0.022496,0.069018,1.882648,1.000000,0.036666,1.663724
2.325000,0.398188,-0.169483,0.427675,0.833926,-0.541896,-0.102045,0.022427,0.069018,1.882465,1.000000,0.036685,1.670191
2.330000,0.397861,-0.169334,0.427675,0.833930,-0.541900,-0.102005,0.022359,0.069018,1.882283,1.000000,0.036737,1.677128
2.335000,0.397536,-0.169184,0.427673,0.833935,-0.541903,-0.101966,0.022291,0.069019,1.882100,1.000000,0.036779,1.684113
2.340000,0.397211,-0.169033,0.427669,0.833939,-0.541906,-0.101927,0.022223,0.069019,1.881917,1.000000,0.036810,1.691124
2.345000,0.396887,-0.168882,0.427664,0.833944,-0.541909,-0.101889,0.022156,0.069019,1.881733,1.000000,0.036832,1.698162
2.350000,0.396563,-0.168730,0.427657,0.833949,-0.541911,-0.101852,0.022090,0.069020,1.881550,1.000000,0.036847,1.705250
2.355000,0.396241,-0.168577,0.427648,0.833953,-0.541914,-0.101816,0.022024,0.069020,1.881366,1.000000,0.036855,1.712401
2.360000,0.395920,-0.168423,0.427638,0.833958,-0.541916,-0.101780,0.021958,0.069021,1.881183,1.000000,0.036897,1.719800
2.365000,0.395599,-0.168269,0.427626,0.833963,-0.541918,-0.101744,0.021893,0.069021,1.880999,1.000000,0.036929,1.727243
2.370000,0.395280,-0.168114,0.427613,0.833967,-0.541920,-0.101709,0.021829,0.069021,1.880815,1.000000,0.036953,1.734725
2.375000,0.394961,-0.167959,0.427598,0.833972,-0.541922,-0.101674,0.021765,0.069022,1.880631,1.000000,0.036967,1.742183
2.380000,0.394643,-0.167803,0.427582,0.833977,-0.541923,-0.101640,0.021702,0.069022,1.880447,1.000000,0.036973,1.749669
2.385000,0.394327,-0.167646,0.427565,0.833982,-0.541925,-0.101605,0.021639,0.069023,1.880263,1.000000,0.036972,1.757193
2.390000,0.394011,-0.167489,0.427546,0.833987,-0.541926,-0.101571,0.021578,0.069023,1.880078,1.000000,0.036964,1.764761
2.395000,0.393697,-0.167332,0.427526,0.833991,-0.541928,-0.101537,0.021517,0.069023,1.879894,1.000000,0.037005,1.772602
2.400000,0.393383,-0.167174,0.427505,0.833996,-0.541929,-0.101504,0.021456,0.069024,1.879709,1.000000,0.037037,1.780475
2.405000,0.393071,-0.167015,0.427483,0.834001,-0.541930,-0.101470,0.021397,0.069024,1.879525,1.000000,0.037060,1.788374
2.410000,0.392760,-0.166856,0.427460,0.834006,-0.541931,-0.101436,0.021338,0.069024,1.879340,1.000000,0.037073,1.796268
2.415000,0.392450,-0.166697,0.427436,0.834011,-0.541932,-0.101402,0.021280,0.069025,1.879155,1.000000,0.037078,1.804194
2.420000,0.392141,-0.166537,0.427411,0.834016,-0.541933,-0.101368,0.021223,0.069025,1.878970,1.000000,0.037077,1.812149
2.425000,0.391834,-0.166377,0.427385,0.834021,-0.541933,-0.101334,0.021166,0.069026,1.878786,1.000000,0.037071,1.820192
2.430000,0.391527,-0.166216,0.427358,0.834027,-0.541934,-0.101300,0.021110,0.069026,1.878600,1.000000,0.037111,1.828632
2.435000,0.391223,-0.166056,0.427330,0.834032,-0.541935,-0.101265,0.021055,0.069026,1.878415,1.000000,0.037137,1.837092
2.440000,0.390919,-0.165895,0.427302,0.834037,-0.541935,-0.101230,0.021001,0.069027,1.878230,1.000000,0.037149,1.845555
2.445000,0.390617,-0.165734,0.427272,0.834042,-0.541936,-0.101195,0.020948,0.069027,1.878045,1.000000,0.037148,1.854009
2.450000,0.390317,-0.165573,0.427243,0.834048,-0.541936,-0.101159,0.020895,0.069028,1.877859,1.000000,0.037137,1.862486
2.455000,0.390018,-0.165411,0.427213,0.834053,-0.541937,-0.101123,0.020844,0.069028,1.877674,1.000000,0.037116,1.870982
2.460000,0.389720,-0.165250,0.427182,0.834059,-0.541937,-0.101086,0.020793,0.069028,1.877489,1.000000,0.037084,1.879511
2.465000,0.389424,-0.165089,0.427151,0.834064,-0.541937,-0.101049,0.020743,0.069029,1.877304,1.000000,0.037079,1.888317
2.470000,0.389130,-0.164927,0.427119,0.834070,-0.541938,-0.101011,0.020694,0.069029,1.877119,1.000000,0.037056,1.897138
2.475000,0.388837,-0.164766,0.427088,0.834075,-0.541938,-0.100972,0.020646,0.069029,1.876934,1.000000,0.037019,1.905996
2.480000,0.388546,-0.164604,0.427056,0.834081,-0.541939,-0.100933,0.020599,0.069030,1.876749,1.000000,0.036968,1.914882
2.485000,0.388257,-0.164443,0.427024,0.834086,-0.541939,-0.100892,0.020552,0.069030,1.876565,1.000000,0.036905,1.923786
2.490000,0.387970,-0.164282,0.426992,0.834092,-0.541940,-0.100851,0.020507,0.069030,1.876381,1.000000,0.036829,1.932689
2.495000,0.387684,-0.164122,0.426960,0.834098,-0.541940,-0.100810,0.020463,0.069031,1.876197,1.000000,0.036738,1.941556
2.500000,0.387400,-0.163961,0.426929,0.834104,-0.541941,-0.100767,0.020420,0.069031,1.876014,1.000000,0.036662,1.950630
2.505000,0.387118,-0.163801,0.426897,0.834110,-0.541941,-0.100723,0.020377,0.069032,1.875831,1.000000,0.036571,1.959715
2.510000,0.386838,-0.163641,0.426866,0.834116,-0.541942,-0.100679,0.020336,0.069032,1.875649,1.000000,0.036469,1.968889
2.515000,0.386559,-0.163481,0.426835,0.834122,-0.541943,-0.100634,0.020296,0.069032,1.875467,1.000000,0.036354,1.978095
2.520000,0.386283,-0.163322,0.426804,0.834128,-0.541943,-0.100587,0.020257,0.069033,1.875286,1.000000,0.036226,1.987312
2.525000,0.386008,-0.163163,0.426774,0.834134,-0.541944,-0.100540,0.020219,0.069033,1.875105,1.000000,0.036084,1.996521
2.530000,0.385735,-0.163005,0.426744,0.834140,-0.541945,-0.100492,0.020181,0.069033,1.874926,1.000000,0.035954,2.005723
2.535000,0.385464,-0.162847,0.426714,0.834146,-0.541946,-0.100443,0.020145,0.069034,1.874746,1.000000,0.035814,2.014937
2.540000,0.385194,-0.162690,0.426685,0.834152,-0.541947,-0.100393,0.020110,0.069034,1.874568,1.000000,0.035664,2.024162
2.545000,0.384927,-0.162533,0.426657,0.834158,-0.541948,-0.100342,0.020076,0.069034,1.874390,1.000000,0.035507,2.033465
2.550000,0.384662,-0.162377,0.426629,0.834165,-0.541949,-0.100291,0.020042,0.069035,1.874213,1.000000,0.035342,2.042779
2.555000,0.384398,-0.162221,0.426602,0.834171,-0.541951,-0.100239,0.020010,0.069035,1.874037,1.000000,0.035167,2.052102
2.560000,0.384136,-0.162066,0.426575,0.834177,-0.541952,-0.100186,0.019978,0.069035,1.873862,1.000000,0.034979,2.061409
2.565000,0.383877,-0.161912,0.426549,0.834184,-0.541953,-0.100132,0.019948,0.069036,1.873688,1.000000,0.034815,2.070924
2.570000,0.383619,-0.161758,0.426523,0.834190,-0.541954,-0.100078,0.019918,0.069036,1.873514,1.000000,0.034636,2.080448
2.575000,0.383363,-0.161605,0.426498,0.834197,-0.541956,-0.100022,0.019889,0.069036,1.873342,1.000000,0.034444,2.089983
2.580000,0.383109,-0.161453,0.426474,0.834203,-0.541957,-0.099966,0.019861,0.069037,1.873170,1.000000,0.034238,2.099540
2.585000,0.382856,-0.161302,0.426450,0.834210,-0.541958,-0.099910,0.019834,0.069037,1.873000,1.000000,0.034021,2.109106
2.590000,0.382606,-0.161151,0.426427,0.834216,-0.541960,-0.099852,0.019807,0.069038,1.872830,1.000000,0.033794,2.118677
2.595000,0.382358,-0.161002,0.426405,0.834223,-0.541961,-0.099794,0.019782,0.069038,1.872662,1.000000,0.033557,2.128315
2.600000,0.382112,-0.160853,0.426384,0.834230,-0.541963,-0.099735,0.019757,0.069038,1.872495,1.000000,0.033315,2.137987
2.605000,0.381867,-0.160705,0.426363,0.834236,-0.541964,-0.099675,0.019732,0.069039,1.872329,1.000000,0.033061,2.147663
2.610000,0.381625,-0.160558,0.426344,0.834243,-0.541966,-0.099615,0.019709,0.069039,1.872165,1.000000,0.032794,2.157326
2.615000,0.381384,-0.160412,0.426325,0.834250,-0.541967,-0.099554,0.019686,0.069039,1.872002,1.000000,0.032515,2.166975
2.620000,0.381145,-0.160266,0.426307,0.834257,-0.541969,-0.099493,0.019664,0.069040,1.871840,1.000000,0.032225,2.176632
2.625000,0.380908,-0.160122,0.426290,0.834263,-0.541971,-0.099431,0.019643,0.069040,1.871680,1.000000,0.031925,2.186299
2.630000,0.380673,-0.159979,0.426273,0.834270,-0.541973,-0.099368,0.019622,0.069040,1.871521,1.000000,0.031616,2.196043
2.635000,0.380440,-0.159837,0.426258,0.834277,-0.541974,-0.099305,0.019602,0.069041,1.871364,1.000000,0.031308,2.205659
2.640000,0.380208,-0.159696,0.426243,0.834284,-0.541976,-0.099241,0.019582,0.069041,1.871208,1.000000,0.030990,2.215278
2.645000,0.379978,-0.159556,0.426230,0.834291,-0.541978,-0.099177,0.019563,0.069041,1.871055,1.000000,0.030660,2.224869
2.650000,0.379750,-0.159417,0.426217,0.834298,-0.541979,-0.099112,0.019545,0.069042,1.870902,1.000000,0.030322,2.234450
2.655000,0.379524,-0.159279,0.426205,0.834305,-0.541981,-0.099047,0.019527,0.069042,1.870752,1.000000,0.029977,2.244038
2.660000,0.379300,-0.159142,0.426194,0.834312,-0.541982,-0.098982,0.019510,0.069042,1.870603,1.000000,0.029626,2.253655
2.665000,0.379077,-0.159006,0.426185,0.834320,-0.541984,-0.098916,0.019493,0.069043,1.870456,1.000000,0.029270,2.263337
2.670000,0.378856,-0.158871,0.426176,0.834327,-0.541985,-0.098849,0.019476,0.069043,1.870310,1.000000,0.028939,2.272845
2.675000,0.378637,-0.158737,0.426168,0.834335,-0.541986,-0.098782,0.019460,0.069043,1.870167,1.000000,0.028601,2.282353
2.680000,0.378419,-0.158605,0.426161,0.834342,-0.541987,-0.098715,0.019444,0.069044,1.870025,1.000000,0.028256,2.291825
2.685000,0.378204,-0.158473,0.426155,0.834350,-0.541988,-0.098647,0.019428,0.069044,1.869884,1.000000,0.027910,2.301298
2.690000,0.377990,-0.158342,0.426150,0.834359,-0.541988,-0.098578,0.019413,0.069044,1.869746,1.000000,0.027564,2.310773
2.695000,0.377778,-0.158213,0.426146,0.834367,-0.541988,-0.098509,0.019398,0.069045,1.869609,1.000000,0.027218,2.320295
2.700000,0.377568,-0.158084,0.426143,0.834376,-0.541988,-0.098440,0.019383,0.069045,1.869474,1.000000,0.026891,2.328997
2.705000,0.377359,-0.157956,0.426140,0.834384,-0.541988,-0.098370,0.019368,0.069045,1.869340,1.000000,0.026577,2.337703
2.710000,0.377153,-0.157830,0.426139,0.834394,-0.541987,-0.098300,0.019353,0.069046,1.869208,1.000000,0.026278,2.346414
2.715000,0.376949,-0.157704,0.426139,0.834403,-0.541985,-0.098229,0.019338,0.069046,1.869078,1.000000,0.025993,2.355146
2.720000,0.376746,-0.157579,0.426139,0.834413,-0.541983,-0.098158,0.019323,0.069046,1.868949,1.000000,0.025724,2.363883
2.725000,0.376546,-0.157455,0.426141,0.834424,-0.541980,-0.098087,0.019308,0.069047,1.868821,1.000000,0.025471,2.372621
2.730000,0.376347,-0.157332,0.426143,0.834435,-0.541977,-0.098016,0.019294,0.069047,1.868694,1.000000,0.025230,2.381324
2.735000,0.376151,-0.157209,0.426146,0.834446,-0.541973,-0.097944,0.019279,0.069047,1.868568,1.000000,0.025033,2.388618
2.740000,0.375957,-0.157088,0.426150,0.834458,-0.541968,-0.097872,0.019263,0.069048,1.868444,1.000000,0.024864,2.395912
2.745000,0.375764,-0.156966,0.426154,0.834471,-0.541962,-0.097800,0.019248,0.069048,1.868320,1.000000,0.024727,2.403240
2.750000,0.375575,-0.156846,0.426159,0.834484,-0.541955,-0.097727,0.019232,0.069048,1.868196,1.000000,0.024627,2.410632
2.755000,0.375387,-0.156725,0.426165,0.834499,-0.541947,-0.097655,0.019216,0.069049,1.868073,1.000000,0.024563,2.418028
2.760000,0.375202,-0.156606,0.426171,0.834514,-0.541937,-0.097582,0.019199,0.069049,1.867950,1.000000,0.024532,2.425423
2.765000,0.375020,-0.156486,0.426178,0.834530,-0.541927,-0.097509,0.019182,0.069049,1.867828,1.000000,0.024530,2.432765
2.770000,0.374840,-0.156367,0.426185,0.834546,-0.541915,-0.097436,0.019165,0.069049,1.867705,1.000000,0.024603,2.438774
2.775000,0.374663,-0.156248,0.426193,0.834564,-0.541901,-0.097363,0.019148,0.069050,1.867581,1.000000,0.024711,2.444783
2.780000,0.374489,-0.156129,0.426201,0.834583,-0.541886,-0.097289,0.019130,0.069050,1.867457,1.000000,0.024862,2.450850
2.785000,0.374318,-0.156010,0.426210,0.834603,-0.541869,-0.097214,0.019111,0.069050,1.867332,1.000000,0.025060,2.456958
2.790000,0.374150,-0.155891,0.426220,0.834625,-0.541850,-0.097139,0.019092,0.069051,1.867206,1.000000,0.025304,2.463071
2.795000,0.373986,-0.155772,0.426230,0.834647,-0.541829,-0.097064,0.019072,0.069051,1.867078,1.000000,0.025592,2.469174
2.800000,0.373825,-0.155653,0.426240,0.834671,-0.541807,-0.096988,0.019052,0.069051,1.866949,1.000000,0.025919,2.475240
2.805000,0.373667,-0.155533,0.426251,0.834696,-0.541783,-0.096911,0.019032,0.069052,1.866818,1.000000,0.026303,2.480065
2.810000,0.373513,-0.155413,0.426263,0.834722,-0.541757,-0.096834,0.019012,0.069052,1.866685,1.000000,0.026726,2.484891
2.815000,0.373363,-0.155293,0.426275,0.834750,-0.541728,-0.096756,0.018991,0.069052,1.866550,1.000000,0.027198,2.489797
2.820000,0.373218,-0.155172,0.426288,0.834780,-0.541697,-0.096677,0.018969,0.069053,1.866412,1.000000,0.027718,2.494728
2.825000,0.373076,-0.155050,0.426302,0.834811,-0.541665,-0.096598,0.018948,0.069053,1.866272,1.000000,0.028284,2.499662
2.830000,0.372938,-0.154927,0.426316,0.834843,-0.541630,-0.096517,0.018926,0.069053,1.866128,1.000000,0.028894,2.504573
2.835000,0.372805,-0.154804,0.426331,0.834877,-0.541592,-0.096436,0.018904,0.069053,1.865982,1.000000,0.029542,2.509455
2.840000,0.372675,-0.154680,0.426346,0.834913,-0.541553,-0.096354,0.018882,0.069054,1.865832,1.000000,0.030216,2.512812
2.845000,0.372551,-0.154554,0.426362,0.834950,-0.541511,-0.096271,0.018860,0.069054,1.865678,1.000000,0.030934,2.516173
2.850000,0.372431,-0.154428,0.426379,0.834989,-0.541467,-0.096188,0.018838,0.069054,1.865521,1.000000,0.031701,2.519563
2.855000,0.372315,-0.154300,0.426396,0.835030,-0.541420,-0.096103,0.018816,0.069055,1.865360,1.000000,0.032515,2.522960
2.860000,0.372204,-0.154171,0.426414,0.835072,-0.541370,-0.096018,0.018795,0.069055,1.865195,1.000000,0.033375,2.526360
2.865000,0.372098,-0.154041,0.426432,0.835116,-0.541318,-0.095933,0.018773,0.069055,1.865025,1.000000,0.034279,2.529808
2.870000,0.371996,-0.153909,0.426451,0.835163,-0.541263,-0.095847,0.018752,0.069056,1.864851,1.000000,0.035199,2.531329
2.875000,0.371899,-0.153775,0.426470,0.835211,-0.541205,-0.095760,0.018730,0.069056,1.864672,1.000000,0.036264,2.532859
2.880000,0.371807,-0.153639,0.426490,0.835260,-0.541144,-0.095674,0.018708,0.069056,1.864487,1.000000,0.037534,2.534379
2.885000,0.371720,-0.153501,0.426510,0.835312,-0.541079,-0.095588,0.018685,0.069056,1.864295,1.000000,0.038985,2.535860
2.890000,0.371637,-0.153360,0.426530,0.835366,-0.541012,-0.095503,0.018662,0.069057,1.864095,1.000000,0.040573,2.537349
2.895000,0.371560,-0.153215,0.426551,0.835421,-0.540942,-0.095420,0.018637,0.069057,1.863887,1.000000,0.042265,2.538843
2.900000,0.371486,-0.153068,0.426571,0.835478,-0.540870,-0.095338,0.018611,0.069057,1.863670,1.000000,0.044039,2.540389
2.905000,0.371418,-0.152917,0.426593,0.835537,-0.540794,-0.095257,0.018585,0.069058,1.863445,1.000000,0.045853,2.539057
2.910000,0.371355,-0.152762,0.426614,0.835598,-0.540715,-0.095178,0.018556,0.069058,1.863210,1.000000,0.047764,2.537736
2.915000,0.371296,-0.152603,0.426636,0.835661,-0.540632,-0.095101,0.018527,0.069058,1.862965,1.000000,0.049761,2.536416
2.920000,0.371243,-0.152441,0.426658,0.835726,-0.540546,-0.095026,0.018496,0.069058,1.862711,1.000000,0.051773,2.535097
2.925000,0.371194,-0.152273,0.426680,0.835794,-0.540455,-0.094953,0.018463,0.069059,1.862446,1.000000,0.053693,2.533791
2.930000,0.371151,-0.152102,0.426703,0.835864,-0.540360,-0.094882,0.018430,0.069059,1.862172,1.000000,0.055544,2.532497
2.935000,0.371112,-0.151925,0.426726,0.835938,-0.540258,-0.094814,0.018396,0.069059,1.861889,1.000000,0.057365,2.531242
2.940000,0.371078,-0.151745,0.426750,0.836015,-0.540152,-0.094749,0.018363,0.069060,1.861598,1.000000,0.059146,2.527358
2.945000,0.371048,-0.151560,0.426774,0.836096,-0.540039,-0.094687,0.018329,0.069060,1.861297,1.000000,0.060971,2.523490
2.950000,0.371022,-0.151369,0.426799,0.836180,-0.539921,-0.094629,0.018296,0.069060,1.860987,1.000000,0.062821,2.519613
2.955000,0.371001,-0.151174,0.426825,0.836267,-0.539796,-0.094575,0.018263,0.069061,1.860668,1.000000,0.064682,2.515746
2.960000,0.370984,-0.150974,0.426851,0.836358,-0.539665,-0.094524,0.018231,0.069061,1.860339,1.000000,0.066545,2.511896
2.965000,0.370971,-0.150769,0.426877,0.836452,-0.539529,-0.094477,0.018200,0.069061,1.860002,1.000000,0.068402,2.508089
2.970000,0.370963,-0.150558,0.426905,0.836550,-0.539385,-0.094434,0.018170,0.069061,1.859655,1.000000,0.070246,2.504362
2.975000,0.370958,-0.150342,0.426933,0.836651,-0.539236,-0.094394,0.018140,0.069062,1.859299,1.000000,0.072012,2.498569
2.980000,0.370958,-0.150120,0.426962,0.836756,-0.539080,-0.094357,0.018112,0.069062,1.858935,1.000000,0.073790,2.492802
2.985000,0.370962,-0.149893,0.426992,0.836865,-0.538918,-0.094324,0.018085,0.069062,1.858561,1.000000,0.075562,2.487005
2.990000,0.370971,-0.149660,0.427022,0.836978,-0.538749,-0.094295,0.018058,0.069062,1.858179,1.000000,0.077320,2.481232
2.995000,0.370983,-0.149421,0.427054,0.837094,-0.538574,-0.094268,0.018033,0.069063,1.857788,1.000000,0.079054,2.475486
3.000000,0.371001,-0.149177,0.427086,0.837215,-0.538391,-0.094246,0.018010,0.069063,1.857389,1.000000,0.080760,2.469808
3.005000,0.371022,-0.148926,0.427119,0.837339,-0.538202,-0.094226,0.017988,0.069063,1.856981,1.000000,0.082432,2.464194
3.010000,0.371048,-0.148669,0.427153,0.837467,-0.538006,-0.094209,0.017967,0.069064,1.856566,1.000000,0.083954,2.455762
3.015000,0.371078,-0.148406,0.427188,0.837599,-0.537804,-0.094196,0.017948,0.069064,1.856143,1.000000,0.085492,2.447372
3.020000,0.371113,-0.148137,0.427224,0.837735,-0.537594,-0.094186,0.017930,0.069064,1.855713,1.000000,0.087023,2.439038
3.025000,0.371152,-0.147861,0.427261,0.837876,-0.537376,-0.094179,0.017913,0.069064,1.855275,1.000000,0.088529,2.430747
3.030000,0.371195,-0.147578,0.427299,0.838020,-0.537152,-0.094176,0.017898,0.069065,1.854830,1.000000,0.090000,2.422495
3.035000,0.371243,-0.147288,0.427338,0.838169,-0.536920,-0.094175,0.017885,0.069065,1.854377,1.000000,0.091421,2.414231
3.040000,0.371295,-0.146992,0.427377,0.838323,-0.536681,-0.094178,0.017874,0.069065,1.853919,1.000000,0.092654,2.403092
3.045000,0.371352,-0.146688,0.427418,0.838480,-0.536434,-0.094184,0.017864,0.069065,1.853454,1.000000,0.093887,2.392005
3.050000,0.371412,-0.146378,0.427458,0.838641,-0.536180,-0.094193,0.017855,0.069066,1.852984,1.000000,0.095105,2.381001
3.055000,0.371475,-0.146060,0.427498,0.838807,-0.535920,-0.094204,0.017846,0.069066,1.852507,1.000000,0.096302,2.370108
3.060000,0.371540,-0.145734,0.427538,0.838976,-0.535653,-0.094218,0.017839,0.069066,1.852025,1.000000,0.097468,2.359270
3.065000,0.371609,-0.145402,0.427577,0.839149,-0.535379,-0.094233,0.017832,0.069066,1.851537,1.000000,0.098595,2.348487
3.070000,0.371679,-0.145062,0.427616,0.839326,-0.535099,-0.094251,0.017827,0.069067,1.851043,1.000000,0.099676,2.337783
3.075000,0.371752,-0.144714,0.427653,0.839507,-0.534812,-0.094271,0.017823,0.069067,1.850545,1.000000,0.100562,2.324862
3.080000,0.371827,-0.144359,0.427690,0.839691,-0.534518,-0.094292,0.017819,0.069067,1.850043,1.000000,0.101443,2.312005
3.085000,0.371905,-0.143995,0.427726,0.839880,-0.534218,-0.094316,0.017817,0.069068,1.849537,1.000000,0.102294,2.299218
3.090000,0.371984,-0.143623,0.427761,0.840073,-0.533910,-0.094341,0.017816,0.069068,1.849026,1.000000,0.103099,2.286502
3.095000,0.372066,-0.143244,0.427795,0.840270,-0.533596,-0.094369,0.017817,0.069068,1.848512,1.000000,0.103846,2.273855
3.100000,0.372151,-0.142856,0.427828,0.840470,-0.533274,-0.094398,0.017818,0.069068,1.847994,1.000000,0.104522,2.261263
3.105000,0.372237,-0.142459,0.427860,0.840675,-0.532945,-0.094428,0.017822,0.069068,1.847474,1.000000,0.105117,2.248694
3.110000,0.372326,-0.142054,0.427892,0.840885,-0.532609,-0.094461,0.017827,0.069069,1.846951,1.000000,0.105501,2.234681
3.115000,0.372417,-0.141641,0.427923,0.841098,-0.532266,-0.094494,0.017835,0.069069,1.846427,1.000000,0.105827,2.220743
3.120000,0.372510,-0.141219,0.427954,0.841316,-0.531915,-0.094530,0.017844,0.069069,1.845901,1.000000,0.106087,2.206970
3.125000,0.372606,-0.140788,0.427983,0.841538,-0.531557,-0.094566,0.017855,0.069070,1.845374,1.000000,0.106264,2.193299
3.130000,0.372703,-0.140349,0.428012,0.841764,-0.531191,-0.094604,0.017869,0.069070,1.844847,1.000000,0.106350,2.179707
3.135000,0.372803,-0.139901,0.428041,0.841994,-0.530819,-0.094643,0.017885,0.069070,1.844320,1.000000,0.106336,2.166197
3.140000,0.372905,-0.139444,0.428069,0.842229,-0.530438,-0.094683,0.017904,0.069070,1.843793,1.000000,0.106199,2.152771
3.145000,0.373010,-0.138978,0.428096,0.842468,-0.530051,-0.094723,0.017925,0.069071,1.843269,1.000000,0.105811,2.138496
3.150000,0.373117,-0.138504,0.428123,0.842712,-0.529655,-0.094764,0.017948,0.069071,1.842746,1.000000,0.105283,2.124309
3.155000,0.373226,-0.138021,0.428149,0.842960,-0.529252,-0.094805,0.017974,0.069071,1.842227,1.000000,0.104605,2.110182
3.160000,0.373339,-0.137529,0.428175,0.843213,-0.528841,-0.094845,0.018001,0.069071,1.841712,1.000000,0.103787,2.096150
3.165000,0.373454,-0.137028,0.428200,0.843470,-0.528422,-0.094884,0.018030,0.069072,1.841201,1.000000,0.102836,2.082212
3.170000,0.373572,-0.136518,0.428225,0.843732,-0.527996,-0.094922,0.018062,0.069072,1.840695,1.000000,0.101761,2.068423
3.175000,0.373693,-0.136000,0.428250,0.843999,-0.527562,-0.094959,0.018095,0.069072,1.840196,1.000000,0.100564,2.054760
3.180000,0.373817,-0.135474,0.428274,0.844270,-0.527120,-0.094995,0.018131,0.069072,1.839703,1.000000,0.099175,2.040605
3.185000,0.373943,-0.134939,0.428298,0.844545,-0.526671,-0.095030,0.018170,0.069072,1.839217,1.000000,0.097679,2.026557
3.190000,0.374072,-0.134395,0.428321,0.844825,-0.526214,-0.095063,0.018211,0.069073,1.838740,1.000000,0.096074,2.012625
3.195000,0.374203,-0.133844,0.428344,0.845110,-0.525750,-0.095095,0.018255,0.069073,1.838271,1.000000,0.094361,1.998802
3.200000,0.374337,-0.133284,0.428367,0.845398,-0.525280,-0.095126,0.018301,0.069073,1.837811,1.000000,0.092537,1.985089
3.205000,0.374474,-0.132716,0.428390,0.845690,-0.524802,-0.095154,0.018351,0.069073,1.837360,1.000000,0.090598,1.971439
3.210000,0.374612,-0.132140,0.428412,0.845987,-0.524317,-0.095181,0.018404,0.069074,1.836920,1.000000,0.088554,1.957721
3.215000,0.374753,-0.131557,0.428435,0.846287,-0.523825,-0.095207,0.018460,0.069074,1.836490,1.000000,0.086418,1.944114
3.220000,0.374895,-0.130965,0.428457,0.846591,-0.523327,-0.095231,0.018520,0.069074,1.836071,1.000000,0.084188,1.930655
3.225000,0.375040,-0.130366,0.428479,0.846899,-0.522823,-0.095253,0.018583,0.069074,1.835664,1.000000,0.081864,1.917347
3.230000,0.375186,-0.129760,0.428501,0.847210,-0.522313,-0.095273,0.018650,0.069075,1.835269,1.000000,0.079440,1.904159
3.235000,0.375334,-0.129147,0.428524,0.847524,-0.521796,-0.095292,0.018721,0.069075,1.834886,1.000000,0.076917,1.891094
3.240000,0.375483,-0.128526,0.428546,0.847842,-0.521274,-0.095309,0.018795,0.069075,1.834516,1.000000,0.074296,1.878170
3.245000,0.375634,-0.127899,0.428568,0.848163,-0.520746,-0.095324,0.018874,0.069075,1.834160,1.000000,0.071625,1.865312
3.250000,0.375787,-0.127265,0.428591,0.848487,-0.520213,-0.095337,0.018956,0.069076,1.833817,1.000000,0.068880,1.852574
3.255000,0.375940,-0.126624,0.428614,0.848814,-0.519674,-0.095348,0.019043,0.069076,1.833488,1.000000,0.066050,1.839917
3.260000,0.376094,-0.125976,0.428637,0.849144,-0.519130,-0.095358,0.019134,0.069076,1.833174,1.000000,0.063136,1.827373
3.265000,0.376250,-0.125323,0.428660,0.849476,-0.518581,-0.095365,0.019228,0.069076,1.832875,1.000000,0.060137,1.814957
3.270000,0.376406,-0.124663,0.428683,0.849811,-0.518027,-0.095371,0.019327,0.069076,1.832591,1.000000,0.057055,1.802694
3.275000,0.376563,-0.123998,0.428707,0.850148,-0.517469,-0.095375,0.019430,0.069077,1.832322,1.000000,0.053893,1.790608
3.280000,0.376720,-0.123326,0.428731,0.850488,-0.516906,-0.095376,0.019538,0.069077,1.832070,1.000000,0.050612,1.778276
3.285000,0.376878,-0.122650,0.428755,0.850830,-0.516339,-0.095376,0.019649,0.069077,1.831835,1.000000,0.047268,1.766080
3.290000,0.377037,-0.121967,0.428780,0.851174,-0.515767,-0.095374,0.019764,0.069077,1.831616,1.000000,0.043858,1.754032
3.295000,0.377196,-0.121279,0.428805,0.851520,-0.515192,-0.095369,0.019884,0.069078,1.831415,1.000000,0.040378,1.742129
3.300000,0.377355,-0.120587,0.428831,0.851868,-0.514613,-0.095363,0.020007,0.069078,1.831232,1.000000,0.036828,1.730371
3.305000,0.377514,-0.119889,0.428857,0.852218,-0.514029,-0.095354,0.020134,0.069078,1.831067,1.000000,0.033208,1.718772
3.310000,0.377673,-0.119186,0.428884,0.852570,-0.513442,-0.095344,0.020265,0.069078,1.830920,1.000000,0.029519,1.707332
3.315000,0.377833,-0.118479,0.428911,0.852924,-0.512852,-0.095331,0.020400,0.069078,1.830791,1.000000,0.025736,1.695673
3.320000,0.377992,-0.117767,0.428939,0.853279,-0.512258,-0.095316,0.020538,0.069079,1.830682,1.000000,0.021907,1.684155
3.325000,0.378151,-0.117051,0.428967,0.853635,-0.511661,-0.095299,0.020680,0.069079,1.830593,1.000000,0.018023,1.672738
3.330000,0.378310,-0.116330,0.428996,0.853993,-0.511061,-0.095280,0.020826,0.069079,1.830523,1.000000,0.014086,1.661485
3.335000,0.378469,-0.115606,0.429025,0.854353,-0.510458,-0.095258,0.020975,0.069079,1.830472,1.000000,0.010096,1.650399
3.340000,0.378627,-0.114877,0.429056,0.854713,-0.509852,-0.095234,0.021127,0.069079,1.830442,1.000000,0.006063,1.639543
3.345000,0.378784,-0.114145,0.429087,0.855075,-0.509243,-0.095208,0.021283,0.069080,1.830433,1.000000,0.001978,1.628876
3.350000,0.378941,-0.113409,0.429118,0.855438,-0.508632,-0.095180,0.021442,0.069080,1.830441,1.000000,-0.002123,1.618039
3.355000,0.379098,-0.112670,0.429151,0.855802,-0.508018,-0.095150,0.021604,0.069080,1.830467,1.000000,-0.006235,1.607380
3.360000,0.379253,-0.111927,0.429184,0.856167,-0.507402,-0.095117,0.021770,0.069080,1.830508,1.000000,-0.010369,1.596904
3.365000,0.379407,-0.111181,0.429219,0.856532,-0.506784,-0.095083,0.021938,0.069081,1.830566,1.000000,-0.014532,1.586609
3.370000,0.379561,-0.110432,0.429254,0.856899,-0.506164,-0.095046,0.022109,0.069081,1.830642,1.000000,-0.018728,1.576495
3.375000,0.379713,-0.109680,0.429290,0.857266,-0.505542,-0.095007,0.022283,0.069081,1.830734,1.000000,-0.022969,1.566498
3.380000,0.379864,-0.108925,0.429327,0.857633,-0.504918,-0.094967,0.022459,0.069081,1.830843,1.000000,-0.027325,1.555825
3.385000,0.380014,-0.108168,0.429366,0.858001,-0.504293,-0.094924,0.022638,0.069081,1.830970,1.000000,-0.031678,1.545356
3.390000,0.380163,-0.107407,0.429405,0.858370,-0.503665,-0.094879,0.022818,0.069082,1.831114,1.000000,-0.036033,1.535139
3.395000,0.380309,-0.106643,0.429445,0.858738,-0.503037,-0.094833,0.023001,0.069082,1.831276,1.000000,-0.040403,1.525158
3.400000,0.380455,-0.105877,0.429487,0.859108,-0.502407,-0.094784,0.023185,0.069082,1.831455,1.000000,-0.044799,1.515394
3.405000,0.380599,-0.105109,0.429530,0.859477,-0.501775,-0.094734,0.023371,0.069082,1.831652,1.000000,-0.049225,1.505849
3.410000,0.380741,-0.104338,0.429574,0.859847,-0.501143,-0.094682,0.023558,0.069082,1.831867,1.000000,-0.053679,1.496522
3.415000,0.380881,-0.103564,0.429619,0.860217,-0.500509,-0.094628,0.023746,0.069083,1.832100,1.000000,-0.058272,1.486167
3.420000,0.381020,-0.102788,0.429665,0.860587,-0.499874,-0.094573,0.023935,0.069083,1.832352,1.000000,-0.062841,1.476061
3.425000,0.381157,-0.102009,0.429713,0.860957,-0.499238,-0.094516,0.024125,0.069083,1.832622,1.000000,-0.067416,1.466134
3.430000,0.381292,-0.101228,0.429762,0.861327,-0.498600,-0.094458,0.024315,0.069083,1.832910,1.000000,-0.072004,1.456458
3.435000,0.381424,-0.100445,0.429813,0.861697,-0.497962,-0.094399,0.024506,0.069083,1.833217,1.000000,-0.076613,1.447046
3.440000,0.381555,-0.099659,0.429864,0.862067,-0.497323,-0.094339,0.024696,0.069084,1.833542,1.000000,-0.081243,1.437931
3.445000,0.381684,-0.098870,0.429917,0.862437,-0.496683,-0.094277,0.024886,0.069084,1.833886,1.000000,-0.085897,1.429119
3.450000,0.381810,-0.098080,0.429972,0.862808,-0.496042,-0.094214,0.025076,0.069084,1.834248,1.000000,-0.090562,1.419221
3.455000,0.381934,-0.097287,0.430027,0.863178,-0.495401,-0.094150,0.025266,0.069084,1.834630,1.000000,-0.095171,1.409601
3.460000,0.382055,-0.096491,0.430085,0.863547,-0.494759,-0.094086,0.025455,0.069084,1.835029,1.000000,-0.099763,1.400209
3.465000,0.382174,-0.095693,0.430143,0.863917,-0.494116,-0.094022,0.025643,0.069085,1.835447,1.000000,-0.104353,1.391115
3.470000,0.382291,-0.094893,0.430203,0.864286,-0.493472,-0.093957,0.025830,0.069085,1.835883,1.000000,-0.108957,1.382324
3.475000,0.382404,-0.094091,0.430264,0.864655,-0.492828,-0.093892,0.026016,0.069085,1.836338,1.000000,-0.113579,1.373864
3.480000,0.382515,-0.093286,0.430327,0.865023,-0.492184,-0.093827,0.026200,0.069085,1.836811,1.000000,-0.118228,1.365727
3.485000,0.382624,-0.092479,0.430391,0.865391,-0.491539,-0.093762,0.026384,0.069085,1.837303,1.000000,-0.122865,1.356524
3.490000,0.382729,-0.091670,0.430456,0.865759,-0.490894,-0.093697,0.026566,0.069085,1.837814,1.000000,-0.127446,1.347642
3.495000,0.382831,-0.090858,0.430523,0.866126,-0.490249,-0.093633,0.026746,0.069086,1.838343,1.000000,-0.132005,1.339080
3.500000,0.382930,-0.090044,0.430591,0.866492,-0.489603,-0.093569,0.026925,0.069086,1.838890,1.000000,-0.136566,1.330857
3.505000,0.383026,-0.089228,0.430660,0.866858,-0.488957,-0.093506,0.027101,0.069086,1.839455,1.000000,-0.141144,1.322979
3.510000,0.383119,-0.088410,0.430731,0.867223,-0.488311,-0.093444,0.027276,0.069086,1.840039,1.000000,-0.145746,1.315443
3.515000,0.383209,-0.087590,0.430803,0.867588,-0.487665,-0.093382,0.027449,0.069086,1.840641,1.000000,-0.150372,1.308264
3.520000,0.383296,-0.086768,0.430876,0.867952,-0.487018,-0.093321,0.027620,0.069087,1.841261,1.000000,-0.154926,1.300822
3.525000,0.383379,-0.085943,0.430949,0.868316,-0.486372,-0.093261,0.027789,0.069087,1.841900,1.000000,-0.159447,1.293704
3.530000,0.383459,-0.085117,0.431024,0.868679,-0.485726,-0.093202,0.027955,0.069087,1.842557,1.000000,-0.163952,1.286927
3.535000,0.383535,-0.084289,0.431100,0.869041,-0.485079,-0.093143,0.028118,0.069087,1.843231,1.000000,-0.168449,1.280530
3.540000,0.383607,-0.083460,0.431176,0.869402,-0.484433,-0.093085,0.028279,0.069087,1.843924,1.000000,-0.172946,1.274522
3.545000,0.383676,-0.082628,0.431253,0.869762,-0.483788,-0.093028,0.028437,0.069087,1.844635,1.000000,-0.177440,1.268920
3.550000,0.383741,-0.081796,0.431330,0.870122,-0.483142,-0.092971,0.028592,0.069088,1.845363,1.000000,-0.181746,1.263521
3.555000,0.383802,-0.080962,0.431407,0.870481,-0.482498,-0.092915,0.028744,0.069088,1.846108,1.000000,-0.186010,1.258504
3.560000,0.383860,-0.080126,0.431485,0.870839,-0.481853,-0.092858,0.028893,0.069088,1.846870,1.000000,-0.190249,1.253850
3.565000,0.383913,-0.079290,0.431563,0.871195,-0.481210,-0.092803,0.029039,0.069088,1.847649,1.000000,-0.194476,1.249581
3.570000,0.383962,-0.078452,0.431642,0.871551,-0.480567,-0.092747,0.029181,0.069088,1.848445,1.000000,-0.198702,1.245705
3.575000,0.384007,-0.077614,0.431720,0.871906,-0.479925,-0.092692,0.029321,0.069089,1.849258,1.000000,-0.202936,1.242205
3.580000,0.384048,-0.076774,0.431798,0.872260,-0.479284,-0.092637,0.029457,0.069089,1.850088,1.000000,-0.207186,1.239075
3.585000,0.384085,-0.075934,0.431877,0.872613,-0.478644,-0.092582,0.029590,0.069089,1.850934,1.000000,-0.211244,1.235651
3.590000,0.384117,-0.075094,0.431955,0.872965,-0.478004,-0.092527,0.029719,0.069089,1.851797,1.000000,-0.215236,1.232624
3.595000,0.384146,-0.074253,0.432032,0.873315,-0.477366,-0.092473,0.029845,0.069089,1.852675,1.000000,-0.219174,1.230000
3.600000,0.384169,-0.073411,0.432110,0.873665,-0.476729,-0.092419,0.029967,0.069089,1.853569,1.000000,-0.223091,1.227777
3.605000,0.384189,-0.072568,0.432186,0.874013,-0.476094,-0.092365,0.030086,0.069090,1.854478,1.000000,-0.227000,1.225956
3.610000,0.384204,-0.071726,0.432262,0.874360,-0.475459,-0.092311,0.030200,0.069090,1.855403,1.000000,-0.230908,1.224524
3.615000,0.384215,-0.070883,0.432338,0.874706,-0.474826,-0.092258,0.030311,0.069090,1.856344,1.000000,-0.234823,1.223489
3.620000,0.384221,-0.070040,0.432413,0.875050,-0.474194,-0.092204,0.030418,0.069090,1.857301,1.000000,-0.238703,1.222490
3.625000,0.384223,-0.069197,0.432486,0.875394,-0.473563,-0.092152,0.030520,0.069090,1.858272,1.000000,-0.242564,1.221897
3.630000,0.384221,-0.068353,0.432559,0.875736,-0.472934,-0.092099,0.030618,0.069090,1.859260,1.000000,-0.246427,1.221687
3.635000,0.384214,-0.067510,0.432631,0.876077,-0.472306,-0.092047,0.030711,0.069090,1.860263,1.000000,-0.250293,1.221900
3.640000,0.384203,-0.066666,0.432702,0.876417,-0.471679,-0.091995,0.030799,0.069091,1.861281,1.000000,-0.254171,1.222537
3.645000,0.384187,-0.065822,0.432771,0.876756,-0.471054,-0.091943,0.030883,0.069091,1.862315,1.000000,-0.258055,1.223585
3.650000,0.384167,-0.064978,0.432839,0.877093,-0.470430,-0.091892,0.030962,0.069091,1.863364,1.000000,-0.261957,1.225052
3.655000,0.384143,-0.064134,0.432906,0.877430,-0.469807,-0.091841,0.031036,0.069091,1.864429,1.000000,-0.265825,1.227358
3.660000,0.384115,-0.063291,0.432972,0.877765,-0.469185,-0.091790,0.031105,0.069091,1.865509,1.000000,-0.269722,1.230062
3.665000,0.384083,-0.062447,0.433036,0.878100,-0.468565,-0.091739,0.031168,0.069091,1.866605,1.000000,-0.273649,1.233160
3.670000,0.384047,-0.061604,0.433100,0.878433,-0.467946,-0.091688,0.031227,0.069092,1.867717,1.000000,-0.277603,1.236669
3.675000,0.384007,-0.060760,0.433161,0.878766,-0.467328,-0.091637,0.031280,0.069092,1.868845,1.000000,-0.281583,1.240582
3.680000,0.383963,-0.059917,0.433222,0.879097,-0.466711,-0.091585,0.031327,0.069092,1.869988,1.000000,-0.285580,1.244878
3.685000,0.383915,-0.059075,0.433281,0.879428,-0.466095,-0.091533,0.031370,0.069092,1.871148,1.000000,-0.289605,1.249571
3.690000,0.383864,-0.058233,0.433339,0.879757,-0.465480,-0.091481,0.031406,0.069092,1.872323,1.000000,-0.293458,1.254629
3.695000,0.383809,-0.057391,0.433396,0.880086,-0.464867,-0.091429,0.031438,0.069092,1.873514,1.000000,-0.297301,1.260042
3.700000,0.383750,-0.056549,0.433452,0.880414,-0.464254,-0.091376,0.031464,0.069092,1.874720,1.000000,-0.301144,1.265812
3.705000,0.383688,-0.055709,0.433506,0.880740,-0.463643,-0.091323,0.031484,0.069093,1.875941,1.000000,-0.304993,1.271943
3.710000,0.383622,-0.054868,0.433559,0.881066,-0.463033,-0.091270,0.031499,0.069093,1.877178,1.000000,-0.308857,1.278421
3.715000,0.383552,-0.054029,0.433612,0.881391,-0.462425,-0.091216,0.031508,0.069093,1.878430,1.000000,-0.312745,1.285234
3.720000,0.383479,-0.053190,0.433663,0.881715,-0.461818,-0.091162,0.031511,0.069093,1.879697,1.000000,-0.316508,1.291971
3.725000,0.383403,-0.052352,0.433713,0.882038,-0.461211,-0.091108,0.031509,0.069093,1.880980,1.000000,-0.320249,1.299043
3.730000,0.383323,-0.051515,0.433761,0.882360,-0.460607,-0.091053,0.031501,0.069093,1.882277,1.000000,-0.323968,1.306419
3.735000,0.383239,-0.050678,0.433809,0.882680,-0.460003,-0.090998,0.031487,0.069093,1.883589,1.000000,-0.327686,1.314115
3.740000,0.383153,-0.049842,0.433856,0.883000,-0.459401,-0.090943,0.031467,0.069094,1.884916,1.000000,-0.331411,1.322127
3.745000,0.383063,-0.049008,0.433902,0.883319,-0.458801,-0.090888,0.031442,0.069094,1.886258,1.000000,-0.335148,1.330442
3.750000,0.382970,-0.048174,0.433946,0.883637,-0.458201,-0.090833,0.031410,0.069094,1.887615,1.000000,-0.338901,1.339056
3.755000,0.382873,-0.047342,0.433990,0.883954,-0.457603,-0.090777,0.031373,0.069094,1.888987,1.000000,-0.342641,1.348131
3.760000,0.382774,-0.046510,0.434032,0.884270,-0.457006,-0.090721,0.031330,0.069094,1.890373,1.000000,-0.346419,1.357487
3.765000,0.382672,-0.045680,0.434074,0.884585,-0.456411,-0.090665,0.031281,0.069094,1.891775,1.000000,-0.350237,1.367118
3.770000,0.382567,-0.044851,0.434115,0.884899,-0.455816,-0.090609,0.031227,0.069094,1.893193,1.000000,-0.354083,1.377023
3.775000,0.382460,-0.044023,0.434155,0.885213,-0.455223,-0.090552,0.031167,0.069095,1.894626,1.000000,-0.357956,1.387196
3.780000,0.382350,-0.043197,0.434194,0.885525,-0.454630,-0.090494,0.031101,0.069095,1.896074,1.000000,-0.361845,1.397611
3.785000,0.382238,-0.042372,0.434233,0.885837,-0.454038,-0.090436,0.031030,0.069095,1.897538,1.000000,-0.365754,1.408274
3.790000,0.382123,-0.041548,0.434270,0.886148,-0.453448,-0.090378,0.030953,0.069095,1.899017,1.000000,-0.369531,1.419477
3.795000,0.382006,-0.040726,0.434308,0.886459,-0.452858,-0.090319,0.030871,0.069095,1.900511,1.000000,-0.373349,1.430886
3.800000,0.381888,-0.039906,0.434344,0.886769,-0.452269,-0.090258,0.030785,0.069095,1.902021,1.000000,-0.377200,1.442492
3.805000,0.381767,-0.039088,0.434381,0.887078,-0.451681,-0.090197,0.030693,0.069095,1.903546,1.000000,-0.381079,1.454300
3.810000,0.381645,-0.038272,0.434417,0.887386,-0.451093,-0.090134,0.030597,0.069096,1.905087,1.000000,-0.384979,1.466303
3.815000,0.381522,-0.037458,0.434453,0.887695,-0.450506,-0.090070,0.030497,0.069096,1.906643,1.000000,-0.388901,1.478495
3.820000,0.381397,-0.036645,0.434488,0.888002,-0.449920,-0.090005,0.030391,0.069096,1.908215,1.000000,-0.392839,1.490874
3.825000,0.381271,-0.035835,0.434524,0.888309,-0.449334,-0.089938,0.030282,0.069096,1.909801,1.000000,-0.396431,1.503050
3.830000,0.381144,-0.035028,0.434559,0.888615,-0.448749,-0.089870,0.030169,0.069096,1.911402,1.000000,-0.399999,1.515365
3.835000,0.381015,-0.034222,0.434595,0.888921,-0.448165,-0.089800,0.030052,0.069096,1.913017,1.000000,-0.403551,1.527819
3.840000,0.380886,-0.033420,0.434631,0.889227,-0.447581,-0.089728,0.029933,0.069096,1.914646,1.000000,-0.407091,1.540407
3.845000,0.380756,-0.032620,0.434668,0.889531,-0.446998,-0.089654,0.029810,0.069096,1.916289,1.000000,-0.410620,1.553120
3.850000,0.380626,-0.031824,0.434705,0.889836,-0.446416,-0.089578,0.029684,0.069097,1.917946,1.000000,-0.414135,1.565943
3.855000,0.380495,-0.031030,0.434742,0.890139,-0.445834,-0.089500,0.029555,0.069097,1.919617,1.000000,-0.417643,1.578890
3.860000,0.380364,-0.030239,0.434780,0.890443,-0.445253,-0.089421,0.029423,0.069097,1.921301,1.000000,-0.420746,1.590987
3.865000,0.380232,-0.029451,0.434819,0.890745,-0.444673,-0.089339,0.029289,0.069097,1.922997,1.000000,-0.423762,1.603160
3.870000,0.380101,-0.028667,0.434859,0.891047,-0.444093,-0.089255,0.029154,0.069097,1.924705,1.000000,-0.426719,1.615419
3.875000,0.379969,-0.027887,0.434899,0.891348,-0.443515,-0.089168,0.029016,0.069097,1.926425,1.000000,-0.429632,1.627764
3.880000,0.379837,-0.027110,0.434940,0.891649,-0.442937,-0.089080,0.028877,0.069097,1.928156,1.000000,-0.432513,1.640211
3.885000,0.379705,-0.026337,0.434983,0.891949,-0.442360,-0.088989,0.028737,0.069097,1.929899,1.000000,-0.435369,1.652756
3.890000,0.379574,-0.025567,0.435026,0.892248,-0.441784,-0.088897,0.028595,0.069098,1.931651,1.000000,-0.437829,1.664073
3.895000,0.379443,-0.024802,0.435070,0.892546,-0.441209,-0.088802,0.028453,0.069098,1.933414,1.000000,-0.440162,1.675452
3.900000,0.379312,-0.024041,0.435115,0.892844,-0.440635,-0.088706,0.028310,0.069098,1.935185,1.000000,-0.442400,1.686875
3.905000,0.379181,-0.023285,0.435161,0.893141,-0.440063,-0.088607,0.028167,0.069098,1.936965,1.000000,-0.444571,1.698363
3.910000,0.379052,-0.022532,0.435208,0.893436,-0.439491,-0.088507,0.028023,0.069098,1.938754,1.000000,-0.446688,1.709913
3.915000,0.378922,-0.021784,0.435256,0.893731,-0.438921,-0.088405,0.027879,0.069098,1.940551,1.000000,-0.448761,1.721521
3.920000,0.378793,-0.021041,0.435305,0.894025,-0.438352,-0.088301,0.027736,0.069098,1.942356,1.000000,-0.450799,1.733189
3.925000,0.378665,-0.020302,0.435354,0.894318,-0.437784,-0.088196,0.027592,0.069098,1.944167,1.000000,-0.452386,1.743240
3.930000,0.378538,-0.019568,0.435405,0.894610,-0.437217,-0.088090,0.027448,0.069098,1.945985,1.000000,-0.453809,1.753341
3.935000,0.378411,-0.018838,0.435456,0.894901,-0.436652,-0.087983,0.027306,0.069099,1.947808,1.000000,-0.455114,1.763493
3.940000,0.378285,-0.018113,0.435508,0.895191,-0.436088,-0.087874,0.027164,0.069099,1.949636,1.000000,-0.456332,1.773693
3.945000,0.378160,-0.017394,0.435560,0.895480,-0.435526,-0.087765,0.027023,0.069099,1.951469,1.000000,-0.457483,1.783941
3.950000,0.378036,-0.016679,0.435613,0.895767,-0.434966,-0.087655,0.026883,0.069099,1.953306,1.000000,-0.458580,1.794226
3.955000,0.377913,-0.015969,0.435667,0.896053,-0.434407,-0.087544,0.026743,0.069099,1.955148,1.000000,-0.459634,1.804557
3.960000,0.377791,-0.015264,0.435721,0.896338,-0.433849,-0.087433,0.026605,0.069099,1.956992,1.000000,-0.460150,1.812945
3.965000,0.377670,-0.014564,0.435775,0.896622,-0.433294,-0.087322,0.026468,0.069099,1.958837,1.000000,-0.460484,1.821373
3.970000,0.377550,-0.013870,0.435829,0.896904,-0.432740,-0.087210,0.026333,0.069099,1.960683,1.000000,-0.460688,1.829838
3.975000,0.377431,-0.013181,0.435884,0.897185,-0.432188,-0.087098,0.026200,0.069099,1.962530,1.000000,-0.460795,1.838339
3.980000,0.377313,-0.012498,0.435938,0.897465,-0.431638,-0.086987,0.026068,0.069100,1.964378,1.000000,-0.460828,1.846878
3.985000,0.377196,-0.011819,0.435992,0.897743,-0.431090,-0.086875,0.025938,0.069100,1.966225,1.000000,-0.460803,1.855459
3.990000,0.377081,-0.011147,0.436046,0.898019,-0.430544,-0.086764,0.025809,0.069100,1.968072,1.000000,-0.460732,1.864075
3.995000,0.376966,-0.010480,0.436100,0.898294,-0.429999,-0.086653,0.025682,0.069100,1.969917,1.000000,-0.460245,1.871189
4.000000,0.376854,-0.009818,0.436153,0.898567,-0.429457,-0.086543,0.025558,0.069100,1.971760,1.000000,-0.459621,1.878331
4.005000,0.376742,-0.009162,0.436205,0.898839,-0.428918,-0.086433,0.025435,0.069100,1.973600,1.000000,-0.458897,1.885501
4.010000,0.376632,-0.008512,0.436257,0.899110,-0.428380,-0.086324,0.025314,0.069100,1.975437,1.000000,-0.458098,1.892700
4.015000,0.376523,-0.007867,0.436307,0.899378,-0.427844,-0.086216,0.025195,0.069100,1.977271,1.000000,-0.457243,1.899928
4.020000,0.376416,-0.007229,0.436357,0.899645,-0.427311,-0.086108,0.025079,0.069100,1.979101,1.000000,-0.456343,1.907186
4.025000,0.376310,-0.006595,0.436405,0.899911,-0.426780,-0.086002,0.024964,0.069100,1.980927,1.000000,-0.455409,1.914471
4.030000,0.376206,-0.005968,0.436453,0.900174,-0.426251,-0.085897,0.024851,0.069100,1.982749,1.000000,-0.454267,1.921041
4.035000,0.376103,-0.005346,0.436498,0.900437,-0.425724,-0.085793,0.024740,0.069101,1.984567,1.000000,-0.453054,1.927604
4.040000,0.376003,-0.004730,0.436543,0.900697,-0.425200,-0.085691,0.024631,0.069101,1.986379,1.000000,-0.451795,1.934191
4.045000,0.375904,-0.004120,0.436586,0.900956,-0.424678,-0.085590,0.024524,0.069101,1.988186,1.000000,-0.450506,1.940801
4.050000,0.375806,-0.003515,0.436627,0.901213,-0.424158,-0.085490,0.024418,0.069101,1.989988,1.000000,-0.449198,1.947459
4.055000,0.375711,-0.002916,0.436667,0.901469,-0.423640,-0.085392,0.024315,0.069101,1.991784,1.000000,-0.447879,1.954158
4.060000,0.375617,-0.002322,0.436704,0.901723,-0.423124,-0.085295,0.024213,0.069101,1.993575,1.000000,-0.446372,1.960221
4.065000,0.375526,-0.001734,0.436740,0.901976,-0.422610,-0.085200,0.024114,0.069101,1.995359,1.000000,-0.444825,1.966306
4.070000,0.375436,-0.001152,0.436774,0.902226,-0.422099,-0.085107,0.024016,0.069101,1.997138,1.000000,-0.443253,1.972417
4.075000,0.375349,-0.000575,0.436806,0.902476,-0.421590,-0.085015,0.023920,0.069101,1.998909,1.000000,-0.441670,1.978547
4.080000,0.375263,-0.000004,0.436836,0.902723,-0.421083,-0.084924,0.023827,0.069101,2.000675,1.000000,-0.440082,1.984696
4.085000,0.375180,0.000562,0.436864,0.902970,-0.420578,-0.084836,0.023735,0.069101,2.002434,1.000000,-0.438495,1.990859
4.090000,0.375099,0.001123,0.436890,0.903214,-0.420075,-0.084749,0.023645,0.069102,2.004187,1.000000,-0.436915,1.997040
4.095000,0.375020,0.001678,0.436913,0.903457,-0.419574,-0.084664,0.023557,0.069102,2.005933,1.000000,-0.435115,2.002383
4.100000,0.374943,0.002228,0.436935,0.903699,-0.419075,-0.084581,0.023471,0.069102,2.007671,1.000000,-0.433276,2.007746
4.105000,0.374868,0.002773,0.436954,0.903939,-0.418579,-0.084499,0.023387,0.069102,2.009402,1.000000,-0.431419,2.013130
4.110000,0.374796,0.003312,0.436971,0.904177,-0.418084,-0.084419,0.023305,0.069102,2.011125,1.000000,-0.429557,2.018528
4.115000,0.374726,0.003846,0.436986,0.904414,-0.417592,-0.084340,0.023225,0.069102,2.012841,1.000000,-0.427700,2.023938
4.120000,0.374659,0.004375,0.436998,0.904649,-0.417102,-0.084263,0.023148,0.069102,2.014550,1.000000,-0.425854,2.029365
4.125000,0.374593,0.004898,0.437009,0.904883,-0.416613,-0.084188,0.023072,0.069102,2.016251,1.000000,-0.424026,2.034805
4.130000,0.374530,0.005417,0.437017,0.905115,-0.416127,-0.084115,0.022999,0.069102,2.017945,1.000000,-0.422111,2.039816
4.135000,0.374470,0.005930,0.437023,0.905346,-0.415643,-0.084043,0.022927,0.069102,2.019631,1.000000,-0.420205,2.044842
4.140000,0.374412,0.006439,0.437027,0.905576,-0.415161,-0.083973,0.022858,0.069102,2.021309,1.000000,-0.418318,2.049882
4.145000,0.374356,0.006943,0.437029,0.905803,-0.414681,-0.083905,0.022791,0.069102,2.022980,1.000000,-0.416456,2.054931
4.150000,0.374303,0.007441,0.437028,0.906030,-0.414203,-0.083838,0.022726,0.069103,2.024643,1.000000,-0.414623,2.059991
4.155000,0.374252,0.007935,0.437026,0.906255,-0.413727,-0.083773,0.022663,0.069103,2.026299,1.000000,-0.412824,2.065062
4.160000,0.374203,0.008425,0.437021,0.906479,-0.413253,-0.083709,0.022603,0.069103,2.027948,1.000000,-0.411061,2.070143
4.165000,0.374157,0.008910,0.437014,0.906701,-0.412781,-0.083647,0.022544,0.069103,2.029590,1.000000,-0.409303,2.075088
4.170000,0.374114,0.009390,0.437006,0.906922,-0.412311,-0.083587,0.022487,0.069103,2.031225,1.000000,-0.407585,2.080054
4.175000,0.374073,0.009866,0.436995,0.907142,-0.411842,-0.083529,0.022433,0.069103,2.032854,1.000000,-0.405911,2.085031
4.180000,0.374034,0.010338,0.436982,0.907360,-0.411375,-0.083472,0.022380,0.069103,2.034475,1.000000,-0.404283,2.090015
4.185000,0.373997,0.010806,0.436968,0.907577,-0.410910,-0.083416,0.022330,0.069103,2.036090,1.000000,-0.402705,2.095011
4.190000,0.373963,0.011269,0.436951,0.907793,-0.410447,-0.083363,0.022281,0.069103,2.037699,1.000000,-0.401177,2.100022
4.195000,0.373932,0.011729,0.436933,0.908007,-0.409985,-0.083311,0.022234,0.069103,2.039303,1.000000,-0.399702,2.105041
4.200000,0.373902,0.012185,0.436913,0.908221,-0.409525,-0.083261,0.022190,0.069103,2.040900,1.000000,-0.398274,2.110054
4.205000,0.373875,0.012637,0.436892,0.908433,-0.409066,-0.083213,0.022147,0.069103,2.042491,1.000000,-0.396900,2.115093
4.210000,0.373850,0.013086,0.436869,0.908644,-0.408609,-0.083167,0.022107,0.069103,2.044078,1.000000,-0.395582,2.120139
4.215000,0.373827,0.013531,0.436844,0.908853,-0.408153,-0.083122,0.022068,0.069103,2.045659,1.000000,-0.394321,2.125192
4.220000,0.373806,0.013973,0.436818,0.909062,-0.407699,-0.083079,0.022031,0.069104,2.047235,1.000000,-0.393118,2.130255
4.225000,0.373788,0.014412,0.436790,0.909270,-0.407246,-0.083038,0.021995,0.069104,2.048806,1.000000,-0.391974,2.135326
4.230000,0.373771,0.014847,0.436761,0.909476,-0.406795,-0.082999,0.021962,0.069104,2.050373,1.000000,-0.390873,2.140296
4.235000,0.373756,0.015280,0.436731,0.909681,-0.406345,-0.082962,0.021930,0.069104,2.051936,1.000000,-0.389823,2.145276
4.240000,0.373743,0.015710,0.436699,0.909886,-0.405896,-0.082927,0.021900,0.069104,2.053495,1.000000,-0.388827,2.150278
4.245000,0.373732,0.016138,0.436666,0.910089,-0.405449,-0.082895,0.021872,0.069104,2.055050,1.000000,-0.387886,2.155286
4.250000,0.373722,0.016562,0.436633,0.910291,-0.405003,-0.082864,0.021845,0.069104,2.056601,1.000000,-0.387001,2.160301
4.255000,0.373715,0.016985,0.436598,0.910492,-0.404558,-0.082835,0.021819,0.069104,2.058148,1.000000,-0.386174,2.165339
4.260000,0.373708,0.017405,0.436562,0.910692,-0.404114,-0.082808,0.021795,0.069104,2.059693,1.000000,-0.385406,2.170387
4.265000,0.373703,0.017823,0.436525,0.910891,-0.403671,-0.082784,0.021772,0.069104,2.061234,1.000000,-0.384589,2.174975
4.270000,0.373700,0.018239,0.436487,0.911089,-0.403230,-0.082762,0.021751,0.069104,2.062772,1.000000,-0.383785,2.179576
4.275000,0.373697,0.018653,0.436448,0.911286,-0.402789,-0.082742,0.021731,0.069104,2.064307,1.000000,-0.383004,2.184193
4.280000,0.373696,0.019066,0.436409,0.911482,-0.402350,-0.082724,0.021712,0.069104,2.065839,1.000000,-0.382254,2.188816
4.285000,0.373696,0.019476,0.436369,0.911677,-0.401912,-0.082709,0.021695,0.069104,2.067368,1.000000,-0.381539,2.193444
4.290000,0.373697,0.019885,0.436328,0.911871,-0.401476,-0.082696,0.021678,0.069104,2.068894,1.000000,-0.380867,2.198132
4.295000,0.373699,0.020292,0.436286,0.912064,-0.401040,-0.082686,0.021662,0.069104,2.070418,1.000000,-0.380237,2.202827
4.300000,0.373701,0.020698,0.436244,0.912256,-0.400606,-0.082677,0.021648,0.069105,2.071938,1.000000,-0.379538,2.207035
4.305000,0.373704,0.021102,0.436201,0.912447,-0.400173,-0.082671,0.021634,0.069105,2.073456,1.000000,-0.378832,2.211235
4.310000,0.373708,0.021505,0.436158,0.912637,-0.399741,-0.082668,0.021621,0.069105,2.074971,1.000000,-0.378100,2.215430
4.315000,0.373712,0.021907,0.436114,0.912826,-0.399311,-0.082667,0.021608,0.069105,2.076483,1.000000,-0.377317,2.219631
4.320000,0.373715,0.022307,0.436070,0.913013,-0.398882,-0.082667,0.021595,0.069105,2.077992,1.000000,-0.376497,2.223841
4.325000,0.373719,0.022706,0.436024,0.913200,-0.398454,-0.082670,0.021582,0.069105,2.079498,1.000000,-0.375659,2.228081
4.330000,0.373723,0.023103,0.435978,0.913386,-0.398028,-0.082675,0.021569,0.069105,2.081000,1.000000,-0.374821,2.232326
4.335000,0.373727,0.023499,0.435931,0.913570,-0.397604,-0.082682,0.021556,0.069105,2.082498,1.000000,-0.373945,2.236265
4.340000,0.373730,0.023895,0.435883,0.913753,-0.397181,-0.082692,0.021542,0.069105,2.083993,1.000000,-0.373067,2.240217
4.345000,0.373732,0.024289,0.435834,0.913936,-0.396760,-0.082703,0.021527,0.069105,2.085485,1.000000,-0.372203,2.244177
4.350000,0.373734,0.024682,0.435785,0.914117,-0.396341,-0.082717,0.021512,0.069105,2.086973,1.000000,-0.371365,2.248143
4.355000,0.373735,0.025074,0.435734,0.914297,-0.395923,-0.082734,0.021496,0.069105,2.088458,1.000000,-0.370563,2.252123
4.360000,0.373735,0.025466,0.435683,0.914475,-0.395506,-0.082753,0.021479,0.069105,2.089940,1.000000,-0.369803,2.256121
4.365000,0.373734,0.025856,0.435632,0.914653,-0.395092,-0.082775,0.021461,0.069105,2.091419,1.000000,-0.369091,2.260125
4.370000,0.373732,0.026246,0.435580,0.914830,-0.394678,-0.082799,0.021443,0.069105,2.092895,1.000000,-0.368424,2.264021
4.375000,0.373730,0.026636,0.435527,0.915005,-0.394267,-0.082827,0.021423,0.069105,2.094369,1.000000,-0.367795,2.267944
4.380000,0.373726,0.027026,0.435473,0.915180,-0.393856,-0.082858,0.021402,0.069105,2.095840,1.000000,-0.367208,2.271876
4.385000,0.373720,0.027415,0.435419,0.915353,-0.393448,-0.082891,0.021379,0.069105,2.097309,1.000000,-0.366664,2.275817
4.390000,0.373714,0.027804,0.435365,0.915525,-0.393040,-0.082929,0.021355,0.069105,2.098775,1.000000,-0.366170,2.279804
4.395000,0.373706,0.028193,0.435310,0.915696,-0.392634,-0.082969,0.021329,0.069105,2.100240,1.000000,-0.365725,2.283827
4.400000,0.373697,0.028582,0.435254,0.915866,-0.392230,-0.083013,0.021301,0.069105,2.101704,1.000000,-0.365242,2.287447
4.405000,0.373687,0.028971,0.435198,0.916035,-0.391827,-0.083061,0.021271,0.069106,2.103165,1.000000,-0.364759,2.291072
4.410000,0.373674,0.029361,0.435141,0.916203,-0.391425,-0.083113,0.021240,0.069106,2.104624,1.000000,-0.364281,2.294679
4.415000,0.373660,0.029750,0.435084,0.916369,-0.391025,-0.083169,0.021206,0.069106,2.106081,1.000000,-0.363820,2.298297
4.420000,0.373645,0.030140,0.435027,0.916535,-0.390626,-0.083228,0.021169,0.069106,2.107537,1.000000,-0.363384,2.301926
4.425000,0.373627,0.030531,0.434969,0.916699,-0.390229,-0.083292,0.021130,0.069106,2.108991,1.000000,-0.362977,2.305577
4.430000,0.373608,0.030922,0.434911,0.916862,-0.389833,-0.083359,0.021089,0.069106,2.110443,1.000000,-0.362603,2.309243
4.435000,0.373588,0.031313,0.434852,0.917025,-0.389439,-0.083430,0.021046,0.069106,2.111894,1.000000,-0.362305,2.313024
4.440000,0.373565,0.031704,0.434794,0.917185,-0.389046,-0.083505,0.020999,0.069106,2.113344,1.000000,-0.362034,2.316821
4.445000,0.373540,0.032097,0.434735,0.917345,-0.388654,-0.083585,0.020949,0.069106,2.114793,1.000000,-0.361779,2.320637
4.450000,0.373513,0.032490,0.434675,0.917504,-0.388264,-0.083669,0.020897,0.069106,2.116241,1.000000,-0.361538,2.324466
4.455000,0.373485,0.032883,0.434615,0.917662,-0.387876,-0.083757,0.020840,0.069106,2.117688,1.000000,-0.361309,2.328307
4.460000,0.373454,0.033277,0.434554,0.917818,-0.387489,-0.083849,0.020780,0.069106,2.119134,1.000000,-0.361093,2.332184
4.465000,0.373421,0.033672,0.434493,0.917974,-0.387103,-0.083945,0.020717,0.069106,2.120579,1.000000,-0.360892,2.336074
4.470000,0.373386,0.034067,0.434431,0.918128,-0.386718,-0.084046,0.020650,0.069106,2.122024,1.000000,-0.360831,2.340443
4.475000,0.373349,0.034462,0.434369,0.918281,-0.386335,-0.084150,0.020579,0.069106,2.123469,1.000000,-0.360835,2.344829
4.480000,0.373309,0.034859,0.434305,0.918434,-0.385953,-0.084259,0.020505,0.069106,2.124914,1.000000,-0.360888,2.349230
4.485000,0.373267,0.035256,0.434242,0.918585,-0.385572,-0.084371,0.020426,0.069106,2.126359,1.000000,-0.360981,2.353647
4.490000,0.373223,0.035654,0.434177,0.918735,-0.385193,-0.084488,0.020342,0.069106,2.127805,1.000000,-0.361110,2.358075
4.495000,0.373177,0.036052,0.434112,0.918885,-0.384814,-0.084609,0.020255,0.069106,2.129252,1.000000,-0.361268,2.362495
4.500000,0.373129,0.036452,0.434046,0.919033,-0.384437,-0.084734,0.020163,0.069106,2.130699,1.000000,-0.361457,2.366930
4.505000,0.373078,0.036851,0.433979,0.919181,-0.384061,-0.084862,0.020068,0.069106,2.132147,1.000000,-0.361748,2.371758
4.510000,0.373025,0.037252,0.433911,0.919327,-0.383686,-0.084994,0.019968,0.069106,2.133596,1.000000,-0.362114,2.376638
4.515000,0.372970,0.037653,0.433843,0.919473,-0.383311,-0.085130,0.019864,0.069106,2.135047,1.000000,-0.362542,2.381542
4.520000,0.372913,0.038055,0.433774,0.919618,-0.382938,-0.085268,0.019756,0.069106,2.136500,1.000000,-0.363022,2.386460
4.525000,0.372854,0.038457,0.433704,0.919763,-0.382565,-0.085411,0.019643,0.069106,2.137955,1.000000,-0.363547,2.391391
4.530000,0.372793,0.038860,0.433634,0.919906,-0.382193,-0.085556,0.019527,0.069106,2.139413,1.000000,-0.364113,2.396333
4.535000,0.372730,0.039264,0.433563,0.920049,-0.381822,-0.085704,0.019407,0.069106,2.140872,1.000000,-0.364716,2.401290
4.540000,0.372665,0.039668,0.433492,0.920191,-0.381451,-0.085855,0.019283,0.069106,2.142334,1.000000,-0.365439,2.406813
4.545000,0.372599,0.040073,0.433420,0.920333,-0.381081,-0.086009,0.019155,0.069106,2.143800,1.000000,-0.366254,2.412311
4.550000,0.372530,0.040479,0.433347,0.920474,-0.380712,-0.086164,0.019024,0.069106,2.145269,1.000000,-0.367146,2.417819
4.555000,0.372460,0.040885,0.433274,0.920615,-0.380343,-0.086323,0.018889,0.069106,2.146741,1.000000,-0.368104,2.423337
4.560000,0.372388,0.041291,0.433201,0.920755,-0.379974,-0.086483,0.018750,0.069106,2.148218,1.000000,-0.369122,2.428890
4.565000,0.372315,0.041698,0.433128,0.920894,-0.379605,-0.086644,0.018608,0.069106,2.149699,1.000000,-0.370191,2.434469
4.570000,0.372240,0.042106,0.433054,0.921034,-0.379237,-0.086808,0.018463,0.069106,2.151184,1.000000,-0.371334,2.440412
4.575000,0.372164,0.042514,0.432981,0.921172,-0.378869,-0.086973,0.018314,0.069107,2.152674,1.000000,-0.372552,2.446365
4.580000,0.372086,0.042923,0.432907,0.921311,-0.378501,-0.087140,0.018163,0.069107,2.154169,1.000000,-0.373836,2.452336
4.585000,0.372007,0.043332,0.432834,0.921449,-0.378133,-0.087307,0.018008,0.069107,2.155669,1.000000,-0.375177,2.458315
4.590000,0.371927,0.043742,0.432760,0.921587,-0.377764,-0.087476,0.017851,0.069107,2.157175,1.000000,-0.376569,2.464301
4.595000,0.371845,0.044152,0.432687,0.921725,-0.377396,-0.087645,0.017691,0.069107,2.158686,1.000000,-0.378001,2.470250
4.600000,0.371763,0.044563,0.432615,0.921863,-0.377028,-0.087815,0.017529,0.069107,2.160204,1.000000,-0.379474,2.476196
4.605000,0.371679,0.044974,0.432542,0.922000,-0.376660,-0.087986,0.017363,0.069107,2.161727,1.000000,-0.380984,2.482380
4.610000,0.371595,0.045386,0.432470,0.922138,-0.376291,-0.088158,0.017196,0.069107,2.163256,1.000000,-0.382541,2.488576
4.615000,0.371509,0.045799,0.432399,0.922275,-0.375922,-0.088329,0.017027,0.069107,2.164792,1.000000,-0.384143,2.494786
4.620000,0.371423,0.046212,0.432328,0.922412,-0.375553,-0.088501,0.016855,0.069107,2.166334,1.000000,-0.385787,2.501002
4.625000,0.371335,0.046625,0.432259,0.922549,-0.375183,-0.088674,0.016682,0.069107,2.167883,1.000000,-0.387472,2.507225
4.630000,0.371247,0.047039,0.432190,0.922686,-0.374813,-0.088846,0.016507,0.069107,2.169439,1.000000,-0.389196,2.513483
4.635000,0.371158,0.047454,0.432121,0.922823,-0.374443,-0.089018,0.016330,0.069107,2.171002,1.000000,-0.390954,2.519746
4.640000,0.371068,0.047869,0.432054,0.922960,-0.374072,-0.089191,0.016152,0.069107,2.172572,1.000000,-0.392721,2.526187
4.645000,0.370978,0.048285,0.431988,0.923097,-0.373700,-0.089363,0.015972,0.069107,2.174149,1.000000,-0.394507,2.532612
4.650000,0.370887,0.048701,0.431923,0.923233,-0.373329,-0.089535,0.015791,0.069107,2.175733,1.000000,-0.396322,2.539032
4.655000,0.370795,0.049117,0.431859,0.923370,-0.372956,-0.089706,0.015610,0.069107,2.177324,1.000000,-0.398169,2.545457
4.660000,0.370703,0.049534,0.431796,0.923507,-0.372583,-0.089877,0.015427,0.069107,2.178923,1.000000,-0.400050,2.551885
4.665000,0.370610,0.049952,0.431734,0.923645,-0.372210,-0.090047,0.015244,0.069107,2.180530,1.000000,-0.401962,2.558316
4.670000,0.370517,0.050370,0.431674,0.923782,-0.371835,-0.090217,0.015060,0.069107,2.182144,1.000000,-0.403904,2.564752
4.675000,0.370423,0.050788,0.431615,0.923919,-0.371460,-0.090386,0.014876,0.069107,2.183766,1.000000,-0.405823,2.571231
4.680000,0.370329,0.051207,0.431558,0.924056,-0.371085,-0.090555,0.014691,0.069107,2.185396,1.000000,-0.407743,2.577718
4.685000,0.370234,0.051627,0.431502,0.924194,-0.370708,-0.090722,0.014507,0.069107,2.187033,1.000000,-0.409676,2.584209
4.690000,0.370139,0.052046,0.431447,0.924332,-0.370331,-0.090889,0.014323,0.069107,2.188678,1.000000,-0.411630,2.590704
4.695000,0.370044,0.052467,0.431394,0.924469,-0.369953,-0.091055,0.014139,0.069107,2.190331,1.000000,-0.413607,2.597214
4.700000,0.369948,0.052887,0.431343,0.924607,-0.369575,-0.091220,0.013955,0.069107,2.191992,1.000000,-0.415608,2.603733
4.705000,0.369852,0.053308,0.431293,0.924746,-0.369195,-0.091384,0.013771,0.069107,2.193661,1.000000,-0.417631,2.610256
4.710000,0.369756,0.053730,0.431245,0.924884,-0.368815,-0.091547,0.013589,0.069107,2.195338,1.000000,-0.419599,2.616623
4.715000,0.369659,0.054152,0.431199,0.925022,-0.368434,-0.091709,0.013406,0.069107,2.197023,1.000000,-0.421551,2.623017
4.720000,0.369563,0.054574,0.431154,0.925161,-0.368052,-0.091870,0.013225,0.069107,2.198716,1.000000,-0.423499,2.629414
4.725000,0.369466,0.054997,0.431111,0.925300,-0.367669,-0.092030,0.013045,0.069107,2.200416,1.000000,-0.425453,2.635811
4.730000,0.369369,0.055420,0.431069,0.925439,-0.367285,-0.092188,0.012866,0.069107,2.202125,1.000000,-0.427414,2.642151
4.735000,0.369272,0.055844,0.431029,0.925578,-0.366900,-0.092345,0.012688,0.069107,2.203841,1.000000,-0.429388,2.648494
4.740000,0.369174,0.056267,0.430991,0.925718,-0.366515,-0.092502,0.012511,0.069107,2.205565,1.000000,-0.431344,2.654814
4.745000,0.369077,0.056692,0.430955,0.925858,-0.366129,-0.092656,0.012336,0.069107,2.207297,1.000000,-0.433297,2.661179
4.750000,0.368979,0.057116,0.430920,0.925998,-0.365741,-0.092810,0.012162,0.069107,2.209036,1.000000,-0.435254,2.667567
4.755000,0.368882,0.057541,0.430887,0.926138,-0.365353,-0.092962,0.011990,0.069107,2.210784,1.000000,-0.437219,2.673958
4.760000,0.368784,0.057966,0.430855,0.926278,-0.364964,-0.093113,0.011819,0.069107,2.212539,1.000000,-0.439193,2.680339
4.765000,0.368686,0.058391,0.430825,0.926419,-0.364574,-0.093263,0.011650,0.069107,2.214302,1.000000,-0.441173,2.686687
4.770000,0.368588,0.058817,0.430797,0.926560,-0.364183,-0.093412,0.011483,0.069107,2.216074,1.000000,-0.443163,2.693038
4.775000,0.368491,0.059243,0.430770,0.926701,-0.363791,-0.093559,0.011317,0.069107,2.217853,1.000000,-0.445250,2.699827
4.780000,0.368393,0.059670,0.430744,0.926843,-0.363397,-0.093706,0.011154,0.069107,2.219641,1.000000,-0.447379,2.706658
4.785000,0.368295,0.060097,0.430720,0.926984,-0.363003,-0.093851,0.010992,0.069107,2.221438,1.000000,-0.449498,2.713498
4.790000,0.368197,0.060524,0.430697,0.927126,-0.362608,-0.093995,0.010831,0.069107,2.223242,1.000000,-0.451571,2.720341
4.795000,0.368098,0.060952,0.430676,0.927268,-0.362212,-0.094138,0.010671,0.069107,2.225055,1.000000,-0.453596,2.727182
4.800000,0.368000,0.061380,0.430655,0.927411,-0.361815,-0.094279,0.010512,0.069107,2.226876,1.000000,-0.455582,2.734021
4.805000,0.367901,0.061808,0.430634,0.927554,-0.361417,-0.094419,0.010354,0.069107,2.228705,1.000000,-0.457542,2.740863
4.810000,0.367801,0.062237,0.430615,0.927697,-0.361018,-0.094557,0.010198,0.069107,2.230542,1.000000,-0.459560,2.748135
4.815000,0.367701,0.062666,0.430596,0.927840,-0.360618,-0.094695,0.010042,0.069107,2.232387,1.000000,-0.461597,2.755447
4.820000,0.367600,0.063095,0.430578,0.927983,-0.360217,-0.094831,0.009888,0.069107,2.234241,1.000000,-0.463654,2.762765
4.825000,0.367499,0.063525,0.430560,0.928127,-0.359816,-0.094965,0.009734,0.069107,2.236102,1.000000,-0.465731,2.770087
4.830000,0.367398,0.063955,0.430543,0.928271,-0.359413,-0.095099,0.009582,0.069107,2.237972,1.000000,-0.467827,2.777376
4.835000,0.367296,0.064386,0.430526,0.928415,-0.359010,-0.095231,0.009431,0.069107,2.239851,1.000000,-0.469945,2.784651
4.840000,0.367193,0.064817,0.430510,0.928559,-0.358605,-0.095362,0.009282,0.069107,2.241737,1.000000,-0.472088,2.791930
4.845000,0.367090,0.065249,0.430494,0.928704,-0.358200,-0.095492,0.009134,0.069107,2.243633,1.000000,-0.474144,2.799009
4.850000,0.366986,0.065681,0.430478,0.928849,-0.357793,-0.095621,0.008987,0.069107,2.245536,1.000000,-0.476160,2.806079
4.855000,0.366882,0.066114,0.430463,0.928994,-0.357386,-0.095748,0.008842,0.069107,2.247447,1.000000,-0.478158,2.813153
4.860000,0.366777,0.066547,0.430448,0.929139,-0.356978,-0.095874,0.008699,0.069107,2.249367,1.000000,-0.480153,2.820232
4.865000,0.366672,0.066981,0.430434,0.929285,-0.356569,-0.095999,0.008558,0.069107,2.251294,1.000000,-0.482158,2.827361
4.870000,0.366566,0.067415,0.430419,0.929430,-0.356159,-0.096123,0.008418,0.069107,2.253230,1.000000,-0.484171,2.834500
4.875000,0.366460,0.067850,0.430405,0.929576,-0.355748,-0.096246,0.008281,0.069107,2.255173,1.000000,-0.486197,2.841644
4.880000,0.366353,0.068285,0.430392,0.929722,-0.355336,-0.096367,0.008145,0.069107,2.257124,1.000000,-0.488129,2.848487
4.885000,0.366245,0.068721,0.430378,0.929869,-0.354923,-0.096487,0.008012,0.069107,2.259083,1.000000,-0.490019,2.855302
4.890000,0.366138,0.069157,0.430365,0.930015,-0.354509,-0.096605,0.007881,0.069107,2.261050,1.000000,-0.491887,2.862120
4.895000,0.366029,0.069594,0.430351,0.930162,-0.354095,-0.096723,0.007752,0.069107,2.263024,1.000000,-0.493747,2.868946
4.900000,0.365920,0.070031,0.430338,0.930309,-0.353679,-0.096838,0.007626,0.069107,2.265005,1.000000,-0.495609,2.875832
4.905000,0.365811,0.070469,0.430325,0.930456,-0.353263,-0.096953,0.007502,0.069107,2.266994,1.000000,-0.497472,2.882723
4.910000,0.365701,0.070907,0.430312,0.930604,-0.352846,-0.097066,0.007381,0.069107,2.268990,1.000000,-0.499253,2.889332
4.915000,0.365591,0.071345,0.430300,0.930751,-0.352428,-0.097177,0.007262,0.069106,2.270993,1.000000,-0.500995,2.895917
4.920000,0.365481,0.071784,0.430287,0.930899,-0.352010,-0.097287,0.007145,0.069106,2.273003,1.000000,-0.502712,2.902489
4.925000,0.365370,0.072223,0.430274,0.931047,-0.351591,-0.097396,0.007031,0.069106,2.275020,1.000000,-0.504413,2.909064
4.930000,0.365258,0.072662,0.430261,0.931195,-0.351171,-0.097503,0.006920,0.069106,2.277043,1.000000,-0.506101,2.915642
4.935000,0.365147,0.073102,0.430249,0.931343,-0.350750,-0.097609,0.006811,0.069106,2.279074,1.000000,-0.507780,2.922222
4.940000,0.365035,0.073542,0.430236,0.931492,-0.350329,-0.097714,0.006704,0.069106,2.281111,1.000000,-0.509450,2.928804
4.945000,0.364922,0.073983,0.430223,0.931640,-0.349907,-0.097817,0.006600,0.069106,2.283154,1.000000,-0.511063,2.935244
4.950000,0.364809,0.074424,0.430210,0.931789,-0.349484,-0.097919,0.006499,0.069106,2.285204,1.000000,-0.512649,2.941740
4.955000,0.364696,0.074865,0.430197,0.931938,-0.349061,-0.098020,0.006400,0.069106,2.287260,1.000000,-0.514209,2.948249
4.960000,0.364582,0.075307,0.430184,0.932087,-0.348637,-0.098119,0.006303,0.069106,2.289323,1.000000,-0.515746,2.954761
4.965000,0.364468,0.075749,0.430171,0.932235,-0.348212,-0.098217,0.006208,0.069106,2.291391,1.000000,-0.517259,2.961252
4.970000,0.364354,0.076191,0.430157,0.932384,-0.347788,-0.098314,0.006116,0.069106,2.293465,1.000000,-0.518750,2.967712
4.975000,0.364239,0.076633,0.430144,0.932533,-0.347362,-0.098410,0.006025,0.069106,2.295546,1.000000,-0.520222,2.974175
4.980000,0.364124,0.077076,0.430130,0.932682,-0.346936,-0.098505,0.005937,0.069106,2.297632,1.000000,-0.521629,2.980469
4.985000,0.364009,0.077519,0.430116,0.932832,-0.346510,-0.098599,0.005852,0.069106,2.299724,1.000000,-0.522995,2.986763
4.990000,0.363893,0.077962,0.430102,0.932981,-0.346083,-0.098692,0.005768,0.069106,2.301821,1.000000,-0.524327,2.993060
4.995000,0.363777,0.078405,0.430088,0.933130,-0.345656,-0.098783,0.005686,0.069106,2.303923,1.000000,-0.525630,2.999360
5.000000,0.363661,0.078849,0.430073,0.933279,-0.345229,-0.098874,0.005606,0.069106,2.306030,1.000000,-0.526907,3.005657
5.005000,0.363545,0.079293,0.430059,0.933428,-0.344801,-0.098963,0.005529,0.069106,2.308143,1.000000,-0.528161,3.011954
5.010000,0.363428,0.079737,0.430044,0.933577,-0.344373,-0.099052,0.005453,0.069106,2.310260,1.000000,-0.529394,3.018253
5.015000,0.363311,0.080180,0.430029,0.933726,-0.343945,-0.099139,0.005379,0.069106,2.312382,1.000000,-0.530354,3.023659
5.020000,0.363193,0.080624,0.430013,0.933875,-0.343517,-0.099226,0.005308,0.069106,2.314507,1.000000,-0.531180,3.029106
5.025000,0.363076,0.081068,0.429997,0.934024,-0.343089,-0.099311,0.005238,0.069106,2.316635,1.000000,-0.531904,3.034556
5.030000,0.362958,0.081512,0.429981,0.934172,-0.342661,-0.099396,0.005171,0.069106,2.318766,1.000000,-0.532549,3.040007
5.035000,0.362840,0.081955,0.429965,0.934320,-0.342233,-0.099479,0.005105,0.069106,2.320899,1.000000,-0.533127,3.045419
5.040000,0.362722,0.082398,0.429949,0.934469,-0.341805,-0.099562,0.005042,0.069106,2.323034,1.000000,-0.533652,3.050822
5.045000,0.362603,0.082840,0.429932,0.934617,-0.341377,-0.099643,0.004981,0.069106,2.325172,1.000000,-0.534133,3.056227
5.050000,0.362485,0.083282,0.429915,0.934764,-0.340950,-0.099724,0.004921,0.069106,2.327310,1.000000,-0.534478,3.061248
5.055000,0.362366,0.083724,0.429897,0.934912,-0.340523,-0.099803,0.004863,0.069106,2.329451,1.000000,-0.534744,3.066272
5.060000,0.362247,0.084165,0.429879,0.935059,-0.340096,-0.099882,0.004807,0.069106,2.331592,1.000000,-0.534945,3.071298
5.065000,0.362128,0.084606,0.429861,0.935206,-0.339670,-0.099961,0.004753,0.069106,2.333733,1.000000,-0.535090,3.076325
5.070000,0.362009,0.085046,0.429843,0.935352,-0.339244,-0.100038,0.004700,0.069106,2.335875,1.000000,-0.535184,3.081347
5.075000,0.361890,0.085486,0.429824,0.935498,-0.338819,-0.100116,0.004649,0.069106,2.338018,1.000000,-0.535235,3.086370
5.080000,0.361771,0.085925,0.429805,0.935644,-0.338394,-0.100192,0.004599,0.069106,2.340160,1.000000,-0.535235,3.091326
5.085000,0.361652,0.086363,0.429785,0.935789,-0.337970,-0.100268,0.004551,0.069106,2.342303,1.000000,-0.535196,3.096322
5.090000,0.361532,0.086801,0.429765,0.935934,-0.337547,-0.100343,0.004504,0.069106,2.344445,1.000000,-0.535122,3.101344
5.095000,0.361413,0.087237,0.429744,0.936079,-0.337124,-0.100418,0.004458,0.069105,2.346587,1.000000,-0.535017,3.106367
5.100000,0.361294,0.087673,0.429724,0.936223,-0.336702,-0.100493,0.004413,0.069105,2.348728,1.000000,-0.534882,3.111383
5.105000,0.361174,0.088108,0.429702,0.936367,-0.336280,-0.100567,0.004370,0.069105,2.350868,1.000000,-0.534717,3.116352
5.110000,0.361055,0.088543,0.429681,0.936510,-0.335860,-0.100641,0.004327,0.069105,2.353008,1.000000,-0.534530,3.121323
5.115000,0.360936,0.088976,0.429658,0.936653,-0.335439,-0.100714,0.004286,0.069105,2.355147,1.000000,-0.534085,3.125499
5.120000,0.360817,0.089408,0.429636,0.936795,-0.335020,-0.100786,0.004246,0.069105,2.357283,1.000000,-0.533499,3.129687
5.125000,0.360699,0.089839,0.429613,0.936937,-0.334602,-0.100858,0.004207,0.069105,2.359417,1.000000,-0.532820,3.133879
5.130000,0.360580,0.090269,0.429590,0.937079,-0.334185,-0.100929,0.004170,0.069105,2.361548,1.000000,-0.532077,3.138073
5.135000,0.360462,0.090697,0.429566,0.937220,-0.333768,-0.100999,0.004135,0.069105,2.363676,1.000000,-0.531291,3.142272
5.140000,0.360344,0.091124,0.429542,0.937360,-0.333353,-0.101068,0.004101,0.069105,2.365800,1.000000,-0.530475,3.146477
5.145000,0.360227,0.091550,0.429517,0.937500,-0.332939,-0.101136,0.004069,0.069105,2.367921,1.000000,-0.529638,3.150683
5.150000,0.360110,0.091973,0.429492,0.937640,-0.332525,-0.101204,0.004038,0.069105,2.370039,1.000000,-0.528584,3.154194
5.155000,0.359993,0.092396,0.429467,0.937779,-0.332113,-0.101270,0.004009,0.069105,2.372151,1.000000,-0.527414,3.157724
5.160000,0.359877,0.092816,0.429441,0.937917,-0.331702,-0.101336,0.003982,0.069105,2.374259,1.000000,-0.526171,3.161256
5.165000,0.359761,0.093235,0.429414,0.938055,-0.331292,-0.101400,0.003957,0.069105,2.376362,1.000000,-0.524883,3.164791
5.170000,0.359646,0.093652,0.429388,0.938193,-0.330884,-0.101463,0.003934,0.069105,2.378460,1.000000,-0.523568,3.168325
5.175000,0.359532,0.094067,0.429360,0.938330,-0.330476,-0.101525,0.003912,0.069105,2.380552,1.000000,-0.522240,3.171860
5.180000,0.359418,0.094481,0.429333,0.938466,-0.330070,-0.101587,0.003893,0.069105,2.382639,1.000000,-0.520907,3.175396
5.185000,0.359304,0.094892,0.429304,0.938602,-0.329665,-0.101647,0.003875,0.069105,2.384720,1.000000,-0.519474,3.178521
5.190000,0.359192,0.095301,0.429275,0.938737,-0.329262,-0.101706,0.003859,0.069105,2.386796,1.000000,-0.517994,3.181651
5.195000,0.359079,0.095709,0.429246,0.938872,-0.328860,-0.101764,0.003845,0.069105,2.388865,1.000000,-0.516490,3.184783
5.200000,0.358968,0.096114,0.429216,0.939006,-0.328459,-0.101821,0.003833,0.069105,2.390929,1.000000,-0.514979,3.187919
5.205000,0.358858,0.096518,0.429186,0.939140,-0.328059,-0.101877,0.003823,0.069105,2.392986,1.000000,-0.513469,3.191061
5.210000,0.358748,0.096920,0.429154,0.939273,-0.327661,-0.101932,0.003815,0.069105,2.395038,1.000000,-0.511968,3.194207
5.215000,0.358639,0.097319,0.429123,0.939406,-0.327263,-0.101986,0.003808,0.069105,2.397083,1.000000,-0.510481,3.197356
5.220000,0.358530,0.097717,0.429090,0.939538,-0.326867,-0.102039,0.003803,0.069104,2.399122,1.000000,-0.508958,3.200233
5.225000,0.358423,0.098112,0.429057,0.939669,-0.326473,-0.102091,0.003800,0.069104,2.401156,1.000000,-0.507432,3.203108
5.230000,0.358316,0.098506,0.429024,0.939800,-0.326079,-0.102142,0.003799,0.069104,2.403183,1.000000,-0.505917,3.205986
5.235000,0.358210,0.098898,0.428989,0.939931,-0.325687,-0.102193,0.003800,0.069104,2.405204,1.000000,-0.504419,3.208866
5.240000,0.358105,0.099287,0.428954,0.940061,-0.325296,-0.102242,0.003802,0.069104,2.407219,1.000000,-0.502937,3.211698
5.245000,0.358001,0.099675,0.428919,0.940191,-0.324906,-0.102290,0.003806,0.069104,2.409228,1.000000,-0.501481,3.214531
5.250000,0.357898,0.100061,0.428882,0.940320,-0.324517,-0.102337,0.003812,0.069104,2.411232,1.000000,-0.499990,3.217082
5.255000,0.357796,0.100444,0.428845,0.940448,-0.324129,-0.102383,0.003819,0.069104,2.413229,1.000000,-0.498508,3.219674
5.260000,0.357695,0.100826,0.428807,0.940577,-0.323743,-0.102428,0.003829,0.069104,2.415221,1.000000,-0.497044,3.222293
5.265000,0.357595,0.101206,0.428769,0.940704,-0.323357,-0.102472,0.003839,0.069104,2.417206,1.000000,-0.495603,3.224916
5.270000,0.357496,0.101583,0.428730,0.940832,-0.322973,-0.102514,0.003852,0.069104,2.419186,1.000000,-0.494188,3.227540
5.275000,0.357398,0.101959,0.428690,0.940959,-0.322589,-0.102556,0.003866,0.069104,2.421161,1.000000,-0.492802,3.230165
5.280000,0.357301,0.102333,0.428649,0.941085,-0.322207,-0.102596,0.003882,0.069104,2.423130,1.000000,-0.491446,3.232792
5.285000,0.357205,0.102705,0.428607,0.941211,-0.321826,-0.102635,0.003900,0.069104,2.425093,1.000000,-0.490041,3.235036
5.290000,0.357111,0.103075,0.428565,0.941337,-0.321445,-0.102673,0.003919,0.069104,2.427051,1.000000,-0.488639,3.237286
5.295000,0.357017,0.103443,0.428522,0.941463,-0.321066,-0.102710,0.003940,0.069104,2.429003,1.000000,-0.487250,3.239540
5.300000,0.356925,0.103809,0.428479,0.941588,-0.320688,-0.102745,0.003963,0.069104,2.430949,1.000000,-0.485881,3.241798
5.305000,0.356833,0.104173,0.428434,0.941712,-0.320310,-0.102779,0.003987,0.069104,2.432891,1.000000,-0.484536,3.244063
5.310000,0.356743,0.104536,0.428389,0.941836,-0.319934,-0.102812,0.004013,0.069104,2.434827,1.000000,-0.483219,3.246337
5.315000,0.356654,0.104896,0.428343,0.941960,-0.319558,-0.102844,0.004040,0.069103,2.436757,1.000000,-0.481931,3.248614
5.320000,0.356567,0.105255,0.428297,0.942084,-0.319184,-0.102874,0.004069,0.069103,2.438683,1.000000,-0.480647,3.250699
5.325000,0.356480,0.105612,0.428249,0.942207,-0.318810,-0.102903,0.004100,0.069103,2.440603,1.000000,-0.479392,3.252794
5.330000,0.356394,0.105967,0.428201,0.942330,-0.318438,-0.102931,0.004132,0.069103,2.442519,1.000000,-0.478167,3.254893
5.335000,0.356310,0.106320,0.428153,0.942452,-0.318066,-0.102957,0.004165,0.069103,2.444429,1.000000,-0.476973,3.256995
5.340000,0.356227,0.106671,0.428103,0.942575,-0.317695,-0.102983,0.004200,0.069103,2.446335,1.000000,-0.475812,3.259105
5.345000,0.356145,0.107021,0.428053,0.942697,-0.317325,-0.103007,0.004236,0.069103,2.448237,1.000000,-0.474682,3.261222
5.350000,0.356064,0.107370,0.428002,0.942818,-0.316955,-0.103029,0.004274,0.069103,2.450134,1.000000,-0.473586,3.263342
5.355000,0.355984,0.107716,0.427950,0.942939,-0.316587,-0.103051,0.004312,0.069103,2.452027,1.000000,-0.472625,3.265692
5.360000,0.355905,0.108061,0.427898,0.943060,-0.316219,-0.103071,0.004352,0.069103,2.453916,1.000000,-0.471765,3.268047
5.365000,0.355827,0.108405,0.427845,0.943181,-0.315852,-0.103090,0.004394,0.069103,2.455802,1.000000,-0.470986,3.270404
5.370000,0.355751,0.108747,0.427791,0.943302,-0.315485,-0.103108,0.004436,0.069103,2.457685,1.000000,-0.470273,3.272766
5.375000,0.355675,0.109088,0.427737,0.943422,-0.315119,-0.103125,0.004479,0.069103,2.459566,1.000000,-0.469618,3.275146
5.380000,0.355601,0.109427,0.427682,0.943542,-0.314753,-0.103141,0.004523,0.069103,2.461444,1.000000,-0.469014,3.277533
5.385000,0.355528,0.109765,0.427626,0.943662,-0.314388,-0.103155,0.004569,0.069103,2.463319,1.000000,-0.468456,3.279924
5.390000,0.355456,0.110103,0.427570,0.943782,-0.314023,-0.103168,0.004615,0.069103,2.465193,1.000000,-0.468165,3.282695
5.395000,0.355385,0.110438,0.427512,0.943902,-0.313658,-0.103180,0.004662,0.069103,2.467067,1.000000,-0.468083,3.285437
5.400000,0.355315,0.110773,0.427455,0.944022,-0.313294,-0.103190,0.004709,0.069103,2.468940,1.000000,-0.468155,3.288182
5.405000,0.355246,0.111107,0.427396,0.944141,-0.312929,-0.103199,0.004757,0.069102,2.470814,1.000000,-0.468339,3.290934
5.410000,0.355179,0.111440,0.427337,0.944261,-0.312564,-0.103205,0.004806,0.069102,2.472689,1.000000,-0.468612,3.293762
5.415000,0.355114,0.111772,0.427277,0.944381,-0.312199,-0.103210,0.004855,0.069102,2.474565,1.000000,-0.468951,3.296594
5.420000,0.355049,0.112103,0.427217,0.944501,-0.311833,-0.103213,0.004905,0.069102,2.476443,1.000000,-0.469557,3.299712
5.425000,0.354986,0.112434,0.427156,0.944622,-0.311468,-0.103214,0.004955,0.069102,2.478325,1.000000,-0.470384,3.302807
5.430000,0.354925,0.112763,0.427095,0.944742,-0.311101,-0.103212,0.005005,0.069102,2.480209,1.000000,-0.471364,3.305890
5.435000,0.354866,0.113092,0.427033,0.944864,-0.310734,-0.103208,0.005056,0.069102,2.482098,1.000000,-0.472442,3.308977
5.440000,0.354808,0.113421,0.426971,0.944985,-0.310365,-0.103201,0.005106,0.069102,2.483992,1.000000,-0.473582,3.312074
5.445000,0.354751,0.113748,0.426908,0.945107,-0.309996,-0.103191,0.005156,0.069102,2.485890,1.000000,-0.474766,3.315190
5.450000,0.354697,0.114076,0.426845,0.945229,-0.309627,-0.103178,0.005207,0.069102,2.487793,1.000000,-0.475980,3.318310
5.455000,0.354644,0.114402,0.426782,0.945352,-0.309256,-0.103162,0.005257,0.069102,2.489701,1.000000,-0.477324,3.321791
5.460000,0.354592,0.114729,0.426718,0.945475,-0.308885,-0.103143,0.005308,0.069102,2.491615,1.000000,-0.478747,3.325293
5.465000,0.354542,0.115055,0.426654,0.945599,-0.308513,-0.103121,0.005358,0.069102,2.493535,1.000000,-0.480224,3.328803
5.470000,0.354493,0.115380,0.426590,0.945723,-0.308140,-0.103097,0.005408,0.069102,2.495460,1.000000,-0.481744,3.332318
5.475000,0.354446,0.115706,0.426525,0.945847,-0.307766,-0.103070,0.005458,0.069102,2.497392,1.000000,-0.483296,3.335852
5.480000,0.354400,0.116031,0.426460,0.945972,-0.307391,-0.103040,0.005508,0.069102,2.499330,1.000000,-0.484874,3.339405
5.485000,0.354355,0.116357,0.426395,0.946097,-0.307015,-0.103008,0.005558,0.069101,2.501275,1.000000,-0.486474,3.342963
5.490000,0.354312,0.116682,0.426329,0.946223,-0.306638,-0.102973,0.005608,0.069101,2.503226,1.000000,-0.488011,3.346671
5.495000,0.354269,0.117007,0.426263,0.946349,-0.306261,-0.102937,0.005658,0.069101,2.505182,1.000000,-0.489461,3.350360
5.500000,0.354227,0.117332,0.426197,0.946475,-0.305883,-0.102899,0.005709,0.069101,2.507145,1.000000,-0.490861,3.354054
5.505000,0.354186,0.117657,0.426130,0.946601,-0.305504,-0.102859,0.005759,0.069101,2.509113,1.000000,-0.492237,3.357754
5.510000,0.354146,0.117983,0.426063,0.946728,-0.305125,-0.102818,0.005809,0.069101,2.511086,1.000000,-0.493606,3.361447
5.515000,0.354105,0.118309,0.425996,0.946854,-0.304745,-0.102776,0.005860,0.069101,2.513065,1.000000,-0.494982,3.365139
5.520000,0.354066,0.118635,0.425928,0.946981,-0.304364,-0.102733,0.005911,0.069101,2.515049,1.000000,-0.496375,3.368837
5.525000,0.354026,0.118961,0.425859,0.947108,-0.303983,-0.102689,0.005963,0.069101,2.517039,1.000000,-0.497653,3.372429
5.530000,0.353987,0.119288,0.425790,0.947235,-0.303602,-0.102644,0.006015,0.069101,2.519034,1.000000,-0.498832,3.376020
5.535000,0.353947,0.119615,0.425721,0.947362,-0.303220,-0.102599,0.006068,0.069101,2.521033,1.000000,-0.499956,3.379616
5.540000,0.353908,0.119942,0.425651,0.947488,-0.302839,-0.102554,0.006121,0.069101,2.523037,1.000000,-0.501058,3.383221
5.545000,0.353868,0.120271,0.425581,0.947615,-0.302456,-0.102509,0.006176,0.069101,2.525045,1.000000,-0.502163,3.386853
5.550000,0.353827,0.120599,0.425510,0.947741,-0.302074,-0.102464,0.006231,0.069101,2.527058,1.000000,-0.503282,3.390492
5.555000,0.353787,0.120929,0.425439,0.947868,-0.301691,-0.102419,0.006287,0.069100,2.529075,1.000000,-0.504428,3.394138
5.560000,0.353745,0.121258,0.425367,0.947994,-0.301308,-0.102374,0.006344,0.069100,2.531096,1.000000,-0.505569,3.397867
5.565000,0.353704,0.121589,0.425295,0.948120,-0.300925,-0.102330,0.006402,0.069100,2.533123,1.000000,-0.506699,3.401618
5.570000,0.353661,0.121920,0.425222,0.948246,-0.300542,-0.102286,0.006461,0.069100,2.535153,1.000000,-0.507837,3.405376
5.575000,0.353618,0.122252,0.425149,0.948372,-0.300158,-0.102242,0.006522,0.069100,2.537189,1.000000,-0.508997,3.409139
5.580000,0.353574,0.122585,0.425075,0.948497,-0.299775,-0.102199,0.006583,0.069100,2.539229,1.000000,-0.510184,3.412891
5.585000,0.353529,0.122919,0.425001,0.948623,-0.299391,-0.102157,0.006646,0.069100,2.541274,1.000000,-0.511407,3.416651
5.590000,0.353483,0.123253,0.424926,0.948748,-0.299006,-0.102115,0.006710,0.069100,2.543324,1.000000,-0.512709,3.420419
5.595000,0.353437,0.123589,0.424850,0.948873,-0.298622,-0.102074,0.006776,0.069100,2.545379,1.000000,-0.514090,3.424219
5.600000,0.353390,0.123925,0.424774,0.948998,-0.298236,-0.102033,0.006842,0.069100,2.547440,1.000000,-0.515534,3.428032
5.605000,0.353342,0.124262,0.424698,0.949123,-0.297851,-0.101992,0.006910,0.069100,2.549507,1.000000,-0.517031,3.431854
5.610000,0.353293,0.124600,0.424621,0.949248,-0.297465,-0.101951,0.006980,0.069100,2.551580,1.000000,-0.518572,3.435677
5.615000,0.353244,0.124939,0.424543,0.949373,-0.297078,-0.101911,0.007051,0.069100,2.553660,1.000000,-0.520150,3.439495
5.620000,0.353193,0.125279,0.424465,0.949498,-0.296691,-0.101871,0.007123,0.069099,2.555745,1.000000,-0.521758,3.443320
5.625000,0.353143,0.125620,0.424387,0.949623,-0.296303,-0.101831,0.007197,0.069099,2.557838,1.000000,-0.523581,3.447209
5.630000,0.353091,0.125962,0.424307,0.949748,-0.295914,-0.101790,0.007271,0.069099,2.559938,1.000000,-0.525601,3.451137
5.635000,0.353040,0.126305,0.424228,0.949873,-0.295525,-0.101749,0.007348,0.069099,2.562047,1.000000,-0.527750,3.455072
5.640000,0.352988,0.126648,0.424148,0.949998,-0.295134,-0.101707,0.007425,0.069099,2.564165,1.000000,-0.529982,3.459016
5.645000,0.352936,0.126993,0.424067,0.950124,-0.294742,-0.101663,0.007504,0.069099,2.566292,1.000000,-0.532267,3.462975
5.650000,0.352884,0.127338,0.423986,0.950250,-0.294349,-0.101619,0.007584,0.069099,2.568428,1.000000,-0.534580,3.466946
5.655000,0.352832,0.127685,0.423905,0.950376,-0.293954,-0.101573,0.007665,0.069099,2.570573,1.000000,-0.536903,3.470924
5.660000,0.352780,0.128032,0.423823,0.950503,-0.293559,-0.101526,0.007747,0.069099,2.572728,1.000000,-0.539473,3.475248
5.665000,0.352728,0.128380,0.423741,0.950630,-0.293162,-0.101478,0.007830,0.069099,2.574894,1.000000,-0.542228,3.479585
5.670000,0.352676,0.128729,0.423658,0.950757,-0.292763,-0.101428,0.007913,0.069099,2.577071,1.000000,-0.545095,3.483929
5.675000,0.352625,0.129078,0.423574,0.950885,-0.292363,-0.101375,0.007998,0.069099,2.579260,1.000000,-0.548023,3.488283
5.680000,0.352575,0.129429,0.423491,0.951014,-0.291961,-0.101321,0.008083,0.069099,2.581460,1.000000,-0.550979,3.492657
5.685000,0.352525,0.129780,0.423407,0.951143,-0.291557,-0.101264,0.008170,0.069098,2.583673,1.000000,-0.553937,3.497040
5.690000,0.352475,0.130133,0.423322,0.951273,-0.291151,-0.101206,0.008256,0.069098,2.585897,1.000000,-0.556879,3.501431
5.695000,0.352426,0.130486,0.423237,0.951403,-0.290744,-0.101145,0.008344,0.069098,2.588133,1.000000,-0.559879,3.506024
5.700000,0.352378,0.130839,0.423151,0.951534,-0.290336,-0.101082,0.008432,0.069098,2.590381,1.000000,-0.562899,3.510629
5.705000,0.352330,0.131194,0.423065,0.951665,-0.289925,-0.101017,0.008520,0.069098,2.592641,1.000000,-0.565914,3.515243
5.710000,0.352283,0.131550,0.422979,0.951797,-0.289513,-0.100949,0.008609,0.069098,2.594914,1.000000,-0.568907,3.519864
5.715000,0.352236,0.131906,0.422892,0.951929,-0.289099,-0.100880,0.008698,0.069098,2.597198,1.000000,-0.571868,3.524482
5.720000,0.352190,0.132263,0.422804,0.952062,-0.288684,-0.100809,0.008788,0.069098,2.599494,1.000000,-0.574789,3.529107
5.725000,0.352145,0.132621,0.422717,0.952195,-0.288267,-0.100736,0.008878,0.069098,2.601801,1.000000,-0.577666,3.533742
5.730000,0.352100,0.132979,0.422628,0.952329,-0.287849,-0.100660,0.008969,0.069098,2.604120,1.000000,-0.580547,3.538329
5.735000,0.352056,0.133338,0.422539,0.952463,-0.287429,-0.100583,0.009060,0.069098,2.606451,1.000000,-0.583433,3.542923
5.740000,0.352012,0.133698,0.422450,0.952598,-0.287007,-0.100503,0.009151,0.069098,2.608793,1.000000,-0.586302,3.547526
5.745000,0.351970,0.134059,0.422360,0.952733,-0.286584,-0.100421,0.009242,0.069097,2.611147,1.000000,-0.589139,3.552153
5.750000,0.351927,0.134420,0.422270,0.952868,-0.286159,-0.100338,0.009334,0.069097,2.613511,1.000000,-0.591937,3.556814
5.755000,0.351886,0.134782,0.422180,0.953004,-0.285733,-0.100252,0.009425,0.069097,2.615887,1.000000,-0.594686,3.561483
5.760000,0.351845,0.135144,0.422089,0.953141,-0.285306,-0.100164,0.009517,0.069097,2.618274,1.000000,-0.597561,3.566238
5.765000,0.351806,0.135507,0.421997,0.953278,-0.284877,-0.100073,0.009609,0.069097,2.620673,1.000000,-0.600538,3.570960
5.770000,0.351767,0.135870,0.421906,0.953415,-0.284446,-0.099980,0.009701,0.069097,2.623084,1.000000,-0.603563,3.575691
5.775000,0.351729,0.136234,0.421813,0.953553,-0.284014,-0.099884,0.009792,0.069097,2.625507,1.000000,-0.606598,3.580433
5.780000,0.351693,0.136599,0.421721,0.953692,-0.283579,-0.099786,0.009884,0.069097,2.627942,1.000000,-0.609614,3.585175
5.785000,0.351658,0.136963,0.421628,0.953831,-0.283144,-0.099684,0.009975,0.069097,2.630390,1.000000,-0.612593,3.589920
5.790000,0.351624,0.137328,0.421535,0.953971,-0.282706,-0.099580,0.010066,0.069097,2.632849,1.000000,-0.615521,3.594675
5.795000,0.351591,0.137693,0.421441,0.954111,-0.282267,-0.099472,0.010157,0.069097,2.635319,1.000000,-0.618421,3.599503
5.800000,0.351560,0.138059,0.421347,0.954251,-0.281827,-0.099362,0.010247,0.069097,2.637801,1.000000,-0.621278,3.604377
5.805000,0.351530,0.138425,0.421253,0.954393,-0.281385,-0.099249,0.010337,0.069096,2.640295,1.000000,-0.624082,3.609260
5.810000,0.351501,0.138791,0.421158,0.954534,-0.280942,-0.099134,0.010427,0.069096,2.642799,1.000000,-0.626827,3.614155
5.815000,0.351473,0.139157,0.421064,0.954676,-0.280497,-0.099015,0.010516,0.069096,2.645315,1.000000,-0.629507,3.619031
5.820000,0.351447,0.139523,0.420968,0.954819,-0.280051,-0.098894,0.010605,0.069096,2.647841,1.000000,-0.632120,3.623907
5.825000,0.351422,0.139890,0.420873,0.954962,-0.279604,-0.098770,0.010694,0.069096,2.650377,1.000000,-0.634665,3.628793
5.830000,0.351398,0.140256,0.420777,0.955105,-0.279155,-0.098643,0.010782,0.069096,2.652923,1.000000,-0.637148,3.633770
5.835000,0.351375,0.140623,0.420681,0.955249,-0.278705,-0.098515,0.010869,0.069096,2.655479,1.000000,-0.639558,3.638782
5.840000,0.351353,0.140990,0.420585,0.955393,-0.278255,-0.098383,0.010957,0.069096,2.658045,1.000000,-0.641899,3.643803
5.845000,0.351332,0.141357,0.420488,0.955537,-0.277803,-0.098250,0.011043,0.069096,2.660619,1.000000,-0.644175,3.648835
5.850000,0.351313,0.141724,0.420391,0.955681,-0.277350,-0.098115,0.011129,0.069096,2.663203,1.000000,-0.646388,3.653832
5.855000,0.351294,0.142091,0.420293,0.955826,-0.276897,-0.097977,0.011215,0.069096,2.665796,1.000000,-0.648543,3.658833
5.860000,0.351277,0.142458,0.420196,0.955971,-0.276442,-0.097838,0.011300,0.069095,2.668397,1.000000,-0.650647,3.663846
5.865000,0.351260,0.142825,0.420098,0.956116,-0.275987,-0.097697,0.011384,0.069095,2.671006,1.000000,-0.652859,3.669170
5.870000,0.351244,0.143192,0.419999,0.956261,-0.275531,-0.097553,0.011468,0.069095,2.673625,1.000000,-0.655134,3.674529
5.875000,0.351230,0.143559,0.419901,0.956406,-0.275073,-0.097408,0.011551,0.069095,2.676253,1.000000,-0.657435,3.679896
5.880000,0.351216,0.143926,0.419802,0.956552,-0.274615,-0.097261,0.011633,0.069095,2.678890,1.000000,-0.659739,3.685265
5.885000,0.351203,0.144294,0.419702,0.956698,-0.274156,-0.097112,0.011714,0.069095,2.681536,1.000000,-0.662031,3.690612
5.890000,0.351192,0.144661,0.419603,0.956844,-0.273696,-0.096961,0.011794,0.069095,2.684191,1.000000,-0.664302,3.695968
5.895000,0.351181,0.145029,0.419503,0.956990,-0.273235,-0.096809,0.011874,0.069095,2.686856,1.000000,-0.666546,3.701333
5.900000,0.351172,0.145396,0.419403,0.957136,-0.272773,-0.096654,0.011952,0.069095,2.689529,1.000000,-0.668682,3.706674
5.905000,0.351163,0.145764,0.419302,0.957283,-0.272311,-0.096498,0.012030,0.069095,2.692210,1.000000,-0.670720,3.712026
5.910000,0.351155,0.146131,0.419202,0.957429,-0.271847,-0.096341,0.012107,0.069095,2.694900,1.000000,-0.672681,3.717388
5.915000,0.351148,0.146499,0.419100,0.957576,-0.271383,-0.096183,0.012183,0.069094,2.697597,1.000000,-0.674580,3.722741
5.920000,0.351141,0.146867,0.418999,0.957722,-0.270919,-0.096023,0.012259,0.069094,2.700301,1.000000,-0.676426,3.728091
5.925000,0.351135,0.147235,0.418897,0.957869,-0.270454,-0.095862,0.012333,0.069094,2.703013,1.000000,-0.678230,3.733449
5.930000,0.351130,0.147603,0.418795,0.958016,-0.269988,-0.095700,0.012407,0.069094,2.705732,1.000000,-0.679882,3.738556
5.935000,0.351125,0.147970,0.418693,0.958162,-0.269522,-0.095538,0.012480,0.069094,2.708457,1.000000,-0.681423,3.743600
5.940000,0.351121,0.148338,0.418590,0.958309,-0.269056,-0.095374,0.012552,0.069094,2.711188,1.000000,-0.682886,3.748654
5.945000,0.351117,0.148706,0.418487,0.958455,-0.268589,-0.095210,0.012624,0.069094,2.713924,1.000000,-0.684291,3.753718
5.950000,0.351113,0.149074,0.418384,0.958601,-0.268122,-0.095045,0.012695,0.069094,2.716667,1.000000,-0.685645,3.758786
5.955000,0.351110,0.149442,0.418280,0.958747,-0.267655,-0.094880,0.012765,0.069094,2.719414,1.000000,-0.686966,3.763864
5.960000,0.351107,0.149810,0.418177,0.958893,-0.267188,-0.094714,0.012835,0.069094,2.722167,1.000000,-0.688260,3.768954
5.965000,0.351105,0.150177,0.418072,0.959038,-0.266720,-0.094547,0.012903,0.069093,2.724925,1.000000,-0.689520,3.774051
5.970000,0.351103,0.150545,0.417968,0.959184,-0.266252,-0.094380,0.012972,0.069093,2.727687,1.000000,-0.690752,3.779152
5.975000,0.351101,0.150912,0.417863,0.959329,-0.265784,-0.094212,0.013039,0.069093,2.730455,1.000000,-0.691966,3.784265
5.980000,0.351100,0.151280,0.417759,0.959474,-0.265316,-0.094044,0.013106,0.069093,2.733227,1.000000,-0.693163,3.789389
5.985000,0.351098,0.151648,0.417654,0.959619,-0.264848,-0.093876,0.013172,0.069093,2.736005,1.000000,-0.694340,3.794491
5.990000,0.351097,0.152015,0.417548,0.959764,-0.264380,-0.093707,0.013238,0.069093,2.738787,1.000000,-0.695507,3.799605
5.995000,0.351096,0.152382,0.417443,0.959909,-0.263911,-0.093538,0.013303,0.069093,2.741573,1.000000,-0.696666,3.804734
6.000000,0.351095,0.152750,0.417337,0.960053,-0.263443,-0.093369,0.013367,0.069093,2.744364,1.000000,-0.697672,3.809987
6.005000,0.351095,0.153117,0.417231,0.960197,-0.262974,-0.093200,0.013430,0.069093,2.747158,1.000000,-0.698530,3.815227
6.010000,0.351094,0.153484,0.417124,0.960340,-0.262506,-0.093031,0.013493,0.069093,2.749956,1.000000,-0.699294,3.820479
6.015000,0.351092,0.153852,0.417018,0.960484,-0.262038,-0.092863,0.013556,0.069093,2.752757,1.000000,-0.699999,3.825742
6.020000,0.351090,0.154219,0.416911,0.960627,-0.261570,-0.092696,0.013617,0.069092,2.755560,1.000000,-0.700674,3.831068
6.025000,0.351088,0.154587,0.416804,0.960769,-0.261102,-0.092530,0.013679,0.069092,2.758366,1.000000,-0.701332,3.836417
6.030000,0.351085,0.154955,0.416696,0.960911,-0.260635,-0.092364,0.013739,0.069092,2.761175,1.000000,-0.701985,3.841774
6.035000,0.351082,0.155323,0.416589,0.961052,-0.260168,-0.092200,0.013800,0.069092,2.763986,1.000000,-0.702556,3.847409
6.040000,0.351078,0.155691,0.416481,0.961193,-0.259701,-0.092037,0.013859,0.069092,2.766799,1.000000,-0.703046,3.853109
6.045000,0.351073,0.156059,0.416373,0.961334,-0.259234,-0.091876,0.013918,0.069092,2.769614,1.000000,-0.703477,3.858814
6.050000,0.351066,0.156428,0.416264,0.961474,-0.258769,-0.091717,0.013977,0.069092,2.772431,1.000000,-0.703884,3.864525
6.055000,0.351059,0.156797,0.416155,0.961613,-0.258303,-0.091560,0.014035,0.069092,2.775249,1.000000,-0.704319,3.870474
6.060000,0.351050,0.157166,0.416046,0.961751,-0.257838,-0.091405,0.014093,0.069092,2.778069,1.000000,-0.704770,3.876514
6.065000,0.351040,0.157536,0.415936,0.961889,-0.257374,-0.091253,0.014151,0.069092,2.780892,1.000000,-0.705238,3.882556
6.070000,0.351029,0.157906,0.415826,0.962027,-0.256910,-0.091102,0.014208,0.069091,2.783716,1.000000,-0.705820,3.889093
6.075000,0.351017,0.158277,0.415716,0.962164,-0.256446,-0.090954,0.014264,0.069091,2.786543,1.000000,-0.706501,3.896013
6.080000,0.351003,0.158648,0.415605,0.962300,-0.255983,-0.090808,0.014321,0.069091,2.789373,1.000000,-0.707222,3.902933
6.085000,0.350987,0.159020,0.415495,0.962436,-0.255520,-0.090665,0.014377,0.069091,2.792206,1.000000,-0.708027,3.910170
6.090000,0.350970,0.159392,0.415383,0.962571,-0.255058,-0.090523,0.014432,0.069091,2.795042,1.000000,-0.708922,3.917811
6.095000,0.350952,0.159765,0.415272,0.962706,-0.254596,-0.090384,0.014488,0.069091,2.797882,1.000000,-0.709848,3.925456
6.100000,0.350932,0.160138,0.415160,0.962840,-0.254134,-0.090247,0.014543,0.069091,2.800727,1.000000,-0.710961,3.933138
6.105000,0.350912,0.160512,0.415048,0.962973,-0.253672,-0.090111,0.014597,0.069091,2.803576,1.000000,-0.712234,3.940759
6.110000,0.350889,0.160886,0.414936,0.963106,-0.253210,-0.089978,0.014651,0.069091,2.806430,1.000000,-0.713588,3.947925
6.115000,0.350866,0.161261,0.414824,0.963239,-0.252748,-0.089846,0.014705,0.069090,2.809290,1.000000,-0.714969,3.954121
6.120000,0.350842,0.161637,0.414711,0.963372,-0.252286,-0.089715,0.014758,0.069090,2.812155,1.000000,-0.716458,3.960295
6.125000,0.350816,0.162013,0.414598,0.963504,-0.251823,-0.089586,0.014810,0.069090,2.815026,1.000000,-0.717971,3.966338
6.130000,0.350790,0.162390,0.414485,0.963636,-0.251361,-0.089459,0.014862,0.069090,2.817904,1.000000,-0.719604,3.972412
6.135000,0.350762,0.162768,0.414372,0.963768,-0.250897,-0.089333,0.014913,0.069090,2.820789,1.000000,-0.721416,3.978969
6.140000,0.350733,0.163146,0.414259,0.963899,-0.250434,-0.089208,0.014963,0.069090,2.823681,1.000000,-0.723325,3.985791
6.145000,0.350703,0.163525,0.414145,0.964030,-0.249969,-0.089085,0.015012,0.069090,2.826581,1.000000,-0.725205,3.992608
6.150000,0.350672,0.163905,0.414032,0.964161,-0.249505,-0.088963,0.015060,0.069089,2.829488,1.000000,-0.727056,3.999411
6.155000,0.350640,0.164286,0.413918,0.964291,-0.249040,-0.088843,0.015107,0.069089,2.832403,1.000000,-0.728896,4.006268
6.160000,0.350607,0.164667,0.413804,0.964422,-0.248574,-0.088724,0.015153,0.069089,2.835325,1.000000,-0.730723,4.013205
6.165000,0.350572,0.165049,0.413690,0.964552,-0.248109,-0.088607,0.015198,0.069089,2.838255,1.000000,-0.732540,4.020196
6.170000,0.350536,0.165431,0.413576,0.964681,-0.247642,-0.088491,0.015241,0.069089,2.841191,1.000000,-0.734217,4.027239
6.175000,0.350499,0.165815,0.413462,0.964811,-0.247176,-0.088376,0.015284,0.069089,2.844134,1.000000,-0.735788,4.034308
6.180000,0.350460,0.166198,0.413347,0.964940,-0.246710,-0.088264,0.015325,0.069089,2.847083,1.000000,-0.737332,4.041982
6.185000,0.350420,0.166583,0.413232,0.965069,-0.246243,-0.088153,0.015364,0.069088,2.850038,1.000000,-0.738831,4.049803
6.190000,0.350379,0.166967,0.413117,0.965197,-0.245776,-0.088044,0.015402,0.069088,2.852999,1.000000,-0.740309,4.057952
6.195000,0.350336,0.167352,0.413002,0.965325,-0.245309,-0.087936,0.015439,0.069088,2.855966,1.000000,-0.741796,4.066656
6.200000,0.350292,0.167738,0.412887,0.965453,-0.244842,-0.087830,0.015474,0.069088,2.858939,1.000000,-0.743257,4.075411
6.205000,0.350246,0.168124,0.412772,0.965580,-0.244376,-0.087726,0.015507,0.069088,2.861918,1.000000,-0.744745,4.084451
6.210000,0.350199,0.168510,0.412656,0.965707,-0.243908,-0.087623,0.015538,0.069088,2.864903,1.000000,-0.746276,4.093707
6.215000,0.350151,0.168897,0.412541,0.965833,-0.243441,-0.087522,0.015568,0.069088,2.867894,1.000000,-0.747805,4.103011
6.220000,0.350101,0.169284,0.412425,0.965960,-0.242974,-0.087421,0.015595,0.069087,2.870891,1.000000,-0.749356,4.112621
6.225000,0.350050,0.169670,0.412309,0.966086,-0.242507,-0.087322,0.015620,0.069087,2.873895,1.000000,-0.750862,4.122275
6.230000,0.349998,0.170057,0.412193,0.966211,-0.242040,-0.087224,0.015643,0.069087,2.876904,1.000000,-0.752326,4.131971
6.235000,0.349946,0.170444,0.412078,0.966337,-0.241572,-0.087126,0.015664,0.069087,2.879920,1.000000,-0.753741,4.141701
6.240000,0.349892,0.170831,0.411962,0.966462,-0.241105,-0.087030,0.015683,0.069087,2.882941,1.000000,-0.755220,4.151678
6.245000,0.349836,0.171218,0.411846,0.966586,-0.240638,-0.086935,0.015699,0.069087,2.885967,1.000000,-0.756661,4.160953
6.250000,0.349781,0.171605,0.411730,0.966711,-0.240171,-0.086840,0.015712,0.069086,2.888999,1.000000,-0.757515,4.170215
6.255000,0.349724,0.171992,0.411615,0.966835,-0.239705,-0.086745,0.015723,0.069086,2.892031,1.000000,-0.757469,4.179464
6.260000,0.349666,0.172378,0.411500,0.966958,-0.239241,-0.086651,0.015730,0.069086,2.895062,1.000000,-0.756906,4.188613
6.265000,0.349607,0.172765,0.411385,0.967080,-0.238779,-0.086557,0.015734,0.069086,2.898091,1.000000,-0.756093,4.197796
6.270000,0.349548,0.173153,0.411270,0.967202,-0.238321,-0.086463,0.015735,0.069086,2.901115,1.000000,-0.755059,4.207241
6.275000,0.349488,0.173541,0.411156,0.967323,-0.237865,-0.086370,0.015731,0.069086,2.904135,1.000000,-0.753883,4.216693
6.280000,0.349427,0.173929,0.411042,0.967442,-0.237412,-0.086278,0.015723,0.069086,2.907150,1.000000,-0.752644,4.226184
6.285000,0.349365,0.174319,0.410929,0.967561,-0.236962,-0.086186,0.015711,0.069085,2.910160,1.000000,-0.751376,4.235658
6.290000,0.349303,0.174709,0.410816,0.967678,-0.236516,-0.086095,0.015694,0.069085,2.913165,1.000000,-0.750105,4.245132
6.295000,0.349239,0.175100,0.410704,0.967795,-0.236073,-0.086004,0.015673,0.069085,2.916164,1.000000,-0.748853,4.254641
6.300000,0.349175,0.175493,0.410593,0.967910,-0.235634,-0.085915,0.015648,0.069085,2.919159,1.000000,-0.747619,4.264070
6.305000,0.349109,0.175886,0.410482,0.968025,-0.235198,-0.085826,0.015617,0.069085,2.922149,1.000000,-0.746198,4.273407
6.310000,0.349043,0.176281,0.410371,0.968138,-0.234766,-0.085739,0.015582,0.069085,2.925132,1.000000,-0.744682,4.282776
6.315000,0.348975,0.176677,0.410262,0.968250,-0.234338,-0.085654,0.015543,0.069085,2.928110,1.000000,-0.743132,4.292051
6.320000,0.348906,0.177075,0.410153,0.968361,-0.233913,-0.085570,0.015499,0.069084,2.931081,1.000000,-0.741603,4.301358
6.325000,0.348836,0.177473,0.410045,0.968470,-0.233493,-0.085487,0.015451,0.069084,2.934046,1.000000,-0.740122,4.310684
6.330000,0.348764,0.177874,0.409938,0.968579,-0.233075,-0.085407,0.015399,0.069084,2.937006,1.000000,-0.738704,4.319984
6.335000,0.348692,0.178275,0.409832,0.968686,-0.232662,-0.085329,0.015342,0.069084,2.939960,1.000000,-0.737364,4.329316
6.340000,0.348618,0.178678,0.409727,0.968792,-0.232251,-0.085252,0.015282,0.069084,2.942908,1.000000,-0.736030,4.338485
6.345000,0.348542,0.179082,0.409622,0.968897,-0.231845,-0.085177,0.015217,0.069084,2.945852,1.000000,-0.734746,4.347690
6.350000,0.348466,0.179488,0.409519,0.969001,-0.231441,-0.085103,0.015149,0.069084,2.948790,1.000000,-0.733523,4.356928
6.355000,0.348388,0.179894,0.409417,0.969104,-0.231041,-0.085031,0.015076,0.069083,2.951724,1.000000,-0.732365,4.366265
6.360000,0.348309,0.180303,0.409316,0.969206,-0.230645,-0.084961,0.015000,0.069083,2.954653,1.000000,-0.731280,4.375771
6.365000,0.348229,0.180712,0.409216,0.969307,-0.230251,-0.084892,0.014920,0.069083,2.957578,1.000000,-0.730253,4.385311
6.370000,0.348148,0.181123,0.409117,0.969406,-0.229861,-0.084824,0.014837,0.069083,2.960499,1.000000,-0.729283,4.394940
6.375000,0.348065,0.181535,0.409020,0.969505,-0.229473,-0.084758,0.014750,0.069083,2.963417,1.000000,-0.728487,4.404738
6.380000,0.347982,0.181948,0.408924,0.969603,-0.229089,-0.084692,0.014659,0.069083,2.966331,1.000000,-0.727805,4.414568
6.385000,0.347898,0.182362,0.408829,0.969700,-0.228708,-0.084627,0.014565,0.069083,2.969244,1.000000,-0.727202,4.424500
6.390000,0.347814,0.182778,0.408736,0.969797,-0.228329,-0.084563,0.014467,0.069083,2.972154,1.000000,-0.726661,4.434640
6.395000,0.347728,0.183194,0.408644,0.969892,-0.227953,-0.084499,0.014365,0.069082,2.975061,1.000000,-0.726152,4.444813
6.400000,0.347643,0.183612,0.408554,0.969987,-0.227580,-0.084435,0.014260,0.069082,2.977967,1.000000,-0.725674,4.455055
6.405000,0.347556,0.184031,0.408466,0.970081,-0.227209,-0.084371,0.014152,0.069082,2.980872,1.000000,-0.725233,4.465434
6.410000,0.347469,0.184450,0.408378,0.970174,-0.226841,-0.084308,0.014040,0.069082,2.983774,1.000000,-0.724726,4.475762
6.415000,0.347382,0.184871,0.408293,0.970267,-0.226476,-0.084245,0.013924,0.069082,2.986674,1.000000,-0.724195,4.486171
6.420000,0.347294,0.185293,0.408209,0.970358,-0.226114,-0.084182,0.013806,0.069082,2.989572,1.000000,-0.723689,4.496795
6.425000,0.347205,0.185716,0.408127,0.970449,-0.225754,-0.084119,0.013684,0.069082,2.992468,1.000000,-0.723204,4.507455
6.430000,0.347116,0.186139,0.408046,0.970540,-0.225397,-0.084057,0.013559,0.069081,2.995362,1.000000,-0.722741,4.518163
6.435000,0.347027,0.186563,0.407967,0.970629,-0.225042,-0.083995,0.013431,0.069081,2.998255,1.000000,-0.722328,4.529128
6.440000,0.346937,0.186989,0.407889,0.970718,-0.224689,-0.083933,0.013300,0.069081,3.001145,1.000000,-0.721641,4.539681
6.445000,0.346846,0.187414,0.407813,0.970806,-0.224339,-0.083873,0.013167,0.069081,3.004032,1.000000,-0.720819,4.550279
6.450000,0.346755,0.187841,0.407739,0.970893,-0.223992,-0.083813,0.013031,0.069081,3.006916,1.000000,-0.719971,4.561112
6.455000,0.346663,0.188268,0.407666,0.970979,-0.223647,-0.083754,0.012892,0.069081,3.009796,1.000000,-0.719127,4.572036
6.460000,0.346570,0.188695,0.407594,0.971065,-0.223305,-0.083696,0.012752,0.069081,3.012673,1.000000,-0.718300,4.583005
6.465000,0.346476,0.189122,0.407524,0.971150,-0.222965,-0.083640,0.012609,0.069080,3.015547,1.000000,-0.717510,4.594169
6.470000,0.346382,0.189550,0.407456,0.971234,-0.222626,-0.083584,0.012465,0.069080,3.018418,1.000000,-0.716758,4.605505
6.475000,0.346287,0.189978,0.407389,0.971318,-0.222291,-0.083530,0.012318,0.069080,3.021285,1.000000,-0.715808,4.616434
6.480000,0.346191,0.190406,0.407323,0.971400,-0.221957,-0.083478,0.012170,0.069080,3.024148,1.000000,-0.714785,4.627482
6.485000,0.346094,0.190834,0.407258,0.971482,-0.221625,-0.083427,0.012021,0.069080,3.027007,1.000000,-0.713758,4.638766
6.490000,0.345997,0.191262,0.407195,0.971563,-0.221296,-0.083378,0.011870,0.069080,3.029862,1.000000,-0.712733,4.650094
6.495000,0.345898,0.191689,0.407134,0.971644,-0.220968,-0.083331,0.011719,0.069080,3.032713,1.000000,-0.711726,4.661473
6.500000,0.345799,0.192117,0.407073,0.971724,-0.220642,-0.083285,0.011566,0.069080,3.035560,1.000000,-0.710760,4.673084
6.505000,0.345698,0.192543,0.407014,0.971803,-0.220318,-0.083241,0.011412,0.069079,3.038404,1.000000,-0.709820,4.684740
6.510000,0.345597,0.192970,0.406956,0.971881,-0.219996,-0.083199,0.011258,0.069079,3.041243,1.000000,-0.708844,4.696195
6.515000,0.345495,0.193395,0.406900,0.971959,-0.219676,-0.083159,0.011103,0.069079,3.044079,1.000000,-0.707878,4.707809
6.520000,0.345392,0.193820,0.406844,0.972036,-0.219356,-0.083120,0.010946,0.069079,3.046910,1.000000,-0.706901,4.719507
6.525000,0.345289,0.194244,0.406790,0.972113,-0.219039,-0.083083,0.010789,0.069079,3.049738,1.000000,-0.705909,4.731250
6.530000,0.345184,0.194667,0.406737,0.972189,-0.218723,-0.083047,0.010630,0.069079,3.052562,1.000000,-0.704919,4.743139
6.535000,0.345079,0.195090,0.406685,0.972264,-0.218408,-0.083013,0.010471,0.069079,3.055382,1.000000,-0.703944,4.755201
6.540000,0.344972,0.195510,0.406634,0.972339,-0.218095,-0.082980,0.010310,0.069079,3.058198,1.000000,-0.702978,4.767305
6.545000,0.344865,0.195930,0.406584,0.972413,-0.217783,-0.082948,0.010149,0.069078,3.061010,1.000000,-0.702073,4.779257
6.550000,0.344758,0.196349,0.406535,0.972487,-0.217472,-0.082918,0.009986,0.069078,3.063819,1.000000,-0.701249,4.791437
6.555000,0.344649,0.196766,0.406488,0.972560,-0.217162,-0.082888,0.009822,0.069078,3.066624,1.000000,-0.700463,4.803655
6.560000,0.344541,0.197181,0.406441,0.972633,-0.216854,-0.082859,0.009658,0.069078,3.069427,1.000000,-0.699701,4.815914
6.565000,0.344432,0.197595,0.406396,0.972706,-0.216546,-0.082831,0.009493,0.069078,3.072226,1.000000,-0.698974,4.828411
6.570000,0.344322,0.198008,0.406351,0.972778,-0.216239,-0.082803,0.009327,0.069078,3.075023,1.000000,-0.698261,4.840995
6.575000,0.344212,0.198419,0.406308,0.972850,-0.215933,-0.082776,0.009160,0.069078,3.077817,1.000000,-0.697555,4.853619
6.580000,0.344102,0.198829,0.406266,0.972922,-0.215628,-0.082749,0.008992,0.069077,3.080609,1.000000,-0.697074,4.866203
6.585000,0.343992,0.199237,0.406225,0.972993,-0.215323,-0.082722,0.008823,0.069077,3.083399,1.000000,-0.696761,4.878894
6.590000,0.343882,0.199643,0.406186,0.973064,-0.215018,-0.082695,0.008653,0.069077,3.086188,1.000000,-0.696534,4.891618
6.595000,0.343773,0.200048,0.406147,0.973135,-0.214714,-0.082667,0.008483,0.069077,3.088976,1.000000,-0.696354,4.904402
6.600000,0.343663,0.200451,0.406110,0.973206,-0.214411,-0.082638,0.008311,0.069077,3.091764,1.000000,-0.696205,4.917315
6.605000,0.343554,0.200852,0.406074,0.973277,-0.214107,-0.082608,0.008139,0.069077,3.094551,1.000000,-0.696064,4.930259
6.610000,0.343446,0.201252,0.406040,0.973348,-0.213804,-0.082577,0.007966,0.069077,3.097337,1.000000,-0.696034,4.942620
6.615000,0.343339,0.201649,0.406007,0.973418,-0.213500,-0.082545,0.007793,0.069077,3.100124,1.000000,-0.696141,4.955111
6.620000,0.343232,0.202045,0.405975,0.973489,-0.213196,-0.082510,0.007619,0.069076,3.102912,1.000000,-0.696319,4.967636
6.625000,0.343126,0.202439,0.405945,0.973560,-0.212892,-0.082473,0.007445,0.069076,3.105700,1.000000,-0.696534,4.980191
6.630000,0.343022,0.202830,0.405916,0.973632,-0.212587,-0.082434,0.007270,0.069076,3.108489,1.000000,-0.696773,4.992870
6.635000,0.342918,0.203219,0.405888,0.973703,-0.212282,-0.082392,0.007096,0.069076,3.111279,1.000000,-0.697020,5.005624
6.640000,0.342816,0.203607,0.405862,0.973775,-0.211976,-0.082348,0.006920,0.069076,3.114070,1.000000,-0.697264,5.018407
6.645000,0.342715,0.203992,0.405837,0.973847,-0.211669,-0.082301,0.006745,0.069076,3.116862,1.000000,-0.697653,5.031002
6.650000,0.342616,0.204375,0.405814,0.973919,-0.211362,-0.082251,0.006569,0.069076,3.119657,1.000000,-0.698167,5.043724
6.655000,0.342517,0.204756,0.405791,0.973991,-0.211054,-0.082199,0.006394,0.069075,3.122453,1.000000,-0.698741,5.056469
6.660000,0.342421,0.205134,0.405771,0.974064,-0.210745,-0.082143,0.006218,0.069075,3.125252,1.000000,-0.699347,5.069258
6.665000,0.342326,0.205510,0.405751,0.974137,-0.210435,-0.082084,0.006043,0.069075,3.128053,1.000000,-0.699980,5.082218
6.670000,0.342232,0.205885,0.405733,0.974211,-0.210123,-0.082022,0.005867,0.069075,3.130857,1.000000,-0.700618,5.095202
6.675000,0.342140,0.206256,0.405716,0.974284,-0.209811,-0.081957,0.005692,0.069075,3.133663,1.000000,-0.701257,5.108212
6.680000,0.342049,0.206626,0.405700,0.974358,-0.209498,-0.081890,0.005516,0.069075,3.136473,1.000000,-0.701965,5.121371
6.685000,0.341960,0.206994,0.405685,0.974433,-0.209183,-0.081819,0.005341,0.069075,3.139285,1.000000,-0.702717,5.134578
6.690000,0.341873,0.207359,0.405671,0.974508,-0.208867,-0.081745,0.005166,0.069075,3.142100,1.000000,-0.703494,5.147811
6.695000,0.341787,0.207722,0.405658,0.974583,-0.208550,-0.081669,0.004991,0.069074,3.144918,1.000000,-0.704295,5.161152
6.700000,0.341702,0.208084,0.405647,0.974659,-0.208232,-0.081590,0.004816,0.069074,3.147739,1.000000,-0.705113,5.174583
6.705000,0.341620,0.208443,0.405636,0.974734,-0.207913,-0.081509,0.004641,0.069074,3.150564,1.000000,-0.705944,5.188036
6.710000,0.341538,0.208800,0.405626,0.974810,-0.207592,-0.081425,0.004466,0.069074,3.153392,1.000000,-0.706789,5.201554
6.715000,0.341458,0.209155,0.405616,0.974887,-0.207271,-0.081339,0.004291,0.069074,3.156224,1.000000,-0.707539,5.215086
6.720000,0.341379,0.209509,0.405608,0.974964,-0.206948,-0.081251,0.004117,0.069074,3.159058,1.000000,-0.708242,5.228640
6.725000,0.341302,0.209861,0.405600,0.975040,-0.206624,-0.081161,0.003942,0.069074,3.161895,1.000000,-0.708932,5.242221
6.730000,0.341225,0.210210,0.405593,0.975118,-0.206299,-0.081069,0.003768,0.069073,3.164734,1.000000,-0.709640,5.255978
6.735000,0.341150,0.210558,0.405586,0.975195,-0.205974,-0.080976,0.003595,0.069073,3.167577,1.000000,-0.710365,5.269758
6.740000,0.341076,0.210905,0.405580,0.975272,-0.205647,-0.080881,0.003421,0.069073,3.170423,1.000000,-0.711112,5.283565
6.745000,0.341003,0.211249,0.405574,0.975350,-0.205319,-0.080785,0.003248,0.069073,3.173271,1.000000,-0.711891,5.297498
6.750000,0.340932,0.211592,0.405568,0.975428,-0.204990,-0.080689,0.003075,0.069073,3.176123,1.000000,-0.712898,5.312088
6.755000,0.340861,0.211934,0.405563,0.975505,-0.204660,-0.080591,0.002902,0.069073,3.178980,1.000000,-0.714043,5.326706
6.760000,0.340790,0.212274,0.405558,0.975583,-0.204329,-0.080492,0.002729,0.069073,3.181841,1.000000,-0.715283,5.341414
6.765000,0.340721,0.212613,0.405553,0.975662,-0.203997,-0.080394,0.002557,0.069073,3.184708,1.000000,-0.716599,5.356253
6.770000,0.340652,0.212951,0.405548,0.975740,-0.203663,-0.080295,0.002384,0.069072,3.187580,1.000000,-0.717974,5.371116
6.775000,0.340584,0.213287,0.405543,0.975818,-0.203329,-0.080195,0.002213,0.069072,3.190458,1.000000,-0.719403,5.386013
6.780000,0.340516,0.213623,0.405539,0.975897,-0.202993,-0.080096,0.002041,0.069072,3.193341,1.000000,-0.720698,5.400871
6.785000,0.340449,0.213957,0.405534,0.975975,-0.202656,-0.079997,0.001870,0.069072,3.196229,1.000000,-0.721939,5.415752
6.790000,0.340382,0.214290,0.405529,0.976054,-0.202318,-0.079898,0.001699,0.069072,3.199122,1.000000,-0.723180,5.430661
6.795000,0.340315,0.214622,0.405524,0.976132,-0.201979,-0.079799,0.001529,0.069072,3.202020,1.000000,-0.724454,5.445701
6.800000,0.340249,0.214953,0.405519,0.976211,-0.201639,-0.079701,0.001359,0.069072,3.204923,1.000000,-0.725773,5.460821
6.805000,0.340183,0.215283,0.405513,0.976289,-0.201298,-0.079603,0.001191,0.069071,3.207832,1.000000,-0.727137,5.475965
6.810000,0.340117,0.215613,0.405508,0.976368,-0.200957,-0.079505,0.001022,0.069071,3.210746,1.000000,-0.728551,5.491171
6.815000,0.340052,0.215941,0.405502,0.976446,-0.200614,-0.079409,0.000855,0.069071,3.213665,1.000000,-0.729517,5.505482
6.820000,0.339986,0.216269,0.405495,0.976525,-0.200271,-0.079312,0.000689,0.069071,3.216587,1.000000,-0.730256,5.519815
6.825000,0.339921,0.216595,0.405489,0.976603,-0.199927,-0.079217,0.000523,0.069071,3.219511,1.000000,-0.730899,5.534173
6.830000,0.339856,0.216921,0.405481,0.976681,-0.199582,-0.079122,0.000359,0.069071,3.222438,1.000000,-0.731519,5.548699
6.835000,0.339791,0.217245,0.405474,0.976759,-0.199238,-0.079027,0.000196,0.069071,3.225368,1.000000,-0.732140,5.563273
6.840000,0.339727,0.217569,0.405466,0.976837,-0.198892,-0.078934,0.000035,0.069070,3.228300,1.000000,-0.732775,5.577872
6.845000,0.339662,0.217892,0.405457,0.976915,-0.198547,-0.078841,-0.000126,0.069070,3.231235,1.000000,-0.733437,5.592550
6.850000,0.339598,0.218214,0.405448,0.976993,-0.198200,-0.078748,-0.000285,0.069070,3.234172,1.000000,-0.733972,5.606789
6.855000,0.339534,0.218535,0.405438,0.977071,-0.197854,-0.078656,-0.000443,0.069070,3.237111,1.000000,-0.734464,5.621048
6.860000,0.339470,0.218855,0.405428,0.977148,-0.197507,-0.078565,-0.000599,0.069070,3.240052,1.000000,-0.734956,5.635330
6.865000,0.339407,0.219175,0.405418,0.977225,-0.197160,-0.078475,-0.000754,0.069070,3.242995,1.000000,-0.735473,5.649776
6.870000,0.339344,0.219494,0.405407,0.977302,-0.196812,-0.078385,-0.000906,0.069070,3.245941,1.000000,-0.736015,5.664251
6.875000,0.339281,0.219812,0.405396,0.977379,-0.196464,-0.078295,-0.001057,0.069070,3.248888,1.000000,-0.736584,5.678748
6.880000,0.339220,0.220130,0.405385,0.977456,-0.196116,-0.078207,-0.001207,0.069069,3.251838,1.000000,-0.737182,5.693330
6.885000,0.339158,0.220448,0.405373,0.977533,-0.195767,-0.078119,-0.001354,0.069069,3.254790,1.000000,-0.737568,5.707397
6.890000,0.339098,0.220764,0.405361,0.977610,-0.195418,-0.078031,-0.001500,0.069069,3.257742,1.000000,-0.737839,5.721481
6.895000,0.339038,0.221081,0.405349,0.977686,-0.195069,-0.077945,-0.001643,0.069069,3.260696,1.000000,-0.738053,5.735587
6.900000,0.338980,0.221397,0.405337,0.977762,-0.194720,-0.077858,-0.001785,0.069069,3.263651,1.000000,-0.738246,5.749852
6.905000,0.338922,0.221712,0.405324,0.977838,-0.194371,-0.077773,-0.001925,0.069069,3.266606,1.000000,-0.738424,5.764140
6.910000,0.338865,0.222028,0.405312,0.977914,-0.194021,-0.077688,-0.002063,0.069069,3.269562,1.000000,-0.738594,5.778449
6.915000,0.338809,0.222343,0.405299,0.977990,-0.193672,-0.077603,-0.002198,0.069068,3.272519,1.000000,-0.738762,5.792831
6.920000,0.338754,0.222657,0.405287,0.978065,-0.193323,-0.077519,-0.002332,0.069068,3.275475,1.000000,-0.738497,5.806423
6.925000,0.338700,0.222972,0.405274,0.978140,-0.192974,-0.077436,-0.002464,0.069068,3.278430,1.000000,-0.737984,5.820031
6.930000,0.338647,0.223285,0.405262,0.978215,-0.192625,-0.077353,-0.002594,0.069068,3.281382,1.000000,-0.737340,5.833660
6.935000,0.338595,0.223599,0.405250,0.978290,-0.192277,-0.077271,-0.002722,0.069068,3.284332,1.000000,-0.736629,5.847437
6.940000,0.338544,0.223912,0.405237,0.978364,-0.191930,-0.077190,-0.002848,0.069068,3.287278,1.000000,-0.735871,5.861252
6.945000,0.338495,0.224225,0.405225,0.978438,-0.191583,-0.077110,-0.002972,0.069068,3.290222,1.000000,-0.735082,5.875085
6.950000,0.338447,0.224537,0.405212,0.978512,-0.191236,-0.077030,-0.003094,0.069068,3.293161,1.000000,-0.734027,5.888442
6.955000,0.338399,0.224849,0.405200,0.978585,-0.190891,-0.076951,-0.003213,0.069068,3.296096,1.000000,-0.732816,5.901859
6.960000,0.338354,0.225160,0.405188,0.978658,-0.190546,-0.076873,-0.003331,0.069068,3.299026,1.000000,-0.731513,5.915290
6.965000,0.338309,0.225471,0.405176,0.978731,-0.190201,-0.076796,-0.003447,0.069068,3.301951,1.000000,-0.730152,5.928758
6.970000,0.338266,0.225781,0.405164,0.978803,-0.189858,-0.076720,-0.003560,0.069068,3.304870,1.000000,-0.728760,5.942432
6.975000,0.338224,0.226090,0.405151,0.978875,-0.189515,-0.076645,-0.003672,0.069068,3.307783,1.000000,-0.727331,5.956119
6.980000,0.338184,0.226399,0.405139,0.978946,-0.189173,-0.076571,-0.003782,0.069068,3.310690,1.000000,-0.725873,5.969824
6.985000,0.338145,0.226707,0.405127,0.979018,-0.188832,-0.076498,-0.003890,0.069068,3.313592,1.000000,-0.724375,5.983351
6.990000,0.338107,0.227015,0.405116,0.979089,-0.188491,-0.076426,-0.003997,0.069068,3.316488,1.000000,-0.722805,5.996898
6.995000,0.338071,0.227322,0.405104,0.979159,-0.188151,-0.076354,-0.004101,0.069068,3.319376,1.000000,-0.721142,6.010461
7.000000,0.338036,0.227628,0.405093,0.979229,-0.187812,-0.076282,-0.004204,0.069068,3.322259,1.000000,-0.719418,6.024055
7.005000,0.338003,0.227934,0.405083,0.979299,-0.187475,-0.076211,-0.004306,0.069068,3.325134,1.000000,-0.717656,6.037691
7.010000,0.337972,0.228238,0.405073,0.979369,-0.187138,-0.076140,-0.004406,0.069068,3.328002,1.000000,-0.715870,6.051339
7.015000,0.337941,0.228543,0.405064,0.979438,-0.186802,-0.076070,-0.004504,0.069068,3.330862,1.000000,-0.714072,6.065005
7.020000,0.337912,0.228846,0.405055,0.979507,-0.186467,-0.075999,-0.004601,0.069068,3.333716,1.000000,-0.712220,6.078547
7.025000,0.337885,0.229149,0.405048,0.979575,-0.186133,-0.075929,-0.004697,0.069068,3.336562,1.000000,-0.710338,6.092102
7.030000,0.337859,0.229451,0.405041,0.979643,-0.185800,-0.075860,-0.004792,0.069068,3.339400,1.000000,-0.708443,6.105673
7.035000,0.337835,0.229752,0.405035,0.979711,-0.185468,-0.075790,-0.004885,0.069068,3.342231,1.000000,-0.706547,6.119285
7.040000,0.337812,0.230053,0.405030,0.979779,-0.185136,-0.075721,-0.004977,0.069067,3.345054,1.000000,-0.704656,6.132932
7.045000,0.337790,0.230352,0.405026,0.979846,-0.184806,-0.075651,-0.005068,0.069067,3.347870,1.000000,-0.702773,6.146591
7.050000,0.337770,0.230652,0.405023,0.979913,-0.184477,-0.075583,-0.005158,0.069067,3.350678,1.000000,-0.700901,6.160272
7.055000,0.337751,0.230950,0.405021,0.979979,-0.184149,-0.075514,-0.005246,0.069067,3.353479,1.000000,-0.698930,6.173867
7.060000,0.337734,0.231248,0.405020,0.980045,-0.183822,-0.075447,-0.005334,0.069067,3.356271,1.000000,-0.696911,6.187474
7.065000,0.337718,0.231545,0.405019,0.980111,-0.183496,-0.075379,-0.005420,0.069067,3.359055,1.000000,-0.694876,6.201096
7.070000,0.337704,0.231841,0.405020,0.980177,-0.183171,-0.075313,-0.005506,0.069067,3.361832,1.000000,-0.692845,6.214788
7.075000,0.337691,0.232137,0.405022,0.980242,-0.182847,-0.075247,-0.005590,0.069067,3.364600,1.000000,-0.690828,6.228508
7.080000,0.337679,0.232432,0.405025,0.980306,-0.182524,-0.075182,-0.005673,0.069067,3.367360,1.000000,-0.688828,6.242244
7.085000,0.337668,0.232726,0.405028,0.980371,-0.182202,-0.075117,-0.005756,0.069067,3.370112,1.000000,-0.686852,6.256002
7.090000,0.337659,0.233019,0.405033,0.980435,-0.181881,-0.075054,-0.005837,0.069067,3.372856,1.000000,-0.684896,6.269726
7.095000,0.337651,0.233312,0.405039,0.980498,-0.181561,-0.074991,-0.005917,0.069067,3.375592,1.000000,-0.682960,6.283461
7.100000,0.337644,0.233604,0.405046,0.980562,-0.181242,-0.074929,-0.005997,0.069066,3.378321,1.000000,-0.681047,6.297209
7.105000,0.337639,0.233895,0.405053,0.980624,-0.180924,-0.074868,-0.006075,0.069066,3.381042,1.000000,-0.679155,6.311005
7.110000,0.337634,0.234186,0.405062,0.980687,-0.180607,-0.074807,-0.006153,0.069066,3.383755,1.000000,-0.677046,6.324812
7.115000,0.337631,0.234475,0.405071,0.980749,-0.180291,-0.074748,-0.006229,0.069066,3.386459,1.000000,-0.674849,6.338633
7.120000,0.337629,0.234764,0.405081,0.980811,-0.179976,-0.074688,-0.006304,0.069066,3.389155,1.000000,-0.672633,6.352190
7.125000,0.337629,0.235052,0.405092,0.980873,-0.179663,-0.074628,-0.006378,0.069066,3.391842,1.000000,-0.670458,6.365766
7.130000,0.337629,0.235340,0.405102,0.980934,-0.179350,-0.074569,-0.006451,0.069066,3.394520,1.000000,-0.668346,6.379353
7.135000,0.337631,0.235626,0.405113,0.980995,-0.179038,-0.074510,-0.006522,0.069066,3.397190,1.000000,-0.666297,6.392956
7.140000,0.337634,0.235912,0.405125,0.981056,-0.178728,-0.074450,-0.006593,0.069066,3.399851,1.000000,-0.664308,6.406599
7.145000,0.337639,0.236197,0.405136,0.981116,-0.178418,-0.074391,-0.006662,0.069066,3.402505,1.000000,-0.662373,6.420253
7.150000,0.337644,0.236482,0.405148,0.981176,-0.178110,-0.074332,-0.006731,0.069066,3.405152,1.000000,-0.660490,6.433918
7.155000,0.337651,0.236766,0.405160,0.981236,-0.177802,-0.074274,-0.006798,0.069066,3.407790,1.000000,-0.658164,6.446545
7.160000,0.337659,0.237048,0.405172,0.981295,-0.177496,-0.074215,-0.006864,0.069066,3.410417,1.000000,-0.655589,6.459185
7.165000,0.337668,0.237331,0.405184,0.981354,-0.177192,-0.074156,-0.006929,0.069066,3.413034,1.000000,-0.652897,6.471837
7.170000,0.337679,0.237612,0.405196,0.981413,-0.176888,-0.074097,-0.006993,0.069065,3.415641,1.000000,-0.650156,6.484517
7.175000,0.337691,0.237892,0.405208,0.981471,-0.176587,-0.074038,-0.007056,0.069065,3.418236,1.000000,-0.647400,6.497241
7.180000,0.337704,0.238172,0.405221,0.981529,-0.176286,-0.073979,-0.007119,0.069065,3.420820,1.000000,-0.644649,6.509974
7.185000,0.337718,0.238451,0.405234,0.981587,-0.175988,-0.073920,-0.007180,0.069065,3.423393,1.000000,-0.641912,6.522718
7.190000,0.337734,0.238728,0.405247,0.981644,-0.175690,-0.073860,-0.007240,0.069065,3.425954,1.000000,-0.638330,6.533515
7.195000,0.337751,0.239005,0.405260,0.981701,-0.175395,-0.073800,-0.007299,0.069065,3.428498,1.000000,-0.634241,6.544322
7.200000,0.337769,0.239280,0.405273,0.981757,-0.175102,-0.073740,-0.007357,0.069065,3.431026,1.000000,-0.629884,6.555138
7.205000,0.337789,0.239554,0.405286,0.981813,-0.174811,-0.073679,-0.007413,0.069065,3.433535,1.000000,-0.625386,6.565988
7.210000,0.337811,0.239826,0.405299,0.981869,-0.174523,-0.073617,-0.007469,0.069065,3.436027,1.000000,-0.620809,6.576867
7.215000,0.337834,0.240097,0.405313,0.981924,-0.174236,-0.073554,-0.007523,0.069065,3.438500,1.000000,-0.616186,6.587753
7.220000,0.337858,0.240366,0.405327,0.981979,-0.173952,-0.073491,-0.007577,0.069065,3.440954,1.000000,-0.611540,6.598660
7.225000,0.337885,0.240633,0.405340,0.982033,-0.173671,-0.073427,-0.007630,0.069065,3.443388,1.000000,-0.605800,6.606929
7.230000,0.337913,0.240899,0.405355,0.982087,-0.173392,-0.073361,-0.007681,0.069065,3.445796,1.000000,-0.599398,6.615202
7.235000,0.337943,0.241162,0.405369,0.982140,-0.173116,-0.073294,-0.007731,0.069065,3.448179,1.000000,-0.592641,6.623482
7.240000,0.337975,0.241423,0.405383,0.982193,-0.172844,-0.073225,-0.007780,0.069065,3.450533,1.000000,-0.585683,6.631828
7.245000,0.338009,0.241682,0.405398,0.982245,-0.172574,-0.073155,-0.007829,0.069065,3.452860,1.000000,-0.578600,6.640203
7.250000,0.338046,0.241938,0.405414,0.982297,-0.172308,-0.073083,-0.007876,0.069064,3.455158,1.000000,-0.571514,6.648583
7.255000,0.338085,0.242192,0.405430,0.982348,-0.172045,-0.073010,-0.007923,0.069064,3.457427,1.000000,-0.564561,6.656990
7.260000,0.338125,0.242443,0.405446,0.982398,-0.171785,-0.072936,-0.007970,0.069064,3.459667,1.000000,-0.556664,6.662648
7.265000,0.338168,0.242692,0.405462,0.982448,-0.171529,-0.072862,-0.008016,0.069064,3.461874,1.000000,-0.548134,6.668307
7.270000,0.338212,0.242938,0.405479,0.982497,-0.171277,-0.072788,-0.008063,0.069064,3.464046,1.000000,-0.539228,6.673971
7.275000,0.338259,0.243182,0.405496,0.982546,-0.171030,-0.072715,-0.008109,0.069064,3.466181,1.000000,-0.530085,6.679738
7.280000,0.338307,0.243422,0.405514,0.982593,-0.170787,-0.072641,-0.008155,0.069064,3.468280,1.000000,-0.520784,6.685519
7.285000,0.338358,0.243659,0.405533,0.982639,-0.170548,-0.072567,-0.008202,0.069064,3.470340,1.000000,-0.511371,6.691303
7.290000,0.338411,0.243894,0.405552,0.982685,-0.170314,-0.072494,-0.008248,0.069064,3.472362,1.000000,-0.501156,6.694789
7.295000,0.338466,0.244124,0.405571,0.982730,-0.170084,-0.072420,-0.008295,0.069064,3.474341,1.000000,-0.490405,6.698314
7.300000,0.338524,0.244352,0.405592,0.982774,-0.169860,-0.072347,-0.008342,0.069064,3.476276,1.000000,-0.479327,6.701839
7.305000,0.338585,0.244576,0.405613,0.982816,-0.169640,-0.072274,-0.008390,0.069064,3.478167,1.000000,-0.468037,6.705376
7.310000,0.338648,0.244796,0.405634,0.982858,-0.169426,-0.072201,-0.008438,0.069064,3.480012,1.000000,-0.456605,6.709023
7.315000,0.338714,0.245012,0.405657,0.982899,-0.169217,-0.072128,-0.008487,0.069064,3.481811,1.000000,-0.445068,6.712670
7.320000,0.338783,0.245225,0.405680,0.982939,-0.169012,-0.072055,-0.008537,0.069064,3.483563,1.000000,-0.433471,6.716321
7.325000,0.338856,0.245433,0.405704,0.982979,-0.168813,-0.071983,-0.008588,0.069063,3.485271,1.000000,-0.422759,6.717911
7.330000,0.338930,0.245639,0.405729,0.983017,-0.168617,-0.071911,-0.008641,0.069063,3.486939,1.000000,-0.413060,6.719530
7.335000,0.339006,0.245840,0.405754,0.983054,-0.168426,-0.071840,-0.008696,0.069063,3.488567,1.000000,-0.403132,6.721150
7.340000,0.339086,0.246038,0.405780,0.983091,-0.168239,-0.071768,-0.008752,0.069063,3.490156,1.000000,-0.392998,6.722808
7.345000,0.339168,0.246232,0.405806,0.983127,-0.168056,-0.071693,-0.008809,0.069063,3.491703,1.000000,-0.382719,6.724564
7.350000,0.339254,0.246422,0.405832,0.983163,-0.167877,-0.071616,-0.008868,0.069063,3.493208,1.000000,-0.371926,6.726319
7.355000,0.339344,0.246608,0.405859,0.983198,-0.167702,-0.071535,-0.008929,0.069063,3.494670,1.000000,-0.360768,6.728077
7.360000,0.339438,0.246789,0.405886,0.983233,-0.167531,-0.071451,-0.008991,0.069063,3.496084,1.000000,-0.348688,6.727563
7.365000,0.339536,0.246966,0.405914,0.983267,-0.167365,-0.071362,-0.009054,0.069063,3.497448,1.000000,-0.335949,6.727058
7.370000,0.339640,0.247137,0.405943,0.983301,-0.167204,-0.071269,-0.009119,0.069063,3.498761,1.000000,-0.322809,6.726557
7.375000,0.339748,0.247304,0.405972,0.983334,-0.167047,-0.071171,-0.009186,0.069063,3.500020,1.000000,-0.309411,6.726132
7.380000,0.339863,0.247465,0.406003,0.983366,-0.166896,-0.071067,-0.009255,0.069063,3.501225,1.000000,-0.295841,6.725785
7.385000,0.339983,0.247622,0.406034,0.983398,-0.166749,-0.070959,-0.009326,0.069063,3.502376,1.000000,-0.282152,6.725438
7.390000,0.340108,0.247773,0.406067,0.983430,-0.166607,-0.070847,-0.009399,0.069062,3.503472,1.000000,-0.268385,6.725108
7.395000,0.340240,0.247920,0.406100,0.983461,-0.166470,-0.070729,-0.009475,0.069062,3.504511,1.000000,-0.254061,6.722815
7.400000,0.340378,0.248061,0.406135,0.983491,-0.166339,-0.070606,-0.009553,0.069062,3.505492,1.000000,-0.239303,6.720524
7.405000,0.340523,0.248196,0.406170,0.983521,-0.166212,-0.070477,-0.009634,0.069062,3.506414,1.000000,-0.224304,6.718239
7.410000,0.340675,0.248327,0.406207,0.983550,-0.166091,-0.070343,-0.009718,0.069062,3.507275,1.000000,-0.209178,6.716055
7.415000,0.340834,0.248451,0.406245,0.983579,-0.165976,-0.070203,-0.009804,0.069062,3.508075,1.000000,-0.193988,6.713908
7.420000,0.341001,0.248571,0.406285,0.983607,-0.165866,-0.070058,-0.009894,0.069062,3.508815,1.000000,-0.178780,6.711767
7.425000,0.341174,0.248685,0.406326,0.983634,-0.165761,-0.069908,-0.009987,0.069062,3.509494,1.000000,-0.163591,6.709672
7.430000,0.341356,0.248793,0.406368,0.983661,-0.165662,-0.069752,-0.010084,0.069062,3.510112,1.000000,-0.148252,6.706068
7.435000,0.341545,0.248897,0.406411,0.983687,-0.165568,-0.069591,-0.010184,0.069062,3.510668,1.000000,-0.132732,6.702471
7.440000,0.341743,0.248994,0.406456,0.983713,-0.165479,-0.069423,-0.010288,0.069062,3.511162,1.000000,-0.117139,6.698883
7.445000,0.341950,0.249087,0.406502,0.983738,-0.165396,-0.069249,-0.010396,0.069062,3.511594,1.000000,-0.101542,6.695432
7.450000,0.342165,0.249174,0.406550,0.983763,-0.165318,-0.069070,-0.010509,0.069062,3.511964,1.000000,-0.085983,6.691989
7.455000,0.342389,0.249255,0.406599,0.983786,-0.165246,-0.068884,-0.010625,0.069061,3.512271,1.000000,-0.070497,6.688557
7.460000,0.342622,0.249332,0.406649,0.983810,-0.165179,-0.068693,-0.010746,0.069061,3.512517,1.000000,-0.055054,6.684414
7.465000,0.342865,0.249403,0.406701,0.983832,-0.165118,-0.068496,-0.010872,0.069061,3.512701,1.000000,-0.039624,6.680325
7.470000,0.343116,0.249470,0.406755,0.983854,-0.165062,-0.068293,-0.011003,0.069061,3.512823,1.000000,-0.024264,6.676246
7.475000,0.343378,0.249531,0.406810,0.983876,-0.165012,-0.068084,-0.011138,0.069061,3.512884,1.000000,-0.009015,6.672201
7.480000,0.343649,0.249588,0.406866,0.983897,-0.164967,-0.067870,-0.011279,0.069061,3.512883,1.000000,0.006094,6.668250
7.485000,0.343930,0.249639,0.406924,0.983917,-0.164928,-0.067650,-0.011424,0.069061,3.512809,1.000000,0.021042,6.664308
7.490000,0.344220,0.249687,0.406983,0.983936,-0.164893,-0.067425,-0.011575,0.069061,3.512661,1.000000,0.035810,6.660379
7.495000,0.344520,0.249729,0.407043,0.983955,-0.164865,-0.067196,-0.011731,0.069061,3.512440,1.000000,0.050244,6.656842
7.500000,0.344830,0.249767,0.407105,0.983973,-0.164841,-0.066963,-0.011892,0.069061,3.512147,1.000000,0.064373,6.653328
7.505000,0.345149,0.249801,0.407168,0.983990,-0.164823,-0.066725,-0.012058,0.069061,3.511785,1.000000,0.078225,6.649827
7.510000,0.345478,0.249831,0.407231,0.984006,-0.164809,-0.066484,-0.012230,0.069061,3.511355,1.000000,0.091814,6.646405
7.515000,0.345816,0.249857,0.407296,0.984022,-0.164801,-0.066240,-0.012407,0.069060,3.510857,1.000000,0.105140,6.643075
7.520000,0.346163,0.249879,0.407362,0.984037,-0.164797,-0.065992,-0.012589,0.069060,3.510294,1.000000,0.118199,6.639754
7.525000,0.346520,0.249897,0.407429,0.984051,-0.164798,-0.065742,-0.012776,0.069060,3.509666,1.000000,0.130984,6.636449
7.530000,0.346885,0.249911,0.407497,0.984064,-0.164804,-0.065490,-0.012968,0.069060,3.508976,1.000000,0.143280,6.633512
7.535000,0.347260,0.249922,0.407566,0.984077,-0.164815,-0.065235,-0.013165,0.069060,3.508225,1.000000,0.155165,6.630584
7.540000,0.347644,0.249930,0.407636,0.984089,-0.164830,-0.064978,-0.013368,0.069060,3.507416,1.000000,0.166698,6.627669
7.545000,0.348037,0.249935,0.407707,0.984100,-0.164849,-0.064720,-0.013575,0.069060,3.506551,1.000000,0.177908,6.624835
7.550000,0.348438,0.249937,0.407778,0.984110,-0.164872,-0.064460,-0.013787,0.069060,3.505630,1.000000,0.188806,6.622037
7.555000,0.348848,0.249936,0.407850,0.984119,-0.164900,-0.064200,-0.014004,0.069060,3.504656,1.000000,0.199399,6.619253
7.560000,0.349266,0.249932,0.407923,0.984128,-0.164931,-0.063938,-0.014226,0.069060,3.503630,1.000000,0.209690,6.616522
7.565000,0.349692,0.249926,0.407996,0.984135,-0.164967,-0.063676,-0.014452,0.069060,3.502553,1.000000,0.219819,6.613949
7.570000,0.350127,0.249918,0.408070,0.984142,-0.165007,-0.063414,-0.014683,0.069059,3.501426,1.000000,0.229662,6.611383
7.575000,0.350569,0.249907,0.408144,0.984148,-0.165051,-0.063152,-0.014918,0.069059,3.500251,1.000000,0.239202,6.608830
7.580000,0.351018,0.249894,0.408218,0.984153,-0.165099,-0.062891,-0.015157,0.069059,3.499029,1.000000,0.248424,6.606332
7.585000,0.351475,0.249879,0.408292,0.984157,-0.165150,-0.062632,-0.015400,0.069059,3.497762,1.000000,0.257332,6.603844
7.590000,0.351939,0.249862,0.408367,0.984161,-0.165205,-0.062373,-0.015647,0.069059,3.496451,1.000000,0.265929,6.601368
7.595000,0.352409,0.249843,0.408441,0.984163,-0.165264,-0.062117,-0.015897,0.069059,3.495099,1.000000,0.274219,6.598949
7.600000,0.352886,0.249823,0.408516,0.984164,-0.165327,-0.061862,-0.016151,0.069059,3.493704,1.000000,0.282481,6.596725
7.605000,0.353370,0.249801,0.408590,0.984165,-0.165393,-0.061610,-0.016408,0.069059,3.492269,1.000000,0.290508,6.594506
7.610000,0.353859,0.249778,0.408664,0.984164,-0.165463,-0.061361,-0.016668,0.069059,3.490795,1.000000,0.298259,6.592318
7.615000,0.354354,0.249753,0.408737,0.984163,-0.165536,-0.061116,-0.016931,0.069059,3.489283,1.000000,0.305722,6.590215
7.620000,0.354854,0.249727,0.408809,0.984160,-0.165613,-0.060874,-0.017196,0.069058,3.487735,1.000000,0.312883,6.588117
7.625000,0.355360,0.249699,0.408881,0.984157,-0.165693,-0.060636,-0.017463,0.069058,3.486151,1.000000,0.319745,6.586028
7.630000,0.355870,0.249671,0.408951,0.984152,-0.165776,-0.060402,-0.017733,0.069058,3.484535,1.000000,0.326338,6.583963
7.635000,0.356386,0.249641,0.409021,0.984147,-0.165862,-0.060172,-0.018005,0.069058,3.482886,1.000000,0.332664,6.581908
7.640000,0.356906,0.249610,0.409090,0.984140,-0.165951,-0.059946,-0.018278,0.069058,3.481206,1.000000,0.338720,6.579862
7.645000,0.357430,0.249579,0.409157,0.984133,-0.166044,-0.059724,-0.018554,0.069058,3.479497,1.000000,0.344511,6.577849
7.650000,0.357959,0.249546,0.409223,0.984125,-0.166139,-0.059506,-0.018831,0.069058,3.477759,1.000000,0.350040,6.575869
7.655000,0.358491,0.249513,0.409288,0.984116,-0.166237,-0.059292,-0.019110,0.069058,3.475995,1.000000,0.355310,6.573896
7.660000,0.359028,0.249479,0.409352,0.984106,-0.166337,-0.059082,-0.019390,0.069058,3.474205,1.000000,0.360327,6.571941
7.665000,0.359568,0.249445,0.409414,0.984096,-0.166441,-0.058876,-0.019672,0.069058,3.472390,1.000000,0.365358,6.569606
7.670000,0.360112,0.249409,0.409474,0.984084,-0.166547,-0.058674,-0.019955,0.069057,3.470550,1.000000,0.370305,6.567277
7.675000,0.360659,0.249374,0.409532,0.984071,-0.166656,-0.058476,-0.020239,0.069057,3.468686,1.000000,0.375094,6.564958
7.680000,0.361209,0.249337,0.409589,0.984058,-0.166768,-0.058282,-0.020525,0.069057,3.466799,1.000000,0.379685,6.562661
7.685000,0.361762,0.249300,0.409644,0.984044,-0.166883,-0.058092,-0.020811,0.069057,3.464889,1.000000,0.384065,6.560376
7.690000,0.362318,0.249263,0.409697,0.984029,-0.167000,-0.057907,-0.021098,0.069057,3.462958,1.000000,0.388233,6.558101
7.695000,0.362877,0.249225,0.409748,0.984013,-0.167120,-0.057725,-0.021386,0.069057,3.461007,1.000000,0.392190,6.555848
7.700000,0.363438,0.249187,0.409796,0.983996,-0.167243,-0.057547,-0.021675,0.069057,3.459036,1.000000,0.396147,6.552611
7.705000,0.364002,0.249148,0.409843,0.983979,-0.167368,-0.057372,-0.021964,0.069057,3.457046,1.000000,0.400135,6.549383
7.710000,0.364568,0.249109,0.409887,0.983960,-0.167496,-0.057201,-0.022254,0.069057,3.455036,1.000000,0.404052,6.546168
7.715000,0.365136,0.249069,0.409928,0.983941,-0.167627,-0.057033,-0.022544,0.069057,3.453006,1.000000,0.407853,6.543047
7.720000,0.365706,0.249029,0.409968,0.983921,-0.167760,-0.056868,-0.022835,0.069056,3.450958,1.000000,0.411510,6.539937
7.725000,0.366278,0.248989,0.410004,0.983901,-0.167897,-0.056707,-0.023126,0.069056,3.448892,1.000000,0.415011,6.536840
7.730000,0.366853,0.248948,0.410038,0.983879,-0.168036,-0.056548,-0.023418,0.069056,3.446809,1.000000,0.418345,6.533750
7.735000,0.367429,0.248907,0.410070,0.983857,-0.168177,-0.056392,-0.023710,0.069056,3.444710,1.000000,0.421704,6.529709
7.740000,0.368006,0.248865,0.410099,0.983834,-0.168322,-0.056238,-0.024002,0.069056,3.442594,1.000000,0.425124,6.525679
7.745000,0.368586,0.248823,0.410125,0.983810,-0.168469,-0.056086,-0.024295,0.069056,3.440461,1.000000,0.428508,6.521674
7.750000,0.369167,0.248780,0.410148,0.983786,-0.168619,-0.055936,-0.024588,0.069056,3.438311,1.000000,0.431810,6.517721
7.755000,0.369750,0.248736,0.410169,0.983761,-0.168771,-0.055787,-0.024882,0.069056,3.436145,1.000000,0.435005,6.513778
7.760000,0.370335,0.248693,0.410187,0.983735,-0.168927,-0.055640,-0.025175,0.069056,3.433963,1.000000,0.438081,6.509849
7.765000,0.370920,0.248648,0.410202,0.983708,-0.169085,-0.055495,-0.025469,0.069055,3.431766,1.000000,0.441036,6.505981
7.770000,0.371507,0.248603,0.410214,0.983681,-0.169246,-0.055351,-0.025764,0.069055,3.429554,1.000000,0.444184,6.501291
7.775000,0.372096,0.248558,0.410223,0.983653,-0.169410,-0.055208,-0.026058,0.069055,3.427326,1.000000,0.447440,6.496616
7.780000,0.372685,0.248511,0.410229,0.983624,-0.169577,-0.055066,-0.026353,0.069055,3.425082,1.000000,0.450686,6.491966
7.785000,0.373276,0.248464,0.410232,0.983595,-0.169747,-0.054925,-0.026648,0.069055,3.422821,1.000000,0.453865,6.487341
7.790000,0.373867,0.248417,0.410233,0.983565,-0.169919,-0.054785,-0.026943,0.069055,3.420546,1.000000,0.456949,6.482728
7.795000,0.374459,0.248368,0.410230,0.983534,-0.170095,-0.054646,-0.027238,0.069055,3.418255,1.000000,0.459923,6.478132
7.800000,0.375051,0.248319,0.410224,0.983503,-0.170273,-0.054507,-0.027533,0.069055,3.415949,1.000000,0.463029,6.472206
7.805000,0.375645,0.248268,0.410215,0.983471,-0.170455,-0.054369,-0.027828,0.069055,3.413627,1.000000,0.466321,6.466293
7.810000,0.376239,0.248216,0.410203,0.983438,-0.170639,-0.054230,-0.028122,0.069054,3.411288,1.000000,0.469661,6.460397
7.815000,0.376834,0.248164,0.410188,0.983405,-0.170827,-0.054091,-0.028417,0.069054,3.408933,1.000000,0.472978,6.454531
7.820000,0.377430,0.248110,0.410170,0.983371,-0.171017,-0.053952,-0.028712,0.069054,3.406562,1.000000,0.476238,6.448682
7.825000,0.378026,0.248055,0.410149,0.983336,-0.171211,-0.053811,-0.029007,0.069054,3.404174,1.000000,0.479422,6.442850
7.830000,0.378623,0.247998,0.410125,0.983301,-0.171408,-0.053671,-0.029302,0.069054,3.401771,1.000000,0.482521,6.437048
7.835000,0.379221,0.247940,0.410098,0.983265,-0.171607,-0.053529,-0.029596,0.069054,3.399351,1.000000,0.485939,6.429602
7.840000,0.379819,0.247881,0.410068,0.983228,-0.171810,-0.053385,-0.029891,0.069054,3.396914,1.000000,0.489669,6.422171
7.845000,0.380418,0.247820,0.410036,0.983191,-0.172017,-0.053240,-0.030186,0.069054,3.394458,1.000000,0.493525,6.414757
7.850000,0.381017,0.247757,0.410001,0.983153,-0.172226,-0.053093,-0.030481,0.069053,3.391982,1.000000,0.497400,6.407362
7.855000,0.381617,0.247693,0.409963,0.983115,-0.172440,-0.052944,-0.030776,0.069053,3.389487,1.000000,0.501252,6.399981
7.860000,0.382218,0.247626,0.409923,0.983075,-0.172656,-0.052792,-0.031071,0.069053,3.386973,1.000000,0.505051,6.392620
7.865000,0.382819,0.247558,0.409880,0.983036,-0.172876,-0.052639,-0.031367,0.069053,3.384440,1.000000,0.508790,6.385329
7.870000,0.383421,0.247488,0.409834,0.982995,-0.173099,-0.052483,-0.031662,0.069053,3.381888,1.000000,0.512889,6.376284
7.875000,0.384023,0.247415,0.409786,0.982954,-0.173326,-0.052324,-0.031958,0.069053,3.379314,1.000000,0.517338,6.367259
7.880000,0.384625,0.247340,0.409736,0.982912,-0.173557,-0.052161,-0.032254,0.069053,3.376717,1.000000,0.521924,6.358249
7.885000,0.385229,0.247263,0.409684,0.982870,-0.173792,-0.051996,-0.032550,0.069053,3.374098,1.000000,0.526539,6.349251
7.890000,0.385833,0.247183,0.409630,0.982827,-0.174030,-0.051827,-0.032847,0.069052,3.371455,1.000000,0.531131,6.340270
7.895000,0.386437,0.247101,0.409573,0.982783,-0.174273,-0.051655,-0.033144,0.069052,3.368790,1.000000,0.535670,6.331311
7.900000,0.387042,0.247016,0.409515,0.982738,-0.174518,-0.051479,-0.033441,0.069052,3.366102,1.000000,0.540146,6.322425
7.905000,0.387648,0.246928,0.409454,0.982693,-0.174768,-0.051300,-0.033738,0.069052,3.363391,1.000000,0.545180,6.311855
7.910000,0.388253,0.246837,0.409392,0.982647,-0.175022,-0.051118,-0.034036,0.069052,3.360653,1.000000,0.550603,6.301305
7.915000,0.388860,0.246743,0.409328,0.982601,-0.175280,-0.050932,-0.034334,0.069052,3.357887,1.000000,0.556164,6.290764
7.920000,0.389466,0.246646,0.409262,0.982553,-0.175542,-0.050743,-0.034632,0.069052,3.355094,1.000000,0.561742,6.280234
7.925000,0.390072,0.246545,0.409194,0.982505,-0.175808,-0.050550,-0.034930,0.069052,3.352273,1.000000,0.567278,6.269725
7.930000,0.390679,0.246441,0.409125,0.982456,-0.176078,-0.050354,-0.035228,0.069051,3.349424,1.000000,0.572737,6.259254
7.935000,0.391286,0.246334,0.409054,0.982406,-0.176352,-0.050156,-0.035526,0.069051,3.346548,1.000000,0.578104,6.248837
7.940000,0.391893,0.246223,0.408982,0.982356,-0.176630,-0.049954,-0.035824,0.069051,3.343645,1.000000,0.583698,6.237911
7.945000,0.392499,0.246108,0.408908,0.982305,-0.176912,-0.049749,-0.036122,0.069051,3.340714,1.000000,0.589347,6.227004
7.950000,0.393105,0.245990,0.408832,0.982253,-0.177197,-0.049542,-0.036420,0.069051,3.337755,1.000000,0.594956,6.216148
7.955000,0.393711,0.245867,0.408755,0.982200,-0.177487,-0.049333,-0.036718,0.069051,3.334767,1.000000,0.600473,6.205308
7.960000,0.394317,0.245741,0.408677,0.982146,-0.177780,-0.049121,-0.037016,0.069051,3.331753,1.000000,0.605872,6.194487
7.965000,0.394922,0.245611,0.408597,0.982092,-0.178076,-0.048906,-0.037313,0.069051,3.328712,1.000000,0.611130,6.183675
7.970000,0.395526,0.245477,0.408516,0.982037,-0.178376,-0.048690,-0.037611,0.069050,3.325645,1.000000,0.616410,6.172361
7.975000,0.396130,0.245339,0.408434,0.981981,-0.178679,-0.048471,-0.037908,0.069050,3.322551,1.000000,0.621669,6.161063
7.980000,0.396733,0.245196,0.408350,0.981925,-0.178986,-0.048250,-0.038206,0.069050,3.319431,1.000000,0.626846,6.149803
7.985000,0.397335,0.245050,0.408266,0.981868,-0.179296,-0.048028,-0.038503,0.069050,3.316286,1.000000,0.631909,6.138608
7.990000,0.397936,0.244900,0.408180,0.981810,-0.179609,-0.047803,-0.038800,0.069050,3.313116,1.000000,0.636834,6.127429
7.995000,0.398537,0.244745,0.408093,0.981751,-0.179925,-0.047576,-0.039097,0.069050,3.309922,1.000000,0.641610,6.116269
8.000000,0.399137,0.244587,0.408005,0.981692,-0.180244,-0.047348,-0.039394,0.069050,3.306704,1.000000,0.646231,6.105156
8.005000,0.399736,0.244424,0.407916,0.981631,-0.180567,-0.047118,-0.039691,0.069049,3.303462,1.000000,0.651268,6.093362
8.010000,0.400333,0.244257,0.407827,0.981571,-0.180892,-0.046887,-0.039988,0.069049,3.300195,1.000000,0.656447,6.081585
8.015000,0.400930,0.244086,0.407736,0.981509,-0.181220,-0.046655,-0.040284,0.069049,3.296901,1.000000,0.661605,6.069838
8.020000,0.401525,0.243911,0.407644,0.981446,-0.181552,-0.046423,-0.040580,0.069049,3.293582,1.000000,0.666661,6.058115
8.025000,0.402118,0.243731,0.407551,0.981383,-0.181886,-0.046190,-0.040875,0.069049,3.290238,1.000000,0.671572,6.046407
8.030000,0.402710,0.243547,0.407457,0.981319,-0.182224,-0.045957,-0.041169,0.069049,3.286870,1.000000,0.676318,6.034718
8.035000,0.403300,0.243359,0.407362,0.981255,-0.182564,-0.045724,-0.041463,0.069049,3.283479,1.000000,0.680883,6.023050
8.040000,0.403888,0.243167,0.407266,0.981189,-0.182907,-0.045490,-0.041756,0.069049,3.280065,1.000000,0.685430,6.011595
8.045000,0.404475,0.242971,0.407170,0.981123,-0.183252,-0.045257,-0.042048,0.069048,3.276628,1.000000,0.689798,6.000157
8.050000,0.405059,0.242770,0.407072,0.981056,-0.183600,-0.045025,-0.042340,0.069048,3.273171,1.000000,0.693990,5.988784
8.055000,0.405642,0.242566,0.406974,0.980989,-0.183950,-0.044793,-0.042631,0.069048,3.269692,1.000000,0.697990,5.977428
8.060000,0.406223,0.242357,0.406874,0.980920,-0.184302,-0.044562,-0.042921,0.069048,3.266195,1.000000,0.701799,5.966087
8.065000,0.406801,0.242145,0.406774,0.980851,-0.184657,-0.044332,-0.043210,0.069048,3.262679,1.000000,0.705416,5.954779
8.070000,0.407377,0.241929,0.406673,0.980782,-0.185013,-0.044102,-0.043499,0.069048,3.259146,1.000000,0.708843,5.943499
8.075000,0.407952,0.241709,0.406572,0.980712,-0.185372,-0.043873,-0.043787,0.069048,3.255595,1.000000,0.712075,5.932509
8.080000,0.408524,0.241485,0.406470,0.980641,-0.185732,-0.043645,-0.044074,0.069047,3.252030,1.000000,0.715051,5.921535
8.085000,0.409093,0.241258,0.406367,0.980569,-0.186093,-0.043417,-0.044360,0.069047,3.248450,1.000000,0.717800,5.910575
8.090000,0.409661,0.241028,0.406264,0.980497,-0.186457,-0.043191,-0.044646,0.069047,3.244857,1.000000,0.720344,5.899626
8.095000,0.410226,0.240794,0.406160,0.980425,-0.186821,-0.042966,-0.044931,0.069047,3.241252,1.000000,0.722697,5.888693
8.100000,0.410790,0.240557,0.406056,0.980352,-0.187188,-0.042741,-0.045215,0.069047,3.237636,1.000000,0.724873,5.877829
8.105000,0.411351,0.240317,0.405952,0.980278,-0.187555,-0.042517,-0.045499,0.069047,3.234009,1.000000,0.726871,5.866983
8.110000,0.411909,0.240074,0.405847,0.980204,-0.187924,-0.042295,-0.045782,0.069047,3.230372,1.000000,0.728841,5.856591
8.115000,0.412465,0.239828,0.405742,0.980129,-0.188294,-0.042074,-0.046064,0.069046,3.226726,1.000000,0.730570,5.846228
8.120000,0.413019,0.239580,0.405637,0.980054,-0.188665,-0.041855,-0.046345,0.069046,3.223072,1.000000,0.732079,5.835892
8.125000,0.413570,0.239329,0.405531,0.979978,-0.189037,-0.041638,-0.046626,0.069046,3.219411,1.000000,0.733384,5.825566
8.130000,0.414118,0.239075,0.405425,0.979902,-0.189410,-0.041424,-0.046905,0.069046,3.215744,1.000000,0.734495,5.815252
8.135000,0.414663,0.238819,0.405318,0.979825,-0.189783,-0.041212,-0.047183,0.069046,3.212072,1.000000,0.735416,5.804945
8.140000,0.415205,0.238561,0.405212,0.979748,-0.190158,-0.041003,-0.047459,0.069046,3.208395,1.000000,0.736398,5.794802
8.145000,0.415744,0.238301,0.405104,0.979671,-0.190532,-0.040796,-0.047734,0.069045,3.204714,1.000000,0.737229,5.784672
8.150000,0.416279,0.238039,0.404997,0.979593,-0.190908,-0.040593,-0.048008,0.069045,3.201029,1.000000,0.737902,5.774608
8.155000,0.416812,0.237774,0.404889,0.979514,-0.191284,-0.040394,-0.048279,0.069045,3.197341,1.000000,0.738406,5.764564
8.160000,0.417341,0.237508,0.404780,0.979435,-0.191660,-0.040199,-0.048548,0.069045,3.193651,1.000000,0.738744,5.754531
8.165000,0.417866,0.237241,0.404672,0.979356,-0.192037,-0.040007,-0.048816,0.069045,3.189959,1.000000,0.738920,5.744521
8.170000,0.418388,0.236971,0.404563,0.979277,-0.192414,-0.039820,-0.049081,0.069045,3.186268,1.000000,0.738943,5.734533
8.175000,0.418906,0.236700,0.404453,0.979197,-0.192791,-0.039636,-0.049344,0.069045,3.182576,1.000000,0.738926,5.724528
8.180000,0.419421,0.236427,0.404344,0.979116,-0.193168,-0.039456,-0.049604,0.069044,3.178885,1.000000,0.738800,5.714532
8.185000,0.419933,0.236154,0.404234,0.979036,-0.193545,-0.039279,-0.049862,0.069044,3.175194,1.000000,0.738550,5.704538
8.190000,0.420441,0.235878,0.404123,0.978955,-0.193922,-0.039107,-0.050118,0.069044,3.171505,1.000000,0.738181,5.694551
8.195000,0.420945,0.235602,0.404013,0.978874,-0.194300,-0.038938,-0.050371,0.069044,3.167819,1.000000,0.737697,5.684576
8.200000,0.421447,0.235325,0.403902,0.978793,-0.194677,-0.038773,-0.050622,0.069044,3.164135,1.000000,0.737111,5.674647
8.205000,0.421945,0.235046,0.403792,0.978711,-0.195054,-0.038612,-0.050870,0.069044,3.160454,1.000000,0.736422,5.664734
8.210000,0.422439,0.234767,0.403681,0.978629,-0.195431,-0.038454,-0.051116,0.069044,3.156778,1.000000,0.735285,5.655630
8.215000,0.422931,0.234487,0.403571,0.978547,-0.195808,-0.038300,-0.051359,0.069043,3.153109,1.000000,0.733753,5.646539
8.220000,0.423420,0.234207,0.403460,0.978465,-0.196184,-0.038149,-0.051600,0.069043,3.149448,1.000000,0.731980,5.637461
8.225000,0.423905,0.233926,0.403350,0.978383,-0.196559,-0.038000,-0.051840,0.069043,3.145797,1.000000,0.730052,5.628390
8.230000,0.424388,0.233645,0.403240,0.978301,-0.196934,-0.037855,-0.052077,0.069043,3.142155,1.000000,0.728014,5.619329
8.235000,0.424868,0.233364,0.403131,0.978218,-0.197308,-0.037712,-0.052312,0.069043,3.138524,1.000000,0.725892,5.610280
8.240000,0.425346,0.233084,0.403022,0.978136,-0.197681,-0.037571,-0.052545,0.069043,3.134904,1.000000,0.723702,5.601238
8.245000,0.425821,0.232803,0.402913,0.978053,-0.198054,-0.037433,-0.052776,0.069042,3.131295,1.000000,0.721125,5.593179
8.250000,0.426293,0.232523,0.402805,0.977971,-0.198426,-0.037298,-0.053005,0.069042,3.127701,1.000000,0.718183,5.585135
8.255000,0.426763,0.232244,0.402698,0.977888,-0.198796,-0.037165,-0.053233,0.069042,3.124122,1.000000,0.715032,5.577096
8.260000,0.427231,0.231965,0.402592,0.977806,-0.199166,-0.037034,-0.053459,0.069042,3.120559,1.000000,0.711758,5.569067
8.265000,0.427696,0.231688,0.402486,0.977723,-0.199534,-0.036905,-0.053684,0.069042,3.117013,1.000000,0.708406,5.561047
8.270000,0.428159,0.231411,0.402381,0.977641,-0.199901,-0.036778,-0.053907,0.069042,3.113483,1.000000,0.705004,5.553036
8.275000,0.428620,0.231136,0.402278,0.977558,-0.200267,-0.036654,-0.054128,0.069041,3.109971,1.000000,0.701566,5.545030
8.280000,0.429078,0.230862,0.402175,0.977476,-0.200632,-0.036531,-0.054347,0.069041,3.106476,1.000000,0.697864,5.537497
8.285000,0.429535,0.230590,0.402073,0.977393,-0.200996,-0.036410,-0.054565,0.069041,3.103001,1.000000,0.693954,5.529974
8.290000,0.429990,0.230319,0.401973,0.977311,-0.201358,-0.036291,-0.054782,0.069041,3.099546,1.000000,0.689938,5.522455
8.295000,0.430443,0.230050,0.401874,0.977229,-0.201719,-0.036173,-0.054997,0.069041,3.096110,1.000000,0.685871,5.514945
8.300000,0.430894,0.229783,0.401776,0.977147,-0.202079,-0.036057,-0.055211,0.069041,3.092696,1.000000,0.681790,5.507467
8.305000,0.431344,0.229518,0.401679,0.977065,-0.202438,-0.035942,-0.055423,0.069040,3.089301,1.000000,0.677711,5.500001
8.310000,0.431792,0.229255,0.401584,0.976983,-0.202795,-0.035828,-0.055633,0.069040,3.085928,1.000000,0.673309,5.493004
8.315000,0.432239,0.228994,0.401490,0.976901,-0.203151,-0.035716,-0.055843,0.069040,3.082577,1.000000,0.668694,5.485998
8.320000,0.432685,0.228735,0.401398,0.976819,-0.203506,-0.035604,-0.056051,0.069040,3.079250,1.000000,0.663990,5.478978
8.325000,0.433129,0.228479,0.401307,0.976738,-0.203859,-0.035493,-0.056258,0.069040,3.075947,1.000000,0.659268,5.471963
8.330000,0.433573,0.228226,0.401219,0.976656,-0.204211,-0.035383,-0.056465,0.069040,3.072667,1.000000,0.654564,5.464955
8.335000,0.434016,0.227975,0.401132,0.976575,-0.204561,-0.035274,-0.056670,0.069040,3.069410,1.000000,0.649897,5.457940
8.340000,0.434457,0.227727,0.401046,0.976494,-0.204911,-0.035164,-0.056874,0.069039,3.066177,1.000000,0.645278,5.450931
8.345000,0.434898,0.227482,0.400963,0.976413,-0.205259,-0.035056,-0.057077,0.069039,3.062967,1.000000,0.640343,5.444791
8.350000,0.435339,0.227240,0.400882,0.976332,-0.205605,-0.034947,-0.057279,0.069039,3.059783,1.000000,0.635186,5.438673
8.355000,0.435779,0.227001,0.400803,0.976251,-0.205950,-0.034839,-0.057481,0.069039,3.056625,1.000000,0.629953,5.432563
8.360000,0.436218,0.226766,0.400726,0.976171,-0.206294,-0.034731,-0.057682,0.069039,3.053493,1.000000,0.624720,5.426463
8.365000,0.436657,0.226534,0.400651,0.976090,-0.206637,-0.034624,-0.057882,0.069038,3.050387,1.000000,0.619524,5.420352
8.370000,0.437096,0.226305,0.400578,0.976010,-0.206978,-0.034516,-0.058083,0.069038,3.047307,1.000000,0.614386,5.414225
8.375000,0.437535,0.226080,0.400508,0.975930,-0.207318,-0.034409,-0.058282,0.069038,3.044252,1.000000,0.609321,5.408103
8.380000,0.437973,0.225858,0.400441,0.975849,-0.207657,-0.034301,-0.058481,0.069038,3.041223,1.000000,0.604012,5.402912
8.385000,0.438412,0.225640,0.400375,0.975769,-0.207994,-0.034194,-0.058680,0.069038,3.038221,1.000000,0.598531,5.397735
8.390000,0.438850,0.225425,0.400312,0.975689,-0.208330,-0.034088,-0.058879,0.069038,3.035247,1.000000,0.593005,5.392562
8.395000,0.439289,0.225215,0.400252,0.975610,-0.208665,-0.033981,-0.059078,0.069037,3.032301,1.000000,0.587502,5.387400
8.400000,0.439727,0.225009,0.400194,0.975530,-0.208998,-0.033875,-0.059276,0.069037,3.029382,1.000000,0.582056,5.382235
8.405000,0.440165,0.224806,0.400139,0.975450,-0.209331,-0.033769,-0.059474,0.069037,3.026489,1.000000,0.576689,5.377073
8.410000,0.440604,0.224608,0.400086,0.975371,-0.209662,-0.033663,-0.059672,0.069037,3.023624,1.000000,0.571411,5.371921
8.415000,0.441043,0.224413,0.400035,0.975291,-0.209992,-0.033557,-0.059870,0.069037,3.020785,1.000000,0.565936,5.367572
8.420000,0.441482,0.224223,0.399988,0.975212,-0.210320,-0.033452,-0.060068,0.069037,3.017974,1.000000,0.560330,5.363229
8.425000,0.441921,0.224037,0.399942,0.975133,-0.210648,-0.033348,-0.060265,0.069036,3.015191,1.000000,0.554706,5.358891
8.430000,0.442361,0.223855,0.399900,0.975053,-0.210974,-0.033244,-0.060463,0.069036,3.012436,1.000000,0.549127,5.354560
8.435000,0.442800,0.223677,0.399860,0.974974,-0.211299,-0.033141,-0.060660,0.069036,3.009708,1.000000,0.543622,5.350217
8.440000,0.443241,0.223504,0.399822,0.974895,-0.211623,-0.033038,-0.060858,0.069036,3.007008,1.000000,0.538211,5.345880
8.445000,0.443681,0.223334,0.399787,0.974816,-0.211945,-0.032935,-0.061055,0.069036,3.004335,1.000000,0.532904,5.341553
8.450000,0.444123,0.223169,0.399755,0.974737,-0.212267,-0.032834,-0.061252,0.069036,3.001689,1.000000,0.527220,5.338259
8.455000,0.444564,0.223008,0.399725,0.974659,-0.212586,-0.032733,-0.061449,0.069035,2.999073,1.000000,0.521277,5.334967
8.460000,0.445006,0.222852,0.399697,0.974580,-0.212905,-0.032632,-0.061646,0.069035,2.996486,1.000000,0.515260,5.331687
8.465000,0.445449,0.222699,0.399672,0.974502,-0.213221,-0.032532,-0.061843,0.069035,2.993929,1.000000,0.509264,5.328412
8.470000,0.445893,0.222552,0.399650,0.974424,-0.213536,-0.032432,-0.062040,0.069035,2.991403,1.000000,0.503341,5.325143
8.475000,0.446337,0.222408,0.399630,0.974346,-0.213850,-0.032333,-0.062238,0.069035,2.988905,1.000000,0.497517,5.321880
8.480000,0.446782,0.222269,0.399613,0.974268,-0.214162,-0.032234,-0.062435,0.069035,2.986437,1.000000,0.491508,5.319379
8.485000,0.447228,0.222134,0.399598,0.974190,-0.214472,-0.032135,-0.062633,0.069034,2.984000,1.000000,0.485393,5.316875
8.490000,0.447674,0.222004,0.399586,0.974113,-0.214781,-0.032037,-0.062830,0.069034,2.981593,1.000000,0.479284,5.314379
8.495000,0.448122,0.221878,0.399577,0.974035,-0.215088,-0.031940,-0.063028,0.069034,2.979216,1.000000,0.473241,5.311894
8.500000,0.448570,0.221756,0.399570,0.973958,-0.215393,-0.031844,-0.063226,0.069034,2.976870,1.000000,0.467292,5.309403
8.505000,0.449019,0.221639,0.399565,0.973881,-0.215697,-0.031748,-0.063424,0.069034,2.974552,1.000000,0.461456,5.306917
8.510000,0.449469,0.221526,0.399563,0.973804,-0.215999,-0.031652,-0.063622,0.069033,2.972264,1.000000,0.455744,5.304442
8.515000,0.449919,0.221417,0.399563,0.973728,-0.216299,-0.031558,-0.063819,0.069033,2.970004,1.000000,0.450057,5.302291
8.520000,0.450371,0.221313,0.399565,0.973651,-0.216598,-0.031464,-0.064017,0.069033,2.967772,1.000000,0.444417,5.300148
8.525000,0.450823,0.221212,0.399569,0.973575,-0.216896,-0.031371,-0.064214,0.069033,2.965569,1.000000,0.438862,5.298013
8.530000,0.451276,0.221116,0.399576,0.973499,-0.217191,-0.031279,-0.064412,0.069033,2.963393,1.000000,0.433419,5.295890
8.535000,0.451730,0.221023,0.399585,0.973423,-0.217486,-0.031187,-0.064609,0.069033,2.961243,1.000000,0.428102,5.293783
8.540000,0.452185,0.220934,0.399595,0.973348,-0.217779,-0.031097,-0.064805,0.069032,2.959120,1.000000,0.422914,5.291682
8.545000,0.452641,0.220849,0.399608,0.973272,-0.218070,-0.031008,-0.065002,0.069032,2.957022,1.000000,0.417858,5.289594
8.550000,0.453097,0.220768,0.399623,0.973197,-0.218360,-0.030919,-0.065198,0.069032,2.954950,1.000000,0.412678,5.287853
8.555000,0.453555,0.220690,0.399639,0.973122,-0.218649,-0.030832,-0.065393,0.069032,2.952904,1.000000,0.407466,5.286119
8.560000,0.454013,0.220616,0.399657,0.973047,-0.218936,-0.030745,-0.065588,0.069032,2.950884,1.000000,0.402305,5.284398
8.565000,0.454473,0.220545,0.399678,0.972972,-0.219221,-0.030659,-0.065783,0.069031,2.948889,1.000000,0.397236,5.282679
8.570000,0.454933,0.220478,0.399700,0.972898,-0.219505,-0.030573,-0.065978,0.069031,2.946920,1.000000,0.392282,5.280965
8.575000,0.455394,0.220413,0.399723,0.972823,-0.219787,-0.030489,-0.066172,0.069031,2.944975,1.000000,0.387454,5.279260
8.580000,0.455857,0.220352,0.399749,0.972749,-0.220068,-0.030405,-0.066365,0.069031,2.943053,1.000000,0.382757,5.277570
8.585000,0.456320,0.220295,0.399776,0.972676,-0.220347,-0.030321,-0.066559,0.069031,2.941155,1.000000,0.378063,5.276129
8.590000,0.456784,0.220240,0.399804,0.972602,-0.220624,-0.030238,-0.066751,0.069030,2.939281,1.000000,0.373418,5.274697
8.595000,0.457250,0.220187,0.399834,0.972529,-0.220900,-0.030156,-0.066944,0.069030,2.937429,1.000000,0.368860,5.273279
8.600000,0.457716,0.220138,0.399865,0.972456,-0.221175,-0.030075,-0.067136,0.069030,2.935600,1.000000,0.364401,5.271848
8.605000,0.458184,0.220092,0.399898,0.972383,-0.221448,-0.029994,-0.067327,0.069030,2.933793,1.000000,0.360057,5.270425
8.610000,0.458652,0.220048,0.399932,0.972310,-0.221720,-0.029914,-0.067518,0.069030,2.932007,1.000000,0.355832,5.269017
8.615000,0.459122,0.220006,0.399967,0.972238,-0.221990,-0.029835,-0.067708,0.069030,2.930242,1.000000,0.351734,5.267634
8.620000,0.459592,0.219967,0.400003,0.972165,-0.222258,-0.029756,-0.067898,0.069029,2.928498,1.000000,0.347721,5.266247
8.625000,0.460064,0.219930,0.400040,0.972094,-0.222525,-0.029679,-0.068087,0.069029,2.926773,1.000000,0.343798,5.264869
8.630000,0.460536,0.219895,0.400078,0.972022,-0.222791,-0.029602,-0.068275,0.069029,2.925067,1.000000,0.339973,5.263502
8.635000,0.461010,0.219862,0.400117,0.971950,-0.223055,-0.029525,-0.068463,0.069029,2.923380,1.000000,0.336251,5.262142
8.640000,0.461484,0.219831,0.400156,0.971879,-0.223317,-0.029450,-0.068649,0.069029,2.921711,1.000000,0.332636,5.260791
8.645000,0.461960,0.219801,0.400197,0.971808,-0.223578,-0.029375,-0.068835,0.069028,2.920061,1.000000,0.329130,5.259456
8.650000,0.462437,0.219773,0.400237,0.971738,-0.223838,-0.029301,-0.069020,0.069028,2.918427,1.000000,0.325729,5.257736
8.655000,0.462915,0.219747,0.400278,0.971667,-0.224096,-0.029227,-0.069204,0.069028,2.916810,1.000000,0.322446,5.256028
8.660000,0.463394,0.219722,0.400320,0.971597,-0.224352,-0.029154,-0.069387,0.069028,2.915209,1.000000,0.319272,5.254336
8.665000,0.463874,0.219698,0.400362,0.971528,-0.224607,-0.029081,-0.069569,0.069028,2.913624,1.000000,0.316206,5.252673
8.670000,0.464355,0.219674,0.400404,0.971458,-0.224860,-0.029008,-0.069750,0.069027,2.912054,1.000000,0.313244,5.251028
8.675000,0.464837,0.219652,0.400446,0.971389,-0.225112,-0.028935,-0.069929,0.069027,2.910498,1.000000,0.310382,5.249399
8.680000,0.465321,0.219630,0.400489,0.971321,-0.225362,-0.028863,-0.070107,0.069027,2.908957,1.000000,0.307616,5.247781
8.685000,0.465806,0.219609,0.400531,0.971252,-0.225610,-0.028791,-0.070284,0.069027,2.907428,1.000000,0.305043,5.245514
8.690000,0.466292,0.219588,0.400574,0.971185,-0.225857,-0.028719,-0.070459,0.069027,2.905912,1.000000,0.302637,5.243260
8.695000,0.466779,0.219567,0.400616,0.971117,-0.226102,-0.028647,-0.070633,0.069026,2.904408,1.000000,0.300355,5.241022
8.700000,0.467268,0.219547,0.400658,0.971050,-0.226345,-0.028574,-0.070805,0.069026,2.902915,1.000000,0.298171,5.238786
8.705000,0.467758,0.219526,0.400701,0.970983,-0.226586,-0.028502,-0.070975,0.069026,2.901432,1.000000,0.296076,5.236562
8.710000,0.468249,0.219505,0.400742,0.970917,-0.226826,-0.028429,-0.071143,0.069026,2.899960,1.000000,0.294066,5.234356
8.715000,0.468741,0.219483,0.400784,0.970851,-0.227064,-0.028356,-0.071310,0.069026,2.898497,1.000000,0.292140,5.232190
8.720000,0.469235,0.219461,0.400825,0.970786,-0.227301,-0.028283,-0.071475,0.069025,2.897044,1.000000,0.290322,5.229577
8.725000,0.469730,0.219438,0.400865,0.970721,-0.227535,-0.028209,-0.071638,0.069025,2.895599,1.000000,0.288605,5.226982
8.730000,0.470226,0.219414,0.400905,0.970657,-0.227768,-0.028135,-0.071799,0.069025,2.894163,1.000000,0.286967,5.224411
8.735000,0.470724,0.219389,0.400944,0.970593,-0.227999,-0.028060,-0.071958,0.069025,2.892735,1.000000,0.285396,5.221863
8.740000,0.471223,0.219363,0.400983,0.970530,-0.228227,-0.027985,-0.072115,0.069025,2.891315,1.000000,0.283886,5.219328
8.745000,0.471723,0.219336,0.401021,0.970467,-0.228454,-0.027909,-0.072270,0.069024,2.889902,1.000000,0.282431,5.216804
8.750000,0.472225,0.219307,0.401058,0.970405,-0.228679,-0.027832,-0.072423,0.069024,2.888496,1.000000,0.281025,5.214277
8.755000,0.472728,0.219277,0.401095,0.970343,-0.228902,-0.027755,-0.072575,0.069024,2.887097,1.000000,0.279727,5.211382
8.760000,0.473232,0.219245,0.401130,0.970282,-0.229123,-0.027678,-0.072724,0.069024,2.885704,1.000000,0.278493,5.208505
8.765000,0.473737,0.219212,0.401165,0.970222,-0.229342,-0.027599,-0.072870,0.069024,2.884317,1.000000,0.277309,5.205668
8.770000,0.474244,0.219177,0.401199,0.970162,-0.229559,-0.027520,-0.073015,0.069023,2.882936,1.000000,0.276159,5.202846
8.775000,0.474751,0.219140,0.401232,0.970103,-0.229774,-0.027440,-0.073157,0.069023,2.881560,1.000000,0.275036,5.200042
8.780000,0.475260,0.219101,0.401264,0.970044,-0.229986,-0.027360,-0.073297,0.069023,2.880190,1.000000,0.273933,5.197250
8.785000,0.475770,0.219060,0.401295,0.969986,-0.230197,-0.027278,-0.073435,0.069023,2.878826,1.000000,0.272849,5.194474
8.790000,0.476282,0.219017,0.401325,0.969929,-0.230405,-0.027196,-0.073571,0.069023,2.877466,1.000000,0.271994,5.191028
8.795000,0.476794,0.218971,0.401353,0.969872,-0.230611,-0.027114,-0.073704,0.069022,2.876111,1.000000,0.271255,5.187605
8.800000,0.477307,0.218923,0.401381,0.969816,-0.230814,-0.027030,-0.073834,0.069022,2.874758,1.000000,0.270570,5.184209
8.805000,0.477821,0.218873,0.401407,0.969760,-0.231016,-0.026946,-0.073962,0.069022,2.873409,1.000000,0.269908,5.180826
8.810000,0.478337,0.218819,0.401432,0.969706,-0.231215,-0.026861,-0.074086,0.069022,2.872064,1.000000,0.269252,5.177460
8.815000,0.478853,0.218763,0.401455,0.969652,-0.231411,-0.026775,-0.074208,0.069022,2.870721,1.000000,0.268604,5.174164
8.820000,0.479370,0.218705,0.401478,0.969599,-0.231605,-0.026689,-0.074327,0.069021,2.869382,1.000000,0.268111,5.170304
8.825000,0.479888,0.218643,0.401498,0.969547,-0.231797,-0.026602,-0.074442,0.069021,2.868044,1.000000,0.267691,5.166461
8.830000,0.480406,0.218578,0.401518,0.969495,-0.231986,-0.026513,-0.074554,0.069021,2.866709,1.000000,0.267287,5.162652
8.835000,0.480925,0.218511,0.401536,0.969445,-0.232172,-0.026424,-0.074663,0.069021,2.865376,1.000000,0.266876,5.158861
8.840000,0.481445,0.218440,0.401552,0.969395,-0.232356,-0.026335,-0.074769,0.069021,2.864045,1.000000,0.266446,5.155087
8.845000,0.481966,0.218365,0.401567,0.969346,-0.232537,-0.026244,-0.074871,0.069020,2.862716,1.000000,0.265992,5.151344
8.850000,0.482487,0.218288,0.401580,0.969298,-0.232715,-0.026153,-0.074970,0.069020,2.861389,1.000000,0.265509,5.147637
8.855000,0.483009,0.218207,0.401591,0.969251,-0.232891,-0.026061,-0.075065,0.069020,2.860065,1.000000,0.265142,5.143349
8.860000,0.483531,0.218123,0.401601,0.969205,-0.233064,-0.025968,-0.075157,0.069020,2.858742,1.000000,0.264837,5.139081
8.865000,0.484053,0.218035,0.401609,0.969160,-0.233234,-0.025874,-0.075244,0.069020,2.857420,1.000000,0.264527,5.134855
8.870000,0.484576,0.217944,0.401615,0.969116,-0.233401,-0.025779,-0.075329,0.069019,2.856101,1.000000,0.264190,5.130642
8.875000,0.485100,0.217849,0.401619,0.969072,-0.233566,-0.025683,-0.075409,0.069019,2.854783,1.000000,0.263812,5.126449
8.880000,0.485624,0.217750,0.401621,0.969030,-0.233727,-0.025587,-0.075486,0.069019,2.853467,1.000000,0.263392,5.122305
8.885000,0.486148,0.217648,0.401622,0.968988,-0.233886,-0.025489,-0.075559,0.069019,2.852154,1.000000,0.262922,5.118185
8.890000,0.486673,0.217543,0.401620,0.968948,-0.234042,-0.025391,-0.075629,0.069018,2.850842,1.000000,0.262548,5.113352
8.895000,0.487198,0.217433,0.401617,0.968908,-0.234195,-0.025292,-0.075694,0.069018,2.849533,1.000000,0.262214,5.108548
8.900000,0.487723,0.217320,0.401611,0.968870,-0.234345,-0.025191,-0.075756,0.069018,2.848225,1.000000,0.261864,5.103780
8.905000,0.488248,0.217203,0.401604,0.968833,-0.234492,-0.025089,-0.075813,0.069018,2.846918,1.000000,0.261467,5.099026
8.910000,0.488774,0.217083,0.401594,0.968796,-0.234635,-0.024987,-0.075866,0.069018,2.845615,1.000000,0.261011,5.094296
8.915000,0.489300,0.216958,0.401582,0.968761,-0.234776,-0.024883,-0.075915,0.069017,2.844313,1.000000,0.260490,5.089618
8.920000,0.489826,0.216830,0.401569,0.968727,-0.234914,-0.024777,-0.075960,0.069017,2.843015,1.000000,0.259902,5.084956
8.925000,0.490353,0.216698,0.401553,0.968694,-0.235049,-0.024671,-0.076002,0.069017,2.841719,1.000000,0.259319,5.079798
8.930000,0.490880,0.216562,0.401534,0.968661,-0.235180,-0.024563,-0.076038,0.069017,2.840426,1.000000,0.258704,5.074675
8.935000,0.491406,0.216422,0.401514,0.968631,-0.235309,-0.024454,-0.076071,0.069017,2.839137,1.000000,0.258026,5.069572
8.940000,0.491933,0.216279,0.401492,0.968601,-0.235434,-0.024343,-0.076099,0.069016,2.837851,1.000000,0.257276,5.064491
8.945000,0.492461,0.216132,0.401468,0.968572,-0.235555,-0.024230,-0.076123,0.069016,2.836570,1.000000,0.256449,5.059444
8.950000,0.492988,0.215981,0.401441,0.968545,-0.235674,-0.024117,-0.076143,0.069016,2.835292,1.000000,0.255543,5.054435
8.955000,0.493515,0.215826,0.401412,0.968518,-0.235789,-0.024001,-0.076158,0.069016,2.834020,1.000000,0.254559,5.049442
8.960000,0.494042,0.215667,0.401382,0.968493,-0.235901,-0.023884,-0.076170,0.069015,2.832752,1.000000,0.253548,5.043995
8.965000,0.494570,0.215505,0.401349,0.968469,-0.236009,-0.023765,-0.076176,0.069015,2.831490,1.000000,0.252501,5.038576
8.970000,0.495097,0.215340,0.401314,0.968446,-0.236115,-0.023645,-0.076179,0.069015,2.830233,1.000000,0.251396,5.033175
8.975000,0.495625,0.215170,0.401277,0.968424,-0.236217,-0.023523,-0.076177,0.069015,2.828982,1.000000,0.250218,5.027798
8.980000,0.496152,0.214997,0.401238,0.968404,-0.236315,-0.023399,-0.076171,0.069015,2.827737,1.000000,0.248971,5.022489
8.985000,0.496679,0.214821,0.401197,0.968384,-0.236410,-0.023273,-0.076160,0.069014,2.826498,1.000000,0.247646,5.017211
8.990000,0.497207,0.214641,0.401154,0.968366,-0.236502,-0.023145,-0.076145,0.069014,2.825267,1.000000,0.246248,5.011654
8.995000,0.497734,0.214458,0.401109,0.968349,-0.236591,-0.023015,-0.076126,0.069014,2.824042,1.000000,0.244788,5.006130
9.000000,0.498262,0.214271,0.401062,0.968333,-0.236676,-0.022883,-0.076103,0.069014,2.822825,1.000000,0.243257,5.000642
9.005000,0.498789,0.214081,0.401014,0.968319,-0.236758,-0.022748,-0.076075,0.069014,2.821616,1.000000,0.241653,4.995172
9.010000,0.499317,0.213888,0.400963,0.968305,-0.236837,-0.022612,-0.076044,0.069013,2.820416,1.000000,0.239976,4.989729
9.015000,0.499844,0.213692,0.400911,0.968293,-0.236912,-0.022473,-0.076008,0.069013,2.819224,1.000000,0.238224,4.984326
9.020000,0.500372,0.213492,0.400857,0.968281,-0.236984,-0.022332,-0.075968,0.069013,2.818040,1.000000,0.236401,4.978943
9.025000,0.500899,0.213290,0.400802,0.968271,-0.237053,-0.022189,-0.075925,0.069013,2.816867,1.000000,0.234554,4.973401
9.030000,0.501426,0.213085,0.400745,0.968262,-0.237119,-0.022044,-0.075877,0.069012,2.815702,1.000000,0.232667,4.967908
9.035000,0.501953,0.212878,0.400686,0.968254,-0.237182,-0.021896,-0.075826,0.069012,2.814547,1.000000,0.230727,4.962439
9.040000,0.502480,0.212667,0.400626,0.968247,-0.237242,-0.021746,-0.075771,0.069012,2.813402,1.000000,0.228961,4.956993
9.045000,0.503007,0.212454,0.400565,0.968241,-0.237300,-0.021594,-0.075713,0.069012,2.812260,1.000000,0.228872,4.951583
9.050000,0.503534,0.212239,0.400502,0.968235,-0.237357,-0.021440,-0.075651,0.069012,2.811116,1.000000,0.229641,4.946207
9.055000,0.504060,0.212022,0.400438,0.968229,-0.237415,-0.021284,-0.075586,0.069011,2.809968,1.000000,0.230590,4.940849
9.060000,0.504587,0.211804,0.400373,0.968224,-0.237474,-0.021126,-0.075518,0.069011,2.808815,1.000000,0.231447,4.935339
9.065000,0.505113,0.211584,0.400307,0.968218,-0.237533,-0.020966,-0.075447,0.069011,2.807658,1.000000,0.232076,4.929852
9.070000,0.505640,0.211363,0.400240,0.968213,-0.237593,-0.020804,-0.075374,0.069011,2.806500,1.000000,0.232427,4.924385
9.075000,0.506167,0.211140,0.400172,0.968207,-0.237653,-0.020640,-0.075299,0.069010,2.805340,1.000000,0.232492,4.918943
9.080000,0.506693,0.210917,0.400102,0.968202,-0.237713,-0.020474,-0.075221,0.069010,2.804180,1.000000,0.232279,4.913527
9.085000,0.507220,0.210694,0.400032,0.968197,-0.237774,-0.020307,-0.075141,0.069010,2.803023,1.000000,0.231810,4.908131
9.090000,0.507747,0.210470,0.399961,0.968192,-0.237835,-0.020137,-0.075058,0.069010,2.801869,1.000000,0.231108,4.902760
9.095000,0.508273,0.210245,0.399890,0.968187,-0.237896,-0.019965,-0.074973,0.069010,2.800719,1.000000,0.230138,4.897673
9.100000,0.508800,0.210020,0.399817,0.968182,-0.237957,-0.019792,-0.074887,0.069009,2.799574,1.000000,0.228891,4.892611
9.105000,0.509326,0.209796,0.399744,0.968178,-0.238018,-0.019618,-0.074798,0.069009,2.798437,1.000000,0.227427,4.887566
9.110000,0.509852,0.209571,0.399670,0.968173,-0.238078,-0.019442,-0.074707,0.069009,2.797307,1.000000,0.225789,4.882543
9.115000,0.510378,0.209346,0.399595,0.968169,-0.238138,-0.019264,-0.074614,0.069009,2.796186,1.000000,0.224006,4.877539
9.120000,0.510904,0.209122,0.399520,0.968166,-0.238197,-0.019085,-0.074519,0.069008,2.795074,1.000000,0.222103,4.872553
9.125000,0.511429,0.208898,0.399445,0.968162,-0.238256,-0.018905,-0.074422,0.069008,2.793972,1.000000,0.220097,4.867590
9.130000,0.511954,0.208675,0.399368,0.968159,-0.238314,-0.018724,-0.074323,0.069008,2.792880,1.000000,0.217908,4.863258
9.135000,0.512479,0.208452,0.399292,0.968156,-0.238371,-0.018541,-0.074223,0.069008,2.791800,1.000000,0.215485,4.858940
9.140000,0.513003,0.208229,0.399214,0.968154,-0.238427,-0.018359,-0.074121,0.069008,2.790733,1.000000,0.212915,4.854643
9.145000,0.513525,0.208008,0.399137,0.968152,-0.238482,-0.018176,-0.074017,0.069007,2.789679,1.000000,0.210249,4.850359
9.150000,0.514048,0.207787,0.399058,0.968150,-0.238536,-0.017992,-0.073912,0.069007,2.788638,1.000000,0.207521,4.846084
9.155000,0.514569,0.207568,0.398980,0.968148,-0.238589,-0.017808,-0.073806,0.069007,2.787611,1.000000,0.204754,4.841831
9.160000,0.515089,0.207349,0.398900,0.968147,-0.238642,-0.017625,-0.073699,0.069007,2.786598,1.000000,0.201834,4.838277
9.165000,0.515608,0.207132,0.398821,0.968146,-0.238693,-0.017441,-0.073590,0.069006,2.785600,1.000000,0.198726,4.834728
9.170000,0.516126,0.206915,0.398740,0.968145,-0.238742,-0.017259,-0.073482,0.069006,2.784618,1.000000,0.195524,4.831192
9.175000,0.516642,0.206700,0.398659,0.968145,-0.238791,-0.017077,-0.073372,0.069006,2.783652,1.000000,0.192285,4.827675
9.180000,0.517157,0.206487,0.398578,0.968144,-0.238838,-0.016896,-0.073262,0.069006,2.782703,1.000000,0.189047,4.824162
9.185000,0.517671,0.206275,0.398496,0.968144,-0.238885,-0.016717,-0.073151,0.069006,2.781769,1.000000,0.185824,4.820663
9.190000,0.518183,0.206064,0.398413,0.968145,-0.238930,-0.016538,-0.073041,0.069005,2.780852,1.000000,0.182629,4.817184
9.195000,0.518693,0.205854,0.398330,0.968145,-0.238973,-0.016360,-0.072929,0.069005,2.779951,1.000000,0.179201,4.814542
9.200000,0.519202,0.205646,0.398246,0.968146,-0.239016,-0.016183,-0.072819,0.069005,2.779068,1.000000,0.175519,4.811902
9.205000,0.519709,0.205440,0.398161,0.968147,-0.239057,-0.016008,-0.072708,0.069005,2.778203,1.000000,0.171712,4.809279
9.210000,0.520214,0.205236,0.398076,0.968149,-0.239096,-0.015834,-0.072598,0.069004,2.777358,1.000000,0.167862,4.806662
9.215000,0.520718,0.205033,0.397991,0.968150,-0.239134,-0.015662,-0.072489,0.069004,2.776532,1.000000,0.164017,4.804051
9.220000,0.521219,0.204832,0.397905,0.968152,-0.239171,-0.015490,-0.072381,0.069004,2.775725,1.000000,0.160202,4.801450
9.225000,0.521719,0.204633,0.397819,0.968154,-0.239206,-0.015320,-0.072273,0.069004,2.774938,1.000000,0.156438,4.798859
9.230000,0.522217,0.204435,0.397732,0.968156,-0.239240,-0.015152,-0.072167,0.069003,2.774169,1.000000,0.152429,4.797130
9.235000,0.522714,0.204240,0.397644,0.968159,-0.239272,-0.014984,-0.072061,0.069003,2.773421,1.000000,0.148178,4.795409
9.240000,0.523208,0.204046,0.397557,0.968161,-0.239303,-0.014818,-0.071958,0.069003,2.772695,1.000000,0.143814,4.793704
9.245000,0.523700,0.203855,0.397469,0.968164,-0.239332,-0.014654,-0.071856,0.069003,2.771991,1.000000,0.139412,4.791967
9.250000,0.524191,0.203666,0.397381,0.968168,-0.239359,-0.014490,-0.071756,0.069002,2.771309,1.000000,0.135028,4.790236
9.255000,0.524679,0.203478,0.397293,0.968171,-0.239384,-0.014328,-0.071658,0.069002,2.770648,1.000000,0.130692,4.788519
9.260000,0.525166,0.203293,0.397205,0.968174,-0.239408,-0.014167,-0.071562,0.069002,2.770009,1.000000,0.126430,4.786804
9.265000,0.525650,0.203110,0.397116,0.968178,-0.239431,-0.014007,-0.071468,0.069002,2.769392,1.000000,0.121993,4.785643
9.270000,0.526133,0.202929,0.397028,0.968182,-0.239451,-0.013848,-0.071376,0.069002,2.768797,1.000000,0.117423,4.784498
9.275000,0.526614,0.202750,0.396939,0.968186,-0.239470,-0.013691,-0.071287,0.069001,2.768225,1.000000,0.112809,4.783350
9.280000,0.527093,0.202573,0.396851,0.968191,-0.239487,-0.013534,-0.071200,0.069001,2.767677,1.000000,0.108205,4.782189
9.285000,0.527570,0.202399,0.396763,0.968195,-0.239503,-0.013378,-0.071116,0.069001,2.767149,1.000000,0.104444,4.781037
9.290000,0.528046,0.202226,0.396675,0.968199,-0.239519,-0.013222,-0.071035,0.069001,2.766637,1.000000,0.101592,4.779896
9.295000,0.528519,0.202056,0.396587,0.968203,-0.239535,-0.013068,-0.070956,0.069000,2.766138,1.000000,0.099264,4.778733
9.300000,0.528991,0.201888,0.396500,0.968207,-0.239551,-0.012915,-0.070880,0.069000,2.765650,1.000000,0.097050,4.777936
9.305000,0.529461,0.201723,0.396413,0.968210,-0.239569,-0.012761,-0.070808,0.069000,2.765173,1.000000,0.094894,4.777156
9.310000,0.529930,0.201560,0.396327,0.968212,-0.239588,-0.012608,-0.070740,0.069000,2.764706,1.000000,0.092805,4.776372
9.315000,0.530398,0.201400,0.396242,0.968214,-0.239608,-0.012456,-0.070675,0.068999,2.764250,1.000000,0.090775,4.775594
9.320000,0.530865,0.201244,0.396157,0.968215,-0.239630,-0.012303,-0.070615,0.068999,2.763803,1.000000,0.088800,4.774831
9.325000,0.531330,0.201090,0.396074,0.968215,-0.239653,-0.012150,-0.070558,0.068999,2.763366,1.000000,0.086870,4.774056
9.330000,0.531795,0.200939,0.395991,0.968215,-0.239678,-0.011997,-0.070506,0.068999,2.762940,1.000000,0.084860,4.773583
9.335000,0.532258,0.200791,0.395910,0.968213,-0.239705,-0.011844,-0.070457,0.068998,2.762523,1.000000,0.082803,4.773119
9.340000,0.532721,0.200646,0.395829,0.968211,-0.239733,-0.011690,-0.070413,0.068998,2.762117,1.000000,0.080749,4.772667
9.345000,0.533183,0.200505,0.395751,0.968209,-0.239763,-0.011536,-0.070373,0.068998,2.761721,1.000000,0.078725,4.772219
9.350000,0.533644,0.200367,0.395673,0.968205,-0.239795,-0.011381,-0.070338,0.068998,2.761334,1.000000,0.076738,4.771781
9.355000,0.534104,0.200232,0.395597,0.968201,-0.239829,-0.011226,-0.070306,0.068998,2.760958,1.000000,0.074793,4.771357
9.360000,0.534563,0.200101,0.395523,0.968196,-0.239865,-0.011071,-0.070279,0.068997,2.760591,1.000000,0.072887,4.770923
9.365000,0.535022,0.199973,0.395450,0.968190,-0.239903,-0.010914,-0.070255,0.068997,2.760234,1.000000,0.070926,4.770828
9.370000,0.535480,0.199848,0.395379,0.968183,-0.239942,-0.010758,-0.070236,0.068997,2.759887,1.000000,0.068917,4.770747
9.375000,0.535938,0.199727,0.395310,0.968176,-0.239983,-0.010601,-0.070220,0.068997,2.759550,1.000000,0.066908,4.770657
9.380000,0.536395,0.199609,0.395242,0.968168,-0.240026,-0.010444,-0.070208,0.068996,2.759223,1.000000,0.064922,4.770567
9.385000,0.536851,0.199494,0.395177,0.968159,-0.240070,-0.010286,-0.070200,0.068996,2.758906,1.000000,0.062974,4.770492
9.390000,0.537306,0.199382,0.395113,0.968150,-0.240116,-0.010128,-0.070195,0.068996,2.758598,1.000000,0.061073,4.770429
9.395000,0.537761,0.199274,0.395050,0.968140,-0.240164,-0.009970,-0.070193,0.068996,2.758300,1.000000,0.059223,4.770379
9.400000,0.538215,0.199169,0.394990,0.968129,-0.240213,-0.009812,-0.070195,0.068995,2.758011,1.000000,0.057226,4.770741
9.405000,0.538669,0.199067,0.394931,0.968118,-0.240264,-0.009653,-0.070201,0.068995,2.757732,1.000000,0.055123,4.771112
9.410000,0.539122,0.198968,0.394875,0.968106,-0.240316,-0.009494,-0.070209,0.068995,2.757465,1.000000,0.052993,4.771476
9.415000,0.539575,0.198872,0.394820,0.968093,-0.240369,-0.009334,-0.070221,0.068995,2.757207,1.000000,0.050875,4.771849
9.420000,0.540027,0.198780,0.394768,0.968080,-0.240423,-0.009174,-0.070236,0.068994,2.756961,1.000000,0.048794,4.772235
9.425000,0.540479,0.198690,0.394717,0.968067,-0.240479,-0.009013,-0.070254,0.068994,2.756724,1.000000,0.046759,4.772614
9.430000,0.540931,0.198604,0.394668,0.968052,-0.240536,-0.008853,-0.070275,0.068994,2.756498,1.000000,0.044780,4.772999
9.435000,0.541381,0.198520,0.394622,0.968038,-0.240594,-0.008691,-0.070298,0.068994,2.756281,1.000000,0.042789,4.773722
9.440000,0.541832,0.198439,0.394577,0.968023,-0.240653,-0.008530,-0.070324,0.068993,2.756075,1.000000,0.040799,4.774460
9.445000,0.542282,0.198361,0.394534,0.968007,-0.240713,-0.008369,-0.070353,0.068993,2.755878,1.000000,0.038835,4.775214
9.450000,0.542731,0.198286,0.394493,0.967991,-0.240775,-0.008207,-0.070384,0.068993,2.755691,1.000000,0.036910,4.775975
9.455000,0.543181,0.198214,0.394454,0.967974,-0.240837,-0.008046,-0.070418,0.068993,2.755514,1.000000,0.035032,4.776743
9.460000,0.543629,0.198144,0.394417,0.967957,-0.240900,-0.007884,-0.070454,0.068992,2.755345,1.000000,0.033209,4.777507
9.465000,0.544078,0.198076,0.394381,0.967940,-0.240964,-0.007723,-0.070492,0.068992,2.755186,1.000000,0.031439,4.778278
9.470000,0.544526,0.198011,0.394347,0.967922,-0.241029,-0.007562,-0.070532,0.068992,2.755035,1.000000,0.029707,4.779244
9.475000,0.544973,0.197949,0.394314,0.967904,-0.241095,-0.007401,-0.070574,0.068992,2.754893,1.000000,0.027997,4.780218
9.480000,0.545420,0.197889,0.394283,0.967885,-0.241161,-0.007241,-0.070618,0.068991,2.754760,1.000000,0.026328,4.781199
9.485000,0.545867,0.197831,0.394253,0.967866,-0.241229,-0.007081,-0.070664,0.068991,2.754634,1.000000,0.024707,4.782193
9.490000,0.546313,0.197775,0.394225,0.967847,-0.241297,-0.006921,-0.070712,0.068991,2.754517,1.000000,0.023137,4.783251
9.495000,0.546759,0.197721,0.394198,0.967827,-0.241366,-0.006762,-0.070762,0.068991,2.754407,1.000000,0.021620,4.784339
9.500000,0.547205,0.197670,0.394172,0.967807,-0.241436,-0.006604,-0.070814,0.068990,2.754305,1.000000,0.020160,4.785557
9.505000,0.547650,0.197620,0.394147,0.967787,-0.241507,-0.006446,-0.070867,0.068990,2.754209,1.000000,0.018739,4.786790
9.510000,0.548095,0.197572,0.394124,0.967766,-0.241578,-0.006288,-0.070923,0.068990,2.754121,1.000000,0.017370,4.788040
9.515000,0.548539,0.197527,0.394101,0.967745,-0.241650,-0.006132,-0.070980,0.068990,2.754039,1.000000,0.016056,4.789295
9.520000,0.548983,0.197483,0.394080,0.967723,-0.241723,-0.005976,-0.071039,0.068989,2.753964,1.000000,0.014797,4.790565
9.525000,0.549427,0.197440,0.394059,0.967701,-0.241797,-0.005821,-0.071099,0.068989,2.753895,1.000000,0.013592,4.791864
9.530000,0.549871,0.197400,0.394039,0.967679,-0.241872,-0.005666,-0.071162,0.068989,2.753832,1.000000,0.012441,4.793168
9.535000,0.550314,0.197360,0.394020,0.967656,-0.241947,-0.005513,-0.071226,0.068989,2.753774,1.000000,0.011435,4.794489
9.540000,0.550757,0.197323,0.394002,0.967633,-0.242023,-0.005360,-0.071292,0.068989,2.753721,1.000000,0.010534,4.795844
9.545000,0.551200,0.197287,0.393985,0.967609,-0.242101,-0.005208,-0.071360,0.068988,2.753672,1.000000,0.009713,4.797207
9.550000,0.551642,0.197252,0.393968,0.967585,-0.242179,-0.005058,-0.071430,0.068988,2.753627,1.000000,0.008957,4.798582
9.555000,0.552084,0.197218,0.393951,0.967561,-0.242258,-0.004908,-0.071501,0.068988,2.753585,1.000000,0.008254,4.799979
9.560000,0.552526,0.197186,0.393935,0.967536,-0.242338,-0.004760,-0.071574,0.068987,2.753547,1.000000,0.007596,4.801388
9.565000,0.552967,0.197154,0.393920,0.967511,-0.242419,-0.004612,-0.071649,0.068987,2.753513,1.000000,0.006981,4.802809
9.570000,0.553408,0.197124,0.393905,0.967486,-0.242501,-0.004466,-0.071725,0.068987,2.753481,1.000000,0.006443,4.804058
9.575000,0.553849,0.197095,0.393890,0.967460,-0.242584,-0.004320,-0.071803,0.068987,2.753451,1.000000,0.005971,4.805332
9.580000,0.554290,0.197066,0.393875,0.967433,-0.242668,-0.004176,-0.071883,0.068986,2.753424,1.000000,0.005554,4.806611
9.585000,0.554730,0.197038,0.393861,0.967407,-0.242753,-0.004032,-0.071965,0.068986,2.753398,1.000000,0.005182,4.807903
9.590000,0.555170,0.197011,0.393847,0.967380,-0.242839,-0.003890,-0.072048,0.068986,2.753375,1.000000,0.004856,4.809225
9.595000,0.555610,0.196984,0.393833,0.967352,-0.242926,-0.003748,-0.072132,0.068986,2.753353,1.000000,0.004566,4.810551
9.600000,0.556050,0.196958,0.393820,0.967324,-0.243013,-0.003607,-0.072219,0.068985,2.753332,1.000000,0.004308,4.811888
9.605000,0.556490,0.196932,0.393806,0.967296,-0.243102,-0.003467,-0.072307,0.068985,2.753312,1.000000,0.004129,4.813000
9.610000,0.556930,0.196907,0.393793,0.967267,-0.243191,-0.003327,-0.072396,0.068985,2.753293,1.000000,0.004010,4.814117
9.615000,0.557369,0.196881,0.393780,0.967238,-0.243282,-0.003189,-0.072487,0.068985,2.753274,1.000000,0.003933,4.815245
9.620000,0.557809,0.196856,0.393767,0.967209,-0.243373,-0.003051,-0.072579,0.068984,2.753256,1.000000,0.003895,4.816387
9.625000,0.558249,0.196831,0.393753,0.967179,-0.243465,-0.002913,-0.072673,0.068984,2.753238,1.000000,0.003888,4.817535
9.630000,0.558688,0.196806,0.393740,0.967149,-0.243558,-0.002776,-0.072769,0.068984,2.753220,1.000000,0.003905,4.818693
9.635000,0.559127,0.196780,0.393728,0.967118,-0.243651,-0.002640,-0.072865,0.068984,2.753201,1.000000,0.003941,4.819870
9.640000,0.559567,0.196754,0.393715,0.967087,-0.243746,-0.002504,-0.072964,0.068983,2.753182,1.000000,0.004068,4.820982
9.645000,0.560006,0.196729,0.393702,0.967056,-0.243841,-0.002369,-0.073063,0.068983,2.753163,1.000000,0.004245,4.822098
9.650000,0.560445,0.196702,0.393689,0.967025,-0.243936,-0.002234,-0.073164,0.068983,2.753142,1.000000,0.004452,4.823226
9.655000,0.560884,0.196676,0.393675,0.966993,-0.244033,-0.002101,-0.073266,0.068983,2.753120,1.000000,0.004675,4.824375
9.660000,0.561323,0.196648,0.393662,0.966961,-0.244130,-0.001968,-0.073369,0.068982,2.753098,1.000000,0.004908,4.825528
9.665000,0.561762,0.196620,0.393648,0.966929,-0.244228,-0.001836,-0.073473,0.068982,2.753073,1.000000,0.005147,4.826692
9.670000,0.562201,0.196592,0.393635,0.966896,-0.244326,-0.001705,-0.073578,0.068982,2.753048,1.000000,0.005469,4.827859
9.675000,0.562639,0.196563,0.393620,0.966863,-0.244424,-0.001575,-0.073685,0.068982,2.753021,1.000000,0.005807,4.829031
9.680000,0.563077,0.196533,0.393606,0.966830,-0.244523,-0.001446,-0.073792,0.068981,2.752992,1.000000,0.006147,4.830213
9.685000,0.563515,0.196502,0.393591,0.966797,-0.244623,-0.001318,-0.073900,0.068981,2.752961,1.000000,0.006485,4.831410
9.690000,0.563952,0.196471,0.393575,0.966764,-0.244722,-0.001191,-0.074009,0.068981,2.752929,1.000000,0.006814,4.832613
9.695000,0.564389,0.196438,0.393559,0.966730,-0.244823,-0.001066,-0.074118,0.068981,2.752895,1.000000,0.007130,4.833826
9.700000,0.564826,0.196405,0.393542,0.966696,-0.244923,-0.000942,-0.074229,0.068980,2.752859,1.000000,0.007425,4.835059
9.705000,0.565263,0.196371,0.393524,0.966663,-0.245023,-0.000819,-0.074340,0.068980,2.752822,1.000000,0.007815,4.836152
9.710000,0.565699,0.196335,0.393506,0.966629,-0.245124,-0.000697,-0.074451,0.068980,2.752783,1.000000,0.008228,4.837249
9.715000,0.566134,0.196299,0.393486,0.966595,-0.245225,-0.000577,-0.074563,0.068980,2.752741,1.000000,0.008632,4.838365
9.720000,0.566569,0.196261,0.393466,0.966560,-0.245325,-0.000458,-0.074675,0.068979,2.752698,1.000000,0.009009,4.839526
9.725000,0.567004,0.196222,0.393444,0.966526,-0.245426,-0.000341,-0.074787,0.068979,2.752653,1.000000,0.009357,4.840689
9.730000,0.567438,0.196182,0.393421,0.966492,-0.245526,-0.000225,-0.074900,0.068979,2.752606,1.000000,0.009671,4.841863
9.735000,0.567871,0.196140,0.393397,0.966458,-0.245626,-0.000110,-0.075012,0.068979,2.752558,1.000000,0.009958,4.843080
9.740000,0.568304,0.196097,0.393372,0.966424,-0.245726,0.000003,-0.075124,0.068978,2.752508,1.000000,0.010268,4.844113
9.745000,0.568737,0.196052,0.393346,0.966390,-0.245826,0.000114,-0.075236,0.068978,2.752457,1.000000,0.010564,4.845158
9.750000,0.569169,0.196006,0.393318,0.966356,-0.245925,0.000225,-0.075348,0.068978,2.752405,1.000000,0.010820,4.846243
9.755000,0.569600,0.195958,0.393288,0.966322,-0.246024,0.000334,-0.075459,0.068978,2.752351,1.000000,0.011027,4.847343
9.760000,0.570032,0.195909,0.393257,0.966288,-0.246122,0.000442,-0.075569,0.068977,2.752296,1.000000,0.011183,4.848454
9.765000,0.570462,0.195858,0.393224,0.966255,-0.246219,0.000548,-0.075679,0.068977,2.752241,1.000000,0.011288,4.849608
9.770000,0.570892,0.195805,0.393189,0.966222,-0.246316,0.000654,-0.075788,0.068977,2.752185,1.000000,0.011342,4.850806
9.775000,0.571322,0.195751,0.393153,0.966189,-0.246412,0.000758,-0.075896,0.068977,2.752129,1.000000,0.011489,4.851621
9.780000,0.571752,0.195694,0.393115,0.966156,-0.246507,0.000862,-0.076003,0.068976,2.752072,1.000000,0.011663,4.852463
9.785000,0.572180,0.195636,0.393074,0.966123,-0.246601,0.000964,-0.076109,0.068976,2.752015,1.000000,0.011825,4.853361
9.790000,0.572609,0.195576,0.393032,0.966091,-0.246694,0.001065,-0.076213,0.068976,2.751956,1.000000,0.011951,4.854265
9.795000,0.573037,0.195514,0.392987,0.966059,-0.246787,0.001166,-0.076317,0.068976,2.751897,1.000000,0.012029,4.855184
9.800000,0.573465,0.195450,0.392941,0.966028,-0.246878,0.001265,-0.076419,0.068975,2.751838,1.000000,0.012046,4.856188
9.805000,0.573892,0.195384,0.392892,0.965997,-0.246969,0.001364,-0.076519,0.068975,2.751779,1.000000,0.012012,4.857199
9.810000,0.574318,0.195316,0.392841,0.965966,-0.247058,0.001462,-0.076618,0.068975,2.751719,1.000000,0.012086,4.857626
9.815000,0.574745,0.195245,0.392788,0.965935,-0.247147,0.001559,-0.076716,0.068974,2.751660,1.000000,0.012206,4.858123
9.820000,0.575171,0.195173,0.392732,0.965905,-0.247234,0.001655,-0.076811,0.068974,2.751599,1.000000,0.012321,4.858642
9.825000,0.575596,0.195098,0.392674,0.965875,-0.247320,0.001751,-0.076905,0.068974,2.751538,1.000000,0.012407,4.859173
9.830000,0.576022,0.195021,0.392614,0.965846,-0.247405,0.001847,-0.076997,0.068974,2.751477,1.000000,0.012449,4.859769
9.835000,0.576447,0.194942,0.392551,0.965817,-0.247488,0.001942,-0.077087,0.068973,2.751416,1.000000,0.012443,4.860416
9.840000,0.576871,0.194860,0.392487,0.965789,-0.247571,0.002037,-0.077175,0.068973,2.751355,1.000000,0.012479,4.860420
9.845000,0.577295,0.194777,0.392420,0.965761,-0.247652,0.002133,-0.077261,0.068973,2.751293,1.000000,0.012538,4.860466
9.850000,0.577719,0.194690,0.392350,0.965734,-0.247731,0.002228,-0.077344,0.068973,2.751231,1.000000,0.012585,4.860575
9.855000,0.578143,0.194601,0.392279,0.965707,-0.247810,0.002324,-0.077426,0.068972,2.751169,1.000000,0.012601,4.860691
9.860000,0.578567,0.194510,0.392205,0.965681,-0.247887,0.002421,-0.077505,0.068972,2.751107,1.000000,0.012581,4.860831
9.865000,0.578991,0.194416,0.392130,0.965655,-0.247963,0.002518,-0.077582,0.068972,2.751046,1.000000,0.012519,4.861047
9.870000,0.579414,0.194320,0.392052,0.965630,-0.248037,0.002616,-0.077656,0.068972,2.750985,1.000000,0.012418,4.861270
9.875000,0.579837,0.194221,0.391973,0.965605,-0.248110,0.002714,-0.077729,0.068971,2.750924,1.000000,0.012371,4.861030
9.880000,0.580260,0.194120,0.391891,0.965580,-0.248181,0.002814,-0.077799,0.068971,2.750863,1.000000,0.012351,4.860904
9.885000,0.580683,0.194016,0.391808,0.965557,-0.248251,0.002914,-0.077867,0.068971,2.750803,1.000000,0.012326,4.860788
9.890000,0.581106,0.193910,0.391723,0.965533,-0.248320,0.003016,-0.077932,0.068971,2.750742,1.000000,0.012278,4.860686
9.895000,0.581528,0.193801,0.391637,0.965511,-0.248387,0.003119,-0.077995,0.068970,2.750682,1.000000,0.012199,4.860668
9.900000,0.581951,0.193690,0.391548,0.965488,-0.248453,0.003223,-0.078056,0.068970,2.750623,1.000000,0.012083,4.860681
9.905000,0.582373,0.193576,0.391458,0.965467,-0.248518,0.003328,-0.078114,0.068970,2.750564,1.000000,0.011929,4.860708
9.910000,0.582795,0.193460,0.391367,0.965446,-0.248581,0.003435,-0.078171,0.068969,2.750506,1.000000,0.011755,4.860699
9.915000,0.583217,0.193341,0.391274,0.965425,-0.248642,0.003543,-0.078224,0.068969,2.750449,1.000000,0.011530,4.860772
9.920000,0.583639,0.193220,0.391179,0.965405,-0.248702,0.003652,-0.078276,0.068969,2.750393,1.000000,0.011253,4.860851
9.925000,0.584060,0.193097,0.391083,0.965386,-0.248760,0.003762,-0.078325,0.068969,2.750339,1.000000,0.010929,4.860991
9.930000,0.584481,0.192971,0.390986,0.965367,-0.248817,0.003873,-0.078372,0.068968,2.750287,1.000000,0.010557,4.861254
9.935000,0.584902,0.192843,0.390887,0.965348,-0.248872,0.003986,-0.078417,0.068968,2.750236,1.000000,0.010142,4.861524
9.940000,0.585322,0.192713,0.390787,0.965331,-0.248926,0.004100,-0.078459,0.068968,2.750188,1.000000,0.009682,4.861827
9.945000,0.585743,0.192581,0.390686,0.965314,-0.248977,0.004215,-0.078500,0.068968,2.750142,1.000000,0.009169,4.862232
9.950000,0.586162,0.192447,0.390584,0.965297,-0.249028,0.004331,-0.078538,0.068967,2.750099,1.000000,0.008567,4.862640
9.955000,0.586582,0.192311,0.390481,0.965281,-0.249076,0.004449,-0.078574,0.068967,2.750059,1.000000,0.007904,4.863060
9.960000,0.587000,0.192173,0.390377,0.965266,-0.249123,0.004567,-0.078607,0.068967,2.750023,1.000000,0.007202,4.863764
9.965000,0.587419,0.192033,0.390273,0.965251,-0.249167,0.004687,-0.078639,0.068967,2.749990,1.000000,0.006465,4.864524
9.970000,0.587837,0.191892,0.390167,0.965237,-0.249211,0.004808,-0.078668,0.068966,2.749961,1.000000,0.005697,4.865295
9.975000,0.588254,0.191749,0.390061,0.965223,-0.249252,0.004931,-0.078696,0.068966,2.749936,1.000000,0.004896,4.866331
9.980000,0.588670,0.191604,0.389954,0.965210,-0.249292,0.005055,-0.078721,0.068966,2.749915,1.000000,0.004149,4.867339
9.985000,0.589086,0.191458,0.389847,0.965198,-0.249330,0.005179,-0.078744,0.068965,2.749897,1.000000,0.003412,4.868356
9.990000,0.589501,0.191310,0.389740,0.965186,-0.249366,0.005305,-0.078765,0.068965,2.749884,1.000000,0.002668,4.869618
9.995000,0.589916,0.191161,0.389632,0.965175,-0.249400,0.005432,-0.078784,0.068965,2.749873,1.000000,0.001906,4.871163
10.000000,0.590329,0.191010,0.389523,0.965165,-0.249433,0.005560,-0.078801,0.068965,2.749867,1.000000,0.001127,4.872712
10.005000,0.590742,0.190859,0.389415,0.965155,-0.249464,0.005689,-0.078815,0.068964,2.749865,1.000000,0.000324,4.874465
10.010000,0.591154,0.190706,0.389306,0.965145,-0.249494,0.005819,-0.078828,0.068964,2.749867,1.000000,-0.000492,4.876488
10.015000,0.591565,0.190552,0.389197,0.965136,-0.249522,0.005951,-0.078838,0.068964,2.749871,1.000000,-0.001318,4.878515
10.020000,0.591974,0.190396,0.389089,0.965128,-0.249548,0.006083,-0.078845,0.068964,2.749880,1.000000,-0.002166,4.880707
10.025000,0.592383,0.190240,0.388980,0.965121,-0.249572,0.006216,-0.078850,0.068963,2.749891,1.000000,-0.003045,4.883458
10.030000,0.592791,0.190082,0.388871,0.965114,-0.249594,0.006351,-0.078853,0.068963,2.749906,1.000000,-0.003950,4.886213
10.035000,0.593198,0.189923,0.388762,0.965108,-0.249614,0.006487,-0.078853,0.068963,2.749925,1.000000,-0.004882,4.889138
10.040000,0.593604,0.189763,0.388653,0.965102,-0.249633,0.006623,-0.078850,0.068963,2.749948,1.000000,-0.005855,4.892709
10.045000,0.594008,0.189603,0.388544,0.965097,-0.249650,0.006761,-0.078845,0.068962,2.749975,1.000000,-0.006901,4.896065
10.050000,0.594412,0.189441,0.388436,0.965093,-0.249665,0.006901,-0.078838,0.068962,2.750006,1.000000,-0.008018,4.899623
10.055000,0.594815,0.189278,0.388328,0.965089,-0.249678,0.007042,-0.078828,0.068962,2.750042,1.000000,-0.009204,4.903801
10.060000,0.595217,0.189114,0.388220,0.965086,-0.249689,0.007184,-0.078815,0.068961,2.750082,1.000000,-0.010054,4.907984
10.065000,0.595617,0.188949,0.388113,0.965084,-0.249699,0.007328,-0.078800,0.068961,2.750124,1.000000,-0.010054,4.912444
10.070000,0.596017,0.188784,0.388006,0.965082,-0.249709,0.007474,-0.078782,0.068961,2.750164,1.000000,-0.009652,4.917477
10.075000,0.596416,0.188618,0.387900,0.965080,-0.249718,0.007621,-0.078762,0.068961,2.750202,1.000000,-0.009125,4.922518
10.080000,0.596814,0.188452,0.387795,0.965078,-0.249728,0.007770,-0.078740,0.068960,2.750238,1.000000,-0.008555,4.927537
10.085000,0.597212,0.188285,0.387690,0.965076,-0.249737,0.007921,-0.078715,0.068960,2.750272,1.000000,-0.008069,4.932996
10.090000,0.597608,0.188117,0.387586,0.965075,-0.249747,0.008073,-0.078688,0.068960,2.750305,1.000000,-0.007679,4.938469
10.095000,0.598003,0.187950,0.387484,0.965073,-0.249757,0.008227,-0.078659,0.068959,2.750336,1.000000,-0.007429,4.944370
10.100000,0.598398,0.187782,0.387382,0.965072,-0.249766,0.008383,-0.078628,0.068959,2.750366,1.000000,-0.007310,4.950606
10.105000,0.598792,0.187615,0.387282,0.965071,-0.249776,0.008542,-0.078594,0.068959,2.750397,1.000000,-0.007296,4.956859
10.110000,0.599185,0.187447,0.387182,0.965070,-0.249785,0.008702,-0.078558,0.068958,2.750427,1.000000,-0.007424,4.963564
10.115000,0.599577,0.187279,0.387085,0.965069,-0.249794,0.008863,-0.078519,0.068958,2.750459,1.000000,-0.007625,4.970313
10.120000,0.599968,0.187112,0.386988,0.965069,-0.249803,0.009027,-0.078478,0.068958,2.750491,1.000000,-0.007902,4.977082
10.125000,0.600359,0.186944,0.386894,0.965069,-0.249811,0.009193,-0.078435,0.068958,2.750525,1.000000,-0.008292,4.984353
10.130000,0.600748,0.186777,0.386801,0.965069,-0.249819,0.009361,-0.078389,0.068957,2.750560,1.000000,-0.008760,4.991792
10.135000,0.601137,0.186611,0.386709,0.965069,-0.249827,0.009532,-0.078340,0.068957,2.750598,1.000000,-0.009286,4.999255
10.140000,0.601525,0.186444,0.386620,0.965070,-0.249833,0.009704,-0.078289,0.068957,2.750638,1.000000,-0.009920,5.007147
10.145000,0.601911,0.186278,0.386532,0.965071,-0.249840,0.009878,-0.078235,0.068956,2.750681,1.000000,-0.010611,5.015149
10.150000,0.602297,0.186112,0.386446,0.965072,-0.249845,0.010054,-0.078179,0.068956,2.750727,1.000000,-0.011401,5.023022
10.155000,0.602682,0.185947,0.386362,0.965074,-0.249850,0.010233,-0.078121,0.068956,2.750776,1.000000,-0.012333,5.031213
10.160000,0.603066,0.185782,0.386280,0.965076,-0.249854,0.010414,-0.078059,0.068955,2.750829,1.000000,-0.013341,5.039493
10.165000,0.603449,0.185617,0.386201,0.965078,-0.249857,0.010598,-0.077996,0.068955,2.750887,1.000000,-0.014400,5.047806
10.170000,0.603832,0.185453,0.386124,0.965081,-0.249860,0.010784,-0.077929,0.068955,2.750948,1.000000,-0.015538,5.056417
10.175000,0.604213,0.185290,0.386049,0.965084,-0.249862,0.010973,-0.077861,0.068955,2.751015,1.000000,-0.016718,5.065151
10.180000,0.604594,0.185127,0.385977,0.965087,-0.249862,0.011165,-0.077789,0.068954,2.751087,1.000000,-0.018022,5.073575
10.185000,0.604974,0.184964,0.385908,0.965091,-0.249862,0.011359,-0.077716,0.068954,2.751164,1.000000,-0.019463,5.082164
10.190000,0.605354,0.184802,0.385841,0.965095,-0.249861,0.011558,-0.077640,0.068954,2.751247,1.000000,-0.021000,5.090879
10.195000,0.605733,0.184641,0.385778,0.965099,-0.249859,0.011759,-0.077561,0.068953,2.751337,1.000000,-0.022585,5.099632
10.200000,0.606111,0.184480,0.385718,0.965104,-0.249856,0.011965,-0.077481,0.068953,2.751433,1.000000,-0.024216,5.108544
10.205000,0.606489,0.184320,0.385661,0.965109,-0.249851,0.012174,-0.077397,0.068953,2.751536,1.000000,-0.025890,5.117690
10.210000,0.606867,0.184160,0.385607,0.965115,-0.249846,0.012386,-0.077312,0.068953,2.751645,1.000000,-0.027568,5.126877
10.215000,0.607243,0.184001,0.385557,0.965121,-0.249839,0.012603,-0.077224,0.068952,2.751761,1.000000,-0.029261,5.135746
10.220000,0.607620,0.183842,0.385511,0.965127,-0.249831,0.012823,-0.077134,0.068952,2.751884,1.000000,-0.031008,5.144693
10.225000,0.607995,0.183684,0.385468,0.965134,-0.249822,0.013048,-0.077042,0.068952,2.752015,1.000000,-0.032763,5.153685
10.230000,0.608371,0.183527,0.385430,0.965141,-0.249812,0.013276,-0.076947,0.068952,2.752152,1.000000,-0.034518,5.162730
10.235000,0.608746,0.183370,0.385395,0.965148,-0.249800,0.013509,-0.076850,0.068951,2.752296,1.000000,-0.036294,5.171992
10.240000,0.609120,0.183214,0.385365,0.965156,-0.249788,0.013746,-0.076750,0.068951,2.752448,1.000000,-0.038065,5.181337
10.245000,0.609494,0.183058,0.385339,0.965164,-0.249774,0.013987,-0.076649,0.068951,2.752606,1.000000,-0.039821,5.190737
10.250000,0.609867,0.182902,0.385317,0.965173,-0.249758,0.014232,-0.076544,0.068950,2.752771,1.000000,-0.041430,5.199641
10.255000,0.610239,0.182747,0.385300,0.965182,-0.249742,0.014480,-0.076438,0.068950,2.752943,1.000000,-0.042953,5.208634
10.260000,0.610611,0.182593,0.385287,0.965191,-0.249724,0.014733,-0.076329,0.068950,2.753120,1.000000,-0.044397,5.217674
10.265000,0.610982,0.182439,0.385279,0.965201,-0.249706,0.014989,-0.076217,0.068950,2.753303,1.000000,-0.045779,5.226781
10.270000,0.611352,0.182286,0.385275,0.965211,-0.249686,0.015248,-0.076103,0.068949,2.753491,1.000000,-0.047125,5.236024
10.275000,0.611721,0.182133,0.385276,0.965222,-0.249664,0.015512,-0.075987,0.068949,2.753685,1.000000,-0.048424,5.245314
10.280000,0.612089,0.181980,0.385281,0.965233,-0.249642,0.015778,-0.075868,0.068949,2.753884,1.000000,-0.049682,5.254659
10.285000,0.612456,0.181828,0.385291,0.965244,-0.249619,0.016048,-0.075747,0.068949,2.754087,1.000000,-0.050766,5.263550
10.290000,0.612822,0.181676,0.385306,0.965255,-0.249594,0.016321,-0.075623,0.068948,2.754295,1.000000,-0.051711,5.272489
10.295000,0.613186,0.181525,0.385325,0.965267,-0.249569,0.016597,-0.075497,0.068948,2.754506,1.000000,-0.052944,5.281482
10.300000,0.613550,0.181374,0.385350,0.965279,-0.249542,0.016876,-0.075369,0.068948,2.754724,1.000000,-0.054643,5.290530
10.305000,0.613912,0.181224,0.385379,0.965291,-0.249514,0.017158,-0.075240,0.068948,2.754950,1.000000,-0.056571,5.299635
10.310000,0.614274,0.181074,0.385412,0.965304,-0.249484,0.017444,-0.075110,0.068947,2.755183,1.000000,-0.058577,5.308786
10.315000,0.614635,0.180926,0.385451,0.965317,-0.249454,0.017732,-0.074980,0.068947,2.755424,1.000000,-0.060588,5.318005
10.320000,0.614994,0.180778,0.385494,0.965330,-0.249422,0.018023,-0.074849,0.068947,2.755673,1.000000,-0.062354,5.326348
10.325000,0.615352,0.180630,0.385541,0.965343,-0.249389,0.018318,-0.074717,0.068946,2.755928,1.000000,-0.063893,5.334732
10.330000,0.615710,0.180483,0.385593,0.965356,-0.249355,0.018614,-0.074584,0.068946,2.756189,1.000000,-0.065222,5.343164
10.335000,0.616065,0.180337,0.385649,0.965370,-0.249321,0.018913,-0.074451,0.068946,2.756455,1.000000,-0.066368,5.351759
10.340000,0.616420,0.180191,0.385710,0.965383,-0.249285,0.019215,-0.074318,0.068946,2.756725,1.000000,-0.067338,5.360397
10.345000,0.616773,0.180045,0.385774,0.965397,-0.249249,0.019519,-0.074184,0.068945,2.756998,1.000000,-0.068149,5.369083
10.350000,0.617125,0.179899,0.385843,0.965410,-0.249213,0.019825,-0.074049,0.068945,2.757274,1.000000,-0.068509,5.376425
10.355000,0.617476,0.179754,0.385915,0.965424,-0.249176,0.020132,-0.073914,0.068945,2.757550,1.000000,-0.068513,5.383795
10.360000,0.617825,0.179608,0.385991,0.965437,-0.249139,0.020442,-0.073778,0.068945,2.757825,1.000000,-0.068209,5.391197
10.365000,0.618172,0.179462,0.386071,0.965450,-0.249103,0.020752,-0.073641,0.068944,2.758099,1.000000,-0.067639,5.398649
10.370000,0.618517,0.179316,0.386153,0.965463,-0.249066,0.021064,-0.073504,0.068944,2.758370,1.000000,-0.066837,5.406168
10.375000,0.618861,0.179169,0.386239,0.965476,-0.249030,0.021377,-0.073367,0.068944,2.758637,1.000000,-0.065832,5.413718
10.380000,0.619203,0.179022,0.386328,0.965489,-0.248994,0.021691,-0.073228,0.068944,2.758899,1.000000,-0.064652,5.421307
10.385000,0.619543,0.178874,0.386419,0.965501,-0.248959,0.022006,-0.073090,0.068943,2.759156,1.000000,-0.063046,5.427950
10.390000,0.619881,0.178725,0.386513,0.965514,-0.248925,0.022321,-0.072950,0.068943,2.759405,1.000000,-0.061128,5.434619
10.395000,0.620218,0.178576,0.386610,0.965525,-0.248892,0.022636,-0.072810,0.068943,2.759646,1.000000,-0.058945,5.441320
10.400000,0.620552,0.178425,0.386708,0.965537,-0.248859,0.022952,-0.072670,0.068942,2.759878,1.000000,-0.056537,5.448000
10.405000,0.620884,0.178274,0.386809,0.965548,-0.248828,0.023267,-0.072529,0.068942,2.760100,1.000000,-0.053939,5.454680
10.410000,0.621213,0.178122,0.386911,0.965558,-0.248799,0.023583,-0.072387,0.068942,2.760311,1.000000,-0.051179,5.461391
10.415000,0.621541,0.177968,0.387015,0.965569,-0.248771,0.023898,-0.072245,0.068942,2.760510,1.000000,-0.048283,5.468155
10.420000,0.621867,0.177813,0.387120,0.965578,-0.248744,0.024213,-0.072102,0.068941,2.760698,1.000000,-0.045116,5.474648
10.425000,0.622190,0.177657,0.387227,0.965587,-0.248719,0.024527,-0.071959,0.068941,2.760872,1.000000,-0.041803,5.481161
10.430000,0.622510,0.177500,0.387334,0.965596,-0.248696,0.024841,-0.071816,0.068941,2.761032,1.000000,-0.038370,5.487700
10.435000,0.622829,0.177342,0.387443,0.965604,-0.248674,0.025153,-0.071672,0.068941,2.761179,1.000000,-0.034839,5.494264
10.440000,0.623145,0.177182,0.387552,0.965612,-0.248654,0.025464,-0.071529,0.068940,2.761311,1.000000,-0.031231,5.500847
10.445000,0.623458,0.177021,0.387661,0.965619,-0.248636,0.025773,-0.071384,0.068940,2.761429,1.000000,-0.027565,5.507456
10.450000,0.623769,0.176858,0.387771,0.965625,-0.248621,0.026082,-0.071240,0.068940,2.761532,1.000000,-0.023857,5.514129
10.455000,0.624078,0.176694,0.387881,0.965631,-0.248607,0.026389,-0.071095,0.068940,2.761619,1.000000,-0.019954,5.520636
10.460000,0.624383,0.176529,0.387991,0.965637,-0.248595,0.026694,-0.070951,0.068939,2.761691,1.000000,-0.016022,5.527163
10.465000,0.624686,0.176363,0.388100,0.965641,-0.248585,0.026996,-0.070806,0.068939,2.761746,1.000000,-0.012038,5.533683
10.470000,0.624987,0.176196,0.388210,0.965645,-0.248578,0.027297,-0.070661,0.068939,2.761785,1.000000,-0.007406,5.540192
10.475000,0.625284,0.176027,0.388318,0.965649,-0.248572,0.027594,-0.070515,0.068938,2.761803,1.000000,-0.002290,5.546714
10.480000,0.625577,0.175856,0.388426,0.965652,-0.248570,0.027888,-0.070368,0.068938,2.761800,1.000000,0.003086,5.553263
10.485000,0.625868,0.175684,0.388533,0.965654,-0.248569,0.028180,-0.070219,0.068938,2.761769,1.000000,0.008560,5.559870
10.490000,0.626155,0.175510,0.388638,0.965656,-0.248572,0.028468,-0.070068,0.068938,2.761710,1.000000,0.014385,5.565720
10.495000,0.626439,0.175335,0.388743,0.965658,-0.248577,0.028753,-0.069916,0.068937,2.761621,1.000000,0.020349,5.571584
10.500000,0.626719,0.175158,0.388846,0.965658,-0.248584,0.029033,-0.069762,0.068937,2.761503,1.000000,0.026361,5.577416
10.505000,0.626995,0.174979,0.388947,0.965659,-0.248595,0.029309,-0.069606,0.068937,2.761354,1.000000,0.032358,5.583250
10.510000,0.627268,0.174800,0.389047,0.965658,-0.248608,0.029581,-0.069448,0.068937,2.761175,1.000000,0.038293,5.589097
10.515000,0.627536,0.174619,0.389146,0.965658,-0.248623,0.029848,-0.069289,0.068936,2.760967,1.000000,0.044136,5.594997
10.520000,0.627801,0.174436,0.389242,0.965656,-0.248641,0.030112,-0.069128,0.068936,2.760730,1.000000,0.050119,5.600208
10.525000,0.628062,0.174253,0.389337,0.965654,-0.248662,0.030370,-0.068966,0.068936,2.760462,1.000000,0.056151,5.605422
10.530000,0.628318,0.174068,0.389430,0.965652,-0.248686,0.030624,-0.068802,0.068936,2.760164,1.000000,0.062185,5.610633
10.535000,0.628571,0.173882,0.389521,0.965649,-0.248712,0.030873,-0.068638,0.068935,2.759836,1.000000,0.068183,5.615827
10.540000,0.628819,0.173695,0.389610,0.965646,-0.248741,0.031118,-0.068472,0.068935,2.759478,1.000000,0.074120,5.621024
10.545000,0.629063,0.173507,0.389697,0.965641,-0.248773,0.031358,-0.068305,0.068935,2.759090,1.000000,0.079973,5.626233
10.550000,0.629303,0.173318,0.389782,0.965637,-0.248807,0.031594,-0.068136,0.068935,2.758674,1.000000,0.085729,5.631469
10.555000,0.629539,0.173128,0.389865,0.965631,-0.248844,0.031825,-0.067968,0.068934,2.758229,1.000000,0.091450,5.636247
10.560000,0.629771,0.172937,0.389946,0.965626,-0.248884,0.032052,-0.067798,0.068934,2.757755,1.000000,0.097105,5.641036
10.565000,0.629999,0.172746,0.390025,0.965619,-0.248926,0.032275,-0.067628,0.068934,2.757254,1.000000,0.102690,5.645843
10.570000,0.630223,0.172553,0.390102,0.965612,-0.248971,0.032494,-0.067457,0.068933,2.756724,1.000000,0.108199,5.650656
10.575000,0.630443,0.172360,0.390178,0.965605,-0.249019,0.032709,-0.067286,0.068933,2.756168,1.000000,0.113626,5.655480
10.580000,0.630658,0.172166,0.390251,0.965596,-0.249069,0.032921,-0.067115,0.068933,2.755584,1.000000,0.118962,5.660296
10.585000,0.630870,0.171971,0.390322,0.965587,-0.249122,0.033128,-0.066943,0.068933,2.754974,1.000000,0.124201,5.665097
10.590000,0.631078,0.171775,0.390392,0.965578,-0.249178,0.033332,-0.066772,0.068932,2.754338,1.000000,0.129347,5.669409
10.595000,0.631282,0.171579,0.390460,0.965568,-0.249236,0.033533,-0.066600,0.068932,2.753677,1.000000,0.134407,5.673732
10.600000,0.631482,0.171382,0.390527,0.965557,-0.249297,0.033731,-0.066429,0.068932,2.752990,1.000000,0.139387,5.678074
10.605000,0.631678,0.171185,0.390592,0.965546,-0.249360,0.033927,-0.066257,0.068932,2.752279,1.000000,0.144288,5.682420
10.610000,0.631871,0.170987,0.390656,0.965534,-0.249425,0.034119,-0.066086,0.068931,2.751544,1.000000,0.149109,5.686776
10.615000,0.632059,0.170789,0.390718,0.965521,-0.249494,0.034309,-0.065915,0.068931,2.750785,1.000000,0.153851,5.691159
10.620000,0.632244,0.170590,0.390780,0.965508,-0.249564,0.034497,-0.065744,0.068931,2.750002,1.000000,0.158510,5.695549
10.625000,0.632426,0.170390,0.390840,0.965494,-0.249637,0.034683,-0.065574,0.068930,2.749196,1.000000,0.162993,5.699890
10.630000,0.632603,0.170190,0.390900,0.965479,-0.249712,0.034866,-0.065405,0.068930,2.748369,1.000000,0.167315,5.704247
10.635000,0.632778,0.169990,0.390959,0.965464,-0.249790,0.035048,-0.065236,0.068930,2.747520,1.000000,0.171513,5.708619
10.640000,0.632948,0.169790,0.391017,0.965448,-0.249869,0.035228,-0.065068,0.068930,2.746651,1.000000,0.175608,5.712995
10.645000,0.633115,0.169589,0.391075,0.965432,-0.249951,0.035407,-0.064901,0.068929,2.745761,1.000000,0.179613,5.717377
10.650000,0.633279,0.169388,0.391132,0.965415,-0.250035,0.035584,-0.064735,0.068929,2.744852,1.000000,0.183536,5.721742
10.655000,0.633439,0.169187,0.391189,0.965397,-0.250121,0.035759,-0.064570,0.068929,2.743923,1.000000,0.187378,5.726109
10.660000,0.633596,0.168986,0.391245,0.965379,-0.250209,0.035934,-0.064406,0.068929,2.742975,1.000000,0.191004,5.730471
10.665000,0.633749,0.168784,0.391302,0.965360,-0.250299,0.036107,-0.064244,0.068928,2.742011,1.000000,0.194275,5.734843
10.670000,0.633899,0.168583,0.391357,0.965340,-0.250391,0.036279,-0.064083,0.068928,2.741031,1.000000,0.197296,5.739218
10.675000,0.634046,0.168382,0.391413,0.965320,-0.250485,0.036449,-0.063924,0.068928,2.740036,1.000000,0.200157,5.743604
10.680000,0.634190,0.168181,0.391468,0.965299,-0.250580,0.036617,-0.063768,0.068928,2.739027,1.000000,0.202911,5.748011
10.685000,0.634331,0.167981,0.391522,0.965278,-0.250677,0.036785,-0.063613,0.068927,2.738005,1.000000,0.205585,5.752439
10.690000,0.634469,0.167780,0.391576,0.965256,-0.250776,0.036951,-0.063461,0.068927,2.736969,1.000000,0.208376,5.756335
10.695000,0.634604,0.167580,0.391630,0.965233,-0.250876,0.037116,-0.063310,0.068927,2.735919,1.000000,0.211294,5.760240
10.700000,0.634736,0.167379,0.391683,0.965210,-0.250978,0.037279,-0.063162,0.068927,2.734854,1.000000,0.214300,5.764150
10.705000,0.634865,0.167179,0.391736,0.965186,-0.251082,0.037441,-0.063016,0.068926,2.733774,1.000000,0.217363,5.768062
10.710000,0.634991,0.166978,0.391788,0.965162,-0.251188,0.037602,-0.062872,0.068926,2.732678,1.000000,0.220462,5.771985
10.715000,0.635115,0.166777,0.391840,0.965137,-0.251296,0.037761,-0.062730,0.068926,2.731567,1.000000,0.223577,5.775883
10.720000,0.635236,0.166576,0.391891,0.965111,-0.251406,0.037920,-0.062590,0.068925,2.730440,1.000000,0.226696,5.779773
10.725000,0.635354,0.166375,0.391942,0.965085,-0.251517,0.038077,-0.062453,0.068925,2.729297,1.000000,0.230027,5.783127
10.730000,0.635469,0.166173,0.391993,0.965058,-0.251631,0.038233,-0.062317,0.068925,2.728137,1.000000,0.233556,5.786510
10.735000,0.635582,0.165971,0.392043,0.965030,-0.251747,0.038387,-0.062183,0.068925,2.726958,1.000000,0.237210,5.789931
10.740000,0.635692,0.165768,0.392093,0.965002,-0.251865,0.038541,-0.062051,0.068924,2.725761,1.000000,0.240940,5.793352
10.745000,0.635800,0.165564,0.392142,0.964973,-0.251985,0.038693,-0.061921,0.068924,2.724546,1.000000,0.244709,5.796780
10.750000,0.635905,0.165360,0.392191,0.964943,-0.252107,0.038844,-0.061792,0.068924,2.723311,1.000000,0.248490,5.800175
10.755000,0.636007,0.165155,0.392239,0.964912,-0.252232,0.038994,-0.061666,0.068924,2.722058,1.000000,0.252263,5.803571
10.760000,0.636108,0.164949,0.392287,0.964881,-0.252358,0.039143,-0.061541,0.068923,2.720785,1.000000,0.256158,5.806803
10.765000,0.636205,0.164743,0.392334,0.964849,-0.252487,0.039291,-0.061418,0.068923,2.719493,1.000000,0.260143,5.810041
10.770000,0.636301,0.164535,0.392381,0.964817,-0.252619,0.039437,-0.061297,0.068923,2.718180,1.000000,0.264171,5.813280
10.775000,0.636394,0.164326,0.392427,0.964783,-0.252752,0.039582,-0.061177,0.068922,2.716848,1.000000,0.268206,5.816527
10.780000,0.636485,0.164117,0.392473,0.964749,-0.252888,0.039726,-0.061059,0.068922,2.715495,1.000000,0.272223,5.819783
10.785000,0.636573,0.163906,0.392518,0.964715,-0.253026,0.039868,-0.060943,0.068922,2.714122,1.000000,0.276203,5.823047
10.790000,0.636660,0.163695,0.392562,0.964679,-0.253166,0.040010,-0.060828,0.068922,2.712730,1.000000,0.280129,5.826312
10.795000,0.636744,0.163482,0.392606,0.964643,-0.253309,0.040150,-0.060715,0.068921,2.711317,1.000000,0.284150,5.829271
10.800000,0.636826,0.163268,0.392648,0.964606,-0.253454,0.040289,-0.060603,0.068921,2.709885,1.000000,0.288245,5.832229
10.805000,0.636906,0.163053,0.392690,0.964569,-0.253601,0.040426,-0.060493,0.068921,2.708431,1.000000,0.292364,5.835186
10.810000,0.636985,0.162837,0.392731,0.964530,-0.253751,0.040562,-0.060385,0.068921,2.706957,1.000000,0.296473,5.838151
10.815000,0.637061,0.162619,0.392772,0.964492,-0.253903,0.040696,-0.060277,0.068920,2.705463,1.000000,0.300545,5.841123
10.820000,0.637135,0.162401,0.392811,0.964452,-0.254057,0.040830,-0.060172,0.068920,2.703949,1.000000,0.304539,5.844102
10.825000,0.637208,0.162181,0.392850,0.964412,-0.254213,0.040961,-0.060067,0.068920,2.702416,1.000000,0.307882,5.847081
10.830000,0.637279,0.161960,0.392888,0.964371,-0.254370,0.041092,-0.059962,0.068920,2.700868,1.000000,0.310676,5.849639
10.835000,0.637349,0.161739,0.392925,0.964330,-0.254529,0.041220,-0.059858,0.068919,2.699308,1.000000,0.313127,5.852161
10.840000,0.637418,0.161516,0.392962,0.964289,-0.254689,0.041347,-0.059753,0.068919,2.697736,1.000000,0.315347,5.854683
10.845000,0.637486,0.161293,0.392998,0.964248,-0.254849,0.041471,-0.059648,0.068919,2.696153,1.000000,0.317416,5.857212
10.850000,0.637553,0.161069,0.393034,0.964207,-0.255011,0.041594,-0.059543,0.068919,2.694560,1.000000,0.319394,5.859792
10.855000,0.637620,0.160844,0.393069,0.964165,-0.255173,0.041716,-0.059437,0.068918,2.692958,1.000000,0.321319,5.862377
10.860000,0.637686,0.160618,0.393104,0.964123,-0.255336,0.041835,-0.059331,0.068918,2.691346,1.000000,0.323290,5.864622
10.865000,0.637752,0.160391,0.393138,0.964081,-0.255499,0.041953,-0.059225,0.068918,2.689724,1.000000,0.325335,5.866839
10.870000,0.637818,0.160164,0.393172,0.964039,-0.255664,0.042070,-0.059119,0.068918,2.688091,1.000000,0.327435,5.869032
10.875000,0.637883,0.159934,0.393206,0.963996,-0.255830,0.042185,-0.059013,0.068917,2.686448,1.000000,0.329580,5.871225
10.880000,0.637947,0.159704,0.393239,0.963954,-0.255996,0.042298,-0.058906,0.068917,2.684794,1.000000,0.331763,5.873435
10.885000,0.638012,0.159473,0.393272,0.963911,-0.256164,0.042410,-0.058800,0.068917,2.683129,1.000000,0.333980,5.875701
10.890000,0.638076,0.159240,0.393304,0.963868,-0.256332,0.042520,-0.058693,0.068917,2.681453,1.000000,0.336221,5.877966
10.895000,0.638140,0.159005,0.393336,0.963824,-0.256502,0.042629,-0.058587,0.068916,2.679765,1.000000,0.338642,5.879583
10.900000,0.638204,0.158769,0.393367,0.963780,-0.256673,0.042737,-0.058480,0.068916,2.678064,1.000000,0.341257,5.881156
10.905000,0.638268,0.158532,0.393398,0.963736,-0.256845,0.042843,-0.058374,0.068916,2.676350,1.000000,0.343998,5.882716
10.910000,0.638332,0.158292,0.393428,0.963692,-0.257019,0.042948,-0.058267,0.068915,2.674622,1.000000,0.346824,5.884284
10.915000,0.638396,0.158050,0.393458,0.963647,-0.257194,0.043052,-0.058160,0.068915,2.672880,1.000000,0.349707,5.885882
10.920000,0.638460,0.157807,0.393487,0.963601,-0.257371,0.043155,-0.058053,0.068915,2.671123,1.000000,0.352628,5.887516
10.925000,0.638524,0.157562,0.393516,0.963556,-0.257549,0.043257,-0.057947,0.068915,2.669352,1.000000,0.355569,5.889150
10.930000,0.638588,0.157314,0.393545,0.963510,-0.257728,0.043357,-0.057840,0.068914,2.667565,1.000000,0.358717,5.890035
10.935000,0.638652,0.157064,0.393573,0.963463,-0.257910,0.043457,-0.057733,0.068914,2.665762,1.000000,0.362082,5.890863
10.940000,0.638717,0.156812,0.393600,0.963416,-0.258093,0.043556,-0.057626,0.068914,2.663942,1.000000,0.365583,5.891694
10.945000,0.638782,0.156557,0.393627,0.963368,-0.258278,0.043653,-0.057519,0.068914,2.662104,1.000000,0.369164,5.892534
10.950000,0.638847,0.156300,0.393654,0.963320,-0.258465,0.043750,-0.057411,0.068913,2.660248,1.000000,0.372789,5.893381
10.955000,0.638912,0.156040,0.393679,0.963272,-0.258653,0.043846,-0.057304,0.068913,2.658374,1.000000,0.376434,5.894235
10.960000,0.638978,0.155777,0.393705,0.963222,-0.258844,0.043940,-0.057196,0.068913,2.656482,1.000000,0.380079,5.895092
10.965000,0.639044,0.155511,0.393730,0.963173,-0.259037,0.044034,-0.057088,0.068913,2.654571,1.000000,0.383937,5.894975
10.970000,0.639111,0.155243,0.393754,0.963122,-0.259232,0.044128,-0.056980,0.068912,2.652640,1.000000,0.388037,5.894905
10.975000,0.639178,0.154971,0.393778,0.963072,-0.259429,0.044220,-0.056872,0.068912,2.650688,1.000000,0.392274,5.894838
10.980000,0.639245,0.154696,0.393801,0.963020,-0.259628,0.044312,-0.056763,0.068912,2.648714,1.000000,0.396584,5.894783
10.985000,0.639314,0.154418,0.393824,0.962968,-0.259830,0.044403,-0.056654,0.068912,2.646719,1.000000,0.400920,5.894671
10.990000,0.639382,0.154137,0.393847,0.962915,-0.260034,0.044494,-0.056545,0.068911,2.644703,1.000000,0.405256,5.894559
10.995000,0.639451,0.153852,0.393868,0.962861,-0.260241,0.044584,-0.056435,0.068911,2.642664,1.000000,0.409571,5.894459
11.000000,0.639521,0.153564,0.393890,0.962807,-0.260450,0.044674,-0.056325,0.068911,2.640604,1.000000,0.414136,5.892920
11.005000,0.639592,0.153271,0.393911,0.962752,-0.260661,0.044764,-0.056215,0.068911,2.638520,1.000000,0.419017,5.891393
11.010000,0.639663,0.152975,0.393931,0.962696,-0.260876,0.044853,-0.056103,0.068910,2.636411,1.000000,0.424076,5.889873
11.015000,0.639735,0.152675,0.393951,0.962640,-0.261093,0.044942,-0.055992,0.068910,2.634277,1.000000,0.429230,5.888378
11.020000,0.639808,0.152371,0.393971,0.962582,-0.261314,0.045031,-0.055879,0.068910,2.632116,1.000000,0.434428,5.886939
11.025000,0.639882,0.152063,0.393990,0.962524,-0.261537,0.045120,-0.055766,0.068910,2.629930,1.000000,0.439627,5.885508
11.030000,0.639956,0.151750,0.394009,0.962465,-0.261763,0.045208,-0.055653,0.068909,2.627717,1.000000,0.445126,5.882478
11.035000,0.640032,0.151432,0.394027,0.962405,-0.261993,0.045297,-0.055538,0.068909,2.625476,1.000000,0.451000,5.879410
11.040000,0.640108,0.151110,0.394045,0.962344,-0.262226,0.045386,-0.055422,0.068909,2.623204,1.000000,0.457094,5.876342
11.045000,0.640186,0.150782,0.394063,0.962282,-0.262462,0.045475,-0.055306,0.068908,2.620902,1.000000,0.463306,5.873296
11.050000,0.640264,0.150450,0.394080,0.962219,-0.262703,0.045564,-0.055188,0.068908,2.618568,1.000000,0.469570,5.870276
11.055000,0.640344,0.150112,0.394097,0.962155,-0.262947,0.045654,-0.055070,0.068908,2.616203,1.000000,0.475840,5.867280
11.060000,0.640424,0.149769,0.394114,0.962090,-0.263194,0.045743,-0.054951,0.068908,2.613807,1.000000,0.482084,5.864298
11.065000,0.640506,0.149421,0.394130,0.962024,-0.263446,0.045832,-0.054832,0.068907,2.611380,1.000000,0.488478,5.860339
11.070000,0.640588,0.149067,0.394146,0.961956,-0.263701,0.045921,-0.054711,0.068907,2.608920,1.000000,0.495071,5.856389
11.075000,0.640672,0.148708,0.394161,0.961888,-0.263960,0.046011,-0.054590,0.068907,2.606427,1.000000,0.501752,5.852457
11.080000,0.640756,0.148343,0.394176,0.961818,-0.264223,0.046100,-0.054469,0.068907,2.603900,1.000000,0.508428,5.848550
11.085000,0.640842,0.147972,0.394191,0.961747,-0.264490,0.046189,-0.054346,0.068906,2.601340,1.000000,0.515041,5.844701
11.090000,0.640929,0.147596,0.394205,0.961676,-0.264761,0.046277,-0.054224,0.068906,2.598748,1.000000,0.521544,5.840893
11.095000,0.641017,0.147214,0.394219,0.961602,-0.265036,0.046365,-0.054101,0.068906,2.596123,1.000000,0.527898,5.837101
11.100000,0.641106,0.146826,0.394232,0.961528,-0.265315,0.046453,-0.053979,0.068906,2.593467,1.000000,0.534388,5.831887
11.105000,0.641196,0.146432,0.394244,0.961453,-0.265598,0.046541,-0.053856,0.068905,2.590778,1.000000,0.541110,5.826648
11.110000,0.641287,0.146033,0.394256,0.961376,-0.265885,0.046628,-0.053732,0.068905,2.588055,1.000000,0.547919,5.821432
11.115000,0.641380,0.145627,0.394268,0.961298,-0.266177,0.046715,-0.053608,0.068905,2.585297,1.000000,0.554725,5.816248
11.120000,0.641473,0.145215,0.394279,0.961219,-0.266473,0.046801,-0.053484,0.068905,2.582506,1.000000,0.561469,5.811106
11.125000,0.641568,0.144797,0.394289,0.961138,-0.266773,0.046887,-0.053360,0.068904,2.579682,1.000000,0.568107,5.805989
11.130000,0.641664,0.144372,0.394298,0.961056,-0.267077,0.046972,-0.053236,0.068904,2.576825,1.000000,0.574612,5.800903
11.135000,0.641761,0.143942,0.394307,0.960973,-0.267386,0.047057,-0.053112,0.068904,2.573935,1.000000,0.581328,5.794009
11.140000,0.641859,0.143504,0.394315,0.960889,-0.267699,0.047141,-0.052987,0.068904,2.571011,1.000000,0.588404,5.787157
11.145000,0.641959,0.143060,0.394323,0.960803,-0.268017,0.047225,-0.052862,0.068903,2.568051,1.000000,0.595640,5.780339
11.150000,0.642059,0.142609,0.394330,0.960716,-0.268339,0.047309,-0.052736,0.068903,2.565055,1.000000,0.602906,5.773550
11.155000,0.642161,0.142152,0.394336,0.960627,-0.268667,0.047393,-0.052610,0.068903,2.562022,1.000000,0.610118,5.766760
11.160000,0.642264,0.141687,0.394342,0.960537,-0.268999,0.047476,-0.052483,0.068903,2.558954,1.000000,0.617222,5.760005
11.165000,0.642369,0.141215,0.394347,0.960445,-0.269336,0.047559,-0.052356,0.068902,2.555851,1.000000,0.624183,5.753292
11.170000,0.642474,0.140736,0.394351,0.960352,-0.269678,0.047641,-0.052228,0.068902,2.552713,1.000000,0.631335,5.745013
11.175000,0.642581,0.140250,0.394355,0.960258,-0.270025,0.047723,-0.052100,0.068902,2.549539,1.000000,0.638813,5.736787
11.180000,0.642689,0.139756,0.394358,0.960162,-0.270377,0.047805,-0.051971,0.068901,2.546326,1.000000,0.646413,5.728614
11.185000,0.642798,0.139255,0.394361,0.960064,-0.270734,0.047886,-0.051840,0.068901,2.543076,1.000000,0.653995,5.720436
11.190000,0.642909,0.138746,0.394362,0.959965,-0.271096,0.047968,-0.051709,0.068901,2.539789,1.000000,0.661477,5.712278
11.195000,0.643020,0.138230,0.394364,0.959864,-0.271464,0.048049,-0.051577,0.068901,2.536464,1.000000,0.668808,5.704174
11.200000,0.643133,0.137705,0.394364,0.959761,-0.271836,0.048129,-0.051443,0.068900,2.533103,1.000000,0.676289,5.694524
11.205000,0.643247,0.137173,0.394364,0.959657,-0.272215,0.048210,-0.051309,0.068900,2.529704,1.000000,0.684071,5.684980
11.210000,0.643362,0.136632,0.394364,0.959552,-0.272599,0.048291,-0.051172,0.068900,2.526266,1.000000,0.691932,5.675496
11.215000,0.643479,0.136084,0.394362,0.959444,-0.272988,0.048372,-0.051034,0.068900,2.522788,1.000000,0.699736,5.666066
11.220000,0.643596,0.135526,0.394361,0.959335,-0.273383,0.048453,-0.050894,0.068899,2.519272,1.000000,0.707392,5.656682
11.225000,0.643715,0.134961,0.394358,0.959224,-0.273784,0.048534,-0.050752,0.068899,2.515719,1.000000,0.714846,5.647360
11.230000,0.643835,0.134387,0.394356,0.959112,-0.274190,0.048615,-0.050609,0.068899,2.512129,1.000000,0.722062,5.638113
11.235000,0.643956,0.133805,0.394352,0.958997,-0.274601,0.048697,-0.050465,0.068899,2.508504,1.000000,0.729233,5.627480
11.240000,0.644078,0.133215,0.394348,0.958881,-0.275018,0.048778,-0.050318,0.068898,2.504842,1.000000,0.736545,5.616923
11.245000,0.644202,0.132616,0.394344,0.958764,-0.275441,0.048861,-0.050169,0.068898,2.501145,1.000000,0.743819,5.606457
11.250000,0.644326,0.132008,0.394339,0.958644,-0.275870,0.048944,-0.050019,0.068898,2.497411,1.000000,0.750945,5.596071
11.255000,0.644452,0.131392,0.394334,0.958523,-0.276304,0.049027,-0.049866,0.068897,2.493643,1.000000,0.757857,5.585772
11.260000,0.644580,0.130767,0.394328,0.958400,-0.276744,0.049111,-0.049711,0.068897,2.489840,1.000000,0.764511,5.575594
11.265000,0.644708,0.130133,0.394322,0.958275,-0.277189,0.049196,-0.049554,0.068897,2.486006,1.000000,0.770876,5.565500
11.270000,0.644838,0.129492,0.394315,0.958148,-0.277640,0.049282,-0.049396,0.068896,2.482141,1.000000,0.777111,5.553846
11.275000,0.644968,0.128841,0.394308,0.958019,-0.278096,0.049368,-0.049235,0.068896,2.478245,1.000000,0.783486,5.542303
11.280000,0.645100,0.128182,0.394301,0.957889,-0.278558,0.049456,-0.049071,0.068896,2.474317,1.000000,0.789820,5.530847
11.285000,0.645234,0.127513,0.394293,0.957757,-0.279026,0.049545,-0.048905,0.068895,2.470357,1.000000,0.796017,5.519262
11.290000,0.645368,0.126836,0.394285,0.957623,-0.279499,0.049635,-0.048737,0.068895,2.466368,1.000000,0.801982,5.507776
11.295000,0.645504,0.126151,0.394277,0.957487,-0.279978,0.049727,-0.048566,0.068895,2.462349,1.000000,0.807671,5.496398
11.300000,0.645641,0.125456,0.394268,0.957349,-0.280463,0.049820,-0.048393,0.068895,2.458304,1.000000,0.813051,5.485072
11.305000,0.645779,0.124753,0.394259,0.957209,-0.280953,0.049913,-0.048217,0.068894,2.454232,1.000000,0.817997,5.472802
11.310000,0.645918,0.124042,0.394250,0.957068,-0.281446,0.050009,-0.048039,0.068894,2.450141,1.000000,0.821271,5.460652
11.315000,0.646058,0.123321,0.394240,0.956926,-0.281942,0.050105,-0.047858,0.068894,2.446039,1.000000,0.823003,5.448643
11.320000,0.646199,0.122592,0.394231,0.956784,-0.282439,0.050203,-0.047674,0.068893,2.441931,1.000000,0.823741,5.436782
11.325000,0.646341,0.121853,0.394221,0.956641,-0.282935,0.050303,-0.047485,0.068893,2.437821,1.000000,0.823800,5.425034
11.330000,0.646483,0.121106,0.394210,0.956499,-0.283430,0.050404,-0.047294,0.068893,2.433713,1.000000,0.823370,5.413399
11.335000,0.646626,0.120350,0.394199,0.956357,-0.283924,0.050506,-0.047098,0.068893,2.429608,1.000000,0.822562,5.401835
11.340000,0.646770,0.119584,0.394188,0.956215,-0.284416,0.050609,-0.046899,0.068892,2.425509,1.000000,0.821530,5.389387
11.345000,0.646914,0.118809,0.394177,0.956073,-0.284906,0.050714,-0.046695,0.068892,2.421415,1.000000,0.820402,5.377071
11.350000,0.647059,0.118025,0.394165,0.955932,-0.285394,0.050819,-0.046488,0.068892,2.417328,1.000000,0.819091,5.364849
11.355000,0.647204,0.117232,0.394153,0.955792,-0.285880,0.050925,-0.046276,0.068891,2.413248,1.000000,0.817574,5.352750
11.360000,0.647349,0.116430,0.394140,0.955652,-0.286363,0.051032,-0.046060,0.068891,2.409176,1.000000,0.815857,5.340786
11.365000,0.647494,0.115618,0.394127,0.955512,-0.286844,0.051139,-0.045840,0.068891,2.405113,1.000000,0.813956,5.328995
11.370000,0.647639,0.114798,0.394114,0.955374,-0.287323,0.051247,-0.045617,0.068891,2.401061,1.000000,0.811986,5.316231
11.375000,0.647785,0.113968,0.394100,0.955235,-0.287799,0.051355,-0.045389,0.068890,2.397018,1.000000,0.810068,5.303605
11.380000,0.647930,0.113129,0.394087,0.955098,-0.288272,0.051463,-0.045158,0.068890,2.392985,1.000000,0.808093,5.291108
11.385000,0.648075,0.112281,0.394072,0.954960,-0.288744,0.051572,-0.044922,0.068890,2.388963,1.000000,0.805994,5.278728
11.390000,0.648219,0.111425,0.394058,0.954824,-0.289213,0.051680,-0.044682,0.068890,2.384952,1.000000,0.803735,5.266489
11.395000,0.648363,0.110559,0.394043,0.954688,-0.289679,0.051788,-0.044438,0.068889,2.380952,1.000000,0.801295,5.254394
11.400000,0.648507,0.109685,0.394028,0.954553,-0.290143,0.051897,-0.044191,0.068889,2.376966,1.000000,0.798656,5.242413
11.405000,0.648651,0.108802,0.394013,0.954418,-0.290604,0.052005,-0.043940,0.068889,2.372993,1.000000,0.795965,5.229348
11.410000,0.648793,0.107910,0.393998,0.954284,-0.291063,0.052112,-0.043685,0.068888,2.369034,1.000000,0.793352,5.216444
11.415000,0.648935,0.107010,0.393982,0.954151,-0.291519,0.052220,-0.043425,0.068888,2.365088,1.000000,0.790700,5.203712
11.420000,0.649076,0.106101,0.393966,0.954018,-0.291973,0.052326,-0.043161,0.068888,2.361156,1.000000,0.787926,5.191137
11.425000,0.649216,0.105184,0.393950,0.953886,-0.292424,0.052432,-0.042894,0.068888,2.357238,1.000000,0.784988,5.178725
11.430000,0.649355,0.104259,0.393933,0.953755,-0.292873,0.052536,-0.042622,0.068887,2.353335,1.000000,0.781862,5.166464
11.435000,0.649493,0.103325,0.393916,0.953624,-0.293319,0.052640,-0.042346,0.068887,2.349449,1.000000,0.778535,5.154354
11.440000,0.649630,0.102384,0.393899,0.953495,-0.293763,0.052743,-0.042067,0.068887,2.345581,1.000000,0.775147,5.141226
11.445000,0.649765,0.101435,0.393882,0.953365,-0.294204,0.052845,-0.041783,0.068886,2.341729,1.000000,0.771858,5.128244
11.450000,0.649899,0.100479,0.393864,0.953237,-0.294643,0.052945,-0.041495,0.068886,2.337894,1.000000,0.768526,5.115398
11.455000,0.650031,0.099514,0.393846,0.953109,-0.295080,0.053044,-0.041202,0.068886,2.334076,1.000000,0.765076,5.102728
11.460000,0.650162,0.098542,0.393827,0.952982,-0.295515,0.053141,-0.040906,0.068886,2.330275,1.000000,0.761467,5.090245
11.465000,0.650292,0.097563,0.393808,0.952855,-0.295947,0.053237,-0.040605,0.068885,2.326494,1.000000,0.757682,5.077967
11.470000,0.650419,0.096576,0.393789,0.952729,-0.296377,0.053331,-0.040301,0.068885,2.322732,1.000000,0.753695,5.065866
11.475000,0.650545,0.095583,0.393769,0.952604,-0.296804,0.053424,-0.039992,0.068885,2.318990,1.000000,0.749572,5.053709
11.480000,0.650670,0.094583,0.393749,0.952479,-0.297229,0.053515,-0.039680,0.068885,2.315270,1.000000,0.745255,5.041697
11.485000,0.650793,0.093577,0.393728,0.952355,-0.297652,0.053605,-0.039365,0.068884,2.311571,1.000000,0.740745,5.029861
11.490000,0.650914,0.092564,0.393707,0.952232,-0.298073,0.053692,-0.039047,0.068884,2.307896,1.000000,0.736044,5.018210
11.495000,0.651033,0.091546,0.393686,0.952109,-0.298491,0.053779,-0.038725,0.068884,2.304246,1.000000,0.731154,5.006725
11.500000,0.651151,0.090522,0.393664,0.951987,-0.298907,0.053863,-0.038401,0.068884,2.300620,1.000000,0.726076,4.995415
11.505000,0.651267,0.089492,0.393642,0.951865,-0.299321,0.053947,-0.038073,0.068883,2.297020,1.000000,0.720816,4.984293
11.510000,0.651381,0.088458,0.393619,0.951744,-0.299733,0.054029,-0.037743,0.068883,2.293447,1.000000,0.715315,4.973543
11.515000,0.651494,0.087418,0.393596,0.951623,-0.300142,0.054110,-0.037411,0.068883,2.289903,1.000000,0.709507,4.962976
11.520000,0.651606,0.086374,0.393573,0.951503,-0.300550,0.054190,-0.037077,0.068882,2.286388,1.000000,0.703430,4.952587
11.525000,0.651716,0.085326,0.393550,0.951384,-0.300955,0.054269,-0.036741,0.068882,2.282905,1.000000,0.697102,4.942361
11.530000,0.651824,0.084274,0.393527,0.951265,-0.301358,0.054348,-0.036404,0.068882,2.279454,1.000000,0.690551,4.932275
11.535000,0.651932,0.083218,0.393504,0.951146,-0.301758,0.054426,-0.036064,0.068882,2.276036,1.000000,0.683815,4.922371
11.540000,0.652039,0.082159,0.393480,0.951028,-0.302157,0.054504,-0.035723,0.068881,2.272653,1.000000,0.676892,4.912577
11.545000,0.652144,0.081096,0.393457,0.950910,-0.302554,0.054582,-0.035381,0.068881,2.269305,1.000000,0.669844,4.902978
11.550000,0.652249,0.080031,0.393434,0.950793,-0.302949,0.054659,-0.035037,0.068881,2.265992,1.000000,0.662669,4.893567
11.555000,0.652353,0.078963,0.393411,0.950675,-0.303343,0.054738,-0.034693,0.068881,2.262716,1.000000,0.655376,4.884352
11.560000,0.652456,0.077893,0.393389,0.950558,-0.303735,0.054816,-0.034347,0.068880,2.259477,1.000000,0.647975,4.875290
11.565000,0.652558,0.076821,0.393367,0.950441,-0.304126,0.054895,-0.034000,0.068880,2.256275,1.000000,0.640473,4.866415
11.570000,0.652660,0.075747,0.393345,0.950324,-0.304516,0.054974,-0.033653,0.068880,2.253110,1.000000,0.632882,4.857739
11.575000,0.652761,0.074671,0.393324,0.950207,-0.304904,0.055054,-0.033305,0.068880,2.249983,1.000000,0.625434,4.849118
11.580000,0.652862,0.073594,0.393303,0.950090,-0.305292,0.055134,-0.032956,0.068879,2.246893,1.000000,0.617983,4.840674
11.585000,0.652962,0.072516,0.393282,0.949973,-0.305678,0.055214,-0.032607,0.068879,2.243841,1.000000,0.610523,4.832422
11.590000,0.653062,0.071438,0.393262,0.949856,-0.306064,0.055295,-0.032258,0.068879,2.240826,1.000000,0.603046,4.824346
11.595000,0.653161,0.070359,0.393242,0.949739,-0.306449,0.055376,-0.031909,0.068878,2.237848,1.000000,0.595546,4.816447
11.600000,0.653259,0.069279,0.393223,0.949622,-0.306834,0.055457,-0.031560,0.068878,2.234908,1.000000,0.588020,4.808737
11.605000,0.653358,0.068200,0.393204,0.949504,-0.307218,0.055539,-0.031211,0.068878,2.232006,1.000000,0.580468,4.801213
11.610000,0.653455,0.067121,0.393186,0.949386,-0.307602,0.055621,-0.030862,0.068878,2.229140,1.000000,0.573233,4.793474
11.615000,0.653552,0.066042,0.393167,0.949268,-0.307986,0.055702,-0.030513,0.068877,2.226310,1.000000,0.566156,4.785917
11.620000,0.653649,0.064964,0.393150,0.949150,-0.308370,0.055784,-0.030165,0.068877,2.223515,1.000000,0.559184,4.778544
11.625000,0.653745,0.063887,0.393132,0.949031,-0.308755,0.055865,-0.029817,0.068877,2.220754,1.000000,0.552276,4.771319
11.630000,0.653840,0.062810,0.393115,0.948912,-0.309139,0.055946,-0.029470,0.068877,2.218028,1.000000,0.545410,4.764279
11.635000,0.653935,0.061736,0.393098,0.948793,-0.309524,0.056026,-0.029124,0.068876,2.215337,1.000000,0.538570,4.757430
11.640000,0.654029,0.060662,0.393082,0.948673,-0.309910,0.056106,-0.028778,0.068876,2.212679,1.000000,0.531763,4.750762
11.645000,0.654122,0.059590,0.393066,0.948552,-0.310296,0.056186,-0.028433,0.068876,2.210054,1.000000,0.525273,4.743849
11.650000,0.654215,0.058520,0.393050,0.948431,-0.310683,0.056265,-0.028088,0.068876,2.207461,1.000000,0.518937,4.737119
11.655000,0.654307,0.057452,0.393034,0.948309,-0.311071,0.056343,-0.027745,0.068875,2.204899,1.000000,0.512700,4.730511
11.660000,0.654398,0.056386,0.393019,0.948187,-0.311460,0.056420,-0.027402,0.068875,2.202369,1.000000,0.506536,4.724061
11.665000,0.654488,0.055322,0.393003,0.948064,-0.311849,0.056496,-0.027060,0.068875,2.199869,1.000000,0.500429,4.717797
11.670000,0.654577,0.054260,0.392988,0.947941,-0.312240,0.056571,-0.026719,0.068874,2.197399,1.000000,0.494365,4.711694
11.675000,0.654666,0.053201,0.392973,0.947817,-0.312632,0.056646,-0.026379,0.068874,2.194960,1.000000,0.488335,4.705757
11.680000,0.654753,0.052144,0.392958,0.947692,-0.313025,0.056719,-0.026040,0.068874,2.192549,1.000000,0.482652,4.699920
11.685000,0.654840,0.051091,0.392944,0.947567,-0.313419,0.056791,-0.025702,0.068874,2.190166,1.000000,0.476977,4.694236
11.690000,0.654926,0.050040,0.392929,0.947441,-0.313814,0.056862,-0.025366,0.068873,2.187811,1.000000,0.471338,4.688692
11.695000,0.655011,0.048992,0.392915,0.947314,-0.314210,0.056931,-0.025031,0.068873,2.185485,1.000000,0.465739,4.683310
11.700000,0.655094,0.047948,0.392900,0.947187,-0.314607,0.056999,-0.024697,0.068873,2.183186,1.000000,0.460180,4.678091
11.705000,0.655177,0.046907,0.392886,0.947059,-0.315005,0.057065,-0.024365,0.068873,2.180915,1.000000,0.454652,4.673006
11.710000,0.655259,0.045870,0.392872,0.946931,-0.315405,0.057131,-0.024034,0.068872,2.178671,1.000000,0.449407,4.667861
11.715000,0.655340,0.044836,0.392857,0.946802,-0.315806,0.057194,-0.023705,0.068872,2.176452,1.000000,0.444289,4.662879
11.720000,0.655419,0.043807,0.392843,0.946672,-0.316208,0.057257,-0.023378,0.068872,2.174258,1.000000,0.439282,4.658019
11.725000,0.655498,0.042781,0.392829,0.946541,-0.316612,0.057317,-0.023053,0.068872,2.172090,1.000000,0.434358,4.653314
11.730000,0.655576,0.041759,0.392814,0.946410,-0.317017,0.057377,-0.022729,0.068871,2.169945,1.000000,0.429503,4.648772
11.735000,0.655652,0.040741,0.392800,0.946277,-0.317424,0.057435,-0.022408,0.068871,2.167825,1.000000,0.424708,4.644359
11.740000,0.655728,0.039727,0.392786,0.946144,-0.317833,0.057491,-0.022088,0.068871,2.165728,1.000000,0.419965,4.640090
11.745000,0.655802,0.038718,0.392772,0.946010,-0.318243,0.057546,-0.021770,0.068870,2.163654,1.000000,0.415452,4.635841
11.750000,0.655875,0.037712,0.392758,0.945876,-0.318655,0.057600,-0.021454,0.068870,2.161603,1.000000,0.410950,4.631702
11.755000,0.655947,0.036711,0.392743,0.945740,-0.319069,0.057653,-0.021140,0.068870,2.159574,1.000000,0.406482,4.627672
11.760000,0.656018,0.035714,0.392729,0.945604,-0.319484,0.057704,-0.020829,0.068870,2.157566,1.000000,0.402062,4.623788
11.765000,0.656088,0.034722,0.392715,0.945466,-0.319901,0.057755,-0.020520,0.068869,2.155581,1.000000,0.397696,4.620044
11.770000,0.656157,0.033734,0.392701,0.945328,-0.320320,0.057804,-0.020213,0.068869,2.153618,1.000000,0.393387,4.616407
11.775000,0.656225,0.032750,0.392687,0.945189,-0.320741,0.057852,-0.019908,0.068869,2.151676,1.000000,0.389129,4.612918
11.780000,0.656292,0.031771,0.392674,0.945049,-0.321163,0.057899,-0.019605,0.068869,2.149753,1.000000,0.385070,4.609520
11.785000,0.656358,0.030796,0.392660,0.944908,-0.321586,0.057946,-0.019304,0.068868,2.147852,1.000000,0.380932,4.606206
11.790000,0.656422,0.029827,0.392647,0.944767,-0.322011,0.057991,-0.019006,0.068868,2.145971,1.000000,0.376779,4.603023
11.795000,0.656486,0.028861,0.392634,0.944625,-0.322438,0.058036,-0.018711,0.068868,2.144110,1.000000,0.372647,4.599977
11.800000,0.656549,0.027901,0.392621,0.944481,-0.322866,0.058080,-0.018418,0.068868,2.142270,1.000000,0.368557,4.597020
11.805000,0.656610,0.026945,0.392608,0.944338,-0.323295,0.058123,-0.018127,0.068867,2.140451,1.000000,0.364515,4.594179
11.810000,0.656670,0.025994,0.392595,0.944193,-0.323726,0.058166,-0.017839,0.068867,2.138651,1.000000,0.360527,4.591476
11.815000,0.656730,0.025048,0.392583,0.944048,-0.324158,0.058208,-0.017553,0.068867,2.136870,1.000000,0.356769,4.588708
11.820000,0.656788,0.024107,0.392571,0.943901,-0.324591,0.058249,-0.017269,0.068866,2.135108,1.000000,0.353022,4.586020
11.825000,0.656845,0.023170,0.392560,0.943754,-0.325025,0.058290,-0.016988,0.068866,2.133364,1.000000,0.349317,4.583450
11.830000,0.656901,0.022239,0.392548,0.943607,-0.325461,0.058330,-0.016709,0.068866,2.131639,1.000000,0.345666,4.580987
11.835000,0.656956,0.021312,0.392537,0.943458,-0.325897,0.058369,-0.016433,0.068866,2.129932,1.000000,0.342072,4.578595
11.840000,0.657009,0.020390,0.392526,0.943309,-0.326335,0.058408,-0.016159,0.068865,2.128242,1.000000,0.338534,4.576323
11.845000,0.657062,0.019473,0.392515,0.943160,-0.326775,0.058446,-0.015888,0.068865,2.126570,1.000000,0.335052,4.574177
11.850000,0.657113,0.018561,0.392505,0.943009,-0.327215,0.058483,-0.015619,0.068865,2.124913,1.000000,0.331914,4.571974
11.855000,0.657163,0.017655,0.392495,0.942858,-0.327656,0.058520,-0.015353,0.068865,2.123273,1.000000,0.328655,4.569865
11.860000,0.657211,0.016753,0.392485,0.942707,-0.328097,0.058556,-0.015090,0.068864,2.121648,1.000000,0.325367,4.567855
11.865000,0.657259,0.015857,0.392475,0.942554,-0.328540,0.058591,-0.014830,0.068864,2.120040,1.000000,0.322101,4.565877
11.870000,0.657305,0.014967,0.392466,0.942402,-0.328982,0.058625,-0.014573,0.068864,2.118448,1.000000,0.318874,4.563968
11.875000,0.657350,0.014082,0.392456,0.942249,-0.329426,0.058658,-0.014318,0.068864,2.116872,1.000000,0.315694,4.562158
11.880000,0.657394,0.013203,0.392447,0.942096,-0.329868,0.058691,-0.014067,0.068863,2.115311,1.000000,0.312062,4.560714
11.885000,0.657437,0.012330,0.392438,0.941943,-0.330309,0.058722,-0.013820,0.068863,2.113773,1.000000,0.306849,4.559615
11.890000,0.657479,0.011465,0.392428,0.941792,-0.330744,0.058752,-0.013575,0.068863,2.112264,1.000000,0.300545,4.558577
11.895000,0.657519,0.010606,0.392419,0.941643,-0.331174,0.058780,-0.013334,0.068863,2.110788,1.000000,0.293671,4.557586
11.900000,0.657559,0.009754,0.392410,0.941495,-0.331597,0.058806,-0.013096,0.068862,2.109348,1.000000,0.286540,4.556595
11.905000,0.657598,0.008909,0.392400,0.941350,-0.332014,0.058831,-0.012861,0.068862,2.107943,1.000000,0.279329,4.555665
11.910000,0.657635,0.008071,0.392391,0.941207,-0.332424,0.058854,-0.012629,0.068862,2.106575,1.000000,0.272142,4.554802
11.915000,0.657671,0.007240,0.392382,0.941067,-0.332826,0.058875,-0.012399,0.068862,2.105240,1.000000,0.265350,4.553751
11.920000,0.657707,0.006417,0.392373,0.940928,-0.333222,0.058895,-0.012171,0.068861,2.103939,1.000000,0.258551,4.552742
11.925000,0.657741,0.005602,0.392364,0.940793,-0.333610,0.058912,-0.011947,0.068861,2.102671,1.000000,0.251840,4.551779
11.930000,0.657775,0.004794,0.392355,0.940659,-0.333992,0.058928,-0.011726,0.068861,2.101437,1.000000,0.245268,4.550796
11.935000,0.657807,0.003994,0.392346,0.940528,-0.334366,0.058941,-0.011507,0.068860,2.100235,1.000000,0.238853,4.549833
11.940000,0.657838,0.003202,0.392337,0.940399,-0.334734,0.058953,-0.011291,0.068860,2.099065,1.000000,0.232605,4.548917
11.945000,0.657869,0.002418,0.392328,0.940272,-0.335095,0.058963,-0.011077,0.068860,2.097926,1.000000,0.226499,4.548987
11.950000,0.657898,0.001642,0.392320,0.940148,-0.335449,0.058972,-0.010866,0.068859,2.096815,1.000000,0.220716,4.548348
11.955000,0.657927,0.000874,0.392311,0.940026,-0.335797,0.058978,-0.010657,0.068859,2.095733,1.000000,0.215049,4.547548
11.960000,0.657954,0.000114,0.392303,0.939905,-0.336139,0.058983,-0.010451,0.068859,2.094679,1.000000,0.209523,4.546612
11.964300,0.657981,-0.000638,0.392296,0.939787,-0.336475,0.058987,-0.010247,0.068858,2.093794,1.000000,0.204222,4.545835
