time,x,y,z,qx,qy,qz,qw,alpha,tank_energy,passivity_lambda,passivity_power,autonomy_wrench_norm
0.000000,0.531505,-0.169952,0.405373,0.848510,-0.517233,-0.103954,0.041167,0.057932,2.000000,1.000000,0.000000,0.000000
0.005000,0.531377,-0.169840,0.405453,0.848512,-0.517291,-0.103681,0.041070,0.067034,2.000000,1.000000,0.000194,0.839036
0.010000,0.531316,-0.169822,0.405449,0.848504,-0.517315,-0.103640,0.041054,0.068463,1.999998,1.000000,0.000401,0.863179
0.015000,0.531268,-0.169821,0.405430,0.848493,-0.517333,-0.103641,0.041052,0.068693,1.999995,1.000000,0.000583,0.872517
0.020000,0.531221,-0.169824,0.405407,0.848481,-0.517351,-0.103648,0.041052,0.068733,1.999992,1.000000,0.000741,0.879717
0.025000,0.531176,-0.169828,0.405383,0.848470,-0.517368,-0.103656,0.041052,0.068743,1.999988,1.000000,0.000878,0.886631
0.030000,0.531132,-0.169834,0.405358,0.848458,-0.517386,-0.103665,0.041051,0.068745,1.999983,1.000000,0.000997,0.893624
0.035000,0.531088,-0.169840,0.405332,0.848446,-0.517403,-0.103674,0.041051,0.068747,1.999978,1.000000,0.001098,0.900845
0.040000,0.531045,-0.169847,0.405306,0.848434,-0.517421,-0.103684,0.041050,0.068750,1.999972,1.000000,0.001183,0.908212
0.045000,0.531004,-0.169855,0.405278,0.848422,-0.517439,-0.103693,0.041049,0.068750,1.999966,1.000000,0.001253,0.915720
0.050000,0.530956,-0.169869,0.405244,0.848406,-0.517463,-0.103705,0.041046,0.068752,1.999959,1.000000,0.001307,0.923528
0.055000,0.530910,-0.169884,0.405209,0.848389,-0.517488,-0.103718,0.041044,0.068753,1.999953,1.000000,0.001345,0.931521
0.060000,0.530865,-0.169900,0.405174,0.848372,-0.517513,-0.103731,0.041041,0.068753,1.999946,1.000000,0.001370,0.939719
0.065000,0.530821,-0.169916,0.405138,0.848355,-0.517538,-0.103744,0.041038,0.068755,1.999939,1.000000,0.001380,0.948076
0.070000,0.530777,-0.169933,0.405102,0.848338,-0.517564,-0.103758,0.041035,0.068756,1.999932,1.000000,0.001377,0.956550
0.075000,0.530733,-0.169949,0.405067,0.848321,-0.517590,-0.103772,0.041033,0.068756,1.999925,1.000000,0.001362,0.965063
0.080000,0.530689,-0.169966,0.405031,0.848304,-0.517615,-0.103786,0.041030,0.068757,1.999918,1.000000,0.001336,0.973666
0.085000,0.530639,-0.169991,0.404989,0.848281,-0.517650,-0.103804,0.041026,0.068759,1.999912,1.000000,0.001298,0.982610
0.090000,0.530589,-0.170017,0.404946,0.848257,-0.517685,-0.103822,0.041023,0.068759,1.999906,1.000000,0.001249,0.991643
0.095000,0.530539,-0.170043,0.404904,0.848234,-0.517720,-0.103841,0.041019,0.068760,1.999899,1.000000,0.001188,1.000778
0.100000,0.530490,-0.170069,0.404861,0.848210,-0.517756,-0.103860,0.041016,0.068762,1.999894,1.000000,0.001118,1.009902
0.105000,0.530440,-0.170094,0.404819,0.848186,-0.517792,-0.103880,0.041014,0.068762,1.999888,1.000000,0.001039,1.019105
0.110000,0.530390,-0.170120,0.404776,0.848161,-0.517828,-0.103899,0.041011,0.068763,1.999883,1.000000,0.000951,1.028438
0.115000,0.530340,-0.170146,0.404734,0.848137,-0.517864,-0.103920,0.041009,0.068763,1.999879,1.000000,0.000855,1.037837
0.120000,0.530293,-0.170174,0.404704,0.848113,-0.517899,-0.103939,0.041010,0.068764,1.999875,1.000000,0.000762,1.047192
0.125000,0.530246,-0.170203,0.404673,0.848089,-0.517934,-0.103958,0.041010,0.068766,1.999871,1.000000,0.000687,1.056562
0.130000,0.530200,-0.170231,0.404642,0.848065,-0.517969,-0.103978,0.041011,0.068766,1.999868,1.000000,0.000626,1.066001
0.135000,0.530152,-0.170260,0.404612,0.848042,-0.518004,-0.103998,0.041012,0.068767,1.999865,1.000000,0.000577,1.075563
0.140000,0.530105,-0.170288,0.404581,0.848018,-0.518039,-0.104018,0.041013,0.068767,1.999862,1.000000,0.000537,1.085185
0.145000,0.530058,-0.170317,0.404551,0.847994,-0.518074,-0.104038,0.041014,0.068768,1.999860,1.000000,0.000504,1.094888
0.150000,0.530020,-0.170347,0.404541,0.847974,-0.518103,-0.104055,0.041018,0.068770,1.999857,1.000000,0.000478,1.104510
0.155000,0.529982,-0.170378,0.404531,0.847954,-0.518131,-0.104071,0.041022,0.068770,1.999855,1.000000,0.000459,1.114159
0.160000,0.529944,-0.170409,0.404521,0.847934,-0.518160,-0.104088,0.041026,0.068771,1.999853,1.000000,0.000445,1.123862
0.165000,0.529906,-0.170439,0.404511,0.847915,-0.518188,-0.104105,0.041030,0.068771,1.999850,1.000000,0.000435,1.133583
0.170000,0.529869,-0.170470,0.404501,0.847895,-0.518217,-0.104121,0.041034,0.068772,1.999848,1.000000,0.000428,1.143351
0.175000,0.529831,-0.170500,0.404492,0.847875,-0.518246,-0.104138,0.041037,0.068772,1.999846,1.000000,0.000424,1.153199
0.180000,0.529793,-0.170530,0.404482,0.847856,-0.518274,-0.104154,0.041041,0.068773,1.999844,1.000000,0.000422,1.163165
0.185000,0.529760,-0.170564,0.404483,0.847836,-0.518305,-0.104159,0.041042,0.068773,1.999842,1.000000,0.000424,1.173176
0.190000,0.529726,-0.170597,0.404485,0.847817,-0.518336,-0.104163,0.041043,0.068774,1.999840,1.000000,0.000433,1.183286
0.195000,0.529693,-0.170630,0.404487,0.847797,-0.518367,-0.104167,0.041044,0.068774,1.999837,1.000000,0.000450,1.193333
0.200000,0.529661,-0.170664,0.404488,0.847778,-0.518398,-0.104171,0.041045,0.068776,1.999835,1.000000,0.000473,1.203412
0.205000,0.529627,-0.170697,0.404490,0.847759,-0.518429,-0.104175,0.041046,0.068776,1.999833,1.000000,0.000502,1.213586
0.210000,0.529594,-0.170730,0.404492,0.847739,-0.518459,-0.104179,0.041047,0.068777,1.999830,1.000000,0.000536,1.223849
0.215000,0.529561,-0.170763,0.404493,0.847720,-0.518490,-0.104183,0.041047,0.068777,1.999827,1.000000,0.000575,1.234133
0.220000,0.529527,-0.170802,0.404495,0.847698,-0.518525,-0.104187,0.041048,0.068778,1.999824,1.000000,0.000618,1.244550
0.225000,0.529493,-0.170841,0.404497,0.847676,-0.518561,-0.104191,0.041048,0.068778,1.999821,1.000000,0.000666,1.254962
0.230000,0.529458,-0.170879,0.404499,0.847654,-0.518596,-0.104195,0.041049,0.068779,1.999817,1.000000,0.000719,1.265428
0.235000,0.529424,-0.170918,0.404501,0.847632,-0.518631,-0.104198,0.041049,0.068779,1.999814,1.000000,0.000775,1.275975
0.240000,0.529390,-0.170957,0.404503,0.847610,-0.518666,-0.104202,0.041050,0.068780,1.999809,1.000000,0.000835,1.286611
0.245000,0.529355,-0.170995,0.404505,0.847588,-0.518701,-0.104206,0.041050,0.068780,1.999805,1.000000,0.000900,1.297240
0.250000,0.529321,-0.171034,0.404507,0.847566,-0.518737,-0.104210,0.041051,0.068781,1.999800,1.000000,0.000967,1.307917
0.255000,0.529283,-0.171080,0.404505,0.847540,-0.518777,-0.104217,0.041051,0.068781,1.999795,1.000000,0.001038,1.318659
0.260000,0.529246,-0.171126,0.404504,0.847514,-0.518818,-0.104224,0.041052,0.068782,1.999790,1.000000,0.001111,1.329401
0.265000,0.529209,-0.171172,0.404502,0.847488,-0.518859,-0.104232,0.041052,0.068782,1.999784,1.000000,0.001189,1.340203
0.270000,0.529171,-0.171218,0.404501,0.847462,-0.518900,-0.104239,0.041053,0.068783,1.999778,1.000000,0.001270,1.351174
0.275000,0.529134,-0.171264,0.404500,0.847436,-0.518941,-0.104247,0.041053,0.068783,1.999771,1.000000,0.001355,1.362132
0.280000,0.529096,-0.171310,0.404498,0.847410,-0.518982,-0.104254,0.041054,0.068785,1.999764,1.000000,0.001443,1.373043
0.285000,0.529059,-0.171356,0.404497,0.847384,-0.519023,-0.104261,0.041055,0.068784,1.999756,1.000000,0.001534,1.383955
0.290000,0.529017,-0.171416,0.404495,0.847351,-0.519075,-0.104269,0.041054,0.068784,1.999748,1.000000,0.001624,1.395054
0.295000,0.528974,-0.171476,0.404494,0.847318,-0.519128,-0.104277,0.041053,0.068785,1.999740,1.000000,0.001712,1.406212
0.300000,0.528932,-0.171536,0.404493,0.847285,-0.519180,-0.104285,0.041052,0.068785,1.999731,1.000000,0.001797,1.417339
0.305000,0.528890,-0.171596,0.404492,0.847252,-0.519233,-0.104293,0.041052,0.068786,1.999722,1.000000,0.001879,1.428499
0.310000,0.528847,-0.171656,0.404491,0.847219,-0.519285,-0.104301,0.041051,0.068786,1.999712,1.000000,0.001957,1.439646
0.315000,0.528805,-0.171716,0.404489,0.847185,-0.519337,-0.104309,0.041050,0.068787,1.999702,1.000000,0.002033,1.450823
0.320000,0.528756,-0.171793,0.404488,0.847144,-0.519403,-0.104318,0.041048,0.068787,1.999692,1.000000,0.002111,1.462097
0.325000,0.528707,-0.171870,0.404486,0.847102,-0.519469,-0.104328,0.041045,0.068787,1.999681,1.000000,0.002195,1.473413
0.330000,0.528658,-0.171947,0.404485,0.847061,-0.519535,-0.104337,0.041043,0.068788,1.999669,1.000000,0.002282,1.484777
0.335000,0.528609,-0.172024,0.404483,0.847019,-0.519602,-0.104347,0.041041,0.068788,1.999658,1.000000,0.002372,1.496101
0.340000,0.528560,-0.172101,0.404482,0.846978,-0.519668,-0.104356,0.041038,0.068789,1.999645,1.000000,0.002465,1.507453
0.345000,0.528512,-0.172177,0.404480,0.846936,-0.519734,-0.104366,0.041036,0.068789,1.999633,1.000000,0.002558,1.518803
0.350000,0.528463,-0.172254,0.404478,0.846895,-0.519800,-0.104375,0.041034,0.068790,1.999620,1.000000,0.002651,1.530222
0.355000,0.528401,-0.172347,0.404464,0.846843,-0.519878,-0.104400,0.041034,0.068790,1.999606,1.000000,0.002739,1.541696
0.360000,0.528340,-0.172441,0.404450,0.846793,-0.519956,-0.104424,0.041032,0.068789,1.999592,1.000000,0.002832,1.552802
0.365000,0.528278,-0.172536,0.404436,0.846742,-0.520034,-0.104447,0.041031,0.068790,1.999577,1.000000,0.002925,1.563868
0.370000,0.528217,-0.172630,0.404422,0.846692,-0.520111,-0.104471,0.041030,0.068790,1.999563,1.000000,0.003016,1.574994
0.375000,0.528155,-0.172725,0.404409,0.846641,-0.520189,-0.104495,0.041029,0.068791,1.999547,1.000000,0.003102,1.586169
0.380000,0.528094,-0.172819,0.404395,0.846590,-0.520266,-0.104519,0.041028,0.068791,1.999531,1.000000,0.003182,1.597332
0.385000,0.528032,-0.172913,0.404381,0.846540,-0.520344,-0.104543,0.041027,0.068792,1.999515,1.000000,0.003256,1.608533
0.390000,0.527945,-0.173031,0.404338,0.846481,-0.520435,-0.104569,0.041030,0.068792,1.999499,1.000000,0.003313,1.619787
0.395000,0.527858,-0.173149,0.404294,0.846439,-0.520508,-0.104540,0.041030,0.068793,1.999482,1.000000,0.003368,1.631089
0.400000,0.527771,-0.173267,0.404251,0.846400,-0.520578,-0.104510,0.041030,0.068793,1.999465,1.000000,0.003413,1.642365
0.405000,0.527684,-0.173385,0.404207,0.846362,-0.520645,-0.104479,0.041030,0.068794,1.999447,1.000000,0.003448,1.653676
0.410000,0.527597,-0.173502,0.404164,0.846327,-0.520709,-0.104447,0.041030,0.068794,1.999430,1.000000,0.003478,1.664958
0.415000,0.527510,-0.173620,0.404120,0.846294,-0.520770,-0.104414,0.041031,0.068794,1.999413,1.000000,0.003504,1.676170
0.420000,0.527423,-0.173737,0.404076,0.846262,-0.520827,-0.104381,0.041033,0.068795,1.999395,1.000000,0.003528,1.687419
0.425000,0.527301,-0.173887,0.403992,0.846230,-0.520886,-0.104344,0.041040,0.068795,1.999377,1.000000,0.003533,1.698648
0.430000,0.527178,-0.174037,0.403908,0.846201,-0.520940,-0.104309,0.041050,0.068796,1.999360,1.000000,0.003548,1.709958
0.435000,0.527055,-0.174187,0.403823,0.846174,-0.520991,-0.104274,0.041060,0.068795,1.999342,1.000000,0.003567,1.721240
0.440000,0.526933,-0.174336,0.403739,0.846149,-0.521036,-0.104241,0.041072,0.068795,1.999324,1.000000,0.003588,1.732528
0.445000,0.526810,-0.174486,0.403654,0.846126,-0.521078,-0.104210,0.041085,0.068796,1.999306,1.000000,0.003608,1.743858
0.450000,0.526688,-0.174636,0.403570,0.846106,-0.521116,-0.104181,0.041099,0.068796,1.999288,1.000000,0.003625,1.755171
0.455000,0.526565,-0.174785,0.403485,0.846087,-0.521150,-0.104154,0.041115,0.068796,1.999270,1.000000,0.003639,1.766542
0.460000,0.526402,-0.174967,0.403356,0.846073,-0.521176,-0.104134,0.041142,0.068797,1.999252,1.000000,0.003626,1.777830
0.465000,0.526239,-0.175149,0.403227,0.846060,-0.521198,-0.104118,0.041170,0.068796,1.999234,1.000000,0.003622,1.789074
0.470000,0.526076,-0.175331,0.403098,0.846049,-0.521215,-0.104106,0.041201,0.068796,1.999216,1.000000,0.003623,1.800274
0.475000,0.525913,-0.175513,0.402969,0.846040,-0.521228,-0.104099,0.041233,0.068797,1.999198,1.000000,0.003616,1.811525
0.480000,0.525750,-0.175695,0.402840,0.846033,-0.521238,-0.104096,0.041267,0.068797,1.999180,1.000000,0.003596,1.822789
0.485000,0.525587,-0.175877,0.402711,0.846027,-0.521244,-0.104097,0.041302,0.068796,1.999162,1.000000,0.003559,1.834122
0.490000,0.525378,-0.176088,0.402538,0.846027,-0.521237,-0.104118,0.041349,0.068797,1.999145,1.000000,0.003471,1.845168
0.495000,0.525170,-0.176299,0.402365,0.846028,-0.521226,-0.104145,0.041397,0.068797,1.999128,1.000000,0.003374,1.856210
0.500000,0.524961,-0.176509,0.402192,0.846030,-0.521212,-0.104178,0.041446,0.068797,1.999111,1.000000,0.003261,1.867270
0.505000,0.524753,-0.176720,0.402018,0.846034,-0.521194,-0.104218,0.041495,0.068798,1.999096,1.000000,0.003127,1.878399
0.510000,0.524544,-0.176931,0.401845,0.846038,-0.521174,-0.104264,0.041544,0.068797,1.999081,1.000000,0.002971,1.889523
0.515000,0.524336,-0.177141,0.401672,0.846043,-0.521152,-0.104316,0.041594,0.068797,1.999067,1.000000,0.002787,1.900655
0.520000,0.524127,-0.177352,0.401499,0.846048,-0.521128,-0.104373,0.041645,0.068798,1.999054,1.000000,0.002576,1.911857
0.525000,0.523876,-0.177583,0.401293,0.846058,-0.521091,-0.104455,0.041704,0.068798,1.999042,1.000000,0.002303,1.922502
0.530000,0.523625,-0.177813,0.401088,0.846068,-0.521053,-0.104544,0.041762,0.068797,1.999032,1.000000,0.002016,1.933260
0.535000,0.523373,-0.178043,0.400883,0.846077,-0.521013,-0.104640,0.041821,0.068798,1.999023,1.000000,0.001702,1.944117
0.540000,0.523122,-0.178274,0.400678,0.846087,-0.520972,-0.104741,0.041880,0.068798,1.999016,1.000000,0.001326,1.954986
0.545000,0.522870,-0.178504,0.400472,0.846097,-0.520930,-0.104848,0.041940,0.068797,1.999011,1.000000,0.000882,1.965866
0.550000,0.522619,-0.178734,0.400267,0.846106,-0.520888,-0.104958,0.042000,0.068797,1.999009,1.000000,0.000361,1.976771
0.555000,0.522368,-0.178965,0.400062,0.846115,-0.520845,-0.105071,0.042060,0.068798,1.999009,1.000000,-0.000276,1.987763
0.560000,0.522086,-0.179212,0.399845,0.846125,-0.520799,-0.105196,0.042123,0.068797,1.999013,1.000000,-0.001054,1.998316
0.565000,0.521805,-0.179459,0.399628,0.846135,-0.520753,-0.105324,0.042187,0.068797,1.999020,1.000000,-0.001916,2.008953
0.570000,0.521524,-0.179706,0.399411,0.846144,-0.520706,-0.105455,0.042251,0.068798,1.999030,1.000000,-0.002859,2.019689
0.575000,0.521242,-0.179953,0.399195,0.846153,-0.520659,-0.105590,0.042315,0.068797,1.999045,1.000000,-0.003881,2.030447
0.580000,0.520961,-0.180200,0.398978,0.846161,-0.520612,-0.105728,0.042379,0.068797,1.999063,1.000000,-0.004979,2.041255
0.585000,0.520679,-0.180447,0.398761,0.846169,-0.520565,-0.105869,0.042444,0.068798,1.999087,1.000000,-0.006150,2.052162
0.590000,0.520398,-0.180694,0.398544,0.846177,-0.520518,-0.106013,0.042509,0.068797,1.999115,1.000000,-0.007390,2.063085
0.595000,0.520082,-0.180958,0.398319,0.846185,-0.520468,-0.106166,0.042574,0.068797,1.999149,1.000000,-0.008740,2.073451
0.600000,0.519766,-0.181222,0.398094,0.846193,-0.520418,-0.106323,0.042640,0.068796,1.999188,1.000000,-0.010134,2.083879
0.605000,0.519450,-0.181486,0.397869,0.846201,-0.520367,-0.106482,0.042706,0.068797,1.999232,1.000000,-0.011575,2.094421
0.610000,0.519134,-0.181751,0.397644,0.846208,-0.520317,-0.106643,0.042773,0.068797,1.999283,1.000000,-0.013064,2.104996
0.615000,0.518818,-0.182015,0.397419,0.846215,-0.520267,-0.106806,0.042839,0.068796,1.999340,1.000000,-0.014602,2.115653
0.620000,0.518502,-0.182279,0.397194,0.846221,-0.520217,-0.106972,0.042905,0.068797,1.999403,1.000000,-0.016188,2.126421
0.625000,0.518186,-0.182543,0.396969,0.846228,-0.520167,-0.107139,0.042971,0.068797,1.999473,1.000000,-0.017819,2.137216
0.630000,0.517846,-0.182811,0.396745,0.846234,-0.520115,-0.107311,0.043036,0.068796,1.999549,1.000000,-0.019508,2.147414
0.635000,0.517507,-0.183080,0.396520,0.846240,-0.520064,-0.107485,0.043100,0.068797,1.999633,1.000000,-0.021217,2.157732
0.640000,0.517167,-0.183348,0.396296,0.846246,-0.520013,-0.107661,0.043165,0.068797,1.999723,1.000000,-0.022949,2.168083
0.645000,0.516828,-0.183617,0.396072,0.846252,-0.519961,-0.107838,0.043229,0.068796,1.999820,1.000000,-0.024706,2.178484
0.650000,0.516488,-0.183885,0.395847,0.846257,-0.519910,-0.108017,0.043294,0.068795,1.999924,1.000000,-0.026490,2.188926
0.655000,0.516149,-0.184154,0.395623,0.846263,-0.519859,-0.108196,0.043358,0.068796,2.000036,1.000000,-0.028317,2.199484
0.660000,0.515803,-0.184412,0.395414,0.846267,-0.519810,-0.108368,0.043417,0.068796,2.000155,1.000000,-0.030125,2.209338
0.665000,0.515457,-0.184671,0.395205,0.846272,-0.519762,-0.108538,0.043476,0.068795,2.000281,1.000000,-0.031913,2.219287
0.670000,0.515112,-0.184929,0.394995,0.846277,-0.519713,-0.108707,0.043536,0.068796,2.000414,1.000000,-0.033675,2.229347
0.675000,0.514766,-0.185188,0.394786,0.846283,-0.519665,-0.108874,0.043596,0.068796,2.000554,1.000000,-0.035406,2.239428
0.680000,0.514420,-0.185446,0.394577,0.846288,-0.519616,-0.109040,0.043655,0.068795,2.000701,1.000000,-0.037105,2.249569
0.685000,0.514075,-0.185705,0.394368,0.846294,-0.519568,-0.109202,0.043715,0.068794,2.000855,1.000000,-0.038774,2.259776
0.690000,0.513729,-0.185964,0.394158,0.846300,-0.519519,-0.109362,0.043774,0.068795,2.001015,1.000000,-0.040414,2.270088
0.695000,0.513378,-0.186209,0.393976,0.846306,-0.519475,-0.109503,0.043824,0.068795,2.001182,1.000000,-0.041943,2.279370
0.700000,0.513026,-0.186454,0.393794,0.846312,-0.519432,-0.109641,0.043873,0.068794,2.001355,1.000000,-0.043417,2.288691
0.705000,0.512675,-0.186700,0.393611,0.846319,-0.519388,-0.109776,0.043921,0.068795,2.001533,1.000000,-0.044839,2.298110
0.710000,0.512324,-0.186945,0.393429,0.846326,-0.519345,-0.109909,0.043969,0.068795,2.001717,1.000000,-0.046211,2.307538
0.715000,0.511973,-0.187190,0.393247,0.846333,-0.519302,-0.110039,0.044017,0.068794,2.001907,1.000000,-0.047532,2.316998
0.720000,0.511622,-0.187436,0.393064,0.846341,-0.519259,-0.110166,0.044063,0.068794,2.002101,1.000000,-0.048806,2.326502
0.725000,0.511271,-0.187681,0.392882,0.846348,-0.519216,-0.110290,0.044110,0.068795,2.002301,1.000000,-0.050035,2.336103
0.730000,0.510915,-0.187914,0.392732,0.846355,-0.519181,-0.110392,0.044145,0.068794,2.002505,1.000000,-0.051116,2.344538
0.735000,0.510559,-0.188146,0.392582,0.846361,-0.519146,-0.110491,0.044179,0.068794,2.002713,1.000000,-0.052124,2.352972
0.740000,0.510203,-0.188378,0.392432,0.846368,-0.519111,-0.110587,0.044214,0.068795,2.002926,1.000000,-0.053061,2.361497
0.745000,0.509847,-0.188610,0.392282,0.846375,-0.519077,-0.110682,0.044247,0.068795,2.003141,1.000000,-0.053925,2.370020
0.750000,0.509491,-0.188843,0.392132,0.846382,-0.519044,-0.110774,0.044281,0.068794,2.003361,1.000000,-0.054715,2.378609
0.755000,0.509135,-0.189075,0.391982,0.846389,-0.519010,-0.110865,0.044314,0.068795,2.003583,1.000000,-0.055437,2.387292
0.760000,0.508779,-0.189307,0.391832,0.846396,-0.518977,-0.110953,0.044347,0.068795,2.003807,1.000000,-0.056092,2.395972
0.765000,0.508417,-0.189521,0.391721,0.846401,-0.518953,-0.111019,0.044368,0.068794,2.004034,1.000000,-0.056543,2.403139
0.770000,0.508054,-0.189734,0.391609,0.846405,-0.518930,-0.111082,0.044388,0.068794,2.004263,1.000000,-0.056890,2.410310
0.775000,0.507691,-0.189947,0.391498,0.846410,-0.518907,-0.111144,0.044408,0.068795,2.004492,1.000000,-0.057139,2.417565
0.780000,0.507329,-0.190161,0.391386,0.846415,-0.518884,-0.111205,0.044428,0.068795,2.004723,1.000000,-0.057290,2.424809
0.785000,0.506966,-0.190374,0.391275,0.846420,-0.518862,-0.111264,0.044448,0.068794,2.004953,1.000000,-0.057346,2.432071
0.790000,0.506603,-0.190587,0.391163,0.846425,-0.518840,-0.111322,0.044468,0.068795,2.005184,1.000000,-0.057315,2.439415
0.795000,0.506241,-0.190801,0.391051,0.846429,-0.518819,-0.111379,0.044489,0.068795,2.005415,1.000000,-0.057197,2.446748
0.800000,0.505879,-0.190992,0.390994,0.846430,-0.518813,-0.111401,0.044492,0.068795,2.005644,1.000000,-0.056796,2.452354
0.805000,0.505517,-0.191184,0.390937,0.846430,-0.518807,-0.111422,0.044496,0.068795,2.005871,1.000000,-0.056272,2.457977
0.810000,0.505155,-0.191376,0.390880,0.846431,-0.518802,-0.111442,0.044500,0.068796,2.006095,1.000000,-0.055631,2.463679
0.815000,0.504793,-0.191568,0.390823,0.846431,-0.518797,-0.111462,0.044504,0.068796,2.006317,1.000000,-0.054875,2.469357
0.820000,0.504431,-0.191760,0.390766,0.846431,-0.518793,-0.111480,0.044508,0.068795,2.006536,1.000000,-0.054008,2.475033
0.825000,0.504069,-0.191952,0.390709,0.846431,-0.518789,-0.111498,0.044512,0.068797,2.006751,1.000000,-0.053039,2.480785
0.830000,0.503717,-0.192112,0.390719,0.846426,-0.518803,-0.111476,0.044496,0.068797,2.006961,1.000000,-0.051700,2.484476
0.835000,0.503365,-0.192272,0.390728,0.846421,-0.518818,-0.111454,0.044481,0.068796,2.007165,1.000000,-0.050218,2.488159
0.840000,0.503012,-0.192432,0.390737,0.846415,-0.518833,-0.111432,0.044466,0.068798,2.007363,1.000000,-0.048602,2.491910
0.845000,0.502660,-0.192593,0.390746,0.846410,-0.518848,-0.111409,0.044451,0.068798,2.007554,1.000000,-0.046859,2.495636
0.850000,0.502308,-0.192753,0.390755,0.846404,-0.518863,-0.111385,0.044437,0.068798,2.007737,1.000000,-0.044993,2.499369
0.855000,0.501955,-0.192913,0.390764,0.846398,-0.518879,-0.111362,0.044422,0.068797,2.007913,1.000000,-0.043016,2.503111
0.860000,0.501603,-0.193074,0.390773,0.846393,-0.518894,-0.111338,0.044408,0.068799,2.008082,1.000000,-0.041033,2.506925
0.865000,0.501264,-0.193196,0.390846,0.846382,-0.518927,-0.111279,0.044375,0.068799,2.008241,1.000000,-0.038910,2.508622
0.870000,0.500925,-0.193319,0.390919,0.846372,-0.518959,-0.111220,0.044341,0.068799,2.008392,1.000000,-0.037068,2.510252
0.875000,0.500586,-0.193441,0.390992,0.846361,-0.518993,-0.111160,0.044309,0.068800,2.008537,1.000000,-0.035429,2.511950
0.880000,0.500246,-0.193564,0.391065,0.846349,-0.519027,-0.111099,0.044276,0.068801,2.008676,1.000000,-0.033923,2.513621
0.885000,0.499907,-0.193687,0.391138,0.846338,-0.519063,-0.111037,0.044244,0.068801,2.008808,1.000000,-0.032499,2.515276
0.890000,0.499568,-0.193809,0.391211,0.846325,-0.519099,-0.110974,0.044213,0.068800,2.008935,1.000000,-0.031052,2.516922
0.895000,0.499229,-0.193932,0.391284,0.846313,-0.519136,-0.110911,0.044182,0.068802,2.009056,1.000000,-0.029494,2.518639
0.900000,0.498902,-0.194014,0.391404,0.846297,-0.519183,-0.110828,0.044137,0.068802,2.009170,1.000000,-0.027582,2.518479
0.905000,0.498575,-0.194096,0.391523,0.846281,-0.519230,-0.110745,0.044093,0.068802,2.009275,1.000000,-0.025517,2.518318
0.910000,0.498248,-0.194178,0.391643,0.846264,-0.519279,-0.110661,0.044050,0.068804,2.009372,1.000000,-0.023314,2.518229
0.915000,0.497921,-0.194259,0.391762,0.846248,-0.519327,-0.110577,0.044006,0.068804,2.009460,1.000000,-0.020985,2.518113
0.920000,0.497594,-0.194341,0.391882,0.846231,-0.519376,-0.110494,0.043963,0.068804,2.009538,1.000000,-0.018537,2.518009
0.925000,0.497267,-0.194424,0.392002,0.846214,-0.519425,-0.110410,0.043921,0.068804,2.009606,1.000000,-0.015980,2.517923
0.930000,0.496939,-0.194506,0.392121,0.846197,-0.519475,-0.110325,0.043878,0.068806,2.009664,1.000000,-0.013318,2.517908
0.935000,0.496619,-0.194556,0.392289,0.846176,-0.519535,-0.110222,0.043822,0.068806,2.009710,1.000000,-0.010387,2.516140
0.940000,0.496298,-0.194607,0.392456,0.846156,-0.519595,-0.110118,0.043767,0.068807,2.009744,1.000000,-0.007333,2.514315
0.945000,0.495978,-0.194658,0.392623,0.846135,-0.519655,-0.110014,0.043711,0.068808,2.009766,1.000000,-0.004170,2.512566
0.950000,0.495657,-0.194709,0.392791,0.846114,-0.519716,-0.109911,0.043656,0.068809,2.009775,1.000000,-0.000909,2.510796
0.955000,0.495337,-0.194760,0.392958,0.846093,-0.519776,-0.109807,0.043601,0.068809,2.009770,1.000000,0.002438,2.509010
0.960000,0.495016,-0.194811,0.393125,0.846072,-0.519837,-0.109703,0.043546,0.068811,2.009747,1.000000,0.005858,2.507289
0.965000,0.494696,-0.194862,0.393293,0.846051,-0.519898,-0.109600,0.043491,0.068811,2.009707,1.000000,0.009337,2.505548
0.970000,0.494367,-0.194893,0.393499,0.846027,-0.519968,-0.109479,0.043425,0.068811,2.009650,1.000000,0.012934,2.502246
0.975000,0.494039,-0.194923,0.393706,0.846003,-0.520039,-0.109358,0.043358,0.068812,2.009574,1.000000,0.016608,2.498953
0.980000,0.493710,-0.194954,0.393913,0.845978,-0.520109,-0.109237,0.043292,0.068813,2.009481,1.000000,0.020188,2.495744
0.985000,0.493382,-0.194984,0.394119,0.845954,-0.520180,-0.109116,0.043226,0.068814,2.009370,1.000000,0.023522,2.492521
0.990000,0.493053,-0.195015,0.394326,0.845930,-0.520250,-0.108996,0.043160,0.068814,2.009243,1.000000,0.026703,2.489287
0.995000,0.492724,-0.195046,0.394532,0.845906,-0.520320,-0.108875,0.043094,0.068816,2.009100,1.000000,0.029795,2.486132
1.000000,0.492382,-0.195055,0.394744,0.845883,-0.520386,-0.108759,0.043026,0.068817,2.008942,1.000000,0.032837,2.481842
1.005000,0.492039,-0.195065,0.394957,0.845861,-0.520452,-0.108643,0.042958,0.068817,2.008769,1.000000,0.035860,2.477553
1.010000,0.491697,-0.195074,0.395169,0.845840,-0.520517,-0.108527,0.042890,0.068817,2.008581,1.000000,0.038872,2.473267
1.015000,0.491354,-0.195084,0.395381,0.845818,-0.520581,-0.108411,0.042822,0.068819,2.008378,1.000000,0.041875,2.469063
1.020000,0.491011,-0.195093,0.395593,0.845798,-0.520645,-0.108294,0.042754,0.068820,2.008160,1.000000,0.044867,2.464843
1.025000,0.490669,-0.195103,0.395805,0.845777,-0.520707,-0.108179,0.042686,0.068820,2.007927,1.000000,0.047849,2.460610
1.030000,0.490326,-0.195112,0.396017,0.845757,-0.520769,-0.108063,0.042618,0.068822,2.007679,1.000000,0.050817,2.456456
1.035000,0.489963,-0.195101,0.396224,0.845741,-0.520824,-0.107959,0.042549,0.068823,2.007417,1.000000,0.053802,2.451195
1.040000,0.489600,-0.195090,0.396430,0.845724,-0.520877,-0.107855,0.042479,0.068823,2.007139,1.000000,0.057060,2.445937
1.045000,0.489237,-0.195079,0.396637,0.845708,-0.520930,-0.107751,0.042410,0.068823,2.006844,1.000000,0.060524,2.440692
1.050000,0.488874,-0.195068,0.396844,0.845693,-0.520983,-0.107648,0.042340,0.068825,2.006531,1.000000,0.064110,2.435524
1.055000,0.488511,-0.195057,0.397051,0.845677,-0.521035,-0.107544,0.042270,0.068826,2.006200,1.000000,0.067753,2.430340
1.060000,0.488148,-0.195046,0.397257,0.845662,-0.521087,-0.107442,0.042200,0.068826,2.005851,1.000000,0.071418,2.425194
1.065000,0.487785,-0.195036,0.397464,0.845646,-0.521139,-0.107339,0.042130,0.068828,2.005484,1.000000,0.075074,2.420122
1.070000,0.487401,-0.195002,0.397673,0.845633,-0.521187,-0.107242,0.042055,0.068829,2.005098,1.000000,0.078703,2.413741
1.075000,0.487017,-0.194969,0.397882,0.845619,-0.521235,-0.107146,0.041980,0.068829,2.004695,1.000000,0.082323,2.407312
1.080000,0.486633,-0.194936,0.398091,0.845605,-0.521284,-0.107050,0.041905,0.068831,2.004273,1.000000,0.085914,2.400931
1.085000,0.486249,-0.194903,0.398300,0.845591,-0.521332,-0.106953,0.041829,0.068832,2.003834,1.000000,0.089457,2.394530
1.090000,0.485866,-0.194870,0.398509,0.845577,-0.521381,-0.106857,0.041754,0.068832,2.003377,1.000000,0.092943,2.388156
1.095000,0.485482,-0.194837,0.398718,0.845563,-0.521430,-0.106762,0.041679,0.068833,2.002903,1.000000,0.096363,2.381833
1.100000,0.485098,-0.194804,0.398927,0.845548,-0.521479,-0.106666,0.041603,0.068835,2.002412,1.000000,0.099710,2.375583
1.105000,0.484707,-0.194755,0.399129,0.845535,-0.521523,-0.106580,0.041528,0.068835,2.001905,1.000000,0.102998,2.368697
1.110000,0.484316,-0.194705,0.399332,0.845523,-0.521567,-0.106493,0.041452,0.068836,2.001381,1.000000,0.106222,2.361815
1.115000,0.483925,-0.194655,0.399534,0.845510,-0.521612,-0.106407,0.041376,0.068838,2.000842,1.000000,0.109372,2.354999
1.120000,0.483535,-0.194606,0.399737,0.845497,-0.521656,-0.106321,0.041300,0.068839,2.000287,1.000000,0.112436,2.348162
1.125000,0.483144,-0.194556,0.399939,0.845484,-0.521701,-0.106235,0.041224,0.068839,1.999717,1.000000,0.115412,2.341354
1.130000,0.482753,-0.194507,0.400142,0.845471,-0.521746,-0.106149,0.041148,0.068839,1.999132,1.000000,0.118296,2.334584
1.135000,0.482363,-0.194457,0.400344,0.845458,-0.521790,-0.106063,0.041073,0.068841,1.998534,1.000000,0.121084,2.327883
1.140000,0.481960,-0.194399,0.400538,0.845446,-0.521831,-0.105986,0.040998,0.068842,1.997921,1.000000,0.123778,2.320697
1.145000,0.481558,-0.194340,0.400731,0.845434,-0.521871,-0.105908,0.040922,0.068843,1.997296,1.000000,0.126387,2.313509
1.150000,0.481156,-0.194281,0.400924,0.845423,-0.521911,-0.105831,0.040847,0.068844,1.996658,1.000000,0.128907,2.306385
1.155000,0.480754,-0.194223,0.401117,0.845411,-0.521952,-0.105754,0.040772,0.068845,1.996007,1.000000,0.131328,2.299240
1.160000,0.480352,-0.194164,0.401311,0.845400,-0.521992,-0.105677,0.040697,0.068846,1.995345,1.000000,0.133653,2.292135
1.165000,0.479949,-0.194106,0.401504,0.845388,-0.522033,-0.105599,0.040622,0.068846,1.994671,1.000000,0.135879,2.285063
1.170000,0.479537,-0.194039,0.401695,0.845377,-0.522072,-0.105524,0.040546,0.068848,1.993987,1.000000,0.137994,2.277557
1.175000,0.479125,-0.193973,0.401886,0.845366,-0.522111,-0.105449,0.040469,0.068849,1.993292,1.000000,0.140020,2.270028
1.180000,0.478712,-0.193906,0.402077,0.845354,-0.522150,-0.105374,0.040393,0.068849,1.992588,1.000000,0.141951,2.262511
1.185000,0.478300,-0.193840,0.402268,0.845343,-0.522189,-0.105298,0.040317,0.068851,1.991874,1.000000,0.143790,2.255057
1.190000,0.477887,-0.193773,0.402459,0.845332,-0.522228,-0.105223,0.040240,0.068852,1.991152,1.000000,0.145529,2.247580
1.195000,0.477475,-0.193706,0.402650,0.845321,-0.522267,-0.105148,0.040164,0.068852,1.990420,1.000000,0.147183,2.240225
1.200000,0.477062,-0.193640,0.402842,0.845310,-0.522306,-0.105073,0.040088,0.068854,1.989681,1.000000,0.148744,2.232947
1.205000,0.476648,-0.193560,0.403031,0.845300,-0.522343,-0.105001,0.040010,0.068855,1.988935,1.000000,0.150214,2.225196
1.210000,0.476234,-0.193480,0.403221,0.845290,-0.522380,-0.104930,0.039933,0.068855,1.988181,1.000000,0.151598,2.217445
1.215000,0.475820,-0.193401,0.403410,0.845280,-0.522416,-0.104859,0.039856,0.068856,1.987421,1.000000,0.152893,2.209702
1.220000,0.475407,-0.193321,0.403600,0.845270,-0.522453,-0.104787,0.039778,0.068858,1.986654,1.000000,0.154104,2.202020
1.225000,0.474993,-0.193241,0.403789,0.845260,-0.522489,-0.104715,0.039701,0.068858,1.985882,1.000000,0.155225,2.194308
1.230000,0.474579,-0.193162,0.403979,0.845250,-0.522525,-0.104644,0.039624,0.068859,1.985105,1.000000,0.156260,2.186583
1.235000,0.474165,-0.193082,0.404168,0.845240,-0.522561,-0.104573,0.039547,0.068861,1.984322,1.000000,0.157212,2.178919
1.240000,0.473743,-0.192993,0.404351,0.845231,-0.522594,-0.104507,0.039470,0.068861,1.983535,1.000000,0.158075,2.170770
1.245000,0.473321,-0.192903,0.404534,0.845223,-0.522626,-0.104441,0.039392,0.068862,1.982744,1.000000,0.158863,2.162638
1.250000,0.472899,-0.192814,0.404718,0.845215,-0.522659,-0.104375,0.039315,0.068864,1.981949,1.000000,0.159583,2.154566
1.255000,0.472477,-0.192725,0.404901,0.845206,-0.522691,-0.104309,0.039238,0.068865,1.981151,1.000000,0.160227,2.146473
1.260000,0.472055,-0.192635,0.405084,0.845198,-0.522723,-0.104243,0.039161,0.068865,1.980350,1.000000,0.160802,2.138460
1.265000,0.471633,-0.192545,0.405267,0.845190,-0.522755,-0.104177,0.039084,0.068865,1.979546,1.000000,0.161307,2.130507
1.270000,0.471211,-0.192456,0.405450,0.845182,-0.522787,-0.104111,0.039007,0.068867,1.978740,1.000000,0.161745,2.122614
1.275000,0.470780,-0.192362,0.405619,0.845176,-0.522815,-0.104054,0.038932,0.068868,1.977932,1.000000,0.162122,2.114487
1.280000,0.470349,-0.192268,0.405788,0.845169,-0.522842,-0.103996,0.038857,0.068868,1.977123,1.000000,0.162442,2.106411
1.285000,0.469918,-0.192173,0.405958,0.845163,-0.522869,-0.103938,0.038782,0.068870,1.976311,1.000000,0.162705,2.098391
1.290000,0.469487,-0.192079,0.406127,0.845157,-0.522896,-0.103880,0.038707,0.068871,1.975499,1.000000,0.162903,2.090351
1.295000,0.469056,-0.191985,0.406296,0.845151,-0.522923,-0.103823,0.038632,0.068871,1.974686,1.000000,0.163050,2.082456
1.300000,0.468625,-0.191890,0.406465,0.845145,-0.522949,-0.103765,0.038557,0.068873,1.973872,1.000000,0.163139,2.074618
1.305000,0.468194,-0.191796,0.406635,0.845139,-0.522976,-0.103707,0.038483,0.068874,1.973058,1.000000,0.163168,2.066758
1.310000,0.467754,-0.191702,0.406802,0.845133,-0.523004,-0.103646,0.038407,0.068874,1.972244,1.000000,0.163114,2.058746
1.315000,0.467314,-0.191608,0.406970,0.845127,-0.523031,-0.103585,0.038331,0.068876,1.971431,1.000000,0.163013,2.050803
1.320000,0.466875,-0.191515,0.407138,0.845121,-0.523058,-0.103525,0.038255,0.068877,1.970618,1.000000,0.162861,2.042839
1.325000,0.466435,-0.191421,0.407306,0.845115,-0.523085,-0.103464,0.038179,0.068877,1.969806,1.000000,0.162660,2.034925
1.330000,0.465995,-0.191327,0.407473,0.845109,-0.523112,-0.103403,0.038103,0.068878,1.968996,1.000000,0.162414,2.027076
1.335000,0.465555,-0.191233,0.407641,0.845103,-0.523139,-0.103342,0.038028,0.068880,1.968186,1.000000,0.162127,2.019286
1.340000,0.465103,-0.191140,0.407794,0.845099,-0.523162,-0.103290,0.037955,0.068880,1.967379,1.000000,0.161793,2.011371
1.345000,0.464650,-0.191048,0.407947,0.845094,-0.523185,-0.103237,0.037882,0.068881,1.966573,1.000000,0.161434,2.003598
1.350000,0.464198,-0.190955,0.408099,0.845090,-0.523208,-0.103184,0.037810,0.068882,1.965769,1.000000,0.161042,1.995879
1.355000,0.463745,-0.190863,0.408252,0.845086,-0.523230,-0.103132,0.037737,0.068883,1.964967,1.000000,0.160611,1.988141
1.360000,0.463293,-0.190770,0.408405,0.845081,-0.523253,-0.103079,0.037664,0.068883,1.964167,1.000000,0.160138,1.980457
1.365000,0.462841,-0.190677,0.408558,0.845077,-0.523275,-0.103027,0.037592,0.068885,1.963370,1.000000,0.159633,1.972837
1.370000,0.462388,-0.190585,0.408710,0.845073,-0.523297,-0.102974,0.037519,0.068886,1.962575,1.000000,0.159090,1.965198
1.375000,0.461928,-0.190492,0.408844,0.845071,-0.523315,-0.102932,0.037450,0.068886,1.961783,1.000000,0.158533,1.957609
1.380000,0.461468,-0.190398,0.408978,0.845068,-0.523332,-0.102889,0.037382,0.068887,1.960994,1.000000,0.157943,1.950093
1.385000,0.461008,-0.190305,0.409112,0.845066,-0.523349,-0.102847,0.037313,0.068888,1.960208,1.000000,0.157311,1.942630
1.390000,0.460548,-0.190212,0.409246,0.845063,-0.523366,-0.102805,0.037244,0.068889,1.959425,1.000000,0.156629,1.935161
1.395000,0.460088,-0.190119,0.409379,0.845061,-0.523383,-0.102762,0.037176,0.068889,1.958646,1.000000,0.155898,1.927733
1.400000,0.459628,-0.190026,0.409513,0.845059,-0.523400,-0.102720,0.037108,0.068891,1.957871,1.000000,0.155132,1.920360
1.405000,0.459168,-0.189932,0.409647,0.845057,-0.523416,-0.102677,0.037040,0.068892,1.957100,1.000000,0.154326,1.912970
1.410000,0.458701,-0.189839,0.409782,0.845054,-0.523436,-0.102628,0.036971,0.068892,1.956333,1.000000,0.153463,1.905556
1.415000,0.458234,-0.189746,0.409917,0.845051,-0.523455,-0.102578,0.036901,0.068894,1.955570,1.000000,0.152576,1.898201
1.420000,0.457767,-0.189653,0.410052,0.845048,-0.523474,-0.102528,0.036831,0.068894,1.954812,1.000000,0.151661,1.890831
1.425000,0.457300,-0.189560,0.410187,0.845045,-0.523493,-0.102478,0.036762,0.068895,1.954058,1.000000,0.150724,1.883546
1.430000,0.456833,-0.189466,0.410322,0.845043,-0.523512,-0.102428,0.036694,0.068896,1.953309,1.000000,0.149772,1.876348
1.435000,0.456367,-0.189373,0.410457,0.845040,-0.523531,-0.102378,0.036625,0.068897,1.952565,1.000000,0.148803,1.869139
1.440000,0.455900,-0.189279,0.410592,0.845038,-0.523549,-0.102327,0.036557,0.068897,1.951826,1.000000,0.147819,1.861981
1.445000,0.455426,-0.189185,0.410712,0.845037,-0.523564,-0.102286,0.036492,0.068898,1.951092,1.000000,0.146827,1.854804
1.450000,0.454953,-0.189090,0.410832,0.845035,-0.523579,-0.102244,0.036427,0.068899,1.950363,1.000000,0.145833,1.847683
1.455000,0.454479,-0.188996,0.410952,0.845034,-0.523593,-0.102203,0.036362,0.068900,1.949638,1.000000,0.144830,1.840569
1.460000,0.454005,-0.188901,0.411072,0.845033,-0.523607,-0.102161,0.036298,0.068900,1.948919,1.000000,0.143836,1.833576
1.465000,0.453532,-0.188807,0.411192,0.845032,-0.523621,-0.102120,0.036233,0.068902,1.948205,1.000000,0.142941,1.826640
1.470000,0.453058,-0.188712,0.411312,0.845031,-0.523635,-0.102078,0.036170,0.068902,1.947494,1.000000,0.142136,1.819696
1.475000,0.452585,-0.188617,0.411431,0.845030,-0.523649,-0.102037,0.036106,0.068903,1.946788,1.000000,0.141387,1.812898
1.480000,0.452113,-0.188520,0.411553,0.845029,-0.523665,-0.101989,0.036040,0.068904,1.946085,1.000000,0.140663,1.806134
1.485000,0.451642,-0.188422,0.411675,0.845027,-0.523682,-0.101941,0.035975,0.068905,1.945386,1.000000,0.139941,1.799362
1.490000,0.451170,-0.188325,0.411797,0.845026,-0.523698,-0.101893,0.035910,0.068905,1.944690,1.000000,0.139209,1.792642
1.495000,0.450699,-0.188227,0.411919,0.845024,-0.523714,-0.101844,0.035845,0.068905,1.943998,1.000000,0.138463,1.785969
1.500000,0.450228,-0.188130,0.412041,0.845023,-0.523731,-0.101796,0.035780,0.068907,1.943310,1.000000,0.137707,1.779358
1.505000,0.449756,-0.188032,0.412163,0.845021,-0.523747,-0.101747,0.035716,0.068908,1.942626,1.000000,0.136934,1.772782
1.510000,0.449289,-0.187928,0.412290,0.845019,-0.523766,-0.101692,0.035648,0.068908,1.941946,1.000000,0.136148,1.766153
1.515000,0.448821,-0.187824,0.412416,0.845017,-0.523784,-0.101637,0.035580,0.068909,1.941269,1.000000,0.135350,1.759585
1.520000,0.448353,-0.187721,0.412543,0.845015,-0.523803,-0.101581,0.035513,0.068910,1.940597,1.000000,0.134536,1.753018
1.525000,0.447886,-0.187617,0.412670,0.845013,-0.523821,-0.101526,0.035445,0.068910,1.939929,1.000000,0.133700,1.746536
1.530000,0.447419,-0.187513,0.412796,0.845011,-0.523840,-0.101470,0.035378,0.068912,1.939264,1.000000,0.132855,1.740117
1.535000,0.446951,-0.187409,0.412923,0.845009,-0.523859,-0.101414,0.035311,0.068912,1.938605,1.000000,0.131995,1.733697
1.540000,0.446484,-0.187304,0.413049,0.845007,-0.523877,-0.101359,0.035244,0.068913,1.937949,1.000000,0.131126,1.727388
1.545000,0.446021,-0.187194,0.413174,0.845005,-0.523896,-0.101301,0.035175,0.068914,1.937298,1.000000,0.130265,1.721062
1.550000,0.445559,-0.187083,0.413299,0.845003,-0.523915,-0.101243,0.035106,0.068915,1.936651,1.000000,0.129390,1.714736
1.555000,0.445097,-0.186972,0.413424,0.845002,-0.523934,-0.101185,0.035037,0.068915,1.936009,1.000000,0.128507,1.708486
1.560000,0.444634,-0.186861,0.413549,0.845000,-0.523952,-0.101127,0.034968,0.068915,1.935371,1.000000,0.127616,1.702332
1.565000,0.444172,-0.186751,0.413674,0.844998,-0.523971,-0.101069,0.034899,0.068917,1.934737,1.000000,0.126719,1.696242
1.570000,0.443710,-0.186640,0.413799,0.844996,-0.523990,-0.101011,0.034830,0.068917,1.934108,1.000000,0.125813,1.690173
1.575000,0.443247,-0.186528,0.413923,0.844994,-0.524008,-0.100952,0.034762,0.068917,1.933484,1.000000,0.124904,1.684244
1.580000,0.442793,-0.186414,0.414058,0.844991,-0.524032,-0.100881,0.034688,0.068919,1.932864,1.000000,0.124003,1.678392
1.585000,0.442338,-0.186300,0.414193,0.844989,-0.524055,-0.100809,0.034614,0.068919,1.932248,1.000000,0.123091,1.672546
1.590000,0.441883,-0.186185,0.414328,0.844986,-0.524078,-0.100737,0.034540,0.068920,1.931638,1.000000,0.122166,1.666770
1.595000,0.441428,-0.186071,0.414462,0.844983,-0.524102,-0.100665,0.034467,0.068921,1.931031,1.000000,0.121235,1.661069
1.600000,0.440974,-0.185957,0.414597,0.844980,-0.524125,-0.100594,0.034393,0.068922,1.930430,1.000000,0.120295,1.655376
1.605000,0.440519,-0.185842,0.414732,0.844977,-0.524148,-0.100521,0.034319,0.068922,1.929833,1.000000,0.119353,1.649780
1.610000,0.440064,-0.185727,0.414867,0.844974,-0.524171,-0.100449,0.034246,0.068922,1.929241,1.000000,0.118408,1.644280
1.615000,0.439614,-0.185609,0.414988,0.844973,-0.524190,-0.100387,0.034175,0.068923,1.928653,1.000000,0.117490,1.638833
1.620000,0.439163,-0.185490,0.415109,0.844971,-0.524209,-0.100325,0.034105,0.068924,1.928070,1.000000,0.116565,1.633402
1.625000,0.438713,-0.185372,0.415230,0.844970,-0.524228,-0.100263,0.034035,0.068924,1.927492,1.000000,0.115634,1.628040
1.630000,0.438262,-0.185253,0.415351,0.844969,-0.524246,-0.100201,0.033965,0.068926,1.926919,1.000000,0.114702,1.622743
1.635000,0.437812,-0.185135,0.415472,0.844967,-0.524265,-0.100139,0.033895,0.068926,1.926350,1.000000,0.113766,1.617452
1.640000,0.437361,-0.185016,0.415593,0.844966,-0.524283,-0.100076,0.033825,0.068926,1.925785,1.000000,0.112836,1.612316
1.645000,0.436910,-0.184897,0.415714,0.844965,-0.524302,-0.100014,0.033755,0.068928,1.925226,1.000000,0.111907,1.607264
1.650000,0.436464,-0.184775,0.415835,0.844963,-0.524322,-0.099946,0.033683,0.068928,1.924670,1.000000,0.110987,1.602190
1.655000,0.436018,-0.184653,0.415957,0.844962,-0.524342,-0.099878,0.033610,0.068928,1.924120,1.000000,0.110058,1.597139
1.660000,0.435573,-0.184531,0.416078,0.844961,-0.524361,-0.099810,0.033538,0.068928,1.923574,1.000000,0.109121,1.592118
1.665000,0.435127,-0.184409,0.416200,0.844959,-0.524381,-0.099742,0.033466,0.068930,1.923033,1.000000,0.108183,1.587163
1.670000,0.434681,-0.184287,0.416321,0.844958,-0.524400,-0.099674,0.033393,0.068930,1.922497,1.000000,0.107240,1.582242
1.675000,0.434235,-0.184164,0.416443,0.844957,-0.524420,-0.099606,0.033321,0.068930,1.921965,1.000000,0.106300,1.577457
1.680000,0.433798,-0.184040,0.416571,0.844955,-0.524443,-0.099527,0.033245,0.068932,1.921438,1.000000,0.105380,1.572826
1.685000,0.433360,-0.183916,0.416698,0.844953,-0.524465,-0.099449,0.033169,0.068932,1.920916,1.000000,0.104448,1.568207
1.690000,0.432923,-0.183791,0.416826,0.844951,-0.524488,-0.099370,0.033092,0.068932,1.920398,1.000000,0.103505,1.563642
1.695000,0.432486,-0.183666,0.416954,0.844950,-0.524511,-0.099291,0.033016,0.068934,1.919885,1.000000,0.102560,1.559150
1.700000,0.432048,-0.183542,0.417082,0.844948,-0.524533,-0.099211,0.032939,0.068934,1.919376,1.000000,0.101610,1.554671
1.705000,0.431611,-0.183417,0.417210,0.844946,-0.524555,-0.099132,0.032863,0.068934,1.918873,1.000000,0.100656,1.550237
1.710000,0.431174,-0.183293,0.417337,0.844945,-0.524578,-0.099053,0.032786,0.068934,1.918374,1.000000,0.099700,1.545853
1.715000,0.430747,-0.183167,0.417457,0.844944,-0.524598,-0.098978,0.032712,0.068936,1.917880,1.000000,0.098795,1.541696
1.720000,0.430321,-0.183041,0.417578,0.844943,-0.524619,-0.098903,0.032637,0.068936,1.917390,1.000000,0.097885,1.537561
1.725000,0.429894,-0.182915,0.417698,0.844942,-0.524639,-0.098828,0.032562,0.068936,1.916905,1.000000,0.096982,1.533553
1.730000,0.429467,-0.182789,0.417818,0.844941,-0.524659,-0.098753,0.032488,0.068937,1.916424,1.000000,0.096083,1.529611
1.735000,0.429040,-0.182663,0.417938,0.844940,-0.524679,-0.098677,0.032413,0.068938,1.915948,1.000000,0.095185,1.525682
1.740000,0.428613,-0.182537,0.418058,0.844939,-0.524699,-0.098602,0.032338,0.068938,1.915476,1.000000,0.094286,1.521807
1.745000,0.428187,-0.182411,0.418178,0.844939,-0.524719,-0.098526,0.032264,0.068939,1.915009,1.000000,0.093391,1.518006
1.750000,0.427768,-0.182291,0.418300,0.844937,-0.524742,-0.098444,0.032189,0.068939,1.914546,1.000000,0.092525,1.514594
1.755000,0.427350,-0.182170,0.418421,0.844936,-0.524764,-0.098361,0.032114,0.068940,1.914087,1.000000,0.091653,1.511258
1.760000,0.426931,-0.182049,0.418543,0.844934,-0.524787,-0.098278,0.032039,0.068940,1.913633,1.000000,0.090782,1.508033
1.765000,0.426513,-0.181929,0.418664,0.844933,-0.524809,-0.098195,0.031965,0.068941,1.913183,1.000000,0.089912,1.504876
1.770000,0.426094,-0.181808,0.418785,0.844932,-0.524831,-0.098113,0.031890,0.068941,1.912737,1.000000,0.089041,1.501735
1.775000,0.425676,-0.181687,0.418907,0.844930,-0.524853,-0.098029,0.031815,0.068941,1.912296,1.000000,0.088163,1.498646
1.780000,0.425257,-0.181566,0.419028,0.844929,-0.524875,-0.097946,0.031740,0.068943,1.911859,1.000000,0.087288,1.495627
1.785000,0.424846,-0.181450,0.419145,0.844927,-0.524898,-0.097861,0.031667,0.068943,1.911427,1.000000,0.086443,1.492934
1.790000,0.424434,-0.181334,0.419263,0.844926,-0.524921,-0.097776,0.031594,0.068943,1.910999,1.000000,0.085591,1.490308
1.795000,0.424023,-0.181218,0.419380,0.844924,-0.524944,-0.097690,0.031520,0.068943,1.910574,1.000000,0.084735,1.487740
1.800000,0.423612,-0.181102,0.419497,0.844923,-0.524967,-0.097605,0.031447,0.068944,1.910155,1.000000,0.083880,1.485240
1.805000,0.423200,-0.180986,0.419614,0.844921,-0.524989,-0.097519,0.031373,0.068944,1.909739,1.000000,0.083026,1.482780
1.810000,0.422789,-0.180870,0.419731,0.844920,-0.525012,-0.097434,0.031300,0.068945,1.909328,1.000000,0.082177,1.480430
1.815000,0.422377,-0.180753,0.419849,0.844918,-0.525035,-0.097348,0.031226,0.068946,1.908921,1.000000,0.081332,1.478147
1.820000,0.421973,-0.180637,0.419960,0.844917,-0.525057,-0.097264,0.031154,0.068946,1.908518,1.000000,0.080516,1.475974
1.825000,0.421568,-0.180521,0.420072,0.844916,-0.525079,-0.097180,0.031081,0.068946,1.908119,1.000000,0.079692,1.473812
1.830000,0.421163,-0.180405,0.420183,0.844914,-0.525101,-0.097096,0.031008,0.068947,1.907724,1.000000,0.078868,1.471713
1.835000,0.420759,-0.180288,0.420295,0.844913,-0.525122,-0.097012,0.030935,0.068948,1.907333,1.000000,0.078044,1.469629
1.840000,0.420354,-0.180172,0.420406,0.844912,-0.525144,-0.096928,0.030862,0.068948,1.906947,1.000000,0.077221,1.467581
1.845000,0.419950,-0.180056,0.420518,0.844911,-0.525166,-0.096844,0.030789,0.068948,1.906565,1.000000,0.076402,1.465571
1.850000,0.419550,-0.179941,0.420620,0.844910,-0.525187,-0.096764,0.030719,0.068949,1.906186,1.000000,0.075613,1.463706
1.855000,0.419150,-0.179826,0.420723,0.844908,-0.525207,-0.096684,0.030648,0.068949,1.905811,1.000000,0.074826,1.461854
1.860000,0.418751,-0.179711,0.420826,0.844907,-0.525228,-0.096604,0.030577,0.068949,1.905441,1.000000,0.074047,1.460038
1.865000,0.418351,-0.179596,0.420928,0.844906,-0.525249,-0.096525,0.030506,0.068950,1.905074,1.000000,0.073271,1.458282
1.870000,0.417951,-0.179481,0.421031,0.844905,-0.525269,-0.096445,0.030436,0.068950,1.904711,1.000000,0.072496,1.456539
1.875000,0.417551,-0.179366,0.421134,0.844904,-0.525290,-0.096365,0.030365,0.068950,1.904352,1.000000,0.071724,1.454780
1.880000,0.417151,-0.179251,0.421236,0.844903,-0.525310,-0.096285,0.030294,0.068952,1.903997,1.000000,0.070956,1.453067
1.885000,0.416759,-0.179135,0.421332,0.844902,-0.525330,-0.096210,0.030224,0.068952,1.903645,1.000000,0.070225,1.451380
1.890000,0.416367,-0.179019,0.421427,0.844901,-0.525349,-0.096134,0.030155,0.068952,1.903297,1.000000,0.069496,1.449688
1.895000,0.415974,-0.178903,0.421522,0.844899,-0.525369,-0.096059,0.030085,0.068952,1.902953,1.000000,0.068771,1.447976
1.900000,0.415582,-0.178787,0.421617,0.844898,-0.525389,-0.095983,0.030015,0.068953,1.902613,1.000000,0.068051,1.446320
1.905000,0.415190,-0.178671,0.421713,0.844897,-0.525408,-0.095908,0.029946,0.068953,1.902275,1.000000,0.067332,1.444666
1.910000,0.414798,-0.178555,0.421808,0.844896,-0.525428,-0.095832,0.029876,0.068953,1.901942,1.000000,0.066612,1.442901
1.915000,0.414405,-0.178439,0.421904,0.844895,-0.525448,-0.095757,0.029806,0.068954,1.901612,1.000000,0.065896,1.441191
1.920000,0.414022,-0.178321,0.421993,0.844894,-0.525466,-0.095685,0.029737,0.068955,1.901286,1.000000,0.065218,1.439467
1.925000,0.413638,-0.178203,0.422082,0.844892,-0.525485,-0.095614,0.029668,0.068955,1.900962,1.000000,0.064553,1.437792
1.930000,0.413255,-0.178085,0.422171,0.844891,-0.525504,-0.095542,0.029599,0.068955,1.900643,1.000000,0.063896,1.436155
1.935000,0.412871,-0.177966,0.422261,0.844890,-0.525524,-0.095471,0.029530,0.068956,1.900326,1.000000,0.063244,1.434567
1.940000,0.412487,-0.177848,0.422350,0.844888,-0.525543,-0.095400,0.029461,0.068956,1.900013,1.000000,0.062594,1.432988
1.945000,0.412104,-0.177730,0.422440,0.844886,-0.525562,-0.095328,0.029392,0.068956,1.899703,1.000000,0.061947,1.431443
1.950000,0.411720,-0.177611,0.422529,0.844884,-0.525582,-0.095258,0.029324,0.068957,1.899396,1.000000,0.061305,1.429949
1.955000,0.411339,-0.177496,0.422606,0.844883,-0.525600,-0.095194,0.029258,0.068957,1.899092,1.000000,0.060693,1.428525
1.960000,0.410958,-0.177381,0.422684,0.844880,-0.525619,-0.095131,0.029193,0.068957,1.898791,1.000000,0.060085,1.427282
1.965000,0.410577,-0.177266,0.422762,0.844878,-0.525637,-0.095067,0.029128,0.068958,1.898493,1.000000,0.059484,1.426086
1.970000,0.410196,-0.177151,0.422839,0.844876,-0.525656,-0.095004,0.029063,0.068959,1.898199,1.000000,0.058886,1.424889
1.975000,0.409815,-0.177035,0.422917,0.844873,-0.525676,-0.094942,0.028998,0.068959,1.897907,1.000000,0.058298,1.424142
1.980000,0.409435,-0.176918,0.422995,0.844869,-0.525696,-0.094880,0.028933,0.068960,1.897618,1.000000,0.057718,1.423664
1.985000,0.409054,-0.176802,0.423073,0.844866,-0.525717,-0.094819,0.028868,0.068960,1.897332,1.000000,0.057143,1.423184
1.990000,0.408677,-0.176688,0.423149,0.844861,-0.525739,-0.094755,0.028803,0.068960,1.897049,1.000000,0.056584,1.423069
1.995000,0.408301,-0.176574,0.423225,0.844857,-0.525761,-0.094691,0.028739,0.068959,1.896768,1.000000,0.056025,1.423140
2.000000,0.407924,-0.176460,0.423301,0.844853,-0.525783,-0.094627,0.028674,0.068961,1.896491,1.000000,0.055470,1.423258
2.005000,0.407547,-0.176346,0.423378,0.844848,-0.525805,-0.094563,0.028609,0.068961,1.896216,1.000000,0.054917,1.423554
2.010000,0.407171,-0.176231,0.423454,0.844843,-0.525828,-0.094500,0.028545,0.068960,1.895944,1.000000,0.054368,1.424163
2.015000,0.406795,-0.176116,0.423530,0.844838,-0.525851,-0.094437,0.028480,0.068962,1.895674,1.000000,0.053824,1.424819
2.020000,0.406423,-0.175994,0.423594,0.844834,-0.525870,-0.094385,0.028418,0.068962,1.895407,1.000000,0.053308,1.425279
2.025000,0.406051,-0.175872,0.423657,0.844829,-0.525891,-0.094334,0.028356,0.068961,1.895143,1.000000,0.052797,1.426111
2.030000,0.405680,-0.175750,0.423721,0.844824,-0.525911,-0.094283,0.028294,0.068962,1.894882,1.000000,0.052297,1.426988
2.035000,0.405308,-0.175628,0.423784,0.844819,-0.525931,-0.094231,0.028231,0.068962,1.894622,1.000000,0.051801,1.427972
2.040000,0.404938,-0.175504,0.423848,0.844814,-0.525952,-0.094180,0.028169,0.068962,1.894366,1.000000,0.051303,1.429358
2.045000,0.404567,-0.175381,0.423911,0.844809,-0.525973,-0.094129,0.028107,0.068963,1.894111,1.000000,0.050816,1.430792
2.050000,0.404196,-0.175257,0.423975,0.844803,-0.525994,-0.094079,0.028045,0.068963,1.893859,1.000000,0.050332,1.432312
2.055000,0.403829,-0.175123,0.424021,0.844799,-0.526010,-0.094046,0.027986,0.068963,1.893610,1.000000,0.049864,1.433605
2.060000,0.403463,-0.174988,0.424066,0.844794,-0.526027,-0.094013,0.027927,0.068964,1.893363,1.000000,0.049413,1.434947
2.065000,0.403096,-0.174854,0.424112,0.844790,-0.526043,-0.093980,0.027868,0.068964,1.893118,1.000000,0.048972,1.436380
2.070000,0.402730,-0.174718,0.424157,0.844785,-0.526060,-0.093947,0.027810,0.068964,1.892875,1.000000,0.048528,1.438188
2.075000,0.402364,-0.174583,0.424203,0.844780,-0.526076,-0.093914,0.027751,0.068965,1.892635,1.000000,0.048100,1.440049
2.080000,0.401998,-0.174447,0.424249,0.844776,-0.526093,-0.093882,0.027692,0.068965,1.892396,1.000000,0.047680,1.442030
2.085000,0.401633,-0.174310,0.424295,0.844771,-0.526110,-0.093849,0.027634,0.068964,1.892160,1.000000,0.047258,1.444432
2.090000,0.401277,-0.174164,0.424344,0.844766,-0.526127,-0.093813,0.027571,0.068965,1.891926,1.000000,0.046865,1.446624
2.095000,0.400922,-0.174017,0.424393,0.844761,-0.526144,-0.093776,0.027509,0.068965,1.891693,1.000000,0.046471,1.448913
2.100000,0.400567,-0.173869,0.424442,0.844757,-0.526161,-0.093740,0.027446,0.068965,1.891463,1.000000,0.046061,1.451482
2.105000,0.400212,-0.173722,0.424491,0.844752,-0.526178,-0.093704,0.027384,0.068966,1.891235,1.000000,0.045664,1.454113
2.110000,0.399858,-0.173574,0.424540,0.844748,-0.526195,-0.093667,0.027322,0.068966,1.891009,1.000000,0.045271,1.456881
2.115000,0.399504,-0.173426,0.424589,0.844743,-0.526212,-0.093630,0.027260,0.068965,1.890785,1.000000,0.044865,1.460030
2.120000,0.399151,-0.173277,0.424638,0.844738,-0.526230,-0.093594,0.027198,0.068966,1.890562,1.000000,0.044472,1.463248
2.125000,0.398804,-0.173120,0.424679,0.844738,-0.526239,-0.093563,0.027138,0.068966,1.890342,1.000000,0.044099,1.466202
2.130000,0.398457,-0.172963,0.424720,0.844737,-0.526249,-0.093532,0.027078,0.068966,1.890124,1.000000,0.043710,1.469507
2.135000,0.398110,-0.172805,0.424761,0.844736,-0.526258,-0.093501,0.027019,0.068967,1.889907,1.000000,0.043339,1.472886
2.140000,0.397764,-0.172647,0.424802,0.844736,-0.526268,-0.093470,0.026959,0.068966,1.889693,1.000000,0.042974,1.476343
2.145000,0.397419,-0.172489,0.424843,0.844735,-0.526277,-0.093438,0.026900,0.068966,1.889480,1.000000,0.042584,1.480076
2.150000,0.397074,-0.172330,0.424883,0.844735,-0.526286,-0.093407,0.026840,0.068967,1.889269,1.000000,0.042210,1.483893
2.155000,0.396729,-0.172172,0.424924,0.844735,-0.526296,-0.093375,0.026781,0.068967,1.889060,1.000000,0.041850,1.487757
2.160000,0.396388,-0.172011,0.424946,0.844735,-0.526301,-0.093359,0.026726,0.068966,1.888853,1.000000,0.041490,1.491688
2.165000,0.396047,-0.171850,0.424969,0.844735,-0.526306,-0.093343,0.026671,0.068967,1.888648,1.000000,0.041151,1.495709
2.170000,0.395706,-0.171689,0.424991,0.844736,-0.526311,-0.093327,0.026616,0.068967,1.888444,1.000000,0.040832,1.499772
2.175000,0.395366,-0.171528,0.425014,0.844736,-0.526316,-0.093310,0.026561,0.068967,1.888242,1.000000,0.040499,1.504089
2.180000,0.395026,-0.171366,0.425036,0.844737,-0.526321,-0.093293,0.026505,0.068967,1.888042,1.000000,0.040179,1.508539
2.185000,0.394687,-0.171205,0.425058,0.844738,-0.526325,-0.093276,0.026450,0.068967,1.887843,1.000000,0.039876,1.513040
2.190000,0.394353,-0.171043,0.425070,0.844739,-0.526327,-0.093267,0.026398,0.068967,1.887646,1.000000,0.039597,1.517619
2.195000,0.394020,-0.170881,0.425081,0.844740,-0.526330,-0.093258,0.026346,0.068967,1.887450,1.000000,0.039325,1.522345
2.200000,0.393686,-0.170719,0.425092,0.844742,-0.526332,-0.093249,0.026293,0.068967,1.887255,1.000000,0.039070,1.527168
2.205000,0.393353,-0.170557,0.425104,0.844743,-0.526334,-0.093240,0.026241,0.068967,1.887061,1.000000,0.038824,1.532063
2.210000,0.393020,-0.170395,0.425115,0.844745,-0.526335,-0.093230,0.026188,0.068967,1.886869,1.000000,0.038577,1.537080
2.215000,0.392688,-0.170233,0.425126,0.844746,-0.526337,-0.093221,0.026135,0.068967,1.886678,1.000000,0.038345,1.542198
2.220000,0.392355,-0.170071,0.425138,0.844748,-0.526338,-0.093211,0.026083,0.068967,1.886488,1.000000,0.038125,1.547370
2.225000,0.392025,-0.169907,0.425137,0.844751,-0.526336,-0.093211,0.026033,0.068967,1.886299,1.000000,0.037917,1.552401
2.230000,0.391695,-0.169743,0.425136,0.844754,-0.526333,-0.093211,0.025983,0.068968,1.886112,1.000000,0.037724,1.557534
2.235000,0.391365,-0.169578,0.425135,0.844757,-0.526331,-0.093210,0.025934,0.068967,1.885925,1.000000,0.037545,1.562720
2.240000,0.391035,-0.169414,0.425134,0.844760,-0.526329,-0.093210,0.025884,0.068967,1.885739,1.000000,0.037379,1.568043
2.245000,0.390705,-0.169250,0.425134,0.844764,-0.526326,-0.093209,0.025834,0.068967,1.885553,1.000000,0.037224,1.573488
2.250000,0.390375,-0.169085,0.425133,0.844767,-0.526323,-0.093209,0.025784,0.068967,1.885369,1.000000,0.037081,1.579032
2.255000,0.390045,-0.168921,0.425132,0.844770,-0.526321,-0.093208,0.025734,0.068967,1.885185,1.000000,0.036946,1.584628
2.260000,0.389720,-0.168757,0.425112,0.844772,-0.526316,-0.093225,0.025689,0.068967,1.885002,1.000000,0.036845,1.590115
2.265000,0.389395,-0.168593,0.425092,0.844775,-0.526311,-0.093243,0.025644,0.068968,1.884819,1.000000,0.036759,1.595699
2.270000,0.389070,-0.168429,0.425072,0.844777,-0.526307,-0.093260,0.025599,0.068967,1.884636,1.000000,0.036685,1.601332
2.275000,0.388745,-0.168266,0.425052,0.844780,-0.526302,-0.093277,0.025554,0.068967,1.884454,1.000000,0.036620,1.607024
2.280000,0.388420,-0.168102,0.425032,0.844782,-0.526297,-0.093294,0.025508,0.068968,1.884272,1.000000,0.036564,1.612810
2.285000,0.388095,-0.167938,0.425012,0.844784,-0.526293,-0.093311,0.025463,0.068967,1.884090,1.000000,0.036516,1.618642
2.290000,0.387770,-0.167774,0.424992,0.844787,-0.526288,-0.093328,0.025418,0.068967,1.883909,1.000000,0.036472,1.624498
2.295000,0.387454,-0.167616,0.424961,0.844788,-0.526284,-0.093354,0.025376,0.068967,1.883728,1.000000,0.036470,1.630494
2.300000,0.387139,-0.167458,0.424931,0.844789,-0.526280,-0.093380,0.025334,0.068967,1.883546,1.000000,0.036474,1.636580
2.305000,0.386824,-0.167300,0.424900,0.844789,-0.526276,-0.093406,0.025292,0.068967,1.883365,1.000000,0.036482,1.642723
2.310000,0.386508,-0.167141,0.424870,0.844790,-0.526272,-0.093432,0.025250,0.068967,1.883183,1.000000,0.036496,1.648994
2.315000,0.386193,-0.166983,0.424840,0.844791,-0.526268,-0.093457,0.025208,0.068967,1.883002,1.000000,0.036513,1.655352
2.320000,0.385877,-0.166824,0.424809,0.844792,-0.526265,-0.093483,0.025166,0.068967,1.882820,1.000000,0.036532,1.661747
2.325000,0.385562,-0.166666,0.424779,0.844793,-0.526261,-0.093509,0.025124,0.068967,1.882638,1.000000,0.036551,1.668195
2.330000,0.385259,-0.166514,0.424763,0.844794,-0.526259,-0.093515,0.025080,0.068967,1.882456,1.000000,0.036603,1.675135
2.335000,0.384956,-0.166363,0.424748,0.844796,-0.526258,-0.093521,0.025036,0.068967,1.882274,1.000000,0.036644,1.682102
2.340000,0.384653,-0.166211,0.424732,0.844797,-0.526257,-0.093527,0.024992,0.068967,1.882091,1.000000,0.036675,1.689092
2.345000,0.384350,-0.166060,0.424717,0.844799,-0.526255,-0.093533,0.024947,0.068966,1.881909,1.000000,0.036697,1.696109
2.350000,0.384047,-0.165908,0.424701,0.844800,-0.526254,-0.093539,0.024903,0.068967,1.881726,1.000000,0.036712,1.703201
2.355000,0.383744,-0.165757,0.424686,0.844802,-0.526252,-0.093545,0.024859,0.068966,1.881543,1.000000,0.036720,1.710333
2.360000,0.383454,-0.165609,0.424671,0.844804,-0.526250,-0.093547,0.024816,0.068966,1.881360,1.000000,0.036761,1.717710
2.365000,0.383164,-0.165461,0.424657,0.844806,-0.526248,-0.093550,0.024774,0.068966,1.881177,1.000000,0.036794,1.725154
2.370000,0.382873,-0.165313,0.424642,0.844808,-0.526247,-0.093552,0.024731,0.068966,1.880994,1.000000,0.036817,1.732616
2.375000,0.382583,-0.165165,0.424628,0.844810,-0.526244,-0.093555,0.024689,0.068966,1.880810,1.000000,0.036831,1.740050
2.380000,0.382292,-0.165018,0.424613,0.844813,-0.526242,-0.093557,0.024646,0.068966,1.880627,1.000000,0.036837,1.747537
2.385000,0.382002,-0.164870,0.424599,0.844815,-0.526240,-0.093560,0.024604,0.068966,1.880443,1.000000,0.036836,1.755040
2.390000,0.381711,-0.164722,0.424584,0.844817,-0.526238,-0.093562,0.024561,0.068965,1.880260,1.000000,0.036827,1.762584
2.395000,0.381439,-0.164583,0.424568,0.844819,-0.526237,-0.093565,0.024521,0.068965,1.880076,1.000000,0.036869,1.770399
2.400000,0.381166,-0.164443,0.424552,0.844821,-0.526236,-0.093567,0.024482,0.068965,1.879892,1.000000,0.036900,1.778272
2.405000,0.380894,-0.164303,0.424536,0.844822,-0.526234,-0.093570,0.024442,0.068965,1.879708,1.000000,0.036923,1.786148
2.410000,0.380621,-0.164164,0.424520,0.844824,-0.526233,-0.093572,0.024402,0.068965,1.879524,1.000000,0.036936,1.794016
2.415000,0.380349,-0.164024,0.424505,0.844826,-0.526231,-0.093575,0.024362,0.068965,1.879340,1.000000,0.036941,1.801941
2.420000,0.380076,-0.163884,0.424489,0.844828,-0.526230,-0.093577,0.024322,0.068965,1.879156,1.000000,0.036939,1.809872
2.425000,0.379804,-0.163745,0.424473,0.844829,-0.526229,-0.093580,0.024283,0.068964,1.878972,1.000000,0.036933,1.817888
2.430000,0.379549,-0.163614,0.424467,0.844831,-0.526229,-0.093570,0.024243,0.068965,1.878788,1.000000,0.036974,1.826324
2.435000,0.379294,-0.163483,0.424461,0.844833,-0.526230,-0.093560,0.024203,0.068964,1.878603,1.000000,0.036999,1.834758
2.440000,0.379039,-0.163351,0.424455,0.844835,-0.526231,-0.093550,0.024163,0.068964,1.878418,1.000000,0.037011,1.843192
2.445000,0.378784,-0.163221,0.424449,0.844837,-0.526232,-0.093539,0.024123,0.068963,1.878234,1.000000,0.037010,1.851617
2.450000,0.378529,-0.163089,0.424443,0.844838,-0.526232,-0.093529,0.024083,0.068964,1.878049,1.000000,0.036999,1.860089
2.455000,0.378274,-0.162959,0.424438,0.844840,-0.526233,-0.093519,0.024043,0.068963,1.877865,1.000000,0.036978,1.868559
2.460000,0.378019,-0.162828,0.424432,0.844842,-0.526234,-0.093509,0.024003,0.068963,1.877680,1.000000,0.036945,1.877058
2.465000,0.377777,-0.162702,0.424438,0.844845,-0.526236,-0.093484,0.023962,0.068963,1.877496,1.000000,0.036940,1.885859
2.470000,0.377536,-0.162577,0.424444,0.844848,-0.526238,-0.093458,0.023921,0.068962,1.877311,1.000000,0.036918,1.894651
2.475000,0.377294,-0.162452,0.424451,0.844850,-0.526239,-0.093433,0.023880,0.068962,1.877127,1.000000,0.036880,1.903476
2.480000,0.377052,-0.162327,0.424457,0.844853,-0.526241,-0.093408,0.023839,0.068961,1.876943,1.000000,0.036829,1.912331
2.485000,0.376810,-0.162201,0.424463,0.844856,-0.526243,-0.093382,0.023798,0.068962,1.876760,1.000000,0.036766,1.921228
2.490000,0.376568,-0.162076,0.424469,0.844859,-0.526245,-0.093357,0.023757,0.068961,1.876576,1.000000,0.036690,1.930102
2.495000,0.376326,-0.161951,0.424476,0.844862,-0.526247,-0.093332,0.023716,0.068961,1.876393,1.000000,0.036599,1.938936
2.500000,0.376093,-0.161831,0.424486,0.844864,-0.526251,-0.093301,0.023674,0.068961,1.876211,1.000000,0.036523,1.948002
2.505000,0.375860,-0.161712,0.424497,0.844866,-0.526255,-0.093269,0.023633,0.068960,1.876029,1.000000,0.036432,1.957056
2.510000,0.375627,-0.161592,0.424507,0.844868,-0.526259,-0.093238,0.023591,0.068960,1.875847,1.000000,0.036330,1.966196
2.515000,0.375394,-0.161472,0.424518,0.844870,-0.526263,-0.093207,0.023549,0.068960,1.875666,1.000000,0.036215,1.975392
2.520000,0.375162,-0.161352,0.424528,0.844872,-0.526267,-0.093175,0.023508,0.068960,1.875486,1.000000,0.036087,1.984576
2.525000,0.374929,-0.161232,0.424539,0.844874,-0.526271,-0.093144,0.023466,0.068959,1.875306,1.000000,0.035945,1.993750
2.530000,0.374705,-0.161116,0.424544,0.844876,-0.526275,-0.093118,0.023428,0.068958,1.875127,1.000000,0.035815,2.002915
2.535000,0.374481,-0.160999,0.424548,0.844877,-0.526278,-0.093093,0.023389,0.068959,1.874948,1.000000,0.035675,2.012119
2.540000,0.374258,-0.160883,0.424553,0.844879,-0.526282,-0.093068,0.023350,0.068958,1.874770,1.000000,0.035525,2.021311
2.545000,0.374034,-0.160766,0.424558,0.844881,-0.526285,-0.093042,0.023311,0.068958,1.874593,1.000000,0.035368,2.030577
2.550000,0.373810,-0.160649,0.424562,0.844882,-0.526289,-0.093017,0.023273,0.068958,1.874417,1.000000,0.035203,2.039880
2.555000,0.373587,-0.160533,0.424567,0.844884,-0.526293,-0.092991,0.023234,0.068957,1.874242,1.000000,0.035028,2.049167
2.560000,0.373363,-0.160416,0.424572,0.844886,-0.526296,-0.092966,0.023195,0.068957,1.874067,1.000000,0.034840,2.058437
2.565000,0.373153,-0.160306,0.424585,0.844888,-0.526301,-0.092930,0.023156,0.068956,1.873894,1.000000,0.034676,2.067913
2.570000,0.372943,-0.160196,0.424598,0.844890,-0.526306,-0.092894,0.023118,0.068956,1.873721,1.000000,0.034498,2.077424
2.575000,0.372733,-0.160086,0.424612,0.844892,-0.526311,-0.092858,0.023079,0.068956,1.873549,1.000000,0.034305,2.086923
2.580000,0.372523,-0.159976,0.424625,0.844894,-0.526316,-0.092823,0.023040,0.068955,1.873378,1.000000,0.034100,2.096440
2.585000,0.372313,-0.159865,0.424638,0.844896,-0.526320,-0.092787,0.023001,0.068955,1.873208,1.000000,0.033883,2.105992
2.590000,0.372103,-0.159755,0.424652,0.844897,-0.526325,-0.092751,0.022962,0.068955,1.873040,1.000000,0.033656,2.115525
2.595000,0.371893,-0.159645,0.424665,0.844899,-0.526330,-0.092715,0.022923,0.068954,1.872872,1.000000,0.033418,2.125121
2.600000,0.371686,-0.159535,0.424681,0.844902,-0.526335,-0.092675,0.022884,0.068954,1.872706,1.000000,0.033177,2.134778
2.605000,0.371479,-0.159426,0.424696,0.844905,-0.526339,-0.092635,0.022845,0.068954,1.872541,1.000000,0.032923,2.144414
2.610000,0.371272,-0.159316,0.424712,0.844907,-0.526344,-0.092595,0.022805,0.068953,1.872377,1.000000,0.032656,2.154034
2.615000,0.371065,-0.159206,0.424728,0.844910,-0.526348,-0.092554,0.022766,0.068952,1.872214,1.000000,0.032377,2.163640
2.620000,0.370858,-0.159097,0.424744,0.844913,-0.526352,-0.092514,0.022727,0.068952,1.872054,1.000000,0.032088,2.173281
2.625000,0.370651,-0.158987,0.424760,0.844916,-0.526357,-0.092474,0.022687,0.068952,1.871894,1.000000,0.031788,2.182908
2.630000,0.370444,-0.158877,0.424776,0.844918,-0.526361,-0.092434,0.022648,0.068951,1.871736,1.000000,0.031479,2.192608
2.635000,0.370245,-0.158765,0.424796,0.844924,-0.526361,-0.092387,0.022609,0.068951,1.871580,1.000000,0.031172,2.202207
2.640000,0.370046,-0.158654,0.424817,0.844931,-0.526361,-0.092341,0.022570,0.068951,1.871425,1.000000,0.030854,2.211784
2.645000,0.369847,-0.158542,0.424837,0.844937,-0.526361,-0.092294,0.022530,0.068950,1.871271,1.000000,0.030524,2.221329
2.650000,0.369648,-0.158430,0.424858,0.844943,-0.526361,-0.092248,0.022491,0.068949,1.871120,1.000000,0.030186,2.230865
2.655000,0.369449,-0.158318,0.424878,0.844949,-0.526361,-0.092201,0.022452,0.068949,1.870970,1.000000,0.029841,2.240436
2.660000,0.369251,-0.158206,0.424898,0.844955,-0.526361,-0.092155,0.022413,0.068949,1.870822,1.000000,0.029490,2.250010
2.665000,0.369052,-0.158095,0.424919,0.844962,-0.526360,-0.092108,0.022374,0.068948,1.870675,1.000000,0.029134,2.259646
2.670000,0.368871,-0.157982,0.424945,0.844973,-0.526353,-0.092055,0.022337,0.068948,1.870531,1.000000,0.028803,2.269133
2.675000,0.368691,-0.157869,0.424972,0.844984,-0.526346,-0.092002,0.022300,0.068948,1.870388,1.000000,0.028466,2.278597
2.680000,0.368511,-0.157757,0.424998,0.844995,-0.526339,-0.091949,0.022263,0.068947,1.870246,1.000000,0.028121,2.288022
2.685000,0.368331,-0.157645,0.425024,0.845007,-0.526332,-0.091895,0.022226,0.068947,1.870107,1.000000,0.027776,2.297475
2.690000,0.368150,-0.157532,0.425051,0.845018,-0.526324,-0.091842,0.022189,0.068946,1.869969,1.000000,0.027429,2.306904
2.695000,0.367970,-0.157420,0.425077,0.845029,-0.526317,-0.091789,0.022152,0.068945,1.869833,1.000000,0.027083,2.316376
2.700000,0.367806,-0.157293,0.425093,0.845051,-0.526290,-0.091747,0.022124,0.068945,1.869698,1.000000,0.026757,2.325031
2.705000,0.367641,-0.157165,0.425109,0.845074,-0.526263,-0.091705,0.022096,0.068945,1.869565,1.000000,0.026443,2.333718
2.710000,0.367477,-0.157038,0.425125,0.845096,-0.526236,-0.091663,0.022069,0.068944,1.869434,1.000000,0.026144,2.342383
2.715000,0.367312,-0.156911,0.425142,0.845118,-0.526209,-0.091620,0.022041,0.068943,1.869304,1.000000,0.025859,2.351068
2.720000,0.367148,-0.156784,0.425158,0.845140,-0.526181,-0.091578,0.022013,0.068944,1.869176,1.000000,0.025590,2.359784
2.725000,0.366983,-0.156657,0.425174,0.845162,-0.526154,-0.091536,0.021985,0.068943,1.869048,1.000000,0.025337,2.368475
2.730000,0.366819,-0.156530,0.425190,0.845185,-0.526127,-0.091494,0.021958,0.068942,1.868922,1.000000,0.025096,2.377130
2.735000,0.366687,-0.156378,0.425204,0.845228,-0.526065,-0.091454,0.021946,0.068942,1.868797,1.000000,0.024900,2.384404
2.740000,0.366555,-0.156227,0.425218,0.845271,-0.526003,-0.091414,0.021934,0.068942,1.868673,1.000000,0.024730,2.391654
2.745000,0.366423,-0.156075,0.425231,0.845314,-0.525941,-0.091375,0.021922,0.068941,1.868550,1.000000,0.024593,2.398935
2.750000,0.366291,-0.155923,0.425245,0.845357,-0.525880,-0.091335,0.021910,0.068940,1.868427,1.000000,0.024493,2.406280
2.755000,0.366159,-0.155772,0.425259,0.845400,-0.525818,-0.091295,0.021898,0.068940,1.868305,1.000000,0.024428,2.413656
2.760000,0.366027,-0.155620,0.425273,0.845443,-0.525756,-0.091255,0.021886,0.068940,1.868183,1.000000,0.024397,2.421007
2.765000,0.365895,-0.155469,0.425287,0.845486,-0.525694,-0.091216,0.021874,0.068939,1.868061,1.000000,0.024395,2.428301
2.770000,0.365813,-0.155296,0.425314,0.845553,-0.525595,-0.091162,0.021878,0.068939,1.867938,1.000000,0.024468,2.434292
2.775000,0.365730,-0.155123,0.425341,0.845621,-0.525496,-0.091108,0.021881,0.068938,1.867815,1.000000,0.024574,2.440258
2.780000,0.365647,-0.154951,0.425368,0.845688,-0.525397,-0.091054,0.021885,0.068938,1.867692,1.000000,0.024725,2.446278
2.785000,0.365565,-0.154778,0.425396,0.845755,-0.525298,-0.091000,0.021888,0.068937,1.867568,1.000000,0.024922,2.452340
2.790000,0.365482,-0.154605,0.425423,0.845822,-0.525199,-0.090946,0.021892,0.068937,1.867442,1.000000,0.025166,2.458434
2.795000,0.365399,-0.154433,0.425450,0.845889,-0.525100,-0.090892,0.021895,0.068936,1.867315,1.000000,0.025453,2.464493
2.800000,0.365317,-0.154260,0.425478,0.845957,-0.525001,-0.090838,0.021899,0.068936,1.867187,1.000000,0.025779,2.470513
2.805000,0.365272,-0.154066,0.425516,0.846046,-0.524867,-0.090774,0.021911,0.068936,1.867057,1.000000,0.026162,2.475320
2.810000,0.365228,-0.153871,0.425554,0.846136,-0.524733,-0.090709,0.021924,0.068935,1.866924,1.000000,0.026584,2.480104
2.815000,0.365183,-0.153677,0.425592,0.846226,-0.524599,-0.090645,0.021937,0.068934,1.866790,1.000000,0.027054,2.484964
2.820000,0.365139,-0.153483,0.425630,0.846315,-0.524465,-0.090580,0.021949,0.068935,1.866653,1.000000,0.027573,2.489877
2.825000,0.365094,-0.153288,0.425667,0.846405,-0.524331,-0.090515,0.021962,0.068934,1.866513,1.000000,0.028138,2.494767
2.830000,0.365050,-0.153094,0.425705,0.846494,-0.524197,-0.090451,0.021975,0.068933,1.866370,1.000000,0.028746,2.499632
2.835000,0.365005,-0.152900,0.425743,0.846584,-0.524063,-0.090386,0.021987,0.068932,1.866224,1.000000,0.029393,2.504467
2.840000,0.364983,-0.152675,0.425777,0.846697,-0.523891,-0.090327,0.022008,0.068932,1.866075,1.000000,0.030065,2.507809
2.845000,0.364960,-0.152451,0.425810,0.846809,-0.523718,-0.090267,0.022028,0.068932,1.865923,1.000000,0.030782,2.511131
2.850000,0.364937,-0.152226,0.425844,0.846922,-0.523545,-0.090208,0.022049,0.068931,1.865766,1.000000,0.031546,2.514478
2.855000,0.364915,-0.152001,0.425877,0.847034,-0.523372,-0.090149,0.022069,0.068931,1.865606,1.000000,0.032359,2.517859
2.860000,0.364892,-0.151777,0.425911,0.847147,-0.523200,-0.090089,0.022090,0.068931,1.865442,1.000000,0.033217,2.521218
2.865000,0.364870,-0.151552,0.425944,0.847259,-0.523027,-0.090030,0.022110,0.068930,1.865273,1.000000,0.034119,2.524622
2.870000,0.364873,-0.151289,0.425965,0.847399,-0.522807,-0.089985,0.022145,0.068929,1.865099,1.000000,0.035037,2.526104
2.875000,0.364876,-0.151026,0.425986,0.847538,-0.522587,-0.089940,0.022179,0.068929,1.864921,1.000000,0.036094,2.527623
2.880000,0.364879,-0.150764,0.426006,0.847678,-0.522367,-0.089895,0.022214,0.068929,1.864737,1.000000,0.037356,2.529108
2.885000,0.364883,-0.150501,0.426027,0.847817,-0.522147,-0.089850,0.022249,0.068928,1.864546,1.000000,0.038801,2.530549
2.890000,0.364886,-0.150238,0.426048,0.847957,-0.521927,-0.089805,0.022283,0.068928,1.864347,1.000000,0.040383,2.532026
2.895000,0.364889,-0.149976,0.426068,0.848096,-0.521707,-0.089760,0.022318,0.068928,1.864140,1.000000,0.042070,2.533484
2.900000,0.364893,-0.149713,0.426089,0.848235,-0.521487,-0.089715,0.022352,0.068927,1.863924,1.000000,0.043838,2.534990
2.905000,0.364936,-0.149392,0.426100,0.848417,-0.521194,-0.089681,0.022408,0.068927,1.863700,1.000000,0.045648,2.533653
2.910000,0.364980,-0.149072,0.426111,0.848599,-0.520902,-0.089647,0.022464,0.068927,1.863466,1.000000,0.047554,2.532302
2.915000,0.365024,-0.148751,0.426122,0.848780,-0.520610,-0.089612,0.022519,0.068926,1.863222,1.000000,0.049546,2.530949
2.920000,0.365068,-0.148431,0.426133,0.848962,-0.520317,-0.089578,0.022575,0.068925,1.862969,1.000000,0.051556,2.529597
2.925000,0.365112,-0.148110,0.426144,0.849143,-0.520024,-0.089544,0.022630,0.068925,1.862705,1.000000,0.053475,2.528285
2.930000,0.365156,-0.147790,0.426155,0.849325,-0.519732,-0.089509,0.022686,0.068925,1.862433,1.000000,0.055324,2.526962
2.935000,0.365200,-0.147469,0.426166,0.849506,-0.519439,-0.089475,0.022741,0.068924,1.862151,1.000000,0.057142,2.525674
2.940000,0.365285,-0.147095,0.426178,0.849727,-0.519080,-0.089440,0.022814,0.068924,1.861860,1.000000,0.058921,2.521789
2.945000,0.365371,-0.146720,0.426190,0.849948,-0.518721,-0.089404,0.022887,0.068924,1.861561,1.000000,0.060741,2.517897
2.950000,0.365456,-0.146346,0.426202,0.850169,-0.518362,-0.089369,0.022960,0.068923,1.861252,1.000000,0.062586,2.513994
2.955000,0.365542,-0.145971,0.426213,0.850389,-0.518003,-0.089333,0.023033,0.068923,1.860934,1.000000,0.064444,2.510125
2.960000,0.365628,-0.145597,0.426225,0.850610,-0.517644,-0.089298,0.023105,0.068923,1.860607,1.000000,0.066302,2.506250
2.965000,0.365713,-0.145223,0.426237,0.850830,-0.517284,-0.089262,0.023178,0.068922,1.860270,1.000000,0.068153,2.502415
2.970000,0.365799,-0.144848,0.426249,0.851050,-0.516925,-0.089227,0.023251,0.068921,1.859924,1.000000,0.069992,2.498661
2.975000,0.365924,-0.144431,0.426267,0.851304,-0.516511,-0.089185,0.023339,0.068921,1.859570,1.000000,0.071754,2.492869
2.980000,0.366049,-0.144013,0.426284,0.851557,-0.516096,-0.089143,0.023428,0.068921,1.859207,1.000000,0.073527,2.487082
2.985000,0.366174,-0.143596,0.426302,0.851810,-0.515682,-0.089100,0.023516,0.068920,1.858835,1.000000,0.075293,2.481261
2.990000,0.366299,-0.143179,0.426320,0.852063,-0.515268,-0.089058,0.023605,0.068920,1.858454,1.000000,0.077046,2.475490
2.995000,0.366423,-0.142761,0.426338,0.852315,-0.514853,-0.089016,0.023693,0.068920,1.858065,1.000000,0.078776,2.469722
3.000000,0.366548,-0.142344,0.426356,0.852568,-0.514438,-0.088973,0.023781,0.068919,1.857667,1.000000,0.080476,2.464019
3.005000,0.366673,-0.141927,0.426373,0.852820,-0.514023,-0.088931,0.023870,0.068918,1.857261,1.000000,0.082142,2.458380
3.010000,0.366838,-0.141449,0.426390,0.853115,-0.513536,-0.088888,0.023980,0.068918,1.856847,1.000000,0.083660,2.449955
3.015000,0.367002,-0.140971,0.426407,0.853409,-0.513048,-0.088846,0.024091,0.068918,1.856426,1.000000,0.085192,2.441549
3.020000,0.367167,-0.140493,0.426424,0.853704,-0.512560,-0.088803,0.024202,0.068917,1.855997,1.000000,0.086717,2.433196
3.025000,0.367331,-0.140015,0.426440,0.853998,-0.512072,-0.088760,0.024313,0.068917,1.855560,1.000000,0.088219,2.424909
3.030000,0.367495,-0.139537,0.426457,0.854292,-0.511584,-0.088717,0.024423,0.068916,1.855116,1.000000,0.089684,2.416641
3.035000,0.367660,-0.139059,0.426474,0.854586,-0.511095,-0.088674,0.024534,0.068915,1.854666,1.000000,0.091100,2.408356
3.040000,0.367852,-0.138517,0.426484,0.854920,-0.510537,-0.088636,0.024664,0.068915,1.854209,1.000000,0.092328,2.397228
3.045000,0.368044,-0.137975,0.426495,0.855254,-0.509978,-0.088597,0.024794,0.068915,1.853746,1.000000,0.093556,2.386130
3.050000,0.368236,-0.137434,0.426506,0.855587,-0.509418,-0.088559,0.024925,0.068914,1.853277,1.000000,0.094768,2.375112
3.055000,0.368429,-0.136892,0.426516,0.855920,-0.508859,-0.088520,0.025055,0.068913,1.852802,1.000000,0.095960,2.364204
3.060000,0.368621,-0.136350,0.426527,0.856253,-0.508299,-0.088481,0.025185,0.068913,1.852321,1.000000,0.097121,2.353375
3.065000,0.368813,-0.135809,0.426537,0.856585,-0.507739,-0.088442,0.025315,0.068912,1.851835,1.000000,0.098243,2.342578
3.070000,0.369005,-0.135267,0.426548,0.856917,-0.507179,-0.088403,0.025446,0.068911,1.851343,1.000000,0.099319,2.331859
3.075000,0.369211,-0.134672,0.426556,0.857281,-0.506563,-0.088363,0.025591,0.068911,1.850847,1.000000,0.100201,2.318949
3.080000,0.369417,-0.134078,0.426565,0.857645,-0.505947,-0.088323,0.025736,0.068910,1.850347,1.000000,0.101076,2.306082
3.085000,0.369623,-0.133484,0.426573,0.858008,-0.505330,-0.088282,0.025881,0.068910,1.849842,1.000000,0.101922,2.293284
3.090000,0.369829,-0.132890,0.426582,0.858371,-0.504713,-0.088242,0.026026,0.068909,1.849334,1.000000,0.102722,2.280556
3.095000,0.370035,-0.132295,0.426590,0.858733,-0.504096,-0.088201,0.026171,0.068908,1.848821,1.000000,0.103464,2.267918
3.100000,0.370241,-0.131701,0.426599,0.859095,-0.503478,-0.088161,0.026316,0.068907,1.848306,1.000000,0.104135,2.255315
3.105000,0.370446,-0.131107,0.426607,0.859457,-0.502860,-0.088120,0.026462,0.068906,1.847787,1.000000,0.104725,2.242733
3.110000,0.370658,-0.130476,0.426617,0.859841,-0.502204,-0.088073,0.026619,0.068906,1.847266,1.000000,0.105106,2.228729
3.115000,0.370869,-0.129845,0.426627,0.860224,-0.501547,-0.088026,0.026776,0.068905,1.846744,1.000000,0.105427,2.214783
3.120000,0.371080,-0.129215,0.426637,0.860607,-0.500890,-0.087979,0.026933,0.068904,1.846220,1.000000,0.105682,2.200998
3.125000,0.371291,-0.128584,0.426647,0.860989,-0.500232,-0.087932,0.027090,0.068904,1.845696,1.000000,0.105856,2.187334
3.130000,0.371503,-0.127953,0.426657,0.861371,-0.499574,-0.087885,0.027248,0.068902,1.845171,1.000000,0.105937,2.173731
3.135000,0.371714,-0.127322,0.426667,0.861752,-0.498916,-0.087838,0.027405,0.068901,1.844646,1.000000,0.105919,2.160207
3.140000,0.371925,-0.126691,0.426677,0.862132,-0.498258,-0.087791,0.027562,0.068900,1.844121,1.000000,0.105777,2.146767
3.145000,0.372135,-0.126036,0.426690,0.862526,-0.497576,-0.087736,0.027728,0.068899,1.843598,1.000000,0.105385,2.132500
3.150000,0.372345,-0.125382,0.426703,0.862920,-0.496893,-0.087682,0.027895,0.068898,1.843078,1.000000,0.104853,2.118302
3.155000,0.372554,-0.124727,0.426716,0.863313,-0.496211,-0.087627,0.028061,0.068897,1.842561,1.000000,0.104171,2.104162
3.160000,0.372764,-0.124073,0.426729,0.863705,-0.495528,-0.087573,0.028228,0.068896,1.842048,1.000000,0.103350,2.090135
3.165000,0.372974,-0.123418,0.426742,0.864097,-0.494844,-0.087518,0.028394,0.068895,1.841539,1.000000,0.102396,2.076185
3.170000,0.373184,-0.122763,0.426754,0.864488,-0.494161,-0.087463,0.028560,0.068894,1.841036,1.000000,0.101318,2.062381
3.175000,0.373394,-0.122109,0.426767,0.864879,-0.493477,-0.087408,0.028727,0.068892,1.840538,1.000000,0.100120,2.048703
3.180000,0.373596,-0.121437,0.426788,0.865277,-0.492779,-0.087341,0.028896,0.068891,1.840048,1.000000,0.098730,2.034551
3.185000,0.373799,-0.120766,0.426809,0.865676,-0.492082,-0.087273,0.029066,0.068890,1.839565,1.000000,0.097232,2.020491
3.190000,0.374001,-0.120094,0.426830,0.866073,-0.491384,-0.087205,0.029235,0.068888,1.839089,1.000000,0.095627,2.006544
3.195000,0.374204,-0.119422,0.426851,0.866470,-0.490685,-0.087137,0.029404,0.068887,1.838622,1.000000,0.093914,1.992723
3.200000,0.374407,-0.118751,0.426872,0.866866,-0.489987,-0.087069,0.029574,0.068886,1.838165,1.000000,0.092091,1.978996
3.205000,0.374609,-0.118079,0.426892,0.867262,-0.489288,-0.087001,0.029743,0.068884,1.837716,1.000000,0.090152,1.965330
3.210000,0.374796,-0.117401,0.426920,0.867658,-0.488589,-0.086921,0.029913,0.068883,1.837278,1.000000,0.088110,1.951613
3.215000,0.374983,-0.116724,0.426948,0.868053,-0.487890,-0.086842,0.030083,0.068882,1.836850,1.000000,0.085975,1.937991
3.220000,0.375170,-0.116046,0.426976,0.868448,-0.487191,-0.086762,0.030253,0.068880,1.836434,1.000000,0.083747,1.924516
3.225000,0.375357,-0.115368,0.427003,0.868842,-0.486492,-0.086682,0.030423,0.068878,1.836029,1.000000,0.081424,1.911191
3.230000,0.375544,-0.114690,0.427031,0.869235,-0.485792,-0.086602,0.030593,0.068877,1.835636,1.000000,0.079003,1.898002
3.235000,0.375731,-0.114012,0.427059,0.869628,-0.485092,-0.086523,0.030763,0.068875,1.835255,1.000000,0.076482,1.884921
3.240000,0.375918,-0.113334,0.427086,0.870020,-0.484392,-0.086443,0.030933,0.068873,1.834888,1.000000,0.073864,1.871978
3.245000,0.376087,-0.112655,0.427118,0.870408,-0.483699,-0.086355,0.031097,0.068872,1.834533,1.000000,0.071197,1.859118
3.250000,0.376256,-0.111975,0.427151,0.870796,-0.483006,-0.086268,0.031261,0.068870,1.834193,1.000000,0.068455,1.846364
3.255000,0.376425,-0.111295,0.427183,0.871183,-0.482313,-0.086180,0.031425,0.068868,1.833866,1.000000,0.065630,1.833689
3.260000,0.376594,-0.110616,0.427215,0.871569,-0.481620,-0.086092,0.031590,0.068867,1.833554,1.000000,0.062720,1.821142
3.265000,0.376764,-0.109936,0.427247,0.871955,-0.480926,-0.086004,0.031754,0.068865,1.833256,1.000000,0.059726,1.808708
3.270000,0.376933,-0.109257,0.427279,0.872340,-0.480232,-0.085916,0.031918,0.068863,1.832974,1.000000,0.056649,1.796426
3.275000,0.377102,-0.108577,0.427311,0.872725,-0.479537,-0.085829,0.032082,0.068861,1.832708,1.000000,0.053493,1.784321
3.280000,0.377257,-0.107885,0.427353,0.873112,-0.478840,-0.085728,0.032235,0.068860,1.832458,1.000000,0.050219,1.771985
3.285000,0.377413,-0.107194,0.427394,0.873498,-0.478142,-0.085628,0.032388,0.068858,1.832224,1.000000,0.046881,1.759773
3.290000,0.377569,-0.106502,0.427436,0.873884,-0.477443,-0.085528,0.032541,0.068855,1.832008,1.000000,0.043478,1.747706
3.295000,0.377724,-0.105811,0.427477,0.874270,-0.476745,-0.085427,0.032694,0.068854,1.831809,1.000000,0.040006,1.735797
3.300000,0.377880,-0.105119,0.427519,0.874655,-0.476046,-0.085327,0.032847,0.068852,1.831627,1.000000,0.036463,1.724021
3.305000,0.378036,-0.104428,0.427560,0.875039,-0.475347,-0.085226,0.033000,0.068850,1.831464,1.000000,0.032851,1.712402
3.310000,0.378192,-0.103736,0.427601,0.875422,-0.474647,-0.085126,0.033153,0.068847,1.831318,1.000000,0.029171,1.700942
3.315000,0.378328,-0.103033,0.427656,0.875808,-0.473946,-0.085007,0.033298,0.068846,1.831192,1.000000,0.025397,1.689278
3.320000,0.378464,-0.102329,0.427710,0.876193,-0.473245,-0.084888,0.033443,0.068843,1.831084,1.000000,0.021578,1.677744
3.325000,0.378600,-0.101626,0.427765,0.876578,-0.472543,-0.084769,0.033588,0.068841,1.830996,1.000000,0.017704,1.666308
3.330000,0.378736,-0.100923,0.427819,0.876962,-0.471841,-0.084650,0.033733,0.068839,1.830928,1.000000,0.013778,1.655049
3.335000,0.378872,-0.100219,0.427874,0.877346,-0.471138,-0.084531,0.033878,0.068837,1.830879,1.000000,0.009800,1.643944
3.340000,0.379008,-0.099516,0.427928,0.877729,-0.470436,-0.084411,0.034023,0.068834,1.830851,1.000000,0.005777,1.633068
3.345000,0.379144,-0.098812,0.427982,0.878111,-0.469733,-0.084292,0.034168,0.068832,1.830842,1.000000,0.001705,1.622393
3.350000,0.379252,-0.098100,0.428050,0.878491,-0.469037,-0.084156,0.034292,0.068830,1.830852,1.000000,-0.002384,1.611539
3.355000,0.379360,-0.097388,0.428117,0.878870,-0.468341,-0.084021,0.034417,0.068828,1.830878,1.000000,-0.006484,1.600862
3.360000,0.379468,-0.096675,0.428184,0.879249,-0.467644,-0.083885,0.034542,0.068825,1.830921,1.000000,-0.010605,1.590366
3.365000,0.379577,-0.095963,0.428251,0.879628,-0.466947,-0.083749,0.034667,0.068823,1.830980,1.000000,-0.014754,1.580064
3.370000,0.379685,-0.095250,0.428318,0.880005,-0.466250,-0.083613,0.034792,0.068820,1.831056,1.000000,-0.018937,1.569932
3.375000,0.379793,-0.094538,0.428385,0.880382,-0.465552,-0.083477,0.034917,0.068818,1.831148,1.000000,-0.023163,1.559915
3.380000,0.379879,-0.093801,0.428463,0.880761,-0.464856,-0.083332,0.035003,0.068816,1.831259,1.000000,-0.027505,1.549238
3.385000,0.379966,-0.093064,0.428541,0.881138,-0.464160,-0.083186,0.035089,0.068813,1.831386,1.000000,-0.031842,1.538755
3.390000,0.380052,-0.092327,0.428619,0.881515,-0.463463,-0.083041,0.035175,0.068810,1.831531,1.000000,-0.036181,1.528522
3.395000,0.380138,-0.091590,0.428697,0.881892,-0.462765,-0.082895,0.035261,0.068808,1.831693,1.000000,-0.040536,1.518524
3.400000,0.380225,-0.090852,0.428775,0.882268,-0.462068,-0.082750,0.035346,0.068805,1.831873,1.000000,-0.044916,1.508754
3.405000,0.380311,-0.090115,0.428854,0.882643,-0.461370,-0.082604,0.035432,0.068803,1.832071,1.000000,-0.049324,1.499192
3.410000,0.380398,-0.089378,0.428932,0.883018,-0.460672,-0.082458,0.035518,0.068800,1.832286,1.000000,-0.053762,1.489847
3.415000,0.380461,-0.088608,0.429013,0.883391,-0.459979,-0.082316,0.035555,0.068797,1.832519,1.000000,-0.058337,1.479492
3.420000,0.380523,-0.087838,0.429095,0.883764,-0.459285,-0.082173,0.035592,0.068795,1.832771,1.000000,-0.062887,1.469374
3.425000,0.380586,-0.087069,0.429176,0.884136,-0.458591,-0.082031,0.035629,0.068792,1.833041,1.000000,-0.067443,1.459436
3.430000,0.380649,-0.086299,0.429258,0.884507,-0.457897,-0.081888,0.035665,0.068789,1.833329,1.000000,-0.072012,1.449757
3.435000,0.380712,-0.085529,0.429339,0.884878,-0.457202,-0.081745,0.035702,0.068786,1.833636,1.000000,-0.076602,1.440333
3.440000,0.380775,-0.084760,0.429421,0.885249,-0.456507,-0.081603,0.035739,0.068784,1.833961,1.000000,-0.081211,1.431203
3.445000,0.380838,-0.083990,0.429502,0.885618,-0.455812,-0.081460,0.035776,0.068780,1.834305,1.000000,-0.085845,1.422376
3.450000,0.380863,-0.083196,0.429573,0.885982,-0.455127,-0.081336,0.035764,0.068778,1.834667,1.000000,-0.090489,1.412481
3.455000,0.380888,-0.082403,0.429644,0.886346,-0.454442,-0.081212,0.035753,0.068775,1.835048,1.000000,-0.095076,1.402855
3.460000,0.380913,-0.081610,0.429714,0.886709,-0.453756,-0.081088,0.035741,0.068772,1.835447,1.000000,-0.099646,1.393454
3.465000,0.380938,-0.080816,0.429785,0.887071,-0.453070,-0.080964,0.035730,0.068770,1.835864,1.000000,-0.104216,1.384361
3.470000,0.380962,-0.080023,0.429856,0.887433,-0.452384,-0.080839,0.035719,0.068767,1.836300,1.000000,-0.108797,1.375562
3.475000,0.380988,-0.079230,0.429927,0.887795,-0.451698,-0.080715,0.035707,0.068763,1.836754,1.000000,-0.113396,1.367090
3.480000,0.381013,-0.078436,0.429997,0.888155,-0.451011,-0.080591,0.035696,0.068761,1.837226,1.000000,-0.118022,1.358950
3.485000,0.381002,-0.077624,0.430048,0.888510,-0.450332,-0.080494,0.035653,0.068758,1.837717,1.000000,-0.122635,1.349744
3.490000,0.380991,-0.076812,0.430098,0.888865,-0.449653,-0.080398,0.035611,0.068755,1.838227,1.000000,-0.127193,1.340857
3.495000,0.380980,-0.076000,0.430148,0.889219,-0.448973,-0.080301,0.035569,0.068751,1.838754,1.000000,-0.131727,1.332289
3.500000,0.380969,-0.075188,0.430199,0.889572,-0.448293,-0.080205,0.035527,0.068749,1.839300,1.000000,-0.136264,1.324068
3.505000,0.380959,-0.074376,0.430249,0.889925,-0.447613,-0.080108,0.035485,0.068746,1.839864,1.000000,-0.140817,1.316183
3.510000,0.380948,-0.073564,0.430299,0.890277,-0.446932,-0.080011,0.035443,0.068742,1.840446,1.000000,-0.145394,1.308638
3.515000,0.380937,-0.072752,0.430350,0.890629,-0.446252,-0.079914,0.035400,0.068740,1.841047,1.000000,-0.149995,1.301456
3.520000,0.380908,-0.071935,0.430391,0.890970,-0.445590,-0.079835,0.035333,0.068736,1.841666,1.000000,-0.154524,1.294008
3.525000,0.380878,-0.071118,0.430432,0.891311,-0.444928,-0.079755,0.035265,0.068733,1.842303,1.000000,-0.159019,1.286882
3.530000,0.380848,-0.070301,0.430473,0.891651,-0.444266,-0.079675,0.035198,0.068730,1.842958,1.000000,-0.163498,1.280095
3.535000,0.380819,-0.069484,0.430514,0.891990,-0.443603,-0.079595,0.035130,0.068727,1.843631,1.000000,-0.167970,1.273696
3.540000,0.380789,-0.068667,0.430555,0.892329,-0.442941,-0.079514,0.035063,0.068724,1.844321,1.000000,-0.172441,1.267676
3.545000,0.380760,-0.067850,0.430597,0.892668,-0.442278,-0.079434,0.034995,0.068720,1.845030,1.000000,-0.176908,1.262060
3.550000,0.380713,-0.067042,0.430637,0.892990,-0.441647,-0.079363,0.034898,0.068718,1.845756,1.000000,-0.181188,1.256656
3.555000,0.380666,-0.066235,0.430677,0.893312,-0.441016,-0.079291,0.034801,0.068714,1.846498,1.000000,-0.185425,1.251624
3.560000,0.380619,-0.065427,0.430717,0.893634,-0.440385,-0.079219,0.034703,0.068711,1.847258,1.000000,-0.189637,1.246954
3.565000,0.380572,-0.064619,0.430758,0.893955,-0.439753,-0.079147,0.034606,0.068708,1.848035,1.000000,-0.193838,1.242673
3.570000,0.380525,-0.063812,0.430798,0.894276,-0.439121,-0.079075,0.034509,0.068705,1.848828,1.000000,-0.198035,1.238778
3.575000,0.380478,-0.063004,0.430838,0.894596,-0.438489,-0.079003,0.034411,0.068701,1.849638,1.000000,-0.202241,1.235255
3.580000,0.380431,-0.062197,0.430879,0.894915,-0.437857,-0.078931,0.034314,0.068698,1.850465,1.000000,-0.206461,1.232100
3.585000,0.380360,-0.061394,0.430905,0.895219,-0.437256,-0.078886,0.034176,0.068695,1.851308,1.000000,-0.210492,1.228663
3.590000,0.380289,-0.060592,0.430932,0.895521,-0.436654,-0.078841,0.034038,0.068692,1.852167,1.000000,-0.214455,1.225614
3.595000,0.380219,-0.059789,0.430958,0.895824,-0.436053,-0.078796,0.033901,0.068688,1.853042,1.000000,-0.218365,1.222965
3.600000,0.380148,-0.058986,0.430985,0.896125,-0.435451,-0.078751,0.033763,0.068685,1.853933,1.000000,-0.222254,1.220722
3.605000,0.380078,-0.058184,0.431012,0.896427,-0.434849,-0.078706,0.033625,0.068682,1.854839,1.000000,-0.226132,1.218871
3.610000,0.380007,-0.057381,0.431038,0.896728,-0.434247,-0.078661,0.033487,0.068679,1.855761,1.000000,-0.230011,1.217407
3.615000,0.379937,-0.056578,0.431065,0.897028,-0.433645,-0.078615,0.033349,0.068675,1.856698,1.000000,-0.233895,1.216337
3.620000,0.379857,-0.055769,0.431088,0.897315,-0.433071,-0.078597,0.033141,0.068672,1.857650,1.000000,-0.237745,1.215312
3.625000,0.379778,-0.054959,0.431111,0.897601,-0.432497,-0.078578,0.032932,0.068669,1.858618,1.000000,-0.241575,1.214684
3.630000,0.379698,-0.054149,0.431134,0.897887,-0.431922,-0.078559,0.032723,0.068665,1.859601,1.000000,-0.245406,1.214435
3.635000,0.379618,-0.053339,0.431157,0.898172,-0.431348,-0.078540,0.032515,0.068662,1.860600,1.000000,-0.249242,1.214613
3.640000,0.379539,-0.052529,0.431180,0.898457,-0.430773,-0.078522,0.032306,0.068659,1.861614,1.000000,-0.253087,1.215205
3.645000,0.379459,-0.051720,0.431204,0.898742,-0.430198,-0.078503,0.032097,0.068655,1.862643,1.000000,-0.256937,1.216206
3.650000,0.379379,-0.050910,0.431227,0.899026,-0.429623,-0.078484,0.031888,0.068652,1.863688,1.000000,-0.260807,1.217627
3.655000,0.379302,-0.050101,0.431271,0.899294,-0.429086,-0.078466,0.031602,0.068649,1.864748,1.000000,-0.264641,1.219878
3.660000,0.379224,-0.049292,0.431315,0.899562,-0.428548,-0.078449,0.031316,0.068645,1.865823,1.000000,-0.268504,1.222522
3.665000,0.379147,-0.048484,0.431359,0.899829,-0.428010,-0.078432,0.031030,0.068642,1.866914,1.000000,-0.272396,1.225558
3.670000,0.379069,-0.047675,0.431403,0.900097,-0.427472,-0.078414,0.030743,0.068639,1.868021,1.000000,-0.276316,1.229008
3.675000,0.378992,-0.046867,0.431447,0.900363,-0.426934,-0.078396,0.030457,0.068635,1.869143,1.000000,-0.280259,1.232852
3.680000,0.378914,-0.046058,0.431491,0.900630,-0.426395,-0.078379,0.030171,0.068632,1.870282,1.000000,-0.284219,1.237075
3.685000,0.378837,-0.045249,0.431535,0.900895,-0.425857,-0.078361,0.029884,0.068629,1.871436,1.000000,-0.288207,1.241697
3.690000,0.378753,-0.044453,0.431590,0.901141,-0.425363,-0.078357,0.029526,0.068625,1.872605,1.000000,-0.292024,1.246676
3.695000,0.378669,-0.043658,0.431644,0.901386,-0.424870,-0.078352,0.029167,0.068622,1.873790,1.000000,-0.295830,1.252007
3.700000,0.378585,-0.042862,0.431699,0.901630,-0.424376,-0.078348,0.028808,0.068618,1.874990,1.000000,-0.299635,1.257693
3.705000,0.378501,-0.042066,0.431753,0.901874,-0.423882,-0.078343,0.028450,0.068615,1.876205,1.000000,-0.303448,1.263741
3.710000,0.378417,-0.041271,0.431808,0.902118,-0.423388,-0.078338,0.028091,0.068612,1.877435,1.000000,-0.307274,1.270127
3.715000,0.378333,-0.040475,0.431862,0.902361,-0.422894,-0.078334,0.027732,0.068608,1.878681,1.000000,-0.311123,1.276843
3.720000,0.378242,-0.039686,0.431909,0.902589,-0.422430,-0.078359,0.027325,0.068605,1.879941,1.000000,-0.314849,1.283491
3.725000,0.378152,-0.038897,0.431956,0.902816,-0.421965,-0.078384,0.026918,0.068602,1.881217,1.000000,-0.318551,1.290464
3.730000,0.378062,-0.038109,0.432004,0.903043,-0.421501,-0.078409,0.026512,0.068598,1.882507,1.000000,-0.322232,1.297738
3.735000,0.377972,-0.037320,0.432051,0.903269,-0.421036,-0.078434,0.026105,0.068595,1.883812,1.000000,-0.325912,1.305333
3.740000,0.377882,-0.036531,0.432098,0.903495,-0.420571,-0.078459,0.025698,0.068591,1.885132,1.000000,-0.329597,1.313235
3.745000,0.377792,-0.035742,0.432145,0.903721,-0.420106,-0.078484,0.025291,0.068588,1.886467,1.000000,-0.333294,1.321436
3.750000,0.377701,-0.034953,0.432192,0.903946,-0.419641,-0.078509,0.024883,0.068584,1.887816,1.000000,-0.337005,1.329932
3.755000,0.377622,-0.034169,0.432245,0.904170,-0.419178,-0.078539,0.024469,0.068581,1.889180,1.000000,-0.340706,1.338888
3.760000,0.377542,-0.033385,0.432298,0.904393,-0.418715,-0.078568,0.024054,0.068578,1.890559,1.000000,-0.344442,1.348117
3.765000,0.377462,-0.032602,0.432352,0.904615,-0.418252,-0.078598,0.023639,0.068574,1.891953,1.000000,-0.348217,1.357617
3.770000,0.377383,-0.031818,0.432405,0.904837,-0.417789,-0.078627,0.023224,0.068571,1.893362,1.000000,-0.352021,1.367394
3.775000,0.377303,-0.031034,0.432458,0.905059,-0.417325,-0.078657,0.022809,0.068567,1.894786,1.000000,-0.355850,1.377428
3.780000,0.377223,-0.030251,0.432511,0.905281,-0.416862,-0.078686,0.022394,0.068563,1.896226,1.000000,-0.359694,1.387699
3.785000,0.377144,-0.029467,0.432564,0.905502,-0.416398,-0.078716,0.021979,0.068560,1.897681,1.000000,-0.363559,1.398221
3.790000,0.377081,-0.028706,0.432639,0.905724,-0.415934,-0.078722,0.021585,0.068556,1.899151,1.000000,-0.367291,1.409270
3.795000,0.377018,-0.027945,0.432715,0.905946,-0.415471,-0.078727,0.021190,0.068552,1.900636,1.000000,-0.371063,1.420520
3.800000,0.376956,-0.027183,0.432790,0.906167,-0.415007,-0.078732,0.020795,0.068548,1.902137,1.000000,-0.374868,1.431964
3.805000,0.376893,-0.026422,0.432865,0.906388,-0.414543,-0.078738,0.020400,0.068545,1.903652,1.000000,-0.378700,1.443612
3.810000,0.376830,-0.025661,0.432941,0.906608,-0.414078,-0.078743,0.020005,0.068541,1.905183,1.000000,-0.382553,1.455446
3.815000,0.376768,-0.024900,0.433016,0.906828,-0.413614,-0.078749,0.019610,0.068537,1.906729,1.000000,-0.386426,1.467465
3.820000,0.376705,-0.024139,0.433091,0.907048,-0.413149,-0.078754,0.019215,0.068533,1.908291,1.000000,-0.390316,1.479674
3.825000,0.376653,-0.023419,0.433183,0.907267,-0.412689,-0.078731,0.018870,0.068530,1.909867,1.000000,-0.393862,1.491672
3.830000,0.376600,-0.022699,0.433274,0.907486,-0.412228,-0.078709,0.018524,0.068526,1.911458,1.000000,-0.397382,1.503806
3.835000,0.376548,-0.021979,0.433365,0.907704,-0.411767,-0.078686,0.018179,0.068522,1.913062,1.000000,-0.400886,1.516075
3.840000,0.376495,-0.021259,0.433457,0.907922,-0.411306,-0.078663,0.017834,0.068518,1.914680,1.000000,-0.404379,1.528482
3.845000,0.376443,-0.020540,0.433548,0.908139,-0.410845,-0.078641,0.017488,0.068514,1.916312,1.000000,-0.407860,1.541005
3.850000,0.376390,-0.019820,0.433639,0.908356,-0.410383,-0.078618,0.017143,0.068510,1.917958,1.000000,-0.411326,1.553634
3.855000,0.376338,-0.019100,0.433731,0.908573,-0.409922,-0.078595,0.016797,0.068506,1.919618,1.000000,-0.414787,1.566391
3.860000,0.376288,-0.018422,0.433820,0.908793,-0.409452,-0.078555,0.016531,0.068502,1.921290,1.000000,-0.417843,1.578296
3.865000,0.376237,-0.017745,0.433909,0.909013,-0.408982,-0.078514,0.016264,0.068498,1.922974,1.000000,-0.420813,1.590273
3.870000,0.376187,-0.017068,0.433998,0.909232,-0.408512,-0.078474,0.015997,0.068494,1.924670,1.000000,-0.423725,1.602341
3.875000,0.376136,-0.016390,0.434087,0.909452,-0.408042,-0.078433,0.015731,0.068490,1.926378,1.000000,-0.426591,1.614486
3.880000,0.376086,-0.015713,0.434176,0.909671,-0.407572,-0.078393,0.015464,0.068486,1.928097,1.000000,-0.429426,1.626728
3.885000,0.376036,-0.015036,0.434265,0.909889,-0.407102,-0.078352,0.015197,0.068482,1.929827,1.000000,-0.432235,1.639066
3.890000,0.375978,-0.014394,0.434334,0.910113,-0.406615,-0.078306,0.015028,0.068478,1.931567,1.000000,-0.434654,1.650193
3.895000,0.375921,-0.013753,0.434402,0.910338,-0.406128,-0.078260,0.014859,0.068474,1.933316,1.000000,-0.436943,1.661372
3.900000,0.375863,-0.013111,0.434471,0.910561,-0.405641,-0.078214,0.014690,0.068470,1.935074,1.000000,-0.439139,1.672593
3.905000,0.375805,-0.012469,0.434540,0.910785,-0.405154,-0.078169,0.014522,0.068466,1.936841,1.000000,-0.441268,1.683882
3.910000,0.375748,-0.011828,0.434609,0.911008,-0.404667,-0.078123,0.014353,0.068462,1.938616,1.000000,-0.443343,1.695225
3.915000,0.375690,-0.011186,0.434678,0.911231,-0.404179,-0.078077,0.014184,0.068457,1.940400,1.000000,-0.445374,1.706623
3.920000,0.375633,-0.010544,0.434747,0.911454,-0.403692,-0.078031,0.014015,0.068454,1.942191,1.000000,-0.447371,1.718085
3.925000,0.375562,-0.009940,0.434785,0.911678,-0.403196,-0.077992,0.013937,0.068449,1.943989,1.000000,-0.448920,1.727938
3.930000,0.375492,-0.009336,0.434823,0.911901,-0.402700,-0.077953,0.013859,0.068445,1.945793,1.000000,-0.450306,1.737839
3.935000,0.375422,-0.008732,0.434862,0.912125,-0.402203,-0.077915,0.013781,0.068441,1.947601,1.000000,-0.451575,1.747789
3.940000,0.375351,-0.008128,0.434900,0.912348,-0.401707,-0.077876,0.013702,0.068437,1.949415,1.000000,-0.452758,1.757792
3.945000,0.375281,-0.007524,0.434938,0.912571,-0.401210,-0.077838,0.013624,0.068433,1.951233,1.000000,-0.453874,1.767834
3.950000,0.375211,-0.006919,0.434976,0.912794,-0.400713,-0.077799,0.013546,0.068429,1.953056,1.000000,-0.454935,1.777910
3.955000,0.375141,-0.006315,0.435015,0.913016,-0.400216,-0.077760,0.013468,0.068425,1.954883,1.000000,-0.455957,1.788037
3.960000,0.375063,-0.005758,0.435021,0.913235,-0.399723,-0.077739,0.013461,0.068420,1.956712,1.000000,-0.456442,1.796236
3.965000,0.374985,-0.005201,0.435027,0.913452,-0.399229,-0.077717,0.013455,0.068416,1.958542,1.000000,-0.456749,1.804472
3.970000,0.374908,-0.004644,0.435034,0.913670,-0.398735,-0.077695,0.013448,0.068412,1.960374,1.000000,-0.456926,1.812743
3.975000,0.374830,-0.004088,0.435040,0.913887,-0.398241,-0.077673,0.013442,0.068408,1.962205,1.000000,-0.457008,1.821056
3.980000,0.374752,-0.003531,0.435046,0.914104,-0.397747,-0.077651,0.013435,0.068404,1.964037,1.000000,-0.457016,1.829398
3.985000,0.374675,-0.002974,0.435053,0.914321,-0.397253,-0.077629,0.013429,0.068400,1.965869,1.000000,-0.456966,1.837780
3.990000,0.374597,-0.002417,0.435059,0.914538,-0.396759,-0.077607,0.013422,0.068396,1.967700,1.000000,-0.456871,1.846202
3.995000,0.374521,-0.001896,0.435041,0.914747,-0.396275,-0.077605,0.013456,0.068392,1.969530,1.000000,-0.456365,1.853134
4.000000,0.374444,-0.001375,0.435022,0.914957,-0.395790,-0.077602,0.013491,0.068388,1.971357,1.000000,-0.455722,1.860090
4.005000,0.374368,-0.000855,0.435004,0.915166,-0.395306,-0.077600,0.013525,0.068384,1.973182,1.000000,-0.454981,1.867081
4.010000,0.374292,-0.000334,0.434986,0.915375,-0.394821,-0.077598,0.013560,0.068380,1.975003,1.000000,-0.454165,1.874093
4.015000,0.374215,0.000187,0.434967,0.915583,-0.394337,-0.077596,0.013594,0.068376,1.976821,1.000000,-0.453293,1.881132
4.020000,0.374139,0.000708,0.434949,0.915792,-0.393852,-0.077593,0.013629,0.068371,1.978635,1.000000,-0.452377,1.888199
4.025000,0.374063,0.001228,0.434931,0.916000,-0.393367,-0.077591,0.013663,0.068368,1.980446,1.000000,-0.451429,1.895298
4.030000,0.373993,0.001731,0.434902,0.916203,-0.392891,-0.077599,0.013718,0.068363,1.982252,1.000000,-0.450274,1.901685
4.035000,0.373923,0.002233,0.434872,0.916405,-0.392414,-0.077606,0.013773,0.068359,1.984053,1.000000,-0.449048,1.908063
4.040000,0.373853,0.002736,0.434843,0.916608,-0.391938,-0.077613,0.013829,0.068356,1.985849,1.000000,-0.447779,1.914470
4.045000,0.373783,0.003238,0.434814,0.916810,-0.391462,-0.077621,0.013884,0.068351,1.987640,1.000000,-0.446478,1.920893
4.050000,0.373713,0.003740,0.434785,0.917012,-0.390985,-0.077628,0.013939,0.068347,1.989425,1.000000,-0.445159,1.927363
4.055000,0.373643,0.004243,0.434755,0.917213,-0.390508,-0.077636,0.013994,0.068343,1.991206,1.000000,-0.443829,1.933871
4.060000,0.373583,0.004724,0.434723,0.917410,-0.390041,-0.077645,0.014068,0.068339,1.992980,1.000000,-0.442315,1.939757
4.065000,0.373522,0.005206,0.434690,0.917607,-0.389573,-0.077653,0.014142,0.068335,1.994748,1.000000,-0.440760,1.945658
4.070000,0.373461,0.005687,0.434658,0.917803,-0.389106,-0.077662,0.014215,0.068331,1.996510,1.000000,-0.439181,1.951584
4.075000,0.373401,0.006169,0.434625,0.918000,-0.388638,-0.077671,0.014289,0.068327,1.998266,1.000000,-0.437591,1.957534
4.080000,0.373340,0.006651,0.434593,0.918196,-0.388171,-0.077680,0.014363,0.068323,2.000015,1.000000,-0.435995,1.963495
4.085000,0.373280,0.007132,0.434560,0.918391,-0.387703,-0.077688,0.014437,0.068319,2.001757,1.000000,-0.434401,1.969470
4.090000,0.373219,0.007614,0.434528,0.918587,-0.387235,-0.077697,0.014510,0.068315,2.003494,1.000000,-0.432816,1.975466
4.095000,0.373170,0.008067,0.434495,0.918774,-0.386785,-0.077705,0.014598,0.068311,2.005223,1.000000,-0.431011,1.980631
4.100000,0.373121,0.008521,0.434462,0.918962,-0.386335,-0.077714,0.014685,0.068307,2.006945,1.000000,-0.429169,1.985814
4.105000,0.373072,0.008974,0.434429,0.919149,-0.385885,-0.077722,0.014773,0.068303,2.008659,1.000000,-0.427309,1.991018
4.110000,0.373022,0.009427,0.434396,0.919335,-0.385434,-0.077730,0.014861,0.068300,2.010366,1.000000,-0.425445,1.996240
4.115000,0.372973,0.009881,0.434363,0.919522,-0.384984,-0.077739,0.014948,0.068296,2.012066,1.000000,-0.423586,2.001468
4.120000,0.372924,0.010334,0.434330,0.919708,-0.384533,-0.077747,0.015036,0.068292,2.013758,1.000000,-0.421737,2.006711
4.125000,0.372875,0.010787,0.434297,0.919895,-0.384082,-0.077755,0.015124,0.068288,2.015443,1.000000,-0.419907,2.011972
4.130000,0.372836,0.011224,0.434266,0.920079,-0.383635,-0.077760,0.015225,0.068284,2.017120,1.000000,-0.417991,2.016802
4.135000,0.372798,0.011661,0.434234,0.920263,-0.383188,-0.077765,0.015327,0.068280,2.018789,1.000000,-0.416083,2.021647
4.140000,0.372760,0.012098,0.434202,0.920447,-0.382741,-0.077769,0.015428,0.068276,2.020451,1.000000,-0.414195,2.026505
4.145000,0.372721,0.012535,0.434171,0.920631,-0.382293,-0.077774,0.015530,0.068272,2.022105,1.000000,-0.412332,2.031377
4.150000,0.372683,0.012972,0.434139,0.920815,-0.381846,-0.077779,0.015631,0.068268,2.023752,1.000000,-0.410498,2.036253
4.155000,0.372645,0.013409,0.434108,0.920998,-0.381398,-0.077784,0.015733,0.068264,2.025392,1.000000,-0.408696,2.041139
4.160000,0.372606,0.013846,0.434076,0.921181,-0.380951,-0.077788,0.015834,0.068260,2.027024,1.000000,-0.406933,2.046039
4.165000,0.372574,0.014276,0.434047,0.921365,-0.380501,-0.077788,0.015946,0.068256,2.028649,1.000000,-0.405173,2.050799
4.170000,0.372541,0.014706,0.434018,0.921549,-0.380051,-0.077788,0.016058,0.068252,2.030268,1.000000,-0.403452,2.055578
4.175000,0.372508,0.015136,0.433989,0.921732,-0.379601,-0.077787,0.016170,0.068248,2.031879,1.000000,-0.401776,2.060372
4.180000,0.372476,0.015566,0.433960,0.921916,-0.379151,-0.077787,0.016282,0.068243,2.033484,1.000000,-0.400146,2.065167
4.185000,0.372443,0.015996,0.433931,0.922099,-0.378701,-0.077787,0.016394,0.068239,2.035083,1.000000,-0.398564,2.069973
4.190000,0.372410,0.016426,0.433902,0.922281,-0.378251,-0.077786,0.016506,0.068235,2.036675,1.000000,-0.397032,2.074793
4.195000,0.372378,0.016856,0.433873,0.922464,-0.377801,-0.077786,0.016618,0.068231,2.038262,1.000000,-0.395554,2.079625
4.200000,0.372345,0.017285,0.433846,0.922646,-0.377351,-0.077784,0.016728,0.068227,2.039842,1.000000,-0.394121,2.084446
4.205000,0.372312,0.017713,0.433819,0.922828,-0.376901,-0.077782,0.016838,0.068223,2.041417,1.000000,-0.392742,2.089290
4.210000,0.372279,0.018142,0.433791,0.923010,-0.376450,-0.077780,0.016947,0.068219,2.042987,1.000000,-0.391420,2.094146
4.215000,0.372246,0.018570,0.433764,0.923192,-0.376000,-0.077779,0.017057,0.068215,2.044551,1.000000,-0.390153,2.099003
4.220000,0.372213,0.018999,0.433737,0.923374,-0.375549,-0.077777,0.017167,0.068210,2.046111,1.000000,-0.388943,2.103868
4.225000,0.372180,0.019427,0.433710,0.923555,-0.375099,-0.077775,0.017277,0.068206,2.047665,1.000000,-0.387792,2.108740
4.230000,0.372143,0.019854,0.433682,0.923734,-0.374652,-0.077782,0.017367,0.068202,2.049216,1.000000,-0.386684,2.113517
4.235000,0.372106,0.020280,0.433653,0.923913,-0.374205,-0.077790,0.017456,0.068198,2.050761,1.000000,-0.385626,2.118300
4.240000,0.372068,0.020706,0.433625,0.924091,-0.373758,-0.077797,0.017546,0.068194,2.052303,1.000000,-0.384622,2.123102
4.245000,0.372031,0.021133,0.433597,0.924270,-0.373311,-0.077804,0.017636,0.068190,2.053841,1.000000,-0.383672,2.127915
4.250000,0.371994,0.021559,0.433568,0.924448,-0.372864,-0.077812,0.017725,0.068185,2.055375,1.000000,-0.382778,2.132728
4.255000,0.371957,0.021985,0.433540,0.924626,-0.372417,-0.077819,0.017815,0.068181,2.056906,1.000000,-0.381941,2.137563
4.260000,0.371920,0.022411,0.433511,0.924803,-0.371969,-0.077827,0.017905,0.068177,2.058434,1.000000,-0.381163,2.142412
4.265000,0.371878,0.022826,0.433480,0.924970,-0.371546,-0.077853,0.017954,0.068173,2.059958,1.000000,-0.380336,2.146806
4.270000,0.371836,0.023241,0.433449,0.925137,-0.371122,-0.077880,0.018004,0.068169,2.061479,1.000000,-0.379523,2.151212
4.275000,0.371794,0.023657,0.433418,0.925304,-0.370698,-0.077907,0.018053,0.068164,2.062997,1.000000,-0.378732,2.155634
4.280000,0.371752,0.024072,0.433387,0.925471,-0.370274,-0.077934,0.018103,0.068160,2.064511,1.000000,-0.377973,2.160064
4.285000,0.371710,0.024487,0.433356,0.925637,-0.369850,-0.077960,0.018152,0.068156,2.066023,1.000000,-0.377248,2.164495
4.290000,0.371668,0.024902,0.433324,0.925803,-0.369426,-0.077987,0.018202,0.068152,2.067532,1.000000,-0.376564,2.168985
4.295000,0.371626,0.025317,0.433293,0.925969,-0.369002,-0.078014,0.018251,0.068148,2.069038,1.000000,-0.375924,2.173484
4.300000,0.371579,0.025722,0.433257,0.926121,-0.368609,-0.078067,0.018249,0.068144,2.070542,1.000000,-0.375215,2.177504
4.305000,0.371532,0.026126,0.433221,0.926273,-0.368216,-0.078121,0.018247,0.068140,2.072042,1.000000,-0.374499,2.181516
4.310000,0.371485,0.026531,0.433185,0.926425,-0.367822,-0.078175,0.018245,0.068136,2.073540,1.000000,-0.373760,2.185523
4.315000,0.371437,0.026936,0.433149,0.926576,-0.367429,-0.078228,0.018243,0.068132,2.075034,1.000000,-0.372971,2.189538
4.320000,0.371390,0.027341,0.433113,0.926727,-0.367036,-0.078282,0.018241,0.068128,2.076526,1.000000,-0.372144,2.193559
4.325000,0.371342,0.027746,0.433077,0.926879,-0.366643,-0.078335,0.018239,0.068124,2.078014,1.000000,-0.371299,2.197608
4.330000,0.371295,0.028151,0.433040,0.927030,-0.366249,-0.078389,0.018237,0.068120,2.079498,1.000000,-0.370454,2.201664
4.335000,0.371240,0.028555,0.432993,0.927166,-0.365887,-0.078482,0.018174,0.068116,2.080979,1.000000,-0.369572,2.205421
4.340000,0.371185,0.028959,0.432946,0.927303,-0.365524,-0.078574,0.018111,0.068113,2.082457,1.000000,-0.368689,2.209190
4.345000,0.371129,0.029363,0.432899,0.927439,-0.365162,-0.078667,0.018048,0.068109,2.083931,1.000000,-0.367819,2.212971
4.350000,0.371074,0.029767,0.432851,0.927575,-0.364799,-0.078760,0.017985,0.068105,2.085401,1.000000,-0.366975,2.216753
4.355000,0.371019,0.030171,0.432804,0.927711,-0.364436,-0.078852,0.017923,0.068101,2.086869,1.000000,-0.366166,2.220548
4.360000,0.370964,0.030575,0.432757,0.927847,-0.364073,-0.078945,0.017860,0.068097,2.088333,1.000000,-0.365399,2.224361
4.365000,0.370908,0.030978,0.432709,0.927982,-0.363710,-0.079037,0.017797,0.068094,2.089794,1.000000,-0.364679,2.228182
4.370000,0.370843,0.031390,0.432648,0.928099,-0.363388,-0.079183,0.017651,0.068090,2.091253,1.000000,-0.364004,2.231899
4.375000,0.370778,0.031801,0.432586,0.928216,-0.363065,-0.079328,0.017505,0.068086,2.092708,1.000000,-0.363367,2.235644
4.380000,0.370713,0.032213,0.432524,0.928332,-0.362743,-0.079473,0.017359,0.068083,2.094162,1.000000,-0.362772,2.239401
4.385000,0.370648,0.032624,0.432462,0.928448,-0.362420,-0.079619,0.017213,0.068079,2.095613,1.000000,-0.362219,2.243163
4.390000,0.370583,0.033036,0.432401,0.928564,-0.362098,-0.079764,0.017067,0.068076,2.097062,1.000000,-0.361714,2.246970
4.395000,0.370518,0.033447,0.432339,0.928680,-0.361775,-0.079909,0.016921,0.068072,2.098509,1.000000,-0.361259,2.250811
4.400000,0.370444,0.033857,0.432265,0.928772,-0.361507,-0.080107,0.016689,0.068069,2.099954,1.000000,-0.360767,2.254268
4.405000,0.370371,0.034266,0.432192,0.928863,-0.361240,-0.080304,0.016456,0.068065,2.101397,1.000000,-0.360275,2.257729
4.410000,0.370298,0.034675,0.432118,0.928954,-0.360973,-0.080502,0.016223,0.068062,2.102838,1.000000,-0.359786,2.261172
4.415000,0.370224,0.035085,0.432044,0.929044,-0.360705,-0.080700,0.015990,0.068059,2.104278,1.000000,-0.359316,2.264627
4.420000,0.370151,0.035494,0.431971,0.929135,-0.360438,-0.080897,0.015757,0.068056,2.105715,1.000000,-0.358869,2.268090
4.425000,0.370078,0.035904,0.431897,0.929225,-0.360170,-0.081095,0.015524,0.068052,2.107151,1.000000,-0.358451,2.271574
4.430000,0.370004,0.036313,0.431823,0.929316,-0.359903,-0.081293,0.015291,0.068049,2.108585,1.000000,-0.358067,2.275074
4.435000,0.369922,0.036734,0.431740,0.929391,-0.359666,-0.081537,0.014983,0.068046,2.110018,1.000000,-0.357757,2.278691
4.440000,0.369840,0.037154,0.431656,0.929466,-0.359430,-0.081781,0.014675,0.068043,2.111450,1.000000,-0.357474,2.282324
4.445000,0.369758,0.037575,0.431572,0.929541,-0.359193,-0.082025,0.014367,0.068040,2.112880,1.000000,-0.357208,2.285974
4.450000,0.369676,0.037995,0.431489,0.929615,-0.358957,-0.082270,0.014059,0.068036,2.114310,1.000000,-0.356955,2.289639
4.455000,0.369593,0.038415,0.431405,0.929689,-0.358720,-0.082514,0.013751,0.068033,2.115738,1.000000,-0.356713,2.293315
4.460000,0.369511,0.038836,0.431322,0.929764,-0.358483,-0.082759,0.013443,0.068030,2.117166,1.000000,-0.356485,2.297023
4.465000,0.369429,0.039256,0.431238,0.929837,-0.358246,-0.083003,0.013134,0.068027,2.118593,1.000000,-0.356271,2.300747
4.470000,0.369342,0.039694,0.431151,0.929907,-0.358016,-0.083275,0.012782,0.068024,2.120019,1.000000,-0.356195,2.304940
4.475000,0.369256,0.040131,0.431063,0.929975,-0.357787,-0.083548,0.012430,0.068021,2.121445,1.000000,-0.356184,2.309148
4.480000,0.369169,0.040568,0.430976,0.930044,-0.357557,-0.083820,0.012077,0.068018,2.122872,1.000000,-0.356221,2.313372
4.485000,0.369082,0.041006,0.430889,0.930112,-0.357327,-0.084092,0.011725,0.068014,2.124298,1.000000,-0.356298,2.317612
4.490000,0.368995,0.041443,0.430801,0.930180,-0.357097,-0.084365,0.011372,0.068011,2.125725,1.000000,-0.356409,2.321860
4.495000,0.368908,0.041881,0.430714,0.930248,-0.356867,-0.084637,0.011019,0.068008,2.127153,1.000000,-0.356549,2.326099
4.500000,0.368821,0.042318,0.430627,0.930315,-0.356637,-0.084910,0.010667,0.068005,2.128581,1.000000,-0.356721,2.330355
4.505000,0.368739,0.042763,0.430548,0.930385,-0.356403,-0.085178,0.010313,0.068002,2.130010,1.000000,-0.356991,2.334993
4.510000,0.368658,0.043209,0.430469,0.930454,-0.356168,-0.085447,0.009959,0.067998,2.131440,1.000000,-0.357336,2.339681
4.515000,0.368576,0.043654,0.430391,0.930522,-0.355934,-0.085715,0.009604,0.067995,2.132872,1.000000,-0.357743,2.344395
4.520000,0.368494,0.044099,0.430312,0.930591,-0.355700,-0.085984,0.009250,0.067992,2.134306,1.000000,-0.358200,2.349118
4.525000,0.368412,0.044544,0.430233,0.930659,-0.355465,-0.086252,0.008896,0.067988,2.135741,1.000000,-0.358702,2.353854
4.530000,0.368331,0.044990,0.430155,0.930727,-0.355231,-0.086520,0.008542,0.067985,2.137179,1.000000,-0.359245,2.358601
4.535000,0.368249,0.045435,0.430076,0.930794,-0.354996,-0.086789,0.008188,0.067982,2.138619,1.000000,-0.359825,2.363362
4.540000,0.368175,0.045889,0.430015,0.930871,-0.354743,-0.087033,0.007853,0.067978,2.140062,1.000000,-0.360522,2.368674
4.545000,0.368101,0.046343,0.429953,0.930947,-0.354491,-0.087277,0.007519,0.067975,2.141507,1.000000,-0.361309,2.373959
4.550000,0.368028,0.046798,0.429892,0.931023,-0.354238,-0.087521,0.007185,0.067971,2.142956,1.000000,-0.362172,2.379254
4.555000,0.367954,0.047252,0.429830,0.931099,-0.353985,-0.087765,0.006851,0.067968,2.144409,1.000000,-0.363100,2.384557
4.560000,0.367880,0.047706,0.429769,0.931175,-0.353731,-0.088009,0.006517,0.067964,2.145865,1.000000,-0.364086,2.389892
4.565000,0.367806,0.048160,0.429707,0.931250,-0.353478,-0.088253,0.006182,0.067961,2.147326,1.000000,-0.365124,2.395253
4.570000,0.367737,0.048617,0.429664,0.931335,-0.353206,-0.088468,0.005872,0.067957,2.148791,1.000000,-0.366233,2.400968
4.575000,0.367667,0.049074,0.429621,0.931419,-0.352935,-0.088682,0.005561,0.067953,2.150260,1.000000,-0.367415,2.406690
4.580000,0.367597,0.049530,0.429578,0.931504,-0.352663,-0.088897,0.005250,0.067950,2.151734,1.000000,-0.368662,2.412428
4.585000,0.367527,0.049987,0.429535,0.931588,-0.352391,-0.089111,0.004939,0.067946,2.153214,1.000000,-0.369966,2.418174
4.590000,0.367457,0.050444,0.429492,0.931672,-0.352118,-0.089326,0.004628,0.067942,2.154699,1.000000,-0.371319,2.423926
4.595000,0.367388,0.050901,0.429449,0.931755,-0.351846,-0.089540,0.004318,0.067938,2.156189,1.000000,-0.372712,2.429640
4.600000,0.367318,0.051357,0.429406,0.931839,-0.351574,-0.089755,0.004007,0.067935,2.157685,1.000000,-0.374145,2.435350
4.605000,0.367248,0.051815,0.429375,0.931934,-0.351278,-0.089940,0.003734,0.067931,2.159187,1.000000,-0.375614,2.441287
4.610000,0.367177,0.052273,0.429345,0.932029,-0.350982,-0.090124,0.003462,0.067927,2.160695,1.000000,-0.377128,2.447234
4.615000,0.367107,0.052730,0.429315,0.932123,-0.350685,-0.090309,0.003189,0.067923,2.162208,1.000000,-0.378686,2.453195
4.620000,0.367037,0.053188,0.429284,0.932218,-0.350389,-0.090493,0.002916,0.067919,2.163729,1.000000,-0.380287,2.459160
4.625000,0.366967,0.053645,0.429254,0.932312,-0.350092,-0.090678,0.002644,0.067915,2.165256,1.000000,-0.381926,2.465131
4.630000,0.366897,0.054103,0.429224,0.932406,-0.349796,-0.090863,0.002371,0.067911,2.166789,1.000000,-0.383605,2.471135
4.635000,0.366826,0.054560,0.429194,0.932500,-0.349499,-0.091047,0.002098,0.067907,2.168329,1.000000,-0.385317,2.477144
4.640000,0.366753,0.055018,0.429170,0.932609,-0.349170,-0.091196,0.001888,0.067902,2.169876,1.000000,-0.387036,2.483318
4.645000,0.366680,0.055476,0.429147,0.932718,-0.348840,-0.091345,0.001678,0.067898,2.171430,1.000000,-0.388774,2.489476
4.650000,0.366607,0.055934,0.429124,0.932827,-0.348511,-0.091495,0.001468,0.067894,2.172991,1.000000,-0.390540,2.495627
4.655000,0.366533,0.056392,0.429101,0.932936,-0.348182,-0.091644,0.001258,0.067890,2.174560,1.000000,-0.392339,2.501782
4.660000,0.366460,0.056850,0.429078,0.933044,-0.347852,-0.091793,0.001048,0.067885,2.176135,1.000000,-0.394169,2.507939
4.665000,0.366387,0.057308,0.429055,0.933153,-0.347523,-0.091942,0.000838,0.067881,2.177718,1.000000,-0.396031,2.514098
4.670000,0.366314,0.057766,0.429032,0.933261,-0.347193,-0.092091,0.000628,0.067877,2.179308,1.000000,-0.397922,2.520260
4.675000,0.366235,0.058221,0.429013,0.933383,-0.346835,-0.092208,0.000478,0.067872,2.180906,1.000000,-0.399789,2.526458
4.680000,0.366157,0.058677,0.428995,0.933504,-0.346477,-0.092325,0.000329,0.067868,2.182511,1.000000,-0.401657,2.532661
4.685000,0.366079,0.059133,0.428977,0.933625,-0.346119,-0.092442,0.000179,0.067863,2.184124,1.000000,-0.403538,2.538868
4.690000,0.366001,0.059588,0.428958,0.933746,-0.345760,-0.092559,0.000029,0.067859,2.185745,1.000000,-0.405438,2.545077
4.695000,0.365923,0.060044,0.428940,0.933867,-0.345402,-0.092677,-0.000121,0.067854,2.187373,1.000000,-0.407362,2.551299
4.700000,0.365845,0.060499,0.428922,0.933988,-0.345044,-0.092794,-0.000271,0.067850,2.189009,1.000000,-0.409309,2.557530
4.705000,0.365766,0.060955,0.428903,0.934109,-0.344685,-0.092911,-0.000421,0.067845,2.190652,1.000000,-0.411278,2.563763
4.710000,0.365685,0.061403,0.428886,0.934241,-0.344303,-0.093005,-0.000520,0.067841,2.192304,1.000000,-0.413192,2.569838
4.715000,0.365603,0.061851,0.428868,0.934372,-0.343920,-0.093098,-0.000619,0.067836,2.193963,1.000000,-0.415089,2.575937
4.720000,0.365521,0.062300,0.428851,0.934503,-0.343538,-0.093192,-0.000718,0.067831,2.195629,1.000000,-0.416983,2.582038
4.725000,0.365439,0.062748,0.428834,0.934635,-0.343155,-0.093286,-0.000817,0.067827,2.197303,1.000000,-0.418882,2.588137
4.730000,0.365358,0.063196,0.428816,0.934766,-0.342772,-0.093379,-0.000916,0.067822,2.198985,1.000000,-0.420788,2.594179
4.735000,0.365276,0.063645,0.428799,0.934896,-0.342390,-0.093473,-0.001015,0.067817,2.200675,1.000000,-0.422706,2.600222
4.740000,0.365190,0.064092,0.428779,0.935037,-0.341984,-0.093550,-0.001069,0.067812,2.202372,1.000000,-0.424606,2.606237
4.745000,0.365105,0.064539,0.428759,0.935178,-0.341578,-0.093627,-0.001124,0.067807,2.204076,1.000000,-0.426503,2.612294
4.750000,0.365019,0.064985,0.428739,0.935318,-0.341172,-0.093704,-0.001179,0.067802,2.205789,1.000000,-0.428404,2.618373
4.755000,0.364934,0.065432,0.428718,0.935458,-0.340766,-0.093781,-0.001234,0.067797,2.207508,1.000000,-0.430311,2.624453
4.760000,0.364848,0.065879,0.428698,0.935598,-0.340359,-0.093859,-0.001288,0.067792,2.209236,1.000000,-0.432227,2.630522
4.765000,0.364762,0.066325,0.428678,0.935738,-0.339953,-0.093936,-0.001343,0.067788,2.210971,1.000000,-0.434150,2.636557
4.770000,0.364677,0.066772,0.428658,0.935878,-0.339547,-0.094013,-0.001398,0.067783,2.212714,1.000000,-0.436082,2.642594
4.775000,0.364585,0.067231,0.428636,0.936025,-0.339123,-0.094083,-0.001430,0.067777,2.214465,1.000000,-0.438108,2.649055
4.780000,0.364493,0.067690,0.428614,0.936171,-0.338699,-0.094153,-0.001463,0.067772,2.216224,1.000000,-0.440175,2.655555
4.785000,0.364401,0.068148,0.428593,0.936317,-0.338275,-0.094223,-0.001496,0.067767,2.217992,1.000000,-0.442232,2.662060
4.790000,0.364309,0.068607,0.428571,0.936463,-0.337850,-0.094293,-0.001528,0.067762,2.219767,1.000000,-0.444242,2.668570
4.795000,0.364218,0.069066,0.428549,0.936609,-0.337426,-0.094363,-0.001561,0.067757,2.221551,1.000000,-0.446206,2.675075
4.800000,0.364126,0.069525,0.428527,0.936755,-0.337001,-0.094433,-0.001594,0.067752,2.223342,1.000000,-0.448131,2.681577
4.805000,0.364034,0.069983,0.428505,0.936901,-0.336577,-0.094503,-0.001627,0.067747,2.225141,1.000000,-0.450030,2.688080
4.810000,0.363937,0.070454,0.428483,0.937050,-0.336142,-0.094565,-0.001642,0.067741,2.226947,1.000000,-0.451985,2.695001
4.815000,0.363840,0.070924,0.428461,0.937200,-0.335708,-0.094628,-0.001657,0.067736,2.228762,1.000000,-0.453959,2.701960
4.820000,0.363743,0.071394,0.428439,0.937349,-0.335273,-0.094690,-0.001672,0.067731,2.230584,1.000000,-0.455951,2.708921
4.825000,0.363645,0.071864,0.428417,0.937498,-0.334839,-0.094752,-0.001688,0.067725,2.232415,1.000000,-0.457964,2.715887
4.830000,0.363548,0.072335,0.428394,0.937647,-0.334404,-0.094814,-0.001703,0.067720,2.234254,1.000000,-0.459995,2.722818
4.835000,0.363451,0.072805,0.428372,0.937795,-0.333969,-0.094876,-0.001718,0.067715,2.236100,1.000000,-0.462048,2.729734
4.840000,0.363354,0.073276,0.428350,0.937944,-0.333534,-0.094938,-0.001733,0.067710,2.237955,1.000000,-0.464123,2.736650
4.845000,0.363255,0.073741,0.428327,0.938091,-0.333107,-0.094988,-0.001719,0.067704,2.239819,1.000000,-0.466115,2.743374
4.850000,0.363155,0.074207,0.428304,0.938238,-0.332679,-0.095037,-0.001704,0.067699,2.241690,1.000000,-0.468066,2.750087
4.855000,0.363056,0.074673,0.428281,0.938384,-0.332251,-0.095086,-0.001690,0.067694,2.243568,1.000000,-0.470000,2.756802
4.860000,0.362956,0.075138,0.428257,0.938531,-0.331823,-0.095136,-0.001675,0.067688,2.245455,1.000000,-0.471931,2.763521
4.865000,0.362857,0.075604,0.428234,0.938677,-0.331394,-0.095185,-0.001661,0.067683,2.247349,1.000000,-0.473870,2.770288
4.870000,0.362758,0.076069,0.428211,0.938823,-0.330966,-0.095234,-0.001646,0.067678,2.249251,1.000000,-0.475818,2.777062
4.875000,0.362658,0.076535,0.428188,0.938969,-0.330538,-0.095283,-0.001632,0.067672,2.251161,1.000000,-0.477777,2.783841
4.880000,0.362559,0.076992,0.428165,0.939116,-0.330110,-0.095322,-0.001594,0.067667,2.253078,1.000000,-0.479645,2.790325
4.885000,0.362459,0.077450,0.428142,0.939262,-0.329682,-0.095360,-0.001557,0.067662,2.255003,1.000000,-0.481470,2.796779
4.890000,0.362359,0.077908,0.428119,0.939409,-0.329254,-0.095399,-0.001519,0.067656,2.256935,1.000000,-0.483274,2.803233
4.895000,0.362259,0.078365,0.428097,0.939555,-0.328826,-0.095437,-0.001482,0.067651,2.258874,1.000000,-0.485070,2.809696
4.900000,0.362160,0.078823,0.428074,0.939701,-0.328398,-0.095476,-0.001444,0.067646,2.260821,1.000000,-0.486867,2.816216
4.905000,0.362060,0.079280,0.428051,0.939846,-0.327969,-0.095514,-0.001407,0.067640,2.262774,1.000000,-0.488664,2.822737
4.910000,0.361961,0.079730,0.428030,0.939988,-0.327552,-0.095553,-0.001374,0.067635,2.264735,1.000000,-0.490383,2.828987
4.915000,0.361862,0.080180,0.428009,0.940130,-0.327134,-0.095591,-0.001340,0.067630,2.266702,1.000000,-0.492062,2.835211
4.920000,0.361762,0.080629,0.427988,0.940271,-0.326717,-0.095629,-0.001307,0.067625,2.268676,1.000000,-0.493717,2.841421
4.925000,0.361663,0.081079,0.427967,0.940412,-0.326299,-0.095668,-0.001274,0.067619,2.270657,1.000000,-0.495354,2.847631
4.930000,0.361564,0.081529,0.427945,0.940553,-0.325881,-0.095706,-0.001241,0.067614,2.272644,1.000000,-0.496979,2.853844
4.935000,0.361465,0.081979,0.427924,0.940694,-0.325464,-0.095744,-0.001208,0.067609,2.274637,1.000000,-0.498595,2.860058
4.940000,0.361366,0.082429,0.427903,0.940835,-0.325046,-0.095783,-0.001174,0.067603,2.276637,1.000000,-0.500202,2.866270
4.945000,0.361266,0.082875,0.427885,0.940966,-0.324651,-0.095830,-0.001168,0.067598,2.278644,1.000000,-0.501754,2.872351
4.950000,0.361167,0.083322,0.427866,0.941097,-0.324257,-0.095877,-0.001161,0.067593,2.280656,1.000000,-0.503279,2.878486
4.955000,0.361067,0.083768,0.427848,0.941228,-0.323862,-0.095925,-0.001155,0.067588,2.282674,1.000000,-0.504778,2.884629
4.960000,0.360968,0.084215,0.427830,0.941359,-0.323467,-0.095972,-0.001148,0.067582,2.284699,1.000000,-0.506254,2.890777
4.965000,0.360868,0.084661,0.427811,0.941490,-0.323073,-0.096019,-0.001141,0.067577,2.286729,1.000000,-0.507706,2.896903
4.970000,0.360769,0.085108,0.427793,0.941620,-0.322678,-0.096066,-0.001135,0.067572,2.288765,1.000000,-0.509136,2.902998
4.975000,0.360669,0.085554,0.427775,0.941751,-0.322283,-0.096114,-0.001128,0.067567,2.290807,1.000000,-0.510548,2.909090
4.980000,0.360569,0.085997,0.427756,0.941877,-0.321899,-0.096166,-0.001131,0.067561,2.292854,1.000000,-0.511896,2.915022
4.985000,0.360469,0.086440,0.427736,0.942003,-0.321515,-0.096217,-0.001133,0.067556,2.294906,1.000000,-0.513203,2.920954
4.990000,0.360370,0.086882,0.427717,0.942129,-0.321130,-0.096269,-0.001136,0.067551,2.296964,1.000000,-0.514477,2.926884
4.995000,0.360270,0.087325,0.427698,0.942254,-0.320746,-0.096321,-0.001138,0.067546,2.299027,1.000000,-0.515722,2.932819
5.000000,0.360170,0.087768,0.427679,0.942380,-0.320362,-0.096373,-0.001141,0.067541,2.301094,1.000000,-0.516942,2.938751
5.005000,0.360070,0.088210,0.427660,0.942505,-0.319977,-0.096425,-0.001143,0.067535,2.303166,1.000000,-0.518139,2.944680
5.010000,0.359970,0.088653,0.427641,0.942630,-0.319593,-0.096476,-0.001146,0.067530,2.305243,1.000000,-0.519314,2.950607
5.015000,0.359873,0.089073,0.427619,0.942743,-0.319240,-0.096536,-0.001158,0.067525,2.307325,1.000000,-0.520224,2.955674
5.020000,0.359777,0.089493,0.427597,0.942857,-0.318887,-0.096596,-0.001171,0.067520,2.309409,1.000000,-0.521003,2.960783
5.025000,0.359681,0.089913,0.427575,0.942970,-0.318535,-0.096656,-0.001184,0.067515,2.311496,1.000000,-0.521681,2.965890
5.030000,0.359585,0.090333,0.427553,0.943083,-0.318182,-0.096716,-0.001196,0.067510,2.313586,1.000000,-0.522282,2.971001
5.035000,0.359488,0.090753,0.427531,0.943195,-0.317829,-0.096775,-0.001209,0.067506,2.315678,1.000000,-0.522817,2.976072
5.040000,0.359392,0.091173,0.427509,0.943308,-0.317477,-0.096835,-0.001222,0.067500,2.317772,1.000000,-0.523299,2.981130
5.045000,0.359296,0.091593,0.427486,0.943421,-0.317124,-0.096895,-0.001234,0.067496,2.319867,1.000000,-0.523738,2.986192
5.050000,0.359199,0.092004,0.427463,0.943522,-0.316797,-0.096974,-0.001280,0.067491,2.321965,1.000000,-0.524046,2.990887
5.055000,0.359103,0.092416,0.427439,0.943623,-0.316471,-0.097052,-0.001325,0.067486,2.324063,1.000000,-0.524277,2.995585
5.060000,0.359007,0.092827,0.427416,0.943725,-0.316145,-0.097131,-0.001371,0.067481,2.326162,1.000000,-0.524442,3.000279
5.065000,0.358911,0.093238,0.427392,0.943826,-0.315818,-0.097209,-0.001417,0.067476,2.328261,1.000000,-0.524553,3.004978
5.070000,0.358815,0.093650,0.427369,0.943927,-0.315492,-0.097288,-0.001462,0.067472,2.330361,1.000000,-0.524614,3.009671
5.075000,0.358718,0.094061,0.427345,0.944028,-0.315165,-0.097367,-0.001508,0.067467,2.332461,1.000000,-0.524632,3.014360
5.080000,0.358620,0.094471,0.427320,0.944130,-0.314835,-0.097447,-0.001551,0.067462,2.334561,1.000000,-0.524602,3.018986
5.085000,0.358522,0.094880,0.427295,0.944231,-0.314505,-0.097527,-0.001594,0.067457,2.336661,1.000000,-0.524532,3.023650
5.090000,0.358424,0.095289,0.427270,0.944333,-0.314175,-0.097608,-0.001637,0.067452,2.338760,1.000000,-0.524429,3.028339
5.095000,0.358326,0.095699,0.427245,0.944434,-0.313844,-0.097688,-0.001681,0.067448,2.340859,1.000000,-0.524294,3.033023
5.100000,0.358227,0.096108,0.427219,0.944535,-0.313514,-0.097768,-0.001724,0.067443,2.342957,1.000000,-0.524131,3.037703
5.105000,0.358129,0.096517,0.427194,0.944637,-0.313184,-0.097849,-0.001767,0.067438,2.345054,1.000000,-0.523938,3.042337
5.110000,0.358031,0.096927,0.427169,0.944738,-0.312853,-0.097929,-0.001811,0.067433,2.347151,1.000000,-0.523723,3.046967
5.115000,0.357936,0.097314,0.427139,0.944843,-0.312517,-0.097987,-0.001799,0.067428,2.349246,1.000000,-0.523257,3.050825
5.120000,0.357840,0.097702,0.427109,0.944948,-0.312181,-0.098045,-0.001787,0.067423,2.351339,1.000000,-0.522653,3.054695
5.125000,0.357745,0.098090,0.427079,0.945053,-0.311844,-0.098103,-0.001775,0.067418,2.353429,1.000000,-0.521956,3.058563
5.130000,0.357649,0.098477,0.427049,0.945158,-0.311508,-0.098161,-0.001764,0.067414,2.355517,1.000000,-0.521198,3.062437
5.135000,0.357553,0.098865,0.427019,0.945263,-0.311171,-0.098219,-0.001752,0.067409,2.357601,1.000000,-0.520398,3.066315
5.140000,0.357458,0.099252,0.426990,0.945368,-0.310834,-0.098277,-0.001740,0.067404,2.359682,1.000000,-0.519569,3.070198
5.145000,0.357362,0.099640,0.426960,0.945473,-0.310498,-0.098335,-0.001728,0.067399,2.361759,1.000000,-0.518719,3.074076
5.150000,0.357270,0.100009,0.426922,0.945581,-0.310155,-0.098376,-0.001666,0.067394,2.363833,1.000000,-0.517658,3.077281
5.155000,0.357177,0.100379,0.426885,0.945689,-0.309812,-0.098417,-0.001603,0.067389,2.365902,1.000000,-0.516483,3.080504
5.160000,0.357084,0.100748,0.426848,0.945797,-0.309469,-0.098458,-0.001541,0.067384,2.367966,1.000000,-0.515236,3.083723
5.165000,0.356991,0.101117,0.426811,0.945905,-0.309126,-0.098499,-0.001478,0.067379,2.370025,1.000000,-0.513946,3.086948
5.170000,0.356898,0.101486,0.426774,0.946013,-0.308783,-0.098540,-0.001416,0.067375,2.372078,1.000000,-0.512630,3.090173
5.175000,0.356805,0.101855,0.426737,0.946121,-0.308440,-0.098581,-0.001353,0.067370,2.374127,1.000000,-0.511301,3.093397
5.180000,0.356712,0.102225,0.426700,0.946229,-0.308097,-0.098622,-0.001291,0.067365,2.376170,1.000000,-0.509967,3.096617
5.185000,0.356621,0.102583,0.426657,0.946339,-0.307748,-0.098656,-0.001205,0.067360,2.378207,1.000000,-0.508536,3.099439
5.190000,0.356530,0.102941,0.426615,0.946449,-0.307399,-0.098690,-0.001119,0.067355,2.380239,1.000000,-0.507059,3.102267
5.195000,0.356439,0.103299,0.426572,0.946558,-0.307050,-0.098724,-0.001033,0.067350,2.382265,1.000000,-0.505559,3.105090
5.200000,0.356348,0.103658,0.426530,0.946668,-0.306701,-0.098759,-0.000946,0.067345,2.384284,1.000000,-0.504051,3.107920
5.205000,0.356257,0.104016,0.426487,0.946777,-0.306352,-0.098793,-0.000860,0.067340,2.386298,1.000000,-0.502546,3.110757
5.210000,0.356166,0.104374,0.426445,0.946887,-0.306003,-0.098827,-0.000774,0.067335,2.388306,1.000000,-0.501048,3.113591
5.215000,0.356075,0.104733,0.426402,0.946996,-0.305654,-0.098861,-0.000688,0.067330,2.390307,1.000000,-0.499566,3.116432
5.220000,0.355988,0.105084,0.426356,0.947109,-0.305299,-0.098878,-0.000584,0.067325,2.392303,1.000000,-0.498047,3.119007
5.225000,0.355901,0.105435,0.426310,0.947221,-0.304944,-0.098896,-0.000479,0.067320,2.394293,1.000000,-0.496527,3.121579
5.230000,0.355814,0.105786,0.426264,0.947334,-0.304589,-0.098913,-0.000375,0.067315,2.396276,1.000000,-0.495016,3.124146
5.235000,0.355727,0.106137,0.426218,0.947446,-0.304234,-0.098930,-0.000270,0.067310,2.398253,1.000000,-0.493523,3.126721
5.240000,0.355640,0.106488,0.426172,0.947558,-0.303879,-0.098947,-0.000166,0.067305,2.400225,1.000000,-0.492046,3.129248
5.245000,0.355552,0.106839,0.426125,0.947670,-0.303524,-0.098965,-0.000061,0.067300,2.402191,1.000000,-0.490593,3.131769
5.250000,0.355472,0.107184,0.426075,0.947784,-0.303171,-0.098957,0.000061,0.067295,2.404150,1.000000,-0.489108,3.134022
5.255000,0.355391,0.107528,0.426025,0.947898,-0.302817,-0.098950,0.000182,0.067290,2.406104,1.000000,-0.487631,3.136314
5.260000,0.355310,0.107872,0.425974,0.948011,-0.302464,-0.098943,0.000304,0.067285,2.408052,1.000000,-0.486172,3.138633
5.265000,0.355229,0.108216,0.425924,0.948125,-0.302110,-0.098936,0.000425,0.067280,2.409994,1.000000,-0.484735,3.140947
5.270000,0.355148,0.108560,0.425874,0.948238,-0.301756,-0.098929,0.000547,0.067275,2.411931,1.000000,-0.483325,3.143268
5.275000,0.355067,0.108905,0.425824,0.948351,-0.301403,-0.098922,0.000668,0.067270,2.413862,1.000000,-0.481942,3.145590
5.280000,0.354986,0.109249,0.425773,0.948465,-0.301049,-0.098915,0.000790,0.067264,2.415787,1.000000,-0.480589,3.147906
5.285000,0.354912,0.109583,0.425721,0.948578,-0.300701,-0.098886,0.000918,0.067259,2.417707,1.000000,-0.479189,3.149856
5.290000,0.354837,0.109917,0.425669,0.948691,-0.300353,-0.098857,0.001046,0.067254,2.419621,1.000000,-0.477791,3.151814
5.295000,0.354763,0.110252,0.425616,0.948804,-0.300006,-0.098828,0.001174,0.067249,2.421530,1.000000,-0.476406,3.153768
5.300000,0.354688,0.110586,0.425564,0.948916,-0.299658,-0.098799,0.001303,0.067244,2.423433,1.000000,-0.475041,3.155731
5.305000,0.354614,0.110920,0.425511,0.949029,-0.299310,-0.098770,0.001431,0.067239,2.425331,1.000000,-0.473701,3.157701
5.310000,0.354539,0.111255,0.425459,0.949141,-0.298962,-0.098742,0.001559,0.067234,2.427223,1.000000,-0.472387,3.159678
5.315000,0.354465,0.111589,0.425407,0.949254,-0.298614,-0.098713,0.001687,0.067229,2.429111,1.000000,-0.471101,3.161651
5.320000,0.354395,0.111918,0.425353,0.949367,-0.298269,-0.098670,0.001815,0.067224,2.430993,1.000000,-0.469820,3.163443
5.325000,0.354325,0.112248,0.425298,0.949479,-0.297923,-0.098627,0.001942,0.067219,2.432870,1.000000,-0.468567,3.165246
5.330000,0.354255,0.112577,0.425244,0.949592,-0.297578,-0.098584,0.002070,0.067214,2.434742,1.000000,-0.467343,3.167044
5.335000,0.354185,0.112906,0.425190,0.949704,-0.297232,-0.098541,0.002198,0.067209,2.436609,1.000000,-0.466151,3.168852
5.340000,0.354115,0.113236,0.425136,0.949816,-0.296887,-0.098498,0.002326,0.067203,2.438472,1.000000,-0.464989,3.170667
5.345000,0.354045,0.113565,0.425082,0.949928,-0.296541,-0.098455,0.002453,0.067198,2.440330,1.000000,-0.463860,3.172488
5.350000,0.353975,0.113895,0.425028,0.950040,-0.296196,-0.098412,0.002581,0.067193,2.442183,1.000000,-0.462761,3.174304
5.355000,0.353910,0.114231,0.424968,0.950155,-0.295846,-0.098352,0.002705,0.067188,2.444033,1.000000,-0.461796,3.176347
5.360000,0.353845,0.114568,0.424909,0.950270,-0.295495,-0.098292,0.002830,0.067183,2.445879,1.000000,-0.460929,3.178393
5.365000,0.353781,0.114904,0.424849,0.950385,-0.295145,-0.098232,0.002954,0.067177,2.447722,1.000000,-0.460140,3.180434
5.370000,0.353716,0.115241,0.424789,0.950499,-0.294794,-0.098172,0.003079,0.067172,2.449561,1.000000,-0.459417,3.182484
5.375000,0.353651,0.115578,0.424729,0.950614,-0.294444,-0.098112,0.003203,0.067167,2.451398,1.000000,-0.458750,3.184553
5.380000,0.353586,0.115914,0.424670,0.950728,-0.294093,-0.098052,0.003328,0.067162,2.453232,1.000000,-0.458132,3.186620
5.385000,0.353521,0.116251,0.424610,0.950842,-0.293743,-0.097992,0.003452,0.067156,2.455064,1.000000,-0.457560,3.188697
5.390000,0.353473,0.116600,0.424547,0.950964,-0.293387,-0.097871,0.003553,0.067151,2.456895,1.000000,-0.457247,3.191137
5.395000,0.353426,0.116948,0.424485,0.951086,-0.293031,-0.097751,0.003655,0.067146,2.458724,1.000000,-0.457138,3.193545
5.400000,0.353378,0.117297,0.424423,0.951208,-0.292674,-0.097630,0.003756,0.067140,2.460554,1.000000,-0.457178,3.195949
5.405000,0.353331,0.117645,0.424360,0.951329,-0.292318,-0.097509,0.003857,0.067135,2.462384,1.000000,-0.457328,3.198364
5.410000,0.353283,0.117994,0.424298,0.951451,-0.291962,-0.097389,0.003959,0.067129,2.464214,1.000000,-0.457565,3.200855
5.415000,0.353236,0.118342,0.424235,0.951572,-0.291605,-0.097268,0.004060,0.067124,2.466046,1.000000,-0.457865,3.203340
5.420000,0.353210,0.118699,0.424176,0.951701,-0.291249,-0.097069,0.004126,0.067118,2.467880,1.000000,-0.458426,3.206104
5.425000,0.353184,0.119055,0.424117,0.951830,-0.290894,-0.096869,0.004192,0.067112,2.469716,1.000000,-0.459201,3.208844
5.430000,0.353158,0.119412,0.424058,0.951958,-0.290538,-0.096670,0.004257,0.067107,2.471556,1.000000,-0.460118,3.211571
5.435000,0.353133,0.119768,0.423999,0.952087,-0.290182,-0.096471,0.004323,0.067101,2.473400,1.000000,-0.461125,3.214293
5.440000,0.353107,0.120125,0.423940,0.952215,-0.289826,-0.096272,0.004389,0.067095,2.475248,1.000000,-0.462196,3.217031
5.445000,0.353081,0.120481,0.423881,0.952343,-0.289469,-0.096072,0.004455,0.067090,2.477100,1.000000,-0.463312,3.219787
5.450000,0.353055,0.120838,0.423822,0.952471,-0.289113,-0.095873,0.004521,0.067084,2.478957,1.000000,-0.464459,3.222539
5.455000,0.353028,0.121204,0.423760,0.952603,-0.288747,-0.095667,0.004589,0.067078,2.480819,1.000000,-0.465734,3.225641
5.460000,0.353001,0.121570,0.423697,0.952734,-0.288381,-0.095461,0.004658,0.067072,2.482686,1.000000,-0.467087,3.228764
5.465000,0.352975,0.121936,0.423635,0.952865,-0.288014,-0.095254,0.004726,0.067066,2.484559,1.000000,-0.468493,3.231884
5.470000,0.352948,0.122303,0.423573,0.952996,-0.287648,-0.095048,0.004794,0.067061,2.486438,1.000000,-0.469942,3.235017
5.475000,0.352921,0.122669,0.423510,0.953127,-0.287281,-0.094842,0.004863,0.067055,2.488322,1.000000,-0.471423,3.238167
5.480000,0.352894,0.123035,0.423448,0.953258,-0.286914,-0.094635,0.004931,0.067049,2.490212,1.000000,-0.472930,3.241335
5.485000,0.352867,0.123401,0.423386,0.953388,-0.286548,-0.094429,0.004999,0.067043,2.492109,1.000000,-0.474456,3.244497
5.490000,0.352819,0.123772,0.423310,0.953516,-0.286167,-0.094288,0.005106,0.067037,2.494011,1.000000,-0.475923,3.247812
5.495000,0.352771,0.124143,0.423234,0.953643,-0.285787,-0.094148,0.005214,0.067031,2.495919,1.000000,-0.477305,3.251108
5.500000,0.352723,0.124515,0.423157,0.953770,-0.285407,-0.094007,0.005321,0.067025,2.497833,1.000000,-0.478636,3.254398
5.505000,0.352675,0.124886,0.423081,0.953897,-0.285027,-0.093866,0.005428,0.067019,2.499751,1.000000,-0.479946,3.257701
5.510000,0.352627,0.125257,0.423005,0.954024,-0.284646,-0.093726,0.005535,0.067013,2.501675,1.000000,-0.481248,3.260996
5.515000,0.352579,0.125628,0.422929,0.954150,-0.284266,-0.093585,0.005642,0.067007,2.503605,1.000000,-0.482556,3.264281
5.520000,0.352531,0.125999,0.422853,0.954277,-0.283885,-0.093445,0.005749,0.067001,2.505539,1.000000,-0.483881,3.267579
5.525000,0.352465,0.126369,0.422764,0.954398,-0.283500,-0.093367,0.005887,0.066995,2.507479,1.000000,-0.485094,3.270777
5.530000,0.352399,0.126738,0.422674,0.954519,-0.283115,-0.093290,0.006025,0.066989,2.509423,1.000000,-0.486210,3.273974
5.535000,0.352333,0.127108,0.422585,0.954640,-0.282729,-0.093213,0.006163,0.066983,2.511372,1.000000,-0.487272,3.277166
5.540000,0.352268,0.127477,0.422495,0.954761,-0.282343,-0.093136,0.006302,0.066977,2.513324,1.000000,-0.488313,3.280372
5.545000,0.352202,0.127847,0.422406,0.954881,-0.281957,-0.093060,0.006440,0.066972,2.515281,1.000000,-0.489356,3.283608
5.550000,0.352136,0.128216,0.422316,0.955002,-0.281571,-0.092983,0.006578,0.066966,2.517242,1.000000,-0.490413,3.286839
5.555000,0.352070,0.128586,0.422227,0.955122,-0.281185,-0.092906,0.006716,0.066960,2.519208,1.000000,-0.491496,3.290085
5.560000,0.351996,0.128958,0.422129,0.955240,-0.280797,-0.092857,0.006870,0.066954,2.521177,1.000000,-0.492573,3.293412
5.565000,0.351921,0.129329,0.422031,0.955358,-0.280409,-0.092809,0.007023,0.066948,2.523151,1.000000,-0.493640,3.296761
5.570000,0.351847,0.129701,0.421932,0.955475,-0.280021,-0.092760,0.007177,0.066942,2.525130,1.000000,-0.494713,3.300105
5.575000,0.351772,0.130073,0.421834,0.955592,-0.279632,-0.092711,0.007330,0.066936,2.527112,1.000000,-0.495807,3.303461
5.580000,0.351697,0.130445,0.421736,0.955709,-0.279244,-0.092663,0.007484,0.066930,2.529099,1.000000,-0.496929,3.306807
5.585000,0.351623,0.130817,0.421638,0.955826,-0.278856,-0.092614,0.007637,0.066924,2.531091,1.000000,-0.498082,3.310148
5.590000,0.351555,0.131189,0.421536,0.955943,-0.278475,-0.092544,0.007779,0.066918,2.533087,1.000000,-0.499314,3.313506
5.595000,0.351488,0.131562,0.421435,0.956059,-0.278095,-0.092474,0.007922,0.066912,2.535089,1.000000,-0.500622,3.316895
5.600000,0.351420,0.131935,0.421334,0.956175,-0.277715,-0.092404,0.008064,0.066906,2.537096,1.000000,-0.501990,3.320285
5.605000,0.351353,0.132308,0.421232,0.956291,-0.277334,-0.092334,0.008206,0.066900,2.539108,1.000000,-0.503410,3.323691
5.610000,0.351285,0.132680,0.421131,0.956407,-0.276954,-0.092264,0.008348,0.066894,2.541127,1.000000,-0.504872,3.327097
5.615000,0.351218,0.133053,0.421029,0.956522,-0.276574,-0.092194,0.008491,0.066888,2.543151,1.000000,-0.506369,3.330497
5.620000,0.351150,0.133426,0.420928,0.956638,-0.276193,-0.092124,0.008633,0.066882,2.545181,1.000000,-0.507895,3.333891
5.625000,0.351107,0.133801,0.420830,0.956759,-0.275821,-0.091976,0.008734,0.066876,2.547218,1.000000,-0.509629,3.337353
5.630000,0.351064,0.134176,0.420731,0.956879,-0.275449,-0.091828,0.008834,0.066870,2.549262,1.000000,-0.511554,3.340850
5.635000,0.351022,0.134550,0.420633,0.956999,-0.275077,-0.091680,0.008935,0.066863,2.551315,1.000000,-0.513602,3.344342
5.640000,0.350979,0.134925,0.420535,0.957119,-0.274705,-0.091532,0.009036,0.066857,2.553375,1.000000,-0.515732,3.347852
5.645000,0.350936,0.135300,0.420436,0.957239,-0.274333,-0.091384,0.009137,0.066851,2.555445,1.000000,-0.517912,3.351375
5.650000,0.350893,0.135675,0.420338,0.957359,-0.273961,-0.091236,0.009238,0.066845,2.557523,1.000000,-0.520119,3.354908
5.655000,0.350850,0.136049,0.420239,0.957478,-0.273589,-0.091088,0.009339,0.066838,2.559610,1.000000,-0.522334,3.358436
5.660000,0.350826,0.136433,0.420144,0.957606,-0.273212,-0.090873,0.009406,0.066832,2.561706,1.000000,-0.524789,3.362298
5.665000,0.350801,0.136816,0.420049,0.957733,-0.272836,-0.090658,0.009473,0.066825,2.563813,1.000000,-0.527422,3.366171
5.670000,0.350777,0.137200,0.419954,0.957860,-0.272459,-0.090442,0.009540,0.066819,2.565930,1.000000,-0.530162,3.370040
5.675000,0.350752,0.137583,0.419858,0.957987,-0.272082,-0.090227,0.009607,0.066812,2.568059,1.000000,-0.532963,3.373925
5.680000,0.350728,0.137967,0.419763,0.958113,-0.271705,-0.090012,0.009674,0.066806,2.570199,1.000000,-0.535790,3.377829
5.685000,0.350703,0.138350,0.419668,0.958240,-0.271328,-0.089797,0.009741,0.066799,2.572350,1.000000,-0.538616,3.381730
5.690000,0.350679,0.138734,0.419573,0.958366,-0.270950,-0.089582,0.009808,0.066793,2.574513,1.000000,-0.541428,3.385647
5.695000,0.350655,0.139122,0.419477,0.958493,-0.270569,-0.089364,0.009862,0.066786,2.576686,1.000000,-0.544295,3.389755
5.700000,0.350631,0.139510,0.419382,0.958621,-0.270187,-0.089147,0.009916,0.066779,2.578872,1.000000,-0.547182,3.393874
5.705000,0.350607,0.139899,0.419286,0.958748,-0.269805,-0.088929,0.009970,0.066773,2.581069,1.000000,-0.550061,3.397988
5.710000,0.350583,0.140287,0.419191,0.958875,-0.269423,-0.088711,0.010024,0.066766,2.583277,1.000000,-0.552920,3.402117
5.715000,0.350559,0.140676,0.419095,0.959002,-0.269040,-0.088494,0.010078,0.066759,2.585497,1.000000,-0.555747,3.406244
5.720000,0.350535,0.141064,0.419000,0.959128,-0.268658,-0.088276,0.010132,0.066752,2.587728,1.000000,-0.558534,3.410365
5.725000,0.350511,0.141452,0.418904,0.959255,-0.268276,-0.088059,0.010185,0.066746,2.589970,1.000000,-0.561279,3.414504
5.730000,0.350495,0.141840,0.418808,0.959380,-0.267901,-0.087830,0.010211,0.066739,2.592223,1.000000,-0.564028,3.418599
5.735000,0.350480,0.142227,0.418712,0.959506,-0.267526,-0.087600,0.010237,0.066732,2.594487,1.000000,-0.566778,3.422688
5.740000,0.350464,0.142615,0.418616,0.959631,-0.267151,-0.087371,0.010263,0.066726,2.596762,1.000000,-0.569513,3.426795
5.745000,0.350448,0.143002,0.418520,0.959756,-0.266777,-0.087142,0.010289,0.066719,2.599048,1.000000,-0.572218,3.430925
5.750000,0.350432,0.143390,0.418424,0.959880,-0.266401,-0.086913,0.010315,0.066712,2.601345,1.000000,-0.574883,3.435087
5.755000,0.350417,0.143777,0.418328,0.960005,-0.266026,-0.086684,0.010341,0.066706,2.603652,1.000000,-0.577499,3.439243
5.760000,0.350422,0.144166,0.418237,0.960133,-0.265661,-0.086386,0.010327,0.066699,2.605970,1.000000,-0.580237,3.443490
5.765000,0.350428,0.144556,0.418146,0.960261,-0.265296,-0.086089,0.010312,0.066692,2.608299,1.000000,-0.583074,3.447706
5.770000,0.350434,0.144946,0.418054,0.960388,-0.264931,-0.085792,0.010298,0.066685,2.610640,1.000000,-0.585955,3.451916
5.775000,0.350440,0.145335,0.417963,0.960516,-0.264565,-0.085495,0.010283,0.066679,2.612992,1.000000,-0.588847,3.456147
5.780000,0.350446,0.145725,0.417872,0.960643,-0.264200,-0.085197,0.010269,0.066672,2.615355,1.000000,-0.591719,3.460378
5.785000,0.350452,0.146114,0.417780,0.960770,-0.263835,-0.084900,0.010255,0.066665,2.617731,1.000000,-0.594554,3.464610
5.790000,0.350458,0.146504,0.417689,0.960896,-0.263469,-0.084603,0.010240,0.066658,2.620117,1.000000,-0.597339,3.468837
5.795000,0.350469,0.146895,0.417595,0.961023,-0.263101,-0.084306,0.010231,0.066651,2.622514,1.000000,-0.600097,3.473144
5.800000,0.350480,0.147286,0.417502,0.961150,-0.262734,-0.084008,0.010222,0.066645,2.624923,1.000000,-0.602813,3.477494
5.805000,0.350491,0.147678,0.417408,0.961277,-0.262366,-0.083710,0.010213,0.066638,2.627342,1.000000,-0.605475,3.481840
5.810000,0.350502,0.148069,0.417314,0.961403,-0.261998,-0.083413,0.010203,0.066631,2.629771,1.000000,-0.608081,3.486206
5.815000,0.350513,0.148460,0.417221,0.961529,-0.261630,-0.083115,0.010194,0.066624,2.632211,1.000000,-0.610624,3.490552
5.820000,0.350524,0.148851,0.417127,0.961655,-0.261262,-0.082817,0.010185,0.066617,2.634661,1.000000,-0.613101,3.494883
5.825000,0.350535,0.149242,0.417033,0.961780,-0.260894,-0.082520,0.010176,0.066610,2.637121,1.000000,-0.615517,3.499234
5.830000,0.350545,0.149636,0.416931,0.961904,-0.260521,-0.082254,0.010173,0.066603,2.639590,1.000000,-0.617873,3.503671
5.835000,0.350556,0.150029,0.416828,0.962028,-0.260148,-0.081987,0.010170,0.066596,2.642069,1.000000,-0.620158,3.508138
5.840000,0.350566,0.150423,0.416726,0.962152,-0.259774,-0.081721,0.010167,0.066589,2.644556,1.000000,-0.622372,3.512599
5.845000,0.350577,0.150816,0.416624,0.962275,-0.259401,-0.081455,0.010164,0.066582,2.647052,1.000000,-0.624524,3.517080
5.850000,0.350587,0.151209,0.416521,0.962398,-0.259028,-0.081188,0.010160,0.066575,2.649557,1.000000,-0.626614,3.521523
5.855000,0.350598,0.151603,0.416418,0.962521,-0.258655,-0.080921,0.010157,0.066567,2.652070,1.000000,-0.628644,3.525956
5.860000,0.350609,0.151997,0.416316,0.962643,-0.258282,-0.080655,0.010154,0.066560,2.654591,1.000000,-0.630624,3.530408
5.865000,0.350623,0.152397,0.416211,0.962768,-0.257907,-0.080367,0.010126,0.066553,2.657120,1.000000,-0.632708,3.535155
5.870000,0.350638,0.152798,0.416106,0.962893,-0.257533,-0.080079,0.010097,0.066546,2.659657,1.000000,-0.634853,3.539931
5.875000,0.350653,0.153198,0.416001,0.963017,-0.257158,-0.079791,0.010068,0.066538,2.662204,1.000000,-0.637020,3.544700
5.880000,0.350668,0.153599,0.415896,0.963141,-0.256783,-0.079503,0.010040,0.066531,2.664758,1.000000,-0.639192,3.549479
5.885000,0.350683,0.153999,0.415791,0.963265,-0.256408,-0.079215,0.010011,0.066523,2.667322,1.000000,-0.641352,3.554235
5.890000,0.350698,0.154400,0.415686,0.963389,-0.256034,-0.078926,0.009982,0.066516,2.669894,1.000000,-0.643489,3.558984
5.895000,0.350713,0.154801,0.415582,0.963512,-0.255659,-0.078638,0.009954,0.066508,2.672475,1.000000,-0.645603,3.563751
5.900000,0.350720,0.155200,0.415471,0.963633,-0.255283,-0.078384,0.009933,0.066501,2.675064,1.000000,-0.647610,3.568497
5.905000,0.350727,0.155599,0.415361,0.963753,-0.254906,-0.078131,0.009913,0.066493,2.677660,1.000000,-0.649516,3.573240
5.910000,0.350733,0.155999,0.415251,0.963873,-0.254530,-0.077877,0.009893,0.066486,2.680264,1.000000,-0.651347,3.578001
5.915000,0.350740,0.156398,0.415142,0.963994,-0.254153,-0.077623,0.009872,0.066478,2.682876,1.000000,-0.653116,3.582757
5.920000,0.350747,0.156797,0.415032,0.964113,-0.253776,-0.077369,0.009852,0.066471,2.685494,1.000000,-0.654833,3.587509
5.925000,0.350754,0.157196,0.414922,0.964233,-0.253399,-0.077115,0.009831,0.066463,2.688119,1.000000,-0.656507,3.592253
5.930000,0.350760,0.157590,0.414807,0.964349,-0.253027,-0.076892,0.009815,0.066456,2.690750,1.000000,-0.658040,3.596774
5.935000,0.350766,0.157983,0.414693,0.964464,-0.252655,-0.076668,0.009798,0.066449,2.693387,1.000000,-0.659467,3.601241
5.940000,0.350773,0.158377,0.414579,0.964580,-0.252282,-0.076445,0.009782,0.066442,2.696030,1.000000,-0.660818,3.605703
5.945000,0.350779,0.158770,0.414465,0.964695,-0.251910,-0.076222,0.009765,0.066434,2.698678,1.000000,-0.662114,3.610187
5.950000,0.350785,0.159164,0.414351,0.964810,-0.251536,-0.075999,0.009748,0.066427,2.701331,1.000000,-0.663364,3.614685
5.955000,0.350791,0.159557,0.414237,0.964926,-0.251161,-0.075776,0.009731,0.066420,2.703989,1.000000,-0.664580,3.619179
5.960000,0.350798,0.159951,0.414124,0.965041,-0.250787,-0.075553,0.009714,0.066413,2.706652,1.000000,-0.665772,3.623697
5.965000,0.350803,0.160344,0.414008,0.965155,-0.250413,-0.075339,0.009696,0.066407,2.709319,1.000000,-0.666931,3.628230
5.970000,0.350809,0.160738,0.413893,0.965269,-0.250038,-0.075125,0.009678,0.066400,2.711991,1.000000,-0.668065,3.632772
5.975000,0.350814,0.161132,0.413778,0.965383,-0.249662,-0.074911,0.009659,0.066393,2.714668,1.000000,-0.669177,3.637311
5.980000,0.350820,0.161525,0.413663,0.965497,-0.249287,-0.074696,0.009641,0.066386,2.717349,1.000000,-0.670276,3.641872
5.985000,0.350825,0.161919,0.413548,0.965610,-0.248910,-0.074483,0.009623,0.066380,2.720034,1.000000,-0.671355,3.646421
5.990000,0.350831,0.162313,0.413433,0.965724,-0.248533,-0.074270,0.009604,0.066373,2.722723,1.000000,-0.672422,3.650968
5.995000,0.350836,0.162706,0.413318,0.965838,-0.248156,-0.074056,0.009586,0.066367,2.725417,1.000000,-0.673482,3.655539
6.000000,0.350820,0.163105,0.413197,0.965948,-0.247765,-0.073921,0.009603,0.066360,2.728115,1.000000,-0.674395,3.660231
6.005000,0.350803,0.163503,0.413077,0.966059,-0.247373,-0.073786,0.009620,0.066354,2.730816,1.000000,-0.675166,3.664910
6.010000,0.350786,0.163902,0.412956,0.966169,-0.246981,-0.073651,0.009638,0.066347,2.733520,1.000000,-0.675842,3.669582
6.015000,0.350769,0.164300,0.412836,0.966279,-0.246589,-0.073516,0.009655,0.066340,2.736226,1.000000,-0.676464,3.674278
6.020000,0.350753,0.164698,0.412714,0.966389,-0.246198,-0.073381,0.009672,0.066334,2.738935,1.000000,-0.677056,3.679023
6.025000,0.350736,0.165097,0.412593,0.966499,-0.245808,-0.073246,0.009690,0.066327,2.741646,1.000000,-0.677631,3.683784
6.030000,0.350719,0.165495,0.412471,0.966608,-0.245418,-0.073111,0.009708,0.066320,2.744360,1.000000,-0.678198,3.688536
6.035000,0.350678,0.165902,0.412345,0.966714,-0.245012,-0.073060,0.009743,0.066313,2.747075,1.000000,-0.678689,3.693559
6.040000,0.350636,0.166309,0.412217,0.966820,-0.244611,-0.073007,0.009780,0.066305,2.749793,1.000000,-0.679099,3.698617
6.045000,0.350595,0.166716,0.412089,0.966925,-0.244208,-0.072955,0.009816,0.066298,2.752512,1.000000,-0.679451,3.703659
6.050000,0.350554,0.167123,0.411960,0.967030,-0.243806,-0.072903,0.009853,0.066290,2.755232,1.000000,-0.679782,3.708716
6.055000,0.350513,0.167530,0.411830,0.967133,-0.243410,-0.072847,0.009890,0.066282,2.757954,1.000000,-0.680137,3.713963
6.060000,0.350473,0.167936,0.411699,0.967236,-0.243016,-0.072791,0.009927,0.066273,2.760677,1.000000,-0.680504,3.719259
6.065000,0.350432,0.168343,0.411568,0.967339,-0.242622,-0.072734,0.009964,0.066264,2.763401,1.000000,-0.680892,3.724565
6.070000,0.350381,0.168755,0.411436,0.967440,-0.242238,-0.072677,0.009966,0.066254,2.766128,1.000000,-0.681387,3.730312
6.075000,0.350330,0.169165,0.411302,0.967539,-0.241860,-0.072617,0.009969,0.066244,2.768857,1.000000,-0.681975,3.736385
6.080000,0.350279,0.169576,0.411168,0.967638,-0.241481,-0.072556,0.009972,0.066234,2.771588,1.000000,-0.682602,3.742431
6.085000,0.350229,0.169987,0.411033,0.967736,-0.241106,-0.072492,0.009974,0.066223,2.774322,1.000000,-0.683311,3.748764
6.090000,0.350181,0.170396,0.410897,0.967833,-0.240737,-0.072423,0.009978,0.066211,2.777059,1.000000,-0.684101,3.755428
6.095000,0.350133,0.170806,0.410761,0.967930,-0.240368,-0.072354,0.009981,0.066200,2.779799,1.000000,-0.684927,3.762100
6.100000,0.350081,0.171222,0.410630,0.968028,-0.240014,-0.072230,0.009934,0.066188,2.782543,1.000000,-0.685934,3.768800
6.105000,0.350031,0.171638,0.410500,0.968125,-0.239660,-0.072104,0.009887,0.066176,2.785292,1.000000,-0.687093,3.775421
6.110000,0.349981,0.172054,0.410373,0.968224,-0.239300,-0.071979,0.009838,0.066165,2.788045,1.000000,-0.688337,3.781661
6.115000,0.349931,0.172472,0.410251,0.968325,-0.238928,-0.071859,0.009788,0.066155,2.790803,1.000000,-0.689616,3.787059
6.120000,0.349881,0.172889,0.410131,0.968428,-0.238550,-0.071741,0.009737,0.066147,2.793567,1.000000,-0.691001,3.792503
6.125000,0.349829,0.173305,0.410019,0.968535,-0.238146,-0.071635,0.009684,0.066142,2.796336,1.000000,-0.692425,3.798006
6.130000,0.349777,0.173721,0.409907,0.968643,-0.237743,-0.071529,0.009631,0.066137,2.799111,1.000000,-0.693953,3.803550
6.135000,0.349715,0.174143,0.409795,0.968741,-0.237377,-0.071427,0.009542,0.066131,2.801892,1.000000,-0.695632,3.809455
6.140000,0.349655,0.174566,0.409679,0.968836,-0.237024,-0.071320,0.009455,0.066122,2.804681,1.000000,-0.697385,3.815478
6.145000,0.349595,0.174989,0.409563,0.968931,-0.236671,-0.071212,0.009367,0.066113,2.807477,1.000000,-0.699110,3.821493
6.150000,0.349536,0.175412,0.409446,0.969026,-0.236318,-0.071102,0.009280,0.066104,2.810279,1.000000,-0.700803,3.827477
6.155000,0.349476,0.175835,0.409329,0.969121,-0.235964,-0.070993,0.009192,0.066095,2.813088,1.000000,-0.702487,3.833528
6.160000,0.349417,0.176258,0.409211,0.969217,-0.235610,-0.070882,0.009105,0.066085,2.815904,1.000000,-0.704157,3.839641
6.165000,0.349358,0.176681,0.409094,0.969311,-0.235256,-0.070772,0.009018,0.066077,2.818726,1.000000,-0.705819,3.845820
6.170000,0.349289,0.177102,0.408987,0.969394,-0.234942,-0.070705,0.008875,0.066068,2.821555,1.000000,-0.707352,3.852084
6.175000,0.349219,0.177524,0.408881,0.969476,-0.234628,-0.070638,0.008732,0.066060,2.824390,1.000000,-0.708781,3.858359
6.180000,0.349152,0.177944,0.408776,0.969559,-0.234310,-0.070572,0.008588,0.066052,2.827231,1.000000,-0.710190,3.865258
6.185000,0.349085,0.178364,0.408672,0.969642,-0.233990,-0.070506,0.008445,0.066044,2.830077,1.000000,-0.711553,3.872291
6.190000,0.349018,0.178783,0.408568,0.969726,-0.233669,-0.070440,0.008302,0.066037,2.832928,1.000000,-0.712899,3.879665
6.195000,0.348953,0.179201,0.408465,0.969810,-0.233345,-0.070375,0.008159,0.066030,2.835785,1.000000,-0.714253,3.887576
6.200000,0.348887,0.179619,0.408362,0.969894,-0.233020,-0.070310,0.008016,0.066023,2.838647,1.000000,-0.715584,3.895552
6.205000,0.348830,0.180037,0.408276,0.969970,-0.232739,-0.070221,0.007801,0.066017,2.841515,1.000000,-0.716942,3.903813
6.210000,0.348773,0.180455,0.408189,0.970045,-0.232457,-0.070132,0.007586,0.066010,2.844388,1.000000,-0.718337,3.912258
6.215000,0.348716,0.180873,0.408103,0.970121,-0.232176,-0.070042,0.007371,0.066003,2.847267,1.000000,-0.719734,3.920763
6.220000,0.348660,0.181290,0.408014,0.970195,-0.231902,-0.069950,0.007156,0.065996,2.850152,1.000000,-0.721145,3.929506
6.225000,0.348604,0.181708,0.407925,0.970268,-0.231627,-0.069857,0.006941,0.065988,2.853042,1.000000,-0.722512,3.938263
6.230000,0.348547,0.182126,0.407835,0.970342,-0.231355,-0.069763,0.006727,0.065979,2.855937,1.000000,-0.723841,3.947050
6.235000,0.348490,0.182544,0.407745,0.970414,-0.231086,-0.069667,0.006512,0.065971,2.858838,1.000000,-0.725121,3.955826
6.240000,0.348441,0.182971,0.407666,0.970480,-0.230848,-0.069555,0.006234,0.065962,2.861744,1.000000,-0.726470,3.964857
6.245000,0.348390,0.183399,0.407588,0.970547,-0.230607,-0.069446,0.005956,0.065954,2.864655,1.000000,-0.727802,3.973245
6.250000,0.348339,0.183827,0.407511,0.970614,-0.230366,-0.069337,0.005678,0.065946,2.867572,1.000000,-0.729147,3.981604
6.255000,0.348288,0.184256,0.407433,0.970681,-0.230123,-0.069229,0.005399,0.065938,2.870494,1.000000,-0.730463,3.989973
6.260000,0.348237,0.184684,0.407357,0.970748,-0.229879,-0.069123,0.005121,0.065931,2.873420,1.000000,-0.731600,3.998266
6.265000,0.348185,0.185113,0.407282,0.970815,-0.229633,-0.069016,0.004842,0.065923,2.876350,1.000000,-0.731916,4.006573
6.270000,0.348114,0.185550,0.407211,0.970874,-0.229400,-0.068986,0.004547,0.065916,2.879279,1.000000,-0.731411,4.015156
6.275000,0.348042,0.185987,0.407140,0.970933,-0.229166,-0.068957,0.004252,0.065909,2.882205,1.000000,-0.730453,4.023729
6.280000,0.347970,0.186424,0.407069,0.970991,-0.228932,-0.068928,0.003956,0.065901,2.885126,1.000000,-0.729273,4.032354
6.285000,0.347898,0.186861,0.406997,0.971049,-0.228699,-0.068899,0.003661,0.065894,2.888042,1.000000,-0.727978,4.040946
6.290000,0.347826,0.187298,0.406925,0.971107,-0.228468,-0.068870,0.003366,0.065886,2.890953,1.000000,-0.726631,4.049504
6.295000,0.347753,0.187735,0.406853,0.971164,-0.228237,-0.068841,0.003071,0.065878,2.893858,1.000000,-0.725281,4.058108
6.300000,0.347681,0.188173,0.406780,0.971221,-0.228009,-0.068810,0.002776,0.065870,2.896759,1.000000,-0.723935,4.066612
6.305000,0.347586,0.188608,0.406709,0.971270,-0.227786,-0.068863,0.002493,0.065862,2.899653,1.000000,-0.722403,4.075008
6.310000,0.347492,0.189043,0.406639,0.971319,-0.227563,-0.068916,0.002209,0.065854,2.902541,1.000000,-0.720782,4.083449
6.315000,0.347397,0.189479,0.406569,0.971368,-0.227342,-0.068968,0.001926,0.065846,2.905422,1.000000,-0.719129,4.091791
6.320000,0.347302,0.189914,0.406498,0.971416,-0.227120,-0.069020,0.001642,0.065837,2.908297,1.000000,-0.717496,4.100140
6.325000,0.347207,0.190350,0.406428,0.971465,-0.226898,-0.069073,0.001359,0.065829,2.911165,1.000000,-0.715915,4.108525
6.330000,0.347112,0.190785,0.406358,0.971514,-0.226674,-0.069125,0.001075,0.065821,2.914027,1.000000,-0.714398,4.116900
6.335000,0.347017,0.191221,0.406288,0.971563,-0.226450,-0.069178,0.000792,0.065813,2.916884,1.000000,-0.712957,4.125286
6.340000,0.346923,0.191652,0.406227,0.971610,-0.226235,-0.069221,0.000490,0.065805,2.919734,1.000000,-0.711528,4.133542
6.345000,0.346830,0.192083,0.406167,0.971657,-0.226018,-0.069264,0.000188,0.065797,2.922579,1.000000,-0.710152,4.141851
6.350000,0.346737,0.192515,0.406107,0.971705,-0.225801,-0.069308,-0.000114,0.065790,2.925419,1.000000,-0.708835,4.150172
6.355000,0.346643,0.192946,0.406047,0.971752,-0.225583,-0.069352,-0.000416,0.065782,2.928253,1.000000,-0.707588,4.158605
6.360000,0.346550,0.193377,0.405987,0.971800,-0.225365,-0.069397,-0.000718,0.065775,2.931083,1.000000,-0.706415,4.167208
6.365000,0.346457,0.193807,0.405927,0.971847,-0.225146,-0.069441,-0.001020,0.065767,2.933908,1.000000,-0.705299,4.175821
6.370000,0.346364,0.194238,0.405867,0.971894,-0.224927,-0.069486,-0.001322,0.065760,2.936729,1.000000,-0.704245,4.184530
6.375000,0.346282,0.194670,0.405816,0.971944,-0.224712,-0.069471,-0.001650,0.065752,2.939546,1.000000,-0.703362,4.193387
6.380000,0.346200,0.195103,0.405765,0.971995,-0.224496,-0.069457,-0.001978,0.065745,2.942360,1.000000,-0.702591,4.202250
6.385000,0.346118,0.195535,0.405713,0.972045,-0.224280,-0.069442,-0.002307,0.065737,2.945170,1.000000,-0.701904,4.211223
6.390000,0.346036,0.195967,0.405661,0.972095,-0.224064,-0.069426,-0.002635,0.065729,2.947979,1.000000,-0.701281,4.220391
6.395000,0.345955,0.196399,0.405609,0.972145,-0.223849,-0.069411,-0.002963,0.065721,2.950785,1.000000,-0.700692,4.229566
6.400000,0.345873,0.196830,0.405557,0.972194,-0.223633,-0.069395,-0.003292,0.065714,2.953588,1.000000,-0.700140,4.238825
6.405000,0.345792,0.197262,0.405506,0.972244,-0.223415,-0.069379,-0.003620,0.065706,2.956390,1.000000,-0.699627,4.248224
6.410000,0.345706,0.197690,0.405451,0.972293,-0.223198,-0.069380,-0.003932,0.065698,2.959190,1.000000,-0.699055,4.257556
6.415000,0.345620,0.198119,0.405397,0.972341,-0.222981,-0.069381,-0.004244,0.065691,2.961987,1.000000,-0.698465,4.266986
6.420000,0.345534,0.198547,0.405344,0.972390,-0.222760,-0.069383,-0.004557,0.065684,2.964781,1.000000,-0.697902,4.276643
6.425000,0.345448,0.198974,0.405291,0.972439,-0.222540,-0.069385,-0.004869,0.065677,2.967574,1.000000,-0.697360,4.286313
6.430000,0.345363,0.199402,0.405237,0.972488,-0.222320,-0.069387,-0.005181,0.065670,2.970364,1.000000,-0.696843,4.296045
6.435000,0.345277,0.199830,0.405185,0.972537,-0.222096,-0.069390,-0.005494,0.065663,2.973153,1.000000,-0.696377,4.306044
6.440000,0.345177,0.200242,0.405130,0.972583,-0.221867,-0.069456,-0.005751,0.065656,2.975939,1.000000,-0.695649,4.315640
6.445000,0.345076,0.200655,0.405075,0.972629,-0.221637,-0.069521,-0.006008,0.065650,2.978722,1.000000,-0.694798,4.325295
6.450000,0.344976,0.201067,0.405020,0.972675,-0.221407,-0.069587,-0.006266,0.065643,2.981501,1.000000,-0.693923,4.335181
6.455000,0.344876,0.201479,0.404965,0.972722,-0.221175,-0.069654,-0.006523,0.065637,2.984277,1.000000,-0.693052,4.345133
6.460000,0.344776,0.201891,0.404910,0.972768,-0.220945,-0.069720,-0.006781,0.065630,2.987050,1.000000,-0.692200,4.355143
6.465000,0.344677,0.202302,0.404855,0.972813,-0.220714,-0.069786,-0.007038,0.065624,2.989819,1.000000,-0.691386,4.365338
6.470000,0.344577,0.202714,0.404800,0.972859,-0.220482,-0.069852,-0.007296,0.065618,2.992585,1.000000,-0.690610,4.375694
6.475000,0.344470,0.203112,0.404753,0.972904,-0.220245,-0.069958,-0.007517,0.065611,2.995347,1.000000,-0.689646,4.385642
6.480000,0.344363,0.203511,0.404706,0.972948,-0.220007,-0.070064,-0.007738,0.065605,2.998105,1.000000,-0.688616,4.395721
6.485000,0.344257,0.203909,0.404659,0.972992,-0.219769,-0.070170,-0.007959,0.065598,3.000860,1.000000,-0.687584,4.406022
6.490000,0.344150,0.204307,0.404612,0.973037,-0.219531,-0.070275,-0.008180,0.065592,3.003610,1.000000,-0.686553,4.416341
6.495000,0.344043,0.204705,0.404565,0.973081,-0.219294,-0.070381,-0.008401,0.065585,3.006356,1.000000,-0.685543,4.426724
6.500000,0.343937,0.205103,0.404517,0.973125,-0.219055,-0.070486,-0.008622,0.065579,3.009098,1.000000,-0.684574,4.437333
6.505000,0.343831,0.205501,0.404470,0.973169,-0.218816,-0.070591,-0.008843,0.065572,3.011836,1.000000,-0.683627,4.447960
6.510000,0.343729,0.205895,0.404442,0.973213,-0.218572,-0.070711,-0.009048,0.065566,3.014571,1.000000,-0.682650,4.458414
6.515000,0.343629,0.206289,0.404414,0.973258,-0.218327,-0.070832,-0.009253,0.065560,3.017301,1.000000,-0.681694,4.469027
6.520000,0.343528,0.206683,0.404386,0.973302,-0.218082,-0.070952,-0.009459,0.065553,3.020028,1.000000,-0.680759,4.479697
6.525000,0.343427,0.207077,0.404358,0.973346,-0.217837,-0.071072,-0.009664,0.065547,3.022751,1.000000,-0.679835,4.490429
6.530000,0.343326,0.207471,0.404330,0.973390,-0.217591,-0.071192,-0.009869,0.065541,3.025471,1.000000,-0.678901,4.501301
6.535000,0.343226,0.207864,0.404303,0.973434,-0.217345,-0.071313,-0.010074,0.065535,3.028186,1.000000,-0.677959,4.512338
6.540000,0.343125,0.208258,0.404275,0.973478,-0.217098,-0.071433,-0.010279,0.065529,3.030898,1.000000,-0.677003,4.523390
6.545000,0.343044,0.208653,0.404272,0.973526,-0.216843,-0.071533,-0.010470,0.065522,3.033606,1.000000,-0.676090,4.534310
6.550000,0.342964,0.209047,0.404268,0.973573,-0.216588,-0.071632,-0.010660,0.065516,3.036311,1.000000,-0.675244,4.545444
6.555000,0.342884,0.209442,0.404265,0.973620,-0.216334,-0.071732,-0.010851,0.065510,3.039012,1.000000,-0.674425,4.556587
6.560000,0.342804,0.209836,0.404262,0.973667,-0.216079,-0.071831,-0.011042,0.065503,3.041710,1.000000,-0.673627,4.567785
6.565000,0.342724,0.210231,0.404258,0.973714,-0.215824,-0.071930,-0.011233,0.065497,3.044405,1.000000,-0.672860,4.579206
6.570000,0.342644,0.210625,0.404254,0.973761,-0.215569,-0.072029,-0.011424,0.065490,3.047097,1.000000,-0.672104,4.590682
6.575000,0.342564,0.211019,0.404250,0.973808,-0.215315,-0.072128,-0.011615,0.065484,3.049786,1.000000,-0.671357,4.602213
6.580000,0.342507,0.211415,0.404268,0.973867,-0.215027,-0.072164,-0.011772,0.065477,3.052473,1.000000,-0.670823,4.613679
6.585000,0.342451,0.211811,0.404286,0.973926,-0.214740,-0.072199,-0.011930,0.065471,3.055157,1.000000,-0.670452,4.625237
6.590000,0.342394,0.212207,0.404304,0.973985,-0.214453,-0.072234,-0.012087,0.065463,3.057841,1.000000,-0.670161,4.636797
6.595000,0.342338,0.212603,0.404322,0.974043,-0.214166,-0.072270,-0.012245,0.065456,3.060523,1.000000,-0.669919,4.648433
6.600000,0.342281,0.212999,0.404340,0.974102,-0.213878,-0.072305,-0.012402,0.065450,3.063205,1.000000,-0.669708,4.660190
6.605000,0.342225,0.213395,0.404358,0.974160,-0.213591,-0.072340,-0.012560,0.065442,3.065885,1.000000,-0.669503,4.671949
6.610000,0.342188,0.213777,0.404385,0.974237,-0.213254,-0.072284,-0.012659,0.065435,3.068565,1.000000,-0.669405,4.683139
6.615000,0.342151,0.214158,0.404412,0.974313,-0.212918,-0.072229,-0.012758,0.065427,3.071245,1.000000,-0.669439,4.694449
6.620000,0.342114,0.214539,0.404439,0.974389,-0.212581,-0.072174,-0.012857,0.065420,3.073925,1.000000,-0.669541,4.705763
6.625000,0.342077,0.214920,0.404465,0.974466,-0.212244,-0.072118,-0.012956,0.065412,3.076606,1.000000,-0.669680,4.717124
6.630000,0.342040,0.215301,0.404492,0.974542,-0.211908,-0.072063,-0.013055,0.065405,3.079288,1.000000,-0.669843,4.728602
6.635000,0.342003,0.215682,0.404519,0.974618,-0.211570,-0.072008,-0.013154,0.065397,3.081970,1.000000,-0.670011,4.740123
6.640000,0.341966,0.216063,0.404545,0.974694,-0.211233,-0.071952,-0.013253,0.065389,3.084652,1.000000,-0.670181,4.751692
6.645000,0.341937,0.216435,0.404568,0.974783,-0.210859,-0.071827,-0.013317,0.065381,3.087336,1.000000,-0.670485,4.763052
6.650000,0.341909,0.216807,0.404591,0.974873,-0.210483,-0.071701,-0.013380,0.065374,3.090021,1.000000,-0.670908,4.774524
6.655000,0.341881,0.217179,0.404614,0.974962,-0.210108,-0.071576,-0.013444,0.065365,3.092708,1.000000,-0.671389,4.785988
6.660000,0.341853,0.217551,0.404637,0.975051,-0.209733,-0.071450,-0.013508,0.065357,3.095397,1.000000,-0.671903,4.797512
6.665000,0.341824,0.217923,0.404659,0.975140,-0.209358,-0.071324,-0.013572,0.065349,3.098088,1.000000,-0.672442,4.809197
6.670000,0.341796,0.218295,0.404682,0.975229,-0.208982,-0.071198,-0.013635,0.065341,3.100781,1.000000,-0.672984,4.820874
6.675000,0.341768,0.218667,0.404705,0.975318,-0.208607,-0.071072,-0.013699,0.065333,3.103476,1.000000,-0.673529,4.832597
6.680000,0.341741,0.219038,0.404722,0.975409,-0.208219,-0.070941,-0.013750,0.065325,3.106174,1.000000,-0.674139,4.844450
6.685000,0.341714,0.219408,0.404739,0.975501,-0.207832,-0.070810,-0.013801,0.065316,3.108874,1.000000,-0.674789,4.856317
6.690000,0.341688,0.219779,0.404756,0.975592,-0.207444,-0.070678,-0.013852,0.065308,3.111577,1.000000,-0.675465,4.868228
6.695000,0.341661,0.220150,0.404773,0.975683,-0.207056,-0.070547,-0.013904,0.065300,3.114283,1.000000,-0.676162,4.880241
6.700000,0.341634,0.220521,0.404790,0.975774,-0.206668,-0.070415,-0.013955,0.065291,3.116991,1.000000,-0.676876,4.892336
6.705000,0.341607,0.220891,0.404807,0.975865,-0.206280,-0.070283,-0.014006,0.065283,3.119703,1.000000,-0.677599,4.904423
6.710000,0.341580,0.221262,0.404824,0.975956,-0.205891,-0.070152,-0.014057,0.065275,3.122417,1.000000,-0.678338,4.916591
6.715000,0.341551,0.221628,0.404841,0.976043,-0.205503,-0.070069,-0.014089,0.065267,3.125134,1.000000,-0.678987,4.928780
6.720000,0.341522,0.221995,0.404858,0.976130,-0.205115,-0.069986,-0.014121,0.065258,3.127853,1.000000,-0.679587,4.940962
6.725000,0.341492,0.222362,0.404875,0.976217,-0.204727,-0.069903,-0.014153,0.065250,3.130575,1.000000,-0.680177,4.953189
6.730000,0.341463,0.222729,0.404892,0.976304,-0.204338,-0.069820,-0.014185,0.065242,3.133300,1.000000,-0.680783,4.965586
6.735000,0.341433,0.223095,0.404909,0.976391,-0.203949,-0.069737,-0.014217,0.065234,3.136026,1.000000,-0.681402,4.977974
6.740000,0.341404,0.223462,0.404926,0.976478,-0.203561,-0.069655,-0.014248,0.065226,3.138755,1.000000,-0.682044,4.990406
6.745000,0.341375,0.223828,0.404943,0.976564,-0.203171,-0.069572,-0.014280,0.065218,3.141487,1.000000,-0.682716,5.002960
6.750000,0.341336,0.224207,0.404965,0.976651,-0.202762,-0.069539,-0.014288,0.065209,3.144222,1.000000,-0.683601,5.016091
6.755000,0.341296,0.224586,0.404987,0.976738,-0.202352,-0.069507,-0.014296,0.065201,3.146961,1.000000,-0.684618,5.029266
6.760000,0.341257,0.224966,0.405008,0.976825,-0.201943,-0.069474,-0.014304,0.065193,3.149704,1.000000,-0.685725,5.042526
6.765000,0.341218,0.225344,0.405030,0.976912,-0.201533,-0.069442,-0.014312,0.065184,3.152452,1.000000,-0.686904,5.055905
6.770000,0.341179,0.225723,0.405052,0.976999,-0.201123,-0.069409,-0.014320,0.065176,3.155205,1.000000,-0.688135,5.069275
6.775000,0.341140,0.226102,0.405074,0.977085,-0.200713,-0.069376,-0.014328,0.065168,3.157962,1.000000,-0.689420,5.082697
6.780000,0.341098,0.226473,0.405087,0.977168,-0.200309,-0.069380,-0.014317,0.065159,3.160725,1.000000,-0.690578,5.096096
6.785000,0.341055,0.226844,0.405099,0.977251,-0.199905,-0.069384,-0.014307,0.065151,3.163492,1.000000,-0.691680,5.109488
6.790000,0.341012,0.227215,0.405112,0.977333,-0.199501,-0.069388,-0.014297,0.065143,3.166263,1.000000,-0.692785,5.122925
6.795000,0.340969,0.227586,0.405125,0.977415,-0.199097,-0.069391,-0.014286,0.065135,3.169039,1.000000,-0.693920,5.136487
6.800000,0.340927,0.227957,0.405138,0.977498,-0.198693,-0.069395,-0.014276,0.065127,3.171820,1.000000,-0.695095,5.150121
6.805000,0.340884,0.228327,0.405151,0.977580,-0.198289,-0.069398,-0.014265,0.065118,3.174605,1.000000,-0.696311,5.163745
6.810000,0.340842,0.228698,0.405164,0.977662,-0.197884,-0.069402,-0.014255,0.065110,3.177395,1.000000,-0.697576,5.177448
6.815000,0.340807,0.229043,0.405167,0.977736,-0.197509,-0.069426,-0.014243,0.065103,3.180190,1.000000,-0.698418,5.190343
6.820000,0.340771,0.229389,0.405170,0.977810,-0.197134,-0.069451,-0.014232,0.065095,3.182987,1.000000,-0.699039,5.203232
6.825000,0.340736,0.229734,0.405173,0.977884,-0.196760,-0.069476,-0.014220,0.065087,3.185786,1.000000,-0.699572,5.216167
6.830000,0.340701,0.230079,0.405176,0.977958,-0.196385,-0.069500,-0.014208,0.065080,3.188587,1.000000,-0.700081,5.229262
6.835000,0.340666,0.230425,0.405179,0.978031,-0.196009,-0.069525,-0.014196,0.065072,3.191391,1.000000,-0.700588,5.242370
6.840000,0.340631,0.230770,0.405183,0.978105,-0.195634,-0.069549,-0.014185,0.065064,3.194196,1.000000,-0.701111,5.255523
6.845000,0.340596,0.231115,0.405186,0.978178,-0.195259,-0.069574,-0.014173,0.065057,3.197004,1.000000,-0.701659,5.268750
6.850000,0.340573,0.231451,0.405197,0.978248,-0.194898,-0.069602,-0.014177,0.065049,3.199813,1.000000,-0.702090,5.281578
6.855000,0.340550,0.231787,0.405208,0.978318,-0.194537,-0.069630,-0.014181,0.065042,3.202625,1.000000,-0.702477,5.294394
6.860000,0.340528,0.232123,0.405220,0.978388,-0.194176,-0.069658,-0.014185,0.065034,3.205437,1.000000,-0.702865,5.307254
6.865000,0.340505,0.232459,0.405231,0.978457,-0.193815,-0.069686,-0.014189,0.065027,3.208252,1.000000,-0.703276,5.320270
6.870000,0.340482,0.232795,0.405242,0.978526,-0.193454,-0.069713,-0.014193,0.065019,3.211067,1.000000,-0.703708,5.333280
6.875000,0.340459,0.233131,0.405254,0.978596,-0.193093,-0.069741,-0.014198,0.065012,3.213885,1.000000,-0.704166,5.346334
6.880000,0.340436,0.233467,0.405265,0.978665,-0.192732,-0.069769,-0.014202,0.065005,3.216705,1.000000,-0.704651,5.359466
6.885000,0.340422,0.233791,0.405282,0.978730,-0.192388,-0.069797,-0.014216,0.064998,3.219526,1.000000,-0.704935,5.372132
6.890000,0.340409,0.234114,0.405298,0.978796,-0.192044,-0.069826,-0.014230,0.064990,3.222348,1.000000,-0.705107,5.384783
6.895000,0.340395,0.234438,0.405315,0.978861,-0.191700,-0.069854,-0.014245,0.064983,3.225170,1.000000,-0.705226,5.397477
6.900000,0.340381,0.234762,0.405332,0.978926,-0.191356,-0.069882,-0.014259,0.064976,3.227993,1.000000,-0.705325,5.410321
6.905000,0.340368,0.235085,0.405348,0.978991,-0.191012,-0.069910,-0.014274,0.064969,3.230816,1.000000,-0.705407,5.423154
6.910000,0.340354,0.235409,0.405365,0.979056,-0.190668,-0.069938,-0.014288,0.064961,3.233640,1.000000,-0.705484,5.436029
6.915000,0.340340,0.235732,0.405382,0.979121,-0.190324,-0.069966,-0.014302,0.064954,3.236464,1.000000,-0.705559,5.448974
6.920000,0.340331,0.236034,0.405389,0.979179,-0.190005,-0.070006,-0.014318,0.064948,3.239287,1.000000,-0.705224,5.461201
6.925000,0.340321,0.236335,0.405397,0.979238,-0.189685,-0.070046,-0.014334,0.064941,3.242108,1.000000,-0.704652,5.473415
6.930000,0.340311,0.236636,0.405404,0.979297,-0.189366,-0.070086,-0.014350,0.064934,3.244927,1.000000,-0.703958,5.485672
6.935000,0.340302,0.236937,0.405412,0.979356,-0.189047,-0.070125,-0.014366,0.064927,3.247742,1.000000,-0.703200,5.498069
6.940000,0.340292,0.237238,0.405419,0.979414,-0.188729,-0.070165,-0.014382,0.064922,3.250555,1.000000,-0.702406,5.510635
6.945000,0.340283,0.237539,0.405427,0.979472,-0.188410,-0.070205,-0.014398,0.064916,3.253364,1.000000,-0.701568,5.523085
6.950000,0.340279,0.237828,0.405430,0.979527,-0.188106,-0.070255,-0.014419,0.064909,3.256169,1.000000,-0.700482,5.535085
6.955000,0.340276,0.238117,0.405433,0.979581,-0.187803,-0.070305,-0.014440,0.064903,3.258970,1.000000,-0.699250,5.547138
6.960000,0.340272,0.238406,0.405437,0.979635,-0.187499,-0.070355,-0.014460,0.064896,3.261765,1.000000,-0.697931,5.559168
6.965000,0.340269,0.238694,0.405440,0.979689,-0.187196,-0.070404,-0.014481,0.064889,3.264555,1.000000,-0.696561,5.571260
6.970000,0.340266,0.238983,0.405442,0.979743,-0.186893,-0.070453,-0.014502,0.064883,3.267340,1.000000,-0.695162,5.583538
6.975000,0.340262,0.239271,0.405444,0.979797,-0.186590,-0.070501,-0.014523,0.064876,3.270118,1.000000,-0.693727,5.595793
6.980000,0.340259,0.239560,0.405447,0.979851,-0.186287,-0.070550,-0.014543,0.064869,3.272891,1.000000,-0.692270,5.608091
6.985000,0.340267,0.239849,0.405462,0.979904,-0.185991,-0.070590,-0.014575,0.064863,3.275658,1.000000,-0.690775,5.620228
6.990000,0.340276,0.240138,0.405476,0.979957,-0.185695,-0.070630,-0.014607,0.064856,3.278419,1.000000,-0.689224,5.632353
6.995000,0.340284,0.240427,0.405491,0.980010,-0.185398,-0.070670,-0.014639,0.064849,3.281174,1.000000,-0.687585,5.644517
7.000000,0.340293,0.240716,0.405506,0.980062,-0.185102,-0.070711,-0.014671,0.064842,3.283922,1.000000,-0.685885,5.656709
7.005000,0.340301,0.241005,0.405521,0.980115,-0.184805,-0.070751,-0.014703,0.064836,3.286662,1.000000,-0.684145,5.668936
7.010000,0.340310,0.241294,0.405535,0.980167,-0.184509,-0.070791,-0.014735,0.064829,3.289396,1.000000,-0.682380,5.681146
7.015000,0.340319,0.241583,0.405550,0.980220,-0.184212,-0.070832,-0.014766,0.064822,3.292123,1.000000,-0.680606,5.693391
7.020000,0.340334,0.241872,0.405571,0.980271,-0.183922,-0.070867,-0.014803,0.064815,3.294842,1.000000,-0.678781,5.705527
7.025000,0.340349,0.242160,0.405592,0.980322,-0.183632,-0.070901,-0.014840,0.064809,3.297554,1.000000,-0.676925,5.717648
7.030000,0.340364,0.242448,0.405614,0.980374,-0.183342,-0.070936,-0.014877,0.064802,3.300259,1.000000,-0.675060,5.729803
7.035000,0.340379,0.242736,0.405635,0.980425,-0.183052,-0.070971,-0.014914,0.064795,3.302956,1.000000,-0.673195,5.741996
7.040000,0.340394,0.243024,0.405656,0.980476,-0.182762,-0.071006,-0.014950,0.064789,3.305646,1.000000,-0.671334,5.754217
7.045000,0.340409,0.243312,0.405678,0.980527,-0.182471,-0.071041,-0.014987,0.064782,3.308328,1.000000,-0.669480,5.766424
7.050000,0.340424,0.243600,0.405699,0.980578,-0.182181,-0.071076,-0.015024,0.064775,3.311003,1.000000,-0.667640,5.778667
7.055000,0.340437,0.243883,0.405713,0.980627,-0.181896,-0.071119,-0.015055,0.064768,3.313670,1.000000,-0.665709,5.790837
7.060000,0.340449,0.244166,0.405727,0.980676,-0.181611,-0.071161,-0.015087,0.064762,3.316330,1.000000,-0.663730,5.802995
7.065000,0.340462,0.244449,0.405740,0.980725,-0.181326,-0.071203,-0.015118,0.064755,3.318981,1.000000,-0.661740,5.815183
7.070000,0.340475,0.244732,0.405754,0.980775,-0.181041,-0.071245,-0.015150,0.064748,3.321625,1.000000,-0.659754,5.827432
7.075000,0.340488,0.245014,0.405768,0.980824,-0.180756,-0.071287,-0.015181,0.064742,3.324261,1.000000,-0.657781,5.839688
7.080000,0.340500,0.245297,0.405782,0.980872,-0.180471,-0.071330,-0.015213,0.064735,3.326888,1.000000,-0.655827,5.851969
7.085000,0.340513,0.245580,0.405796,0.980921,-0.180186,-0.071372,-0.015244,0.064728,3.329508,1.000000,-0.653896,5.864270
7.090000,0.340531,0.245864,0.405808,0.980969,-0.179904,-0.071419,-0.015277,0.064722,3.332121,1.000000,-0.651985,5.876538
7.095000,0.340549,0.246148,0.405821,0.981017,-0.179621,-0.071466,-0.015310,0.064715,3.334725,1.000000,-0.650093,5.888798
7.100000,0.340567,0.246431,0.405833,0.981065,-0.179339,-0.071513,-0.015343,0.064708,3.337322,1.000000,-0.648225,5.901081
7.105000,0.340585,0.246715,0.405845,0.981112,-0.179056,-0.071560,-0.015375,0.064702,3.339912,1.000000,-0.646382,5.913406
7.110000,0.340603,0.246999,0.405858,0.981160,-0.178773,-0.071607,-0.015408,0.064695,3.342494,1.000000,-0.644361,5.925726
7.115000,0.340621,0.247282,0.405870,0.981208,-0.178490,-0.071654,-0.015441,0.064688,3.345068,1.000000,-0.642233,5.938066
7.120000,0.340651,0.247565,0.405893,0.981254,-0.178217,-0.071693,-0.015483,0.064682,3.347633,1.000000,-0.640081,5.950167
7.125000,0.340680,0.247847,0.405916,0.981300,-0.177943,-0.071732,-0.015526,0.064675,3.350189,1.000000,-0.637966,5.962285
7.130000,0.340709,0.248130,0.405939,0.981346,-0.177670,-0.071770,-0.015569,0.064668,3.352737,1.000000,-0.635909,5.974394
7.135000,0.340738,0.248412,0.405962,0.981392,-0.177396,-0.071809,-0.015612,0.064662,3.355278,1.000000,-0.633915,5.986529
7.140000,0.340768,0.248694,0.405984,0.981438,-0.177123,-0.071847,-0.015654,0.064655,3.357810,1.000000,-0.631979,5.998698
7.145000,0.340797,0.248977,0.406007,0.981484,-0.176849,-0.071886,-0.015697,0.064648,3.360334,1.000000,-0.630095,6.010858
7.150000,0.340826,0.249259,0.406030,0.981530,-0.176575,-0.071924,-0.015740,0.064642,3.362852,1.000000,-0.628262,6.023039
7.155000,0.340867,0.249519,0.406057,0.981570,-0.176332,-0.071954,-0.015787,0.064636,3.365360,1.000000,-0.626016,6.034288
7.160000,0.340907,0.249779,0.406083,0.981611,-0.176089,-0.071984,-0.015835,0.064629,3.367860,1.000000,-0.623533,6.045539
7.165000,0.340948,0.250038,0.406110,0.981652,-0.175847,-0.072014,-0.015882,0.064623,3.370349,1.000000,-0.620942,6.056811
7.170000,0.340988,0.250298,0.406136,0.981692,-0.175604,-0.072044,-0.015930,0.064617,3.372827,1.000000,-0.618304,6.068108
7.175000,0.341029,0.250557,0.406162,0.981732,-0.175361,-0.072074,-0.015977,0.064611,3.375295,1.000000,-0.615655,6.079443
7.180000,0.341069,0.250817,0.406189,0.981773,-0.175118,-0.072103,-0.016025,0.064605,3.377752,1.000000,-0.613009,6.090767
7.185000,0.341110,0.251077,0.406215,0.981813,-0.174875,-0.072133,-0.016072,0.064599,3.380199,1.000000,-0.610379,6.102112
7.190000,0.341181,0.251298,0.406243,0.981844,-0.174690,-0.072153,-0.016130,0.064593,3.382633,1.000000,-0.606956,6.111714
7.195000,0.341252,0.251519,0.406271,0.981874,-0.174505,-0.072173,-0.016188,0.064588,3.385053,1.000000,-0.603053,6.121320
7.200000,0.341323,0.251740,0.406299,0.981905,-0.174319,-0.072193,-0.016246,0.064583,3.387456,1.000000,-0.598900,6.130947
7.205000,0.341393,0.251961,0.406327,0.981935,-0.174134,-0.072213,-0.016304,0.064577,3.389842,1.000000,-0.594612,6.140607
7.210000,0.341464,0.252182,0.406355,0.981966,-0.173949,-0.072233,-0.016361,0.064572,3.392211,1.000000,-0.590251,6.150293
7.215000,0.341535,0.252404,0.406383,0.981996,-0.173763,-0.072254,-0.016419,0.064567,3.394562,1.000000,-0.585847,6.159967
7.220000,0.341606,0.252625,0.406411,0.982026,-0.173578,-0.072274,-0.016477,0.064562,3.396896,1.000000,-0.581423,6.169672
7.225000,0.341728,0.252800,0.406456,0.982044,-0.173470,-0.072275,-0.016556,0.064558,3.399209,1.000000,-0.575972,6.177017
7.230000,0.341850,0.252975,0.406500,0.982062,-0.173362,-0.072276,-0.016635,0.064554,3.401499,1.000000,-0.569896,6.184365
7.235000,0.341972,0.253150,0.406544,0.982079,-0.173254,-0.072277,-0.016714,0.064550,3.403764,1.000000,-0.563484,6.191735
7.240000,0.342094,0.253325,0.406589,0.982097,-0.173146,-0.072278,-0.016793,0.064546,3.406003,1.000000,-0.556883,6.199169
7.245000,0.342216,0.253500,0.406633,0.982114,-0.173038,-0.072280,-0.016873,0.064542,3.408215,1.000000,-0.550164,6.206610
7.250000,0.342338,0.253674,0.406678,0.982132,-0.172930,-0.072281,-0.016952,0.064538,3.410400,1.000000,-0.543399,6.214072
7.255000,0.342460,0.253849,0.406722,0.982150,-0.172822,-0.072282,-0.017031,0.064534,3.412558,1.000000,-0.536770,6.221558
7.260000,0.342630,0.253975,0.406781,0.982155,-0.172792,-0.072261,-0.017133,0.064531,3.414688,1.000000,-0.529277,6.226584
7.265000,0.342800,0.254100,0.406840,0.982160,-0.172762,-0.072241,-0.017236,0.064528,3.416786,1.000000,-0.521194,6.231611
7.270000,0.342970,0.254226,0.406898,0.982165,-0.172732,-0.072220,-0.017338,0.064526,3.418851,1.000000,-0.512760,6.236660
7.275000,0.343140,0.254351,0.406957,0.982170,-0.172702,-0.072199,-0.017441,0.064523,3.420881,1.000000,-0.504104,6.241808
7.280000,0.343310,0.254476,0.407015,0.982175,-0.172671,-0.072178,-0.017543,0.064520,3.422877,1.000000,-0.495299,6.246948
7.285000,0.343480,0.254602,0.407074,0.982180,-0.172641,-0.072157,-0.017645,0.064518,3.424837,1.000000,-0.486391,6.252109
7.290000,0.343697,0.254689,0.407140,0.982175,-0.172676,-0.072111,-0.017781,0.064516,3.426760,1.000000,-0.476729,6.255214
7.295000,0.343913,0.254776,0.407206,0.982169,-0.172711,-0.072064,-0.017917,0.064515,3.428643,1.000000,-0.466561,6.258370
7.300000,0.344130,0.254863,0.407272,0.982164,-0.172746,-0.072017,-0.018052,0.064513,3.430484,1.000000,-0.456084,6.261509
7.305000,0.344346,0.254950,0.407338,0.982159,-0.172781,-0.071971,-0.018188,0.064512,3.432283,1.000000,-0.445409,6.264677
7.310000,0.344563,0.255037,0.407404,0.982154,-0.172816,-0.071924,-0.018324,0.064510,3.434039,1.000000,-0.434599,6.267949
7.315000,0.344779,0.255123,0.407470,0.982148,-0.172851,-0.071877,-0.018459,0.064509,3.435751,1.000000,-0.423693,6.271203
7.320000,0.344996,0.255210,0.407535,0.982143,-0.172886,-0.071831,-0.018595,0.064507,3.437420,1.000000,-0.412719,6.274476
7.325000,0.345272,0.255273,0.407617,0.982129,-0.172979,-0.071753,-0.018779,0.064506,3.439045,1.000000,-0.402181,6.275905
7.330000,0.345548,0.255335,0.407699,0.982115,-0.173072,-0.071675,-0.018964,0.064506,3.440631,1.000000,-0.392783,6.277374
7.335000,0.345824,0.255397,0.407782,0.982101,-0.173164,-0.071596,-0.019148,0.064505,3.442180,1.000000,-0.383367,6.278826
7.340000,0.346100,0.255459,0.407864,0.982086,-0.173257,-0.071518,-0.019332,0.064505,3.443690,1.000000,-0.373760,6.280332
7.345000,0.346376,0.255521,0.407945,0.982072,-0.173350,-0.071440,-0.019516,0.064504,3.445162,1.000000,-0.364073,6.281930
7.350000,0.346653,0.255584,0.408027,0.982058,-0.173442,-0.071362,-0.019701,0.064503,3.446594,1.000000,-0.353928,6.283509
7.355000,0.346929,0.255646,0.408109,0.982043,-0.173535,-0.071284,-0.019885,0.064503,3.447985,1.000000,-0.343419,6.285108
7.360000,0.347266,0.255677,0.408203,0.982019,-0.173692,-0.071162,-0.020118,0.064503,3.449332,1.000000,-0.332029,6.284675
7.365000,0.347602,0.255709,0.408297,0.981996,-0.173849,-0.071040,-0.020352,0.064504,3.450631,1.000000,-0.320011,6.284245
7.370000,0.347939,0.255740,0.408391,0.981972,-0.174007,-0.070918,-0.020586,0.064504,3.451882,1.000000,-0.307613,6.283838
7.375000,0.348276,0.255771,0.408485,0.981948,-0.174164,-0.070796,-0.020819,0.064505,3.453082,1.000000,-0.294970,6.283506
7.380000,0.348612,0.255803,0.408579,0.981924,-0.174321,-0.070675,-0.021053,0.064505,3.454231,1.000000,-0.282163,6.283245
7.385000,0.348949,0.255834,0.408673,0.981899,-0.174478,-0.070553,-0.021286,0.064506,3.455329,1.000000,-0.269245,6.282964
7.390000,0.349286,0.255865,0.408767,0.981875,-0.174635,-0.070431,-0.021520,0.064506,3.456375,1.000000,-0.256255,6.282718
7.395000,0.349685,0.255874,0.408874,0.981844,-0.174852,-0.070241,-0.021809,0.064508,3.457368,1.000000,-0.242738,6.280715
7.400000,0.350083,0.255883,0.408981,0.981812,-0.175068,-0.070050,-0.022099,0.064509,3.458306,1.000000,-0.228810,6.278705
7.405000,0.350482,0.255892,0.409087,0.981781,-0.175285,-0.069860,-0.022388,0.064510,3.459187,1.000000,-0.214655,6.276721
7.410000,0.350881,0.255900,0.409194,0.981749,-0.175501,-0.069669,-0.022677,0.064512,3.460012,1.000000,-0.200378,6.274835
7.415000,0.351280,0.255909,0.409301,0.981717,-0.175717,-0.069479,-0.022967,0.064513,3.460779,1.000000,-0.186042,6.272962
7.420000,0.351679,0.255917,0.409408,0.981685,-0.175933,-0.069289,-0.023256,0.064515,3.461489,1.000000,-0.171690,6.271113
7.425000,0.352078,0.255926,0.409515,0.981653,-0.176150,-0.069098,-0.023545,0.064516,3.462142,1.000000,-0.157355,6.269310
7.430000,0.352543,0.255926,0.409623,0.981617,-0.176416,-0.068807,-0.023906,0.064518,3.462737,1.000000,-0.142875,6.266151
7.435000,0.353008,0.255927,0.409732,0.981581,-0.176681,-0.068515,-0.024266,0.064520,3.463274,1.000000,-0.128224,6.262984
7.440000,0.353473,0.255928,0.409841,0.981544,-0.176947,-0.068223,-0.024626,0.064522,3.463752,1.000000,-0.113503,6.259846
7.445000,0.353939,0.255929,0.409950,0.981507,-0.177213,-0.067931,-0.024987,0.064524,3.464171,1.000000,-0.098777,6.256839
7.450000,0.354404,0.255929,0.410059,0.981470,-0.177479,-0.067640,-0.025347,0.064526,3.464531,1.000000,-0.084089,6.253818
7.455000,0.354869,0.255930,0.410167,0.981433,-0.177744,-0.067348,-0.025707,0.064529,3.464833,1.000000,-0.069468,6.250825
7.460000,0.355370,0.255927,0.410266,0.981394,-0.178033,-0.066999,-0.026098,0.064531,3.465077,1.000000,-0.054886,6.247195
7.465000,0.355872,0.255925,0.410364,0.981355,-0.178321,-0.066649,-0.026489,0.064533,3.465262,1.000000,-0.040314,6.243619
7.470000,0.356373,0.255922,0.410462,0.981316,-0.178609,-0.066300,-0.026880,0.064536,3.465389,1.000000,-0.025809,6.240028
7.475000,0.356874,0.255920,0.410560,0.981276,-0.178897,-0.065950,-0.027271,0.064538,3.465459,1.000000,-0.011408,6.236490
7.480000,0.357375,0.255917,0.410658,0.981236,-0.179185,-0.065601,-0.027662,0.064541,3.465471,1.000000,0.002862,6.233042
7.485000,0.357877,0.255914,0.410757,0.981196,-0.179473,-0.065252,-0.028053,0.064543,3.465415,1.000000,0.016979,6.229580
7.490000,0.358378,0.255912,0.410855,0.981155,-0.179761,-0.064902,-0.028444,0.064545,3.465289,1.000000,0.030926,6.226148
7.495000,0.358880,0.255917,0.410942,0.981116,-0.180039,-0.064554,-0.028825,0.064547,3.465095,1.000000,0.044561,6.223074
7.500000,0.359383,0.255923,0.411028,0.981076,-0.180317,-0.064207,-0.029207,0.064549,3.464833,1.000000,0.057905,6.219997
7.505000,0.359886,0.255929,0.411115,0.981036,-0.180596,-0.063859,-0.029588,0.064552,3.464506,1.000000,0.070989,6.216950
7.510000,0.360388,0.255935,0.411202,0.980996,-0.180874,-0.063511,-0.029970,0.064554,3.464114,1.000000,0.083825,6.213980
7.515000,0.360891,0.255940,0.411289,0.980955,-0.181151,-0.063163,-0.030351,0.064556,3.463658,1.000000,0.096415,6.211094
7.520000,0.361394,0.255946,0.411375,0.980914,-0.181429,-0.062815,-0.030733,0.064558,3.463140,1.000000,0.108750,6.208192
7.525000,0.361897,0.255951,0.411462,0.980873,-0.181707,-0.062467,-0.031114,0.064561,3.462562,1.000000,0.120829,6.205326
7.530000,0.362405,0.255967,0.411533,0.980834,-0.181975,-0.062110,-0.031500,0.064563,3.461924,1.000000,0.132447,6.202792
7.535000,0.362913,0.255983,0.411604,0.980794,-0.182243,-0.061752,-0.031886,0.064565,3.461230,1.000000,0.143675,6.200241
7.540000,0.363421,0.255998,0.411674,0.980754,-0.182511,-0.061394,-0.032272,0.064567,3.460480,1.000000,0.154573,6.197722
7.545000,0.363929,0.256014,0.411745,0.980714,-0.182779,-0.061036,-0.032657,0.064569,3.459677,1.000000,0.165167,6.195281
7.550000,0.364437,0.256030,0.411816,0.980673,-0.183046,-0.060679,-0.033043,0.064571,3.458822,1.000000,0.175466,6.192850
7.555000,0.364944,0.256045,0.411886,0.980632,-0.183314,-0.060321,-0.033429,0.064573,3.457916,1.000000,0.185477,6.190452
7.560000,0.365452,0.256061,0.411957,0.980591,-0.183581,-0.059963,-0.033814,0.064575,3.456961,1.000000,0.195206,6.188105
7.565000,0.365952,0.256073,0.411992,0.980548,-0.183841,-0.059674,-0.034158,0.064577,3.455958,1.000000,0.204781,6.185909
7.570000,0.366452,0.256085,0.412026,0.980505,-0.184100,-0.059384,-0.034501,0.064579,3.454908,1.000000,0.214086,6.183695
7.575000,0.366952,0.256098,0.412061,0.980462,-0.184360,-0.059095,-0.034845,0.064581,3.453812,1.000000,0.223107,6.181513
7.580000,0.367451,0.256110,0.412095,0.980418,-0.184619,-0.058805,-0.035188,0.064583,3.452672,1.000000,0.231829,6.179387
7.585000,0.367951,0.256122,0.412130,0.980374,-0.184878,-0.058516,-0.035531,0.064585,3.451489,1.000000,0.240254,6.177245
7.590000,0.368451,0.256134,0.412164,0.980330,-0.185138,-0.058227,-0.035875,0.064587,3.450265,1.000000,0.248387,6.175136
7.595000,0.368950,0.256146,0.412199,0.980285,-0.185397,-0.057937,-0.036218,0.064589,3.449001,1.000000,0.256230,6.173083
7.600000,0.369429,0.256152,0.412193,0.980239,-0.185653,-0.057726,-0.036513,0.064591,3.447698,1.000000,0.264049,6.171218
7.605000,0.369909,0.256158,0.412187,0.980192,-0.185908,-0.057514,-0.036807,0.064593,3.446357,1.000000,0.271645,6.169335
7.610000,0.370388,0.256164,0.412181,0.980144,-0.186163,-0.057302,-0.037102,0.064595,3.444978,1.000000,0.278983,6.167502
7.615000,0.370867,0.256169,0.412175,0.980097,-0.186419,-0.057090,-0.037396,0.064597,3.443563,1.000000,0.286049,6.165751
7.620000,0.371347,0.256175,0.412170,0.980050,-0.186674,-0.056878,-0.037691,0.064599,3.442114,1.000000,0.292829,6.163980
7.625000,0.371826,0.256180,0.412164,0.980002,-0.186929,-0.056666,-0.037985,0.064601,3.440632,1.000000,0.299329,6.162239
7.630000,0.372304,0.256184,0.412138,0.979954,-0.187190,-0.056428,-0.038292,0.064604,3.439118,1.000000,0.305578,6.160526
7.635000,0.372782,0.256188,0.412111,0.979906,-0.187451,-0.056190,-0.038598,0.064605,3.437574,1.000000,0.311571,6.158797
7.640000,0.373260,0.256192,0.412085,0.979857,-0.187713,-0.055952,-0.038905,0.064608,3.436000,1.000000,0.317313,6.157100
7.645000,0.373737,0.256196,0.412059,0.979808,-0.187974,-0.055714,-0.039212,0.064610,3.434399,1.000000,0.322806,6.155436
7.650000,0.374215,0.256200,0.412033,0.979759,-0.188235,-0.055476,-0.039518,0.064612,3.432771,1.000000,0.328052,6.153803
7.655000,0.374693,0.256204,0.412007,0.979710,-0.188496,-0.055238,-0.039825,0.064614,3.431117,1.000000,0.333051,6.152149
7.660000,0.375171,0.256207,0.411980,0.979661,-0.188757,-0.055000,-0.040131,0.064616,3.429439,1.000000,0.337814,6.150536
7.665000,0.375649,0.256198,0.411921,0.979609,-0.189030,-0.054773,-0.040426,0.064619,3.427738,1.000000,0.342593,6.148588
7.670000,0.376127,0.256188,0.411862,0.979556,-0.189304,-0.054546,-0.040721,0.064621,3.426012,1.000000,0.347291,6.146623
7.675000,0.376605,0.256179,0.411803,0.979504,-0.189577,-0.054319,-0.041015,0.064623,3.424264,1.000000,0.351843,6.144691
7.680000,0.377083,0.256169,0.411744,0.979451,-0.189851,-0.054092,-0.041310,0.064626,3.422493,1.000000,0.356209,6.142784
7.685000,0.377561,0.256160,0.411685,0.979398,-0.190124,-0.053865,-0.041605,0.064628,3.420701,1.000000,0.360375,6.140860
7.690000,0.378039,0.256150,0.411626,0.979345,-0.190397,-0.053639,-0.041900,0.064630,3.418889,1.000000,0.364342,6.138969
7.695000,0.378517,0.256140,0.411567,0.979291,-0.190670,-0.053412,-0.042194,0.064633,3.417058,1.000000,0.368112,6.137102
7.700000,0.379019,0.256114,0.411494,0.979233,-0.190970,-0.053178,-0.042496,0.064636,3.415208,1.000000,0.371887,6.134349
7.705000,0.379520,0.256088,0.411420,0.979174,-0.191269,-0.052944,-0.042798,0.064638,3.413339,1.000000,0.375691,6.131583
7.710000,0.380022,0.256062,0.411346,0.979115,-0.191568,-0.052710,-0.043100,0.064641,3.411452,1.000000,0.379430,6.128852
7.715000,0.380523,0.256035,0.411273,0.979055,-0.191867,-0.052476,-0.043402,0.064644,3.409545,1.000000,0.383062,6.126213
7.720000,0.381025,0.256009,0.411199,0.978996,-0.192166,-0.052242,-0.043704,0.064646,3.407622,1.000000,0.386555,6.123555
7.725000,0.381526,0.255982,0.411125,0.978936,-0.192465,-0.052008,-0.044006,0.064649,3.405681,1.000000,0.389903,6.120933
7.730000,0.382028,0.255956,0.411052,0.978876,-0.192764,-0.051774,-0.044307,0.064652,3.403724,1.000000,0.393095,6.118322
7.735000,0.382547,0.255912,0.410972,0.978812,-0.193087,-0.051504,-0.044628,0.064655,3.401751,1.000000,0.396315,6.114848
7.740000,0.383067,0.255868,0.410893,0.978748,-0.193409,-0.051234,-0.044949,0.064658,3.399762,1.000000,0.399589,6.111359
7.745000,0.383586,0.255823,0.410813,0.978683,-0.193732,-0.050964,-0.045269,0.064661,3.397757,1.000000,0.402834,6.107920
7.750000,0.384106,0.255779,0.410734,0.978619,-0.194055,-0.050694,-0.045590,0.064665,3.395735,1.000000,0.406003,6.104531
7.755000,0.384626,0.255735,0.410654,0.978554,-0.194377,-0.050424,-0.045911,0.064668,3.393698,1.000000,0.409067,6.101122
7.760000,0.385145,0.255690,0.410575,0.978488,-0.194700,-0.050155,-0.046231,0.064671,3.391647,1.000000,0.412022,6.097752
7.765000,0.385665,0.255646,0.410495,0.978423,-0.195022,-0.049885,-0.046552,0.064674,3.389580,1.000000,0.414863,6.094441
7.770000,0.386189,0.255581,0.410403,0.978354,-0.195360,-0.049620,-0.046859,0.064677,3.387499,1.000000,0.417886,6.090357
7.775000,0.386713,0.255516,0.410310,0.978285,-0.195697,-0.049356,-0.047166,0.064681,3.385403,1.000000,0.421015,6.086316
7.780000,0.387237,0.255450,0.410218,0.978216,-0.196035,-0.049091,-0.047473,0.064684,3.383291,1.000000,0.424137,6.082302
7.785000,0.387761,0.255385,0.410126,0.978147,-0.196372,-0.048827,-0.047780,0.064688,3.381164,1.000000,0.427196,6.078310
7.790000,0.388285,0.255320,0.410033,0.978077,-0.196710,-0.048563,-0.048088,0.064691,3.379021,1.000000,0.430161,6.074298
7.795000,0.388809,0.255255,0.409941,0.978007,-0.197047,-0.048298,-0.048395,0.064694,3.376864,1.000000,0.433026,6.070328
7.800000,0.389359,0.255165,0.409855,0.977931,-0.197415,-0.048000,-0.048721,0.064698,3.374693,1.000000,0.436022,6.065154
7.805000,0.389910,0.255075,0.409770,0.977855,-0.197782,-0.047702,-0.049047,0.064702,3.372506,1.000000,0.439191,6.059967
7.810000,0.390461,0.254985,0.409684,0.977779,-0.198150,-0.047404,-0.049373,0.064706,3.370303,1.000000,0.442410,6.054823
7.815000,0.391012,0.254895,0.409599,0.977702,-0.198518,-0.047106,-0.049699,0.064710,3.368085,1.000000,0.445609,6.049708
7.820000,0.391562,0.254805,0.409514,0.977625,-0.198885,-0.046809,-0.050026,0.064714,3.365850,1.000000,0.448749,6.044579
7.825000,0.392113,0.254716,0.409428,0.977548,-0.199253,-0.046511,-0.050352,0.064718,3.363600,1.000000,0.451822,6.039491
7.830000,0.392664,0.254626,0.409343,0.977470,-0.199620,-0.046213,-0.050678,0.064722,3.361335,1.000000,0.454815,6.034434
7.835000,0.393238,0.254502,0.409272,0.977384,-0.200028,-0.045881,-0.051029,0.064726,3.359054,1.000000,0.458116,6.027885
7.840000,0.393812,0.254378,0.409201,0.977298,-0.200436,-0.045548,-0.051381,0.064730,3.356756,1.000000,0.461712,6.021326
7.845000,0.394386,0.254255,0.409130,0.977211,-0.200844,-0.045216,-0.051732,0.064735,3.354439,1.000000,0.465429,6.014809
7.850000,0.394960,0.254131,0.409059,0.977123,-0.201252,-0.044884,-0.052084,0.064740,3.352104,1.000000,0.469167,6.008312
7.855000,0.395534,0.254008,0.408989,0.977036,-0.201660,-0.044552,-0.052435,0.064744,3.349751,1.000000,0.472878,6.001797
7.860000,0.396108,0.253884,0.408918,0.976948,-0.202068,-0.044220,-0.052786,0.064748,3.347378,1.000000,0.476544,5.995325
7.865000,0.396683,0.253760,0.408847,0.976859,-0.202475,-0.043888,-0.053138,0.064753,3.344988,1.000000,0.480153,5.988920
7.870000,0.397284,0.253601,0.408791,0.976762,-0.202923,-0.043532,-0.053501,0.064758,3.342579,1.000000,0.484106,5.980894
7.875000,0.397885,0.253442,0.408736,0.976665,-0.203371,-0.043177,-0.053864,0.064763,3.340149,1.000000,0.488395,5.972920
7.880000,0.398486,0.253283,0.408680,0.976567,-0.203819,-0.042822,-0.054227,0.064768,3.337698,1.000000,0.492816,5.964962
7.885000,0.399086,0.253124,0.408625,0.976469,-0.204266,-0.042467,-0.054590,0.064773,3.335224,1.000000,0.497266,5.957013
7.890000,0.399687,0.252965,0.408569,0.976370,-0.204714,-0.042111,-0.054953,0.064778,3.332728,1.000000,0.501690,5.949047
7.895000,0.400288,0.252806,0.408514,0.976271,-0.205161,-0.041756,-0.055316,0.064783,3.330210,1.000000,0.506067,5.941127
7.900000,0.400889,0.252647,0.408458,0.976172,-0.205608,-0.041401,-0.055679,0.064789,3.327671,1.000000,0.510385,5.933275
7.905000,0.401496,0.252446,0.408398,0.976066,-0.206085,-0.041079,-0.056012,0.064794,3.325108,1.000000,0.515234,5.923864
7.910000,0.402103,0.252245,0.408337,0.975959,-0.206563,-0.040757,-0.056344,0.064800,3.322520,1.000000,0.520457,5.914505
7.915000,0.402711,0.252044,0.408277,0.975852,-0.207040,-0.040435,-0.056677,0.064806,3.319906,1.000000,0.525812,5.905157
7.920000,0.403318,0.251843,0.408217,0.975745,-0.207516,-0.040113,-0.057009,0.064811,3.317264,1.000000,0.531181,5.895787
7.925000,0.403925,0.251642,0.408156,0.975637,-0.207993,-0.039791,-0.057341,0.064817,3.314596,1.000000,0.536512,5.886461
7.930000,0.404532,0.251441,0.408096,0.975529,-0.208470,-0.039469,-0.057673,0.064823,3.311902,1.000000,0.541773,5.877171
7.935000,0.405139,0.251240,0.408036,0.975420,-0.208947,-0.039147,-0.058006,0.064829,3.309181,1.000000,0.546947,5.867928
7.940000,0.405732,0.251019,0.407973,0.975311,-0.209424,-0.038857,-0.058310,0.064834,3.306434,1.000000,0.552332,5.858187
7.945000,0.406325,0.250799,0.407910,0.975202,-0.209901,-0.038566,-0.058615,0.064840,3.303660,1.000000,0.557773,5.848490
7.950000,0.406918,0.250579,0.407847,0.975092,-0.210379,-0.038276,-0.058920,0.064846,3.300859,1.000000,0.563177,5.838843
7.955000,0.407511,0.250358,0.407784,0.974982,-0.210856,-0.037986,-0.059224,0.064852,3.298031,1.000000,0.568489,5.829176
7.960000,0.408104,0.250138,0.407721,0.974871,-0.211333,-0.037696,-0.059529,0.064858,3.295176,1.000000,0.573694,5.819552
7.965000,0.408697,0.249917,0.407658,0.974760,-0.211810,-0.037405,-0.059834,0.064864,3.292296,1.000000,0.578766,5.809938
7.970000,0.409291,0.249684,0.407592,0.974648,-0.212292,-0.037128,-0.060129,0.064870,3.289391,1.000000,0.583861,5.799861
7.975000,0.409885,0.249450,0.407526,0.974535,-0.212774,-0.036851,-0.060424,0.064875,3.286461,1.000000,0.588932,5.789767
7.980000,0.410479,0.249216,0.407461,0.974422,-0.213256,-0.036574,-0.060719,0.064882,3.283505,1.000000,0.593928,5.779734
7.985000,0.411073,0.248982,0.407395,0.974308,-0.213738,-0.036297,-0.061013,0.064888,3.280524,1.000000,0.598818,5.769762
7.990000,0.411667,0.248748,0.407329,0.974194,-0.214219,-0.036020,-0.061308,0.064893,3.277520,1.000000,0.603572,5.759771
7.995000,0.412261,0.248515,0.407263,0.974080,-0.214701,-0.035743,-0.061603,0.064899,3.274492,1.000000,0.608188,5.749824
8.000000,0.412855,0.248281,0.407198,0.973965,-0.215182,-0.035466,-0.061898,0.064905,3.271442,1.000000,0.612658,5.739921
8.005000,0.413426,0.248020,0.407113,0.973849,-0.215670,-0.035276,-0.062134,0.064911,3.268368,1.000000,0.617522,5.729371
8.010000,0.413997,0.247759,0.407029,0.973732,-0.216158,-0.035085,-0.062370,0.064918,3.265269,1.000000,0.622524,5.718869
8.015000,0.414568,0.247498,0.406944,0.973616,-0.216646,-0.034894,-0.062606,0.064924,3.262145,1.000000,0.627509,5.708395
8.020000,0.415139,0.247238,0.406860,0.973499,-0.217134,-0.034704,-0.062841,0.064930,3.258997,1.000000,0.632398,5.697942
8.025000,0.415710,0.246977,0.406775,0.973381,-0.217621,-0.034513,-0.063077,0.064936,3.255824,1.000000,0.637145,5.687467
8.030000,0.416281,0.246716,0.406691,0.973264,-0.218109,-0.034322,-0.063313,0.064943,3.252628,1.000000,0.641738,5.677035
8.035000,0.416852,0.246455,0.406606,0.973146,-0.218596,-0.034132,-0.063549,0.064949,3.249410,1.000000,0.646161,5.666624
8.040000,0.417401,0.246193,0.406526,0.973031,-0.219072,-0.033979,-0.063755,0.064955,3.246170,1.000000,0.650560,5.656374
8.045000,0.417950,0.245930,0.406446,0.972915,-0.219547,-0.033826,-0.063961,0.064961,3.242908,1.000000,0.654793,5.646165
8.050000,0.418499,0.245668,0.406366,0.972799,-0.220022,-0.033674,-0.064167,0.064967,3.239625,1.000000,0.658859,5.636018
8.055000,0.419048,0.245405,0.406286,0.972684,-0.220497,-0.033521,-0.064374,0.064973,3.236323,1.000000,0.662739,5.625851
8.060000,0.419598,0.245143,0.406207,0.972567,-0.220973,-0.033368,-0.064580,0.064979,3.233001,1.000000,0.666440,5.615725
8.065000,0.420147,0.244880,0.406127,0.972451,-0.221448,-0.033215,-0.064786,0.064986,3.229662,1.000000,0.669960,5.605630
8.070000,0.420696,0.244617,0.406047,0.972334,-0.221923,-0.033062,-0.064992,0.064992,3.226306,1.000000,0.673302,5.595558
8.075000,0.421233,0.244358,0.405970,0.972220,-0.222384,-0.032920,-0.065185,0.064998,3.222933,1.000000,0.676449,5.585713
8.080000,0.421771,0.244099,0.405893,0.972107,-0.222845,-0.032778,-0.065379,0.065004,3.219546,1.000000,0.679356,5.575907
8.085000,0.422308,0.243840,0.405816,0.971992,-0.223306,-0.032636,-0.065572,0.065010,3.216144,1.000000,0.682048,5.566115
8.090000,0.422845,0.243580,0.405739,0.971878,-0.223767,-0.032494,-0.065766,0.065015,3.212730,1.000000,0.684541,5.556299
8.095000,0.423382,0.243321,0.405662,0.971764,-0.224228,-0.032351,-0.065959,0.065021,3.209304,1.000000,0.686855,5.546524
8.100000,0.423920,0.243062,0.405585,0.971649,-0.224689,-0.032209,-0.066152,0.065027,3.205867,1.000000,0.689003,5.536815
8.105000,0.424457,0.242803,0.405509,0.971534,-0.225150,-0.032067,-0.066345,0.065033,3.202419,1.000000,0.690976,5.527089
8.110000,0.424961,0.242543,0.405418,0.971428,-0.225575,-0.032011,-0.066474,0.065039,3.198961,1.000000,0.692922,5.517798
8.115000,0.425465,0.242283,0.405327,0.971322,-0.226000,-0.031956,-0.066603,0.065044,3.195495,1.000000,0.694639,5.508534
8.120000,0.425969,0.242022,0.405236,0.971216,-0.226425,-0.031900,-0.066732,0.065050,3.192020,1.000000,0.696148,5.499292
8.125000,0.426473,0.241762,0.405146,0.971110,-0.226850,-0.031845,-0.066860,0.065055,3.188538,1.000000,0.697456,5.490023
8.130000,0.426977,0.241502,0.405055,0.971004,-0.227275,-0.031790,-0.066989,0.065061,3.185051,1.000000,0.698583,5.480793
8.135000,0.427481,0.241242,0.404965,0.970897,-0.227700,-0.031734,-0.067118,0.065067,3.181558,1.000000,0.699530,5.471572
8.140000,0.427957,0.240977,0.404866,0.970798,-0.228099,-0.031778,-0.067180,0.065072,3.178060,1.000000,0.700528,5.462466
8.145000,0.428432,0.240711,0.404767,0.970698,-0.228498,-0.031821,-0.067243,0.065078,3.174558,1.000000,0.701387,5.453398
8.150000,0.428908,0.240445,0.404669,0.970598,-0.228898,-0.031864,-0.067305,0.065083,3.171051,1.000000,0.702097,5.444394
8.155000,0.429383,0.240180,0.404570,0.970498,-0.229297,-0.031907,-0.067368,0.065088,3.167542,1.000000,0.702639,5.435373
8.160000,0.429859,0.239914,0.404472,0.970398,-0.229696,-0.031950,-0.067430,0.065094,3.164030,1.000000,0.703027,5.426390
8.165000,0.430334,0.239648,0.404373,0.970297,-0.230096,-0.031994,-0.067493,0.065100,3.160517,1.000000,0.703264,5.417430
8.170000,0.430810,0.239382,0.404275,0.970197,-0.230495,-0.032037,-0.067555,0.065105,3.157003,1.000000,0.703355,5.408489
8.175000,0.431276,0.239114,0.404182,0.970098,-0.230890,-0.032109,-0.067599,0.065110,3.153489,1.000000,0.703401,5.399497
8.180000,0.431743,0.238845,0.404089,0.969998,-0.231285,-0.032181,-0.067643,0.065116,3.149975,1.000000,0.703348,5.390542
8.185000,0.432209,0.238577,0.403996,0.969898,-0.231680,-0.032254,-0.067687,0.065122,3.146461,1.000000,0.703178,5.381590
8.190000,0.432676,0.238309,0.403902,0.969798,-0.232074,-0.032326,-0.067731,0.065127,3.142948,1.000000,0.702889,5.372610
8.195000,0.433142,0.238040,0.403809,0.969698,-0.232469,-0.032399,-0.067775,0.065132,3.139438,1.000000,0.702495,5.363668
8.200000,0.433609,0.237772,0.403716,0.969598,-0.232864,-0.032471,-0.067819,0.065138,3.135929,1.000000,0.702004,5.354772
8.205000,0.434076,0.237503,0.403623,0.969498,-0.233258,-0.032543,-0.067863,0.065143,3.132424,1.000000,0.701410,5.345855
8.210000,0.434541,0.237257,0.403554,0.969404,-0.233624,-0.032593,-0.067918,0.065148,3.128922,1.000000,0.700388,5.337695
8.215000,0.435006,0.237010,0.403484,0.969311,-0.233989,-0.032643,-0.067974,0.065153,3.125427,1.000000,0.698989,5.329544
8.220000,0.435471,0.236764,0.403415,0.969217,-0.234355,-0.032692,-0.068030,0.065158,3.121939,1.000000,0.697361,5.321403
8.225000,0.435936,0.236517,0.403346,0.969123,-0.234720,-0.032742,-0.068086,0.065163,3.118460,1.000000,0.695577,5.313231
8.230000,0.436401,0.236270,0.403276,0.969029,-0.235085,-0.032791,-0.068141,0.065168,3.114990,1.000000,0.693692,5.305097
8.235000,0.436866,0.236024,0.403207,0.968934,-0.235450,-0.032841,-0.068197,0.065173,3.111530,1.000000,0.691729,5.296978
8.240000,0.437331,0.235777,0.403138,0.968840,-0.235815,-0.032891,-0.068253,0.065178,3.108080,1.000000,0.689694,5.288828
8.245000,0.437787,0.235554,0.403078,0.968754,-0.236146,-0.032928,-0.068310,0.065182,3.104641,1.000000,0.687289,5.281601
8.250000,0.438244,0.235330,0.403018,0.968668,-0.236478,-0.032965,-0.068368,0.065187,3.101215,1.000000,0.684536,5.274382
8.255000,0.438700,0.235107,0.402958,0.968581,-0.236810,-0.033003,-0.068425,0.065191,3.097803,1.000000,0.681576,5.267134
8.260000,0.439156,0.234883,0.402898,0.968495,-0.237141,-0.033040,-0.068483,0.065195,3.094407,1.000000,0.678503,5.259923
8.265000,0.439612,0.234659,0.402838,0.968408,-0.237473,-0.033077,-0.068540,0.065200,3.091026,1.000000,0.675357,5.252723
8.270000,0.440068,0.234436,0.402778,0.968322,-0.237805,-0.033115,-0.068597,0.065204,3.087661,1.000000,0.672163,5.245529
8.275000,0.440524,0.234212,0.402718,0.968235,-0.238136,-0.033152,-0.068655,0.065208,3.084312,1.000000,0.668928,5.238305
8.280000,0.440982,0.234002,0.402667,0.968153,-0.238448,-0.033179,-0.068717,0.065213,3.080980,1.000000,0.665443,5.231535
8.285000,0.441441,0.233791,0.402615,0.968071,-0.238759,-0.033206,-0.068780,0.065217,3.077666,1.000000,0.661759,5.224773
8.290000,0.441900,0.233581,0.402564,0.967988,-0.239071,-0.033233,-0.068843,0.065220,3.074370,1.000000,0.657967,5.217980
8.295000,0.442358,0.233370,0.402512,0.967906,-0.239382,-0.033260,-0.068905,0.065225,3.071094,1.000000,0.654131,5.211224
8.300000,0.442817,0.233160,0.402461,0.967824,-0.239694,-0.033287,-0.068968,0.065229,3.067837,1.000000,0.650283,5.204501
8.305000,0.443276,0.232949,0.402409,0.967741,-0.240005,-0.033314,-0.069030,0.065232,3.064599,1.000000,0.646430,5.197753
8.310000,0.443748,0.232757,0.402384,0.967660,-0.240304,-0.033322,-0.069122,0.065236,3.061381,1.000000,0.642270,5.191459
8.315000,0.444220,0.232565,0.402359,0.967579,-0.240603,-0.033330,-0.069213,0.065240,3.058185,1.000000,0.637909,5.185157
8.320000,0.444693,0.232373,0.402334,0.967497,-0.240903,-0.033339,-0.069305,0.065244,3.055011,1.000000,0.633463,5.178839
8.325000,0.445165,0.232181,0.402309,0.967416,-0.241201,-0.033347,-0.069396,0.065247,3.051859,1.000000,0.628993,5.172490
8.330000,0.445637,0.231990,0.402284,0.967335,-0.241500,-0.033355,-0.069487,0.065251,3.048729,1.000000,0.624544,5.166177
8.335000,0.446110,0.231798,0.402259,0.967253,-0.241800,-0.033364,-0.069579,0.065255,3.045622,1.000000,0.620130,5.159861
8.340000,0.446582,0.231606,0.402234,0.967172,-0.242098,-0.033372,-0.069670,0.065258,3.042537,1.000000,0.615757,5.153514
8.345000,0.447059,0.231441,0.402234,0.967091,-0.242385,-0.033370,-0.069796,0.065262,3.039474,1.000000,0.611083,5.147997
8.350000,0.447537,0.231276,0.402234,0.967010,-0.242673,-0.033369,-0.069923,0.065265,3.036435,1.000000,0.606198,5.142499
8.355000,0.448014,0.231111,0.402233,0.966928,-0.242959,-0.033367,-0.070049,0.065268,3.033420,1.000000,0.601234,5.136974
8.360000,0.448491,0.230946,0.402233,0.966847,-0.243246,-0.033365,-0.070175,0.065272,3.030431,1.000000,0.596274,5.131487
8.365000,0.448969,0.230781,0.402233,0.966766,-0.243533,-0.033364,-0.070302,0.065275,3.027466,1.000000,0.591350,5.125993
8.370000,0.449446,0.230616,0.402232,0.966684,-0.243820,-0.033362,-0.070428,0.065279,3.024526,1.000000,0.586481,5.120482
8.375000,0.449923,0.230451,0.402232,0.966603,-0.244107,-0.033361,-0.070554,0.065282,3.021610,1.000000,0.581676,5.114940
8.380000,0.450401,0.230311,0.402238,0.966523,-0.244381,-0.033362,-0.070702,0.065285,3.018718,1.000000,0.576638,5.110289
8.385000,0.450879,0.230171,0.402245,0.966443,-0.244655,-0.033364,-0.070850,0.065288,3.015853,1.000000,0.571438,5.105649
8.390000,0.451356,0.230031,0.402251,0.966362,-0.244928,-0.033366,-0.070998,0.065291,3.013013,1.000000,0.566188,5.100978
8.395000,0.451834,0.229891,0.402257,0.966282,-0.245202,-0.033368,-0.071145,0.065294,3.010199,1.000000,0.560963,5.096347
8.400000,0.452312,0.229751,0.402264,0.966202,-0.245475,-0.033370,-0.071293,0.065297,3.007412,1.000000,0.555795,5.091717
8.405000,0.452790,0.229611,0.402270,0.966121,-0.245749,-0.033372,-0.071441,0.065299,3.004650,1.000000,0.550694,5.087053
8.410000,0.453267,0.229472,0.402276,0.966040,-0.246023,-0.033374,-0.071589,0.065303,3.001913,1.000000,0.545684,5.082430
8.415000,0.453746,0.229353,0.402284,0.965962,-0.246281,-0.033381,-0.071749,0.065305,2.999202,1.000000,0.540484,5.078550
8.420000,0.454224,0.229234,0.402291,0.965884,-0.246540,-0.033388,-0.071910,0.065308,2.996517,1.000000,0.535158,5.074671
8.425000,0.454703,0.229115,0.402298,0.965806,-0.246798,-0.033395,-0.072071,0.065310,2.993859,1.000000,0.529810,5.070760
8.430000,0.455181,0.228996,0.402305,0.965728,-0.247057,-0.033402,-0.072231,0.065313,2.991228,1.000000,0.524506,5.066886
8.435000,0.455660,0.228877,0.402312,0.965649,-0.247315,-0.033409,-0.072392,0.065316,2.988623,1.000000,0.519275,5.063004
8.440000,0.456138,0.228758,0.402319,0.965571,-0.247573,-0.033417,-0.072552,0.065318,2.986044,1.000000,0.514127,5.059092
8.445000,0.456617,0.228639,0.402326,0.965492,-0.247832,-0.033424,-0.072713,0.065321,2.983490,1.000000,0.509083,5.055220
8.450000,0.457098,0.228550,0.402353,0.965421,-0.248059,-0.033414,-0.072892,0.065323,2.980962,1.000000,0.503676,5.052294
8.455000,0.457579,0.228460,0.402381,0.965349,-0.248287,-0.033404,-0.073070,0.065325,2.978462,1.000000,0.498014,5.049329
8.460000,0.458060,0.228371,0.402408,0.965277,-0.248514,-0.033394,-0.073249,0.065327,2.975991,1.000000,0.492284,5.046405
8.465000,0.458541,0.228281,0.402436,0.965205,-0.248742,-0.033384,-0.073428,0.065330,2.973548,1.000000,0.486576,5.043490
8.470000,0.459022,0.228192,0.402463,0.965133,-0.248969,-0.033374,-0.073606,0.065332,2.971134,1.000000,0.480938,5.040578
8.475000,0.459503,0.228102,0.402491,0.965062,-0.249196,-0.033364,-0.073785,0.065333,2.968748,1.000000,0.475387,5.037636
8.480000,0.459986,0.228032,0.402516,0.964994,-0.249405,-0.033357,-0.073968,0.065335,2.966389,1.000000,0.469662,5.035427
8.485000,0.460470,0.227962,0.402540,0.964926,-0.249614,-0.033349,-0.074151,0.065337,2.964060,1.000000,0.463836,5.033214
8.490000,0.460953,0.227892,0.402565,0.964858,-0.249823,-0.033342,-0.074334,0.065339,2.961760,1.000000,0.458010,5.030972
8.495000,0.461436,0.227822,0.402589,0.964790,-0.250031,-0.033335,-0.074517,0.065340,2.959489,1.000000,0.452250,5.028774
8.500000,0.461920,0.227752,0.402614,0.964722,-0.250240,-0.033328,-0.074700,0.065342,2.957246,1.000000,0.446581,5.026572
8.505000,0.462403,0.227682,0.402638,0.964654,-0.250449,-0.033321,-0.074883,0.065344,2.955032,1.000000,0.441015,5.024337
8.510000,0.462886,0.227612,0.402663,0.964586,-0.250658,-0.033314,-0.075066,0.065346,2.952845,1.000000,0.435570,5.022147
8.515000,0.463368,0.227548,0.402681,0.964520,-0.250857,-0.033310,-0.075246,0.065347,2.950684,1.000000,0.430150,5.020256
8.520000,0.463850,0.227485,0.402698,0.964454,-0.251057,-0.033307,-0.075426,0.065349,2.948551,1.000000,0.424773,5.018372
8.525000,0.464332,0.227422,0.402716,0.964388,-0.251256,-0.033303,-0.075607,0.065350,2.946445,1.000000,0.419473,5.016457
8.530000,0.464814,0.227359,0.402734,0.964322,-0.251455,-0.033299,-0.075787,0.065352,2.944365,1.000000,0.414282,5.014586
8.535000,0.465296,0.227296,0.402752,0.964256,-0.251655,-0.033296,-0.075968,0.065354,2.942310,1.000000,0.409214,5.012733
8.540000,0.465778,0.227232,0.402770,0.964190,-0.251854,-0.033292,-0.076148,0.065355,2.940281,1.000000,0.404262,5.010849
8.545000,0.466260,0.227169,0.402787,0.964124,-0.252053,-0.033288,-0.076328,0.065356,2.938275,1.000000,0.399440,5.009010
8.550000,0.466748,0.227118,0.402818,0.964062,-0.252237,-0.033268,-0.076515,0.065358,2.936295,1.000000,0.394500,5.007487
8.555000,0.467235,0.227066,0.402848,0.964000,-0.252420,-0.033248,-0.076702,0.065359,2.934339,1.000000,0.389524,5.005931
8.560000,0.467723,0.227014,0.402879,0.963938,-0.252604,-0.033228,-0.076888,0.065360,2.932408,1.000000,0.384598,5.004419
8.565000,0.468211,0.226963,0.402909,0.963875,-0.252787,-0.033208,-0.077075,0.065362,2.930501,1.000000,0.379763,5.002913
8.570000,0.468699,0.226911,0.402940,0.963813,-0.252970,-0.033188,-0.077261,0.065363,2.928618,1.000000,0.375037,5.001411
8.575000,0.469186,0.226859,0.402970,0.963750,-0.253154,-0.033168,-0.077448,0.065364,2.926758,1.000000,0.370426,4.999879
8.580000,0.469674,0.226808,0.403001,0.963688,-0.253337,-0.033148,-0.077635,0.065365,2.924921,1.000000,0.365943,4.998394
8.585000,0.470169,0.226762,0.403021,0.963628,-0.253510,-0.033131,-0.077815,0.065367,2.923107,1.000000,0.361464,4.997140
8.590000,0.470664,0.226716,0.403041,0.963569,-0.253683,-0.033113,-0.077995,0.065367,2.921314,1.000000,0.357026,4.995857
8.595000,0.471159,0.226670,0.403062,0.963509,-0.253856,-0.033096,-0.078175,0.065369,2.919544,1.000000,0.352674,4.994620
8.600000,0.471654,0.226625,0.403082,0.963450,-0.254029,-0.033078,-0.078355,0.065370,2.917795,1.000000,0.348419,4.993373
8.605000,0.472148,0.226579,0.403103,0.963390,-0.254202,-0.033061,-0.078535,0.065371,2.916067,1.000000,0.344268,4.992098
8.610000,0.472643,0.226533,0.403123,0.963330,-0.254375,-0.033043,-0.078715,0.065372,2.914360,1.000000,0.340234,4.990869
8.615000,0.473138,0.226487,0.403143,0.963270,-0.254549,-0.033026,-0.078895,0.065373,2.912672,1.000000,0.336322,4.989668
8.620000,0.473637,0.226440,0.403153,0.963216,-0.254708,-0.033003,-0.079057,0.065374,2.911003,1.000000,0.332492,4.988453
8.625000,0.474136,0.226392,0.403164,0.963161,-0.254866,-0.032981,-0.079219,0.065375,2.909354,1.000000,0.328741,4.987208
8.630000,0.474635,0.226344,0.403174,0.963107,-0.255025,-0.032958,-0.079381,0.065376,2.907723,1.000000,0.325087,4.986007
8.635000,0.475134,0.226296,0.403184,0.963052,-0.255185,-0.032936,-0.079543,0.065377,2.906110,1.000000,0.321532,4.984816
8.640000,0.475632,0.226249,0.403194,0.962997,-0.255343,-0.032914,-0.079705,0.065378,2.904514,1.000000,0.318075,4.983597
8.645000,0.476131,0.226201,0.403204,0.962942,-0.255502,-0.032891,-0.079867,0.065379,2.902936,1.000000,0.314725,4.982425
8.650000,0.476639,0.226143,0.403214,0.962896,-0.255642,-0.032844,-0.080002,0.065380,2.901374,1.000000,0.311476,4.980886
8.655000,0.477147,0.226085,0.403223,0.962849,-0.255782,-0.032797,-0.080137,0.065380,2.899828,1.000000,0.308335,4.979317
8.660000,0.477655,0.226028,0.403233,0.962802,-0.255921,-0.032750,-0.080272,0.065381,2.898297,1.000000,0.305300,4.977797
8.665000,0.478163,0.225970,0.403242,0.962755,-0.256061,-0.032703,-0.080407,0.065382,2.896781,1.000000,0.302369,4.976309
8.670000,0.478671,0.225912,0.403252,0.962708,-0.256201,-0.032656,-0.080542,0.065382,2.895280,1.000000,0.299533,4.974799
8.675000,0.479179,0.225854,0.403262,0.962662,-0.256341,-0.032609,-0.080677,0.065383,2.893792,1.000000,0.296795,4.973338
8.680000,0.479687,0.225796,0.403271,0.962615,-0.256480,-0.032562,-0.080812,0.065384,2.892318,1.000000,0.294151,4.971892
8.685000,0.480204,0.225720,0.403275,0.962577,-0.256600,-0.032489,-0.080908,0.065385,2.890856,1.000000,0.291690,4.969826
8.690000,0.480721,0.225645,0.403278,0.962540,-0.256719,-0.032415,-0.081003,0.065386,2.889406,1.000000,0.289385,4.967731
8.695000,0.481237,0.225569,0.403281,0.962502,-0.256839,-0.032342,-0.081099,0.065386,2.887968,1.000000,0.287200,4.965686
8.700000,0.481754,0.225493,0.403284,0.962465,-0.256958,-0.032269,-0.081195,0.065387,2.886540,1.000000,0.285109,4.963647
8.705000,0.482271,0.225418,0.403288,0.962427,-0.257078,-0.032196,-0.081290,0.065388,2.885123,1.000000,0.283100,4.961581
8.710000,0.482787,0.225342,0.403291,0.962390,-0.257197,-0.032122,-0.081386,0.065388,2.883715,1.000000,0.281173,4.959566
8.715000,0.483304,0.225266,0.403294,0.962352,-0.257317,-0.032049,-0.081481,0.065389,2.882316,1.000000,0.279329,4.957592
8.720000,0.483828,0.225178,0.403297,0.962323,-0.257417,-0.031950,-0.081548,0.065390,2.880927,1.000000,0.277583,4.955150
8.725000,0.484351,0.225090,0.403300,0.962294,-0.257518,-0.031852,-0.081616,0.065390,2.879546,1.000000,0.275936,4.952758
8.730000,0.484875,0.225002,0.403303,0.962264,-0.257619,-0.031753,-0.081683,0.065391,2.878173,1.000000,0.274365,4.950393
8.735000,0.485399,0.224914,0.403306,0.962235,-0.257719,-0.031654,-0.081750,0.065392,2.876807,1.000000,0.272859,4.948049
8.740000,0.485922,0.224826,0.403309,0.962205,-0.257820,-0.031556,-0.081817,0.065392,2.875449,1.000000,0.271407,4.945677
8.745000,0.486446,0.224737,0.403312,0.962176,-0.257921,-0.031457,-0.081884,0.065393,2.874098,1.000000,0.270009,4.943351
8.750000,0.486969,0.224649,0.403314,0.962146,-0.258021,-0.031358,-0.081951,0.065394,2.872754,1.000000,0.268660,4.941026
8.755000,0.487492,0.224549,0.403310,0.962128,-0.258096,-0.031235,-0.081979,0.065394,2.871417,1.000000,0.267408,4.938303
8.760000,0.488015,0.224449,0.403306,0.962109,-0.258172,-0.031112,-0.082006,0.065394,2.870085,1.000000,0.266220,4.935631
8.765000,0.488538,0.224348,0.403303,0.962091,-0.258247,-0.030989,-0.082033,0.065395,2.868759,1.000000,0.265080,4.933000
8.770000,0.489061,0.224248,0.403299,0.962072,-0.258322,-0.030866,-0.082061,0.065395,2.867439,1.000000,0.263968,4.930344
8.775000,0.489584,0.224148,0.403295,0.962054,-0.258397,-0.030743,-0.082088,0.065395,2.866124,1.000000,0.262886,4.927740
8.780000,0.490107,0.224047,0.403291,0.962035,-0.258473,-0.030620,-0.082115,0.065396,2.864815,1.000000,0.261824,4.925152
8.785000,0.490630,0.223947,0.403287,0.962016,-0.258548,-0.030497,-0.082142,0.065396,2.863511,1.000000,0.260781,4.922578
8.790000,0.491145,0.223825,0.403269,0.962012,-0.258592,-0.030346,-0.082108,0.065396,2.862211,1.000000,0.259951,4.919322
8.795000,0.491661,0.223702,0.403251,0.962008,-0.258637,-0.030195,-0.082073,0.065397,2.860916,1.000000,0.259232,4.916121
8.800000,0.492176,0.223580,0.403233,0.962004,-0.258682,-0.030045,-0.082039,0.065397,2.859623,1.000000,0.258568,4.912949
8.805000,0.492692,0.223458,0.403215,0.961999,-0.258726,-0.029894,-0.082004,0.065397,2.858334,1.000000,0.257919,4.909749
8.810000,0.493207,0.223336,0.403197,0.961995,-0.258771,-0.029744,-0.081969,0.065398,2.857048,1.000000,0.257281,4.906601
8.815000,0.493723,0.223214,0.403179,0.961990,-0.258815,-0.029593,-0.081935,0.065398,2.855766,1.000000,0.256651,4.903524
8.820000,0.494235,0.223073,0.403148,0.961998,-0.258834,-0.029419,-0.081847,0.065398,2.854486,1.000000,0.256164,4.899865
8.825000,0.494746,0.222932,0.403117,0.962006,-0.258853,-0.029246,-0.081760,0.065398,2.853208,1.000000,0.255749,4.896257
8.830000,0.495258,0.222792,0.403087,0.962013,-0.258871,-0.029072,-0.081673,0.065398,2.851932,1.000000,0.255351,4.892685
8.835000,0.495769,0.222651,0.403056,0.962021,-0.258890,-0.028899,-0.081586,0.065398,2.850658,1.000000,0.254941,4.889090
8.840000,0.496281,0.222510,0.403025,0.962029,-0.258909,-0.028725,-0.081498,0.065398,2.849387,1.000000,0.254518,4.885547
8.845000,0.496793,0.222370,0.402994,0.962036,-0.258927,-0.028552,-0.081411,0.065399,2.848117,1.000000,0.254072,4.882037
8.850000,0.497304,0.222229,0.402963,0.962044,-0.258946,-0.028378,-0.081324,0.065399,2.846850,1.000000,0.253600,4.878561
8.855000,0.497818,0.222069,0.402913,0.962062,-0.258943,-0.028189,-0.081186,0.065399,2.845585,1.000000,0.253234,4.874490
8.860000,0.498331,0.221910,0.402863,0.962080,-0.258939,-0.028000,-0.081048,0.065399,2.844322,1.000000,0.252929,4.870473
8.865000,0.498844,0.221750,0.402813,0.962098,-0.258936,-0.027810,-0.080910,0.065399,2.843060,1.000000,0.252621,4.866499
8.870000,0.499357,0.221590,0.402763,0.962116,-0.258933,-0.027621,-0.080772,0.065399,2.841800,1.000000,0.252284,4.862498
8.875000,0.499870,0.221431,0.402713,0.962134,-0.258929,-0.027432,-0.080634,0.065399,2.840541,1.000000,0.251910,4.858552
8.880000,0.500383,0.221271,0.402663,0.962152,-0.258926,-0.027242,-0.080496,0.065399,2.839285,1.000000,0.251499,4.854656
8.885000,0.500897,0.221111,0.402613,0.962169,-0.258922,-0.027053,-0.080358,0.065399,2.838031,1.000000,0.251035,4.850743
8.890000,0.501410,0.220929,0.402552,0.962200,-0.258891,-0.026835,-0.080163,0.065399,2.836779,1.000000,0.250665,4.846183
8.895000,0.501923,0.220747,0.402491,0.962231,-0.258859,-0.026617,-0.079968,0.065399,2.835528,1.000000,0.250335,4.841654
8.900000,0.502436,0.220565,0.402430,0.962262,-0.258827,-0.026399,-0.079772,0.065399,2.834280,1.000000,0.249989,4.837157
8.905000,0.502949,0.220383,0.402369,0.962293,-0.258795,-0.026181,-0.079577,0.065399,2.833033,1.000000,0.249595,4.832634
8.910000,0.503462,0.220201,0.402308,0.962323,-0.258763,-0.025963,-0.079382,0.065399,2.831788,1.000000,0.249147,4.828168
8.915000,0.503975,0.220019,0.402247,0.962354,-0.258732,-0.025745,-0.079187,0.065399,2.830546,1.000000,0.248639,4.823757
8.920000,0.504489,0.219837,0.402185,0.962384,-0.258700,-0.025527,-0.078992,0.065399,2.829306,1.000000,0.248063,4.819320
8.925000,0.504998,0.219639,0.402120,0.962428,-0.258637,-0.025278,-0.078746,0.065399,2.828070,1.000000,0.247494,4.814437
8.930000,0.505507,0.219441,0.402055,0.962471,-0.258574,-0.025029,-0.078500,0.065399,2.826836,1.000000,0.246894,4.809590
8.935000,0.506016,0.219243,0.401989,0.962515,-0.258511,-0.024780,-0.078254,0.065398,2.825606,1.000000,0.246231,4.804721
8.940000,0.506526,0.219045,0.401924,0.962558,-0.258448,-0.024531,-0.078008,0.065398,2.824379,1.000000,0.245502,4.799908
8.945000,0.507035,0.218847,0.401859,0.962601,-0.258385,-0.024283,-0.077762,0.065398,2.823156,1.000000,0.244700,4.795133
8.950000,0.507544,0.218649,0.401793,0.962644,-0.258322,-0.024034,-0.077516,0.065398,2.821937,1.000000,0.243825,4.790392
8.955000,0.508054,0.218450,0.401728,0.962687,-0.258259,-0.023785,-0.077271,0.065397,2.820723,1.000000,0.242871,4.785625
8.960000,0.508566,0.218238,0.401657,0.962738,-0.258177,-0.023515,-0.076989,0.065397,2.819514,1.000000,0.241894,4.780458
8.965000,0.509078,0.218025,0.401586,0.962789,-0.258094,-0.023245,-0.076706,0.065396,2.818309,1.000000,0.240884,4.775321
8.970000,0.509590,0.217813,0.401515,0.962840,-0.258011,-0.022975,-0.076424,0.065396,2.817110,1.000000,0.239813,4.770161
8.975000,0.510102,0.217600,0.401444,0.962891,-0.257929,-0.022705,-0.076142,0.065395,2.815917,1.000000,0.238677,4.765059
8.980000,0.510614,0.217388,0.401373,0.962942,-0.257846,-0.022435,-0.075860,0.065395,2.814729,1.000000,0.237476,4.760025
8.985000,0.511127,0.217175,0.401302,0.962993,-0.257763,-0.022166,-0.075578,0.065394,2.813548,1.000000,0.236198,4.754979
8.990000,0.511641,0.216955,0.401239,0.963047,-0.257671,-0.021875,-0.075283,0.065394,2.812373,1.000000,0.234852,4.749702
8.995000,0.512155,0.216735,0.401176,0.963102,-0.257578,-0.021585,-0.074988,0.065394,2.811206,1.000000,0.233449,4.744460
9.000000,0.512670,0.216515,0.401113,0.963156,-0.257485,-0.021295,-0.074693,0.065394,2.810045,1.000000,0.231979,4.739250
9.005000,0.513184,0.216295,0.401050,0.963210,-0.257392,-0.021005,-0.074398,0.065393,2.808892,1.000000,0.230435,4.734017
9.010000,0.513698,0.216075,0.400987,0.963264,-0.257299,-0.020714,-0.074103,0.065392,2.807747,1.000000,0.228824,4.728844
9.015000,0.514213,0.215854,0.400924,0.963317,-0.257206,-0.020424,-0.073808,0.065392,2.806611,1.000000,0.227144,4.723715
9.020000,0.514727,0.215634,0.400861,0.963371,-0.257113,-0.020134,-0.073513,0.065391,2.805482,1.000000,0.225392,4.718562
9.025000,0.515238,0.215410,0.400803,0.963425,-0.257018,-0.019837,-0.073216,0.065391,2.804363,1.000000,0.223620,4.713297
9.030000,0.515749,0.215185,0.400744,0.963479,-0.256923,-0.019539,-0.072919,0.065390,2.803253,1.000000,0.221812,4.708081
9.035000,0.516260,0.214960,0.400685,0.963533,-0.256829,-0.019242,-0.072622,0.065389,2.802152,1.000000,0.219949,4.702847
9.040000,0.516771,0.214736,0.400627,0.963586,-0.256734,-0.018944,-0.072325,0.065389,2.801060,1.000000,0.218376,4.697672
9.045000,0.517282,0.214511,0.400568,0.963639,-0.256639,-0.018647,-0.072028,0.065389,2.799971,1.000000,0.218397,4.692534
9.050000,0.517793,0.214286,0.400509,0.963692,-0.256544,-0.018349,-0.071731,0.065388,2.798879,1.000000,0.219163,4.687428
9.055000,0.518304,0.214062,0.400451,0.963745,-0.256449,-0.018052,-0.071434,0.065388,2.797783,1.000000,0.220063,4.682298
9.060000,0.518814,0.213832,0.400385,0.963793,-0.256369,-0.017767,-0.071148,0.065387,2.796683,1.000000,0.220864,4.677069
9.065000,0.519325,0.213602,0.400320,0.963841,-0.256288,-0.017483,-0.070862,0.065387,2.795579,1.000000,0.221442,4.671868
9.070000,0.519835,0.213372,0.400255,0.963888,-0.256207,-0.017199,-0.070576,0.065386,2.794473,1.000000,0.221752,4.666645
9.075000,0.520346,0.213143,0.400189,0.963936,-0.256127,-0.016914,-0.070290,0.065386,2.793367,1.000000,0.221793,4.661482
9.080000,0.520856,0.212913,0.400124,0.963983,-0.256046,-0.016630,-0.070004,0.065386,2.792261,1.000000,0.221572,4.656349
9.085000,0.521366,0.212683,0.400059,0.964030,-0.255965,-0.016346,-0.069718,0.065385,2.791157,1.000000,0.221106,4.651193
9.090000,0.521877,0.212454,0.399993,0.964077,-0.255885,-0.016062,-0.069432,0.065385,2.790056,1.000000,0.220422,4.646097
9.095000,0.522380,0.212233,0.399931,0.964114,-0.255829,-0.015800,-0.069187,0.065385,2.788959,1.000000,0.219487,4.641284
9.100000,0.522882,0.212012,0.399870,0.964150,-0.255772,-0.015539,-0.068941,0.065385,2.787868,1.000000,0.218290,4.636495
9.105000,0.523385,0.211791,0.399808,0.964187,-0.255716,-0.015278,-0.068696,0.065384,2.786783,1.000000,0.216885,4.631682
9.110000,0.523888,0.211570,0.399746,0.964224,-0.255660,-0.015016,-0.068451,0.065384,2.785706,1.000000,0.215318,4.626925
9.115000,0.524391,0.211350,0.399684,0.964260,-0.255603,-0.014755,-0.068205,0.065384,2.784636,1.000000,0.213615,4.622191
9.120000,0.524894,0.211129,0.399622,0.964296,-0.255547,-0.014494,-0.067959,0.065383,2.783576,1.000000,0.211795,4.617432
9.125000,0.525397,0.210908,0.399560,0.964332,-0.255491,-0.014233,-0.067714,0.065383,2.782525,1.000000,0.209881,4.612732
9.130000,0.525884,0.210705,0.399491,0.964353,-0.255473,-0.014023,-0.067530,0.065383,2.781484,1.000000,0.207795,4.608650
9.135000,0.526370,0.210503,0.399422,0.964373,-0.255456,-0.013813,-0.067347,0.065383,2.780454,1.000000,0.205485,4.604543
9.140000,0.526857,0.210300,0.399353,0.964394,-0.255438,-0.013602,-0.067163,0.065383,2.779437,1.000000,0.203038,4.600492
9.145000,0.527344,0.210098,0.399284,0.964414,-0.255421,-0.013392,-0.066980,0.065383,2.778431,1.000000,0.200501,4.596456
9.150000,0.527831,0.209895,0.399214,0.964434,-0.255403,-0.013182,-0.066796,0.065382,2.777439,1.000000,0.197903,4.592390
9.155000,0.528317,0.209692,0.399145,0.964455,-0.255386,-0.012972,-0.066612,0.065383,2.776459,1.000000,0.195271,4.588379
9.160000,0.528792,0.209509,0.399059,0.964455,-0.255419,-0.012829,-0.066503,0.065383,2.775493,1.000000,0.192496,4.585059
9.165000,0.529266,0.209326,0.398973,0.964456,-0.255453,-0.012686,-0.066393,0.065384,2.774542,1.000000,0.189544,4.581745
9.170000,0.529740,0.209143,0.398888,0.964456,-0.255486,-0.012543,-0.066284,0.065384,2.773605,1.000000,0.186502,4.578403
9.175000,0.530214,0.208960,0.398802,0.964457,-0.255519,-0.012400,-0.066174,0.065384,2.772684,1.000000,0.183426,4.575115
9.180000,0.530689,0.208776,0.398716,0.964457,-0.255553,-0.012258,-0.066064,0.065385,2.771778,1.000000,0.180352,4.571836
9.185000,0.531163,0.208593,0.398630,0.964458,-0.255586,-0.012115,-0.065955,0.065384,2.770887,1.000000,0.177291,4.568528
9.190000,0.531638,0.208410,0.398544,0.964458,-0.255620,-0.011972,-0.065845,0.065385,2.770012,1.000000,0.174258,4.565275
9.195000,0.532104,0.208255,0.398468,0.964443,-0.255691,-0.011868,-0.065814,0.065386,2.769152,1.000000,0.171005,4.562830
9.200000,0.532570,0.208099,0.398391,0.964427,-0.255762,-0.011764,-0.065783,0.065386,2.768309,1.000000,0.167508,4.560349
9.205000,0.533037,0.207944,0.398315,0.964412,-0.255833,-0.011660,-0.065752,0.065386,2.767484,1.000000,0.163895,4.557920
9.210000,0.533503,0.207788,0.398239,0.964396,-0.255904,-0.011557,-0.065721,0.065387,2.766677,1.000000,0.160241,4.555500
9.215000,0.533970,0.207633,0.398163,0.964381,-0.255975,-0.011453,-0.065690,0.065388,2.765889,1.000000,0.156593,4.553085
9.220000,0.534436,0.207477,0.398086,0.964365,-0.256046,-0.011349,-0.065660,0.065388,2.765118,1.000000,0.152972,4.550637
9.225000,0.534903,0.207322,0.398010,0.964350,-0.256118,-0.011245,-0.065629,0.065388,2.764366,1.000000,0.149399,4.548236
9.230000,0.535367,0.207194,0.397947,0.964322,-0.256217,-0.011168,-0.065668,0.065389,2.763632,1.000000,0.145595,4.546660
9.235000,0.535831,0.207067,0.397883,0.964293,-0.256316,-0.011091,-0.065707,0.065389,2.762918,1.000000,0.141558,4.545052
9.240000,0.536294,0.206940,0.397820,0.964265,-0.256415,-0.011014,-0.065746,0.065390,2.762224,1.000000,0.137415,4.543494
9.245000,0.536758,0.206812,0.397757,0.964237,-0.256514,-0.010937,-0.065785,0.065390,2.761551,1.000000,0.133237,4.541912
9.250000,0.537222,0.206685,0.397694,0.964209,-0.256613,-0.010860,-0.065825,0.065391,2.760899,1.000000,0.129073,4.540292
9.255000,0.537686,0.206558,0.397631,0.964181,-0.256712,-0.010783,-0.065864,0.065391,2.760267,1.000000,0.124957,4.538724
9.260000,0.538150,0.206431,0.397567,0.964153,-0.256811,-0.010706,-0.065903,0.065392,2.759656,1.000000,0.120912,4.537160
9.265000,0.538621,0.206321,0.397513,0.964115,-0.256932,-0.010646,-0.065995,0.065392,2.759066,1.000000,0.116698,4.536085
9.270000,0.539091,0.206212,0.397459,0.964077,-0.257053,-0.010586,-0.066087,0.065393,2.758497,1.000000,0.112359,4.535062
9.275000,0.539562,0.206102,0.397404,0.964039,-0.257175,-0.010526,-0.066180,0.065394,2.757949,1.000000,0.107978,4.534041
9.280000,0.540032,0.205992,0.397350,0.964001,-0.257296,-0.010466,-0.066272,0.065394,2.757424,1.000000,0.103608,4.533005
9.285000,0.540503,0.205883,0.397296,0.963963,-0.257417,-0.010406,-0.066364,0.065394,2.756919,1.000000,0.099856,4.531937
9.290000,0.540973,0.205773,0.397242,0.963925,-0.257538,-0.010345,-0.066456,0.065395,2.756430,1.000000,0.097019,4.530915
9.295000,0.541444,0.205664,0.397188,0.963886,-0.257660,-0.010285,-0.066548,0.065396,2.755954,1.000000,0.094744,4.529876
9.300000,0.541926,0.205570,0.397166,0.963841,-0.257796,-0.010214,-0.066692,0.065396,2.755488,1.000000,0.092608,4.529144
9.305000,0.542408,0.205477,0.397144,0.963795,-0.257932,-0.010143,-0.066836,0.065397,2.755032,1.000000,0.090547,4.528463
9.310000,0.542891,0.205383,0.397122,0.963750,-0.258068,-0.010071,-0.066980,0.065397,2.754587,1.000000,0.088561,4.527783
9.315000,0.543373,0.205289,0.397100,0.963704,-0.258204,-0.010000,-0.067124,0.065397,2.754152,1.000000,0.086635,4.527067
9.320000,0.543856,0.205195,0.397078,0.963658,-0.258340,-0.009929,-0.067268,0.065398,2.753726,1.000000,0.084765,4.526401
9.325000,0.544338,0.205102,0.397056,0.963612,-0.258476,-0.009857,-0.067412,0.065399,2.753309,1.000000,0.082942,4.525729
9.330000,0.544823,0.205019,0.397047,0.963563,-0.258617,-0.009783,-0.067583,0.065399,2.752901,1.000000,0.081044,4.525339
9.335000,0.545309,0.204936,0.397038,0.963514,-0.258758,-0.009709,-0.067753,0.065399,2.752503,1.000000,0.079098,4.524915
9.340000,0.545794,0.204854,0.397029,0.963465,-0.258900,-0.009635,-0.067924,0.065400,2.752115,1.000000,0.077156,4.524539
9.345000,0.546280,0.204771,0.397019,0.963415,-0.259042,-0.009561,-0.068094,0.065401,2.751736,1.000000,0.075242,4.524172
9.350000,0.546765,0.204688,0.397010,0.963366,-0.259183,-0.009486,-0.068265,0.065401,2.751367,1.000000,0.073360,4.523771
9.355000,0.547251,0.204606,0.397001,0.963317,-0.259324,-0.009412,-0.068435,0.065401,2.751007,1.000000,0.071521,4.523421
9.360000,0.547736,0.204523,0.396992,0.963267,-0.259466,-0.009338,-0.068605,0.065402,2.750657,1.000000,0.069718,4.523066
9.365000,0.548216,0.204449,0.396980,0.963221,-0.259596,-0.009263,-0.068774,0.065402,2.750315,1.000000,0.067858,4.522980
9.370000,0.548696,0.204375,0.396968,0.963174,-0.259726,-0.009188,-0.068942,0.065402,2.749983,1.000000,0.065954,4.522944
9.375000,0.549176,0.204301,0.396956,0.963128,-0.259857,-0.009113,-0.069111,0.065403,2.749660,1.000000,0.064049,4.522903
9.380000,0.549656,0.204227,0.396944,0.963081,-0.259987,-0.009038,-0.069279,0.065402,2.749347,1.000000,0.062163,4.522820
9.385000,0.550136,0.204154,0.396932,0.963035,-0.260118,-0.008963,-0.069447,0.065403,2.749043,1.000000,0.060314,4.522789
9.390000,0.550616,0.204080,0.396920,0.962988,-0.260248,-0.008888,-0.069616,0.065403,2.748748,1.000000,0.058510,4.522774
9.395000,0.551096,0.204006,0.396909,0.962941,-0.260379,-0.008813,-0.069784,0.065404,2.748462,1.000000,0.056755,4.522769
9.400000,0.551574,0.203944,0.396906,0.962899,-0.260492,-0.008723,-0.069952,0.065403,2.748186,1.000000,0.054855,4.523096
9.405000,0.552052,0.203883,0.396903,0.962857,-0.260605,-0.008634,-0.070119,0.065403,2.747919,1.000000,0.052853,4.523469
9.410000,0.552531,0.203821,0.396900,0.962815,-0.260719,-0.008544,-0.070287,0.065403,2.747662,1.000000,0.050826,4.523838
9.415000,0.553009,0.203759,0.396897,0.962773,-0.260832,-0.008455,-0.070455,0.065403,2.747415,1.000000,0.048807,4.524173
9.420000,0.553487,0.203698,0.396895,0.962731,-0.260945,-0.008365,-0.070622,0.065403,2.747178,1.000000,0.046824,4.524558
9.425000,0.553965,0.203636,0.396892,0.962688,-0.261058,-0.008275,-0.070790,0.065403,2.746951,1.000000,0.044886,4.524941
9.430000,0.554444,0.203575,0.396889,0.962646,-0.261171,-0.008186,-0.070958,0.065403,2.746734,1.000000,0.042997,4.525287
9.435000,0.554919,0.203518,0.396867,0.962608,-0.261272,-0.008104,-0.071112,0.065403,2.746526,1.000000,0.041098,4.525983
9.440000,0.555395,0.203462,0.396845,0.962570,-0.261374,-0.008023,-0.071266,0.065403,2.746328,1.000000,0.039201,4.526698
9.445000,0.555870,0.203405,0.396823,0.962532,-0.261475,-0.007942,-0.071420,0.065403,2.746139,1.000000,0.037328,4.527425
9.450000,0.556346,0.203348,0.396801,0.962493,-0.261575,-0.007860,-0.071574,0.065402,2.745959,1.000000,0.035489,4.528116
9.455000,0.556821,0.203292,0.396779,0.962455,-0.261677,-0.007779,-0.071728,0.065402,2.745788,1.000000,0.033696,4.528851
9.460000,0.557297,0.203235,0.396757,0.962417,-0.261778,-0.007698,-0.071882,0.065402,2.745626,1.000000,0.031955,4.529586
9.465000,0.557772,0.203178,0.396734,0.962379,-0.261878,-0.007616,-0.072036,0.065401,2.745473,1.000000,0.030262,4.530286
9.470000,0.558242,0.203126,0.396704,0.962341,-0.261977,-0.007541,-0.072189,0.065401,2.745328,1.000000,0.028606,4.531206
9.475000,0.558712,0.203073,0.396674,0.962303,-0.262075,-0.007467,-0.072342,0.065401,2.745191,1.000000,0.026973,4.532137
9.480000,0.559182,0.203021,0.396644,0.962266,-0.262173,-0.007392,-0.072495,0.065400,2.745062,1.000000,0.025376,4.533032
9.485000,0.559651,0.202969,0.396614,0.962228,-0.262271,-0.007317,-0.072648,0.065400,2.744941,1.000000,0.023824,4.533978
9.490000,0.560121,0.202916,0.396584,0.962190,-0.262369,-0.007242,-0.072802,0.065400,2.744828,1.000000,0.022324,4.534989
9.495000,0.560591,0.202864,0.396554,0.962153,-0.262467,-0.007167,-0.072955,0.065399,2.744722,1.000000,0.020871,4.535986
9.500000,0.561053,0.202817,0.396530,0.962111,-0.262574,-0.007098,-0.073129,0.065399,2.744623,1.000000,0.019473,4.537148
9.505000,0.561515,0.202771,0.396506,0.962068,-0.262682,-0.007030,-0.073303,0.065399,2.744531,1.000000,0.018115,4.538329
9.510000,0.561977,0.202725,0.396482,0.962026,-0.262789,-0.006961,-0.073477,0.065399,2.744445,1.000000,0.016806,4.539525
9.515000,0.562439,0.202679,0.396458,0.961984,-0.262896,-0.006893,-0.073652,0.065398,2.744366,1.000000,0.015547,4.540683
9.520000,0.562901,0.202633,0.396435,0.961942,-0.263004,-0.006824,-0.073826,0.065398,2.744294,1.000000,0.014342,4.541894
9.525000,0.563363,0.202587,0.396411,0.961900,-0.263111,-0.006756,-0.074000,0.065398,2.744227,1.000000,0.013190,4.543135
9.530000,0.563825,0.202541,0.396387,0.961857,-0.263218,-0.006688,-0.074174,0.065398,2.744165,1.000000,0.012085,4.544339
9.535000,0.564280,0.202495,0.396354,0.961810,-0.263339,-0.006636,-0.074361,0.065398,2.744109,1.000000,0.011121,4.545605
9.540000,0.564736,0.202448,0.396320,0.961763,-0.263459,-0.006585,-0.074548,0.065398,2.744057,1.000000,0.010259,4.546909
9.545000,0.565192,0.202402,0.396287,0.961716,-0.263579,-0.006534,-0.074736,0.065397,2.744009,1.000000,0.009471,4.548177
9.550000,0.565648,0.202356,0.396253,0.961669,-0.263700,-0.006483,-0.074923,0.065397,2.743965,1.000000,0.008746,4.549495
9.555000,0.566104,0.202310,0.396220,0.961622,-0.263820,-0.006432,-0.075110,0.065397,2.743925,1.000000,0.008072,4.550840
9.560000,0.566560,0.202263,0.396186,0.961574,-0.263940,-0.006381,-0.075297,0.065397,2.743888,1.000000,0.007440,4.552151
9.565000,0.567016,0.202217,0.396153,0.961527,-0.264061,-0.006331,-0.075484,0.065397,2.743853,1.000000,0.006849,4.553513
9.570000,0.567472,0.202168,0.396128,0.961478,-0.264186,-0.006273,-0.075679,0.065397,2.743822,1.000000,0.006334,4.554720
9.575000,0.567927,0.202118,0.396102,0.961428,-0.264311,-0.006215,-0.075874,0.065397,2.743793,1.000000,0.005883,4.555950
9.580000,0.568383,0.202068,0.396077,0.961379,-0.264436,-0.006157,-0.076068,0.065396,2.743766,1.000000,0.005480,4.557139
9.585000,0.568839,0.202019,0.396051,0.961329,-0.264561,-0.006100,-0.076263,0.065396,2.743741,1.000000,0.005123,4.558381
9.590000,0.569294,0.201969,0.396026,0.961280,-0.264686,-0.006042,-0.076457,0.065396,2.743717,1.000000,0.004810,4.559655
9.595000,0.569750,0.201919,0.396000,0.961230,-0.264811,-0.005985,-0.076652,0.065396,2.743695,1.000000,0.004528,4.560889
9.600000,0.570206,0.201869,0.395975,0.961181,-0.264936,-0.005928,-0.076846,0.065396,2.743674,1.000000,0.004279,4.562173
9.605000,0.570658,0.201815,0.395956,0.961132,-0.265059,-0.005859,-0.077037,0.065396,2.743655,1.000000,0.004107,4.563248
9.610000,0.571111,0.201760,0.395937,0.961083,-0.265181,-0.005791,-0.077229,0.065395,2.743636,1.000000,0.003988,4.564284
9.615000,0.571564,0.201705,0.395918,0.961034,-0.265304,-0.005723,-0.077420,0.065395,2.743617,1.000000,0.003912,4.565370
9.620000,0.572016,0.201650,0.395899,0.960985,-0.265427,-0.005655,-0.077610,0.065395,2.743599,1.000000,0.003873,4.566473
9.625000,0.572469,0.201596,0.395879,0.960936,-0.265550,-0.005587,-0.077801,0.065395,2.743581,1.000000,0.003862,4.567538
9.630000,0.572922,0.201541,0.395860,0.960887,-0.265673,-0.005519,-0.077992,0.065395,2.743563,1.000000,0.003875,4.568652
9.635000,0.573375,0.201486,0.395841,0.960838,-0.265796,-0.005451,-0.078183,0.065395,2.743544,1.000000,0.003907,4.569787
9.640000,0.573821,0.201427,0.395810,0.960792,-0.265913,-0.005386,-0.078359,0.065395,2.743526,1.000000,0.004028,4.570860
9.645000,0.574267,0.201369,0.395778,0.960746,-0.266030,-0.005321,-0.078536,0.065394,2.743506,1.000000,0.004193,4.571891
9.650000,0.574713,0.201310,0.395747,0.960699,-0.266147,-0.005256,-0.078712,0.065394,2.743486,1.000000,0.004386,4.572974
9.655000,0.575160,0.201251,0.395715,0.960652,-0.266264,-0.005191,-0.078888,0.065394,2.743464,1.000000,0.004597,4.574080
9.660000,0.575606,0.201193,0.395684,0.960606,-0.266381,-0.005126,-0.079064,0.065394,2.743442,1.000000,0.004815,4.575146
9.665000,0.576052,0.201134,0.395653,0.960559,-0.266498,-0.005062,-0.079240,0.065394,2.743418,1.000000,0.005039,4.576262
9.670000,0.576486,0.201073,0.395604,0.960518,-0.266603,-0.005002,-0.079393,0.065394,2.743393,1.000000,0.005344,4.577382
9.675000,0.576920,0.201012,0.395555,0.960477,-0.266707,-0.004943,-0.079545,0.065393,2.743367,1.000000,0.005661,4.578460
9.680000,0.577354,0.200951,0.395507,0.960435,-0.266812,-0.004883,-0.079697,0.065393,2.743338,1.000000,0.005981,4.579588
9.685000,0.577788,0.200891,0.395458,0.960394,-0.266917,-0.004824,-0.079850,0.065393,2.743309,1.000000,0.006301,4.580735
9.690000,0.578222,0.200830,0.395410,0.960352,-0.267021,-0.004765,-0.080002,0.065392,2.743277,1.000000,0.006610,4.581843
9.695000,0.578656,0.200769,0.395361,0.960311,-0.267126,-0.004706,-0.080154,0.065392,2.743244,1.000000,0.006906,4.582999
9.700000,0.579090,0.200708,0.395312,0.960269,-0.267231,-0.004646,-0.080306,0.065392,2.743210,1.000000,0.007186,4.584180
9.705000,0.579514,0.200638,0.395239,0.960238,-0.267314,-0.004585,-0.080414,0.065392,2.743174,1.000000,0.007555,4.585221
9.710000,0.579938,0.200568,0.395165,0.960206,-0.267396,-0.004524,-0.080521,0.065391,2.743136,1.000000,0.007943,4.586218
9.715000,0.580362,0.200499,0.395092,0.960174,-0.267478,-0.004463,-0.080628,0.065391,2.743096,1.000000,0.008324,4.587275
9.720000,0.580786,0.200429,0.395019,0.960143,-0.267561,-0.004402,-0.080735,0.065391,2.743054,1.000000,0.008680,4.588378
9.725000,0.581210,0.200359,0.394945,0.960111,-0.267643,-0.004342,-0.080842,0.065390,2.743011,1.000000,0.009006,4.589439
9.730000,0.581634,0.200289,0.394872,0.960079,-0.267725,-0.004281,-0.080949,0.065390,2.742966,1.000000,0.009301,4.590549
9.735000,0.582058,0.200219,0.394798,0.960047,-0.267808,-0.004220,-0.081056,0.065389,2.742920,1.000000,0.009571,4.591706
9.740000,0.582481,0.200137,0.394703,0.960029,-0.267860,-0.004144,-0.081108,0.065388,2.742872,1.000000,0.009861,4.592633
9.745000,0.582904,0.200056,0.394607,0.960010,-0.267913,-0.004069,-0.081160,0.065388,2.742823,1.000000,0.010137,4.593609
9.750000,0.583327,0.199974,0.394511,0.959991,-0.267965,-0.003994,-0.081212,0.065388,2.742772,1.000000,0.010377,4.594628
9.755000,0.583750,0.199892,0.394415,0.959973,-0.268017,-0.003918,-0.081264,0.065387,2.742721,1.000000,0.010567,4.595616
9.760000,0.584173,0.199810,0.394319,0.959954,-0.268070,-0.003843,-0.081316,0.065386,2.742668,1.000000,0.010711,4.596655
9.765000,0.584596,0.199728,0.394223,0.959935,-0.268122,-0.003768,-0.081368,0.065386,2.742615,1.000000,0.010807,4.597741
9.770000,0.585019,0.199646,0.394127,0.959916,-0.268175,-0.003692,-0.081420,0.065386,2.742562,1.000000,0.010856,4.598867
9.775000,0.585437,0.199550,0.394016,0.959908,-0.268205,-0.003603,-0.081425,0.065385,2.742508,1.000000,0.010989,4.599579
9.780000,0.585854,0.199453,0.393905,0.959899,-0.268236,-0.003515,-0.081430,0.065384,2.742454,1.000000,0.011149,4.600357
9.785000,0.586271,0.199357,0.393793,0.959890,-0.268267,-0.003426,-0.081434,0.065384,2.742399,1.000000,0.011300,4.601192
9.790000,0.586688,0.199260,0.393682,0.959882,-0.268297,-0.003337,-0.081439,0.065382,2.742343,1.000000,0.011412,4.601988
9.795000,0.587106,0.199164,0.393571,0.959873,-0.268328,-0.003248,-0.081444,0.065382,2.742286,1.000000,0.011481,4.602838
9.800000,0.587523,0.199067,0.393459,0.959865,-0.268358,-0.003160,-0.081448,0.065382,2.742230,1.000000,0.011493,4.603776
9.805000,0.587940,0.198971,0.393348,0.959856,-0.268389,-0.003071,-0.081453,0.065380,2.742174,1.000000,0.011454,4.604675
9.810000,0.588351,0.198857,0.393235,0.959856,-0.268400,-0.002959,-0.081417,0.065380,2.742117,1.000000,0.011519,4.605056
9.815000,0.588763,0.198744,0.393121,0.959856,-0.268412,-0.002847,-0.081380,0.065380,2.742060,1.000000,0.011630,4.605510
9.820000,0.589174,0.198630,0.393008,0.959857,-0.268423,-0.002736,-0.081344,0.065378,2.742003,1.000000,0.011732,4.605938
9.825000,0.589586,0.198516,0.392894,0.959857,-0.268435,-0.002624,-0.081308,0.065378,2.741945,1.000000,0.011808,4.606419
9.830000,0.589997,0.198402,0.392781,0.959857,-0.268446,-0.002513,-0.081271,0.065377,2.741886,1.000000,0.011844,4.606967
9.835000,0.590408,0.198288,0.392668,0.959857,-0.268458,-0.002401,-0.081235,0.065377,2.741828,1.000000,0.011836,4.607563
9.840000,0.590823,0.198158,0.392569,0.959864,-0.268454,-0.002254,-0.081171,0.065376,2.741770,1.000000,0.011865,4.607499
9.845000,0.591238,0.198027,0.392470,0.959871,-0.268450,-0.002106,-0.081106,0.065375,2.741711,1.000000,0.011914,4.607515
9.850000,0.591653,0.197896,0.392371,0.959878,-0.268446,-0.001959,-0.081042,0.065375,2.741653,1.000000,0.011955,4.607596
9.855000,0.592067,0.197766,0.392273,0.959885,-0.268442,-0.001812,-0.080978,0.065373,2.741594,1.000000,0.011964,4.607637
9.860000,0.592482,0.197635,0.392174,0.959891,-0.268438,-0.001665,-0.080913,0.065373,2.741535,1.000000,0.011940,4.607743
9.865000,0.592897,0.197504,0.392075,0.959898,-0.268434,-0.001518,-0.080849,0.065372,2.741477,1.000000,0.011877,4.607927
9.870000,0.593312,0.197373,0.391977,0.959905,-0.268429,-0.001371,-0.080785,0.065371,2.741418,1.000000,0.011774,4.608071
9.875000,0.593729,0.197229,0.391883,0.959916,-0.268417,-0.001203,-0.080699,0.065371,2.741361,1.000000,0.011725,4.607817
9.880000,0.594145,0.197084,0.391789,0.959927,-0.268404,-0.001035,-0.080613,0.065370,2.741303,1.000000,0.011702,4.607675
9.885000,0.594562,0.196939,0.391694,0.959938,-0.268391,-0.000868,-0.080528,0.065369,2.741246,1.000000,0.011672,4.607498
9.890000,0.594978,0.196795,0.391600,0.959949,-0.268378,-0.000700,-0.080442,0.065368,2.741189,1.000000,0.011622,4.607375
9.895000,0.595395,0.196650,0.391506,0.959960,-0.268365,-0.000533,-0.080356,0.065368,2.741132,1.000000,0.011544,4.607337
9.900000,0.595811,0.196505,0.391412,0.959971,-0.268352,-0.000366,-0.080271,0.065367,2.741076,1.000000,0.011428,4.607283
9.905000,0.596228,0.196360,0.391318,0.959982,-0.268339,-0.000198,-0.080185,0.065366,2.741020,1.000000,0.011277,4.607283
9.910000,0.596636,0.196213,0.391223,0.959999,-0.268309,-0.000019,-0.080075,0.065365,2.740965,1.000000,0.011109,4.607248
9.915000,0.597044,0.196066,0.391127,0.960017,-0.268278,0.000160,-0.079965,0.065365,2.740912,1.000000,0.010892,4.607288
9.920000,0.597452,0.195918,0.391032,0.960035,-0.268248,0.000340,-0.079855,0.065363,2.740859,1.000000,0.010623,4.607288
9.925000,0.597860,0.195771,0.390936,0.960052,-0.268217,0.000519,-0.079745,0.065363,2.740808,1.000000,0.010308,4.607387
9.930000,0.598268,0.195623,0.390841,0.960070,-0.268186,0.000698,-0.079635,0.065362,2.740758,1.000000,0.009952,4.607611
9.935000,0.598676,0.195475,0.390745,0.960087,-0.268155,0.000877,-0.079525,0.065361,2.740711,1.000000,0.009550,4.607794
9.940000,0.599084,0.195327,0.390650,0.960105,-0.268125,0.001056,-0.079415,0.065360,2.740666,1.000000,0.009108,4.608050
9.945000,0.599478,0.195183,0.390570,0.960127,-0.268080,0.001252,-0.079295,0.065360,2.740622,1.000000,0.008616,4.608405
9.950000,0.599872,0.195039,0.390490,0.960149,-0.268034,0.001448,-0.079175,0.065358,2.740582,1.000000,0.008036,4.608716
9.955000,0.600266,0.194894,0.390410,0.960172,-0.267989,0.001643,-0.079055,0.065358,2.740545,1.000000,0.007399,4.609078
9.960000,0.600660,0.194750,0.390330,0.960194,-0.267944,0.001839,-0.078935,0.065357,2.740511,1.000000,0.006727,4.609720
9.965000,0.601053,0.194605,0.390250,0.960216,-0.267897,0.002035,-0.078815,0.065356,2.740480,1.000000,0.006019,4.610370
9.970000,0.601447,0.194460,0.390170,0.960238,-0.267852,0.002230,-0.078695,0.065355,2.740453,1.000000,0.005283,4.611071
9.975000,0.601841,0.194314,0.390090,0.960261,-0.267805,0.002426,-0.078575,0.065355,2.740430,1.000000,0.004519,4.612035
9.980000,0.602224,0.194165,0.390005,0.960286,-0.267751,0.002623,-0.078440,0.065354,2.740411,1.000000,0.003802,4.612926
9.985000,0.602607,0.194016,0.389921,0.960312,-0.267697,0.002820,-0.078304,0.065353,2.740395,1.000000,0.003098,4.613868
9.990000,0.602989,0.193866,0.389837,0.960337,-0.267643,0.003017,-0.078168,0.065353,2.740382,1.000000,0.002387,4.615051
9.995000,0.603372,0.193716,0.389752,0.960363,-0.267588,0.003214,-0.078033,0.065352,2.740374,1.000000,0.001662,4.616507
10.000000,0.603754,0.193566,0.389668,0.960389,-0.267532,0.003411,-0.077897,0.065351,2.740369,1.000000,0.000918,4.617920
10.005000,0.604136,0.193415,0.389584,0.960415,-0.267477,0.003607,-0.077762,0.065351,2.740367,1.000000,0.000153,4.619571
10.010000,0.604517,0.193256,0.389492,0.960448,-0.267403,0.003818,-0.077596,0.065351,2.740369,1.000000,-0.000623,4.621484
10.015000,0.604897,0.193098,0.389399,0.960481,-0.267328,0.004028,-0.077430,0.065350,2.740374,1.000000,-0.001411,4.623353
10.020000,0.605277,0.192939,0.389307,0.960515,-0.267253,0.004238,-0.077263,0.065349,2.740383,1.000000,-0.002218,4.625424
10.025000,0.605657,0.192779,0.389215,0.960548,-0.267177,0.004448,-0.077098,0.065349,2.740395,1.000000,-0.003054,4.628039
10.030000,0.606036,0.192619,0.389123,0.960582,-0.267101,0.004658,-0.076932,0.065348,2.740410,1.000000,-0.003915,4.630613
10.035000,0.606416,0.192458,0.389031,0.960615,-0.267025,0.004869,-0.076766,0.065348,2.740428,1.000000,-0.004801,4.633391
10.040000,0.606795,0.192297,0.388939,0.960649,-0.266947,0.005079,-0.076601,0.065348,2.740451,1.000000,-0.005722,4.636797
10.045000,0.607175,0.192132,0.388862,0.960689,-0.266850,0.005319,-0.076415,0.065348,2.740477,1.000000,-0.006716,4.639944
10.050000,0.607555,0.191966,0.388784,0.960729,-0.266754,0.005560,-0.076229,0.065348,2.740507,1.000000,-0.007777,4.643327
10.055000,0.607933,0.191800,0.388707,0.960770,-0.266656,0.005800,-0.076043,0.065348,2.740542,1.000000,-0.008902,4.647312
10.060000,0.608312,0.191633,0.388629,0.960810,-0.266557,0.006041,-0.075858,0.065347,2.740580,1.000000,-0.009496,4.651256
10.065000,0.608691,0.191466,0.388551,0.960851,-0.266458,0.006281,-0.075672,0.065347,2.740619,1.000000,-0.009366,4.655508
10.070000,0.609068,0.191299,0.388474,0.960891,-0.266359,0.006522,-0.075487,0.065348,2.740656,1.000000,-0.008938,4.660318
10.075000,0.609446,0.191131,0.388396,0.960932,-0.266258,0.006762,-0.075302,0.065347,2.740692,1.000000,-0.008434,4.665089
10.080000,0.609814,0.190961,0.388342,0.960978,-0.266142,0.007032,-0.075101,0.065348,2.740725,1.000000,-0.007910,4.669880
10.085000,0.610180,0.190790,0.388287,0.961024,-0.266024,0.007302,-0.074901,0.065347,2.740757,1.000000,-0.007476,4.675052
10.090000,0.610547,0.190620,0.388233,0.961070,-0.265907,0.007572,-0.074700,0.065348,2.740787,1.000000,-0.007137,4.680282
10.095000,0.610913,0.190449,0.388178,0.961116,-0.265788,0.007842,-0.074499,0.065348,2.740816,1.000000,-0.006929,4.685929
10.100000,0.611278,0.190277,0.388123,0.961163,-0.265669,0.008112,-0.074299,0.065348,2.740844,1.000000,-0.006846,4.691850
10.105000,0.611643,0.190106,0.388069,0.961209,-0.265550,0.008382,-0.074099,0.065349,2.740873,1.000000,-0.006861,4.697832
10.110000,0.612007,0.189934,0.388014,0.961255,-0.265430,0.008653,-0.073899,0.065349,2.740902,1.000000,-0.007009,4.704253
10.115000,0.612365,0.189762,0.387974,0.961306,-0.265295,0.008945,-0.073686,0.065349,2.740931,1.000000,-0.007225,4.710664
10.120000,0.612723,0.189590,0.387934,0.961357,-0.265160,0.009238,-0.073473,0.065350,2.740962,1.000000,-0.007511,4.717136
10.125000,0.613081,0.189418,0.387895,0.961407,-0.265024,0.009531,-0.073261,0.065350,2.740994,1.000000,-0.007904,4.724094
10.130000,0.613437,0.189245,0.387855,0.961458,-0.264888,0.009823,-0.073048,0.065350,2.741028,1.000000,-0.008370,4.731168
10.135000,0.613794,0.189073,0.387815,0.961509,-0.264752,0.010116,-0.072836,0.065351,2.741064,1.000000,-0.008891,4.738307
10.140000,0.614149,0.188900,0.387775,0.961559,-0.264615,0.010409,-0.072624,0.065352,2.741102,1.000000,-0.009511,4.745864
10.145000,0.614504,0.188727,0.387735,0.961610,-0.264477,0.010703,-0.072412,0.065352,2.741143,1.000000,-0.010187,4.753477
10.150000,0.614865,0.188554,0.387720,0.961662,-0.264334,0.011024,-0.072201,0.065353,2.741187,1.000000,-0.010956,4.761008
10.155000,0.615225,0.188381,0.387705,0.961713,-0.264190,0.011346,-0.071992,0.065354,2.741235,1.000000,-0.011858,4.768847
10.160000,0.615585,0.188208,0.387690,0.961765,-0.264045,0.011667,-0.071782,0.065354,2.741286,1.000000,-0.012833,4.776722
10.165000,0.615945,0.188035,0.387674,0.961816,-0.263901,0.011989,-0.071572,0.065354,2.741341,1.000000,-0.013855,4.784673
10.170000,0.616303,0.187862,0.387659,0.961867,-0.263756,0.012311,-0.071362,0.065355,2.741401,1.000000,-0.014952,4.792914
10.175000,0.616662,0.187689,0.387644,0.961918,-0.263611,0.012633,-0.071153,0.065356,2.741465,1.000000,-0.016089,4.801223
10.180000,0.617029,0.187517,0.387679,0.961973,-0.263450,0.013011,-0.070944,0.065356,2.741534,1.000000,-0.017343,4.809270
10.185000,0.617396,0.187345,0.387714,0.962027,-0.263290,0.013389,-0.070735,0.065357,2.741608,1.000000,-0.018727,4.817477
10.190000,0.617762,0.187173,0.387749,0.962081,-0.263129,0.013767,-0.070526,0.065357,2.741688,1.000000,-0.020202,4.825804
10.195000,0.618129,0.187001,0.387784,0.962135,-0.262968,0.014146,-0.070317,0.065357,2.741774,1.000000,-0.021723,4.834115
10.200000,0.618495,0.186828,0.387819,0.962188,-0.262807,0.014524,-0.070108,0.065358,2.741867,1.000000,-0.023289,4.842622
10.205000,0.618860,0.186656,0.387854,0.962242,-0.262646,0.014903,-0.069899,0.065359,2.741965,1.000000,-0.024895,4.851358
10.210000,0.619225,0.186484,0.387889,0.962295,-0.262484,0.015281,-0.069690,0.065359,2.742071,1.000000,-0.026505,4.860082
10.215000,0.619589,0.186311,0.387960,0.962353,-0.262305,0.015701,-0.069470,0.065359,2.742182,1.000000,-0.028129,4.868539
10.220000,0.619953,0.186138,0.388032,0.962411,-0.262126,0.016120,-0.069249,0.065360,2.742301,1.000000,-0.029804,4.877072
10.225000,0.620317,0.185966,0.388103,0.962468,-0.261947,0.016540,-0.069029,0.065359,2.742426,1.000000,-0.031488,4.885597
10.230000,0.620680,0.185794,0.388174,0.962526,-0.261768,0.016959,-0.068808,0.065360,2.742558,1.000000,-0.033173,4.894215
10.235000,0.621043,0.185621,0.388245,0.962582,-0.261589,0.017379,-0.068588,0.065360,2.742696,1.000000,-0.034876,4.903045
10.240000,0.621406,0.185449,0.388316,0.962639,-0.261409,0.017799,-0.068368,0.065360,2.742842,1.000000,-0.036575,4.911903
10.245000,0.621768,0.185276,0.388387,0.962696,-0.261230,0.018218,-0.068147,0.065360,2.742994,1.000000,-0.038260,4.920857
10.250000,0.622113,0.185101,0.388481,0.962753,-0.261047,0.018649,-0.067919,0.065361,2.743153,1.000000,-0.039805,4.929349
10.255000,0.622457,0.184927,0.388575,0.962810,-0.260864,0.019081,-0.067690,0.065361,2.743317,1.000000,-0.041267,4.937923
10.260000,0.622801,0.184752,0.388669,0.962867,-0.260681,0.019512,-0.067462,0.065361,2.743488,1.000000,-0.042654,4.946488
10.265000,0.623146,0.184577,0.388763,0.962924,-0.260498,0.019943,-0.067233,0.065361,2.743663,1.000000,-0.043983,4.955164
10.270000,0.623489,0.184402,0.388858,0.962980,-0.260315,0.020374,-0.067005,0.065362,2.743844,1.000000,-0.045277,4.963972
10.275000,0.623833,0.184228,0.388952,0.963037,-0.260132,0.020806,-0.066776,0.065361,2.744031,1.000000,-0.046527,4.972774
10.280000,0.624177,0.184053,0.389046,0.963093,-0.259948,0.021237,-0.066548,0.065362,2.744222,1.000000,-0.047738,4.981672
10.285000,0.624507,0.183873,0.389149,0.963146,-0.259775,0.021663,-0.066320,0.065362,2.744417,1.000000,-0.048782,4.990155
10.290000,0.624837,0.183692,0.389253,0.963199,-0.259601,0.022088,-0.066092,0.065362,2.744616,1.000000,-0.049695,4.998634
10.295000,0.625167,0.183512,0.389357,0.963251,-0.259427,0.022514,-0.065864,0.065362,2.744819,1.000000,-0.050679,5.007209
10.300000,0.625496,0.183332,0.389461,0.963303,-0.259253,0.022939,-0.065636,0.065363,2.745028,1.000000,-0.052165,5.015841
10.305000,0.625826,0.183152,0.389565,0.963356,-0.259079,0.023365,-0.065408,0.065363,2.745242,1.000000,-0.053937,5.024524
10.310000,0.626155,0.182972,0.389668,0.963407,-0.258905,0.023790,-0.065181,0.065363,2.745465,1.000000,-0.055823,5.033198
10.315000,0.626485,0.182792,0.389772,0.963459,-0.258731,0.024216,-0.064953,0.065363,2.745695,1.000000,-0.057735,5.041982
10.320000,0.626792,0.182592,0.389867,0.963508,-0.258571,0.024618,-0.064708,0.065364,2.745932,1.000000,-0.059425,5.049964
10.325000,0.627100,0.182392,0.389962,0.963557,-0.258411,0.025021,-0.064463,0.065364,2.746175,1.000000,-0.060904,5.057936
10.330000,0.627407,0.182193,0.390057,0.963605,-0.258252,0.025424,-0.064218,0.065365,2.746424,1.000000,-0.062186,5.066000
10.335000,0.627714,0.181993,0.390152,0.963654,-0.258093,0.025827,-0.063973,0.065366,2.746677,1.000000,-0.063295,5.074219
10.340000,0.628021,0.181793,0.390247,0.963702,-0.257934,0.026230,-0.063729,0.065365,2.746935,1.000000,-0.064236,5.082424
10.345000,0.628328,0.181593,0.390343,0.963749,-0.257774,0.026633,-0.063484,0.065366,2.747196,1.000000,-0.065026,5.090720
10.350000,0.628601,0.181368,0.390423,0.963795,-0.257631,0.027008,-0.063212,0.065367,2.747459,1.000000,-0.065385,5.097775
10.355000,0.628873,0.181143,0.390504,0.963841,-0.257487,0.027383,-0.062939,0.065368,2.747722,1.000000,-0.065404,5.104860
10.360000,0.629145,0.180918,0.390585,0.963886,-0.257343,0.027758,-0.062667,0.065368,2.747985,1.000000,-0.065129,5.111922
10.365000,0.629418,0.180692,0.390666,0.963931,-0.257199,0.028134,-0.062395,0.065369,2.748246,1.000000,-0.064600,5.119078
10.370000,0.629690,0.180467,0.390747,0.963976,-0.257056,0.028509,-0.062123,0.065370,2.748505,1.000000,-0.063849,5.126302
10.375000,0.629962,0.180242,0.390828,0.964021,-0.256912,0.028884,-0.061850,0.065371,2.748760,1.000000,-0.062904,5.133502
10.380000,0.630234,0.180017,0.390909,0.964066,-0.256768,0.029259,-0.061578,0.065371,2.749011,1.000000,-0.061790,5.140786
10.385000,0.630476,0.179775,0.390975,0.964104,-0.256651,0.029599,-0.061307,0.065373,2.749256,1.000000,-0.060271,5.147209
10.390000,0.630718,0.179532,0.391041,0.964142,-0.256533,0.029940,-0.061036,0.065374,2.749495,1.000000,-0.058454,5.153608
10.395000,0.630960,0.179290,0.391107,0.964179,-0.256416,0.030281,-0.060765,0.065375,2.749725,1.000000,-0.056383,5.160086
10.400000,0.631201,0.179048,0.391173,0.964217,-0.256299,0.030621,-0.060494,0.065376,2.749947,1.000000,-0.054097,5.166548
10.405000,0.631443,0.178806,0.391240,0.964254,-0.256182,0.030962,-0.060223,0.065377,2.750159,1.000000,-0.051629,5.172955
10.410000,0.631685,0.178564,0.391306,0.964291,-0.256065,0.031302,-0.059951,0.065378,2.750361,1.000000,-0.049005,5.179440
10.415000,0.631927,0.178322,0.391372,0.964328,-0.255948,0.031643,-0.059680,0.065380,2.750552,1.000000,-0.046252,5.185980
10.420000,0.632144,0.178083,0.391427,0.964358,-0.255853,0.031943,-0.059428,0.065381,2.750732,1.000000,-0.043239,5.192283
10.425000,0.632360,0.177843,0.391481,0.964389,-0.255758,0.032243,-0.059177,0.065382,2.750898,1.000000,-0.040087,5.198553
10.430000,0.632577,0.177603,0.391536,0.964419,-0.255664,0.032544,-0.058925,0.065384,2.751053,1.000000,-0.036820,5.204896
10.435000,0.632794,0.177364,0.391591,0.964450,-0.255569,0.032844,-0.058673,0.065385,2.751193,1.000000,-0.033458,5.211269
10.440000,0.633011,0.177124,0.391645,0.964480,-0.255474,0.033144,-0.058421,0.065386,2.751320,1.000000,-0.030023,5.217605
10.445000,0.633228,0.176885,0.391700,0.964510,-0.255379,0.033444,-0.058169,0.065388,2.751433,1.000000,-0.026532,5.224014
10.450000,0.633445,0.176645,0.391755,0.964540,-0.255284,0.033744,-0.057918,0.065389,2.751533,1.000000,-0.023000,5.230489
10.455000,0.633626,0.176417,0.391795,0.964565,-0.255208,0.033993,-0.057686,0.065391,2.751617,1.000000,-0.019282,5.236772
10.460000,0.633807,0.176190,0.391835,0.964590,-0.255132,0.034242,-0.057455,0.065392,2.751686,1.000000,-0.015537,5.243124
10.465000,0.633989,0.175963,0.391875,0.964615,-0.255056,0.034491,-0.057224,0.065394,2.751740,1.000000,-0.011774,5.249475
10.470000,0.634170,0.175735,0.391915,0.964640,-0.254980,0.034740,-0.056993,0.065396,2.751778,1.000000,-0.007457,5.255815
10.475000,0.634352,0.175508,0.391955,0.964665,-0.254904,0.034989,-0.056762,0.065397,2.751798,1.000000,-0.002663,5.262111
10.480000,0.634533,0.175281,0.391995,0.964689,-0.254828,0.035237,-0.056531,0.065399,2.751797,1.000000,0.002414,5.268482
10.485000,0.634715,0.175053,0.392035,0.964714,-0.254752,0.035486,-0.056299,0.065401,2.751771,1.000000,0.007606,5.274913
10.490000,0.634854,0.174825,0.392058,0.964732,-0.254704,0.035685,-0.056086,0.065402,2.751717,1.000000,0.013145,5.280603
10.495000,0.634994,0.174597,0.392081,0.964749,-0.254656,0.035883,-0.055873,0.065404,2.751635,1.000000,0.018826,5.286360
10.500000,0.635134,0.174369,0.392105,0.964767,-0.254608,0.036081,-0.055659,0.065407,2.751525,1.000000,0.024560,5.292093
10.505000,0.635274,0.174141,0.392128,0.964784,-0.254560,0.036279,-0.055446,0.065408,2.751386,1.000000,0.030281,5.297771
10.510000,0.635414,0.173913,0.392151,0.964802,-0.254512,0.036477,-0.055232,0.065410,2.751219,1.000000,0.035947,5.303512
10.515000,0.635554,0.173685,0.392175,0.964819,-0.254465,0.036676,-0.055019,0.065412,2.751023,1.000000,0.041527,5.309309
10.520000,0.635668,0.173451,0.392191,0.964826,-0.254455,0.036831,-0.054837,0.065415,2.750799,1.000000,0.047245,5.314486
10.525000,0.635782,0.173217,0.392208,0.964833,-0.254444,0.036986,-0.054656,0.065417,2.750547,1.000000,0.053009,5.319616
10.530000,0.635896,0.172983,0.392225,0.964840,-0.254434,0.037140,-0.054474,0.065420,2.750265,1.000000,0.058775,5.324794
10.535000,0.636010,0.172749,0.392241,0.964847,-0.254424,0.037295,-0.054293,0.065422,2.749955,1.000000,0.064511,5.329959
10.540000,0.636125,0.172515,0.392258,0.964854,-0.254414,0.037450,-0.054111,0.065424,2.749616,1.000000,0.070186,5.335074
10.545000,0.636239,0.172280,0.392275,0.964861,-0.254404,0.037605,-0.053930,0.065427,2.749249,1.000000,0.075783,5.340248
10.550000,0.636353,0.172046,0.392291,0.964867,-0.254394,0.037760,-0.053748,0.065430,2.748854,1.000000,0.081288,5.345455
10.555000,0.636451,0.171813,0.392320,0.964866,-0.254412,0.037892,-0.053601,0.065432,2.748432,1.000000,0.086760,5.350195
10.560000,0.636548,0.171579,0.392348,0.964864,-0.254430,0.038023,-0.053454,0.065435,2.747982,1.000000,0.092170,5.354997
10.565000,0.636646,0.171346,0.392376,0.964862,-0.254448,0.038155,-0.053307,0.065438,2.747506,1.000000,0.097517,5.359824
10.570000,0.636744,0.171112,0.392404,0.964860,-0.254466,0.038286,-0.053160,0.065440,2.747003,1.000000,0.102788,5.364602
10.575000,0.636841,0.170879,0.392433,0.964858,-0.254485,0.038418,-0.053013,0.065443,2.746474,1.000000,0.107983,5.369439
10.580000,0.636939,0.170645,0.392461,0.964856,-0.254503,0.038550,-0.052866,0.065446,2.745920,1.000000,0.113093,5.374274
10.585000,0.637036,0.170412,0.392489,0.964854,-0.254522,0.038681,-0.052719,0.065449,2.745340,1.000000,0.118111,5.379094
10.590000,0.637124,0.170177,0.392546,0.964846,-0.254558,0.038814,-0.052597,0.065451,2.744735,1.000000,0.123039,5.383407
10.595000,0.637212,0.169943,0.392603,0.964837,-0.254595,0.038947,-0.052475,0.065454,2.744106,1.000000,0.127886,5.387783
10.600000,0.637300,0.169708,0.392660,0.964829,-0.254632,0.039080,-0.052353,0.065457,2.743452,1.000000,0.132659,5.392185
10.605000,0.637387,0.169474,0.392717,0.964820,-0.254668,0.039214,-0.052231,0.065460,2.742776,1.000000,0.137353,5.396533
10.610000,0.637475,0.169239,0.392774,0.964812,-0.254705,0.039347,-0.052109,0.065463,2.742075,1.000000,0.141974,5.400942
10.615000,0.637563,0.169005,0.392831,0.964803,-0.254742,0.039480,-0.051986,0.065466,2.741352,1.000000,0.146520,5.405382
10.620000,0.637651,0.168770,0.392888,0.964795,-0.254778,0.039613,-0.051864,0.065468,2.740607,1.000000,0.150985,5.409774
10.625000,0.637736,0.168541,0.392964,0.964778,-0.254839,0.039738,-0.051782,0.065472,2.739839,1.000000,0.155284,5.414182
10.630000,0.637821,0.168312,0.393039,0.964761,-0.254899,0.039862,-0.051699,0.065475,2.739051,1.000000,0.159431,5.418613
10.635000,0.637907,0.168082,0.393115,0.964745,-0.254959,0.039987,-0.051617,0.065478,2.738242,1.000000,0.163461,5.423058
10.640000,0.637992,0.167853,0.393190,0.964728,-0.255019,0.040111,-0.051535,0.065481,2.737413,1.000000,0.167390,5.427450
10.645000,0.638077,0.167624,0.393266,0.964711,-0.255080,0.040236,-0.051452,0.065484,2.736565,1.000000,0.171236,5.431898
10.650000,0.638163,0.167394,0.393341,0.964695,-0.255140,0.040361,-0.051369,0.065487,2.735698,1.000000,0.175003,5.436335
10.655000,0.638248,0.167165,0.393417,0.964678,-0.255200,0.040485,-0.051287,0.065490,2.734812,1.000000,0.178691,5.440719
10.660000,0.638335,0.166936,0.393492,0.964651,-0.255293,0.040590,-0.051248,0.065493,2.733909,1.000000,0.182118,5.445167
10.665000,0.638422,0.166707,0.393568,0.964624,-0.255386,0.040694,-0.051210,0.065497,2.732989,1.000000,0.185223,5.449635
10.670000,0.638509,0.166478,0.393644,0.964597,-0.255478,0.040798,-0.051171,0.065500,2.732055,1.000000,0.188106,5.454051
10.675000,0.638596,0.166248,0.393720,0.964570,-0.255571,0.040902,-0.051133,0.065503,2.731106,1.000000,0.190850,5.458527
10.680000,0.638683,0.166019,0.393796,0.964543,-0.255664,0.041007,-0.051094,0.065507,2.730145,1.000000,0.193498,5.463030
10.685000,0.638770,0.165790,0.393871,0.964516,-0.255756,0.041111,-0.051055,0.065510,2.729170,1.000000,0.196076,5.467551
10.690000,0.638853,0.165545,0.393934,0.964481,-0.255881,0.041193,-0.051040,0.065513,2.728182,1.000000,0.198765,5.471538
10.695000,0.638937,0.165301,0.393997,0.964445,-0.256006,0.041276,-0.051025,0.065517,2.727180,1.000000,0.201580,5.475589
10.700000,0.639021,0.165056,0.394060,0.964409,-0.256131,0.041358,-0.051009,0.065521,2.726164,1.000000,0.204481,5.479651
10.705000,0.639104,0.164812,0.394123,0.964373,-0.256256,0.041441,-0.050994,0.065524,2.725133,1.000000,0.207435,5.483659
10.710000,0.639188,0.164567,0.394187,0.964337,-0.256381,0.041523,-0.050979,0.065528,2.724087,1.000000,0.210425,5.487728
10.715000,0.639272,0.164322,0.394250,0.964301,-0.256506,0.041605,-0.050963,0.065532,2.723026,1.000000,0.213433,5.491779
10.720000,0.639356,0.164078,0.394313,0.964265,-0.256631,0.041688,-0.050948,0.065535,2.721950,1.000000,0.216440,5.495767
10.725000,0.639435,0.163817,0.394358,0.964226,-0.256771,0.041758,-0.050930,0.065539,2.720859,1.000000,0.219654,5.499313
10.730000,0.639513,0.163556,0.394404,0.964186,-0.256911,0.041827,-0.050912,0.065543,2.719751,1.000000,0.223058,5.502896
10.735000,0.639592,0.163294,0.394450,0.964147,-0.257050,0.041897,-0.050894,0.065547,2.718625,1.000000,0.226584,5.506515
10.740000,0.639671,0.163033,0.394496,0.964108,-0.257189,0.041967,-0.050876,0.065551,2.717482,1.000000,0.230178,5.510078
10.745000,0.639750,0.162772,0.394541,0.964069,-0.257329,0.042037,-0.050857,0.065555,2.716320,1.000000,0.233813,5.513697
10.750000,0.639829,0.162511,0.394587,0.964029,-0.257469,0.042107,-0.050839,0.065559,2.715141,1.000000,0.237459,5.517291
10.755000,0.639908,0.162250,0.394633,0.963990,-0.257608,0.042177,-0.050821,0.065562,2.713943,1.000000,0.241095,5.520829
10.760000,0.639981,0.161984,0.394658,0.963950,-0.257752,0.042229,-0.050797,0.065566,2.712726,1.000000,0.244850,5.524270
10.765000,0.640053,0.161718,0.394684,0.963911,-0.257896,0.042282,-0.050773,0.065571,2.711491,1.000000,0.248693,5.527725
10.770000,0.640126,0.161451,0.394710,0.963871,-0.258039,0.042335,-0.050749,0.065574,2.710236,1.000000,0.252572,5.531124
10.775000,0.640198,0.161185,0.394736,0.963832,-0.258183,0.042388,-0.050725,0.065578,2.708962,1.000000,0.256462,5.534581
10.780000,0.640271,0.160919,0.394761,0.963792,-0.258327,0.042440,-0.050701,0.065582,2.707668,1.000000,0.260337,5.538053
10.785000,0.640343,0.160653,0.394787,0.963752,-0.258471,0.042493,-0.050677,0.065587,2.706355,1.000000,0.264176,5.541533
10.790000,0.640416,0.160387,0.394813,0.963713,-0.258615,0.042546,-0.050653,0.065590,2.705023,1.000000,0.267959,5.544956
10.795000,0.640482,0.160113,0.394821,0.963671,-0.258770,0.042579,-0.050629,0.065594,2.703672,1.000000,0.271837,5.548153
10.800000,0.640549,0.159838,0.394830,0.963629,-0.258925,0.042611,-0.050605,0.065599,2.702301,1.000000,0.275788,5.551358
10.805000,0.640615,0.159564,0.394839,0.963587,-0.259080,0.042644,-0.050582,0.065602,2.700911,1.000000,0.279757,5.554505
10.810000,0.640681,0.159290,0.394848,0.963545,-0.259235,0.042676,-0.050558,0.065607,2.699500,1.000000,0.283720,5.557712
10.815000,0.640748,0.159015,0.394856,0.963504,-0.259390,0.042709,-0.050534,0.065611,2.698070,1.000000,0.287649,5.560931
10.820000,0.640814,0.158741,0.394865,0.963462,-0.259545,0.042741,-0.050511,0.065615,2.696621,1.000000,0.291455,5.564158
10.825000,0.640880,0.158466,0.394874,0.963420,-0.259700,0.042774,-0.050487,0.065619,2.695154,1.000000,0.294564,5.567325
10.830000,0.640945,0.158180,0.394876,0.963374,-0.259869,0.042796,-0.050467,0.065624,2.693673,1.000000,0.297189,5.570159
10.835000,0.641009,0.157894,0.394879,0.963329,-0.260038,0.042819,-0.050447,0.065628,2.692181,1.000000,0.299515,5.572966
10.840000,0.641073,0.157608,0.394882,0.963283,-0.260206,0.042842,-0.050427,0.065632,2.690677,1.000000,0.301636,5.575717
10.845000,0.641138,0.157322,0.394885,0.963238,-0.260375,0.042865,-0.050406,0.065636,2.689163,1.000000,0.303629,5.578526
10.850000,0.641202,0.157036,0.394888,0.963192,-0.260543,0.042888,-0.050386,0.065641,2.687639,1.000000,0.305547,5.581391
10.855000,0.641266,0.156750,0.394891,0.963147,-0.260711,0.042911,-0.050366,0.065645,2.686106,1.000000,0.307416,5.584204
10.860000,0.641331,0.156453,0.394894,0.963098,-0.260890,0.042932,-0.050349,0.065649,2.684564,1.000000,0.309339,5.586756
10.865000,0.641397,0.156156,0.394897,0.963050,-0.261068,0.042953,-0.050331,0.065654,2.683011,1.000000,0.311337,5.589288
10.870000,0.641462,0.155860,0.394900,0.963002,-0.261247,0.042974,-0.050313,0.065659,2.681449,1.000000,0.313390,5.591797
10.875000,0.641527,0.155563,0.394904,0.962953,-0.261425,0.042995,-0.050296,0.065663,2.679876,1.000000,0.315484,5.594248
10.880000,0.641592,0.155267,0.394907,0.962905,-0.261603,0.043016,-0.050278,0.065668,2.678293,1.000000,0.317617,5.596766
10.885000,0.641657,0.154970,0.394910,0.962856,-0.261781,0.043037,-0.050261,0.065672,2.676698,1.000000,0.319785,5.599346
10.890000,0.641722,0.154673,0.394913,0.962808,-0.261959,0.043058,-0.050243,0.065676,2.675093,1.000000,0.321972,5.601868
10.895000,0.641792,0.154353,0.394914,0.962756,-0.262152,0.043080,-0.050221,0.065681,2.673477,1.000000,0.324337,5.603841
10.900000,0.641862,0.154033,0.394916,0.962703,-0.262346,0.043102,-0.050200,0.065686,2.671848,1.000000,0.326888,5.605781
10.905000,0.641933,0.153713,0.394917,0.962650,-0.262539,0.043124,-0.050178,0.065690,2.670206,1.000000,0.329556,5.607653
10.910000,0.642003,0.153393,0.394918,0.962598,-0.262732,0.043146,-0.050156,0.065695,2.668550,1.000000,0.332309,5.609584
10.915000,0.642073,0.153074,0.394919,0.962545,-0.262926,0.043168,-0.050135,0.065700,2.666881,1.000000,0.335117,5.611549
10.920000,0.642143,0.152754,0.394921,0.962492,-0.263119,0.043190,-0.050113,0.065705,2.665197,1.000000,0.337962,5.613550
10.925000,0.642213,0.152434,0.394922,0.962440,-0.263312,0.043212,-0.050092,0.065709,2.663499,1.000000,0.340822,5.615492
10.930000,0.642288,0.152086,0.394918,0.962384,-0.263519,0.043236,-0.050060,0.065714,2.661786,1.000000,0.343884,5.616790
10.935000,0.642363,0.151739,0.394915,0.962327,-0.263727,0.043259,-0.050028,0.065720,2.660058,1.000000,0.347157,5.618043
10.940000,0.642439,0.151392,0.394911,0.962271,-0.263935,0.043282,-0.049997,0.065724,2.658313,1.000000,0.350554,5.619241
10.945000,0.642514,0.151045,0.394907,0.962214,-0.264143,0.043306,-0.049965,0.065729,2.656550,1.000000,0.354032,5.620500
10.950000,0.642590,0.150698,0.394904,0.962158,-0.264351,0.043329,-0.049934,0.065734,2.654770,1.000000,0.357554,5.621772
10.955000,0.642665,0.150351,0.394900,0.962101,-0.264558,0.043352,-0.049902,0.065740,2.652972,1.000000,0.361095,5.623051
10.960000,0.642740,0.150004,0.394896,0.962045,-0.264766,0.043376,-0.049871,0.065744,2.651157,1.000000,0.364631,5.624272
10.965000,0.642822,0.149622,0.394894,0.961985,-0.264986,0.043409,-0.049822,0.065749,2.649323,1.000000,0.368376,5.624638
10.970000,0.642904,0.149241,0.394891,0.961926,-0.265206,0.043442,-0.049774,0.065755,2.647470,1.000000,0.372356,5.625057
10.975000,0.642985,0.148859,0.394889,0.961866,-0.265426,0.043475,-0.049726,0.065760,2.645597,1.000000,0.376462,5.625423
10.980000,0.643067,0.148477,0.394886,0.961806,-0.265646,0.043508,-0.049678,0.065765,2.643703,1.000000,0.380642,5.625851
10.985000,0.643149,0.148096,0.394883,0.961746,-0.265867,0.043540,-0.049630,0.065771,2.641788,1.000000,0.384849,5.626231
10.990000,0.643230,0.147714,0.394881,0.961687,-0.266086,0.043573,-0.049582,0.065775,2.639852,1.000000,0.389049,5.626552
10.995000,0.643312,0.147333,0.394878,0.961627,-0.266307,0.043606,-0.049534,0.065781,2.637895,1.000000,0.393235,5.626936
11.000000,0.643404,0.146901,0.394880,0.961559,-0.266555,0.043650,-0.049475,0.065787,2.635916,1.000000,0.397665,5.625988
11.005000,0.643496,0.146469,0.394882,0.961491,-0.266803,0.043695,-0.049416,0.065792,2.633915,1.000000,0.402400,5.625054
11.010000,0.643588,0.146037,0.394884,0.961423,-0.267051,0.043739,-0.049357,0.065798,2.631890,1.000000,0.407301,5.624070
11.015000,0.643680,0.145606,0.394886,0.961355,-0.267299,0.043783,-0.049297,0.065804,2.629839,1.000000,0.412297,5.623160
11.020000,0.643773,0.145174,0.394888,0.961288,-0.267546,0.043827,-0.049238,0.065809,2.627764,1.000000,0.417337,5.622311
11.025000,0.643865,0.144742,0.394889,0.961220,-0.267794,0.043871,-0.049179,0.065815,2.625663,1.000000,0.422374,5.621412
11.030000,0.643968,0.144253,0.394888,0.961140,-0.268085,0.043913,-0.049119,0.065821,2.623537,1.000000,0.427707,5.619082
11.035000,0.644071,0.143764,0.394887,0.961059,-0.268376,0.043955,-0.049060,0.065828,2.621383,1.000000,0.433405,5.616728
11.040000,0.644174,0.143275,0.394887,0.960979,-0.268667,0.043997,-0.049000,0.065833,2.619200,1.000000,0.439309,5.614318
11.045000,0.644277,0.142786,0.394886,0.960899,-0.268959,0.044038,-0.048940,0.065840,2.616987,1.000000,0.445331,5.611979
11.050000,0.644380,0.142296,0.394885,0.960818,-0.269250,0.044080,-0.048881,0.065847,2.614744,1.000000,0.451406,5.609669
11.055000,0.644483,0.141807,0.394884,0.960738,-0.269541,0.044122,-0.048821,0.065853,2.612470,1.000000,0.457489,5.607382
11.060000,0.644586,0.141318,0.394883,0.960657,-0.269832,0.044164,-0.048761,0.065859,2.610166,1.000000,0.463540,5.605048
11.065000,0.644693,0.140796,0.394878,0.960569,-0.270151,0.044195,-0.048702,0.065866,2.607832,1.000000,0.469744,5.601861
11.070000,0.644799,0.140274,0.394874,0.960481,-0.270471,0.044226,-0.048643,0.065873,2.605466,1.000000,0.476142,5.598693
11.075000,0.644905,0.139752,0.394869,0.960393,-0.270790,0.044257,-0.048584,0.065879,2.603068,1.000000,0.482623,5.595485
11.080000,0.645011,0.139229,0.394864,0.960304,-0.271109,0.044288,-0.048525,0.065886,2.600637,1.000000,0.489131,5.592351
11.085000,0.645117,0.138707,0.394860,0.960215,-0.271428,0.044319,-0.048467,0.065893,2.598174,1.000000,0.495590,5.589277
11.090000,0.645224,0.138185,0.394855,0.960127,-0.271748,0.044350,-0.048408,0.065900,2.595679,1.000000,0.501957,5.586241
11.095000,0.645330,0.137662,0.394850,0.960038,-0.272066,0.044380,-0.048349,0.065906,2.593153,1.000000,0.508182,5.583162
11.100000,0.645441,0.137092,0.394846,0.959941,-0.272416,0.044408,-0.048276,0.065913,2.590595,1.000000,0.514537,5.578807
11.105000,0.645552,0.136523,0.394842,0.959844,-0.272765,0.044435,-0.048203,0.065921,2.588006,1.000000,0.521107,5.574439
11.110000,0.645663,0.135953,0.394838,0.959748,-0.273114,0.044462,-0.048130,0.065927,2.585383,1.000000,0.527750,5.570036
11.115000,0.645774,0.135383,0.394834,0.959650,-0.273463,0.044489,-0.048058,0.065935,2.582727,1.000000,0.534390,5.565713
11.120000,0.645885,0.134814,0.394830,0.959553,-0.273812,0.044516,-0.047985,0.065942,2.580038,1.000000,0.540969,5.561433
11.125000,0.645996,0.134244,0.394826,0.959456,-0.274161,0.044543,-0.047912,0.065949,2.577316,1.000000,0.547435,5.557119
11.130000,0.646107,0.133674,0.394822,0.959359,-0.274510,0.044570,-0.047839,0.065956,2.574562,1.000000,0.553778,5.552884
11.135000,0.646226,0.133040,0.394815,0.959254,-0.274888,0.044600,-0.047738,0.065964,2.571777,1.000000,0.560327,5.546963
11.140000,0.646344,0.132405,0.394809,0.959149,-0.275266,0.044629,-0.047636,0.065972,2.568958,1.000000,0.567222,5.541085
11.145000,0.646463,0.131771,0.394803,0.959045,-0.275643,0.044659,-0.047535,0.065979,2.566104,1.000000,0.574263,5.535182
11.150000,0.646581,0.131136,0.394796,0.958940,-0.276021,0.044688,-0.047433,0.065987,2.563215,1.000000,0.581339,5.529353
11.155000,0.646700,0.130502,0.394790,0.958835,-0.276398,0.044718,-0.047332,0.065995,2.560291,1.000000,0.588363,5.523527
11.160000,0.646818,0.129868,0.394784,0.958729,-0.276776,0.044747,-0.047230,0.066002,2.557332,1.000000,0.595276,5.517676
11.165000,0.646937,0.129233,0.394777,0.958624,-0.277153,0.044776,-0.047129,0.066010,2.554339,1.000000,0.602058,5.511912
11.170000,0.647060,0.128539,0.394766,0.958517,-0.277543,0.044814,-0.046977,0.066018,2.551312,1.000000,0.609028,5.504682
11.175000,0.647183,0.127845,0.394755,0.958410,-0.277932,0.044852,-0.046825,0.066026,2.548249,1.000000,0.616305,5.497449
11.180000,0.647306,0.127150,0.394744,0.958303,-0.278321,0.044889,-0.046673,0.066034,2.545150,1.000000,0.623707,5.490314
11.185000,0.647428,0.126456,0.394733,0.958195,-0.278710,0.044927,-0.046521,0.066042,2.542013,1.000000,0.631093,5.483176
11.190000,0.647551,0.125762,0.394722,0.958088,-0.279099,0.044964,-0.046369,0.066049,2.538840,1.000000,0.638377,5.475997
11.195000,0.647674,0.125068,0.394711,0.957980,-0.279488,0.045002,-0.046217,0.066058,2.535631,1.000000,0.645521,5.468917
11.200000,0.647802,0.124314,0.394697,0.957875,-0.279872,0.045067,-0.045991,0.066066,2.532387,1.000000,0.652815,5.460375
11.205000,0.647929,0.123560,0.394683,0.957771,-0.280256,0.045133,-0.045765,0.066074,2.529106,1.000000,0.660400,5.451934
11.210000,0.648056,0.122806,0.394669,0.957666,-0.280640,0.045199,-0.045539,0.066082,2.525786,1.000000,0.668054,5.443490
11.215000,0.648184,0.122052,0.394655,0.957561,-0.281024,0.045265,-0.045314,0.066090,2.522428,1.000000,0.675660,5.435143
11.220000,0.648311,0.121298,0.394641,0.957456,-0.281407,0.045331,-0.045088,0.066099,2.519033,1.000000,0.683126,5.426843
11.225000,0.648438,0.120544,0.394627,0.957351,-0.281791,0.045397,-0.044862,0.066106,2.515601,1.000000,0.690391,5.418542
11.230000,0.648566,0.119790,0.394613,0.957245,-0.282174,0.045462,-0.044636,0.066115,2.512133,1.000000,0.697433,5.410359
11.235000,0.648699,0.118981,0.394600,0.957142,-0.282554,0.045569,-0.044350,0.066123,2.508631,1.000000,0.704437,5.400859
11.240000,0.648832,0.118171,0.394588,0.957038,-0.282933,0.045675,-0.044064,0.066131,2.505094,1.000000,0.711568,5.391377
11.245000,0.648965,0.117361,0.394575,0.956934,-0.283312,0.045782,-0.043777,0.066139,2.501521,1.000000,0.718671,5.382025
11.250000,0.649098,0.116552,0.394562,0.956829,-0.283691,0.045889,-0.043491,0.066147,2.497914,1.000000,0.725626,5.372699
11.255000,0.649231,0.115742,0.394550,0.956725,-0.284070,0.045995,-0.043205,0.066155,2.494272,1.000000,0.732382,5.363501
11.260000,0.649364,0.114932,0.394537,0.956620,-0.284449,0.046101,-0.042919,0.066163,2.490597,1.000000,0.738892,5.354420
11.265000,0.649497,0.114123,0.394524,0.956515,-0.284827,0.046208,-0.042634,0.066171,2.486891,1.000000,0.745116,5.345360
11.270000,0.649637,0.113248,0.394513,0.956407,-0.285215,0.046352,-0.042295,0.066180,2.483154,1.000000,0.751225,5.334868
11.275000,0.649776,0.112374,0.394501,0.956300,-0.285601,0.046496,-0.041956,0.066187,2.479387,1.000000,0.757463,5.324432
11.280000,0.649916,0.111500,0.394490,0.956192,-0.285989,0.046639,-0.041618,0.066196,2.475589,1.000000,0.763671,5.314124
11.285000,0.650056,0.110625,0.394478,0.956084,-0.286375,0.046783,-0.041279,0.066204,2.471761,1.000000,0.769749,5.303699
11.290000,0.650196,0.109751,0.394466,0.955976,-0.286761,0.046928,-0.040940,0.066212,2.467902,1.000000,0.775596,5.293311
11.295000,0.650337,0.108876,0.394455,0.955867,-0.287148,0.047071,-0.040601,0.066221,2.464016,1.000000,0.781186,5.283068
11.300000,0.650477,0.108002,0.394443,0.955758,-0.287534,0.047215,-0.040263,0.066229,2.460102,1.000000,0.786480,5.272877
11.305000,0.650615,0.107091,0.394428,0.955655,-0.287904,0.047382,-0.039863,0.066237,2.456163,1.000000,0.791608,5.261722
11.310000,0.650752,0.106180,0.394414,0.955552,-0.288274,0.047549,-0.039463,0.066246,2.452199,1.000000,0.796562,5.250724
11.315000,0.650890,0.105269,0.394399,0.955449,-0.288644,0.047715,-0.039063,0.066254,2.448214,1.000000,0.799876,5.239862
11.320000,0.651028,0.104358,0.394384,0.955345,-0.289014,0.047882,-0.038663,0.066262,2.444218,1.000000,0.801550,5.229137
11.325000,0.651165,0.103447,0.394370,0.955241,-0.289383,0.048049,-0.038263,0.066270,2.440217,1.000000,0.802162,5.218462
11.330000,0.651303,0.102536,0.394355,0.955136,-0.289753,0.048215,-0.037863,0.066279,2.436216,1.000000,0.802078,5.207936
11.335000,0.651441,0.101625,0.394340,0.955031,-0.290122,0.048382,-0.037463,0.066287,2.432216,1.000000,0.801494,5.197479
11.340000,0.651570,0.100684,0.394323,0.954933,-0.290475,0.048554,-0.037000,0.066295,2.428221,1.000000,0.800601,5.186118
11.345000,0.651699,0.099743,0.394305,0.954835,-0.290829,0.048726,-0.036537,0.066303,2.424231,1.000000,0.799570,5.174926
11.350000,0.651828,0.098802,0.394288,0.954736,-0.291182,0.048897,-0.036074,0.066311,2.420247,1.000000,0.798340,5.163825
11.355000,0.651958,0.097862,0.394270,0.954637,-0.291534,0.049069,-0.035612,0.066319,2.416270,1.000000,0.796891,5.152784
11.360000,0.652087,0.096921,0.394252,0.954537,-0.291887,0.049241,-0.035149,0.066327,2.412301,1.000000,0.795258,5.141913
11.365000,0.652216,0.095980,0.394235,0.954438,-0.292240,0.049413,-0.034686,0.066335,2.408340,1.000000,0.793445,5.131209
11.370000,0.652333,0.095009,0.394217,0.954342,-0.292586,0.049571,-0.034168,0.066344,2.404389,1.000000,0.791573,5.119576
11.375000,0.652450,0.094038,0.394199,0.954246,-0.292931,0.049728,-0.033650,0.066351,2.400448,1.000000,0.789744,5.108020
11.380000,0.652567,0.093067,0.394182,0.954150,-0.293276,0.049886,-0.033132,0.066359,2.396516,1.000000,0.787870,5.096628
11.385000,0.652684,0.092096,0.394164,0.954054,-0.293621,0.050044,-0.032614,0.066368,2.392594,1.000000,0.785880,5.085348
11.390000,0.652801,0.091125,0.394146,0.953957,-0.293966,0.050202,-0.032097,0.066375,2.388682,1.000000,0.783728,5.074147
11.395000,0.652919,0.090154,0.394128,0.953859,-0.294311,0.050360,-0.031579,0.066383,2.384782,1.000000,0.781411,5.063125
11.400000,0.653036,0.089183,0.394110,0.953762,-0.294656,0.050517,-0.031061,0.066392,2.380894,1.000000,0.778906,5.052212
11.405000,0.653135,0.088181,0.394085,0.953672,-0.294987,0.050642,-0.030471,0.066399,2.377019,1.000000,0.776345,5.040212
11.410000,0.653234,0.087180,0.394060,0.953581,-0.295318,0.050767,-0.029881,0.066407,2.373157,1.000000,0.773870,5.028406
11.415000,0.653334,0.086178,0.394035,0.953490,-0.295649,0.050892,-0.029291,0.066416,2.369307,1.000000,0.771361,5.016768
11.420000,0.653433,0.085177,0.394009,0.953399,-0.295980,0.051017,-0.028702,0.066423,2.365471,1.000000,0.768727,5.005225
11.425000,0.653533,0.084175,0.393984,0.953307,-0.296310,0.051142,-0.028112,0.066431,2.361648,1.000000,0.765942,4.993879
11.430000,0.653632,0.083174,0.393959,0.953215,-0.296641,0.051267,-0.027522,0.066439,2.357839,1.000000,0.762979,4.982676
11.435000,0.653732,0.082172,0.393934,0.953122,-0.296971,0.051392,-0.026933,0.066447,2.354046,1.000000,0.759812,4.971564
11.440000,0.653816,0.081138,0.393898,0.953031,-0.297305,0.051480,-0.026294,0.066455,2.350270,1.000000,0.756599,4.959528
11.445000,0.653899,0.080104,0.393861,0.952939,-0.297639,0.051569,-0.025655,0.066463,2.346510,1.000000,0.753484,4.947634
11.450000,0.653983,0.079070,0.393825,0.952847,-0.297973,0.051657,-0.025015,0.066472,2.342766,1.000000,0.750329,4.935865
11.455000,0.654067,0.078036,0.393789,0.952755,-0.298306,0.051746,-0.024377,0.066479,2.339037,1.000000,0.747050,4.924209
11.460000,0.654150,0.077002,0.393753,0.952661,-0.298640,0.051835,-0.023738,0.066487,2.335326,1.000000,0.743624,4.912773
11.465000,0.654234,0.075968,0.393717,0.952568,-0.298973,0.051923,-0.023099,0.066495,2.331632,1.000000,0.740030,4.901532
11.470000,0.654318,0.074934,0.393681,0.952474,-0.299306,0.052012,-0.022460,0.066503,2.327957,1.000000,0.736230,4.890409
11.475000,0.654391,0.073905,0.393646,0.952378,-0.299641,0.052099,-0.021830,0.066511,2.324302,1.000000,0.732304,4.879271
11.480000,0.654465,0.072876,0.393612,0.952283,-0.299975,0.052186,-0.021201,0.066519,2.320666,1.000000,0.728192,4.868273
11.485000,0.654539,0.071847,0.393577,0.952186,-0.300309,0.052273,-0.020572,0.066526,2.317052,1.000000,0.723883,4.857391
11.490000,0.654613,0.070818,0.393543,0.952089,-0.300643,0.052361,-0.019942,0.066534,2.313460,1.000000,0.719395,4.846724
11.495000,0.654687,0.069789,0.393508,0.951992,-0.300977,0.052448,-0.019313,0.066542,2.309891,1.000000,0.714723,4.836218
11.500000,0.654761,0.068760,0.393473,0.951894,-0.301311,0.052535,-0.018684,0.066549,2.306347,1.000000,0.709859,4.825826
11.505000,0.654835,0.067731,0.393439,0.951796,-0.301644,0.052622,-0.018055,0.066557,2.302827,1.000000,0.704825,4.815654
11.510000,0.654911,0.066714,0.393416,0.951693,-0.301982,0.052757,-0.017467,0.066565,2.299332,1.000000,0.699555,4.805833
11.515000,0.654986,0.065696,0.393393,0.951589,-0.302319,0.052892,-0.016880,0.066572,2.295865,1.000000,0.693976,4.796181
11.520000,0.655062,0.064678,0.393370,0.951484,-0.302655,0.053027,-0.016293,0.066579,2.292427,1.000000,0.688113,4.786649
11.525000,0.655138,0.063660,0.393347,0.951379,-0.302992,0.053162,-0.015706,0.066587,2.289019,1.000000,0.682013,4.777310
11.530000,0.655213,0.062642,0.393324,0.951274,-0.303329,0.053298,-0.015118,0.066594,2.285642,1.000000,0.675701,4.768106
11.535000,0.655289,0.061625,0.393301,0.951168,-0.303665,0.053433,-0.014531,0.066601,2.282298,1.000000,0.669201,4.759027
11.540000,0.655368,0.060602,0.393289,0.951049,-0.304034,0.053605,-0.014009,0.066609,2.278986,1.000000,0.662527,4.750097
11.545000,0.655447,0.059580,0.393276,0.950929,-0.304402,0.053777,-0.013488,0.066616,2.275708,1.000000,0.655735,4.741360
11.550000,0.655526,0.058558,0.393263,0.950808,-0.304770,0.053949,-0.012966,0.066623,2.272465,1.000000,0.648809,4.732753
11.555000,0.655605,0.057536,0.393251,0.950688,-0.305138,0.054121,-0.012444,0.066630,2.269257,1.000000,0.641776,4.724372
11.560000,0.655685,0.056513,0.393238,0.950566,-0.305506,0.054293,-0.011922,0.066638,2.266084,1.000000,0.634636,4.716139
11.565000,0.655764,0.055491,0.393225,0.950445,-0.305874,0.054464,-0.011401,0.066644,2.262947,1.000000,0.627391,4.708037
11.570000,0.655843,0.054469,0.393213,0.950322,-0.306241,0.054636,-0.010879,0.066652,2.259847,1.000000,0.620062,4.700164
11.575000,0.655915,0.053461,0.393202,0.950188,-0.306645,0.054794,-0.010430,0.066659,2.256783,1.000000,0.612874,4.692359
11.580000,0.655986,0.052453,0.393192,0.950054,-0.307048,0.054951,-0.009980,0.066666,2.253754,1.000000,0.605676,4.684678
11.585000,0.656058,0.051445,0.393182,0.949919,-0.307452,0.055108,-0.009531,0.066673,2.250762,1.000000,0.598473,4.677220
11.590000,0.656130,0.050437,0.393172,0.949783,-0.307855,0.055265,-0.009082,0.066681,2.247806,1.000000,0.591252,4.669932
11.595000,0.656202,0.049429,0.393161,0.949648,-0.308258,0.055423,-0.008632,0.066688,2.244886,1.000000,0.584009,4.662811
11.600000,0.656274,0.048421,0.393151,0.949512,-0.308661,0.055580,-0.008183,0.066695,2.242002,1.000000,0.576730,4.655821
11.605000,0.656345,0.047413,0.393141,0.949375,-0.309063,0.055737,-0.007734,0.066702,2.239155,1.000000,0.569429,4.649049
11.610000,0.656404,0.046417,0.393130,0.949226,-0.309511,0.055852,-0.007355,0.066710,2.236343,1.000000,0.562439,4.642094
11.615000,0.656463,0.045421,0.393120,0.949076,-0.309958,0.055966,-0.006977,0.066717,2.233566,1.000000,0.555595,4.635269
11.620000,0.656522,0.044425,0.393109,0.948926,-0.310406,0.056081,-0.006599,0.066724,2.230822,1.000000,0.548856,4.628659
11.625000,0.656581,0.043429,0.393098,0.948775,-0.310853,0.056196,-0.006220,0.066732,2.228112,1.000000,0.542180,4.622194
11.630000,0.656640,0.042433,0.393088,0.948624,-0.311300,0.056310,-0.005842,0.066739,2.225435,1.000000,0.535536,4.615858
11.635000,0.656698,0.041437,0.393077,0.948473,-0.311746,0.056425,-0.005463,0.066746,2.222792,1.000000,0.528920,4.609745
11.640000,0.656757,0.040441,0.393067,0.948321,-0.312193,0.056540,-0.005085,0.066754,2.220181,1.000000,0.522336,4.603808
11.645000,0.656802,0.039458,0.393056,0.948162,-0.312669,0.056614,-0.004756,0.066761,2.217602,1.000000,0.516054,4.597603
11.650000,0.656847,0.038475,0.393046,0.948002,-0.313145,0.056689,-0.004427,0.066768,2.215054,1.000000,0.509926,4.591616
11.655000,0.656892,0.037492,0.393036,0.947841,-0.313620,0.056763,-0.004098,0.066776,2.212536,1.000000,0.503894,4.585747
11.660000,0.656937,0.036509,0.393025,0.947681,-0.314096,0.056838,-0.003769,0.066783,2.210049,1.000000,0.497925,4.579982
11.665000,0.656982,0.035526,0.393015,0.947520,-0.314571,0.056912,-0.003440,0.066790,2.207591,1.000000,0.492014,4.574434
11.670000,0.657027,0.034543,0.393005,0.947359,-0.315047,0.056987,-0.003111,0.066798,2.205162,1.000000,0.486145,4.569044
11.675000,0.657072,0.033560,0.392994,0.947197,-0.315522,0.057061,-0.002782,0.066806,2.202763,1.000000,0.480307,4.563810
11.680000,0.657106,0.032614,0.392983,0.947034,-0.316005,0.057110,-0.002502,0.066812,2.200391,1.000000,0.474799,4.558629
11.685000,0.657139,0.031668,0.392972,0.946870,-0.316488,0.057158,-0.002222,0.066820,2.198046,1.000000,0.469301,4.553633
11.690000,0.657173,0.030721,0.392960,0.946706,-0.316972,0.057207,-0.001943,0.066827,2.195729,1.000000,0.463839,4.548775
11.695000,0.657206,0.029775,0.392949,0.946542,-0.317455,0.057255,-0.001663,0.066834,2.193439,1.000000,0.458408,4.544027
11.700000,0.657239,0.028829,0.392938,0.946377,-0.317938,0.057304,-0.001383,0.066842,2.191176,1.000000,0.453019,4.539473
11.705000,0.657273,0.027883,0.392926,0.946212,-0.318421,0.057352,-0.001103,0.066849,2.188940,1.000000,0.447659,4.535050
11.710000,0.657298,0.026952,0.392915,0.946038,-0.318935,0.057383,-0.000887,0.066856,2.186729,1.000000,0.442569,4.530536
11.715000,0.657324,0.026020,0.392903,0.945862,-0.319449,0.057413,-0.000671,0.066863,2.184544,1.000000,0.437607,4.526219
11.720000,0.657350,0.025089,0.392891,0.945687,-0.319963,0.057444,-0.000455,0.066871,2.182383,1.000000,0.432753,4.522023
11.725000,0.657375,0.024157,0.392880,0.945511,-0.320477,0.057474,-0.000239,0.066878,2.180246,1.000000,0.427973,4.517930
11.730000,0.657401,0.023226,0.392868,0.945335,-0.320991,0.057504,-0.000022,0.066885,2.178133,1.000000,0.423263,4.514031
11.735000,0.657427,0.022294,0.392856,0.945158,-0.321505,0.057535,0.000194,0.066893,2.176043,1.000000,0.418612,4.510261
11.740000,0.657452,0.021363,0.392845,0.944982,-0.322018,0.057565,0.000410,0.066900,2.173976,1.000000,0.414005,4.506583
11.745000,0.657472,0.020456,0.392839,0.944801,-0.322543,0.057595,0.000577,0.066907,2.171931,1.000000,0.409624,4.502964
11.750000,0.657492,0.019548,0.392834,0.944619,-0.323068,0.057625,0.000744,0.066915,2.169908,1.000000,0.405256,4.499455
11.755000,0.657511,0.018641,0.392829,0.944438,-0.323593,0.057655,0.000911,0.066922,2.167906,1.000000,0.400920,4.496048
11.760000,0.657531,0.017734,0.392823,0.944256,-0.324117,0.057685,0.001078,0.066929,2.165926,1.000000,0.396623,4.492736
11.765000,0.657551,0.016827,0.392818,0.944074,-0.324641,0.057715,0.001245,0.066936,2.163967,1.000000,0.392382,4.489596
11.770000,0.657570,0.015919,0.392812,0.943891,-0.325165,0.057745,0.001412,0.066943,2.162030,1.000000,0.388198,4.486564
11.775000,0.657590,0.015012,0.392807,0.943709,-0.325689,0.057775,0.001578,0.066950,2.160113,1.000000,0.384056,4.483628
11.780000,0.657605,0.014140,0.392808,0.943529,-0.326201,0.057815,0.001717,0.066957,2.158215,1.000000,0.380111,4.480810
11.785000,0.657619,0.013269,0.392810,0.943349,-0.326713,0.057854,0.001855,0.066964,2.156337,1.000000,0.376089,4.478076
11.790000,0.657634,0.012397,0.392811,0.943169,-0.327225,0.057894,0.001994,0.066971,2.154480,1.000000,0.372046,4.475423
11.795000,0.657648,0.011525,0.392812,0.942989,-0.327737,0.057933,0.002132,0.066978,2.152643,1.000000,0.368026,4.472939
11.800000,0.657663,0.010654,0.392813,0.942808,-0.328248,0.057973,0.002270,0.066985,2.150825,1.000000,0.364047,4.470545
11.805000,0.657677,0.009782,0.392815,0.942627,-0.328759,0.058012,0.002409,0.066991,2.149027,1.000000,0.360111,4.468218
11.810000,0.657692,0.008910,0.392816,0.942446,-0.329271,0.058052,0.002547,0.066998,2.147249,1.000000,0.356229,4.466062
11.815000,0.657699,0.008066,0.392815,0.942266,-0.329779,0.058083,0.002658,0.067005,2.145489,1.000000,0.352573,4.463844
11.820000,0.657707,0.007223,0.392814,0.942086,-0.330287,0.058115,0.002768,0.067012,2.143747,1.000000,0.348926,4.461700
11.825000,0.657715,0.006379,0.392812,0.941905,-0.330795,0.058146,0.002879,0.067018,2.142023,1.000000,0.345315,4.459626
11.830000,0.657722,0.005535,0.392811,0.941724,-0.331303,0.058178,0.002989,0.067025,2.140318,1.000000,0.341759,4.457692
11.835000,0.657730,0.004691,0.392810,0.941543,-0.331811,0.058209,0.003100,0.067032,2.138629,1.000000,0.338260,4.455831
11.840000,0.657738,0.003847,0.392809,0.941362,-0.332319,0.058241,0.003210,0.067038,2.136958,1.000000,0.334810,4.454041
11.845000,0.657745,0.003004,0.392808,0.941180,-0.332826,0.058273,0.003320,0.067045,2.135304,1.000000,0.331418,4.452409
11.850000,0.657746,0.002222,0.392805,0.941008,-0.333307,0.058292,0.003403,0.067051,2.133665,1.000000,0.328360,4.450717
11.855000,0.657746,0.001441,0.392801,0.940836,-0.333788,0.058312,0.003486,0.067057,2.132042,1.000000,0.325180,4.449068
11.860000,0.657747,0.000660,0.392798,0.940664,-0.334269,0.058331,0.003568,0.067064,2.130434,1.000000,0.321974,4.447552
11.865000,0.657748,-0.000122,0.392794,0.940492,-0.334749,0.058351,0.003651,0.067070,2.128842,1.000000,0.318791,4.446071
11.870000,0.657748,-0.000903,0.392791,0.940319,-0.335229,0.058371,0.003733,0.067076,2.127266,1.000000,0.315642,4.444614
11.875000,0.657749,-0.001685,0.392788,0.940146,-0.335709,0.058390,0.003816,0.067083,2.125706,1.000000,0.312543,4.443289
11.880000,0.657744,-0.002387,0.392787,0.939988,-0.336150,0.058402,0.003871,0.067089,2.124159,1.000000,0.309781,4.441898
11.885000,0.657739,-0.003088,0.392786,0.939830,-0.336590,0.058414,0.003927,0.067095,2.122626,1.000000,0.306812,4.440535
11.890000,0.657734,-0.003790,0.392785,0.939671,-0.337030,0.058426,0.003983,0.067101,2.121108,1.000000,0.303768,4.439188
11.895000,0.657729,-0.004492,0.392784,0.939512,-0.337470,0.058438,0.004038,0.067107,2.119606,1.000000,0.300724,4.437926
11.900000,0.657724,-0.005194,0.392784,0.939353,-0.337909,0.058450,0.004094,0.067113,2.118118,1.000000,0.297721,4.436672
11.905000,0.657720,-0.005896,0.392783,0.939194,-0.338349,0.058463,0.004150,0.067118,2.116645,1.000000,0.294767,4.435436
11.910000,0.657715,-0.006597,0.392782,0.939105,-0.338595,0.058456,0.004242,0.067123,2.115188,1.000000,0.291276,4.434541
11.915000,0.657706,-0.007232,0.392781,0.939106,-0.338597,0.058420,0.004350,0.067126,2.113750,1.000000,0.286826,4.433748
11.920000,0.657698,-0.007867,0.392780,0.939107,-0.338598,0.058385,0.004459,0.067129,2.112338,1.000000,0.281272,4.432935
11.925000,0.657689,-0.008502,0.392780,0.939108,-0.338601,0.058351,0.004570,0.067131,2.110955,1.000000,0.275156,4.432202
11.930000,0.657681,-0.009137,0.392779,0.939109,-0.338604,0.058318,0.004682,0.067134,2.109603,1.000000,0.268792,4.431454
11.935000,0.657672,-0.009772,0.392778,0.939109,-0.338607,0.058286,0.004797,0.067136,2.108284,1.000000,0.262350,4.430683
11.940000,0.657664,-0.010407,0.392777,0.939109,-0.338611,0.058255,0.004912,0.067139,2.106996,1.000000,0.255942,4.429994
11.945000,0.657654,-0.011041,0.392777,0.939108,-0.338615,0.058226,0.005027,0.067141,2.105741,1.000000,0.249596,4.430223
11.950000,0.657643,-0.011645,0.392775,0.939109,-0.338618,0.058194,0.005131,0.067143,2.104515,1.000000,0.243523,4.429761
11.955000,0.657632,-0.012248,0.392773,0.939109,-0.338621,0.058163,0.005237,0.067146,2.103320,1.000000,0.237548,4.429187
11.960000,0.657622,-0.012851,0.392771,0.939109,-0.338624,0.058133,0.005343,0.067148,2.102154,1.000000,0.231701,4.428445
11.964300,0.657614,-0.013370,0.392770,0.939109,-0.338626,0.058108,0.005436,0.067151,2.101175,1.000000,0.226077,4.427874
