{
  "skill_name": "rectangle_1",
  "match_ms": 125.838,
  "j_end": 243,
  "s": 1.06095342,
  "t": [
    0.98936064,
    -0.02838685,
    -0.0117114
  ],
  "R": [
    [
      -0.99720225,
      -0.07089568,
      -0.02369534
    ],
    [
      0.07081519,
      -0.99748053,
      0.00421994
    ],
    [
      -0.02393482,
      0.00253015,
      0.99971032
    ]
  ]
}
