{
  "skill_name": "arc1_4",
  "match_ms": 3807.29,
  "j_end": 963,
  "s": 0.93920676,
  "t": [
    -0.02044444,
    0.05530679,
    0.11901032
  ],
  "R": [
    [
      0.88118629,
      -0.47254841,
      0.01444698
    ],
    [
      0.4699053,
      0.87208086,
      -0.13661618
    ],
    [
      0.05195882,
      0.12717302,
      0.9905187
    ]
  ]
}
