{
  "skill_name": "line1_5",
  "match_ms": 520.69,
  "j_end": 388,
  "s": 0.65492224,
  "t": [
    0.59407998,
    0.50766517,
    0.05609461
  ],
  "R": [
    [
      -0.73970387,
      0.66035,
      0.12952243
    ],
    [
      -0.66694933,
      -0.7450285,
      -0.01054206
    ],
    [
      0.08953645,
      -0.0941829,
      0.99152045
    ]
  ]
}
