{
  "skill_name": "line1_5",
  "match_ms": 621.208,
  "j_end": 428,
  "s": 0.72965382,
  "t": [
    0.58665833,
    0.53889385,
    0.07606625
  ],
  "R": [
    [
      -0.74099811,
      0.66143328,
      0.11587847
    ],
    [
      -0.67123411,
      -0.72466487,
      -0.15590256
    ],
    [
      -0.01914609,
      -0.19330508,
      0.98095187
    ]
  ]
}
