{
  "skill_name": "arc_2",
  "match_ms": 514.874,
  "j_end": 788,
  "s": 1.25469498,
  "t": [
    -0.13889604,
    0.0403459,
    -0.17307844
  ],
  "R": [
    [
      0.99690791,
      -0.00483112,
      0.07843006
    ],
    [
      0.0095902,
      0.99812719,
      -0.06041647
    ],
    [
      -0.0779913,
      0.06098182,
      0.99508722
    ]
  ]
}
