{
  "skill_name": "eight_1",
  "match_ms": 291.008,
  "j_end": 363,
  "s": 1.18987694,
  "t": [
    1.065649,
    -0.07077104,
    -0.0423696
  ],
  "R": [
    [
      -0.95949545,
      -0.27355578,
      -0.0673478
    ],
    [
      0.27361549,
      -0.96180146,
      0.00851586
    ],
    [
      -0.06710478,
      -0.01025647,
      0.99769322
    ]
  ]
}
