{
  "skill_name": "eight_2",
  "match_ms": 351.315,
  "j_end": 513,
  "s": 1.0307286,
  "t": [
    0.10179671,
    -0.04867052,
    1.05211602
  ],
  "R": [
    [
      0.92727374,
      -0.31926104,
      -0.19553979
    ],
    [
      -0.32384944,
      -0.94606654,
      0.00892456
    ],
    [
      -0.18784292,
      0.05504994,
      -0.98065516
    ]
  ]
}
