{
  "skill_name": "triangle_1",
  "match_ms": 186.742,
  "j_end": 333,
  "s": 1.21757655,
  "t": [
    -0.05802627,
    0.01125588,
    0.90348524
  ],
  "R": [
    [
      0.99963108,
      -0.01775531,
      0.02055354
    ],
    [
      -0.01803456,
      -0.99974646,
      0.01348189
    ],
    [
      0.02030896,
      -0.01384759,
      -0.99969785
    ]
  ]
}
