{
  "skill_name": "triangle_1",
  "match_ms": 184.802,
  "j_end": 348,
  "s": 1.07746364,
  "t": [
    0.46898599,
    -0.48035072,
    0.84612309
  ],
  "R": [
    [
      0.05948967,
      0.99669489,
      0.05531974
    ],
    [
      0.99814027,
      -0.06013154,
      0.01001026
    ],
    [
      0.01330363,
      0.05462136,
      -0.99841851
    ]
  ]
}
