{
  "skill_name": "line1_2",
  "match_ms": 826.235,
  "j_end": 368,
  "s": 1.29657251,
  "t": [
    0.47495747,
    -0.7710835,
    1.09413893
  ],
  "R": [
    [
      0.05486489,
      -0.97126147,
      -0.23160525
    ],
    [
      -0.08385384,
      -0.23561713,
      0.96822162
    ],
    [
      -0.99496652,
      -0.03370038,
      -0.09437111
    ]
  ]
}
