{
  "skill_name": "recip_line_1",
  "match_ms": 352.922,
  "j_end": 483,
  "s": 0.80290363,
  "t": [
    0.06526302,
    -0.00011591,
    0.82042644
  ],
  "R": [
    [
      0.03212118,
      0.07968199,
      0.99630267
    ],
    [
      -0.00872337,
      0.99680143,
      -0.07944063
    ],
    [
      -0.99944591,
      -0.00613939,
      0.03271353
    ]
  ]
}
