{
  "skill_name": "circle3_2",
  "match_ms": 1893.076,
  "j_end": 438,
  "s": 1.10963709,
  "t": [
    -0.03533671,
    -0.11079309,
    0.062486
  ],
  "R": [
    [
      0.96215384,
      -0.23960816,
      0.12979953
    ],
    [
      0.22876346,
      0.96902303,
      0.09306797
    ],
    [
      -0.14807858,
      -0.05985231,
      0.98716282
    ]
  ]
}
