time,x,y,z,qx,qy,qz,qw,alpha,tank_energy,passivity_lambda,passivity_power,autonomy_wrench_norm
0.000000,0.437879,0.080690,0.396427,0.951916,-0.304454,-0.030655,0.014993,0.016696,2.000000,1.000000,0.000000,0.000000
0.005000,0.437878,0.080689,0.396427,0.951915,-0.304456,-0.030655,0.014994,0.031723,1.999998,1.000000,0.000656,1.230390
0.010000,0.437876,0.080688,0.396429,0.951913,-0.304461,-0.030656,0.014998,0.045247,1.999993,1.000000,0.001230,1.223134
0.015000,0.437873,0.080685,0.396430,0.951911,-0.304469,-0.030658,0.015003,0.057418,1.999986,1.000000,0.001610,1.215620
0.020000,0.437869,0.080681,0.396432,0.951908,-0.304478,-0.030659,0.015008,0.068373,1.999977,1.000000,0.001855,1.208199
0.025000,0.437864,0.080678,0.396434,0.951904,-0.304487,-0.030661,0.015015,0.078231,1.999967,1.000000,0.002003,1.200779
0.030000,0.437860,0.080674,0.396437,0.951901,-0.304497,-0.030663,0.015021,0.087104,1.999957,1.000000,0.002084,1.193470
0.035000,0.437855,0.080670,0.396439,0.951898,-0.304508,-0.030664,0.015028,0.095090,1.999947,1.000000,0.002120,1.186124
0.040000,0.437850,0.080666,0.396442,0.951894,-0.304518,-0.030666,0.015035,0.102277,1.999936,1.000000,0.002124,1.178885
0.045000,0.437845,0.080662,0.396445,0.951891,-0.304528,-0.030667,0.015041,0.108745,1.999925,1.000000,0.002106,1.171638
0.050000,0.437840,0.080658,0.396448,0.951887,-0.304538,-0.030668,0.015048,0.114566,1.999915,1.000000,0.002070,1.164390
0.055000,0.437835,0.080655,0.396451,0.951884,-0.304548,-0.030669,0.015054,0.119806,1.999905,1.000000,0.002021,1.157146
0.060000,0.437831,0.080651,0.396454,0.951881,-0.304557,-0.030670,0.015060,0.124521,1.999895,1.000000,0.001963,1.149941
0.065000,0.437826,0.080648,0.396457,0.951878,-0.304567,-0.030671,0.015066,0.128765,1.999885,1.000000,0.001901,1.142793
0.070000,0.437822,0.080644,0.396459,0.951875,-0.304576,-0.030672,0.015071,0.132584,1.999876,1.000000,0.001837,1.135708
0.075000,0.437818,0.080641,0.396462,0.951872,-0.304584,-0.030672,0.015077,0.136022,1.999867,1.000000,0.001771,1.128711
0.080000,0.437814,0.080638,0.396465,0.951869,-0.304593,-0.030672,0.015082,0.139116,1.999858,1.000000,0.001704,1.121616
0.085000,0.437810,0.080635,0.396468,0.951867,-0.304601,-0.030673,0.015087,0.141900,1.999850,1.000000,0.001638,1.114577
0.090000,0.437806,0.080632,0.396470,0.951864,-0.304609,-0.030673,0.015091,0.144406,1.999842,1.000000,0.001573,1.107619
0.095000,0.437802,0.080629,0.396473,0.951861,-0.304616,-0.030673,0.015096,0.146661,1.999834,1.000000,0.001511,1.100722
0.100000,0.437799,0.080627,0.396475,0.951859,-0.304624,-0.030674,0.015100,0.148691,1.999827,1.000000,0.001450,1.093858
0.105000,0.437795,0.080624,0.396478,0.951857,-0.304631,-0.030674,0.015104,0.150518,1.999820,1.000000,0.001390,1.087017
0.110000,0.437792,0.080622,0.396480,0.951854,-0.304638,-0.030674,0.015108,0.152162,1.999813,1.000000,0.001332,1.080160
0.115000,0.437789,0.080619,0.396483,0.951852,-0.304644,-0.030674,0.015111,0.153642,1.999807,1.000000,0.001276,1.073387
0.120000,0.437786,0.080617,0.396485,0.951850,-0.304651,-0.030674,0.015115,0.154974,1.999800,1.000000,0.001221,1.066658
0.125000,0.437783,0.080615,0.396487,0.951848,-0.304657,-0.030673,0.015118,0.156172,1.999795,1.000000,0.001168,1.059939
0.130000,0.437780,0.080613,0.396489,0.951846,-0.304663,-0.030673,0.015121,0.157251,1.999789,1.000000,0.001115,1.053309
0.135000,0.437778,0.080611,0.396492,0.951844,-0.304669,-0.030673,0.015124,0.158222,1.999783,1.000000,0.001067,1.046720
0.140000,0.437775,0.080609,0.396494,0.951842,-0.304674,-0.030672,0.015127,0.159095,1.999778,1.000000,0.001035,1.040141
0.145000,0.437773,0.080607,0.396496,0.951841,-0.304680,-0.030672,0.015129,0.159882,1.999773,1.000000,0.001011,1.033571
0.150000,0.437770,0.080606,0.396498,0.951839,-0.304685,-0.030671,0.015132,0.160590,1.999768,1.000000,0.000993,1.027057
0.155000,0.437768,0.080604,0.396500,0.951837,-0.304691,-0.030671,0.015134,0.161227,1.999763,1.000000,0.000978,1.020619
0.160000,0.437766,0.080602,0.396502,0.951835,-0.304696,-0.030671,0.015137,0.161800,1.999758,1.000000,0.000965,1.014195
0.165000,0.437763,0.080601,0.396504,0.951834,-0.304701,-0.030670,0.015139,0.162316,1.999754,1.000000,0.000954,1.007823
0.170000,0.437761,0.080599,0.396506,0.951832,-0.304707,-0.030670,0.015142,0.162780,1.999749,1.000000,0.000943,1.001525
0.175000,0.437759,0.080597,0.396508,0.951830,-0.304712,-0.030669,0.015144,0.163198,1.999744,1.000000,0.000934,0.995265
0.180000,0.437757,0.080596,0.396510,0.951829,-0.304717,-0.030669,0.015147,0.163574,1.999740,1.000000,0.000924,0.989028
0.185000,0.437755,0.080594,0.396512,0.951827,-0.304722,-0.030669,0.015149,0.163913,1.999735,1.000000,0.000915,0.982798
0.190000,0.437752,0.080593,0.396514,0.951825,-0.304727,-0.030668,0.015152,0.164217,1.999730,1.000000,0.000906,0.976673
0.195000,0.437750,0.080591,0.396516,0.951824,-0.304732,-0.030668,0.015154,0.164492,1.999726,1.000000,0.000897,0.970599
0.200000,0.437748,0.080590,0.396517,0.951822,-0.304737,-0.030668,0.015157,0.164738,1.999721,1.000000,0.000888,0.964563
0.205000,0.437746,0.080588,0.396519,0.951820,-0.304743,-0.030667,0.015160,0.164960,1.999717,1.000000,0.000879,0.958542
0.210000,0.437744,0.080587,0.396521,0.951819,-0.304748,-0.030667,0.015162,0.165160,1.999713,1.000000,0.000871,0.952568
0.215000,0.437742,0.080585,0.396523,0.951817,-0.304753,-0.030667,0.015165,0.165340,1.999708,1.000000,0.000862,0.946685
0.220000,0.437739,0.080584,0.396525,0.951815,-0.304757,-0.030667,0.015167,0.165502,1.999704,1.000000,0.000854,0.940903
0.225000,0.437737,0.080582,0.396527,0.951814,-0.304762,-0.030666,0.015170,0.165648,1.999700,1.000000,0.000846,0.935193
0.230000,0.437735,0.080581,0.396528,0.951812,-0.304767,-0.030666,0.015172,0.165779,1.999696,1.000000,0.000837,0.929412
0.235000,0.437733,0.080580,0.396530,0.951810,-0.304772,-0.030666,0.015175,0.165897,1.999691,1.000000,0.000829,0.923724
0.240000,0.437731,0.080579,0.396532,0.951809,-0.304777,-0.030666,0.015177,0.166003,1.999687,1.000000,0.000821,0.918122
0.245000,0.437729,0.080577,0.396533,0.951807,-0.304782,-0.030666,0.015180,0.166099,1.999683,1.000000,0.000813,0.912624
0.250000,0.437727,0.080576,0.396535,0.951806,-0.304787,-0.030665,0.015182,0.166185,1.999679,1.000000,0.000805,0.907156
0.255000,0.437725,0.080575,0.396537,0.951804,-0.304791,-0.030665,0.015185,0.166262,1.999675,1.000000,0.000797,0.901684
0.260000,0.437723,0.080574,0.396538,0.951803,-0.304796,-0.030665,0.015188,0.166332,1.999671,1.000000,0.000789,0.896351
0.265000,0.437721,0.080572,0.396540,0.951801,-0.304801,-0.030665,0.015190,0.166395,1.999667,1.000000,0.000782,0.891083
0.270000,0.437719,0.080571,0.396542,0.951800,-0.304806,-0.030665,0.015193,0.166451,1.999663,1.000000,0.000774,0.885803
0.275000,0.437718,0.080570,0.396543,0.951798,-0.304810,-0.030665,0.015195,0.166502,1.999660,1.000000,0.000767,0.880607
0.280000,0.437716,0.080569,0.396545,0.951797,-0.304815,-0.030665,0.015198,0.166548,1.999656,1.000000,0.000759,0.875493
0.285000,0.437714,0.080568,0.396546,0.951795,-0.304819,-0.030665,0.015201,0.166589,1.999652,1.000000,0.000752,0.870432
0.290000,0.437712,0.080567,0.396548,0.951793,-0.304824,-0.030665,0.015203,0.166626,1.999648,1.000000,0.000745,0.865443
0.295000,0.437710,0.080566,0.396550,0.951792,-0.304829,-0.030665,0.015206,0.166659,1.999645,1.000000,0.000738,0.860546
0.300000,0.437708,0.080565,0.396551,0.951791,-0.304833,-0.030665,0.015208,0.166689,1.999641,1.000000,0.000731,0.855708
0.305000,0.437706,0.080564,0.396553,0.951789,-0.304838,-0.030665,0.015211,0.166716,1.999637,1.000000,0.000725,0.850938
0.310000,0.437705,0.080563,0.396554,0.951788,-0.304842,-0.030665,0.015213,0.166741,1.999634,1.000000,0.000719,0.846245
0.315000,0.437703,0.080562,0.396556,0.951786,-0.304846,-0.030665,0.015216,0.166763,1.999630,1.000000,0.000712,0.841605
0.320000,0.437701,0.080561,0.396557,0.951785,-0.304851,-0.030665,0.015219,0.166782,1.999627,1.000000,0.000706,0.837008
0.325000,0.437699,0.080560,0.396558,0.951783,-0.304855,-0.030665,0.015221,0.166800,1.999623,1.000000,0.000700,0.832537
0.330000,0.437698,0.080560,0.396560,0.951782,-0.304860,-0.030665,0.015224,0.166816,1.999620,1.000000,0.000694,0.828159
0.335000,0.437696,0.080559,0.396561,0.951780,-0.304864,-0.030665,0.015227,0.166830,1.999616,1.000000,0.000688,0.823790
0.340000,0.437694,0.080558,0.396563,0.951779,-0.304868,-0.030665,0.015229,0.166843,1.999613,1.000000,0.000683,0.819519
0.345000,0.437693,0.080557,0.396564,0.951777,-0.304873,-0.030666,0.015232,0.166855,1.999609,1.000000,0.000677,0.815371
0.350000,0.437691,0.080556,0.396565,0.951776,-0.304877,-0.030666,0.015234,0.166865,1.999606,1.000000,0.000671,0.811278
0.355000,0.437689,0.080556,0.396567,0.951775,-0.304881,-0.030666,0.015237,0.166875,1.999603,1.000000,0.000666,0.807251
0.360000,0.437688,0.080555,0.396568,0.951773,-0.304885,-0.030666,0.015240,0.166883,1.999599,1.000000,0.000660,0.803334
0.365000,0.437686,0.080554,0.396569,0.951772,-0.304889,-0.030666,0.015242,0.166891,1.999596,1.000000,0.000655,0.799502
0.370000,0.437684,0.080554,0.396571,0.951770,-0.304894,-0.030666,0.015245,0.166898,1.999593,1.000000,0.000649,0.795781
0.375000,0.437683,0.080553,0.396572,0.951769,-0.304898,-0.030667,0.015248,0.166904,1.999590,1.000000,0.000644,0.792126
0.380000,0.437681,0.080552,0.396573,0.951768,-0.304902,-0.030667,0.015250,0.166909,1.999586,1.000000,0.000638,0.788547
0.385000,0.437680,0.080552,0.396575,0.951766,-0.304906,-0.030667,0.015253,0.166914,1.999583,1.000000,0.000633,0.785069
0.390000,0.437678,0.080551,0.396576,0.951765,-0.304910,-0.030667,0.015256,0.166919,1.999580,1.000000,0.000627,0.781680
0.395000,0.437676,0.080551,0.396577,0.951764,-0.304914,-0.030668,0.015258,0.166923,1.999577,1.000000,0.000622,0.778390
0.400000,0.437675,0.080550,0.396578,0.951762,-0.304918,-0.030668,0.015261,0.166927,1.999574,1.000000,0.000616,0.775191
0.405000,0.437673,0.080550,0.396580,0.951761,-0.304922,-0.030668,0.015264,0.166930,1.999571,1.000000,0.000611,0.772103
0.410000,0.437672,0.080549,0.396581,0.951760,-0.304926,-0.030669,0.015266,0.166933,1.999568,1.000000,0.000606,0.769102
0.415000,0.437670,0.080549,0.396582,0.951758,-0.304930,-0.030669,0.015269,0.166936,1.999565,1.000000,0.000600,0.766193
0.420000,0.437669,0.080549,0.396583,0.951757,-0.304934,-0.030669,0.015272,0.166938,1.999562,1.000000,0.000595,0.763400
0.425000,0.437668,0.080548,0.396584,0.951756,-0.304938,-0.030670,0.015274,0.166940,1.999559,1.000000,0.000589,0.760704
0.430000,0.437666,0.080548,0.396585,0.951754,-0.304942,-0.030670,0.015277,0.166942,1.999556,1.000000,0.000583,0.758105
0.435000,0.437665,0.080548,0.396586,0.951753,-0.304945,-0.030671,0.015279,0.166944,1.999553,1.000000,0.000578,0.755623
0.440000,0.437663,0.080547,0.396588,0.951752,-0.304949,-0.030671,0.015282,0.166945,1.999550,1.000000,0.000571,0.753233
0.445000,0.437662,0.080547,0.396589,0.951751,-0.304953,-0.030672,0.015285,0.166947,1.999547,1.000000,0.000565,0.750994
0.450000,0.437661,0.080547,0.396590,0.951750,-0.304956,-0.030672,0.015287,0.166948,1.999544,1.000000,0.000559,0.748874
0.455000,0.437659,0.080547,0.396591,0.951748,-0.304960,-0.030673,0.015290,0.166949,1.999542,1.000000,0.000552,0.746822
0.460000,0.437658,0.080547,0.396592,0.951747,-0.304963,-0.030673,0.015293,0.166950,1.999539,1.000000,0.000545,0.744884
0.465000,0.437657,0.080547,0.396593,0.951746,-0.304967,-0.030674,0.015295,0.166951,1.999536,1.000000,0.000538,0.743071
0.470000,0.437655,0.080547,0.396594,0.951745,-0.304970,-0.030674,0.015298,0.166952,1.999534,1.000000,0.000531,0.741456
0.475000,0.437654,0.080548,0.396595,0.951744,-0.304973,-0.030675,0.015301,0.166953,1.999531,1.000000,0.000523,0.739967
0.480000,0.437653,0.080548,0.396596,0.951743,-0.304976,-0.030676,0.015303,0.166953,1.999528,1.000000,0.000515,0.738615
0.485000,0.437652,0.080548,0.396597,0.951742,-0.304979,-0.030676,0.015306,0.166954,1.999526,1.000000,0.000506,0.737398
0.490000,0.437650,0.080549,0.396598,0.951741,-0.304982,-0.030677,0.015309,0.166955,1.999523,1.000000,0.000497,0.736310
0.495000,0.437649,0.080549,0.396599,0.951740,-0.304985,-0.030678,0.015311,0.166955,1.999521,1.000000,0.000488,0.735364
0.500000,0.437648,0.080550,0.396599,0.951739,-0.304988,-0.030679,0.015314,0.166955,1.999518,1.000000,0.000478,0.734582
0.505000,0.437647,0.080551,0.396600,0.951738,-0.304991,-0.030680,0.015317,0.166956,1.999516,1.000000,0.000467,0.734108
0.510000,0.437646,0.080551,0.396601,0.951737,-0.304993,-0.030680,0.015319,0.166956,1.999514,1.000000,0.000456,0.733776
0.515000,0.437645,0.080552,0.396602,0.951736,-0.304996,-0.030681,0.015322,0.166957,1.999512,1.000000,0.000444,0.733596
0.520000,0.437644,0.080553,0.396602,0.951735,-0.304998,-0.030683,0.015325,0.166957,1.999509,1.000000,0.000431,0.733568
0.525000,0.437643,0.080554,0.396603,0.951734,-0.305001,-0.030684,0.015327,0.166957,1.999507,1.000000,0.000418,0.733721
0.530000,0.437642,0.080555,0.396604,0.951734,-0.305003,-0.030685,0.015330,0.166957,1.999505,1.000000,0.000404,0.734044
0.535000,0.437641,0.080556,0.396604,0.951733,-0.305005,-0.030686,0.015333,0.166958,1.999503,1.000000,0.000391,0.734505
0.540000,0.437640,0.080558,0.396604,0.951732,-0.305007,-0.030688,0.015335,0.166958,1.999501,1.000000,0.000376,0.735234
0.545000,0.437640,0.080559,0.396605,0.951731,-0.305009,-0.030689,0.015338,0.166958,1.999499,1.000000,0.000361,0.736113
0.550000,0.437639,0.080560,0.396605,0.951731,-0.305011,-0.030691,0.015341,0.166958,1.999498,1.000000,0.000346,0.737136
0.555000,0.437638,0.080562,0.396605,0.951730,-0.305012,-0.030692,0.015344,0.166958,1.999496,1.000000,0.000331,0.738307
0.560000,0.437638,0.080563,0.396605,0.951729,-0.305014,-0.030694,0.015346,0.166958,1.999494,1.000000,0.000316,0.739599
0.565000,0.437637,0.080565,0.396605,0.951729,-0.305016,-0.030696,0.015349,0.166958,1.999493,1.000000,0.000301,0.740955
0.570000,0.437637,0.080567,0.396605,0.951728,-0.305017,-0.030698,0.015352,0.166959,1.999491,1.000000,0.000285,0.742416
0.575000,0.437636,0.080568,0.396604,0.951728,-0.305019,-0.030701,0.015355,0.166959,1.999490,1.000000,0.000270,0.744087
0.580000,0.437636,0.080570,0.396604,0.951727,-0.305020,-0.030703,0.015357,0.166959,1.999489,1.000000,0.000255,0.745812
0.585000,0.437635,0.080572,0.396604,0.951726,-0.305021,-0.030705,0.015360,0.166959,1.999487,1.000000,0.000239,0.747610
0.590000,0.437635,0.080573,0.396603,0.951726,-0.305023,-0.030708,0.015363,0.166959,1.999486,1.000000,0.000224,0.749503
0.595000,0.437635,0.080575,0.396602,0.951725,-0.305024,-0.030711,0.015366,0.166959,1.999485,1.000000,0.000208,0.751481
0.600000,0.437635,0.080577,0.396601,0.951725,-0.305025,-0.030714,0.015368,0.166959,1.999484,1.000000,0.000192,0.753546
0.605000,0.437634,0.080579,0.396600,0.951724,-0.305026,-0.030717,0.015371,0.166959,1.999483,1.000000,0.000177,0.755815
0.610000,0.437634,0.080581,0.396599,0.951724,-0.305027,-0.030720,0.015374,0.166959,1.999483,1.000000,0.000161,0.758132
0.615000,0.437634,0.080582,0.396598,0.951723,-0.305028,-0.030724,0.015377,0.166959,1.999482,1.000000,0.000145,0.760528
0.620000,0.437634,0.080584,0.396597,0.951723,-0.305029,-0.030727,0.015379,0.166959,1.999481,1.000000,0.000128,0.763011
0.625000,0.437634,0.080586,0.396595,0.951722,-0.305030,-0.030731,0.015382,0.166959,1.999480,1.000000,0.000112,0.765569
0.630000,0.437635,0.080588,0.396593,0.951722,-0.305031,-0.030735,0.015385,0.166959,1.999480,1.000000,0.000096,0.768202
0.635000,0.437635,0.080590,0.396592,0.951721,-0.305032,-0.030739,0.015388,0.166959,1.999480,1.000000,0.000080,0.770916
0.640000,0.437635,0.080592,0.396590,0.951721,-0.305033,-0.030743,0.015391,0.166959,1.999479,1.000000,0.000064,0.773756
0.645000,0.437635,0.080594,0.396588,0.951721,-0.305034,-0.030748,0.015393,0.166959,1.999479,1.000000,0.000048,0.776660
0.650000,0.437636,0.080596,0.396586,0.951720,-0.305035,-0.030752,0.015396,0.166959,1.999479,1.000000,0.000033,0.779636
0.655000,0.437636,0.080598,0.396583,0.951720,-0.305035,-0.030757,0.015399,0.166959,1.999479,1.000000,0.000017,0.782672
0.660000,0.437637,0.080600,0.396581,0.951719,-0.305036,-0.030762,0.015402,0.166959,1.999479,1.000000,-0.000005,0.785769
0.665000,0.437637,0.080602,0.396578,0.951719,-0.305037,-0.030767,0.015405,0.166959,1.999479,1.000000,-0.000036,0.788935
0.670000,0.437638,0.080604,0.396575,0.951718,-0.305037,-0.030772,0.015407,0.166959,1.999479,1.000000,-0.000075,0.792168
0.675000,0.437639,0.080606,0.396572,0.951718,-0.305038,-0.030778,0.015410,0.166959,1.999479,1.000000,-0.000120,0.795338
0.680000,0.437640,0.080608,0.396569,0.951717,-0.305039,-0.030785,0.015413,0.166959,1.999480,1.000000,-0.000170,0.798591
0.685000,0.437641,0.080610,0.396564,0.951717,-0.305039,-0.030792,0.015416,0.166959,1.999481,1.000000,-0.000226,0.801922
0.690000,0.437642,0.080611,0.396560,0.951716,-0.305040,-0.030799,0.015419,0.166959,1.999482,1.000000,-0.000287,0.805320
0.695000,0.437644,0.080613,0.396555,0.951716,-0.305041,-0.030807,0.015421,0.166959,1.999483,1.000000,-0.000352,0.808759
0.700000,0.437645,0.080615,0.396549,0.951715,-0.305041,-0.030816,0.015424,0.166959,1.999485,1.000000,-0.000421,0.812253
0.705000,0.437647,0.080616,0.396543,0.951715,-0.305042,-0.030826,0.015427,0.166959,1.999486,1.000000,-0.000490,0.815830
0.710000,0.437649,0.080617,0.396536,0.951714,-0.305043,-0.030836,0.015430,0.166959,1.999489,1.000000,-0.000556,0.819070
0.715000,0.437651,0.080619,0.396528,0.951714,-0.305043,-0.030847,0.015433,0.166959,1.999491,1.000000,-0.000621,0.822379
0.720000,0.437654,0.080620,0.396520,0.951713,-0.305044,-0.030859,0.015436,0.166959,1.999494,1.000000,-0.000684,0.825737
0.725000,0.437656,0.080622,0.396512,0.951713,-0.305044,-0.030872,0.015440,0.166959,1.999496,1.000000,-0.000744,0.829199
0.730000,0.437660,0.080623,0.396502,0.951712,-0.305044,-0.030886,0.015444,0.166960,1.999500,1.000000,-0.000803,0.832710
0.735000,0.437663,0.080624,0.396492,0.951712,-0.305044,-0.030900,0.015448,0.166960,1.999503,1.000000,-0.000860,0.836245
0.740000,0.437667,0.080626,0.396482,0.951711,-0.305043,-0.030915,0.015453,0.166960,1.999507,1.000000,-0.000915,0.839825
0.745000,0.437672,0.080628,0.396471,0.951711,-0.305043,-0.030932,0.015458,0.166960,1.999510,1.000000,-0.000964,0.842688
0.750000,0.437677,0.080629,0.396459,0.951710,-0.305042,-0.030949,0.015464,0.166960,1.999514,1.000000,-0.001008,0.845711
0.755000,0.437682,0.080631,0.396447,0.951710,-0.305040,-0.030967,0.015470,0.166960,1.999518,1.000000,-0.001047,0.848807
0.760000,0.437688,0.080633,0.396434,0.951710,-0.305038,-0.030985,0.015477,0.166960,1.999523,1.000000,-0.001081,0.851942
0.765000,0.437695,0.080636,0.396421,0.951710,-0.305036,-0.031005,0.015485,0.166960,1.999527,1.000000,-0.001109,0.855111
0.770000,0.437701,0.080638,0.396407,0.951710,-0.305033,-0.031025,0.015493,0.166960,1.999532,1.000000,-0.001134,0.858248
0.775000,0.437709,0.080641,0.396392,0.951710,-0.305030,-0.031046,0.015502,0.166960,1.999536,1.000000,-0.001148,0.859971
0.780000,0.437717,0.080644,0.396378,0.951711,-0.305026,-0.031068,0.015512,0.166960,1.999541,1.000000,-0.001154,0.861894
0.785000,0.437726,0.080648,0.396362,0.951711,-0.305022,-0.031090,0.015523,0.166960,1.999545,1.000000,-0.001151,0.863795
0.790000,0.437735,0.080651,0.396347,0.951712,-0.305017,-0.031113,0.015534,0.166960,1.999550,1.000000,-0.001141,0.865728
0.795000,0.437745,0.080656,0.396331,0.951713,-0.305012,-0.031136,0.015546,0.166960,1.999554,1.000000,-0.001124,0.867687
0.800000,0.437755,0.080660,0.396315,0.951714,-0.305005,-0.031160,0.015559,0.166960,1.999559,1.000000,-0.001101,0.869680
0.805000,0.437766,0.080665,0.396299,0.951715,-0.304999,-0.031184,0.015573,0.166960,1.999563,1.000000,-0.001072,0.871619
0.810000,0.437777,0.080670,0.396283,0.951716,-0.304991,-0.031209,0.015588,0.166960,1.999567,1.000000,-0.001033,0.872472
0.815000,0.437789,0.080676,0.396267,0.951717,-0.304983,-0.031234,0.015604,0.166960,1.999571,1.000000,-0.000984,0.873485
0.820000,0.437802,0.080682,0.396250,0.951719,-0.304975,-0.031259,0.015621,0.166960,1.999575,1.000000,-0.000927,0.874521
0.825000,0.437815,0.080689,0.396234,0.951721,-0.304965,-0.031284,0.015639,0.166960,1.999579,1.000000,-0.000862,0.875563
0.830000,0.437829,0.080696,0.396218,0.951723,-0.304955,-0.031309,0.015658,0.166960,1.999582,1.000000,-0.000790,0.876626
0.835000,0.437844,0.080704,0.396202,0.951726,-0.304944,-0.031334,0.015678,0.166960,1.999585,1.000000,-0.000712,0.877682
0.840000,0.437859,0.080712,0.396186,0.951728,-0.304932,-0.031359,0.015699,0.166960,1.999587,1.000000,-0.000628,0.878749
0.845000,0.437875,0.080721,0.396170,0.951731,-0.304919,-0.031384,0.015721,0.166960,1.999590,1.000000,-0.000540,0.879450
0.850000,0.437891,0.080730,0.396154,0.951734,-0.304906,-0.031409,0.015744,0.166960,1.999592,1.000000,-0.000446,0.880210
0.855000,0.437908,0.080740,0.396139,0.951738,-0.304892,-0.031434,0.015768,0.166960,1.999593,1.000000,-0.000348,0.880983
0.860000,0.437925,0.080751,0.396124,0.951741,-0.304876,-0.031458,0.015794,0.166960,1.999594,1.000000,-0.000245,0.881764
0.865000,0.437943,0.080762,0.396110,0.951745,-0.304860,-0.031482,0.015820,0.166960,1.999595,1.000000,-0.000133,0.882545
0.870000,0.437962,0.080774,0.396096,0.951749,-0.304843,-0.031505,0.015848,0.166960,1.999595,1.000000,-0.000004,0.883289
0.875000,0.437981,0.080786,0.396082,0.951754,-0.304825,-0.031528,0.015878,0.166960,1.999595,1.000000,0.000138,0.884055
0.880000,0.438002,0.080799,0.396069,0.951759,-0.304807,-0.031549,0.015909,0.166960,1.999594,1.000000,0.000280,0.885631
0.885000,0.438023,0.080812,0.396056,0.951764,-0.304787,-0.031569,0.015941,0.166960,1.999592,1.000000,0.000421,0.887104
0.890000,0.438045,0.080825,0.396044,0.951769,-0.304766,-0.031588,0.015976,0.166960,1.999589,1.000000,0.000560,0.888563
0.895000,0.438069,0.080838,0.396032,0.951775,-0.304745,-0.031606,0.016012,0.166960,1.999586,1.000000,0.000697,0.890040
0.900000,0.438093,0.080852,0.396021,0.951781,-0.304723,-0.031623,0.016050,0.166960,1.999582,1.000000,0.000831,0.891513
0.905000,0.438117,0.080865,0.396010,0.951787,-0.304700,-0.031639,0.016090,0.166960,1.999578,1.000000,0.000962,0.892997
0.910000,0.438143,0.080879,0.395999,0.951793,-0.304676,-0.031653,0.016131,0.166960,1.999572,1.000000,0.001090,0.894495
0.915000,0.438170,0.080894,0.395989,0.951800,-0.304651,-0.031667,0.016174,0.166960,1.999567,1.000000,0.001204,0.897260
0.920000,0.438198,0.080908,0.395979,0.951807,-0.304625,-0.031680,0.016218,0.166960,1.999560,1.000000,0.001307,0.899834
0.925000,0.438226,0.080922,0.395969,0.951814,-0.304599,-0.031692,0.016264,0.166960,1.999553,1.000000,0.001401,0.902394
0.930000,0.438255,0.080937,0.395959,0.951822,-0.304572,-0.031704,0.016311,0.166960,1.999546,1.000000,0.001487,0.904972
0.935000,0.438285,0.080952,0.395949,0.951829,-0.304544,-0.031715,0.016360,0.166960,1.999538,1.000000,0.001551,0.907561
0.940000,0.438316,0.080967,0.395939,0.951837,-0.304516,-0.031726,0.016410,0.166960,1.999530,1.000000,0.001582,0.910169
0.945000,0.438348,0.080983,0.395929,0.951846,-0.304486,-0.031737,0.016460,0.166960,1.999523,1.000000,0.001583,0.913527
0.950000,0.438380,0.080999,0.395919,0.951854,-0.304455,-0.031747,0.016511,0.166960,1.999515,1.000000,0.001566,0.916759
0.955000,0.438414,0.081015,0.395908,0.951863,-0.304424,-0.031756,0.016563,0.166960,1.999507,1.000000,0.001537,0.920012
0.960000,0.438450,0.081031,0.395897,0.951872,-0.304391,-0.031765,0.016615,0.166960,1.999499,1.000000,0.001499,0.923291
0.965000,0.438486,0.081047,0.395886,0.951882,-0.304357,-0.031774,0.016667,0.166960,1.999492,1.000000,0.001455,0.926584
0.970000,0.438523,0.081064,0.395874,0.951892,-0.304322,-0.031783,0.016720,0.166960,1.999485,1.000000,0.001406,0.929877
0.975000,0.438562,0.081081,0.395862,0.951902,-0.304286,-0.031791,0.016773,0.166960,1.999478,1.000000,0.001354,0.933184
0.980000,0.438602,0.081097,0.395849,0.951913,-0.304248,-0.031800,0.016827,0.166960,1.999471,1.000000,0.001293,0.936480
0.985000,0.438644,0.081114,0.395836,0.951924,-0.304210,-0.031808,0.016881,0.166960,1.999465,1.000000,0.001229,0.939787
0.990000,0.438687,0.081131,0.395822,0.951935,-0.304171,-0.031816,0.016935,0.166960,1.999459,1.000000,0.001162,0.943103
0.995000,0.438731,0.081148,0.395807,0.951947,-0.304131,-0.031824,0.016989,0.166960,1.999453,1.000000,0.001093,0.946427
1.000000,0.438777,0.081164,0.395791,0.951959,-0.304090,-0.031832,0.017044,0.166960,1.999448,1.000000,0.001024,0.949763
1.005000,0.438825,0.081181,0.395775,0.951971,-0.304048,-0.031840,0.017099,0.166960,1.999443,1.000000,0.000954,0.953095
1.010000,0.438874,0.081197,0.395758,0.951984,-0.304005,-0.031848,0.017154,0.166960,1.999439,1.000000,0.000885,0.956437
1.015000,0.438924,0.081213,0.395740,0.951996,-0.303961,-0.031856,0.017210,0.166960,1.999434,1.000000,0.000810,0.959390
1.020000,0.438976,0.081228,0.395722,0.952009,-0.303916,-0.031864,0.017265,0.166960,1.999430,1.000000,0.000737,0.962394
1.025000,0.439030,0.081244,0.395702,0.952023,-0.303870,-0.031872,0.017321,0.166960,1.999427,1.000000,0.000664,0.965412
1.030000,0.439086,0.081259,0.395682,0.952036,-0.303823,-0.031880,0.017377,0.166960,1.999424,1.000000,0.000594,0.968467
1.035000,0.439143,0.081273,0.395661,0.952050,-0.303776,-0.031887,0.017433,0.166960,1.999421,1.000000,0.000527,0.971532
1.040000,0.439202,0.081288,0.395639,0.952064,-0.303728,-0.031895,0.017490,0.166960,1.999419,1.000000,0.000463,0.974602
1.045000,0.439263,0.081302,0.395616,0.952079,-0.303678,-0.031904,0.017547,0.166960,1.999416,1.000000,0.000403,0.977680
1.050000,0.439326,0.081315,0.395592,0.952093,-0.303628,-0.031912,0.017603,0.166960,1.999415,1.000000,0.000338,0.980890
1.055000,0.439390,0.081328,0.395568,0.952108,-0.303578,-0.031920,0.017660,0.166960,1.999413,1.000000,0.000274,0.984064
1.060000,0.439456,0.081341,0.395542,0.952123,-0.303526,-0.031928,0.017718,0.166960,1.999412,1.000000,0.000213,0.987244
1.065000,0.439524,0.081353,0.395516,0.952138,-0.303474,-0.031937,0.017775,0.166960,1.999411,1.000000,0.000154,0.990457
1.070000,0.439594,0.081364,0.395488,0.952154,-0.303421,-0.031946,0.017832,0.166960,1.999410,1.000000,0.000099,0.993684
1.075000,0.439665,0.081375,0.395460,0.952170,-0.303367,-0.031955,0.017890,0.166960,1.999410,1.000000,0.000046,0.996908
1.080000,0.439738,0.081386,0.395430,0.952186,-0.303313,-0.031964,0.017948,0.166960,1.999410,1.000000,-0.000004,1.000106
1.085000,0.439813,0.081395,0.395400,0.952202,-0.303258,-0.031974,0.018006,0.166960,1.999410,1.000000,-0.000052,1.003865
1.090000,0.439890,0.081405,0.395368,0.952218,-0.303203,-0.031984,0.018064,0.166960,1.999410,1.000000,-0.000099,1.007569
1.095000,0.439968,0.081414,0.395336,0.952234,-0.303147,-0.031995,0.018122,0.166960,1.999411,1.000000,-0.000145,1.011289
1.100000,0.440048,0.081422,0.395302,0.952251,-0.303091,-0.032007,0.018181,0.166960,1.999411,1.000000,-0.000189,1.015018
1.105000,0.440130,0.081430,0.395268,0.952267,-0.303034,-0.032019,0.018239,0.166960,1.999412,1.000000,-0.000231,1.018765
1.110000,0.440213,0.081437,0.395232,0.952284,-0.302977,-0.032032,0.018298,0.166960,1.999413,1.000000,-0.000270,1.022517
1.115000,0.440298,0.081444,0.395195,0.952300,-0.302919,-0.032046,0.018357,0.166960,1.999414,1.000000,-0.000307,1.027028
1.120000,0.440384,0.081450,0.395158,0.952317,-0.302861,-0.032061,0.018416,0.166960,1.999416,1.000000,-0.000344,1.031407
1.125000,0.440472,0.081455,0.395119,0.952334,-0.302803,-0.032077,0.018475,0.166960,1.999417,1.000000,-0.000381,1.035791
1.130000,0.440561,0.081460,0.395079,0.952351,-0.302745,-0.032094,0.018534,0.166960,1.999419,1.000000,-0.000417,1.040230
1.135000,0.440651,0.081465,0.395038,0.952367,-0.302687,-0.032112,0.018593,0.166960,1.999420,1.000000,-0.000453,1.044676
1.140000,0.440743,0.081469,0.394995,0.952384,-0.302629,-0.032132,0.018653,0.166960,1.999422,1.000000,-0.000489,1.049130
1.145000,0.440836,0.081472,0.394952,0.952401,-0.302570,-0.032152,0.018712,0.166960,1.999424,1.000000,-0.000525,1.053592
1.150000,0.440930,0.081475,0.394908,0.952417,-0.302512,-0.032175,0.018771,0.166960,1.999426,1.000000,-0.000558,1.057919
1.155000,0.441025,0.081477,0.394862,0.952434,-0.302454,-0.032198,0.018831,0.166960,1.999428,1.000000,-0.000590,1.062259
1.160000,0.441121,0.081479,0.394815,0.952451,-0.302395,-0.032222,0.018890,0.166960,1.999431,1.000000,-0.000620,1.066602
1.165000,0.441219,0.081481,0.394768,0.952467,-0.302337,-0.032248,0.018950,0.166960,1.999433,1.000000,-0.000648,1.070955
1.170000,0.441318,0.081481,0.394719,0.952484,-0.302278,-0.032275,0.019010,0.166960,1.999436,1.000000,-0.000672,1.075345
1.175000,0.441417,0.081482,0.394669,0.952500,-0.302220,-0.032303,0.019070,0.166960,1.999439,1.000000,-0.000694,1.079741
1.180000,0.441518,0.081481,0.394618,0.952516,-0.302161,-0.032332,0.019129,0.166960,1.999441,1.000000,-0.000713,1.084140
1.185000,0.441620,0.081481,0.394567,0.952533,-0.302103,-0.032362,0.019189,0.166960,1.999444,1.000000,-0.000730,1.086830
1.190000,0.441723,0.081480,0.394514,0.952549,-0.302044,-0.032393,0.019249,0.166960,1.999447,1.000000,-0.000737,1.089795
1.195000,0.441827,0.081478,0.394461,0.952565,-0.301985,-0.032425,0.019309,0.166960,1.999450,1.000000,-0.000734,1.092782
1.200000,0.441932,0.081476,0.394407,0.952582,-0.301926,-0.032457,0.019369,0.166960,1.999453,1.000000,-0.000722,1.095778
1.205000,0.442038,0.081473,0.394352,0.952598,-0.301867,-0.032489,0.019429,0.166960,1.999456,1.000000,-0.000700,1.098778
1.210000,0.442146,0.081470,0.394297,0.952615,-0.301807,-0.032521,0.019489,0.166960,1.999458,1.000000,-0.000668,1.101784
1.215000,0.442255,0.081467,0.394242,0.952631,-0.301748,-0.032554,0.019549,0.166960,1.999461,1.000000,-0.000627,1.104794
1.220000,0.442365,0.081463,0.394186,0.952648,-0.301688,-0.032586,0.019609,0.166960,1.999463,1.000000,-0.000580,1.106041
1.225000,0.442476,0.081459,0.394130,0.952665,-0.301627,-0.032619,0.019669,0.166960,1.999465,1.000000,-0.000515,1.107582
1.230000,0.442589,0.081454,0.394073,0.952682,-0.301566,-0.032650,0.019729,0.166960,1.999467,1.000000,-0.000435,1.109130
1.235000,0.442703,0.081449,0.394017,0.952699,-0.301505,-0.032682,0.019789,0.166960,1.999469,1.000000,-0.000340,1.110705
1.240000,0.442819,0.081444,0.393961,0.952716,-0.301442,-0.032712,0.019849,0.166960,1.999470,1.000000,-0.000231,1.112297
1.245000,0.442935,0.081438,0.393904,0.952734,-0.301380,-0.032742,0.019909,0.166960,1.999470,1.000000,-0.000110,1.113893
1.250000,0.443053,0.081432,0.393848,0.952752,-0.301317,-0.032770,0.019970,0.166960,1.999471,1.000000,0.000023,1.115486
1.255000,0.443173,0.081426,0.393793,0.952769,-0.301253,-0.032798,0.020030,0.166960,1.999470,1.000000,0.000169,1.116648
1.260000,0.443293,0.081420,0.393737,0.952787,-0.301189,-0.032825,0.020091,0.166960,1.999469,1.000000,0.000328,1.117879
1.265000,0.443415,0.081413,0.393682,0.952806,-0.301125,-0.032851,0.020151,0.166960,1.999466,1.000000,0.000497,1.119098
1.270000,0.443538,0.081406,0.393628,0.952824,-0.301060,-0.032876,0.020212,0.166960,1.999463,1.000000,0.000676,1.120320
1.275000,0.443662,0.081399,0.393574,0.952843,-0.300994,-0.032900,0.020273,0.166960,1.999459,1.000000,0.000865,1.121558
1.280000,0.443788,0.081392,0.393520,0.952861,-0.300928,-0.032923,0.020335,0.166960,1.999454,1.000000,0.001063,1.122826
1.285000,0.443914,0.081384,0.393467,0.952880,-0.300862,-0.032944,0.020396,0.166960,1.999448,1.000000,0.001265,1.124152
1.290000,0.444042,0.081377,0.393415,0.952899,-0.300795,-0.032965,0.020457,0.166960,1.999441,1.000000,0.001473,1.125493
1.295000,0.444170,0.081369,0.393364,0.952919,-0.300728,-0.032985,0.020519,0.166960,1.999433,1.000000,0.001687,1.126855
1.300000,0.444300,0.081362,0.393313,0.952938,-0.300660,-0.033003,0.020581,0.166960,1.999424,1.000000,0.001905,1.128220
1.305000,0.444430,0.081354,0.393263,0.952957,-0.300593,-0.033021,0.020643,0.166960,1.999414,1.000000,0.002126,1.129557
1.310000,0.444562,0.081346,0.393214,0.952977,-0.300524,-0.033038,0.020705,0.166960,1.999403,1.000000,0.002349,1.130885
1.315000,0.444694,0.081339,0.393165,0.952996,-0.300456,-0.033054,0.020768,0.166960,1.999390,1.000000,0.002575,1.132216
1.320000,0.444827,0.081331,0.393118,0.953016,-0.300387,-0.033069,0.020830,0.166960,1.999377,1.000000,0.002785,1.132630
1.325000,0.444961,0.081323,0.393071,0.953036,-0.300318,-0.033083,0.020893,0.166960,1.999362,1.000000,0.003000,1.133204
1.330000,0.445095,0.081316,0.393025,0.953056,-0.300249,-0.033096,0.020956,0.166960,1.999346,1.000000,0.003217,1.133782
1.335000,0.445231,0.081308,0.392981,0.953077,-0.300178,-0.033107,0.021019,0.166960,1.999330,1.000000,0.003435,1.134356
1.340000,0.445367,0.081301,0.392937,0.953097,-0.300108,-0.033117,0.021082,0.166960,1.999312,1.000000,0.003655,1.134932
1.345000,0.445505,0.081294,0.392894,0.953118,-0.300037,-0.033126,0.021146,0.166960,1.999293,1.000000,0.003877,1.135517
1.350000,0.445643,0.081287,0.392852,0.953139,-0.299965,-0.033134,0.021210,0.166960,1.999273,1.000000,0.004100,1.136127
1.355000,0.445782,0.081280,0.392811,0.953160,-0.299893,-0.033141,0.021274,0.166960,1.999252,1.000000,0.004317,1.136162
1.360000,0.445922,0.081274,0.392771,0.953181,-0.299821,-0.033146,0.021338,0.166960,1.999229,1.000000,0.004536,1.136293
1.365000,0.446063,0.081267,0.392733,0.953202,-0.299748,-0.033150,0.021402,0.166960,1.999206,1.000000,0.004756,1.136434
1.370000,0.446204,0.081261,0.392695,0.953224,-0.299674,-0.033152,0.021466,0.166960,1.999182,1.000000,0.004978,1.136577
1.375000,0.446347,0.081255,0.392659,0.953246,-0.299600,-0.033153,0.021531,0.166960,1.999156,1.000000,0.005199,1.136720
1.380000,0.446490,0.081249,0.392624,0.953268,-0.299525,-0.033153,0.021596,0.166960,1.999129,1.000000,0.005419,1.136863
1.385000,0.446634,0.081244,0.392589,0.953290,-0.299449,-0.033151,0.021661,0.166960,1.999102,1.000000,0.005640,1.137007
1.390000,0.446779,0.081239,0.392556,0.953312,-0.299374,-0.033148,0.021727,0.166960,1.999073,1.000000,0.005862,1.137459
1.395000,0.446924,0.081234,0.392524,0.953335,-0.299297,-0.033144,0.021792,0.166960,1.999043,1.000000,0.006077,1.137879
1.400000,0.447070,0.081229,0.392494,0.953358,-0.299220,-0.033139,0.021858,0.166960,1.999012,1.000000,0.006288,1.138301
1.405000,0.447217,0.081225,0.392464,0.953381,-0.299143,-0.033132,0.021924,0.166960,1.998980,1.000000,0.006495,1.138726
1.410000,0.447365,0.081221,0.392435,0.953404,-0.299065,-0.033125,0.021989,0.166960,1.998947,1.000000,0.006699,1.139154
1.415000,0.447513,0.081217,0.392408,0.953427,-0.298986,-0.033118,0.022055,0.166960,1.998912,1.000000,0.006902,1.139584
1.420000,0.447662,0.081214,0.392382,0.953451,-0.298907,-0.033109,0.022121,0.166960,1.998877,1.000000,0.007103,1.140003
1.425000,0.447811,0.081211,0.392357,0.953475,-0.298828,-0.033100,0.022187,0.166960,1.998841,1.000000,0.007278,1.139679
1.430000,0.447961,0.081208,0.392333,0.953499,-0.298748,-0.033090,0.022253,0.166960,1.998804,1.000000,0.007455,1.139473
1.435000,0.448112,0.081206,0.392310,0.953523,-0.298667,-0.033079,0.022318,0.166960,1.998767,1.000000,0.007633,1.139293
1.440000,0.448263,0.081204,0.392289,0.953547,-0.298586,-0.033067,0.022384,0.166960,1.998728,1.000000,0.007811,1.139120
1.445000,0.448416,0.081202,0.392268,0.953572,-0.298503,-0.033055,0.022449,0.166960,1.998689,1.000000,0.007989,1.138948
1.450000,0.448569,0.081201,0.392249,0.953597,-0.298421,-0.033042,0.022514,0.166960,1.998648,1.000000,0.008167,1.138781
1.455000,0.448722,0.081200,0.392231,0.953622,-0.298337,-0.033028,0.022579,0.166960,1.998607,1.000000,0.008321,1.137924
1.460000,0.448877,0.081199,0.392215,0.953647,-0.298253,-0.033013,0.022644,0.166960,1.998565,1.000000,0.008479,1.137177
1.465000,0.449033,0.081199,0.392200,0.953673,-0.298167,-0.032998,0.022709,0.166960,1.998522,1.000000,0.008636,1.136440
1.470000,0.449189,0.081198,0.392186,0.953699,-0.298081,-0.032981,0.022773,0.166960,1.998479,1.000000,0.008794,1.135706
1.475000,0.449347,0.081198,0.392174,0.953725,-0.297994,-0.032964,0.022838,0.166960,1.998434,1.000000,0.008953,1.134973
1.480000,0.449505,0.081199,0.392162,0.953751,-0.297907,-0.032946,0.022902,0.166960,1.998389,1.000000,0.009112,1.134242
1.485000,0.449665,0.081199,0.392153,0.953778,-0.297818,-0.032927,0.022965,0.166960,1.998343,1.000000,0.009272,1.133513
1.490000,0.449825,0.081200,0.392144,0.953805,-0.297728,-0.032907,0.023029,0.166960,1.998296,1.000000,0.009446,1.133434
1.495000,0.449987,0.081201,0.392137,0.953833,-0.297638,-0.032887,0.023092,0.166960,1.998249,1.000000,0.009618,1.133280
1.500000,0.450149,0.081202,0.392131,0.953860,-0.297547,-0.032866,0.023155,0.166960,1.998200,1.000000,0.009789,1.133128
1.505000,0.450312,0.081204,0.392127,0.953888,-0.297455,-0.032845,0.023218,0.166960,1.998151,1.000000,0.009959,1.132976
1.510000,0.450476,0.081206,0.392123,0.953916,-0.297363,-0.032824,0.023280,0.166960,1.998100,1.000000,0.010126,1.132801
1.515000,0.450641,0.081208,0.392121,0.953944,-0.297270,-0.032802,0.023342,0.166960,1.998049,1.000000,0.010292,1.132625
1.520000,0.450807,0.081210,0.392120,0.953973,-0.297176,-0.032781,0.023404,0.166960,1.997998,1.000000,0.010455,1.132451
1.525000,0.450973,0.081212,0.392121,0.954001,-0.297082,-0.032759,0.023466,0.166960,1.997945,1.000000,0.010615,1.132519
1.530000,0.451140,0.081215,0.392122,0.954030,-0.296988,-0.032737,0.023527,0.166960,1.997891,1.000000,0.010792,1.132557
1.535000,0.451308,0.081217,0.392125,0.954059,-0.296893,-0.032716,0.023588,0.166960,1.997837,1.000000,0.011072,1.132595
1.540000,0.451477,0.081220,0.392128,0.954087,-0.296799,-0.032694,0.023648,0.166960,1.997780,1.000000,0.011422,1.132653
1.545000,0.451647,0.081223,0.392133,0.954115,-0.296706,-0.032672,0.023708,0.166960,1.997722,1.000000,0.011811,1.132713
1.550000,0.451818,0.081226,0.392139,0.954143,-0.296615,-0.032650,0.023768,0.166960,1.997662,1.000000,0.012224,1.132774
1.555000,0.451990,0.081230,0.392145,0.954170,-0.296524,-0.032628,0.023826,0.166960,1.997600,1.000000,0.012649,1.132790
1.560000,0.452162,0.081234,0.392153,0.954197,-0.296436,-0.032606,0.023884,0.166960,1.997535,1.000000,0.013076,1.133002
1.565000,0.452337,0.081239,0.392161,0.954224,-0.296348,-0.032584,0.023941,0.166960,1.997469,1.000000,0.013512,1.133184
1.570000,0.452512,0.081244,0.392170,0.954250,-0.296263,-0.032561,0.023997,0.166960,1.997400,1.000000,0.013954,1.133409
1.575000,0.452689,0.081250,0.392180,0.954275,-0.296179,-0.032538,0.024051,0.166960,1.997329,1.000000,0.014398,1.133638
1.580000,0.452867,0.081257,0.392191,0.954300,-0.296096,-0.032516,0.024105,0.166960,1.997256,1.000000,0.014842,1.133869
1.585000,0.453046,0.081264,0.392202,0.954325,-0.296016,-0.032493,0.024158,0.166960,1.997180,1.000000,0.015286,1.134089
1.590000,0.453227,0.081271,0.392214,0.954349,-0.295937,-0.032469,0.024210,0.166960,1.997103,1.000000,0.015727,1.134310
1.595000,0.453409,0.081280,0.392226,0.954372,-0.295859,-0.032446,0.024260,0.166960,1.997023,1.000000,0.016190,1.135196
1.600000,0.453593,0.081289,0.392238,0.954395,-0.295784,-0.032423,0.024310,0.166960,1.996940,1.000000,0.016646,1.135972
1.605000,0.453778,0.081299,0.392251,0.954417,-0.295710,-0.032400,0.024359,0.166960,1.996856,1.000000,0.017094,1.136745
1.610000,0.453965,0.081309,0.392264,0.954439,-0.295638,-0.032377,0.024407,0.166960,1.996769,1.000000,0.017535,1.137520
1.615000,0.454153,0.081321,0.392278,0.954460,-0.295568,-0.032354,0.024453,0.166960,1.996680,1.000000,0.017969,1.138336
1.620000,0.454343,0.081333,0.392291,0.954481,-0.295500,-0.032332,0.024499,0.166960,1.996589,1.000000,0.018394,1.139162
1.625000,0.454534,0.081345,0.392305,0.954501,-0.295434,-0.032310,0.024544,0.166960,1.996496,1.000000,0.018814,1.139656
1.630000,0.454726,0.081358,0.392319,0.954521,-0.295369,-0.032288,0.024589,0.166960,1.996401,1.000000,0.019227,1.140156
1.635000,0.454920,0.081372,0.392333,0.954540,-0.295306,-0.032267,0.024632,0.166960,1.996303,1.000000,0.019633,1.140643
1.640000,0.455115,0.081387,0.392347,0.954559,-0.295244,-0.032246,0.024675,0.166960,1.996204,1.000000,0.020033,1.141130
1.645000,0.455311,0.081402,0.392361,0.954577,-0.295185,-0.032225,0.024717,0.166960,1.996103,1.000000,0.020428,1.141660
1.650000,0.455509,0.081417,0.392375,0.954594,-0.295127,-0.032204,0.024758,0.166960,1.995999,1.000000,0.020816,1.142210
1.655000,0.455708,0.081434,0.392389,0.954611,-0.295070,-0.032183,0.024799,0.166960,1.995894,1.000000,0.021196,1.142760
1.660000,0.455909,0.081450,0.392403,0.954628,-0.295016,-0.032163,0.024839,0.166960,1.995787,1.000000,0.021563,1.143369
1.665000,0.456111,0.081468,0.392416,0.954644,-0.294963,-0.032143,0.024878,0.166960,1.995678,1.000000,0.021923,1.143961
1.670000,0.456314,0.081485,0.392430,0.954659,-0.294911,-0.032123,0.024917,0.166960,1.995568,1.000000,0.022273,1.144553
1.675000,0.456518,0.081504,0.392443,0.954674,-0.294861,-0.032104,0.024955,0.166960,1.995455,1.000000,0.022614,1.145140
1.680000,0.456724,0.081522,0.392457,0.954689,-0.294813,-0.032084,0.024993,0.166960,1.995341,1.000000,0.022945,1.145724
1.685000,0.456931,0.081541,0.392470,0.954703,-0.294766,-0.032066,0.025030,0.166960,1.995226,1.000000,0.023265,1.146308
1.690000,0.457139,0.081561,0.392482,0.954717,-0.294721,-0.032047,0.025067,0.166960,1.995109,1.000000,0.023576,1.146896
1.695000,0.457348,0.081581,0.392495,0.954730,-0.294678,-0.032029,0.025103,0.166960,1.994990,1.000000,0.023896,1.148257
1.700000,0.457558,0.081601,0.392507,0.954743,-0.294635,-0.032011,0.025139,0.166960,1.994869,1.000000,0.024197,1.149498
1.705000,0.457769,0.081622,0.392519,0.954755,-0.294595,-0.031994,0.025175,0.166960,1.994748,1.000000,0.024482,1.150742
1.710000,0.457981,0.081642,0.392530,0.954766,-0.294556,-0.031977,0.025210,0.166960,1.994624,1.000000,0.024753,1.151995
1.715000,0.458194,0.081664,0.392541,0.954778,-0.294518,-0.031961,0.025244,0.166960,1.994500,1.000000,0.025008,1.153249
1.720000,0.458408,0.081685,0.392552,0.954788,-0.294482,-0.031946,0.025278,0.166960,1.994374,1.000000,0.025248,1.154501
1.725000,0.458622,0.081707,0.392562,0.954799,-0.294447,-0.031932,0.025312,0.166960,1.994247,1.000000,0.025473,1.155747
1.730000,0.458837,0.081728,0.392571,0.954809,-0.294413,-0.031918,0.025346,0.166960,1.994119,1.000000,0.025667,1.156655
1.735000,0.459053,0.081750,0.392580,0.954818,-0.294381,-0.031905,0.025379,0.166960,1.993990,1.000000,0.025851,1.157623
1.740000,0.459270,0.081773,0.392588,0.954827,-0.294350,-0.031893,0.025412,0.166960,1.993861,1.000000,0.026028,1.158633
1.745000,0.459487,0.081795,0.392595,0.954836,-0.294320,-0.031881,0.025445,0.166960,1.993730,1.000000,0.026196,1.159643
1.750000,0.459705,0.081817,0.392602,0.954844,-0.294292,-0.031869,0.025477,0.166960,1.993598,1.000000,0.026354,1.160653
1.755000,0.459923,0.081840,0.392609,0.954852,-0.294265,-0.031859,0.025510,0.166960,1.993466,1.000000,0.026498,1.161623
1.760000,0.460142,0.081862,0.392614,0.954860,-0.294239,-0.031848,0.025542,0.166960,1.993333,1.000000,0.026635,1.162594
1.765000,0.460362,0.081885,0.392619,0.954867,-0.294214,-0.031838,0.025573,0.166960,1.993200,1.000000,0.026771,1.163515
1.770000,0.460582,0.081908,0.392624,0.954874,-0.294190,-0.031829,0.025605,0.166960,1.993066,1.000000,0.026903,1.164479
1.775000,0.460803,0.081930,0.392628,0.954880,-0.294167,-0.031820,0.025636,0.166960,1.992931,1.000000,0.027027,1.165448
1.780000,0.461024,0.081953,0.392631,0.954886,-0.294145,-0.031811,0.025667,0.166960,1.992795,1.000000,0.027144,1.166418
1.785000,0.461246,0.081976,0.392633,0.954892,-0.294125,-0.031803,0.025698,0.166960,1.992659,1.000000,0.027252,1.167382
1.790000,0.461467,0.081998,0.392635,0.954897,-0.294105,-0.031795,0.025729,0.166960,1.992523,1.000000,0.027354,1.168344
1.795000,0.461690,0.082021,0.392636,0.954903,-0.294087,-0.031788,0.025759,0.166960,1.992385,1.000000,0.027475,1.169526
1.800000,0.461912,0.082043,0.392637,0.954907,-0.294069,-0.031781,0.025789,0.166960,1.992248,1.000000,0.027586,1.170659
1.805000,0.462135,0.082066,0.392637,0.954912,-0.294053,-0.031774,0.025819,0.166960,1.992109,1.000000,0.027689,1.171783
1.810000,0.462357,0.082088,0.392637,0.954916,-0.294038,-0.031768,0.025849,0.166960,1.991971,1.000000,0.027784,1.172908
1.815000,0.462580,0.082111,0.392635,0.954920,-0.294024,-0.031762,0.025879,0.166960,1.991831,1.000000,0.027872,1.174060
1.820000,0.462803,0.082133,0.392634,0.954923,-0.294010,-0.031756,0.025909,0.166960,1.991692,1.000000,0.027954,1.175242
1.825000,0.463026,0.082155,0.392631,0.954926,-0.293998,-0.031751,0.025938,0.166960,1.991552,1.000000,0.028029,1.176424
1.830000,0.463248,0.082176,0.392629,0.954929,-0.293987,-0.031746,0.025968,0.166960,1.991412,1.000000,0.028079,1.176776
1.835000,0.463471,0.082198,0.392625,0.954932,-0.293977,-0.031741,0.025997,0.166960,1.991271,1.000000,0.028137,1.177246
1.840000,0.463694,0.082219,0.392622,0.954934,-0.293967,-0.031736,0.026026,0.166960,1.991130,1.000000,0.028197,1.177719
1.845000,0.463916,0.082240,0.392617,0.954936,-0.293959,-0.031731,0.026055,0.166960,1.990989,1.000000,0.028258,1.178190
1.850000,0.464139,0.082261,0.392613,0.954938,-0.293951,-0.031725,0.026085,0.166960,1.990848,1.000000,0.028317,1.178652
1.855000,0.464361,0.082282,0.392608,0.954939,-0.293944,-0.031720,0.026113,0.166960,1.990706,1.000000,0.028376,1.179114
1.860000,0.464584,0.082302,0.392603,0.954940,-0.293938,-0.031714,0.026142,0.166960,1.990564,1.000000,0.028434,1.179577
1.865000,0.464806,0.082322,0.392598,0.954941,-0.293933,-0.031707,0.026171,0.166960,1.990421,1.000000,0.028516,1.180099
1.870000,0.465028,0.082341,0.392592,0.954942,-0.293929,-0.031701,0.026200,0.166960,1.990278,1.000000,0.028602,1.180616
1.875000,0.465250,0.082361,0.392586,0.954942,-0.293926,-0.031694,0.026228,0.166960,1.990135,1.000000,0.028691,1.181133
1.880000,0.465472,0.082380,0.392580,0.954943,-0.293924,-0.031686,0.026257,0.166960,1.989991,1.000000,0.028779,1.181669
1.885000,0.465694,0.082398,0.392574,0.954942,-0.293923,-0.031678,0.026285,0.166960,1.989847,1.000000,0.028865,1.182209
1.890000,0.465915,0.082416,0.392568,0.954942,-0.293922,-0.031670,0.026313,0.166960,1.989703,1.000000,0.028949,1.182751
1.895000,0.466136,0.082434,0.392562,0.954941,-0.293923,-0.031661,0.026341,0.166960,1.989558,1.000000,0.029029,1.183303
1.900000,0.466357,0.082451,0.392555,0.954941,-0.293924,-0.031651,0.026369,0.166960,1.989412,1.000000,0.029151,1.184732
1.905000,0.466577,0.082468,0.392549,0.954939,-0.293927,-0.031642,0.026397,0.166960,1.989266,1.000000,0.029265,1.186024
1.910000,0.466797,0.082484,0.392542,0.954938,-0.293930,-0.031632,0.026425,0.166960,1.989119,1.000000,0.029372,1.187325
1.915000,0.467016,0.082500,0.392536,0.954936,-0.293935,-0.031622,0.026452,0.166960,1.988972,1.000000,0.029471,1.188638
1.920000,0.467235,0.082515,0.392529,0.954934,-0.293940,-0.031612,0.026480,0.166960,1.988824,1.000000,0.029560,1.189953
1.925000,0.467453,0.082530,0.392522,0.954931,-0.293947,-0.031601,0.026507,0.166960,1.988676,1.000000,0.029638,1.191265
1.930000,0.467670,0.082544,0.392515,0.954929,-0.293954,-0.031591,0.026535,0.166960,1.988528,1.000000,0.029706,1.192571
1.935000,0.467886,0.082558,0.392508,0.954926,-0.293962,-0.031580,0.026562,0.166960,1.988379,1.000000,0.029754,1.193728
1.940000,0.468102,0.082571,0.392501,0.954923,-0.293971,-0.031570,0.026589,0.166960,1.988230,1.000000,0.029804,1.194910
1.945000,0.468317,0.082583,0.392494,0.954919,-0.293982,-0.031559,0.026616,0.166960,1.988081,1.000000,0.029849,1.196077
1.950000,0.468532,0.082595,0.392487,0.954915,-0.293993,-0.031548,0.026643,0.166960,1.987931,1.000000,0.029889,1.197245
1.955000,0.468745,0.082606,0.392480,0.954911,-0.294005,-0.031536,0.026670,0.166960,1.987782,1.000000,0.029923,1.198415
1.960000,0.468958,0.082616,0.392473,0.954907,-0.294017,-0.031524,0.026696,0.166960,1.987632,1.000000,0.029955,1.199629
1.965000,0.469171,0.082626,0.392465,0.954902,-0.294031,-0.031512,0.026723,0.166960,1.987482,1.000000,0.029981,1.200618
1.970000,0.469382,0.082635,0.392458,0.954898,-0.294045,-0.031499,0.026750,0.166960,1.987332,1.000000,0.030009,1.201646
1.975000,0.469593,0.082643,0.392451,0.954893,-0.294060,-0.031486,0.026776,0.166960,1.987182,1.000000,0.030035,1.202675
1.980000,0.469804,0.082650,0.392443,0.954887,-0.294076,-0.031473,0.026802,0.166960,1.987032,1.000000,0.030059,1.203706
1.985000,0.470014,0.082657,0.392436,0.954882,-0.294093,-0.031459,0.026828,0.166960,1.986881,1.000000,0.030080,1.204738
1.990000,0.470223,0.082662,0.392429,0.954876,-0.294111,-0.031444,0.026854,0.166960,1.986731,1.000000,0.030099,1.205782
1.995000,0.470431,0.082667,0.392422,0.954871,-0.294129,-0.031429,0.026880,0.166960,1.986580,1.000000,0.030115,1.206839
2.000000,0.470639,0.082671,0.392414,0.954864,-0.294148,-0.031413,0.026905,0.166960,1.986429,1.000000,0.030172,1.208286
2.005000,0.470847,0.082675,0.392407,0.954858,-0.294168,-0.031397,0.026930,0.166960,1.986278,1.000000,0.030223,1.209675
2.010000,0.471054,0.082678,0.392400,0.954852,-0.294189,-0.031381,0.026955,0.166960,1.986127,1.000000,0.030272,1.211074
2.015000,0.471260,0.082679,0.392392,0.954845,-0.294210,-0.031364,0.026980,0.166960,1.985975,1.000000,0.030316,1.212475
2.020000,0.471465,0.082680,0.392385,0.954838,-0.294233,-0.031347,0.027004,0.166960,1.985824,1.000000,0.030355,1.213877
2.025000,0.471669,0.082681,0.392378,0.954831,-0.294256,-0.031329,0.027028,0.166960,1.985672,1.000000,0.030387,1.215274
2.030000,0.471873,0.082680,0.392371,0.954823,-0.294280,-0.031312,0.027052,0.166960,1.985519,1.000000,0.030414,1.216672
2.035000,0.472076,0.082679,0.392364,0.954815,-0.294304,-0.031293,0.027076,0.166960,1.985367,1.000000,0.030436,1.217214
2.040000,0.472278,0.082677,0.392357,0.954808,-0.294330,-0.031275,0.027099,0.166960,1.985215,1.000000,0.030466,1.217908
2.045000,0.472480,0.082674,0.392350,0.954800,-0.294356,-0.031255,0.027123,0.166960,1.985062,1.000000,0.030501,1.218610
2.050000,0.472681,0.082670,0.392344,0.954791,-0.294382,-0.031235,0.027145,0.166960,1.984910,1.000000,0.030540,1.219315
2.055000,0.472882,0.082665,0.392337,0.954783,-0.294410,-0.031214,0.027168,0.166960,1.984757,1.000000,0.030583,1.220037
2.060000,0.473081,0.082660,0.392332,0.954775,-0.294437,-0.031193,0.027190,0.166960,1.984604,1.000000,0.030629,1.220775
2.065000,0.473280,0.082653,0.392326,0.954766,-0.294466,-0.031170,0.027212,0.166960,1.984450,1.000000,0.030677,1.221516
2.070000,0.473479,0.082646,0.392321,0.954757,-0.294495,-0.031147,0.027234,0.166960,1.984297,1.000000,0.030701,1.221082
2.075000,0.473677,0.082639,0.392316,0.954748,-0.294524,-0.031122,0.027255,0.166960,1.984143,1.000000,0.030739,1.220856
2.080000,0.473875,0.082630,0.392312,0.954739,-0.294554,-0.031097,0.027275,0.166960,1.983989,1.000000,0.030789,1.220637
2.085000,0.474072,0.082621,0.392308,0.954730,-0.294585,-0.031070,0.027296,0.166960,1.983835,1.000000,0.030849,1.220421
2.090000,0.474269,0.082611,0.392305,0.954721,-0.294616,-0.031041,0.027315,0.166960,1.983681,1.000000,0.030919,1.220197
2.095000,0.474466,0.082601,0.392303,0.954712,-0.294647,-0.031012,0.027335,0.166960,1.983526,1.000000,0.031000,1.219976
2.100000,0.474662,0.082590,0.392302,0.954702,-0.294679,-0.030981,0.027353,0.166960,1.983371,1.000000,0.031090,1.219758
2.105000,0.474858,0.082578,0.392301,0.954693,-0.294711,-0.030948,0.027372,0.166960,1.983215,1.000000,0.031215,1.220151
2.110000,0.475054,0.082566,0.392301,0.954683,-0.294744,-0.030914,0.027389,0.166960,1.983058,1.000000,0.031347,1.220580
2.115000,0.475250,0.082553,0.392302,0.954674,-0.294777,-0.030879,0.027406,0.166960,1.982901,1.000000,0.031485,1.221012
2.120000,0.475445,0.082540,0.392304,0.954664,-0.294810,-0.030843,0.027423,0.166960,1.982743,1.000000,0.031629,1.221442
2.125000,0.475640,0.082527,0.392307,0.954654,-0.294844,-0.030805,0.027439,0.166960,1.982585,1.000000,0.031777,1.221870
2.130000,0.475835,0.082513,0.392310,0.954644,-0.294879,-0.030766,0.027454,0.166960,1.982425,1.000000,0.031930,1.222300
2.135000,0.476029,0.082498,0.392315,0.954635,-0.294914,-0.030726,0.027469,0.166960,1.982265,1.000000,0.032099,1.222805
2.140000,0.476223,0.082484,0.392320,0.954624,-0.294950,-0.030685,0.027483,0.166960,1.982104,1.000000,0.032274,1.223317
2.145000,0.476417,0.082468,0.392327,0.954614,-0.294986,-0.030643,0.027496,0.166960,1.981942,1.000000,0.032453,1.223831
2.150000,0.476611,0.082453,0.392334,0.954604,-0.295022,-0.030600,0.027509,0.166960,1.981779,1.000000,0.032635,1.224348
2.155000,0.476804,0.082437,0.392343,0.954594,-0.295059,-0.030555,0.027522,0.166960,1.981615,1.000000,0.032818,1.224859
2.160000,0.476997,0.082422,0.392352,0.954583,-0.295097,-0.030510,0.027534,0.166960,1.981451,1.000000,0.033003,1.225371
2.165000,0.477189,0.082405,0.392363,0.954573,-0.295135,-0.030464,0.027545,0.166960,1.981285,1.000000,0.033189,1.225885
2.170000,0.477382,0.082389,0.392375,0.954562,-0.295173,-0.030416,0.027556,0.166960,1.981118,1.000000,0.033368,1.226166
2.175000,0.477574,0.082372,0.392388,0.954551,-0.295212,-0.030368,0.027566,0.166960,1.980951,1.000000,0.033557,1.226506
2.180000,0.477765,0.082355,0.392402,0.954540,-0.295251,-0.030319,0.027576,0.166960,1.980783,1.000000,0.033751,1.226850
2.185000,0.477957,0.082338,0.392417,0.954529,-0.295291,-0.030268,0.027585,0.166960,1.980613,1.000000,0.033949,1.227187
2.190000,0.478148,0.082321,0.392433,0.954518,-0.295331,-0.030217,0.027593,0.166960,1.980443,1.000000,0.034148,1.227506
2.195000,0.478340,0.082304,0.392450,0.954507,-0.295371,-0.030165,0.027601,0.166960,1.980271,1.000000,0.034348,1.227826
2.200000,0.478531,0.082286,0.392468,0.954496,-0.295412,-0.030111,0.027609,0.166960,1.980099,1.000000,0.034551,1.228149
2.205000,0.478722,0.082268,0.392488,0.954485,-0.295454,-0.030057,0.027616,0.166960,1.979926,1.000000,0.034772,1.229182
2.210000,0.478912,0.082250,0.392508,0.954473,-0.295496,-0.030002,0.027623,0.166960,1.979751,1.000000,0.034991,1.230106
2.215000,0.479103,0.082232,0.392530,0.954462,-0.295538,-0.029946,0.027629,0.166960,1.979575,1.000000,0.035206,1.231029
2.220000,0.479293,0.082214,0.392552,0.954450,-0.295581,-0.029889,0.027634,0.166960,1.979399,1.000000,0.035415,1.231925
2.225000,0.479484,0.082195,0.392575,0.954438,-0.295624,-0.029832,0.027639,0.166960,1.979221,1.000000,0.035619,1.232805
2.230000,0.479674,0.082177,0.392600,0.954426,-0.295668,-0.029775,0.027643,0.166960,1.979042,1.000000,0.035817,1.233687
2.235000,0.479863,0.082158,0.392625,0.954414,-0.295713,-0.029717,0.027648,0.166960,1.978862,1.000000,0.036011,1.234573
2.240000,0.480053,0.082139,0.392651,0.954402,-0.295757,-0.029658,0.027651,0.166960,1.978682,1.000000,0.036210,1.235708
2.245000,0.480243,0.082120,0.392677,0.954390,-0.295803,-0.029600,0.027654,0.166960,1.978500,1.000000,0.036402,1.236806
2.250000,0.480432,0.082101,0.392705,0.954377,-0.295848,-0.029541,0.027657,0.166960,1.978317,1.000000,0.036588,1.237905
2.255000,0.480621,0.082082,0.392733,0.954365,-0.295894,-0.029482,0.027659,0.166960,1.978134,1.000000,0.036764,1.238924
2.260000,0.480811,0.082062,0.392762,0.954352,-0.295941,-0.029422,0.027661,0.166960,1.977949,1.000000,0.036933,1.239942
2.265000,0.481000,0.082043,0.392791,0.954339,-0.295988,-0.029363,0.027662,0.166960,1.977764,1.000000,0.037096,1.240962
2.270000,0.481189,0.082023,0.392821,0.954327,-0.296035,-0.029303,0.027663,0.166960,1.977578,1.000000,0.037254,1.241968
2.275000,0.481377,0.082004,0.392852,0.954314,-0.296083,-0.029243,0.027663,0.166960,1.977391,1.000000,0.037399,1.242634
2.280000,0.481566,0.081984,0.392883,0.954300,-0.296131,-0.029183,0.027663,0.166960,1.977204,1.000000,0.037545,1.243354
2.285000,0.481755,0.081964,0.392915,0.954287,-0.296180,-0.029122,0.027663,0.166960,1.977016,1.000000,0.037691,1.244067
2.290000,0.481944,0.081944,0.392947,0.954274,-0.296229,-0.029062,0.027662,0.166960,1.976827,1.000000,0.037835,1.244754
2.295000,0.482132,0.081923,0.392979,0.954260,-0.296278,-0.029001,0.027661,0.166960,1.976637,1.000000,0.037978,1.245443
2.300000,0.482321,0.081903,0.393013,0.954247,-0.296328,-0.028940,0.027660,0.166960,1.976447,1.000000,0.038117,1.246134
2.305000,0.482510,0.081882,0.393046,0.954233,-0.296378,-0.028878,0.027658,0.166960,1.976256,1.000000,0.038274,1.247461
2.310000,0.482699,0.081862,0.393080,0.954219,-0.296429,-0.028817,0.027656,0.166960,1.976064,1.000000,0.038426,1.248672
2.315000,0.482888,0.081840,0.393114,0.954206,-0.296480,-0.028755,0.027653,0.166960,1.975871,1.000000,0.038571,1.249884
2.320000,0.483077,0.081819,0.393149,0.954192,-0.296531,-0.028694,0.027651,0.166960,1.975678,1.000000,0.038709,1.251081
2.325000,0.483266,0.081798,0.393183,0.954177,-0.296583,-0.028633,0.027648,0.166960,1.975484,1.000000,0.038839,1.252265
2.330000,0.483455,0.081776,0.393218,0.954163,-0.296635,-0.028571,0.027644,0.166960,1.975289,1.000000,0.038960,1.253450
2.335000,0.483644,0.081754,0.393253,0.954149,-0.296688,-0.028510,0.027641,0.166960,1.975094,1.000000,0.039073,1.254624
2.340000,0.483834,0.081732,0.393288,0.954134,-0.296741,-0.028449,0.027637,0.166960,1.974898,1.000000,0.039189,1.256298
2.345000,0.484023,0.081710,0.393323,0.954119,-0.296795,-0.028388,0.027633,0.166960,1.974702,1.000000,0.039289,1.257879
2.350000,0.484212,0.081687,0.393357,0.954104,-0.296849,-0.028328,0.027628,0.166960,1.974505,1.000000,0.039375,1.259461
2.355000,0.484401,0.081664,0.393392,0.954089,-0.296903,-0.028268,0.027624,0.166960,1.974308,1.000000,0.039449,1.260993
2.360000,0.484590,0.081641,0.393426,0.954074,-0.296958,-0.028208,0.027619,0.166960,1.974110,1.000000,0.039511,1.262508
2.365000,0.484779,0.081618,0.393461,0.954059,-0.297014,-0.028149,0.027614,0.166960,1.973912,1.000000,0.039563,1.264024
2.370000,0.484968,0.081594,0.393495,0.954043,-0.297069,-0.028091,0.027609,0.166960,1.973714,1.000000,0.039606,1.265524
2.375000,0.485158,0.081570,0.393528,0.954028,-0.297125,-0.028033,0.027603,0.166960,1.973516,1.000000,0.039632,1.266725
2.380000,0.485347,0.081546,0.393561,0.954012,-0.297181,-0.027975,0.027597,0.166960,1.973318,1.000000,0.039651,1.267969
2.385000,0.485536,0.081522,0.393594,0.953996,-0.297238,-0.027918,0.027591,0.166960,1.973119,1.000000,0.039664,1.269215
2.390000,0.485725,0.081497,0.393626,0.953980,-0.297295,-0.027862,0.027585,0.166960,1.972921,1.000000,0.039670,1.270387
2.395000,0.485915,0.081472,0.393658,0.953964,-0.297352,-0.027805,0.027579,0.166960,1.972722,1.000000,0.039672,1.271551
2.400000,0.486104,0.081447,0.393690,0.953948,-0.297409,-0.027750,0.027573,0.166960,1.972524,1.000000,0.039671,1.272717
2.405000,0.486294,0.081421,0.393720,0.953932,-0.297467,-0.027694,0.027566,0.166960,1.972326,1.000000,0.039665,1.273838
2.410000,0.486483,0.081396,0.393751,0.953916,-0.297525,-0.027639,0.027559,0.166960,1.972127,1.000000,0.039680,1.275416
2.415000,0.486673,0.081370,0.393781,0.953900,-0.297583,-0.027584,0.027553,0.166960,1.971929,1.000000,0.039689,1.276915
2.420000,0.486863,0.081343,0.393810,0.953883,-0.297641,-0.027530,0.027546,0.166960,1.971730,1.000000,0.039693,1.278414
2.425000,0.487052,0.081317,0.393838,0.953867,-0.297700,-0.027476,0.027539,0.166960,1.971531,1.000000,0.039692,1.279865
2.430000,0.487242,0.081290,0.393866,0.953850,-0.297759,-0.027423,0.027532,0.166960,1.971333,1.000000,0.039684,1.281318
2.435000,0.487432,0.081263,0.393893,0.953833,-0.297819,-0.027371,0.027525,0.166960,1.971134,1.000000,0.039670,1.282772
2.440000,0.487622,0.081235,0.393920,0.953816,-0.297878,-0.027319,0.027517,0.166960,1.970936,1.000000,0.039649,1.284190
2.445000,0.487811,0.081207,0.393945,0.953799,-0.297938,-0.027267,0.027510,0.166960,1.970738,1.000000,0.039645,1.286535
2.450000,0.488001,0.081179,0.393970,0.953782,-0.297999,-0.027217,0.027503,0.166960,1.970539,1.000000,0.039623,1.288730
2.455000,0.488190,0.081151,0.393994,0.953764,-0.298060,-0.027167,0.027496,0.166960,1.970341,1.000000,0.039587,1.290916
2.460000,0.488379,0.081122,0.394017,0.953747,-0.298121,-0.027118,0.027488,0.166960,1.970143,1.000000,0.039537,1.293013
2.465000,0.488568,0.081093,0.394039,0.953729,-0.298182,-0.027070,0.027481,0.166960,1.969945,1.000000,0.039474,1.295110
2.470000,0.488757,0.081064,0.394061,0.953712,-0.298244,-0.027023,0.027474,0.166960,1.969748,1.000000,0.039400,1.297207
2.475000,0.488945,0.081034,0.394081,0.953694,-0.298306,-0.026977,0.027467,0.166960,1.969551,1.000000,0.039288,1.299058
2.480000,0.489133,0.081004,0.394100,0.953676,-0.298368,-0.026932,0.027460,0.166960,1.969355,1.000000,0.039163,1.300900
2.485000,0.489321,0.080974,0.394117,0.953658,-0.298430,-0.026887,0.027453,0.166960,1.969160,1.000000,0.039030,1.302742
2.490000,0.489509,0.080944,0.394134,0.953640,-0.298492,-0.026844,0.027446,0.166960,1.968965,1.000000,0.038890,1.304580
2.495000,0.489697,0.080913,0.394150,0.953621,-0.298555,-0.026801,0.027438,0.166960,1.968771,1.000000,0.038749,1.306383
2.500000,0.489884,0.080882,0.394164,0.953603,-0.298618,-0.026760,0.027431,0.166960,1.968577,1.000000,0.038604,1.308185
2.505000,0.490072,0.080851,0.394177,0.953585,-0.298680,-0.026719,0.027425,0.166960,1.968384,1.000000,0.038457,1.309988
2.510000,0.490259,0.080820,0.394189,0.953566,-0.298743,-0.026678,0.027418,0.166960,1.968193,1.000000,0.038292,1.311328
2.515000,0.490446,0.080788,0.394200,0.953548,-0.298806,-0.026639,0.027411,0.166960,1.968001,1.000000,0.038119,1.312679
2.520000,0.490633,0.080756,0.394209,0.953530,-0.298869,-0.026599,0.027404,0.166960,1.967811,1.000000,0.037943,1.314030
2.525000,0.490820,0.080724,0.394217,0.953511,-0.298932,-0.026561,0.027397,0.166960,1.967622,1.000000,0.037770,1.315377
2.530000,0.491008,0.080692,0.394224,0.953493,-0.298994,-0.026523,0.027390,0.166960,1.967433,1.000000,0.037604,1.316680
2.535000,0.491195,0.080660,0.394230,0.953475,-0.299057,-0.026485,0.027383,0.166960,1.967246,1.000000,0.037442,1.317982
2.540000,0.491382,0.080628,0.394234,0.953456,-0.299119,-0.026448,0.027377,0.166960,1.967059,1.000000,0.037285,1.319285
2.545000,0.491569,0.080596,0.394237,0.953438,-0.299182,-0.026411,0.027370,0.166960,1.966873,1.000000,0.037158,1.321130
2.550000,0.491756,0.080564,0.394239,0.953419,-0.299244,-0.026375,0.027363,0.166960,1.966687,1.000000,0.037019,1.322842
2.555000,0.491942,0.080532,0.394240,0.953401,-0.299307,-0.026340,0.027356,0.166960,1.966502,1.000000,0.036876,1.324553
2.560000,0.492129,0.080500,0.394240,0.953382,-0.299369,-0.026305,0.027349,0.166960,1.966318,1.000000,0.036732,1.326256
2.565000,0.492315,0.080468,0.394238,0.953364,-0.299432,-0.026271,0.027343,0.166960,1.966135,1.000000,0.036586,1.327867
2.570000,0.492501,0.080436,0.394235,0.953346,-0.299494,-0.026237,0.027336,0.166960,1.965952,1.000000,0.036440,1.329478
2.575000,0.492687,0.080404,0.394231,0.953327,-0.299556,-0.026205,0.027330,0.166960,1.965770,1.000000,0.036296,1.331091
2.580000,0.492873,0.080373,0.394225,0.953309,-0.299618,-0.026173,0.027323,0.166960,1.965589,1.000000,0.036161,1.333217
2.585000,0.493058,0.080341,0.394219,0.953290,-0.299681,-0.026141,0.027317,0.166960,1.965408,1.000000,0.036028,1.335233
2.590000,0.493242,0.080310,0.394211,0.953272,-0.299743,-0.026111,0.027311,0.166960,1.965228,1.000000,0.035893,1.337248
2.595000,0.493427,0.080279,0.394202,0.953253,-0.299805,-0.026081,0.027305,0.166960,1.965049,1.000000,0.035757,1.339263
2.600000,0.493611,0.080248,0.394192,0.953234,-0.299867,-0.026052,0.027300,0.166960,1.964871,1.000000,0.035617,1.341177
2.605000,0.493794,0.080218,0.394181,0.953216,-0.299930,-0.026023,0.027294,0.166960,1.964693,1.000000,0.035475,1.343091
2.610000,0.493977,0.080187,0.394168,0.953197,-0.299992,-0.025996,0.027289,0.166960,1.964516,1.000000,0.035331,1.345007
2.615000,0.494159,0.080157,0.394154,0.953178,-0.300054,-0.025969,0.027285,0.166960,1.964339,1.000000,0.035170,1.346241
2.620000,0.494341,0.080127,0.394139,0.953160,-0.300116,-0.025942,0.027280,0.166960,1.964164,1.000000,0.035017,1.347523
2.625000,0.494523,0.080097,0.394123,0.953141,-0.300178,-0.025916,0.027276,0.166960,1.963989,1.000000,0.034871,1.348807
2.630000,0.494704,0.080067,0.394106,0.953122,-0.300240,-0.025890,0.027272,0.166960,1.963815,1.000000,0.034731,1.350093
2.635000,0.494885,0.080037,0.394088,0.953103,-0.300302,-0.025864,0.027269,0.166960,1.963641,1.000000,0.034597,1.351301
2.640000,0.495066,0.080008,0.394069,0.953085,-0.300364,-0.025838,0.027266,0.166960,1.963469,1.000000,0.034471,1.352504
2.645000,0.495246,0.079978,0.394049,0.953066,-0.300426,-0.025812,0.027263,0.166960,1.963297,1.000000,0.034365,1.352965
2.650000,0.495426,0.079949,0.394028,0.953047,-0.300487,-0.025787,0.027261,0.166960,1.963125,1.000000,0.034266,1.353512
2.655000,0.495605,0.079920,0.394007,0.953029,-0.300549,-0.025761,0.027259,0.166960,1.962954,1.000000,0.034178,1.353999
2.660000,0.495785,0.079891,0.393984,0.953010,-0.300610,-0.025734,0.027257,0.166960,1.962783,1.000000,0.034101,1.354490
2.665000,0.495964,0.079863,0.393962,0.952992,-0.300671,-0.025708,0.027256,0.166960,1.962612,1.000000,0.034036,1.354983
2.670000,0.496143,0.079835,0.393938,0.952973,-0.300732,-0.025681,0.027255,0.166960,1.962442,1.000000,0.033981,1.355397
2.675000,0.496321,0.079807,0.393914,0.952955,-0.300793,-0.025653,0.027254,0.166960,1.962272,1.000000,0.033936,1.355791
2.680000,0.496499,0.079779,0.393890,0.952936,-0.300854,-0.025625,0.027253,0.166960,1.962102,1.000000,0.033930,1.356098
2.685000,0.496676,0.079751,0.393865,0.952918,-0.300915,-0.025596,0.027253,0.166960,1.961932,1.000000,0.033942,1.356411
2.690000,0.496854,0.079724,0.393840,0.952899,-0.300976,-0.025567,0.027253,0.166960,1.961763,1.000000,0.033966,1.356666
2.695000,0.497030,0.079697,0.393815,0.952881,-0.301037,-0.025537,0.027253,0.166960,1.961592,1.000000,0.034000,1.356926
2.700000,0.497206,0.079670,0.393790,0.952863,-0.301097,-0.025507,0.027254,0.166960,1.961422,1.000000,0.034042,1.357190
2.705000,0.497382,0.079643,0.393765,0.952844,-0.301158,-0.025476,0.027255,0.166960,1.961252,1.000000,0.034089,1.357404
2.710000,0.497557,0.079617,0.393740,0.952826,-0.301219,-0.025444,0.027256,0.166960,1.961081,1.000000,0.034140,1.357583
2.715000,0.497732,0.079590,0.393715,0.952807,-0.301280,-0.025411,0.027257,0.166960,1.960910,1.000000,0.034197,1.357119
2.720000,0.497906,0.079564,0.393690,0.952789,-0.301341,-0.025378,0.027259,0.166960,1.960738,1.000000,0.034279,1.356763
2.725000,0.498079,0.079538,0.393666,0.952770,-0.301402,-0.025343,0.027262,0.166960,1.960567,1.000000,0.034372,1.356309
2.730000,0.498252,0.079512,0.393642,0.952752,-0.301463,-0.025308,0.027264,0.166960,1.960394,1.000000,0.034476,1.355853
2.735000,0.498425,0.079487,0.393619,0.952733,-0.301524,-0.025271,0.027267,0.166960,1.960221,1.000000,0.034589,1.355403
2.740000,0.498597,0.079461,0.393596,0.952715,-0.301585,-0.025233,0.027271,0.166960,1.960048,1.000000,0.034707,1.354930
2.745000,0.498768,0.079435,0.393574,0.952697,-0.301647,-0.025194,0.027274,0.166960,1.959874,1.000000,0.034830,1.354402
2.750000,0.498939,0.079410,0.393553,0.952678,-0.301708,-0.025153,0.027278,0.166960,1.959699,1.000000,0.034964,1.352909
2.755000,0.499110,0.079384,0.393532,0.952660,-0.301769,-0.025111,0.027282,0.166960,1.959524,1.000000,0.035120,1.351576
2.760000,0.499280,0.079358,0.393513,0.952641,-0.301831,-0.025068,0.027286,0.166960,1.959348,1.000000,0.035289,1.350182
2.765000,0.499450,0.079333,0.393494,0.952623,-0.301892,-0.025022,0.027291,0.166960,1.959171,1.000000,0.035470,1.348759
2.770000,0.499619,0.079307,0.393477,0.952604,-0.301954,-0.024975,0.027296,0.166960,1.958993,1.000000,0.035661,1.347342
2.775000,0.499788,0.079281,0.393460,0.952586,-0.302016,-0.024927,0.027301,0.166960,1.958814,1.000000,0.035859,1.345931
2.780000,0.499957,0.079255,0.393445,0.952567,-0.302078,-0.024876,0.027306,0.166960,1.958634,1.000000,0.036062,1.344436
2.785000,0.500125,0.079229,0.393432,0.952549,-0.302140,-0.024824,0.027311,0.166960,1.958452,1.000000,0.036316,1.343346
2.790000,0.500293,0.079203,0.393420,0.952530,-0.302202,-0.024770,0.027316,0.166960,1.958270,1.000000,0.036583,1.342202
2.795000,0.500460,0.079177,0.393409,0.952512,-0.302265,-0.024715,0.027322,0.166960,1.958086,1.000000,0.036855,1.341038
2.800000,0.500627,0.079150,0.393399,0.952493,-0.302328,-0.024658,0.027327,0.166960,1.957901,1.000000,0.037125,1.339812
2.805000,0.500793,0.079123,0.393392,0.952474,-0.302391,-0.024599,0.027333,0.166960,1.957714,1.000000,0.037393,1.338595
2.810000,0.500959,0.079096,0.393385,0.952455,-0.302455,-0.024539,0.027338,0.166960,1.957526,1.000000,0.037655,1.337386
2.815000,0.501124,0.079069,0.393381,0.952436,-0.302519,-0.024478,0.027344,0.166960,1.957337,1.000000,0.037967,1.337576
2.820000,0.501288,0.079042,0.393378,0.952417,-0.302584,-0.024416,0.027350,0.166960,1.957146,1.000000,0.038281,1.337497
2.825000,0.501452,0.079013,0.393377,0.952398,-0.302649,-0.024352,0.027356,0.166960,1.956954,1.000000,0.038586,1.337421
2.830000,0.501614,0.078985,0.393377,0.952379,-0.302715,-0.024288,0.027363,0.166960,1.956760,1.000000,0.038876,1.337351
2.835000,0.501776,0.078955,0.393379,0.952359,-0.302782,-0.024224,0.027369,0.166960,1.956564,1.000000,0.039144,1.337219
2.840000,0.501936,0.078926,0.393382,0.952339,-0.302849,-0.024158,0.027376,0.166960,1.956368,1.000000,0.039392,1.337076
2.845000,0.502095,0.078895,0.393387,0.952319,-0.302917,-0.024092,0.027383,0.166960,1.956170,1.000000,0.039620,1.336940
2.850000,0.502254,0.078864,0.393393,0.952298,-0.302985,-0.024026,0.027390,0.166960,1.955971,1.000000,0.039859,1.337377
2.855000,0.502411,0.078831,0.393401,0.952278,-0.303055,-0.023959,0.027397,0.166960,1.955771,1.000000,0.040099,1.337633
2.860000,0.502567,0.078798,0.393410,0.952257,-0.303124,-0.023892,0.027404,0.166960,1.955570,1.000000,0.040328,1.337890
2.865000,0.502722,0.078764,0.393421,0.952236,-0.303195,-0.023825,0.027412,0.166960,1.955367,1.000000,0.040540,1.338151
2.870000,0.502876,0.078728,0.393433,0.952215,-0.303267,-0.023757,0.027419,0.166960,1.955164,1.000000,0.040730,1.338392
2.875000,0.503029,0.078692,0.393447,0.952193,-0.303339,-0.023689,0.027427,0.166960,1.954960,1.000000,0.040899,1.338570
2.880000,0.503180,0.078654,0.393461,0.952172,-0.303412,-0.023621,0.027435,0.166960,1.954754,1.000000,0.041047,1.338753
2.885000,0.503331,0.078615,0.393477,0.952150,-0.303485,-0.023552,0.027444,0.166960,1.954549,1.000000,0.041197,1.338630
2.890000,0.503480,0.078574,0.393494,0.952127,-0.303560,-0.023484,0.027452,0.166960,1.954342,1.000000,0.041351,1.338505
2.895000,0.503629,0.078532,0.393513,0.952105,-0.303635,-0.023415,0.027460,0.166960,1.954135,1.000000,0.041495,1.338323
2.900000,0.503776,0.078488,0.393533,0.952082,-0.303710,-0.023345,0.027469,0.166960,1.953927,1.000000,0.041627,1.338146
2.905000,0.503923,0.078443,0.393553,0.952059,-0.303787,-0.023276,0.027477,0.166960,1.953718,1.000000,0.041747,1.337973
2.910000,0.504068,0.078396,0.393576,0.952036,-0.303864,-0.023205,0.027486,0.166960,1.953509,1.000000,0.041851,1.337753
2.915000,0.504213,0.078347,0.393599,0.952013,-0.303942,-0.023135,0.027494,0.166960,1.953300,1.000000,0.041941,1.337509
2.920000,0.504357,0.078297,0.393623,0.951989,-0.304021,-0.023064,0.027502,0.166960,1.953090,1.000000,0.042048,1.337056
2.925000,0.504499,0.078244,0.393649,0.951965,-0.304101,-0.022993,0.027510,0.166960,1.952879,1.000000,0.042165,1.336646
2.930000,0.504641,0.078190,0.393676,0.951941,-0.304181,-0.022921,0.027519,0.166960,1.952668,1.000000,0.042276,1.336157
2.935000,0.504782,0.078134,0.393704,0.951916,-0.304262,-0.022849,0.027527,0.166960,1.952456,1.000000,0.042379,1.335652
2.940000,0.504922,0.078076,0.393733,0.951892,-0.304344,-0.022776,0.027535,0.166960,1.952244,1.000000,0.042470,1.335156
2.945000,0.505062,0.078015,0.393763,0.951867,-0.304427,-0.022702,0.027542,0.166960,1.952031,1.000000,0.042549,1.334667
2.950000,0.505200,0.077953,0.393795,0.951842,-0.304510,-0.022628,0.027550,0.166960,1.951818,1.000000,0.042614,1.334109
2.955000,0.505338,0.077888,0.393828,0.951816,-0.304595,-0.022554,0.027557,0.166960,1.951605,1.000000,0.042698,1.333685
2.960000,0.505475,0.077821,0.393862,0.951790,-0.304680,-0.022479,0.027564,0.166960,1.951391,1.000000,0.042802,1.333249
2.965000,0.505610,0.077752,0.393897,0.951764,-0.304766,-0.022403,0.027571,0.166960,1.951177,1.000000,0.042906,1.332819
2.970000,0.505746,0.077681,0.393934,0.951738,-0.304854,-0.022327,0.027577,0.166960,1.950962,1.000000,0.042999,1.332299
2.975000,0.505880,0.077607,0.393972,0.951711,-0.304942,-0.022250,0.027583,0.166960,1.950747,1.000000,0.043078,1.331788
2.980000,0.506013,0.077530,0.394011,0.951684,-0.305032,-0.022172,0.027589,0.166960,1.950531,1.000000,0.043143,1.331287
2.985000,0.506146,0.077452,0.394051,0.951657,-0.305122,-0.022094,0.027595,0.166960,1.950315,1.000000,0.043229,1.331285
2.990000,0.506278,0.077370,0.394092,0.951629,-0.305214,-0.022016,0.027601,0.166960,1.950099,1.000000,0.043322,1.331130
2.995000,0.506409,0.077286,0.394135,0.951601,-0.305307,-0.021937,0.027606,0.166960,1.949882,1.000000,0.043407,1.330985
3.000000,0.506539,0.077199,0.394179,0.951573,-0.305401,-0.021858,0.027611,0.166960,1.949665,1.000000,0.043476,1.330852
3.005000,0.506668,0.077110,0.394224,0.951544,-0.305496,-0.021778,0.027615,0.166960,1.949447,1.000000,0.043526,1.330711
3.010000,0.506797,0.077018,0.394270,0.951514,-0.305592,-0.021698,0.027619,0.166960,1.949230,1.000000,0.043557,1.330511
3.015000,0.506924,0.076923,0.394318,0.951485,-0.305690,-0.021617,0.027623,0.166960,1.949012,1.000000,0.043569,1.330322
3.020000,0.507051,0.076825,0.394366,0.951455,-0.305788,-0.021537,0.027626,0.166960,1.948794,1.000000,0.043584,1.330363
3.025000,0.507177,0.076724,0.394416,0.951425,-0.305888,-0.021456,0.027629,0.166960,1.948576,1.000000,0.043587,1.330355
3.030000,0.507301,0.076621,0.394467,0.951394,-0.305989,-0.021375,0.027631,0.166960,1.948358,1.000000,0.043574,1.330286
3.035000,0.507425,0.076515,0.394519,0.951363,-0.306091,-0.021294,0.027633,0.166960,1.948141,1.000000,0.043544,1.330233
3.040000,0.507548,0.076406,0.394572,0.951332,-0.306194,-0.021213,0.027634,0.166960,1.947923,1.000000,0.043497,1.330197
3.045000,0.507669,0.076294,0.394627,0.951300,-0.306298,-0.021132,0.027634,0.166960,1.947706,1.000000,0.043432,1.330141
3.050000,0.507790,0.076179,0.394683,0.951268,-0.306403,-0.021051,0.027634,0.166960,1.947489,1.000000,0.043351,1.330035
3.055000,0.507910,0.076062,0.394739,0.951236,-0.306509,-0.020969,0.027633,0.166960,1.947273,1.000000,0.043240,1.329286
3.060000,0.508028,0.075942,0.394797,0.951203,-0.306616,-0.020888,0.027631,0.166960,1.947057,1.000000,0.043128,1.328661
3.065000,0.508146,0.075819,0.394857,0.951170,-0.306723,-0.020806,0.027629,0.166960,1.946842,1.000000,0.043009,1.328013
3.070000,0.508263,0.075693,0.394917,0.951137,-0.306832,-0.020724,0.027626,0.166960,1.946627,1.000000,0.042883,1.327316
3.075000,0.508379,0.075565,0.394979,0.951104,-0.306941,-0.020641,0.027621,0.166960,1.946413,1.000000,0.042752,1.326637
3.080000,0.508494,0.075434,0.395043,0.951070,-0.307051,-0.020558,0.027616,0.166960,1.946200,1.000000,0.042615,1.325978
3.085000,0.508609,0.075300,0.395107,0.951036,-0.307162,-0.020475,0.027610,0.166960,1.945988,1.000000,0.042474,1.325296
3.090000,0.508722,0.075164,0.395173,0.951002,-0.307274,-0.020391,0.027603,0.166960,1.945776,1.000000,0.042309,1.324000
3.095000,0.508835,0.075026,0.395241,0.950968,-0.307386,-0.020307,0.027595,0.166960,1.945565,1.000000,0.042162,1.322812
3.100000,0.508948,0.074884,0.395310,0.950933,-0.307500,-0.020222,0.027586,0.166960,1.945355,1.000000,0.042022,1.321644
3.105000,0.509060,0.074741,0.395380,0.950898,-0.307614,-0.020136,0.027576,0.166960,1.945145,1.000000,0.041884,1.320441
3.110000,0.509171,0.074595,0.395451,0.950863,-0.307729,-0.020050,0.027565,0.166960,1.944937,1.000000,0.041749,1.319197
3.115000,0.509282,0.074446,0.395524,0.950828,-0.307844,-0.019963,0.027553,0.166960,1.944729,1.000000,0.041616,1.317970
3.120000,0.509393,0.074296,0.395598,0.950793,-0.307960,-0.019876,0.027539,0.166960,1.944521,1.000000,0.041484,1.316760
3.125000,0.509504,0.074143,0.395674,0.950757,-0.308078,-0.019787,0.027525,0.166960,1.944314,1.000000,0.041372,1.316158
3.130000,0.509614,0.073987,0.395751,0.950721,-0.308196,-0.019699,0.027510,0.166960,1.944108,1.000000,0.041282,1.315406
3.135000,0.509723,0.073830,0.395829,0.950685,-0.308315,-0.019609,0.027493,0.166960,1.943902,1.000000,0.041199,1.314668
3.140000,0.509833,0.073670,0.395908,0.950648,-0.308435,-0.019520,0.027476,0.166960,1.943697,1.000000,0.041116,1.313946
3.145000,0.509942,0.073508,0.395988,0.950611,-0.308556,-0.019430,0.027458,0.166960,1.943492,1.000000,0.041031,1.313180
3.150000,0.510051,0.073344,0.396069,0.950574,-0.308678,-0.019340,0.027438,0.166960,1.943287,1.000000,0.040943,1.312377
3.155000,0.510160,0.073178,0.396152,0.950536,-0.308801,-0.019249,0.027418,0.166960,1.943083,1.000000,0.040891,1.312868
3.160000,0.510269,0.073009,0.396235,0.950498,-0.308926,-0.019159,0.027396,0.166960,1.942879,1.000000,0.040845,1.313173
3.165000,0.510377,0.072839,0.396320,0.950460,-0.309051,-0.019069,0.027374,0.166960,1.942675,1.000000,0.040795,1.313422
3.170000,0.510484,0.072666,0.396405,0.950421,-0.309178,-0.018980,0.027351,0.166960,1.942472,1.000000,0.040734,1.313633
3.175000,0.510592,0.072492,0.396490,0.950382,-0.309306,-0.018891,0.027327,0.166960,1.942268,1.000000,0.040661,1.313860
3.180000,0.510699,0.072315,0.396577,0.950342,-0.309435,-0.018802,0.027302,0.166960,1.942066,1.000000,0.040576,1.314103
3.185000,0.510805,0.072136,0.396664,0.950302,-0.309566,-0.018714,0.027277,0.166960,1.941863,1.000000,0.040478,1.314281
3.190000,0.510912,0.071955,0.396752,0.950262,-0.309697,-0.018627,0.027250,0.166960,1.941662,1.000000,0.040397,1.315223
3.195000,0.511017,0.071773,0.396840,0.950221,-0.309830,-0.018541,0.027223,0.166960,1.941460,1.000000,0.040308,1.316051
3.200000,0.511123,0.071588,0.396928,0.950180,-0.309964,-0.018455,0.027195,0.166960,1.941259,1.000000,0.040208,1.316890
3.205000,0.511227,0.071401,0.397017,0.950139,-0.310099,-0.018371,0.027166,0.166960,1.941059,1.000000,0.040096,1.317651
3.210000,0.511332,0.071213,0.397106,0.950097,-0.310235,-0.018288,0.027137,0.166960,1.940859,1.000000,0.039971,1.318375
3.215000,0.511435,0.071022,0.397196,0.950054,-0.310372,-0.018206,0.027106,0.166960,1.940660,1.000000,0.039835,1.319112
3.220000,0.511539,0.070830,0.397285,0.950011,-0.310510,-0.018125,0.027075,0.166960,1.940461,1.000000,0.039688,1.319861
3.225000,0.511641,0.070636,0.397374,0.949968,-0.310650,-0.018046,0.027044,0.166960,1.940264,1.000000,0.039549,1.321092
3.230000,0.511744,0.070440,0.397464,0.949925,-0.310790,-0.017968,0.027011,0.166960,1.940067,1.000000,0.039405,1.322206
3.235000,0.511846,0.070242,0.397553,0.949881,-0.310932,-0.017891,0.026978,0.166960,1.939870,1.000000,0.039252,1.323328
3.240000,0.511947,0.070042,0.397642,0.949837,-0.311074,-0.017816,0.026944,0.166960,1.939675,1.000000,0.039090,1.324461
3.245000,0.512048,0.069841,0.397730,0.949792,-0.311217,-0.017742,0.026910,0.166960,1.939480,1.000000,0.038920,1.325496
3.250000,0.512148,0.069638,0.397819,0.949747,-0.311362,-0.017670,0.026875,0.166960,1.939286,1.000000,0.038743,1.326501
3.255000,0.512248,0.069434,0.397907,0.949702,-0.311507,-0.017599,0.026839,0.166960,1.939093,1.000000,0.038559,1.327515
3.260000,0.512347,0.069227,0.397994,0.949656,-0.311654,-0.017529,0.026803,0.166960,1.938901,1.000000,0.038382,1.329089
3.265000,0.512446,0.069020,0.398081,0.949610,-0.311801,-0.017462,0.026766,0.166960,1.938710,1.000000,0.038202,1.330471
3.270000,0.512544,0.068810,0.398167,0.949563,-0.311949,-0.017395,0.026728,0.166960,1.938520,1.000000,0.038016,1.331832
3.275000,0.512642,0.068599,0.398253,0.949517,-0.312098,-0.017331,0.026690,0.166960,1.938331,1.000000,0.037825,1.333202
3.280000,0.512739,0.068387,0.398338,0.949469,-0.312249,-0.017268,0.026652,0.166960,1.938143,1.000000,0.037660,1.334583
3.285000,0.512836,0.068173,0.398422,0.949422,-0.312400,-0.017207,0.026613,0.166960,1.937955,1.000000,0.037526,1.335842
3.290000,0.512932,0.067958,0.398506,0.949374,-0.312553,-0.017147,0.026573,0.166960,1.937768,1.000000,0.037414,1.337086
3.295000,0.513028,0.067741,0.398588,0.949325,-0.312707,-0.017088,0.026533,0.166960,1.937582,1.000000,0.037305,1.338827
3.300000,0.513123,0.067523,0.398670,0.949276,-0.312862,-0.017032,0.026493,0.166960,1.937396,1.000000,0.037214,1.340501
3.305000,0.513218,0.067304,0.398751,0.949227,-0.313019,-0.016976,0.026452,0.166960,1.937210,1.000000,0.037127,1.342046
3.310000,0.513312,0.067083,0.398831,0.949176,-0.313178,-0.016922,0.026410,0.166960,1.937025,1.000000,0.037037,1.343587
3.315000,0.513406,0.066862,0.398910,0.949126,-0.313338,-0.016870,0.026369,0.166960,1.936841,1.000000,0.036938,1.345138
3.320000,0.513499,0.066639,0.398988,0.949075,-0.313499,-0.016818,0.026326,0.166960,1.936657,1.000000,0.036825,1.346698
3.325000,0.513592,0.066414,0.399065,0.949023,-0.313662,-0.016768,0.026284,0.166960,1.936473,1.000000,0.036670,1.348172
3.330000,0.513684,0.066189,0.399142,0.948971,-0.313826,-0.016719,0.026240,0.166960,1.936291,1.000000,0.036516,1.349641
3.335000,0.513776,0.065962,0.399216,0.948918,-0.313991,-0.016672,0.026197,0.166960,1.936109,1.000000,0.036354,1.351119
3.340000,0.513868,0.065734,0.399290,0.948865,-0.314158,-0.016625,0.026153,0.166960,1.935928,1.000000,0.036186,1.352594
3.345000,0.513960,0.065505,0.399363,0.948811,-0.314326,-0.016579,0.026109,0.166960,1.935748,1.000000,0.036015,1.353933
3.350000,0.514051,0.065274,0.399434,0.948757,-0.314495,-0.016534,0.026065,0.166960,1.935569,1.000000,0.035840,1.355278
3.355000,0.514142,0.065042,0.399504,0.948702,-0.314666,-0.016491,0.026020,0.166960,1.935391,1.000000,0.035661,1.356633
3.360000,0.514233,0.064809,0.399573,0.948647,-0.314838,-0.016448,0.025976,0.166960,1.935214,1.000000,0.035466,1.357622
3.365000,0.514324,0.064575,0.399640,0.948592,-0.315011,-0.016406,0.025931,0.166960,1.935037,1.000000,0.035273,1.358532
3.370000,0.514415,0.064339,0.399706,0.948536,-0.315185,-0.016365,0.025886,0.166960,1.934862,1.000000,0.035081,1.359449
3.375000,0.514506,0.064103,0.399770,0.948480,-0.315360,-0.016325,0.025841,0.166960,1.934688,1.000000,0.034887,1.360374
3.380000,0.514596,0.063865,0.399833,0.948423,-0.315537,-0.016285,0.025796,0.166960,1.934514,1.000000,0.034691,1.361259
3.385000,0.514687,0.063625,0.399894,0.948366,-0.315714,-0.016247,0.025751,0.166960,1.934342,1.000000,0.034489,1.362026
3.390000,0.514778,0.063385,0.399954,0.948308,-0.315893,-0.016209,0.025707,0.166960,1.934170,1.000000,0.034282,1.362798
3.395000,0.514868,0.063143,0.400012,0.948250,-0.316072,-0.016172,0.025662,0.166960,1.934000,1.000000,0.034049,1.363599
3.400000,0.514959,0.062900,0.400068,0.948192,-0.316253,-0.016136,0.025618,0.166960,1.933831,1.000000,0.033818,1.364338
3.405000,0.515050,0.062656,0.400123,0.948133,-0.316435,-0.016101,0.025574,0.166960,1.933663,1.000000,0.033581,1.364971
3.410000,0.515141,0.062411,0.400176,0.948074,-0.316617,-0.016066,0.025530,0.166960,1.933497,1.000000,0.033338,1.365612
3.415000,0.515232,0.062164,0.400227,0.948014,-0.316801,-0.016032,0.025487,0.166960,1.933331,1.000000,0.033085,1.366262
3.420000,0.515324,0.061916,0.400277,0.947954,-0.316985,-0.015998,0.025444,0.166960,1.933167,1.000000,0.032826,1.366842
3.425000,0.515415,0.061668,0.400325,0.947894,-0.317170,-0.015965,0.025401,0.166960,1.933004,1.000000,0.032562,1.367346
3.430000,0.515507,0.061418,0.400371,0.947834,-0.317356,-0.015933,0.025358,0.166960,1.932843,1.000000,0.032258,1.368240
3.435000,0.515599,0.061166,0.400415,0.947773,-0.317542,-0.015901,0.025315,0.166960,1.932683,1.000000,0.031975,1.369087
3.440000,0.515692,0.060914,0.400458,0.947711,-0.317730,-0.015869,0.025273,0.166960,1.932524,1.000000,0.031704,1.369940
3.445000,0.515785,0.060660,0.400499,0.947650,-0.317919,-0.015838,0.025232,0.166960,1.932367,1.000000,0.031438,1.370801
3.450000,0.515877,0.060405,0.400538,0.947588,-0.318108,-0.015807,0.025191,0.166960,1.932211,1.000000,0.031169,1.371674
3.455000,0.515971,0.060148,0.400576,0.947525,-0.318299,-0.015777,0.025151,0.166960,1.932057,1.000000,0.030897,1.372559
3.460000,0.516064,0.059890,0.400612,0.947463,-0.318490,-0.015746,0.025111,0.166960,1.931904,1.000000,0.030614,1.373315
3.465000,0.516158,0.059631,0.400646,0.947399,-0.318683,-0.015716,0.025071,0.166960,1.931752,1.000000,0.030298,1.374269
3.470000,0.516252,0.059371,0.400679,0.947336,-0.318877,-0.015686,0.025032,0.166960,1.931603,1.000000,0.029993,1.375207
3.475000,0.516346,0.059109,0.400710,0.947272,-0.319071,-0.015657,0.024994,0.166960,1.931454,1.000000,0.029687,1.376134
3.480000,0.516440,0.058845,0.400739,0.947207,-0.319267,-0.015627,0.024957,0.166960,1.931307,1.000000,0.029381,1.376912
3.485000,0.516535,0.058581,0.400767,0.947142,-0.319464,-0.015598,0.024920,0.166960,1.931162,1.000000,0.029070,1.377704
3.490000,0.516630,0.058314,0.400794,0.947077,-0.319662,-0.015568,0.024883,0.166960,1.931018,1.000000,0.028754,1.378511
3.495000,0.516725,0.058047,0.400819,0.947011,-0.319861,-0.015539,0.024847,0.166960,1.930876,1.000000,0.028438,1.379409
3.500000,0.516821,0.057777,0.400842,0.946945,-0.320062,-0.015510,0.024812,0.166960,1.930736,1.000000,0.028115,1.380213
3.505000,0.516916,0.057507,0.400864,0.946878,-0.320263,-0.015481,0.024777,0.166960,1.930597,1.000000,0.027787,1.381030
3.510000,0.517012,0.057235,0.400884,0.946811,-0.320465,-0.015452,0.024743,0.166960,1.930459,1.000000,0.027453,1.381863
3.515000,0.517108,0.056962,0.400904,0.946743,-0.320669,-0.015423,0.024709,0.166960,1.930324,1.000000,0.027115,1.382598
3.520000,0.517203,0.056687,0.400921,0.946675,-0.320873,-0.015394,0.024675,0.166960,1.930190,1.000000,0.026772,1.383294
3.525000,0.517300,0.056411,0.400938,0.946607,-0.321079,-0.015366,0.024642,0.166960,1.930058,1.000000,0.026424,1.384004
3.530000,0.517396,0.056134,0.400953,0.946538,-0.321286,-0.015337,0.024610,0.166960,1.929927,1.000000,0.026109,1.385275
3.535000,0.517492,0.055855,0.400967,0.946469,-0.321494,-0.015309,0.024577,0.166960,1.929798,1.000000,0.025785,1.386352
3.540000,0.517588,0.055576,0.400979,0.946399,-0.321702,-0.015281,0.024545,0.166960,1.929671,1.000000,0.025460,1.387430
3.545000,0.517684,0.055295,0.400991,0.946329,-0.321912,-0.015254,0.024514,0.166960,1.929545,1.000000,0.025133,1.388521
3.550000,0.517780,0.055013,0.401001,0.946259,-0.322123,-0.015227,0.024482,0.166960,1.929421,1.000000,0.024803,1.389596
3.555000,0.517876,0.054731,0.401010,0.946188,-0.322335,-0.015201,0.024451,0.166960,1.929299,1.000000,0.024470,1.390557
3.560000,0.517971,0.054447,0.401018,0.946116,-0.322548,-0.015175,0.024420,0.166960,1.929178,1.000000,0.024135,1.391529
3.565000,0.518066,0.054162,0.401025,0.946044,-0.322762,-0.015149,0.024390,0.166960,1.929059,1.000000,0.023839,1.392940
3.570000,0.518161,0.053876,0.401031,0.945972,-0.322977,-0.015124,0.024359,0.166960,1.928941,1.000000,0.023535,1.394238
3.575000,0.518255,0.053590,0.401036,0.945900,-0.323194,-0.015100,0.024329,0.166960,1.928825,1.000000,0.023228,1.395468
3.580000,0.518349,0.053303,0.401041,0.945827,-0.323411,-0.015077,0.024299,0.166960,1.928711,1.000000,0.022920,1.396706
3.585000,0.518442,0.053015,0.401044,0.945753,-0.323629,-0.015054,0.024268,0.166960,1.928598,1.000000,0.022612,1.397954
3.590000,0.518535,0.052727,0.401047,0.945679,-0.323848,-0.015032,0.024238,0.166960,1.928486,1.000000,0.022301,1.399124
3.595000,0.518627,0.052438,0.401048,0.945605,-0.324067,-0.015010,0.024209,0.166960,1.928376,1.000000,0.021988,1.400257
3.600000,0.518719,0.052149,0.401050,0.945530,-0.324288,-0.014989,0.024179,0.166960,1.928267,1.000000,0.021701,1.401219
3.605000,0.518809,0.051860,0.401050,0.945456,-0.324510,-0.014969,0.024149,0.166960,1.928160,1.000000,0.021400,1.402216
3.610000,0.518900,0.051570,0.401050,0.945380,-0.324732,-0.014950,0.024119,0.166960,1.928055,1.000000,0.021092,1.403117
3.615000,0.518989,0.051280,0.401049,0.945305,-0.324955,-0.014932,0.024089,0.166960,1.927951,1.000000,0.020782,1.404013
3.620000,0.519078,0.050990,0.401048,0.945229,-0.325178,-0.014914,0.024059,0.166960,1.927848,1.000000,0.020471,1.404916
3.625000,0.519166,0.050700,0.401045,0.945153,-0.325402,-0.014898,0.024029,0.166960,1.927748,1.000000,0.020159,1.405810
3.630000,0.519254,0.050410,0.401043,0.945077,-0.325626,-0.014882,0.023999,0.166960,1.927648,1.000000,0.019847,1.406618
3.635000,0.519341,0.050120,0.401039,0.945000,-0.325851,-0.014866,0.023969,0.166960,1.927550,1.000000,0.019557,1.406942
3.640000,0.519427,0.049830,0.401036,0.944924,-0.326076,-0.014852,0.023939,0.166960,1.927454,1.000000,0.019254,1.407350
3.645000,0.519512,0.049540,0.401031,0.944847,-0.326301,-0.014838,0.023909,0.166960,1.927359,1.000000,0.018947,1.407732
3.650000,0.519597,0.049251,0.401027,0.944770,-0.326526,-0.014824,0.023879,0.166960,1.927266,1.000000,0.018639,1.408068
3.655000,0.519682,0.048962,0.401021,0.944693,-0.326751,-0.014812,0.023849,0.166960,1.927174,1.000000,0.018332,1.408410
3.660000,0.519766,0.048674,0.401016,0.944616,-0.326976,-0.014800,0.023819,0.166960,1.927084,1.000000,0.018028,1.408757
3.665000,0.519849,0.048386,0.401010,0.944539,-0.327201,-0.014788,0.023789,0.166960,1.926995,1.000000,0.017755,1.408182
3.670000,0.519932,0.048098,0.401003,0.944463,-0.327426,-0.014777,0.023759,0.166960,1.926907,1.000000,0.017470,1.407709
3.675000,0.520014,0.047811,0.400997,0.944386,-0.327650,-0.014766,0.023729,0.166960,1.926821,1.000000,0.017184,1.407243
3.680000,0.520096,0.047525,0.400990,0.944309,-0.327874,-0.014754,0.023699,0.166960,1.926737,1.000000,0.016900,1.406782
3.685000,0.520178,0.047240,0.400983,0.944232,-0.328098,-0.014743,0.023669,0.166960,1.926653,1.000000,0.016621,1.406244
3.690000,0.520259,0.046956,0.400977,0.944156,-0.328321,-0.014733,0.023639,0.166960,1.926572,1.000000,0.016347,1.405695
3.695000,0.520339,0.046672,0.400970,0.944079,-0.328543,-0.014721,0.023609,0.166960,1.926491,1.000000,0.016081,1.405152
3.700000,0.520419,0.046389,0.400964,0.944003,-0.328765,-0.014710,0.023579,0.166960,1.926412,1.000000,0.015833,1.402888
3.705000,0.520499,0.046108,0.400958,0.943927,-0.328986,-0.014699,0.023549,0.166960,1.926334,1.000000,0.015564,1.400829
3.710000,0.520579,0.045827,0.400952,0.943851,-0.329205,-0.014686,0.023520,0.166960,1.926257,1.000000,0.015290,1.398780
3.715000,0.520659,0.045548,0.400947,0.943776,-0.329424,-0.014673,0.023490,0.166960,1.926182,1.000000,0.015017,1.396739
3.720000,0.520739,0.045269,0.400942,0.943701,-0.329642,-0.014658,0.023460,0.166960,1.926108,1.000000,0.014750,1.394686
3.725000,0.520818,0.044992,0.400939,0.943626,-0.329858,-0.014643,0.023431,0.166960,1.926035,1.000000,0.014489,1.392597
3.730000,0.520898,0.044716,0.400936,0.943552,-0.330073,-0.014627,0.023401,0.166960,1.925964,1.000000,0.014237,1.390515
3.735000,0.520977,0.044442,0.400934,0.943478,-0.330287,-0.014609,0.023372,0.166960,1.925894,1.000000,0.014004,1.386735
3.740000,0.521057,0.044168,0.400933,0.943405,-0.330499,-0.014591,0.023343,0.166960,1.925825,1.000000,0.013749,1.383190
3.745000,0.521136,0.043897,0.400933,0.943332,-0.330710,-0.014570,0.023314,0.166960,1.925757,1.000000,0.013489,1.379624
3.750000,0.521216,0.043626,0.400935,0.943260,-0.330919,-0.014548,0.023284,0.166960,1.925691,1.000000,0.013231,1.376068
3.755000,0.521297,0.043358,0.400938,0.943188,-0.331126,-0.014524,0.023255,0.166960,1.925626,1.000000,0.013012,1.372522
3.760000,0.521377,0.043090,0.400942,0.943117,-0.331331,-0.014498,0.023226,0.166960,1.925561,1.000000,0.012873,1.368948
3.765000,0.521458,0.042825,0.400948,0.943047,-0.331535,-0.014471,0.023197,0.166960,1.925497,1.000000,0.012810,1.365375
3.770000,0.521539,0.042561,0.400956,0.942976,-0.331739,-0.014442,0.023168,0.166960,1.925434,1.000000,0.012847,1.361759
3.775000,0.521621,0.042300,0.400965,0.942906,-0.331941,-0.014411,0.023139,0.166960,1.925369,1.000000,0.012905,1.358157
3.780000,0.521703,0.042040,0.400976,0.942837,-0.332142,-0.014378,0.023109,0.166960,1.925305,1.000000,0.012995,1.354488
3.785000,0.521786,0.041783,0.400989,0.942767,-0.332343,-0.014344,0.023079,0.166960,1.925240,1.000000,0.013113,1.350828
3.790000,0.521869,0.041527,0.401004,0.942698,-0.332543,-0.014309,0.023049,0.166960,1.925174,1.000000,0.013256,1.347177
3.795000,0.521952,0.041274,0.401020,0.942629,-0.332742,-0.014271,0.023019,0.166960,1.925107,1.000000,0.013421,1.343528
3.800000,0.522035,0.041024,0.401039,0.942560,-0.332940,-0.014233,0.022988,0.166960,1.925040,1.000000,0.013603,1.339871
3.805000,0.522119,0.040775,0.401059,0.942492,-0.333138,-0.014193,0.022957,0.166960,1.924971,1.000000,0.013873,1.337336
3.810000,0.522204,0.040530,0.401082,0.942423,-0.333335,-0.014152,0.022926,0.166960,1.924901,1.000000,0.014149,1.334632
3.815000,0.522288,0.040286,0.401106,0.942355,-0.333532,-0.014110,0.022894,0.166960,1.924830,1.000000,0.014436,1.331893
3.820000,0.522372,0.040046,0.401132,0.942287,-0.333728,-0.014068,0.022862,0.166960,1.924757,1.000000,0.014731,1.329128
3.825000,0.522456,0.039808,0.401160,0.942219,-0.333924,-0.014026,0.022830,0.166960,1.924682,1.000000,0.015031,1.326369
3.830000,0.522540,0.039573,0.401191,0.942151,-0.334119,-0.013983,0.022798,0.166960,1.924606,1.000000,0.015332,1.323616
3.835000,0.522624,0.039341,0.401223,0.942084,-0.334314,-0.013940,0.022765,0.166960,1.924529,1.000000,0.015679,1.321804
3.840000,0.522707,0.039111,0.401257,0.942016,-0.334508,-0.013897,0.022732,0.166960,1.924450,1.000000,0.016023,1.319840
3.845000,0.522790,0.038884,0.401293,0.941949,-0.334701,-0.013855,0.022699,0.166960,1.924368,1.000000,0.016365,1.317877
3.850000,0.522872,0.038660,0.401330,0.941882,-0.334895,-0.013813,0.022667,0.166960,1.924286,1.000000,0.016701,1.315914
3.855000,0.522954,0.038438,0.401370,0.941815,-0.335087,-0.013772,0.022634,0.166960,1.924201,1.000000,0.017030,1.313890
3.860000,0.523035,0.038219,0.401411,0.941747,-0.335280,-0.013731,0.022601,0.166960,1.924115,1.000000,0.017348,1.311867
3.865000,0.523115,0.038003,0.401454,0.941681,-0.335471,-0.013691,0.022568,0.166960,1.924028,1.000000,0.017654,1.309848
3.870000,0.523194,0.037790,0.401498,0.941614,-0.335663,-0.013652,0.022535,0.166960,1.923939,1.000000,0.017985,1.308657
3.875000,0.523273,0.037579,0.401544,0.941547,-0.335854,-0.013614,0.022502,0.166960,1.923848,1.000000,0.018308,1.307308
3.880000,0.523350,0.037370,0.401591,0.941480,-0.336044,-0.013577,0.022470,0.166960,1.923755,1.000000,0.018621,1.305958
3.885000,0.523426,0.037165,0.401639,0.941414,-0.336235,-0.013541,0.022438,0.166960,1.923661,1.000000,0.018920,1.304609
3.890000,0.523501,0.036961,0.401689,0.941347,-0.336424,-0.013507,0.022406,0.166960,1.923566,1.000000,0.019200,1.303255
3.895000,0.523575,0.036760,0.401740,0.941281,-0.336614,-0.013474,0.022374,0.166960,1.923469,1.000000,0.019462,1.301896
3.900000,0.523648,0.036561,0.401791,0.941214,-0.336803,-0.013442,0.022343,0.166960,1.923371,1.000000,0.019704,1.300538
3.905000,0.523720,0.036365,0.401844,0.941148,-0.336991,-0.013412,0.022312,0.166960,1.923272,1.000000,0.019955,1.300059
3.910000,0.523791,0.036170,0.401897,0.941082,-0.337179,-0.013383,0.022281,0.166960,1.923172,1.000000,0.020197,1.299390
3.915000,0.523860,0.035978,0.401951,0.941015,-0.337367,-0.013356,0.022251,0.166960,1.923070,1.000000,0.020421,1.298707
3.920000,0.523928,0.035788,0.402006,0.940949,-0.337555,-0.013330,0.022221,0.166960,1.922967,1.000000,0.020623,1.298025
3.925000,0.523994,0.035600,0.402060,0.940883,-0.337742,-0.013307,0.022192,0.166960,1.922864,1.000000,0.020802,1.297343
3.930000,0.524060,0.035413,0.402115,0.940817,-0.337929,-0.013285,0.022163,0.166960,1.922759,1.000000,0.020955,1.296644
3.935000,0.524123,0.035228,0.402171,0.940751,-0.338116,-0.013264,0.022135,0.166960,1.922654,1.000000,0.021083,1.295945
3.940000,0.524186,0.035045,0.402226,0.940685,-0.338302,-0.013246,0.022108,0.166960,1.922548,1.000000,0.021178,1.295566
3.945000,0.524247,0.034863,0.402281,0.940619,-0.338488,-0.013228,0.022080,0.166960,1.922443,1.000000,0.021191,1.295129
3.950000,0.524307,0.034683,0.402337,0.940553,-0.338673,-0.013212,0.022053,0.166960,1.922337,1.000000,0.021153,1.294676
3.955000,0.524366,0.034505,0.402391,0.940487,-0.338858,-0.013197,0.022025,0.166960,1.922231,1.000000,0.021092,1.294223
3.960000,0.524425,0.034328,0.402446,0.940422,-0.339042,-0.013182,0.021997,0.166960,1.922126,1.000000,0.021017,1.293771
3.965000,0.524482,0.034152,0.402500,0.940356,-0.339226,-0.013168,0.021968,0.166960,1.922021,1.000000,0.020932,1.293289
3.970000,0.524538,0.033978,0.402554,0.940291,-0.339409,-0.013155,0.021939,0.166960,1.921917,1.000000,0.020838,1.292779
3.975000,0.524594,0.033804,0.402607,0.940226,-0.339592,-0.013142,0.021910,0.166960,1.921813,1.000000,0.020717,1.291878
3.980000,0.524649,0.033632,0.402660,0.940161,-0.339775,-0.013130,0.021880,0.166960,1.921710,1.000000,0.020587,1.291040
3.985000,0.524703,0.033461,0.402711,0.940096,-0.339957,-0.013118,0.021850,0.166960,1.921608,1.000000,0.020443,1.290196
3.990000,0.524756,0.033291,0.402762,0.940030,-0.340139,-0.013106,0.021820,0.166960,1.921506,1.000000,0.020286,1.289351
3.995000,0.524809,0.033121,0.402813,0.939965,-0.340321,-0.013094,0.021790,0.166960,1.921405,1.000000,0.020115,1.288507
4.000000,0.524861,0.032952,0.402862,0.939900,-0.340503,-0.013083,0.021760,0.166960,1.921305,1.000000,0.019930,1.287662
4.005000,0.524912,0.032783,0.402910,0.939835,-0.340685,-0.013071,0.021730,0.166960,1.921206,1.000000,0.019714,1.286258
4.010000,0.524963,0.032615,0.402957,0.939770,-0.340867,-0.013059,0.021700,0.166960,1.921109,1.000000,0.019489,1.284936
4.015000,0.525013,0.032447,0.403003,0.939705,-0.341048,-0.013048,0.021671,0.166960,1.921012,1.000000,0.019254,1.283618
4.020000,0.525063,0.032279,0.403049,0.939641,-0.341229,-0.013035,0.021642,0.166960,1.920917,1.000000,0.019009,1.282289
4.025000,0.525112,0.032111,0.403093,0.939576,-0.341410,-0.013023,0.021613,0.166960,1.920822,1.000000,0.018753,1.280935
4.030000,0.525161,0.031944,0.403136,0.939511,-0.341591,-0.013010,0.021584,0.166960,1.920730,1.000000,0.018489,1.279582
4.035000,0.525209,0.031776,0.403177,0.939446,-0.341772,-0.012997,0.021556,0.166960,1.920638,1.000000,0.018217,1.278231
4.040000,0.525257,0.031608,0.403218,0.939381,-0.341953,-0.012984,0.021528,0.166960,1.920548,1.000000,0.017918,1.276868
4.045000,0.525304,0.031440,0.403257,0.939316,-0.342134,-0.012970,0.021501,0.166960,1.920460,1.000000,0.017615,1.275502
4.050000,0.525351,0.031271,0.403295,0.939251,-0.342314,-0.012956,0.021474,0.166960,1.920373,1.000000,0.017306,1.274137
4.055000,0.525398,0.031102,0.403332,0.939186,-0.342495,-0.012941,0.021448,0.166960,1.920287,1.000000,0.016988,1.272774
4.060000,0.525444,0.030933,0.403367,0.939121,-0.342675,-0.012926,0.021423,0.166960,1.920203,1.000000,0.016664,1.271371
4.065000,0.525490,0.030763,0.403402,0.939056,-0.342856,-0.012910,0.021398,0.166960,1.920121,1.000000,0.016333,1.269955
4.070000,0.525536,0.030592,0.403435,0.938991,-0.343036,-0.012893,0.021374,0.166960,1.920041,1.000000,0.015995,1.268540
4.075000,0.525581,0.030421,0.403467,0.938925,-0.343216,-0.012877,0.021350,0.166960,1.919962,1.000000,0.015631,1.267640
4.080000,0.525626,0.030249,0.403498,0.938860,-0.343397,-0.012859,0.021327,0.166960,1.919885,1.000000,0.015269,1.266629
4.085000,0.525671,0.030076,0.403527,0.938795,-0.343577,-0.012841,0.021305,0.166960,1.919810,1.000000,0.014902,1.265619
4.090000,0.525715,0.029903,0.403555,0.938730,-0.343758,-0.012822,0.021283,0.166960,1.919737,1.000000,0.014527,1.264610
4.095000,0.525759,0.029728,0.403582,0.938664,-0.343939,-0.012803,0.021262,0.166960,1.919666,1.000000,0.014144,1.263601
4.100000,0.525803,0.029553,0.403608,0.938598,-0.344120,-0.012783,0.021241,0.166960,1.919596,1.000000,0.013751,1.262582
4.105000,0.525846,0.029376,0.403633,0.938533,-0.344301,-0.012762,0.021222,0.166960,1.919529,1.000000,0.013351,1.261565
4.110000,0.525889,0.029198,0.403657,0.938467,-0.344482,-0.012741,0.021202,0.166960,1.919464,1.000000,0.012912,1.261373
4.115000,0.525932,0.029019,0.403679,0.938401,-0.344664,-0.012719,0.021184,0.166960,1.919401,1.000000,0.012484,1.261027
4.120000,0.525974,0.028839,0.403700,0.938335,-0.344846,-0.012696,0.021165,0.166960,1.919340,1.000000,0.012053,1.260645
4.125000,0.526016,0.028657,0.403720,0.938268,-0.345028,-0.012673,0.021148,0.166960,1.919281,1.000000,0.011616,1.260267
4.130000,0.526058,0.028474,0.403739,0.938202,-0.345211,-0.012649,0.021131,0.166960,1.919225,1.000000,0.011170,1.259894
4.135000,0.526099,0.028289,0.403756,0.938135,-0.345394,-0.012625,0.021115,0.166960,1.919171,1.000000,0.010714,1.259522
4.140000,0.526140,0.028103,0.403773,0.938068,-0.345578,-0.012600,0.021099,0.166960,1.919119,1.000000,0.010249,1.259154
4.145000,0.526181,0.027915,0.403787,0.938001,-0.345763,-0.012575,0.021084,0.166960,1.919069,1.000000,0.009744,1.260055
4.150000,0.526221,0.027725,0.403801,0.937933,-0.345948,-0.012549,0.021069,0.166960,1.919023,1.000000,0.009249,1.260766
4.155000,0.526261,0.027533,0.403813,0.937865,-0.346133,-0.012523,0.021055,0.166960,1.918978,1.000000,0.008749,1.261428
4.160000,0.526301,0.027340,0.403823,0.937797,-0.346320,-0.012497,0.021042,0.166960,1.918936,1.000000,0.008240,1.262093
4.165000,0.526340,0.027144,0.403832,0.937729,-0.346507,-0.012470,0.021029,0.166960,1.918897,1.000000,0.007718,1.262767
4.170000,0.526379,0.026947,0.403840,0.937660,-0.346695,-0.012444,0.021016,0.166960,1.918861,1.000000,0.007184,1.263447
4.175000,0.526418,0.026747,0.403845,0.937591,-0.346884,-0.012417,0.021004,0.166960,1.918827,1.000000,0.006606,1.265377
4.180000,0.526456,0.026545,0.403850,0.937521,-0.347074,-0.012390,0.020992,0.166960,1.918796,1.000000,0.006028,1.267119
4.185000,0.526494,0.026341,0.403852,0.937451,-0.347264,-0.012363,0.020981,0.166960,1.918768,1.000000,0.005435,1.268870
4.190000,0.526531,0.026134,0.403853,0.937381,-0.347456,-0.012336,0.020970,0.166960,1.918743,1.000000,0.004826,1.270609
4.195000,0.526568,0.025925,0.403852,0.937310,-0.347649,-0.012309,0.020959,0.166960,1.918722,1.000000,0.004199,1.272319
4.200000,0.526604,0.025714,0.403849,0.937238,-0.347843,-0.012283,0.020949,0.166960,1.918703,1.000000,0.003594,1.274039
4.205000,0.526641,0.025500,0.403844,0.937167,-0.348037,-0.012256,0.020939,0.166960,1.918687,1.000000,0.003054,1.275771
4.210000,0.526677,0.025283,0.403838,0.937095,-0.348232,-0.012231,0.020930,0.166960,1.918674,1.000000,0.002534,1.278062
4.215000,0.526713,0.025064,0.403830,0.937022,-0.348428,-0.012206,0.020922,0.166960,1.918663,1.000000,0.002057,1.280276
4.220000,0.526750,0.024843,0.403821,0.936950,-0.348625,-0.012182,0.020915,0.166960,1.918655,1.000000,0.001601,1.282501
4.225000,0.526787,0.024619,0.403811,0.936877,-0.348822,-0.012158,0.020909,0.166960,1.918649,1.000000,0.001170,1.284739
4.230000,0.526824,0.024393,0.403799,0.936803,-0.349021,-0.012136,0.020904,0.166960,1.918645,1.000000,0.000780,1.286951
4.235000,0.526861,0.024164,0.403785,0.936729,-0.349221,-0.012114,0.020900,0.166960,1.918643,1.000000,0.000430,1.289166
4.240000,0.526898,0.023933,0.403771,0.936654,-0.349423,-0.012093,0.020897,0.166960,1.918642,1.000000,0.000108,1.291394
4.245000,0.526936,0.023699,0.403755,0.936578,-0.349627,-0.012072,0.020894,0.166960,1.918643,1.000000,-0.000255,1.294108
4.250000,0.526974,0.023462,0.403738,0.936502,-0.349832,-0.012052,0.020893,0.166960,1.918646,1.000000,-0.000610,1.296696
4.255000,0.527013,0.023223,0.403719,0.936424,-0.350040,-0.012033,0.020892,0.166960,1.918650,1.000000,-0.000971,1.299297
4.260000,0.527051,0.022981,0.403700,0.936346,-0.350250,-0.012015,0.020893,0.166960,1.918655,1.000000,-0.001342,1.301915
4.265000,0.527090,0.022736,0.403679,0.936267,-0.350462,-0.011997,0.020894,0.166960,1.918662,1.000000,-0.001724,1.304547
4.270000,0.527130,0.022488,0.403658,0.936187,-0.350676,-0.011980,0.020895,0.166960,1.918670,1.000000,-0.002120,1.307192
4.275000,0.527169,0.022238,0.403635,0.936106,-0.350892,-0.011963,0.020897,0.166960,1.918680,1.000000,-0.002527,1.309853
4.280000,0.527209,0.021985,0.403611,0.936024,-0.351111,-0.011947,0.020900,0.166960,1.918692,1.000000,-0.003034,1.313320
4.285000,0.527249,0.021729,0.403587,0.935942,-0.351331,-0.011931,0.020903,0.166960,1.918707,1.000000,-0.003545,1.316664
4.290000,0.527289,0.021470,0.403562,0.935858,-0.351554,-0.011915,0.020907,0.166960,1.918723,1.000000,-0.004074,1.320004
4.295000,0.527330,0.021208,0.403535,0.935774,-0.351780,-0.011900,0.020912,0.166960,1.918741,1.000000,-0.004619,1.323368
4.300000,0.527371,0.020943,0.403509,0.935688,-0.352007,-0.011885,0.020917,0.166960,1.918762,1.000000,-0.005179,1.326753
4.305000,0.527412,0.020674,0.403482,0.935601,-0.352237,-0.011870,0.020922,0.166960,1.918785,1.000000,-0.005754,1.330122
4.310000,0.527453,0.020403,0.403454,0.935514,-0.352470,-0.011856,0.020928,0.166960,1.918810,1.000000,-0.006342,1.333496
4.315000,0.527494,0.020129,0.403425,0.935426,-0.352705,-0.011841,0.020934,0.166960,1.918838,1.000000,-0.007048,1.337663
4.320000,0.527536,0.019851,0.403397,0.935336,-0.352942,-0.011827,0.020940,0.166960,1.918869,1.000000,-0.007761,1.341741
4.325000,0.527578,0.019571,0.403368,0.935245,-0.353182,-0.011812,0.020947,0.166960,1.918902,1.000000,-0.008500,1.345835
4.330000,0.527620,0.019287,0.403338,0.935154,-0.353425,-0.011798,0.020954,0.166960,1.918939,1.000000,-0.009258,1.349960
4.335000,0.527662,0.019000,0.403309,0.935061,-0.353670,-0.011783,0.020961,0.166960,1.918979,1.000000,-0.010036,1.354117
4.340000,0.527704,0.018709,0.403279,0.934968,-0.353917,-0.011768,0.020969,0.166960,1.919022,1.000000,-0.010831,1.358292
4.345000,0.527746,0.018415,0.403250,0.934873,-0.354168,-0.011752,0.020977,0.166960,1.919069,1.000000,-0.011746,1.363427
4.350000,0.527788,0.018117,0.403220,0.934777,-0.354421,-0.011737,0.020984,0.166960,1.919119,1.000000,-0.012669,1.368446
4.355000,0.527831,0.017817,0.403191,0.934680,-0.354676,-0.011721,0.020992,0.166960,1.919173,1.000000,-0.013614,1.373502
4.360000,0.527873,0.017512,0.403161,0.934582,-0.354935,-0.011705,0.021000,0.166960,1.919231,1.000000,-0.014582,1.378594
4.365000,0.527916,0.017204,0.403132,0.934483,-0.355196,-0.011688,0.021008,0.166960,1.919293,1.000000,-0.015574,1.383724
4.370000,0.527959,0.016892,0.403103,0.934382,-0.355460,-0.011671,0.021016,0.166960,1.919359,1.000000,-0.016586,1.388891
4.375000,0.528001,0.016577,0.403074,0.934281,-0.355727,-0.011654,0.021023,0.166960,1.919429,1.000000,-0.017617,1.394096
4.380000,0.528044,0.016259,0.403046,0.934178,-0.355997,-0.011637,0.021030,0.166960,1.919503,1.000000,-0.018736,1.400050
4.385000,0.528086,0.015936,0.403017,0.934074,-0.356270,-0.011619,0.021038,0.166960,1.919582,1.000000,-0.019866,1.405906
4.390000,0.528129,0.015610,0.402989,0.933969,-0.356545,-0.011601,0.021044,0.166960,1.919666,1.000000,-0.021018,1.411801
4.395000,0.528171,0.015281,0.402962,0.933863,-0.356824,-0.011583,0.021051,0.166960,1.919754,1.000000,-0.022189,1.417737
4.400000,0.528213,0.014948,0.402934,0.933755,-0.357105,-0.011565,0.021057,0.166960,1.919847,1.000000,-0.023380,1.423725
4.405000,0.528255,0.014611,0.402907,0.933647,-0.357389,-0.011547,0.021062,0.166960,1.919945,1.000000,-0.024589,1.429754
4.410000,0.528297,0.014271,0.402880,0.933537,-0.357676,-0.011528,0.021067,0.166960,1.920048,1.000000,-0.025816,1.435823
4.415000,0.528339,0.013927,0.402854,0.933426,-0.357966,-0.011510,0.021071,0.166960,1.920155,1.000000,-0.027058,1.441886
4.420000,0.528381,0.013580,0.402827,0.933314,-0.358258,-0.011491,0.021075,0.166960,1.920268,1.000000,-0.028320,1.447953
4.425000,0.528423,0.013229,0.402801,0.933201,-0.358554,-0.011473,0.021078,0.166960,1.920386,1.000000,-0.029597,1.454059
4.430000,0.528464,0.012875,0.402776,0.933086,-0.358852,-0.011454,0.021080,0.166960,1.920509,1.000000,-0.030890,1.460202
4.435000,0.528505,0.012517,0.402751,0.932971,-0.359152,-0.011436,0.021081,0.166960,1.920637,1.000000,-0.032198,1.466381
4.440000,0.528546,0.012156,0.402726,0.932854,-0.359456,-0.011417,0.021081,0.166960,1.920770,1.000000,-0.033524,1.472596
4.445000,0.528587,0.011792,0.402702,0.932736,-0.359762,-0.011399,0.021081,0.166960,1.920909,1.000000,-0.034862,1.478848
4.450000,0.528627,0.011425,0.402678,0.932618,-0.360070,-0.011381,0.021079,0.166960,1.921053,1.000000,-0.036167,1.484770
4.455000,0.528667,0.011054,0.402655,0.932498,-0.360381,-0.011363,0.021077,0.166960,1.921202,1.000000,-0.037485,1.490727
4.460000,0.528706,0.010681,0.402632,0.932377,-0.360694,-0.011345,0.021073,0.166960,1.921357,1.000000,-0.038807,1.496676
4.465000,0.528746,0.010304,0.402610,0.932255,-0.361010,-0.011327,0.021068,0.166960,1.921517,1.000000,-0.040135,1.502658
4.470000,0.528784,0.009925,0.402588,0.932132,-0.361328,-0.011309,0.021062,0.166960,1.921682,1.000000,-0.041469,1.508672
4.475000,0.528823,0.009544,0.402567,0.932009,-0.361648,-0.011292,0.021055,0.166960,1.921853,1.000000,-0.042811,1.514709
4.480000,0.528861,0.009159,0.402546,0.931884,-0.361970,-0.011275,0.021047,0.166960,1.922029,1.000000,-0.044158,1.520778
4.485000,0.528898,0.008772,0.402526,0.931758,-0.362294,-0.011258,0.021037,0.166960,1.922210,1.000000,-0.045421,1.526351
4.490000,0.528935,0.008383,0.402507,0.931632,-0.362621,-0.011241,0.021026,0.166960,1.922396,1.000000,-0.046687,1.532032
4.495000,0.528971,0.007991,0.402488,0.931505,-0.362949,-0.011225,0.021014,0.166960,1.922587,1.000000,-0.047948,1.537708
4.500000,0.529007,0.007598,0.402470,0.931377,-0.363278,-0.011209,0.021000,0.166960,1.922783,1.000000,-0.049203,1.543411
4.505000,0.529042,0.007202,0.402452,0.931248,-0.363610,-0.011194,0.020985,0.166960,1.922985,1.000000,-0.050450,1.549141
4.510000,0.529077,0.006805,0.402435,0.931118,-0.363942,-0.011179,0.020968,0.166960,1.923191,1.000000,-0.051691,1.554871
4.515000,0.529111,0.006406,0.402419,0.930988,-0.364277,-0.011164,0.020949,0.166960,1.923402,1.000000,-0.052808,1.559912
4.520000,0.529144,0.006006,0.402403,0.930857,-0.364612,-0.011151,0.020929,0.166960,1.923617,1.000000,-0.053920,1.565077
4.525000,0.529177,0.005604,0.402388,0.930726,-0.364949,-0.011138,0.020907,0.166960,1.923837,1.000000,-0.055012,1.570264
4.530000,0.529209,0.005201,0.402374,0.930594,-0.365287,-0.011125,0.020884,0.166960,1.924061,1.000000,-0.056090,1.575476
4.535000,0.529240,0.004797,0.402360,0.930462,-0.365625,-0.011114,0.020859,0.166960,1.924289,1.000000,-0.057155,1.580712
4.540000,0.529270,0.004392,0.402346,0.930329,-0.365965,-0.011103,0.020832,0.166960,1.924521,1.000000,-0.058204,1.585969
4.545000,0.529300,0.003987,0.402333,0.930196,-0.366305,-0.011093,0.020804,0.166960,1.924758,1.000000,-0.059238,1.591246
4.550000,0.529329,0.003581,0.402321,0.930063,-0.366646,-0.011084,0.020774,0.166960,1.924999,1.000000,-0.060161,1.595966
4.555000,0.529357,0.003174,0.402309,0.929929,-0.366987,-0.011076,0.020743,0.166960,1.925243,1.000000,-0.061069,1.600769
4.560000,0.529385,0.002768,0.402298,0.929795,-0.367329,-0.011068,0.020710,0.166960,1.925490,1.000000,-0.061952,1.605588
4.565000,0.529411,0.002361,0.402287,0.929660,-0.367671,-0.011061,0.020675,0.166960,1.925741,1.000000,-0.062813,1.610422
4.570000,0.529437,0.001954,0.402277,0.929526,-0.368013,-0.011056,0.020639,0.166960,1.925996,1.000000,-0.063658,1.615251
4.575000,0.529462,0.001547,0.402267,0.929391,-0.368356,-0.011051,0.020601,0.166960,1.926254,1.000000,-0.064481,1.620096
4.580000,0.529486,0.001141,0.402258,0.929256,-0.368698,-0.011047,0.020562,0.166960,1.926515,1.000000,-0.065286,1.624957
4.585000,0.529509,0.000735,0.402249,0.929121,-0.369040,-0.011044,0.020521,0.166960,1.926779,1.000000,-0.065978,1.629280
4.590000,0.529531,0.000329,0.402240,0.928986,-0.369382,-0.011041,0.020479,0.166960,1.927046,1.000000,-0.066652,1.633638
4.595000,0.529553,-0.000076,0.402232,0.928851,-0.369724,-0.011040,0.020436,0.166960,1.927315,1.000000,-0.067299,1.638010
4.600000,0.529574,-0.000480,0.402225,0.928716,-0.370066,-0.011040,0.020391,0.166960,1.927587,1.000000,-0.067920,1.642394
4.605000,0.529594,-0.000883,0.402218,0.928581,-0.370407,-0.011040,0.020344,0.166960,1.927861,1.000000,-0.068523,1.646797
4.610000,0.529613,-0.001285,0.402211,0.928446,-0.370747,-0.011041,0.020297,0.166960,1.928138,1.000000,-0.069107,1.651217
4.615000,0.529631,-0.001686,0.402205,0.928312,-0.371087,-0.011044,0.020248,0.166960,1.928417,1.000000,-0.069671,1.655650
4.620000,0.529648,-0.002086,0.402199,0.928177,-0.371426,-0.011047,0.020198,0.166960,1.928698,1.000000,-0.070143,1.659784
4.625000,0.529665,-0.002485,0.402194,0.928043,-0.371764,-0.011050,0.020148,0.166960,1.928981,1.000000,-0.070594,1.663909
4.630000,0.529681,-0.002882,0.402188,0.927909,-0.372102,-0.011055,0.020096,0.166960,1.929265,1.000000,-0.071019,1.668036
4.635000,0.529696,-0.003277,0.402184,0.927775,-0.372438,-0.011061,0.020042,0.166960,1.929551,1.000000,-0.071420,1.672174
4.640000,0.529710,-0.003671,0.402179,0.927641,-0.372774,-0.011068,0.019988,0.166960,1.929839,1.000000,-0.071800,1.676318
4.645000,0.529723,-0.004063,0.402175,0.927507,-0.373108,-0.011075,0.019933,0.166960,1.930128,1.000000,-0.072165,1.680452
4.650000,0.529735,-0.004454,0.402171,0.927374,-0.373442,-0.011083,0.019878,0.166960,1.930419,1.000000,-0.072512,1.684597
4.655000,0.529747,-0.004843,0.402167,0.927242,-0.373774,-0.011093,0.019821,0.166960,1.930710,1.000000,-0.072772,1.688524
4.660000,0.529758,-0.005230,0.402164,0.927109,-0.374105,-0.011103,0.019764,0.166960,1.931003,1.000000,-0.073013,1.692483
4.665000,0.529768,-0.005614,0.402160,0.926977,-0.374435,-0.011114,0.019706,0.166960,1.931296,1.000000,-0.073231,1.696437
4.670000,0.529777,-0.005997,0.402157,0.926845,-0.374764,-0.011126,0.019647,0.166960,1.931591,1.000000,-0.073429,1.700399
4.675000,0.529786,-0.006378,0.402154,0.926714,-0.375091,-0.011138,0.019588,0.166960,1.931886,1.000000,-0.073608,1.704370
4.680000,0.529794,-0.006756,0.402151,0.926583,-0.375417,-0.011152,0.019528,0.166960,1.932182,1.000000,-0.073775,1.708324
4.685000,0.529801,-0.007133,0.402148,0.926453,-0.375741,-0.011167,0.019468,0.166960,1.932478,1.000000,-0.073862,1.711936
4.690000,0.529807,-0.007507,0.402145,0.926323,-0.376064,-0.011183,0.019407,0.166960,1.932774,1.000000,-0.073933,1.715609
4.695000,0.529813,-0.007878,0.402142,0.926193,-0.376386,-0.011199,0.019346,0.166960,1.933071,1.000000,-0.073984,1.719290
4.700000,0.529818,-0.008248,0.402138,0.926064,-0.376706,-0.011217,0.019284,0.166960,1.933368,1.000000,-0.074023,1.722949
4.705000,0.529822,-0.008615,0.402135,0.925936,-0.377025,-0.011236,0.019223,0.166960,1.933665,1.000000,-0.074048,1.726615
4.710000,0.529825,-0.008979,0.402132,0.925808,-0.377341,-0.011255,0.019161,0.166960,1.933962,1.000000,-0.074061,1.730289
4.715000,0.529828,-0.009341,0.402128,0.925680,-0.377657,-0.011275,0.019099,0.166960,1.934259,1.000000,-0.074065,1.733954
4.720000,0.529831,-0.009701,0.402125,0.925553,-0.377971,-0.011297,0.019037,0.166960,1.934556,1.000000,-0.073996,1.737098
4.725000,0.529832,-0.010058,0.402121,0.925426,-0.378283,-0.011319,0.018975,0.166960,1.934853,1.000000,-0.073918,1.740325
4.730000,0.529833,-0.010413,0.402117,0.925300,-0.378593,-0.011342,0.018913,0.166960,1.935149,1.000000,-0.073827,1.743559
4.735000,0.529833,-0.010765,0.402113,0.925175,-0.378902,-0.011365,0.018850,0.166960,1.935445,1.000000,-0.073729,1.746804
4.740000,0.529833,-0.011114,0.402109,0.925050,-0.379209,-0.011390,0.018789,0.166960,1.935740,1.000000,-0.073625,1.750060
4.745000,0.529832,-0.011461,0.402104,0.924926,-0.379514,-0.011415,0.018727,0.166960,1.936035,1.000000,-0.073514,1.753322
4.750000,0.529831,-0.011806,0.402099,0.924802,-0.379818,-0.011441,0.018665,0.166960,1.936330,1.000000,-0.073397,1.756590
4.755000,0.529829,-0.012147,0.402094,0.924679,-0.380120,-0.011468,0.018604,0.166960,1.936624,1.000000,-0.073225,1.759403
4.760000,0.529827,-0.012487,0.402089,0.924556,-0.380420,-0.011496,0.018543,0.166960,1.936917,1.000000,-0.073047,1.762278
4.765000,0.529824,-0.012823,0.402084,0.924434,-0.380719,-0.011524,0.018483,0.166960,1.937210,1.000000,-0.072862,1.765160
4.770000,0.529820,-0.013157,0.402078,0.924313,-0.381016,-0.011552,0.018423,0.166960,1.937501,1.000000,-0.072670,1.768043
4.775000,0.529816,-0.013489,0.402073,0.924192,-0.381311,-0.011582,0.018363,0.166960,1.937792,1.000000,-0.072478,1.770910
4.780000,0.529812,-0.013818,0.402067,0.924072,-0.381604,-0.011612,0.018304,0.166960,1.938082,1.000000,-0.072282,1.773783
4.785000,0.529807,-0.014144,0.402060,0.923952,-0.381896,-0.011642,0.018245,0.166960,1.938372,1.000000,-0.072081,1.776661
4.790000,0.529801,-0.014468,0.402054,0.923833,-0.382186,-0.011673,0.018188,0.166960,1.938660,1.000000,-0.071817,1.779288
4.795000,0.529795,-0.014789,0.402047,0.923714,-0.382475,-0.011705,0.018130,0.166960,1.938947,1.000000,-0.071537,1.781933
4.800000,0.529788,-0.015108,0.402040,0.923595,-0.382762,-0.011738,0.018074,0.166960,1.939233,1.000000,-0.071238,1.784582
4.805000,0.529780,-0.015425,0.402033,0.923477,-0.383048,-0.011772,0.018019,0.166960,1.939518,1.000000,-0.070925,1.787236
4.810000,0.529772,-0.015739,0.402026,0.923360,-0.383333,-0.011807,0.017965,0.166960,1.939802,1.000000,-0.070608,1.789917
4.815000,0.529762,-0.016050,0.402018,0.923243,-0.383617,-0.011842,0.017912,0.166960,1.940084,1.000000,-0.070293,1.792610
4.820000,0.529752,-0.016360,0.402011,0.923126,-0.383900,-0.011879,0.017861,0.166960,1.940365,1.000000,-0.069999,1.795308
4.825000,0.529741,-0.016667,0.402003,0.923009,-0.384181,-0.011917,0.017811,0.166960,1.940645,1.000000,-0.069645,1.797482
4.830000,0.529730,-0.016971,0.401995,0.922893,-0.384461,-0.011955,0.017762,0.166960,1.940923,1.000000,-0.069314,1.799691
4.835000,0.529717,-0.017274,0.401986,0.922777,-0.384740,-0.011993,0.017715,0.166960,1.941200,1.000000,-0.068985,1.801903
4.840000,0.529704,-0.017574,0.401978,0.922661,-0.385018,-0.012033,0.017670,0.166960,1.941476,1.000000,-0.068652,1.804119
4.845000,0.529691,-0.017872,0.401969,0.922546,-0.385294,-0.012072,0.017626,0.166960,1.941750,1.000000,-0.068318,1.806342
4.850000,0.529677,-0.018168,0.401960,0.922432,-0.385570,-0.012113,0.017584,0.166960,1.942023,1.000000,-0.067982,1.808575
4.855000,0.529662,-0.018462,0.401951,0.922317,-0.385843,-0.012154,0.017544,0.166960,1.942294,1.000000,-0.067553,1.810395
4.860000,0.529647,-0.018753,0.401941,0.922204,-0.386116,-0.012195,0.017505,0.166960,1.942564,1.000000,-0.067117,1.812284
4.865000,0.529631,-0.019042,0.401931,0.922090,-0.386387,-0.012238,0.017467,0.166960,1.942832,1.000000,-0.066670,1.814166
4.870000,0.529615,-0.019329,0.401920,0.921977,-0.386656,-0.012281,0.017431,0.166960,1.943098,1.000000,-0.066210,1.816046
4.875000,0.529598,-0.019613,0.401909,0.921865,-0.386924,-0.012326,0.017396,0.166960,1.943362,1.000000,-0.065740,1.817931
4.880000,0.529580,-0.019894,0.401897,0.921753,-0.387190,-0.012371,0.017363,0.166960,1.943624,1.000000,-0.065262,1.819819
4.885000,0.529562,-0.020174,0.401885,0.921642,-0.387455,-0.012417,0.017331,0.166960,1.943884,1.000000,-0.064783,1.821730
4.890000,0.529543,-0.020450,0.401872,0.921531,-0.387719,-0.012464,0.017301,0.166960,1.944142,1.000000,-0.064240,1.823708
4.895000,0.529524,-0.020725,0.401859,0.921421,-0.387981,-0.012513,0.017272,0.166960,1.944398,1.000000,-0.063686,1.825681
4.900000,0.529504,-0.020996,0.401844,0.921311,-0.388242,-0.012563,0.017245,0.166960,1.944652,1.000000,-0.063120,1.827646
4.905000,0.529483,-0.021266,0.401829,0.921201,-0.388501,-0.012614,0.017219,0.166960,1.944904,1.000000,-0.062545,1.829593
4.910000,0.529462,-0.021532,0.401813,0.921092,-0.388759,-0.012667,0.017195,0.166960,1.945153,1.000000,-0.061963,1.831545
4.915000,0.529440,-0.021797,0.401796,0.920984,-0.389015,-0.012721,0.017172,0.166960,1.945400,1.000000,-0.061376,1.833503
4.920000,0.529418,-0.022059,0.401778,0.920875,-0.389270,-0.012777,0.017151,0.166960,1.945644,1.000000,-0.060790,1.835469
4.925000,0.529395,-0.022318,0.401759,0.920768,-0.389523,-0.012835,0.017132,0.166960,1.945886,1.000000,-0.060141,1.837198
4.930000,0.529371,-0.022574,0.401739,0.920661,-0.389775,-0.012895,0.017114,0.166960,1.946125,1.000000,-0.059488,1.838977
4.935000,0.529347,-0.022829,0.401717,0.920554,-0.390026,-0.012956,0.017098,0.166960,1.946362,1.000000,-0.058826,1.840767
4.940000,0.529322,-0.023080,0.401694,0.920448,-0.390275,-0.013019,0.017083,0.166960,1.946596,1.000000,-0.058164,1.842588
4.945000,0.529297,-0.023329,0.401670,0.920342,-0.390522,-0.013085,0.017070,0.166960,1.946827,1.000000,-0.057500,1.844420
4.950000,0.529271,-0.023575,0.401644,0.920237,-0.390768,-0.013152,0.017059,0.166960,1.947056,1.000000,-0.056835,1.846261
4.955000,0.529244,-0.023819,0.401617,0.920133,-0.391012,-0.013222,0.017049,0.166960,1.947282,1.000000,-0.056174,1.848104
4.960000,0.529217,-0.024060,0.401589,0.920028,-0.391255,-0.013294,0.017041,0.166960,1.947505,1.000000,-0.055438,1.848917
4.965000,0.529189,-0.024298,0.401559,0.919925,-0.391496,-0.013367,0.017035,0.166960,1.947725,1.000000,-0.054710,1.849905
4.970000,0.529161,-0.024534,0.401527,0.919822,-0.391736,-0.013443,0.017030,0.166960,1.947943,1.000000,-0.053980,1.850908
4.975000,0.529133,-0.024767,0.401494,0.919720,-0.391974,-0.013521,0.017026,0.166960,1.948157,1.000000,-0.053254,1.851961
4.980000,0.529104,-0.024997,0.401459,0.919618,-0.392210,-0.013601,0.017024,0.166960,1.948369,1.000000,-0.052531,1.853041
4.985000,0.529075,-0.025225,0.401423,0.919517,-0.392444,-0.013683,0.017024,0.166960,1.948577,1.000000,-0.051812,1.854135
4.990000,0.529045,-0.025450,0.401384,0.919416,-0.392676,-0.013767,0.017025,0.166960,1.948783,1.000000,-0.051099,1.855240
4.995000,0.529016,-0.025672,0.401345,0.919316,-0.392906,-0.013854,0.017027,0.166960,1.948986,1.000000,-0.050319,1.854900
5.000000,0.528986,-0.025891,0.401303,0.919217,-0.393135,-0.013942,0.017031,0.166960,1.949185,1.000000,-0.049554,1.854801
5.005000,0.528956,-0.026107,0.401260,0.919119,-0.393361,-0.014032,0.017036,0.166960,1.949382,1.000000,-0.048794,1.854716
5.010000,0.528925,-0.026320,0.401215,0.919021,-0.393586,-0.014123,0.017043,0.166960,1.949575,1.000000,-0.048040,1.854656
5.015000,0.528895,-0.026531,0.401168,0.918925,-0.393808,-0.014216,0.017051,0.166960,1.949766,1.000000,-0.047295,1.854623
5.020000,0.528865,-0.026739,0.401120,0.918829,-0.394028,-0.014311,0.017060,0.166960,1.949954,1.000000,-0.046557,1.854603
5.025000,0.528834,-0.026944,0.401071,0.918734,-0.394246,-0.014407,0.017070,0.166960,1.950138,1.000000,-0.045755,1.853182
5.030000,0.528804,-0.027145,0.401020,0.918639,-0.394461,-0.014505,0.017081,0.166960,1.950319,1.000000,-0.044947,1.852006
5.035000,0.528774,-0.027344,0.400967,0.918546,-0.394674,-0.014604,0.017094,0.166960,1.950497,1.000000,-0.044118,1.850846
5.040000,0.528743,-0.027540,0.400913,0.918453,-0.394885,-0.014704,0.017107,0.166960,1.950672,1.000000,-0.043280,1.849697
5.045000,0.528713,-0.027732,0.400858,0.918362,-0.395094,-0.014806,0.017121,0.166960,1.950843,1.000000,-0.042439,1.848557
5.050000,0.528682,-0.027922,0.400802,0.918271,-0.395300,-0.014910,0.017136,0.166960,1.951011,1.000000,-0.041604,1.847420
5.055000,0.528652,-0.028108,0.400744,0.918181,-0.395504,-0.015014,0.017151,0.166960,1.951175,1.000000,-0.040774,1.846293
5.060000,0.528621,-0.028291,0.400685,0.918092,-0.395706,-0.015120,0.017168,0.166960,1.951336,1.000000,-0.039919,1.844362
5.065000,0.528590,-0.028471,0.400626,0.918004,-0.395905,-0.015227,0.017185,0.166960,1.951494,1.000000,-0.039084,1.842610
5.070000,0.528560,-0.028648,0.400565,0.917917,-0.396103,-0.015335,0.017204,0.166960,1.951648,1.000000,-0.038264,1.840906
5.075000,0.528529,-0.028822,0.400503,0.917831,-0.396298,-0.015444,0.017223,0.166960,1.951800,1.000000,-0.037456,1.839213
5.080000,0.528498,-0.028993,0.400441,0.917745,-0.396491,-0.015554,0.017243,0.166960,1.951947,1.000000,-0.036660,1.837530
5.085000,0.528467,-0.029161,0.400378,0.917660,-0.396681,-0.015664,0.017264,0.166960,1.952092,1.000000,-0.035878,1.835838
5.090000,0.528436,-0.029326,0.400314,0.917577,-0.396870,-0.015775,0.017286,0.166960,1.952234,1.000000,-0.035104,1.834154
5.095000,0.528405,-0.029488,0.400250,0.917494,-0.397056,-0.015887,0.017309,0.166960,1.952373,1.000000,-0.034332,1.832338
5.100000,0.528374,-0.029647,0.400185,0.917412,-0.397240,-0.015999,0.017332,0.166960,1.952508,1.000000,-0.033580,1.830563
5.105000,0.528343,-0.029803,0.400120,0.917330,-0.397422,-0.016112,0.017355,0.166960,1.952641,1.000000,-0.032851,1.828821
5.110000,0.528312,-0.029957,0.400055,0.917250,-0.397602,-0.016226,0.017379,0.166960,1.952771,1.000000,-0.032144,1.827089
5.115000,0.528281,-0.030107,0.399989,0.917171,-0.397779,-0.016340,0.017402,0.166960,1.952898,1.000000,-0.031457,1.825369
5.120000,0.528249,-0.030256,0.399923,0.917092,-0.397955,-0.016455,0.017426,0.166960,1.953022,1.000000,-0.030792,1.823681
5.125000,0.528218,-0.030401,0.399857,0.917014,-0.398129,-0.016570,0.017451,0.166960,1.953144,1.000000,-0.030147,1.822015
5.130000,0.528186,-0.030544,0.399791,0.916936,-0.398301,-0.016686,0.017475,0.166960,1.953263,1.000000,-0.029530,1.820786
5.135000,0.528154,-0.030685,0.399726,0.916860,-0.398472,-0.016801,0.017500,0.166960,1.953380,1.000000,-0.028926,1.819501
5.140000,0.528121,-0.030824,0.399660,0.916784,-0.398641,-0.016918,0.017526,0.166960,1.953494,1.000000,-0.028339,1.818237
5.145000,0.528088,-0.030960,0.399595,0.916708,-0.398808,-0.017034,0.017552,0.166960,1.953606,1.000000,-0.027768,1.816984
5.150000,0.528055,-0.031094,0.399530,0.916633,-0.398975,-0.017151,0.017578,0.166960,1.953716,1.000000,-0.027213,1.815742
5.155000,0.528021,-0.031227,0.399465,0.916558,-0.399140,-0.017268,0.017606,0.166960,1.953824,1.000000,-0.026677,1.814530
5.160000,0.527987,-0.031357,0.399401,0.916484,-0.399304,-0.017386,0.017633,0.166960,1.953929,1.000000,-0.026159,1.813358
5.165000,0.527953,-0.031485,0.399337,0.916410,-0.399467,-0.017503,0.017662,0.166960,1.954033,1.000000,-0.025686,1.813200
5.170000,0.527917,-0.031612,0.399273,0.916337,-0.399629,-0.017621,0.017691,0.166960,1.954135,1.000000,-0.025218,1.812894
5.175000,0.527881,-0.031736,0.399210,0.916264,-0.399790,-0.017740,0.017720,0.166960,1.954235,1.000000,-0.024765,1.812600
5.180000,0.527845,-0.031860,0.399148,0.916191,-0.399951,-0.017859,0.017751,0.166960,1.954333,1.000000,-0.024329,1.812318
5.185000,0.527807,-0.031981,0.399085,0.916118,-0.400111,-0.017978,0.017782,0.166960,1.954429,1.000000,-0.023911,1.812047
5.190000,0.527769,-0.032102,0.399024,0.916045,-0.400271,-0.018099,0.017814,0.166960,1.954524,1.000000,-0.023513,1.811793
5.195000,0.527730,-0.032221,0.398962,0.915972,-0.400431,-0.018219,0.017847,0.166960,1.954617,1.000000,-0.023148,1.812274
5.200000,0.527691,-0.032338,0.398902,0.915899,-0.400590,-0.018341,0.017881,0.166960,1.954709,1.000000,-0.022789,1.812656
5.205000,0.527650,-0.032455,0.398841,0.915826,-0.400749,-0.018463,0.017916,0.166960,1.954800,1.000000,-0.022445,1.813047
5.210000,0.527608,-0.032570,0.398781,0.915753,-0.400909,-0.018586,0.017951,0.166960,1.954889,1.000000,-0.022120,1.813458
5.215000,0.527565,-0.032684,0.398722,0.915680,-0.401068,-0.018710,0.017988,0.166960,1.954977,1.000000,-0.021814,1.813888
5.220000,0.527522,-0.032798,0.398663,0.915607,-0.401228,-0.018835,0.018025,0.166960,1.955064,1.000000,-0.021528,1.814329
5.225000,0.527477,-0.032910,0.398605,0.915534,-0.401388,-0.018961,0.018063,0.166960,1.955149,1.000000,-0.021264,1.814780
5.230000,0.527431,-0.033022,0.398546,0.915460,-0.401548,-0.019088,0.018102,0.166960,1.955234,1.000000,-0.021016,1.815163
5.235000,0.527385,-0.033132,0.398489,0.915386,-0.401708,-0.019215,0.018141,0.166960,1.955318,1.000000,-0.020788,1.815576
5.240000,0.527337,-0.033243,0.398432,0.915312,-0.401869,-0.019344,0.018182,0.166960,1.955401,1.000000,-0.020600,1.815998
5.245000,0.527289,-0.033352,0.398375,0.915238,-0.402030,-0.019473,0.018222,0.166960,1.955483,1.000000,-0.020459,1.816432
5.250000,0.527240,-0.033461,0.398319,0.915164,-0.402191,-0.019602,0.018264,0.166960,1.955565,1.000000,-0.020361,1.816881
5.255000,0.527189,-0.033569,0.398263,0.915089,-0.402353,-0.019733,0.018305,0.166960,1.955646,1.000000,-0.020305,1.817339
5.260000,0.527138,-0.033677,0.398207,0.915014,-0.402515,-0.019863,0.018347,0.166960,1.955727,1.000000,-0.020288,1.817808
5.265000,0.527086,-0.033785,0.398152,0.914939,-0.402677,-0.019994,0.018388,0.166960,1.955809,1.000000,-0.020308,1.817934
5.270000,0.527032,-0.033892,0.398097,0.914863,-0.402841,-0.020125,0.018430,0.166960,1.955890,1.000000,-0.020374,1.818132
5.275000,0.526978,-0.033999,0.398042,0.914787,-0.403004,-0.020256,0.018472,0.166960,1.955972,1.000000,-0.020480,1.818340
5.280000,0.526923,-0.034106,0.397988,0.914711,-0.403168,-0.020387,0.018513,0.166960,1.956055,1.000000,-0.020618,1.818558
5.285000,0.526868,-0.034213,0.397934,0.914635,-0.403333,-0.020518,0.018555,0.166960,1.956138,1.000000,-0.020787,1.818805
5.290000,0.526811,-0.034319,0.397880,0.914558,-0.403498,-0.020648,0.018596,0.166960,1.956222,1.000000,-0.020983,1.819061
5.295000,0.526754,-0.034426,0.397827,0.914482,-0.403664,-0.020778,0.018637,0.166960,1.956306,1.000000,-0.021202,1.819326
5.300000,0.526695,-0.034533,0.397774,0.914404,-0.403830,-0.020908,0.018677,0.166960,1.956392,1.000000,-0.021447,1.819383
5.305000,0.526636,-0.034640,0.397722,0.914327,-0.403997,-0.021037,0.018717,0.166960,1.956478,1.000000,-0.021725,1.819517
5.310000,0.526577,-0.034747,0.397669,0.914249,-0.404164,-0.021165,0.018757,0.166960,1.956566,1.000000,-0.022028,1.819659
5.315000,0.526516,-0.034855,0.397617,0.914171,-0.404332,-0.021292,0.018796,0.166960,1.956655,1.000000,-0.022351,1.819810
5.320000,0.526456,-0.034963,0.397566,0.914093,-0.404500,-0.021419,0.018834,0.166960,1.956746,1.000000,-0.022690,1.819943
5.325000,0.526394,-0.035071,0.397515,0.914014,-0.404669,-0.021545,0.018872,0.166960,1.956837,1.000000,-0.023044,1.820078
5.330000,0.526332,-0.035179,0.397464,0.913936,-0.404839,-0.021669,0.018910,0.166960,1.956931,1.000000,-0.023411,1.820221
5.335000,0.526269,-0.035288,0.397413,0.913857,-0.405009,-0.021793,0.018947,0.166960,1.957025,1.000000,-0.023799,1.820549
5.340000,0.526206,-0.035397,0.397363,0.913777,-0.405179,-0.021916,0.018984,0.166960,1.957122,1.000000,-0.024198,1.820867
5.345000,0.526142,-0.035507,0.397313,0.913698,-0.405351,-0.022037,0.019019,0.166960,1.957220,1.000000,-0.024609,1.821193
5.350000,0.526078,-0.035618,0.397264,0.913618,-0.405522,-0.022158,0.019055,0.166960,1.957319,1.000000,-0.025030,1.821526
5.355000,0.526013,-0.035728,0.397215,0.913538,-0.405695,-0.022278,0.019090,0.166960,1.957420,1.000000,-0.025460,1.821896
5.360000,0.525947,-0.035840,0.397166,0.913457,-0.405868,-0.022397,0.019124,0.166960,1.957524,1.000000,-0.025897,1.822295
5.365000,0.525881,-0.035952,0.397117,0.913376,-0.406042,-0.022515,0.019157,0.166960,1.957628,1.000000,-0.026360,1.823269
5.370000,0.525814,-0.036065,0.397069,0.913295,-0.406217,-0.022632,0.019190,0.166960,1.957735,1.000000,-0.026822,1.824160
5.375000,0.525747,-0.036178,0.397021,0.913213,-0.406392,-0.022748,0.019222,0.166960,1.957844,1.000000,-0.027289,1.825043
5.380000,0.525678,-0.036292,0.396973,0.913131,-0.406569,-0.022864,0.019254,0.166960,1.957954,1.000000,-0.027762,1.825930
5.385000,0.525609,-0.036406,0.396926,0.913048,-0.406746,-0.022979,0.019285,0.166960,1.958067,1.000000,-0.028240,1.826824
5.390000,0.525540,-0.036522,0.396879,0.912966,-0.406925,-0.023094,0.019316,0.166960,1.958181,1.000000,-0.028725,1.827734
5.395000,0.525469,-0.036638,0.396832,0.912882,-0.407104,-0.023208,0.019345,0.166960,1.958297,1.000000,-0.029216,1.828670
5.400000,0.525398,-0.036755,0.396785,0.912798,-0.407284,-0.023321,0.019374,0.166960,1.958416,1.000000,-0.029726,1.830052
5.405000,0.525326,-0.036872,0.396738,0.912714,-0.407465,-0.023434,0.019403,0.166960,1.958536,1.000000,-0.030233,1.831370
5.410000,0.525253,-0.036990,0.396691,0.912629,-0.407648,-0.023546,0.019430,0.166960,1.958658,1.000000,-0.030745,1.832714
5.415000,0.525179,-0.037109,0.396645,0.912543,-0.407831,-0.023659,0.019457,0.166960,1.958783,1.000000,-0.031260,1.834074
5.420000,0.525105,-0.037229,0.396598,0.912457,-0.408016,-0.023771,0.019483,0.166960,1.958909,1.000000,-0.031780,1.835439
5.425000,0.525029,-0.037350,0.396552,0.912371,-0.408201,-0.023882,0.019509,0.166960,1.959038,1.000000,-0.032304,1.836809
5.430000,0.524953,-0.037471,0.396506,0.912284,-0.408388,-0.023994,0.019533,0.166960,1.959169,1.000000,-0.032832,1.838156
5.435000,0.524875,-0.037593,0.396460,0.912196,-0.408576,-0.024105,0.019557,0.166960,1.959302,1.000000,-0.033354,1.839162
5.440000,0.524797,-0.037716,0.396413,0.912108,-0.408765,-0.024216,0.019580,0.166960,1.959436,1.000000,-0.033880,1.840227
5.445000,0.524718,-0.037840,0.396367,0.912020,-0.408955,-0.024326,0.019602,0.166960,1.959573,1.000000,-0.034409,1.841305
5.450000,0.524639,-0.037964,0.396321,0.911931,-0.409146,-0.024436,0.019623,0.166960,1.959713,1.000000,-0.034939,1.842398
5.455000,0.524558,-0.038089,0.396276,0.911841,-0.409337,-0.024546,0.019644,0.166960,1.959854,1.000000,-0.035468,1.843496
5.460000,0.524477,-0.038215,0.396230,0.911751,-0.409530,-0.024655,0.019663,0.166960,1.959997,1.000000,-0.035995,1.844598
5.465000,0.524395,-0.038341,0.396184,0.911661,-0.409724,-0.024764,0.019682,0.166960,1.960143,1.000000,-0.036520,1.845717
5.470000,0.524312,-0.038469,0.396139,0.911570,-0.409919,-0.024872,0.019700,0.166960,1.960290,1.000000,-0.037003,1.845724
5.475000,0.524229,-0.038597,0.396093,0.911479,-0.410114,-0.024979,0.019716,0.166960,1.960439,1.000000,-0.037491,1.845912
5.480000,0.524145,-0.038725,0.396048,0.911387,-0.410310,-0.025086,0.019732,0.166960,1.960591,1.000000,-0.037973,1.846105
5.485000,0.524061,-0.038854,0.396003,0.911295,-0.410507,-0.025191,0.019747,0.166960,1.960744,1.000000,-0.038444,1.846292
5.490000,0.523976,-0.038984,0.395959,0.911203,-0.410704,-0.025296,0.019761,0.166960,1.960899,1.000000,-0.038903,1.846482
5.495000,0.523891,-0.039115,0.395915,0.911111,-0.410902,-0.025399,0.019774,0.166960,1.961056,1.000000,-0.039349,1.846676
5.500000,0.523805,-0.039246,0.395871,0.911019,-0.411100,-0.025502,0.019787,0.166960,1.961215,1.000000,-0.039780,1.846896
5.505000,0.523719,-0.039377,0.395828,0.910926,-0.411298,-0.025603,0.019798,0.166960,1.961375,1.000000,-0.040156,1.846066
5.510000,0.523633,-0.039509,0.395785,0.910833,-0.411497,-0.025703,0.019808,0.166960,1.961536,1.000000,-0.040523,1.845411
5.515000,0.523547,-0.039641,0.395743,0.910740,-0.411696,-0.025801,0.019818,0.166960,1.961699,1.000000,-0.040872,1.844762
5.520000,0.523460,-0.039774,0.395702,0.910648,-0.411895,-0.025898,0.019826,0.166960,1.961864,1.000000,-0.041200,1.844104
5.525000,0.523374,-0.039907,0.395661,0.910555,-0.412093,-0.025993,0.019834,0.166960,1.962029,1.000000,-0.041506,1.843445
5.530000,0.523287,-0.040040,0.395621,0.910462,-0.412292,-0.026087,0.019840,0.166960,1.962196,1.000000,-0.041791,1.842791
5.535000,0.523201,-0.040174,0.395581,0.910369,-0.412491,-0.026179,0.019846,0.166960,1.962364,1.000000,-0.042023,1.841658
5.540000,0.523114,-0.040307,0.395542,0.910277,-0.412689,-0.026269,0.019851,0.166960,1.962533,1.000000,-0.042228,1.840659
5.545000,0.523028,-0.040441,0.395504,0.910184,-0.412887,-0.026358,0.019855,0.166960,1.962702,1.000000,-0.042403,1.839665
5.550000,0.522941,-0.040574,0.395467,0.910092,-0.413085,-0.026446,0.019859,0.166960,1.962872,1.000000,-0.042550,1.838676
5.555000,0.522855,-0.040708,0.395431,0.910000,-0.413282,-0.026532,0.019861,0.166960,1.963043,1.000000,-0.042672,1.837679
5.560000,0.522769,-0.040841,0.395395,0.909908,-0.413479,-0.026616,0.019863,0.166960,1.963214,1.000000,-0.042769,1.836675
5.565000,0.522682,-0.040974,0.395361,0.909816,-0.413676,-0.026700,0.019864,0.166960,1.963385,1.000000,-0.042844,1.835674
5.570000,0.522596,-0.041107,0.395327,0.909724,-0.413872,-0.026782,0.019864,0.166960,1.963557,1.000000,-0.042889,1.835008
5.575000,0.522509,-0.041240,0.395293,0.909633,-0.414068,-0.026863,0.019864,0.166960,1.963729,1.000000,-0.042892,1.834306
5.580000,0.522422,-0.041372,0.395261,0.909541,-0.414264,-0.026943,0.019863,0.166960,1.963900,1.000000,-0.042864,1.833609
5.585000,0.522335,-0.041504,0.395229,0.909450,-0.414459,-0.027023,0.019861,0.166960,1.964072,1.000000,-0.042812,1.832915
5.590000,0.522248,-0.041635,0.395198,0.909359,-0.414654,-0.027102,0.019859,0.166960,1.964243,1.000000,-0.042741,1.832235
5.595000,0.522161,-0.041766,0.395168,0.909267,-0.414849,-0.027180,0.019856,0.166960,1.964414,1.000000,-0.042656,1.831600
5.600000,0.522073,-0.041896,0.395138,0.909176,-0.415043,-0.027259,0.019852,0.166960,1.964584,1.000000,-0.042557,1.830968
5.605000,0.521984,-0.042026,0.395109,0.909085,-0.415238,-0.027336,0.019848,0.166960,1.964754,1.000000,-0.042460,1.831070
5.610000,0.521895,-0.042155,0.395081,0.908995,-0.415432,-0.027414,0.019843,0.166960,1.964924,1.000000,-0.042334,1.831042
5.615000,0.521806,-0.042283,0.395053,0.908904,-0.415626,-0.027492,0.019838,0.166960,1.965093,1.000000,-0.042194,1.831003
5.620000,0.521716,-0.042411,0.395025,0.908813,-0.415820,-0.027571,0.019832,0.166960,1.965262,1.000000,-0.042046,1.830966
5.625000,0.521625,-0.042538,0.394999,0.908722,-0.416014,-0.027649,0.019826,0.166960,1.965430,1.000000,-0.041892,1.830933
5.630000,0.521533,-0.042664,0.394972,0.908631,-0.416207,-0.027728,0.019819,0.166960,1.965597,1.000000,-0.041739,1.830929
5.635000,0.521441,-0.042789,0.394946,0.908540,-0.416401,-0.027808,0.019812,0.166960,1.965764,1.000000,-0.041585,1.830930
5.640000,0.521348,-0.042913,0.394920,0.908448,-0.416595,-0.027888,0.019804,0.166960,1.965930,1.000000,-0.041440,1.831242
5.645000,0.521254,-0.043037,0.394895,0.908357,-0.416789,-0.027968,0.019796,0.166960,1.966096,1.000000,-0.041289,1.831521
5.650000,0.521159,-0.043159,0.394870,0.908266,-0.416983,-0.028050,0.019788,0.166960,1.966261,1.000000,-0.041139,1.831834
5.655000,0.521063,-0.043281,0.394845,0.908174,-0.417177,-0.028131,0.019779,0.166960,1.966425,1.000000,-0.040992,1.832151
5.660000,0.520966,-0.043402,0.394820,0.908083,-0.417371,-0.028214,0.019769,0.166960,1.966589,1.000000,-0.040851,1.832473
5.665000,0.520868,-0.043523,0.394796,0.907991,-0.417566,-0.028297,0.019759,0.166960,1.966752,1.000000,-0.040715,1.832781
5.670000,0.520769,-0.043642,0.394772,0.907899,-0.417760,-0.028381,0.019748,0.166960,1.966915,1.000000,-0.040587,1.833082
5.675000,0.520669,-0.043760,0.394748,0.907807,-0.417955,-0.028466,0.019737,0.166960,1.967077,1.000000,-0.040469,1.833460
5.680000,0.520568,-0.043878,0.394724,0.907715,-0.418150,-0.028552,0.019726,0.166960,1.967239,1.000000,-0.040348,1.833831
5.685000,0.520466,-0.043995,0.394700,0.907623,-0.418345,-0.028638,0.019714,0.166960,1.967400,1.000000,-0.040232,1.834223
5.690000,0.520363,-0.044110,0.394676,0.907530,-0.418540,-0.028725,0.019701,0.166960,1.967561,1.000000,-0.040122,1.834620
5.695000,0.520258,-0.044225,0.394653,0.907438,-0.418735,-0.028813,0.019688,0.166960,1.967721,1.000000,-0.040020,1.835022
5.700000,0.520153,-0.044339,0.394629,0.907345,-0.418931,-0.028902,0.019674,0.166960,1.967881,1.000000,-0.039927,1.835437
5.705000,0.520046,-0.044453,0.394606,0.907252,-0.419127,-0.028992,0.019660,0.166960,1.968041,1.000000,-0.039851,1.836372
5.710000,0.519938,-0.044565,0.394582,0.907159,-0.419323,-0.029083,0.019645,0.166960,1.968201,1.000000,-0.039765,1.837236
5.715000,0.519829,-0.044676,0.394559,0.907065,-0.419519,-0.029175,0.019630,0.166960,1.968360,1.000000,-0.039681,1.838106
5.720000,0.519718,-0.044786,0.394535,0.906971,-0.419716,-0.029269,0.019614,0.166960,1.968518,1.000000,-0.039603,1.838972
5.725000,0.519606,-0.044896,0.394511,0.906877,-0.419914,-0.029363,0.019597,0.166960,1.968677,1.000000,-0.039535,1.839840
5.730000,0.519492,-0.045004,0.394488,0.906783,-0.420112,-0.029459,0.019580,0.166960,1.968835,1.000000,-0.039478,1.840715
5.735000,0.519377,-0.045111,0.394464,0.906688,-0.420310,-0.029556,0.019562,0.166960,1.968993,1.000000,-0.039439,1.841599
5.740000,0.519260,-0.045218,0.394440,0.906593,-0.420509,-0.029655,0.019543,0.166960,1.969151,1.000000,-0.039413,1.842796
5.745000,0.519142,-0.045323,0.394415,0.906497,-0.420709,-0.029755,0.019524,0.166960,1.969309,1.000000,-0.039389,1.843963
5.750000,0.519022,-0.045428,0.394390,0.906402,-0.420909,-0.029856,0.019504,0.166960,1.969467,1.000000,-0.039376,1.845139
5.755000,0.518900,-0.045531,0.394365,0.906306,-0.421109,-0.029959,0.019483,0.166960,1.969625,1.000000,-0.039376,1.846313
5.760000,0.518777,-0.045633,0.394340,0.906209,-0.421311,-0.030063,0.019462,0.166960,1.969782,1.000000,-0.039392,1.847476
5.765000,0.518652,-0.045735,0.394314,0.906112,-0.421512,-0.030169,0.019440,0.166960,1.969940,1.000000,-0.039427,1.848650
5.770000,0.518525,-0.045835,0.394287,0.906015,-0.421715,-0.030276,0.019418,0.166960,1.970098,1.000000,-0.039481,1.849834
5.775000,0.518397,-0.045934,0.394261,0.905917,-0.421918,-0.030384,0.019395,0.166960,1.970257,1.000000,-0.039541,1.850639
5.780000,0.518267,-0.046032,0.394233,0.905819,-0.422121,-0.030493,0.019371,0.166960,1.970415,1.000000,-0.039616,1.851528
5.785000,0.518135,-0.046129,0.394205,0.905721,-0.422325,-0.030603,0.019347,0.166960,1.970574,1.000000,-0.039704,1.852429
5.790000,0.518002,-0.046226,0.394176,0.905622,-0.422530,-0.030715,0.019322,0.166960,1.970734,1.000000,-0.039807,1.853341
5.795000,0.517867,-0.046321,0.394147,0.905523,-0.422735,-0.030827,0.019297,0.166960,1.970893,1.000000,-0.039925,1.854280
5.800000,0.517731,-0.046414,0.394118,0.905424,-0.422941,-0.030940,0.019271,0.166960,1.971054,1.000000,-0.040057,1.855228
5.805000,0.517593,-0.046507,0.394087,0.905324,-0.423147,-0.031054,0.019245,0.166960,1.971215,1.000000,-0.040203,1.856187
5.810000,0.517453,-0.046599,0.394056,0.905224,-0.423353,-0.031168,0.019218,0.166960,1.971376,1.000000,-0.040367,1.857071
5.815000,0.517312,-0.046690,0.394025,0.905124,-0.423560,-0.031283,0.019191,0.166960,1.971538,1.000000,-0.040540,1.857974
5.820000,0.517170,-0.046781,0.393993,0.905023,-0.423768,-0.031399,0.019164,0.166960,1.971701,1.000000,-0.040724,1.858888
5.825000,0.517026,-0.046870,0.393961,0.904922,-0.423977,-0.031515,0.019137,0.166960,1.971865,1.000000,-0.040919,1.859813
5.830000,0.516881,-0.046959,0.393928,0.904821,-0.424186,-0.031632,0.019110,0.166960,1.972029,1.000000,-0.041124,1.860747
5.835000,0.516735,-0.047048,0.393896,0.904719,-0.424396,-0.031749,0.019083,0.166960,1.972195,1.000000,-0.041339,1.861691
5.840000,0.516587,-0.047136,0.393863,0.904616,-0.424607,-0.031867,0.019056,0.166960,1.972361,1.000000,-0.041564,1.862646
5.845000,0.516438,-0.047223,0.393829,0.904513,-0.424819,-0.031985,0.019029,0.166960,1.972528,1.000000,-0.041778,1.863125
5.850000,0.516289,-0.047311,0.393796,0.904410,-0.425031,-0.032104,0.019002,0.166960,1.972696,1.000000,-0.042003,1.863698
5.855000,0.516138,-0.047398,0.393762,0.904306,-0.425244,-0.032223,0.018976,0.166960,1.972865,1.000000,-0.042234,1.864281
5.860000,0.515986,-0.047484,0.393728,0.904202,-0.425457,-0.032341,0.018949,0.166960,1.973035,1.000000,-0.042469,1.864874
5.865000,0.515834,-0.047570,0.393694,0.904098,-0.425671,-0.032461,0.018922,0.166960,1.973205,1.000000,-0.042707,1.865471
5.870000,0.515680,-0.047656,0.393660,0.903993,-0.425885,-0.032580,0.018896,0.166960,1.973377,1.000000,-0.042949,1.866072
5.875000,0.515526,-0.047741,0.393626,0.903888,-0.426100,-0.032699,0.018869,0.166960,1.973550,1.000000,-0.043155,1.865759
5.880000,0.515372,-0.047827,0.393591,0.903783,-0.426314,-0.032818,0.018843,0.166960,1.973723,1.000000,-0.043367,1.865598
5.885000,0.515217,-0.047911,0.393557,0.903678,-0.426529,-0.032936,0.018816,0.166960,1.973897,1.000000,-0.043576,1.865439
5.890000,0.515061,-0.047996,0.393522,0.903573,-0.426745,-0.033054,0.018789,0.166960,1.974072,1.000000,-0.043780,1.865283
5.895000,0.514905,-0.048080,0.393487,0.903467,-0.426960,-0.033172,0.018762,0.166960,1.974248,1.000000,-0.043978,1.865135
5.900000,0.514749,-0.048164,0.393452,0.903362,-0.427175,-0.033289,0.018735,0.166960,1.974425,1.000000,-0.044169,1.864997
5.905000,0.514592,-0.048248,0.393418,0.903256,-0.427390,-0.033406,0.018708,0.166960,1.974602,1.000000,-0.044354,1.864899
5.910000,0.514435,-0.048331,0.393383,0.903151,-0.427605,-0.033522,0.018681,0.166960,1.974780,1.000000,-0.044523,1.864492
5.915000,0.514277,-0.048414,0.393348,0.903045,-0.427820,-0.033638,0.018654,0.166960,1.974959,1.000000,-0.044684,1.864142
5.920000,0.514120,-0.048496,0.393313,0.902940,-0.428035,-0.033753,0.018627,0.166960,1.975138,1.000000,-0.044843,1.863784
5.925000,0.513962,-0.048578,0.393278,0.902834,-0.428249,-0.033868,0.018599,0.166960,1.975318,1.000000,-0.044999,1.863411
5.930000,0.513804,-0.048660,0.393244,0.902729,-0.428463,-0.033983,0.018571,0.166960,1.975499,1.000000,-0.045154,1.863046
5.935000,0.513646,-0.048742,0.393208,0.902624,-0.428677,-0.034098,0.018542,0.166960,1.975680,1.000000,-0.045305,1.862688
5.940000,0.513488,-0.048823,0.393173,0.902518,-0.428891,-0.034213,0.018513,0.166960,1.975862,1.000000,-0.045455,1.862365
5.945000,0.513330,-0.048904,0.393138,0.902413,-0.429104,-0.034327,0.018484,0.166960,1.976045,1.000000,-0.045573,1.861432
5.950000,0.513171,-0.048984,0.393102,0.902308,-0.429317,-0.034442,0.018455,0.166960,1.976227,1.000000,-0.045686,1.860605
5.955000,0.513013,-0.049065,0.393067,0.902203,-0.429530,-0.034556,0.018425,0.166960,1.976411,1.000000,-0.045790,1.859786
5.960000,0.512855,-0.049145,0.393032,0.902099,-0.429741,-0.034670,0.018394,0.166960,1.976594,1.000000,-0.045885,1.858960
5.965000,0.512697,-0.049224,0.392996,0.901994,-0.429953,-0.034783,0.018363,0.166960,1.976778,1.000000,-0.045971,1.858141
5.970000,0.512539,-0.049304,0.392961,0.901890,-0.430164,-0.034897,0.018332,0.166960,1.976963,1.000000,-0.046048,1.857329
5.975000,0.512381,-0.049383,0.392925,0.901786,-0.430374,-0.035010,0.018301,0.166960,1.977147,1.000000,-0.046116,1.856525
5.980000,0.512224,-0.049461,0.392890,0.901682,-0.430583,-0.035122,0.018269,0.166960,1.977332,1.000000,-0.046134,1.854846
5.985000,0.512066,-0.049540,0.392855,0.901579,-0.430792,-0.035234,0.018236,0.166960,1.977517,1.000000,-0.046152,1.853311
5.990000,0.511909,-0.049618,0.392820,0.901475,-0.431000,-0.035346,0.018203,0.166960,1.977701,1.000000,-0.046161,1.851782
5.995000,0.511753,-0.049696,0.392786,0.901373,-0.431208,-0.035456,0.018170,0.166960,1.977886,1.000000,-0.046159,1.850245
6.000000,0.511597,-0.049773,0.392751,0.901270,-0.431414,-0.035566,0.018136,0.166960,1.978071,1.000000,-0.046145,1.848707
6.005000,0.511441,-0.049850,0.392717,0.901168,-0.431619,-0.035675,0.018102,0.166960,1.978256,1.000000,-0.046119,1.847174
6.010000,0.511286,-0.049927,0.392683,0.901067,-0.431823,-0.035783,0.018068,0.166960,1.978440,1.000000,-0.046081,1.845645
6.015000,0.511131,-0.050004,0.392650,0.900966,-0.432027,-0.035891,0.018033,0.166960,1.978625,1.000000,-0.046036,1.844192
6.020000,0.510977,-0.050080,0.392617,0.900865,-0.432229,-0.035997,0.017998,0.166960,1.978809,1.000000,-0.045978,1.842733
6.025000,0.510823,-0.050156,0.392585,0.900765,-0.432431,-0.036103,0.017962,0.166960,1.978993,1.000000,-0.045907,1.841278
6.030000,0.510670,-0.050231,0.392553,0.900665,-0.432631,-0.036209,0.017926,0.166960,1.979176,1.000000,-0.045826,1.839822
6.035000,0.510517,-0.050306,0.392521,0.900566,-0.432831,-0.036313,0.017889,0.166960,1.979360,1.000000,-0.045735,1.838359
6.040000,0.510364,-0.050381,0.392490,0.900467,-0.433030,-0.036417,0.017852,0.166960,1.979542,1.000000,-0.045636,1.836901
6.045000,0.510212,-0.050455,0.392460,0.900368,-0.433227,-0.036521,0.017815,0.166960,1.979725,1.000000,-0.045527,1.835534
6.050000,0.510060,-0.050529,0.392429,0.900270,-0.433424,-0.036624,0.017777,0.166960,1.979907,1.000000,-0.045407,1.834157
6.055000,0.509909,-0.050602,0.392400,0.900172,-0.433620,-0.036726,0.017739,0.166960,1.980088,1.000000,-0.045278,1.832784
6.060000,0.509757,-0.050675,0.392371,0.900075,-0.433815,-0.036828,0.017700,0.166960,1.980269,1.000000,-0.045142,1.831419
6.065000,0.509606,-0.050747,0.392342,0.899978,-0.434009,-0.036930,0.017661,0.166960,1.980450,1.000000,-0.045000,1.830059
6.070000,0.509455,-0.050818,0.392314,0.899881,-0.434202,-0.037031,0.017622,0.166960,1.980630,1.000000,-0.044857,1.828717
6.075000,0.509304,-0.050889,0.392286,0.899785,-0.434395,-0.037132,0.017582,0.166960,1.980809,1.000000,-0.044710,1.827382
6.080000,0.509153,-0.050959,0.392259,0.899689,-0.434586,-0.037233,0.017541,0.166960,1.980987,1.000000,-0.044524,1.825409
6.085000,0.509003,-0.051029,0.392232,0.899594,-0.434777,-0.037333,0.017500,0.166960,1.981165,1.000000,-0.044333,1.823528
6.090000,0.508852,-0.051098,0.392206,0.899499,-0.434966,-0.037432,0.017459,0.166960,1.981342,1.000000,-0.044133,1.821622
6.095000,0.508702,-0.051166,0.392181,0.899404,-0.435155,-0.037532,0.017417,0.166960,1.981518,1.000000,-0.043926,1.819722
6.100000,0.508552,-0.051234,0.392156,0.899310,-0.435342,-0.037630,0.017375,0.166960,1.981694,1.000000,-0.043714,1.817829
6.105000,0.508403,-0.051300,0.392132,0.899217,-0.435529,-0.037728,0.017332,0.166960,1.981868,1.000000,-0.043499,1.815960
6.110000,0.508253,-0.051366,0.392108,0.899124,-0.435714,-0.037826,0.017288,0.166960,1.982042,1.000000,-0.043281,1.814107
6.115000,0.508104,-0.051432,0.392085,0.899031,-0.435898,-0.037923,0.017245,0.166960,1.982215,1.000000,-0.043041,1.812097
6.120000,0.507955,-0.051496,0.392062,0.898939,-0.436082,-0.038019,0.017200,0.166960,1.982386,1.000000,-0.042789,1.810120
6.125000,0.507806,-0.051559,0.392040,0.898848,-0.436264,-0.038116,0.017155,0.166960,1.982557,1.000000,-0.042529,1.808093
6.130000,0.507657,-0.051622,0.392018,0.898757,-0.436445,-0.038211,0.017110,0.166960,1.982726,1.000000,-0.042262,1.806070
6.135000,0.507509,-0.051684,0.391997,0.898666,-0.436624,-0.038307,0.017064,0.166960,1.982895,1.000000,-0.041992,1.804055
6.140000,0.507361,-0.051745,0.391977,0.898576,-0.436803,-0.038402,0.017018,0.166960,1.983062,1.000000,-0.041719,1.802051
6.145000,0.507212,-0.051805,0.391957,0.898486,-0.436981,-0.038497,0.016971,0.166960,1.983229,1.000000,-0.041447,1.800069
6.150000,0.507064,-0.051864,0.391937,0.898397,-0.437157,-0.038591,0.016924,0.166960,1.983394,1.000000,-0.041174,1.798329
6.155000,0.506916,-0.051922,0.391918,0.898309,-0.437333,-0.038685,0.016876,0.166960,1.983558,1.000000,-0.040895,1.796561
6.160000,0.506768,-0.051979,0.391900,0.898221,-0.437507,-0.038779,0.016828,0.166960,1.983721,1.000000,-0.040613,1.794797
6.165000,0.506620,-0.052035,0.391882,0.898133,-0.437680,-0.038873,0.016779,0.166960,1.983883,1.000000,-0.040333,1.793039
6.170000,0.506472,-0.052090,0.391864,0.898046,-0.437853,-0.038967,0.016730,0.166960,1.984044,1.000000,-0.040056,1.791290
6.175000,0.506325,-0.052144,0.391847,0.897959,-0.438024,-0.039061,0.016681,0.166960,1.984204,1.000000,-0.039783,1.789551
6.180000,0.506177,-0.052197,0.391830,0.897873,-0.438195,-0.039155,0.016631,0.166960,1.984362,1.000000,-0.039516,1.787791
6.185000,0.506029,-0.052248,0.391814,0.897787,-0.438364,-0.039249,0.016582,0.166960,1.984520,1.000000,-0.039233,1.785635
6.190000,0.505881,-0.052299,0.391797,0.897702,-0.438532,-0.039342,0.016531,0.166960,1.984676,1.000000,-0.038957,1.783551
6.195000,0.505733,-0.052349,0.391782,0.897617,-0.438700,-0.039436,0.016481,0.166960,1.984832,1.000000,-0.038686,1.781474
6.200000,0.505585,-0.052398,0.391766,0.897532,-0.438866,-0.039529,0.016430,0.166960,1.984986,1.000000,-0.038420,1.779390
6.205000,0.505437,-0.052446,0.391751,0.897448,-0.439031,-0.039622,0.016379,0.166960,1.985139,1.000000,-0.038161,1.777316
6.210000,0.505289,-0.052493,0.391736,0.897365,-0.439195,-0.039714,0.016328,0.166960,1.985291,1.000000,-0.037907,1.775251
6.215000,0.505141,-0.052538,0.391722,0.897282,-0.439358,-0.039806,0.016276,0.166960,1.985442,1.000000,-0.037644,1.772758
6.220000,0.504994,-0.052583,0.391708,0.897199,-0.439520,-0.039898,0.016225,0.166960,1.985592,1.000000,-0.037390,1.770351
6.225000,0.504847,-0.052627,0.391694,0.897118,-0.439681,-0.039988,0.016173,0.166960,1.985741,1.000000,-0.037143,1.767953
6.230000,0.504700,-0.052670,0.391680,0.897036,-0.439841,-0.040079,0.016121,0.166960,1.985889,1.000000,-0.036901,1.765564
6.235000,0.504553,-0.052713,0.391667,0.896955,-0.439999,-0.040168,0.016069,0.166960,1.986037,1.000000,-0.036664,1.763139
6.240000,0.504406,-0.052754,0.391654,0.896875,-0.440157,-0.040257,0.016017,0.166960,1.986183,1.000000,-0.036433,1.760707
6.245000,0.504260,-0.052794,0.391641,0.896795,-0.440313,-0.040346,0.015965,0.166960,1.986328,1.000000,-0.036208,1.758283
6.250000,0.504114,-0.052834,0.391629,0.896716,-0.440468,-0.040433,0.015913,0.166960,1.986472,1.000000,-0.036005,1.756361
6.255000,0.503968,-0.052873,0.391617,0.896637,-0.440622,-0.040521,0.015861,0.166960,1.986616,1.000000,-0.035808,1.754382
6.260000,0.503822,-0.052910,0.391605,0.896559,-0.440775,-0.040607,0.015809,0.166960,1.986759,1.000000,-0.035620,1.752411
6.265000,0.503676,-0.052948,0.391593,0.896481,-0.440928,-0.040694,0.015756,0.166960,1.986901,1.000000,-0.035441,1.750450
6.270000,0.503530,-0.052984,0.391582,0.896404,-0.441079,-0.040779,0.015704,0.166960,1.987043,1.000000,-0.035271,1.748490
6.275000,0.503384,-0.053019,0.391571,0.896327,-0.441230,-0.040865,0.015652,0.166960,1.987184,1.000000,-0.035111,1.746518
6.280000,0.503239,-0.053054,0.391559,0.896250,-0.441379,-0.040950,0.015600,0.166960,1.987324,1.000000,-0.034959,1.744556
6.285000,0.503093,-0.053088,0.391548,0.896174,-0.441528,-0.041034,0.015549,0.166960,1.987463,1.000000,-0.034823,1.743018
6.290000,0.502947,-0.053121,0.391538,0.896098,-0.441677,-0.041119,0.015497,0.166960,1.987602,1.000000,-0.034696,1.741417
6.295000,0.502801,-0.053153,0.391527,0.896022,-0.441824,-0.041203,0.015445,0.166960,1.987741,1.000000,-0.034581,1.739820
6.300000,0.502656,-0.053185,0.391516,0.895946,-0.441971,-0.041286,0.015394,0.166960,1.987879,1.000000,-0.034478,1.738235
6.305000,0.502510,-0.053216,0.391506,0.895871,-0.442118,-0.041370,0.015343,0.166960,1.988017,1.000000,-0.034388,1.736661
6.310000,0.502363,-0.053246,0.391495,0.895796,-0.442263,-0.041453,0.015292,0.166960,1.988155,1.000000,-0.034311,1.735075
6.315000,0.502217,-0.053276,0.391484,0.895722,-0.442408,-0.041536,0.015241,0.166960,1.988292,1.000000,-0.034247,1.733497
6.320000,0.502071,-0.053304,0.391473,0.895647,-0.442553,-0.041619,0.015190,0.166960,1.988429,1.000000,-0.034185,1.731647
6.325000,0.501924,-0.053333,0.391463,0.895573,-0.442697,-0.041702,0.015140,0.166960,1.988566,1.000000,-0.034137,1.729855
6.330000,0.501778,-0.053360,0.391452,0.895499,-0.442841,-0.041784,0.015089,0.166960,1.988702,1.000000,-0.034101,1.728091
6.335000,0.501632,-0.053388,0.391441,0.895425,-0.442983,-0.041866,0.015039,0.166960,1.988839,1.000000,-0.034077,1.726337
6.340000,0.501485,-0.053414,0.391430,0.895352,-0.443126,-0.041947,0.014989,0.166960,1.988975,1.000000,-0.034063,1.724594
6.345000,0.501338,-0.053440,0.391418,0.895279,-0.443267,-0.042028,0.014940,0.166960,1.989111,1.000000,-0.034060,1.722848
6.350000,0.501192,-0.053466,0.391407,0.895206,-0.443409,-0.042108,0.014890,0.166960,1.989248,1.000000,-0.034066,1.721095
6.355000,0.501045,-0.053491,0.391396,0.895133,-0.443549,-0.042188,0.014841,0.166960,1.989384,1.000000,-0.034105,1.719884
6.360000,0.500899,-0.053515,0.391384,0.895061,-0.443690,-0.042267,0.014792,0.166960,1.989521,1.000000,-0.034160,1.718599
6.365000,0.500752,-0.053540,0.391372,0.894989,-0.443830,-0.042346,0.014744,0.166960,1.989658,1.000000,-0.034233,1.717323
6.370000,0.500605,-0.053563,0.391360,0.894917,-0.443969,-0.042424,0.014696,0.166960,1.989795,1.000000,-0.034322,1.716057
6.375000,0.500458,-0.053587,0.391348,0.894845,-0.444108,-0.042502,0.014648,0.166960,1.989933,1.000000,-0.034427,1.714801
6.380000,0.500311,-0.053610,0.391335,0.894773,-0.444247,-0.042580,0.014600,0.166960,1.990071,1.000000,-0.034545,1.713556
6.385000,0.500164,-0.053633,0.391322,0.894701,-0.444386,-0.042657,0.014553,0.166960,1.990210,1.000000,-0.034724,1.713572
6.390000,0.500017,-0.053656,0.391308,0.894629,-0.444525,-0.042734,0.014507,0.166960,1.990349,1.000000,-0.034931,1.713396
6.395000,0.499869,-0.053679,0.391295,0.894557,-0.444663,-0.042811,0.014461,0.166960,1.990490,1.000000,-0.035166,1.713228
6.400000,0.499721,-0.053702,0.391280,0.894485,-0.444802,-0.042888,0.014415,0.166960,1.990631,1.000000,-0.035429,1.713072
6.405000,0.499572,-0.053725,0.391265,0.894413,-0.444941,-0.042965,0.014370,0.166960,1.990774,1.000000,-0.035715,1.712938
6.410000,0.499424,-0.053748,0.391250,0.894341,-0.445080,-0.043041,0.014325,0.166960,1.990918,1.000000,-0.036021,1.712815
6.415000,0.499275,-0.053770,0.391234,0.894268,-0.445220,-0.043117,0.014281,0.166960,1.991063,1.000000,-0.036346,1.712701
6.420000,0.499125,-0.053793,0.391217,0.894196,-0.445360,-0.043194,0.014238,0.166960,1.991209,1.000000,-0.036690,1.712709
6.425000,0.498975,-0.053817,0.391200,0.894123,-0.445500,-0.043269,0.014195,0.166960,1.991357,1.000000,-0.037062,1.712704
6.430000,0.498825,-0.053840,0.391183,0.894050,-0.445641,-0.043345,0.014153,0.166960,1.991506,1.000000,-0.037456,1.712707
6.435000,0.498675,-0.053864,0.391164,0.893977,-0.445782,-0.043419,0.014111,0.166960,1.991657,1.000000,-0.037869,1.712717
6.440000,0.498524,-0.053888,0.391146,0.893903,-0.445923,-0.043494,0.014070,0.166960,1.991810,1.000000,-0.038298,1.712741
6.445000,0.498373,-0.053913,0.391126,0.893829,-0.446065,-0.043567,0.014030,0.166960,1.991964,1.000000,-0.038742,1.712775
6.450000,0.498221,-0.053938,0.391107,0.893755,-0.446207,-0.043641,0.013990,0.166960,1.992121,1.000000,-0.039199,1.712817
6.455000,0.498069,-0.053964,0.391086,0.893681,-0.446350,-0.043713,0.013951,0.166960,1.992279,1.000000,-0.039653,1.712416
6.460000,0.497918,-0.053990,0.391065,0.893607,-0.446494,-0.043785,0.013913,0.166960,1.992438,1.000000,-0.040123,1.712119
6.465000,0.497765,-0.054017,0.391043,0.893532,-0.446637,-0.043855,0.013875,0.166960,1.992600,1.000000,-0.040602,1.711831
6.470000,0.497613,-0.054044,0.391021,0.893457,-0.446781,-0.043925,0.013838,0.166960,1.992764,1.000000,-0.041089,1.711548
6.475000,0.497461,-0.054073,0.390998,0.893382,-0.446926,-0.043994,0.013801,0.166960,1.992930,1.000000,-0.041580,1.711276
6.480000,0.497309,-0.054101,0.390975,0.893307,-0.447071,-0.044062,0.013765,0.166960,1.993097,1.000000,-0.042074,1.711027
6.485000,0.497156,-0.054131,0.390951,0.893231,-0.447216,-0.044128,0.013729,0.166960,1.993267,1.000000,-0.042570,1.710784
6.490000,0.497004,-0.054161,0.390926,0.893155,-0.447362,-0.044194,0.013694,0.166960,1.993439,1.000000,-0.043095,1.710869
6.495000,0.496851,-0.054193,0.390901,0.893079,-0.447508,-0.044259,0.013659,0.166960,1.993613,1.000000,-0.043625,1.710912
6.500000,0.496698,-0.054224,0.390876,0.893003,-0.447655,-0.044322,0.013625,0.166960,1.993789,1.000000,-0.044162,1.710963
6.505000,0.496546,-0.054257,0.390850,0.892927,-0.447803,-0.044385,0.013592,0.166960,1.993967,1.000000,-0.044703,1.711020
6.510000,0.496393,-0.054291,0.390823,0.892850,-0.447950,-0.044447,0.013559,0.166960,1.994147,1.000000,-0.045246,1.711083
6.515000,0.496240,-0.054325,0.390796,0.892773,-0.448099,-0.044508,0.013526,0.166960,1.994329,1.000000,-0.045791,1.711121
6.520000,0.496086,-0.054361,0.390768,0.892696,-0.448248,-0.044568,0.013494,0.166960,1.994514,1.000000,-0.046336,1.711155
6.525000,0.495933,-0.054397,0.390740,0.892618,-0.448398,-0.044627,0.013462,0.166960,1.994701,1.000000,-0.046901,1.711433
6.530000,0.495779,-0.054434,0.390711,0.892540,-0.448548,-0.044686,0.013430,0.166960,1.994890,1.000000,-0.047467,1.711680
6.535000,0.495626,-0.054472,0.390682,0.892461,-0.448699,-0.044744,0.013399,0.166960,1.995082,1.000000,-0.048037,1.711950
6.540000,0.495472,-0.054511,0.390652,0.892383,-0.448851,-0.044801,0.013369,0.166960,1.995275,1.000000,-0.048607,1.712226
6.545000,0.495318,-0.054551,0.390622,0.892304,-0.449003,-0.044858,0.013338,0.166960,1.995471,1.000000,-0.049178,1.712507
6.550000,0.495163,-0.054591,0.390591,0.892224,-0.449157,-0.044913,0.013308,0.166960,1.995670,1.000000,-0.049747,1.712794
6.555000,0.495009,-0.054633,0.390560,0.892144,-0.449310,-0.044968,0.013278,0.166960,1.995870,1.000000,-0.050295,1.712711
6.560000,0.494854,-0.054676,0.390529,0.892064,-0.449465,-0.045023,0.013249,0.166960,1.996073,1.000000,-0.050840,1.712692
6.565000,0.494699,-0.054719,0.390496,0.891984,-0.449620,-0.045076,0.013219,0.166960,1.996278,1.000000,-0.051378,1.712679
6.570000,0.494544,-0.054763,0.390464,0.891903,-0.449776,-0.045129,0.013190,0.166960,1.996485,1.000000,-0.051907,1.712650
6.575000,0.494389,-0.054809,0.390431,0.891822,-0.449932,-0.045181,0.013161,0.166960,1.996694,1.000000,-0.052426,1.712610
6.580000,0.494234,-0.054855,0.390398,0.891741,-0.450089,-0.045232,0.013132,0.166960,1.996905,1.000000,-0.052937,1.712574
6.585000,0.494078,-0.054902,0.390365,0.891659,-0.450246,-0.045283,0.013103,0.166960,1.997118,1.000000,-0.053432,1.712543
6.590000,0.493923,-0.054950,0.390331,0.891578,-0.450404,-0.045332,0.013075,0.166960,1.997333,1.000000,-0.053870,1.712503
6.595000,0.493768,-0.054999,0.390297,0.891496,-0.450561,-0.045381,0.013046,0.166960,1.997549,1.000000,-0.054250,1.712479
6.600000,0.493612,-0.055049,0.390262,0.891415,-0.450717,-0.045429,0.013018,0.166960,1.997767,1.000000,-0.054593,1.712459
6.605000,0.493456,-0.055099,0.390228,0.891334,-0.450873,-0.045477,0.012989,0.166960,1.997987,1.000000,-0.054913,1.712444
6.610000,0.493300,-0.055151,0.390193,0.891254,-0.451028,-0.045525,0.012962,0.166960,1.998207,1.000000,-0.055218,1.712428
6.615000,0.493143,-0.055204,0.390158,0.891174,-0.451181,-0.045572,0.012934,0.166960,1.998429,1.000000,-0.055512,1.712416
6.620000,0.492986,-0.055258,0.390122,0.891095,-0.451333,-0.045619,0.012907,0.166960,1.998652,1.000000,-0.055798,1.712410
6.625000,0.492828,-0.055314,0.390087,0.891016,-0.451485,-0.045665,0.012881,0.166960,1.998876,1.000000,-0.056119,1.713116
6.630000,0.492670,-0.055370,0.390051,0.890938,-0.451635,-0.045712,0.012854,0.166960,1.999102,1.000000,-0.056439,1.713703
6.635000,0.492511,-0.055427,0.390015,0.890861,-0.451784,-0.045759,0.012829,0.166960,1.999328,1.000000,-0.056762,1.714295
6.640000,0.492350,-0.055486,0.389979,0.890784,-0.451932,-0.045806,0.012804,0.166960,1.999556,1.000000,-0.057087,1.714892
6.645000,0.492189,-0.055546,0.389943,0.890707,-0.452078,-0.045853,0.012779,0.166960,1.999786,1.000000,-0.057415,1.715507
6.650000,0.492027,-0.055607,0.389906,0.890631,-0.452224,-0.045900,0.012754,0.166960,2.000016,1.000000,-0.057747,1.716134
6.655000,0.491865,-0.055670,0.389869,0.890556,-0.452368,-0.045948,0.012730,0.166960,2.000248,1.000000,-0.058081,1.716768
6.660000,0.491700,-0.055734,0.389832,0.890481,-0.452512,-0.045996,0.012707,0.166960,2.000482,1.000000,-0.058431,1.717763
6.665000,0.491535,-0.055799,0.389795,0.890406,-0.452654,-0.046045,0.012684,0.166960,2.000717,1.000000,-0.058792,1.718707
6.670000,0.491369,-0.055865,0.389758,0.890332,-0.452795,-0.046094,0.012661,0.166960,2.000953,1.000000,-0.059162,1.719657
6.675000,0.491202,-0.055933,0.389721,0.890259,-0.452935,-0.046143,0.012639,0.166960,2.001191,1.000000,-0.059538,1.720611
6.680000,0.491034,-0.056002,0.389683,0.890186,-0.453074,-0.046192,0.012617,0.166960,2.001430,1.000000,-0.059920,1.721569
6.685000,0.490864,-0.056073,0.389645,0.890113,-0.453212,-0.046242,0.012595,0.166960,2.001671,1.000000,-0.060305,1.722531
6.690000,0.490694,-0.056145,0.389607,0.890041,-0.453349,-0.046291,0.012574,0.166960,2.001913,1.000000,-0.060693,1.723497
6.695000,0.490522,-0.056218,0.389569,0.889970,-0.453485,-0.046341,0.012553,0.166960,2.002157,1.000000,-0.061095,1.724352
6.700000,0.490350,-0.056293,0.389531,0.889899,-0.453620,-0.046391,0.012532,0.166960,2.002403,1.000000,-0.061511,1.725231
6.705000,0.490176,-0.056370,0.389492,0.889828,-0.453754,-0.046441,0.012512,0.166960,2.002650,1.000000,-0.061935,1.726120
6.710000,0.490002,-0.056448,0.389454,0.889758,-0.453887,-0.046491,0.012492,0.166960,2.002899,1.000000,-0.062363,1.727013
6.715000,0.489827,-0.056527,0.389415,0.889688,-0.454019,-0.046540,0.012472,0.166960,2.003150,1.000000,-0.062793,1.727908
6.720000,0.489650,-0.056609,0.389376,0.889619,-0.454151,-0.046590,0.012453,0.166960,2.003402,1.000000,-0.063223,1.728806
6.725000,0.489473,-0.056691,0.389337,0.889549,-0.454282,-0.046639,0.012434,0.166960,2.003656,1.000000,-0.063723,1.730494
6.730000,0.489295,-0.056776,0.389299,0.889481,-0.454412,-0.046688,0.012415,0.166960,2.003913,1.000000,-0.064233,1.732062
6.735000,0.489116,-0.056862,0.389260,0.889412,-0.454542,-0.046737,0.012396,0.166960,2.004171,1.000000,-0.064752,1.733631
6.740000,0.488936,-0.056949,0.389220,0.889344,-0.454671,-0.046786,0.012378,0.166960,2.004432,1.000000,-0.065276,1.735207
6.745000,0.488755,-0.057039,0.389181,0.889276,-0.454799,-0.046835,0.012360,0.166960,2.004694,1.000000,-0.065802,1.736787
6.750000,0.488573,-0.057130,0.389142,0.889208,-0.454928,-0.046884,0.012342,0.166960,2.004959,1.000000,-0.066329,1.738370
6.755000,0.488390,-0.057222,0.389103,0.889140,-0.455055,-0.046933,0.012324,0.166960,2.005226,1.000000,-0.066856,1.739957
6.760000,0.488206,-0.057316,0.389063,0.889073,-0.455183,-0.046982,0.012306,0.166960,2.005495,1.000000,-0.067450,1.742595
6.765000,0.488021,-0.057412,0.389024,0.889005,-0.455310,-0.047031,0.012289,0.166960,2.005767,1.000000,-0.068055,1.745071
6.770000,0.487835,-0.057510,0.388984,0.888938,-0.455437,-0.047081,0.012271,0.166960,2.006041,1.000000,-0.068671,1.747548
6.775000,0.487647,-0.057609,0.388944,0.888870,-0.455563,-0.047130,0.012254,0.166960,2.006317,1.000000,-0.069293,1.750031
6.780000,0.487459,-0.057710,0.388904,0.888803,-0.455690,-0.047180,0.012237,0.166960,2.006596,1.000000,-0.069920,1.752520
6.785000,0.487269,-0.057813,0.388864,0.888736,-0.455816,-0.047230,0.012220,0.166960,2.006878,1.000000,-0.070549,1.755012
6.790000,0.487078,-0.057917,0.388824,0.888669,-0.455942,-0.047280,0.012204,0.166960,2.007162,1.000000,-0.071179,1.757507
6.795000,0.486886,-0.058023,0.388784,0.888602,-0.456068,-0.047331,0.012187,0.166960,2.007448,1.000000,-0.071811,1.759929
6.800000,0.486692,-0.058131,0.388743,0.888535,-0.456194,-0.047382,0.012170,0.166960,2.007737,1.000000,-0.072447,1.762386
6.805000,0.486498,-0.058241,0.388703,0.888468,-0.456320,-0.047433,0.012154,0.166960,2.008029,1.000000,-0.073081,1.764847
6.810000,0.486303,-0.058352,0.388662,0.888401,-0.456445,-0.047484,0.012137,0.166960,2.008323,1.000000,-0.073714,1.767311
6.815000,0.486106,-0.058465,0.388621,0.888334,-0.456570,-0.047536,0.012121,0.166960,2.008620,1.000000,-0.074343,1.769739
6.820000,0.485908,-0.058579,0.388580,0.888267,-0.456695,-0.047587,0.012104,0.166960,2.008919,1.000000,-0.074967,1.772168
6.825000,0.485710,-0.058695,0.388539,0.888200,-0.456820,-0.047639,0.012087,0.166960,2.009221,1.000000,-0.075586,1.774600
6.830000,0.485510,-0.058813,0.388498,0.888134,-0.456945,-0.047691,0.012071,0.166960,2.009525,1.000000,-0.076224,1.777062
6.835000,0.485309,-0.058932,0.388456,0.888067,-0.457069,-0.047743,0.012054,0.166960,2.009832,1.000000,-0.076855,1.779566
6.840000,0.485108,-0.059053,0.388415,0.888000,-0.457193,-0.047796,0.012036,0.166960,2.010141,1.000000,-0.077479,1.782077
6.845000,0.484905,-0.059175,0.388373,0.887934,-0.457318,-0.047849,0.012019,0.166960,2.010453,1.000000,-0.078095,1.784592
6.850000,0.484701,-0.059299,0.388331,0.887867,-0.457441,-0.047902,0.012001,0.166960,2.010767,1.000000,-0.078703,1.787095
6.855000,0.484496,-0.059424,0.388289,0.887801,-0.457565,-0.047955,0.011984,0.166960,2.011083,1.000000,-0.079301,1.789585
6.860000,0.484290,-0.059550,0.388247,0.887735,-0.457689,-0.048009,0.011965,0.166960,2.011402,1.000000,-0.079890,1.792080
6.865000,0.484083,-0.059678,0.388205,0.887668,-0.457812,-0.048063,0.011947,0.166960,2.011724,1.000000,-0.080524,1.795143
6.870000,0.483875,-0.059807,0.388163,0.887602,-0.457935,-0.048118,0.011928,0.166960,2.012048,1.000000,-0.081157,1.798158
6.875000,0.483666,-0.059937,0.388121,0.887536,-0.458059,-0.048173,0.011909,0.166960,2.012374,1.000000,-0.081790,1.801193
6.880000,0.483455,-0.060068,0.388079,0.887469,-0.458182,-0.048228,0.011890,0.166960,2.012704,1.000000,-0.082419,1.804233
6.885000,0.483244,-0.060201,0.388036,0.887403,-0.458305,-0.048284,0.011870,0.166960,2.013035,1.000000,-0.083043,1.807280
6.890000,0.483031,-0.060335,0.387994,0.887337,-0.458428,-0.048341,0.011850,0.166960,2.013369,1.000000,-0.083660,1.810326
6.895000,0.482818,-0.060469,0.387951,0.887270,-0.458551,-0.048398,0.011829,0.166960,2.013706,1.000000,-0.084279,1.813297
6.900000,0.482603,-0.060606,0.387908,0.887204,-0.458675,-0.048456,0.011809,0.166960,2.014045,1.000000,-0.084900,1.816285
6.905000,0.482387,-0.060743,0.387866,0.887137,-0.458798,-0.048513,0.011788,0.166960,2.014386,1.000000,-0.085519,1.819280
6.910000,0.482170,-0.060881,0.387823,0.887070,-0.458921,-0.048571,0.011767,0.166960,2.014730,1.000000,-0.086134,1.822291
6.915000,0.481953,-0.061021,0.387780,0.887004,-0.459044,-0.048630,0.011745,0.166960,2.015077,1.000000,-0.086744,1.825307
6.920000,0.481734,-0.061161,0.387737,0.886937,-0.459167,-0.048688,0.011723,0.166960,2.015426,1.000000,-0.087348,1.828329
6.925000,0.481515,-0.061303,0.387695,0.886870,-0.459290,-0.048747,0.011701,0.166960,2.015777,1.000000,-0.087945,1.831361
6.930000,0.481294,-0.061446,0.387652,0.886804,-0.459414,-0.048806,0.011679,0.166960,2.016131,1.000000,-0.088572,1.834777
6.935000,0.481073,-0.061590,0.387609,0.886737,-0.459537,-0.048865,0.011656,0.166960,2.016487,1.000000,-0.089196,1.838141
6.940000,0.480851,-0.061734,0.387566,0.886670,-0.459660,-0.048924,0.011633,0.166960,2.016846,1.000000,-0.089816,1.841510
6.945000,0.480628,-0.061880,0.387523,0.886603,-0.459784,-0.048984,0.011610,0.166960,2.017207,1.000000,-0.090432,1.844888
6.950000,0.480404,-0.062027,0.387481,0.886536,-0.459907,-0.049043,0.011586,0.166960,2.017570,1.000000,-0.091041,1.848274
6.955000,0.480179,-0.062174,0.387438,0.886469,-0.460031,-0.049103,0.011562,0.166960,2.017936,1.000000,-0.091643,1.851665
6.960000,0.479954,-0.062323,0.387395,0.886401,-0.460155,-0.049164,0.011538,0.166960,2.018305,1.000000,-0.092237,1.855063
6.965000,0.479727,-0.062472,0.387352,0.886334,-0.460279,-0.049224,0.011513,0.166960,2.018676,1.000000,-0.092858,1.858862
6.970000,0.479500,-0.062622,0.387309,0.886266,-0.460403,-0.049285,0.011488,0.166960,2.019049,1.000000,-0.093468,1.862611
6.975000,0.479272,-0.062773,0.387267,0.886199,-0.460527,-0.049347,0.011462,0.166960,2.019425,1.000000,-0.094072,1.866367
6.980000,0.479043,-0.062924,0.387224,0.886131,-0.460652,-0.049409,0.011436,0.166960,2.019803,1.000000,-0.094668,1.870136
6.985000,0.478813,-0.063076,0.387181,0.886063,-0.460776,-0.049472,0.011409,0.166960,2.020184,1.000000,-0.095261,1.873932
6.990000,0.478582,-0.063228,0.387138,0.885995,-0.460901,-0.049535,0.011382,0.166960,2.020567,1.000000,-0.095848,1.877738
6.995000,0.478350,-0.063381,0.387095,0.885927,-0.461025,-0.049598,0.011355,0.166960,2.020952,1.000000,-0.096429,1.881553
7.000000,0.478117,-0.063534,0.387052,0.885859,-0.461150,-0.049662,0.011326,0.166960,2.021340,1.000000,-0.096995,1.885202
7.005000,0.477883,-0.063688,0.387009,0.885791,-0.461274,-0.049727,0.011298,0.166960,2.021730,1.000000,-0.097550,1.888885
7.010000,0.477648,-0.063841,0.386966,0.885723,-0.461399,-0.049792,0.011269,0.166960,2.022122,1.000000,-0.098095,1.892580
7.015000,0.477412,-0.063996,0.386923,0.885655,-0.461523,-0.049858,0.011239,0.166960,2.022516,1.000000,-0.098632,1.896286
7.020000,0.477175,-0.064150,0.386879,0.885586,-0.461648,-0.049925,0.011209,0.166960,2.022912,1.000000,-0.099163,1.900027
7.025000,0.476937,-0.064304,0.386836,0.885518,-0.461772,-0.049991,0.011178,0.166960,2.023311,1.000000,-0.099688,1.903794
7.030000,0.476699,-0.064459,0.386793,0.885450,-0.461897,-0.050059,0.011147,0.166960,2.023711,1.000000,-0.100206,1.907573
7.035000,0.476459,-0.064614,0.386750,0.885381,-0.462021,-0.050127,0.011115,0.166960,2.024114,1.000000,-0.100731,1.911612
7.040000,0.476218,-0.064768,0.386707,0.885313,-0.462145,-0.050195,0.011083,0.166960,2.024519,1.000000,-0.101243,1.915634
7.045000,0.475977,-0.064923,0.386664,0.885245,-0.462270,-0.050265,0.011050,0.166960,2.024926,1.000000,-0.101747,1.919672
7.050000,0.475735,-0.065078,0.386620,0.885176,-0.462394,-0.050335,0.011016,0.166960,2.025334,1.000000,-0.102243,1.923725
7.055000,0.475491,-0.065233,0.386577,0.885108,-0.462518,-0.050405,0.010982,0.166960,2.025745,1.000000,-0.102732,1.927794
7.060000,0.475247,-0.065387,0.386534,0.885039,-0.462642,-0.050477,0.010947,0.166960,2.026158,1.000000,-0.103215,1.931873
7.065000,0.475002,-0.065542,0.386490,0.884971,-0.462766,-0.050550,0.010912,0.166960,2.026572,1.000000,-0.103661,1.935492
7.070000,0.474756,-0.065696,0.386447,0.884902,-0.462889,-0.050623,0.010876,0.166960,2.026989,1.000000,-0.104093,1.939204
7.075000,0.474509,-0.065850,0.386404,0.884834,-0.463013,-0.050697,0.010840,0.166960,2.027406,1.000000,-0.104514,1.942951
7.080000,0.474262,-0.066004,0.386360,0.884766,-0.463136,-0.050771,0.010803,0.166960,2.027826,1.000000,-0.104928,1.946753
7.085000,0.474013,-0.066158,0.386317,0.884698,-0.463259,-0.050847,0.010765,0.166960,2.028247,1.000000,-0.105335,1.950574
7.090000,0.473764,-0.066311,0.386274,0.884629,-0.463382,-0.050923,0.010727,0.166960,2.028670,1.000000,-0.105734,1.954413
7.095000,0.473514,-0.066464,0.386230,0.884561,-0.463504,-0.050999,0.010688,0.166960,2.029095,1.000000,-0.106129,1.958297
7.100000,0.473263,-0.066617,0.386187,0.884493,-0.463626,-0.051076,0.010648,0.166960,2.029521,1.000000,-0.106478,1.961722
7.105000,0.473012,-0.066769,0.386144,0.884426,-0.463748,-0.051154,0.010608,0.166960,2.029948,1.000000,-0.106813,1.965246
7.110000,0.472760,-0.066920,0.386101,0.884358,-0.463869,-0.051232,0.010567,0.166960,2.030377,1.000000,-0.107135,1.968791
7.115000,0.472507,-0.067071,0.386058,0.884290,-0.463990,-0.051310,0.010525,0.166960,2.030806,1.000000,-0.107446,1.972357
7.120000,0.472254,-0.067221,0.386015,0.884223,-0.464111,-0.051389,0.010483,0.166960,2.031238,1.000000,-0.107749,1.975944
7.125000,0.472000,-0.067371,0.385972,0.884156,-0.464231,-0.051468,0.010440,0.166960,2.031670,1.000000,-0.108042,1.979550
7.130000,0.471745,-0.067520,0.385929,0.884089,-0.464351,-0.051547,0.010397,0.166960,2.032103,1.000000,-0.108328,1.983177
7.135000,0.471490,-0.067669,0.385887,0.884022,-0.464470,-0.051627,0.010353,0.166960,2.032538,1.000000,-0.108584,1.986647
7.140000,0.471235,-0.067817,0.385845,0.883955,-0.464589,-0.051706,0.010308,0.166960,2.032973,1.000000,-0.108823,1.990178
7.145000,0.470979,-0.067963,0.385802,0.883889,-0.464708,-0.051786,0.010262,0.166960,2.033410,1.000000,-0.109050,1.993732
7.150000,0.470723,-0.068109,0.385760,0.883823,-0.464826,-0.051866,0.010216,0.166960,2.033847,1.000000,-0.109266,1.997319
7.155000,0.470466,-0.068255,0.385718,0.883757,-0.464943,-0.051947,0.010169,0.166960,2.034285,1.000000,-0.109479,2.000981
7.160000,0.470209,-0.068399,0.385677,0.883691,-0.465061,-0.052027,0.010122,0.166960,2.034724,1.000000,-0.109684,2.004667
7.165000,0.469951,-0.068542,0.385635,0.883625,-0.465177,-0.052108,0.010074,0.166960,2.035164,1.000000,-0.109882,2.008376
7.170000,0.469694,-0.068685,0.385594,0.883560,-0.465294,-0.052189,0.010025,0.166960,2.035604,1.000000,-0.110026,2.011582
7.175000,0.469436,-0.068826,0.385553,0.883494,-0.465409,-0.052270,0.009976,0.166960,2.036045,1.000000,-0.110155,2.014921
7.180000,0.469177,-0.068966,0.385512,0.883430,-0.465525,-0.052351,0.009925,0.166960,2.036487,1.000000,-0.110269,2.018286
7.185000,0.468919,-0.069105,0.385472,0.883365,-0.465639,-0.052432,0.009875,0.166960,2.036929,1.000000,-0.110372,2.021678
7.190000,0.468660,-0.069243,0.385431,0.883300,-0.465753,-0.052513,0.009823,0.166960,2.037371,1.000000,-0.110470,2.025135
7.195000,0.468401,-0.069380,0.385391,0.883236,-0.465867,-0.052594,0.009771,0.166960,2.037814,1.000000,-0.110562,2.028648
7.200000,0.468142,-0.069516,0.385351,0.883172,-0.465980,-0.052675,0.009719,0.166960,2.038257,1.000000,-0.110648,2.032188
7.205000,0.467883,-0.069651,0.385312,0.883109,-0.466093,-0.052756,0.009666,0.166960,2.038700,1.000000,-0.110742,2.035904
7.210000,0.467624,-0.069785,0.385273,0.883045,-0.466205,-0.052837,0.009612,0.166960,2.039144,1.000000,-0.110837,2.039667
7.215000,0.467365,-0.069917,0.385234,0.882982,-0.466316,-0.052918,0.009558,0.166960,2.039588,1.000000,-0.110932,2.043469
7.220000,0.467105,-0.070048,0.385195,0.882919,-0.466427,-0.052998,0.009503,0.166960,2.040032,1.000000,-0.111024,2.047300
7.225000,0.466846,-0.070178,0.385157,0.882856,-0.466538,-0.053079,0.009448,0.166960,2.040477,1.000000,-0.111115,2.051157
7.230000,0.466587,-0.070307,0.385119,0.882794,-0.466649,-0.053159,0.009392,0.166960,2.040923,1.000000,-0.111212,2.055126
7.235000,0.466327,-0.070434,0.385081,0.882731,-0.466759,-0.053240,0.009337,0.166960,2.041368,1.000000,-0.111298,2.058588
7.240000,0.466068,-0.070561,0.385044,0.882669,-0.466868,-0.053320,0.009280,0.166960,2.041814,1.000000,-0.111383,2.062162
7.245000,0.465808,-0.070686,0.385007,0.882607,-0.466977,-0.053400,0.009224,0.166960,2.042261,1.000000,-0.111466,2.065784
7.250000,0.465549,-0.070810,0.384971,0.882545,-0.467086,-0.053479,0.009167,0.166960,2.042707,1.000000,-0.111548,2.069510
7.255000,0.465289,-0.070934,0.384935,0.882484,-0.467195,-0.053557,0.009110,0.166960,2.043154,1.000000,-0.111625,2.073265
7.260000,0.465030,-0.071056,0.384900,0.882422,-0.467303,-0.053636,0.009053,0.166960,2.043602,1.000000,-0.111696,2.077050
7.265000,0.464771,-0.071177,0.384865,0.882361,-0.467411,-0.053713,0.008995,0.166960,2.044049,1.000000,-0.111766,2.080894
7.270000,0.464511,-0.071297,0.384832,0.882300,-0.467519,-0.053790,0.008938,0.166960,2.044497,1.000000,-0.111852,2.084630
7.275000,0.464252,-0.071415,0.384799,0.882239,-0.467627,-0.053865,0.008880,0.166960,2.044945,1.000000,-0.111943,2.088423
7.280000,0.463993,-0.071533,0.384767,0.882177,-0.467735,-0.053940,0.008823,0.166960,2.045394,1.000000,-0.112035,2.092245
7.285000,0.463733,-0.071651,0.384736,0.882116,-0.467842,-0.054014,0.008766,0.166960,2.045843,1.000000,-0.112133,2.096157
7.290000,0.463474,-0.071767,0.384706,0.882055,-0.467950,-0.054086,0.008709,0.166960,2.046292,1.000000,-0.112235,2.100141
7.295000,0.463215,-0.071882,0.384677,0.881994,-0.468058,-0.054157,0.008652,0.166960,2.046742,1.000000,-0.112337,2.104154
7.300000,0.462956,-0.071997,0.384649,0.881934,-0.468165,-0.054228,0.008595,0.166960,2.047193,1.000000,-0.112441,2.108195
7.305000,0.462696,-0.072110,0.384622,0.881873,-0.468273,-0.054297,0.008538,0.166960,2.047643,1.000000,-0.112613,2.112869
7.310000,0.462437,-0.072223,0.384596,0.881812,-0.468381,-0.054365,0.008482,0.166960,2.048095,1.000000,-0.112809,2.117503
7.315000,0.462178,-0.072336,0.384571,0.881751,-0.468489,-0.054432,0.008426,0.166960,2.048547,1.000000,-0.113024,2.122164
7.320000,0.461918,-0.072447,0.384548,0.881689,-0.468598,-0.054498,0.008370,0.166960,2.049001,1.000000,-0.113252,2.126851
7.325000,0.461659,-0.072558,0.384525,0.881628,-0.468706,-0.054562,0.008314,0.166960,2.049455,1.000000,-0.113500,2.131667
7.330000,0.461399,-0.072669,0.384504,0.881567,-0.468815,-0.054626,0.008259,0.166960,2.049911,1.000000,-0.113759,2.136511
7.335000,0.461139,-0.072779,0.384483,0.881505,-0.468925,-0.054688,0.008204,0.166960,2.050367,1.000000,-0.114028,2.141383
7.340000,0.460879,-0.072889,0.384464,0.881444,-0.469034,-0.054750,0.008149,0.166960,2.050825,1.000000,-0.114349,2.146698
7.345000,0.460618,-0.072998,0.384446,0.881382,-0.469144,-0.054810,0.008095,0.166960,2.051284,1.000000,-0.114698,2.152073
7.350000,0.460358,-0.073107,0.384429,0.881320,-0.469254,-0.054869,0.008041,0.166960,2.051744,1.000000,-0.115066,2.157477
7.355000,0.460097,-0.073215,0.384413,0.881258,-0.469365,-0.054928,0.007987,0.166960,2.052206,1.000000,-0.115451,2.162908
7.360000,0.459836,-0.073324,0.384398,0.881196,-0.469476,-0.054985,0.007933,0.166960,2.052670,1.000000,-0.115855,2.168410
7.365000,0.459574,-0.073432,0.384384,0.881133,-0.469587,-0.055042,0.007880,0.166960,2.053135,1.000000,-0.116277,2.174003
7.370000,0.459312,-0.073540,0.384370,0.881071,-0.469699,-0.055098,0.007827,0.166960,2.053602,1.000000,-0.116714,2.179627
7.375000,0.459050,-0.073648,0.384358,0.881008,-0.469811,-0.055153,0.007774,0.166960,2.054071,1.000000,-0.117226,2.186027
7.380000,0.458788,-0.073755,0.384347,0.880945,-0.469923,-0.055208,0.007721,0.166960,2.054542,1.000000,-0.117773,2.192425
7.385000,0.458525,-0.073863,0.384336,0.880882,-0.470036,-0.055262,0.007668,0.166960,2.055015,1.000000,-0.118350,2.198911
7.390000,0.458261,-0.073971,0.384326,0.880819,-0.470149,-0.055315,0.007615,0.166960,2.055491,1.000000,-0.118951,2.205428
7.395000,0.457997,-0.074078,0.384317,0.880755,-0.470263,-0.055368,0.007563,0.166960,2.055969,1.000000,-0.119573,2.211975
7.400000,0.457732,-0.074186,0.384309,0.880691,-0.470377,-0.055421,0.007511,0.166960,2.056450,1.000000,-0.120222,2.218669
7.405000,0.457467,-0.074294,0.384301,0.880628,-0.470491,-0.055473,0.007458,0.166960,2.056933,1.000000,-0.120882,2.225232
7.410000,0.457201,-0.074402,0.384294,0.880563,-0.470606,-0.055525,0.007406,0.166960,2.057419,1.000000,-0.121558,2.231856
7.415000,0.456935,-0.074510,0.384287,0.880499,-0.470721,-0.055577,0.007354,0.166960,2.057908,1.000000,-0.122249,2.238509
7.420000,0.456668,-0.074618,0.384281,0.880435,-0.470837,-0.055628,0.007302,0.166960,2.058399,1.000000,-0.122963,2.245315
7.425000,0.456401,-0.074727,0.384276,0.880370,-0.470953,-0.055678,0.007250,0.166960,2.058894,1.000000,-0.123690,2.252155
7.430000,0.456133,-0.074836,0.384271,0.880305,-0.471069,-0.055728,0.007198,0.166960,2.059391,1.000000,-0.124431,2.259025
7.435000,0.455865,-0.074945,0.384266,0.880240,-0.471185,-0.055778,0.007145,0.166960,2.059892,1.000000,-0.125186,2.265948
7.440000,0.455596,-0.075055,0.384262,0.880175,-0.471302,-0.055827,0.007093,0.166960,2.060395,1.000000,-0.125962,2.272919
7.445000,0.455327,-0.075165,0.384258,0.880109,-0.471419,-0.055876,0.007041,0.166960,2.060902,1.000000,-0.126750,2.279938
7.450000,0.455057,-0.075276,0.384255,0.880044,-0.471536,-0.055924,0.006989,0.166960,2.061412,1.000000,-0.127549,2.286987
7.455000,0.454787,-0.075387,0.384251,0.879978,-0.471654,-0.055972,0.006936,0.166960,2.061925,1.000000,-0.128359,2.294107
7.460000,0.454516,-0.075499,0.384249,0.879913,-0.471772,-0.056019,0.006884,0.166960,2.062441,1.000000,-0.129183,2.301346
7.465000,0.454245,-0.075611,0.384246,0.879847,-0.471890,-0.056066,0.006831,0.166960,2.062961,1.000000,-0.130014,2.308616
7.470000,0.453973,-0.075724,0.384244,0.879780,-0.472008,-0.056112,0.006778,0.166960,2.063484,1.000000,-0.130852,2.315917
7.475000,0.453701,-0.075837,0.384242,0.879714,-0.472127,-0.056157,0.006725,0.166960,2.064010,1.000000,-0.131706,2.323151
7.480000,0.453429,-0.075951,0.384240,0.879648,-0.472246,-0.056203,0.006672,0.166960,2.064540,1.000000,-0.132573,2.330517
7.485000,0.453156,-0.076066,0.384238,0.879581,-0.472366,-0.056247,0.006619,0.166960,2.065073,1.000000,-0.133446,2.337913
7.490000,0.452883,-0.076181,0.384237,0.879514,-0.472485,-0.056291,0.006566,0.166960,2.065610,1.000000,-0.134322,2.345339
7.495000,0.452610,-0.076297,0.384236,0.879448,-0.472606,-0.056334,0.006512,0.166960,2.066151,1.000000,-0.135207,2.352888
7.500000,0.452336,-0.076414,0.384235,0.879380,-0.472726,-0.056377,0.006458,0.166960,2.066695,1.000000,-0.136097,2.360518
7.505000,0.452062,-0.076531,0.384234,0.879313,-0.472847,-0.056419,0.006405,0.166960,2.067242,1.000000,-0.136988,2.368179
7.510000,0.451788,-0.076650,0.384233,0.879246,-0.472968,-0.056460,0.006350,0.166960,2.067793,1.000000,-0.137832,2.375421
7.515000,0.451514,-0.076769,0.384232,0.879178,-0.473089,-0.056500,0.006296,0.166960,2.068347,1.000000,-0.138676,2.382881
7.520000,0.451239,-0.076889,0.384232,0.879111,-0.473211,-0.056540,0.006241,0.166960,2.068905,1.000000,-0.139510,2.390396
7.525000,0.450965,-0.077009,0.384231,0.879043,-0.473333,-0.056579,0.006186,0.166960,2.069466,1.000000,-0.140335,2.397940
7.530000,0.450690,-0.077131,0.384231,0.878975,-0.473455,-0.056618,0.006131,0.166960,2.070030,1.000000,-0.141151,2.405511
7.535000,0.450416,-0.077253,0.384230,0.878907,-0.473578,-0.056655,0.006076,0.166960,2.070598,1.000000,-0.141969,2.413264
7.540000,0.450141,-0.077376,0.384230,0.878839,-0.473700,-0.056692,0.006020,0.166960,2.071169,1.000000,-0.142778,2.421047
7.545000,0.449867,-0.077499,0.384230,0.878771,-0.473823,-0.056728,0.005964,0.166960,2.071742,1.000000,-0.143534,2.428525
7.550000,0.449593,-0.077624,0.384230,0.878702,-0.473947,-0.056763,0.005907,0.166960,2.072319,1.000000,-0.144279,2.436104
7.555000,0.449319,-0.077749,0.384230,0.878634,-0.474070,-0.056798,0.005850,0.166960,2.072899,1.000000,-0.145028,2.443827
7.560000,0.449045,-0.077874,0.384229,0.878565,-0.474194,-0.056832,0.005792,0.166960,2.073482,1.000000,-0.145770,2.451579
7.565000,0.448771,-0.078000,0.384229,0.878497,-0.474317,-0.056866,0.005733,0.166960,2.074068,1.000000,-0.146501,2.459359
7.570000,0.448498,-0.078127,0.384229,0.878428,-0.474442,-0.056900,0.005674,0.166960,2.074657,1.000000,-0.147222,2.467211
7.575000,0.448224,-0.078254,0.384229,0.878359,-0.474566,-0.056934,0.005614,0.166960,2.075248,1.000000,-0.147886,2.474199
7.580000,0.447951,-0.078381,0.384228,0.878290,-0.474691,-0.056967,0.005553,0.166960,2.075842,1.000000,-0.148523,2.481370
7.585000,0.447679,-0.078509,0.384228,0.878220,-0.474816,-0.057000,0.005491,0.166960,2.076438,1.000000,-0.149130,2.488570
7.590000,0.447407,-0.078637,0.384228,0.878151,-0.474941,-0.057032,0.005429,0.166960,2.077037,1.000000,-0.149713,2.495864
7.595000,0.447135,-0.078766,0.384228,0.878081,-0.475067,-0.057064,0.005366,0.166960,2.077638,1.000000,-0.150272,2.503259
7.600000,0.446864,-0.078895,0.384229,0.878011,-0.475193,-0.057095,0.005302,0.166960,2.078242,1.000000,-0.150804,2.510682
7.605000,0.446594,-0.079025,0.384229,0.877941,-0.475320,-0.057126,0.005238,0.166960,2.078847,1.000000,-0.151309,2.518131
7.610000,0.446325,-0.079155,0.384230,0.877871,-0.475447,-0.057156,0.005173,0.166960,2.079455,1.000000,-0.151846,2.525751
7.615000,0.446056,-0.079285,0.384231,0.877800,-0.475574,-0.057185,0.005108,0.166960,2.080064,1.000000,-0.152379,2.533432
7.620000,0.445788,-0.079416,0.384232,0.877729,-0.475702,-0.057214,0.005042,0.166960,2.080676,1.000000,-0.152900,2.541139
7.625000,0.445520,-0.079547,0.384234,0.877658,-0.475831,-0.057242,0.004976,0.166960,2.081290,1.000000,-0.153404,2.548871
7.630000,0.445254,-0.079679,0.384236,0.877586,-0.475961,-0.057270,0.004909,0.166960,2.081906,1.000000,-0.153900,2.556750
7.635000,0.444988,-0.079812,0.384238,0.877514,-0.476091,-0.057297,0.004842,0.166960,2.082523,1.000000,-0.154378,2.564686
7.640000,0.444723,-0.079944,0.384241,0.877442,-0.476221,-0.057324,0.004774,0.166960,2.083143,1.000000,-0.154839,2.572647
7.645000,0.444459,-0.080078,0.384245,0.877369,-0.476353,-0.057350,0.004706,0.166960,2.083764,1.000000,-0.155339,2.580862
7.650000,0.444196,-0.080212,0.384248,0.877296,-0.476485,-0.057375,0.004638,0.166960,2.084388,1.000000,-0.155852,2.589184
7.655000,0.443934,-0.080347,0.384252,0.877222,-0.476619,-0.057400,0.004570,0.166960,2.085014,1.000000,-0.156366,2.597538
7.660000,0.443672,-0.080482,0.384257,0.877148,-0.476753,-0.057424,0.004501,0.166960,2.085641,1.000000,-0.156873,2.605914
7.665000,0.443412,-0.080618,0.384262,0.877074,-0.476888,-0.057448,0.004432,0.166960,2.086271,1.000000,-0.157373,2.614321
7.670000,0.443152,-0.080755,0.384267,0.876999,-0.477024,-0.057471,0.004363,0.166960,2.086903,1.000000,-0.157892,2.622861
7.675000,0.442893,-0.080892,0.384273,0.876923,-0.477160,-0.057494,0.004294,0.166960,2.087537,1.000000,-0.158436,2.631424
7.680000,0.442635,-0.081029,0.384279,0.876847,-0.477298,-0.057517,0.004223,0.166960,2.088173,1.000000,-0.158961,2.638977
7.685000,0.442377,-0.081167,0.384284,0.876771,-0.477435,-0.057540,0.004152,0.166960,2.088811,1.000000,-0.159502,2.646744
7.690000,0.442121,-0.081304,0.384290,0.876694,-0.477574,-0.057563,0.004079,0.166960,2.089451,1.000000,-0.160056,2.654634
7.695000,0.441865,-0.081441,0.384296,0.876617,-0.477713,-0.057586,0.004006,0.166960,2.090094,1.000000,-0.160614,2.662546
7.700000,0.441609,-0.081578,0.384303,0.876540,-0.477853,-0.057609,0.003932,0.166960,2.090739,1.000000,-0.161172,2.670479
7.705000,0.441355,-0.081715,0.384309,0.876462,-0.477993,-0.057632,0.003857,0.166960,2.091386,1.000000,-0.161731,2.678478
7.710000,0.441101,-0.081852,0.384315,0.876384,-0.478135,-0.057654,0.003781,0.166960,2.092035,1.000000,-0.162321,2.686575
7.715000,0.440848,-0.081989,0.384322,0.876305,-0.478277,-0.057676,0.003704,0.166960,2.092687,1.000000,-0.162950,2.694079
7.720000,0.440595,-0.082125,0.384328,0.876226,-0.478420,-0.057697,0.003627,0.166960,2.093341,1.000000,-0.163595,2.701700
7.725000,0.440343,-0.082262,0.384335,0.876147,-0.478564,-0.057717,0.003549,0.166960,2.093998,1.000000,-0.164252,2.709405
7.730000,0.440092,-0.082398,0.384342,0.876067,-0.478709,-0.057736,0.003471,0.166960,2.094658,1.000000,-0.164912,2.717187
7.735000,0.439841,-0.082533,0.384349,0.875986,-0.478855,-0.057755,0.003393,0.166960,2.095320,1.000000,-0.165570,2.724991
7.740000,0.439591,-0.082669,0.384357,0.875905,-0.479001,-0.057772,0.003314,0.166960,2.095985,1.000000,-0.166223,2.732815
7.745000,0.439342,-0.082804,0.384364,0.875823,-0.479149,-0.057788,0.003234,0.166960,2.096652,1.000000,-0.166905,2.740312
7.750000,0.439093,-0.082939,0.384372,0.875741,-0.479298,-0.057804,0.003155,0.166960,2.097323,1.000000,-0.167598,2.747939
7.755000,0.438845,-0.083074,0.384381,0.875658,-0.479449,-0.057817,0.003075,0.166960,2.097996,1.000000,-0.168280,2.755589
7.760000,0.438598,-0.083209,0.384389,0.875575,-0.479600,-0.057830,0.002995,0.166960,2.098671,1.000000,-0.168903,2.763259
7.765000,0.438351,-0.083344,0.384398,0.875491,-0.479752,-0.057840,0.002916,0.166960,2.099349,1.000000,-0.169481,2.771028
7.770000,0.438106,-0.083479,0.384408,0.875406,-0.479906,-0.057847,0.002838,0.166960,2.100030,1.000000,-0.170028,2.778842
7.775000,0.437861,-0.083615,0.384418,0.875322,-0.480060,-0.057852,0.002760,0.166960,2.100712,1.000000,-0.170557,2.786677
7.780000,0.437618,-0.083752,0.384428,0.875236,-0.480216,-0.057853,0.002684,0.166960,2.101396,1.000000,-0.170981,2.792684
7.785000,0.437376,-0.083890,0.384439,0.875151,-0.480372,-0.057852,0.002609,0.166960,2.102082,1.000000,-0.171366,2.799105
7.790000,0.437135,-0.084028,0.384451,0.875065,-0.480529,-0.057846,0.002535,0.166960,2.102769,1.000000,-0.171712,2.805561
7.795000,0.436895,-0.084168,0.384463,0.874979,-0.480688,-0.057837,0.002462,0.166960,2.103458,1.000000,-0.172029,2.812038
7.800000,0.436657,-0.084310,0.384476,0.874892,-0.480847,-0.057823,0.002391,0.166960,2.104148,1.000000,-0.172324,2.818542
7.805000,0.436421,-0.084452,0.384490,0.874805,-0.481008,-0.057806,0.002321,0.166960,2.104839,1.000000,-0.172607,2.825162
7.810000,0.436187,-0.084596,0.384505,0.874718,-0.481170,-0.057785,0.002252,0.166960,2.105531,1.000000,-0.172876,2.831805
7.815000,0.435954,-0.084742,0.384521,0.874630,-0.481333,-0.057760,0.002185,0.166960,2.106224,1.000000,-0.173023,2.836009
7.820000,0.435723,-0.084889,0.384538,0.874542,-0.481497,-0.057730,0.002119,0.166960,2.106917,1.000000,-0.173107,2.840645
7.825000,0.435494,-0.085039,0.384556,0.874453,-0.481663,-0.057695,0.002054,0.166960,2.107610,1.000000,-0.173144,2.845390
7.830000,0.435267,-0.085190,0.384575,0.874364,-0.481829,-0.057656,0.001992,0.166960,2.108304,1.000000,-0.173144,2.850160
7.835000,0.435043,-0.085343,0.384595,0.874274,-0.481997,-0.057611,0.001930,0.166960,2.108997,1.000000,-0.173116,2.854955
7.840000,0.434821,-0.085499,0.384617,0.874184,-0.482167,-0.057561,0.001871,0.166960,2.109691,1.000000,-0.173069,2.859806
7.845000,0.434601,-0.085656,0.384640,0.874094,-0.482338,-0.057507,0.001812,0.166960,2.110384,1.000000,-0.173007,2.864745
7.850000,0.434384,-0.085816,0.384664,0.874003,-0.482510,-0.057447,0.001756,0.166960,2.111076,1.000000,-0.172919,2.868038
7.855000,0.434170,-0.085978,0.384690,0.873911,-0.482684,-0.057382,0.001701,0.166960,2.111769,1.000000,-0.172795,2.871625
7.860000,0.433958,-0.086143,0.384718,0.873819,-0.482859,-0.057312,0.001648,0.166960,2.112460,1.000000,-0.172647,2.875288
7.865000,0.433749,-0.086311,0.384747,0.873726,-0.483037,-0.057236,0.001596,0.166960,2.113152,1.000000,-0.172482,2.879030
7.870000,0.433543,-0.086481,0.384778,0.873632,-0.483216,-0.057154,0.001547,0.166960,2.113842,1.000000,-0.172302,2.882801
7.875000,0.433340,-0.086655,0.384810,0.873538,-0.483397,-0.057067,0.001499,0.166960,2.114532,1.000000,-0.172107,2.886602
7.880000,0.433141,-0.086831,0.384845,0.873443,-0.483580,-0.056975,0.001453,0.166960,2.115221,1.000000,-0.171881,2.890489
7.885000,0.432944,-0.087010,0.384881,0.873347,-0.483765,-0.056877,0.001409,0.166960,2.115909,1.000000,-0.171657,2.893812
7.890000,0.432750,-0.087191,0.384919,0.873250,-0.483951,-0.056774,0.001366,0.166960,2.116596,1.000000,-0.171409,2.897266
7.895000,0.432560,-0.087376,0.384958,0.873153,-0.484140,-0.056666,0.001324,0.166960,2.117282,1.000000,-0.171136,2.900751
7.900000,0.432373,-0.087564,0.385000,0.873054,-0.484331,-0.056553,0.001284,0.166960,2.117967,1.000000,-0.170840,2.904322
7.905000,0.432189,-0.087756,0.385043,0.872955,-0.484523,-0.056436,0.001245,0.166960,2.118650,1.000000,-0.170523,2.907942
7.910000,0.432009,-0.087950,0.385089,0.872855,-0.484718,-0.056314,0.001208,0.166960,2.119333,1.000000,-0.170184,2.911593
7.915000,0.431832,-0.088148,0.385136,0.872754,-0.484914,-0.056188,0.001171,0.166960,2.120014,1.000000,-0.169852,2.915211
7.920000,0.431659,-0.088349,0.385185,0.872652,-0.485113,-0.056058,0.001136,0.166960,2.120693,1.000000,-0.169516,2.918947
7.925000,0.431489,-0.088553,0.385236,0.872549,-0.485314,-0.055924,0.001101,0.166960,2.121372,1.000000,-0.169171,2.922722
7.930000,0.431323,-0.088761,0.385288,0.872445,-0.485516,-0.055786,0.001067,0.166960,2.122049,1.000000,-0.168815,2.926525
7.935000,0.431160,-0.088972,0.385343,0.872340,-0.485721,-0.055645,0.001034,0.166960,2.122724,1.000000,-0.168449,2.930360
7.940000,0.431001,-0.089187,0.385399,0.872234,-0.485928,-0.055500,0.001002,0.166960,2.123398,1.000000,-0.168076,2.934296
7.945000,0.430846,-0.089405,0.385458,0.872127,-0.486137,-0.055353,0.000971,0.166960,2.124071,1.000000,-0.167696,2.938262
7.950000,0.430694,-0.089627,0.385518,0.872019,-0.486347,-0.055202,0.000940,0.166960,2.124742,1.000000,-0.167324,2.942074
7.955000,0.430545,-0.089852,0.385580,0.871910,-0.486560,-0.055049,0.000909,0.166960,2.125411,1.000000,-0.166953,2.945955
7.960000,0.430401,-0.090081,0.385643,0.871800,-0.486775,-0.054894,0.000879,0.166960,2.126079,1.000000,-0.166583,2.949914
7.965000,0.430259,-0.090314,0.385709,0.871689,-0.486992,-0.054736,0.000849,0.166960,2.126746,1.000000,-0.166212,2.953900
7.970000,0.430122,-0.090550,0.385776,0.871577,-0.487210,-0.054577,0.000820,0.166960,2.127411,1.000000,-0.165841,2.957912
7.975000,0.429988,-0.090790,0.385844,0.871464,-0.487431,-0.054415,0.000791,0.166960,2.128074,1.000000,-0.165471,2.961971
7.980000,0.429858,-0.091033,0.385915,0.871350,-0.487654,-0.054252,0.000763,0.166960,2.128737,1.000000,-0.165105,2.966098
7.985000,0.429731,-0.091281,0.385987,0.871234,-0.487878,-0.054088,0.000734,0.166960,2.129397,1.000000,-0.164776,2.969994
7.990000,0.429608,-0.091532,0.386060,0.871118,-0.488104,-0.053922,0.000706,0.166960,2.130057,1.000000,-0.164457,2.973956
7.995000,0.429488,-0.091787,0.386135,0.871000,-0.488333,-0.053755,0.000678,0.166960,2.130715,1.000000,-0.164149,2.977981
8.000000,0.429372,-0.092046,0.386212,0.870881,-0.488563,-0.053587,0.000650,0.166960,2.131372,1.000000,-0.163851,2.982069
8.005000,0.429260,-0.092308,0.386290,0.870761,-0.488795,-0.053418,0.000622,0.166960,2.132028,1.000000,-0.163563,2.986183
8.010000,0.429151,-0.092575,0.386369,0.870640,-0.489029,-0.053248,0.000594,0.166960,2.132683,1.000000,-0.163286,2.990323
8.015000,0.429046,-0.092845,0.386450,0.870518,-0.489265,-0.053078,0.000566,0.166960,2.133337,1.000000,-0.162892,2.994514
8.020000,0.428944,-0.093119,0.386532,0.870396,-0.489502,-0.052907,0.000538,0.166960,2.133988,1.000000,-0.162363,2.998676
8.025000,0.428846,-0.093397,0.386616,0.870273,-0.489739,-0.052736,0.000511,0.166960,2.134638,1.000000,-0.161775,3.002874
8.030000,0.428751,-0.093679,0.386700,0.870149,-0.489977,-0.052566,0.000483,0.166960,2.135284,1.000000,-0.161203,3.007096
8.035000,0.428659,-0.093966,0.386786,0.870025,-0.490215,-0.052395,0.000455,0.166960,2.135929,1.000000,-0.160680,3.011391
8.040000,0.428570,-0.094256,0.386873,0.869901,-0.490453,-0.052226,0.000428,0.166960,2.136572,1.000000,-0.160221,3.015721
8.045000,0.428484,-0.094550,0.386961,0.869777,-0.490691,-0.052057,0.000401,0.166960,2.137213,1.000000,-0.159831,3.020076
8.050000,0.428400,-0.094849,0.387051,0.869652,-0.490930,-0.051889,0.000374,0.166960,2.137853,1.000000,-0.159509,3.024455
8.055000,0.428320,-0.095152,0.387141,0.869527,-0.491169,-0.051722,0.000347,0.166960,2.138492,1.000000,-0.159219,3.029234
8.060000,0.428242,-0.095459,0.387232,0.869402,-0.491409,-0.051556,0.000320,0.166960,2.139129,1.000000,-0.159005,3.033981
8.065000,0.428167,-0.095769,0.387324,0.869275,-0.491649,-0.051392,0.000293,0.166960,2.139766,1.000000,-0.158852,3.038748
8.070000,0.428094,-0.096084,0.387417,0.869149,-0.491890,-0.051229,0.000266,0.166960,2.140403,1.000000,-0.158754,3.043540
8.075000,0.428023,-0.096403,0.387510,0.869022,-0.492132,-0.051069,0.000239,0.166960,2.141039,1.000000,-0.158704,3.048377
8.080000,0.427955,-0.096725,0.387604,0.868894,-0.492373,-0.050910,0.000211,0.166960,2.141675,1.000000,-0.158701,3.053234
8.085000,0.427890,-0.097052,0.387699,0.868766,-0.492616,-0.050753,0.000183,0.166960,2.142311,1.000000,-0.158682,3.058513
8.090000,0.427826,-0.097382,0.387794,0.868637,-0.492859,-0.050599,0.000155,0.166960,2.142947,1.000000,-0.158845,3.063755
8.095000,0.427764,-0.097716,0.387889,0.868507,-0.493103,-0.050446,0.000125,0.166960,2.143585,1.000000,-0.159692,3.069034
8.100000,0.427704,-0.098053,0.387984,0.868377,-0.493348,-0.050294,0.000092,0.166960,2.144228,1.000000,-0.161072,3.074328
8.105000,0.427645,-0.098394,0.388079,0.868245,-0.493595,-0.050143,0.000057,0.166960,2.144878,1.000000,-0.162812,3.079638
8.110000,0.427586,-0.098739,0.388172,0.868113,-0.493842,-0.049993,0.000020,0.166960,2.145535,1.000000,-0.164788,3.084975
8.115000,0.427527,-0.099087,0.388264,0.867980,-0.494092,-0.049843,-0.000021,0.166960,2.146201,1.000000,-0.166916,3.090339
8.120000,0.427469,-0.099439,0.388356,0.867846,-0.494343,-0.049693,-0.000064,0.166960,2.146875,1.000000,-0.169047,3.095660
8.125000,0.427412,-0.099794,0.388446,0.867710,-0.494595,-0.049545,-0.000111,0.166960,2.147557,1.000000,-0.171219,3.101001
8.130000,0.427354,-0.100153,0.388535,0.867574,-0.494849,-0.049397,-0.000160,0.166960,2.148248,1.000000,-0.173396,3.106370
8.135000,0.427296,-0.100514,0.388623,0.867436,-0.495105,-0.049251,-0.000212,0.166960,2.148948,1.000000,-0.175572,3.111756
8.140000,0.427239,-0.100878,0.388709,0.867297,-0.495362,-0.049105,-0.000266,0.166960,2.149657,1.000000,-0.177849,3.117154
8.145000,0.427180,-0.101245,0.388795,0.867158,-0.495621,-0.048960,-0.000323,0.166960,2.150376,1.000000,-0.180231,3.122565
8.150000,0.427122,-0.101614,0.388880,0.867016,-0.495883,-0.048815,-0.000381,0.166960,2.151103,1.000000,-0.182675,3.128003
8.155000,0.427062,-0.101986,0.388964,0.866874,-0.496146,-0.048672,-0.000441,0.166960,2.151841,1.000000,-0.185063,3.133033
8.160000,0.427002,-0.102359,0.389048,0.866729,-0.496412,-0.048530,-0.000502,0.166960,2.152588,1.000000,-0.187413,3.138140
8.165000,0.426941,-0.102734,0.389132,0.866584,-0.496680,-0.048389,-0.000564,0.166960,2.153344,1.000000,-0.189696,3.143260
8.170000,0.426879,-0.103111,0.389215,0.866437,-0.496949,-0.048250,-0.000628,0.166960,2.154110,1.000000,-0.191901,3.148403
8.175000,0.426816,-0.103490,0.389298,0.866289,-0.497220,-0.048111,-0.000693,0.166960,2.154884,1.000000,-0.194021,3.153556
8.180000,0.426752,-0.103869,0.389380,0.866140,-0.497493,-0.047974,-0.000759,0.166960,2.155666,1.000000,-0.196053,3.158720
8.185000,0.426688,-0.104250,0.389462,0.865990,-0.497768,-0.047838,-0.000826,0.166960,2.156456,1.000000,-0.197993,3.163897
8.190000,0.426622,-0.104631,0.389544,0.865838,-0.498044,-0.047703,-0.000894,0.166960,2.157253,1.000000,-0.199822,3.168042
8.195000,0.426556,-0.105014,0.389625,0.865686,-0.498321,-0.047569,-0.000963,0.166960,2.158058,1.000000,-0.201542,3.172364
8.200000,0.426490,-0.105396,0.389706,0.865533,-0.498599,-0.047436,-0.001033,0.166960,2.158869,1.000000,-0.203161,3.176700
8.205000,0.426422,-0.105780,0.389786,0.865380,-0.498878,-0.047304,-0.001104,0.166960,2.159687,1.000000,-0.204684,3.181052
8.210000,0.426354,-0.106164,0.389866,0.865226,-0.499157,-0.047173,-0.001175,0.166960,2.160510,1.000000,-0.206118,3.185419
8.215000,0.426286,-0.106548,0.389946,0.865071,-0.499438,-0.047043,-0.001247,0.166960,2.161339,1.000000,-0.207463,3.189797
8.220000,0.426217,-0.106932,0.390026,0.864916,-0.499718,-0.046913,-0.001319,0.166960,2.162173,1.000000,-0.208724,3.194186
8.225000,0.426147,-0.107316,0.390105,0.864760,-0.500000,-0.046784,-0.001392,0.166960,2.163012,1.000000,-0.209913,3.196660
8.230000,0.426077,-0.107701,0.390184,0.864604,-0.500281,-0.046656,-0.001465,0.166960,2.163856,1.000000,-0.210986,3.199465
8.235000,0.426007,-0.108085,0.390263,0.864448,-0.500562,-0.046528,-0.001538,0.166960,2.164703,1.000000,-0.211966,3.202291
8.240000,0.425937,-0.108470,0.390342,0.864292,-0.500844,-0.046400,-0.001611,0.166960,2.165554,1.000000,-0.212861,3.205131
8.245000,0.425866,-0.108854,0.390420,0.864135,-0.501125,-0.046272,-0.001683,0.166960,2.166409,1.000000,-0.213679,3.207986
8.250000,0.425795,-0.109238,0.390499,0.863979,-0.501406,-0.046145,-0.001756,0.166960,2.167267,1.000000,-0.214425,3.210857
8.255000,0.425724,-0.109622,0.390577,0.863822,-0.501687,-0.046017,-0.001828,0.166960,2.168128,1.000000,-0.215118,3.211429
8.260000,0.425653,-0.110005,0.390656,0.863666,-0.501967,-0.045888,-0.001900,0.166960,2.168991,1.000000,-0.215707,3.212391
8.265000,0.425582,-0.110389,0.390734,0.863510,-0.502247,-0.045759,-0.001971,0.166960,2.169856,1.000000,-0.216220,3.213405
8.270000,0.425511,-0.110772,0.390813,0.863355,-0.502526,-0.045630,-0.002041,0.166960,2.170724,1.000000,-0.216664,3.214443
8.275000,0.425440,-0.111155,0.390891,0.863199,-0.502804,-0.045499,-0.002110,0.166960,2.171592,1.000000,-0.217047,3.215504
8.280000,0.425370,-0.111537,0.390970,0.863045,-0.503082,-0.045367,-0.002178,0.166960,2.172463,1.000000,-0.217293,3.216589
8.285000,0.425300,-0.111920,0.391049,0.862890,-0.503358,-0.045235,-0.002246,0.166960,2.173333,1.000000,-0.217315,3.217709
8.290000,0.425230,-0.112301,0.391129,0.862736,-0.503633,-0.045102,-0.002312,0.166960,2.174203,1.000000,-0.217061,3.216540
8.295000,0.425161,-0.112683,0.391209,0.862584,-0.503907,-0.044968,-0.002377,0.166960,2.175072,1.000000,-0.216531,3.215766
8.300000,0.425093,-0.113063,0.391290,0.862432,-0.504178,-0.044833,-0.002440,0.166960,2.175937,1.000000,-0.215755,3.215034
8.305000,0.425027,-0.113444,0.391371,0.862281,-0.504448,-0.044697,-0.002502,0.166960,2.176799,1.000000,-0.214754,3.214346
8.310000,0.424961,-0.113823,0.391454,0.862131,-0.504716,-0.044560,-0.002561,0.166960,2.177657,1.000000,-0.213552,3.213686
8.315000,0.424898,-0.114202,0.391537,0.861982,-0.504981,-0.044422,-0.002619,0.166960,2.178509,1.000000,-0.212166,3.213055
8.320000,0.424836,-0.114581,0.391622,0.861835,-0.505245,-0.044284,-0.002675,0.166960,2.179355,1.000000,-0.210618,3.212472
8.325000,0.424776,-0.114958,0.391708,0.861689,-0.505505,-0.044145,-0.002729,0.166960,2.180195,1.000000,-0.208851,3.209101
8.330000,0.424718,-0.115335,0.391795,0.861545,-0.505763,-0.044005,-0.002781,0.166960,2.181027,1.000000,-0.206848,3.206216
8.335000,0.424662,-0.115712,0.391884,0.861402,-0.506018,-0.043864,-0.002830,0.166960,2.181850,1.000000,-0.204642,3.203376
8.340000,0.424609,-0.116087,0.391975,0.861262,-0.506269,-0.043722,-0.002876,0.166960,2.182665,1.000000,-0.202256,3.200584
8.345000,0.424559,-0.116463,0.392068,0.861123,-0.506517,-0.043580,-0.002920,0.166960,2.183469,1.000000,-0.199714,3.197834
8.350000,0.424511,-0.116837,0.392162,0.860986,-0.506762,-0.043436,-0.002961,0.166960,2.184263,1.000000,-0.197035,3.195121
8.355000,0.424466,-0.117211,0.392259,0.860851,-0.507004,-0.043292,-0.002999,0.166960,2.185046,1.000000,-0.194240,3.192451
8.360000,0.424425,-0.117585,0.392358,0.860718,-0.507242,-0.043147,-0.003035,0.166960,2.185817,1.000000,-0.191315,3.187450
8.365000,0.424386,-0.117957,0.392459,0.860587,-0.507476,-0.043001,-0.003068,0.166960,2.186576,1.000000,-0.188219,3.182880
8.370000,0.424352,-0.118330,0.392562,0.860458,-0.507706,-0.042854,-0.003098,0.166960,2.187323,1.000000,-0.184860,3.178366
8.375000,0.424321,-0.118702,0.392668,0.860332,-0.507932,-0.042705,-0.003125,0.166960,2.188055,1.000000,-0.181158,3.173914
8.380000,0.424295,-0.119073,0.392777,0.860209,-0.508153,-0.042555,-0.003151,0.166960,2.188772,1.000000,-0.177226,3.169538
8.385000,0.424273,-0.119444,0.392888,0.860089,-0.508369,-0.042402,-0.003175,0.166960,2.189472,1.000000,-0.173152,3.165212
8.390000,0.424257,-0.119815,0.393002,0.859972,-0.508579,-0.042246,-0.003198,0.166960,2.190156,1.000000,-0.168999,3.160938
8.395000,0.424245,-0.120185,0.393119,0.859859,-0.508784,-0.042088,-0.003219,0.166960,2.190824,1.000000,-0.164680,3.154570
8.400000,0.424240,-0.120555,0.393238,0.859749,-0.508983,-0.041927,-0.003239,0.166960,2.191473,1.000000,-0.160233,3.148617
8.405000,0.424239,-0.120925,0.393360,0.859642,-0.509177,-0.041763,-0.003258,0.166960,2.192105,1.000000,-0.155717,3.142725
8.410000,0.424245,-0.121295,0.393485,0.859539,-0.509364,-0.041596,-0.003276,0.166960,2.192718,1.000000,-0.151173,3.136893
8.415000,0.424256,-0.121665,0.393613,0.859439,-0.509546,-0.041427,-0.003293,0.166960,2.193314,1.000000,-0.146632,3.131164
8.420000,0.424273,-0.122035,0.393744,0.859343,-0.509723,-0.041254,-0.003308,0.166960,2.193891,1.000000,-0.142124,3.125494
8.425000,0.424297,-0.122405,0.393878,0.859250,-0.509893,-0.041079,-0.003323,0.166960,2.194450,1.000000,-0.137538,3.117122
8.430000,0.424326,-0.122775,0.394015,0.859161,-0.510058,-0.040900,-0.003336,0.166960,2.194991,1.000000,-0.132869,3.109278
8.435000,0.424362,-0.123145,0.394156,0.859075,-0.510216,-0.040718,-0.003348,0.166960,2.195513,1.000000,-0.128173,3.101533
8.440000,0.424404,-0.123516,0.394299,0.858993,-0.510369,-0.040533,-0.003358,0.166960,2.196016,1.000000,-0.123487,3.093857
8.445000,0.424452,-0.123887,0.394447,0.858915,-0.510516,-0.040345,-0.003368,0.166960,2.196500,1.000000,-0.118837,3.086253
8.450000,0.424507,-0.124258,0.394598,0.858840,-0.510657,-0.040154,-0.003376,0.166960,2.196967,1.000000,-0.114246,3.078748
8.455000,0.424568,-0.124630,0.394752,0.858768,-0.510792,-0.039960,-0.003382,0.166960,2.197415,1.000000,-0.109729,3.071315
8.460000,0.424636,-0.125002,0.394910,0.858700,-0.510922,-0.039763,-0.003387,0.166960,2.197844,1.000000,-0.105190,3.062164
8.465000,0.424710,-0.125374,0.395072,0.858636,-0.511046,-0.039564,-0.003391,0.166960,2.198256,1.000000,-0.100642,3.053429
8.470000,0.424791,-0.125747,0.395238,0.858575,-0.511164,-0.039362,-0.003393,0.166960,2.198650,1.000000,-0.096119,3.044787
8.475000,0.424878,-0.126121,0.395407,0.858517,-0.511276,-0.039157,-0.003394,0.166960,2.199026,1.000000,-0.091646,3.036222
8.480000,0.424972,-0.126495,0.395580,0.858463,-0.511383,-0.038950,-0.003394,0.166960,2.199384,1.000000,-0.087241,3.027758
8.485000,0.425072,-0.126869,0.395757,0.858412,-0.511484,-0.038741,-0.003392,0.166960,2.199724,1.000000,-0.082919,3.019382
8.490000,0.425179,-0.127245,0.395937,0.858365,-0.511580,-0.038529,-0.003389,0.166960,2.200048,1.000000,-0.078695,3.011084
8.495000,0.425292,-0.127620,0.396121,0.858320,-0.511670,-0.038317,-0.003385,0.166960,2.200354,1.000000,-0.074439,3.001790
8.500000,0.425411,-0.127996,0.396309,0.858279,-0.511755,-0.038102,-0.003379,0.166960,2.200644,1.000000,-0.070229,2.992761
8.505000,0.425537,-0.128373,0.396500,0.858241,-0.511835,-0.037887,-0.003372,0.166960,2.200917,1.000000,-0.066077,2.983810
8.510000,0.425669,-0.128751,0.396695,0.858207,-0.511909,-0.037670,-0.003364,0.166960,2.201174,1.000000,-0.061995,2.974994
8.515000,0.425808,-0.129129,0.396892,0.858175,-0.511978,-0.037453,-0.003354,0.166960,2.201414,1.000000,-0.058002,2.966253
8.520000,0.425953,-0.129507,0.397093,0.858146,-0.512042,-0.037235,-0.003344,0.166960,2.201639,1.000000,-0.054113,2.957620
8.525000,0.426104,-0.129886,0.397297,0.858121,-0.512101,-0.037016,-0.003332,0.166960,2.201849,1.000000,-0.050336,2.949091
8.530000,0.426261,-0.130266,0.397504,0.858098,-0.512155,-0.036798,-0.003319,0.166960,2.202043,1.000000,-0.046562,2.939256
8.535000,0.426425,-0.130647,0.397714,0.858078,-0.512204,-0.036579,-0.003305,0.166960,2.202223,1.000000,-0.042816,2.929775
8.540000,0.426594,-0.131028,0.397927,0.858062,-0.512247,-0.036360,-0.003290,0.166960,2.202387,1.000000,-0.039128,2.920396
8.545000,0.426770,-0.131410,0.398142,0.858048,-0.512286,-0.036141,-0.003274,0.166960,2.202538,1.000000,-0.035526,2.911156
8.550000,0.426952,-0.131792,0.398360,0.858037,-0.512320,-0.035923,-0.003258,0.166960,2.202674,1.000000,-0.032007,2.902031
8.555000,0.427140,-0.132175,0.398580,0.858029,-0.512348,-0.035706,-0.003240,0.166960,2.202796,1.000000,-0.028581,2.893044
8.560000,0.427334,-0.132559,0.398802,0.858024,-0.512372,-0.035489,-0.003221,0.166960,2.202905,1.000000,-0.025269,2.884190
8.565000,0.427534,-0.132944,0.399026,0.858021,-0.512391,-0.035273,-0.003201,0.166960,2.203000,1.000000,-0.021925,2.874156
8.570000,0.427740,-0.133330,0.399253,0.858022,-0.512406,-0.035057,-0.003180,0.166960,2.203082,1.000000,-0.018609,2.864499
8.575000,0.427952,-0.133716,0.399481,0.858025,-0.512415,-0.034843,-0.003159,0.166960,2.203151,1.000000,-0.015388,2.855003
8.580000,0.428170,-0.134102,0.399711,0.858031,-0.512420,-0.034630,-0.003137,0.166960,2.203208,1.000000,-0.012310,2.845720
8.585000,0.428393,-0.134490,0.399943,0.858039,-0.512421,-0.034418,-0.003114,0.166960,2.203252,1.000000,-0.009368,2.836608
8.590000,0.428622,-0.134878,0.400177,0.858050,-0.512417,-0.034207,-0.003090,0.166960,2.203286,1.000000,-0.006563,2.827732
8.595000,0.428857,-0.135266,0.400413,0.858063,-0.512408,-0.033996,-0.003065,0.166960,2.203307,1.000000,-0.003681,2.817868
8.600000,0.429097,-0.135655,0.400650,0.858079,-0.512396,-0.033787,-0.003039,0.166960,2.203318,1.000000,-0.000855,2.808461
8.605000,0.429342,-0.136044,0.400890,0.858097,-0.512379,-0.033579,-0.003013,0.166960,2.203317,1.000000,0.001892,2.799299
8.610000,0.429592,-0.136433,0.401131,0.858118,-0.512358,-0.033372,-0.002986,0.166960,2.203302,1.000000,0.004583,2.790419
8.615000,0.429848,-0.136822,0.401374,0.858141,-0.512333,-0.033167,-0.002958,0.166960,2.203275,1.000000,0.007172,2.781799
8.620000,0.430108,-0.137211,0.401618,0.858166,-0.512304,-0.032964,-0.002929,0.166960,2.203234,1.000000,0.009691,2.773514
8.625000,0.430374,-0.137600,0.401864,0.858194,-0.512271,-0.032761,-0.002899,0.166961,2.203182,1.000000,0.012099,2.765509
8.630000,0.430644,-0.137989,0.402111,0.858224,-0.512234,-0.032561,-0.002869,0.166961,2.203117,1.000000,0.014682,2.756822
8.635000,0.430919,-0.138377,0.402360,0.858255,-0.512193,-0.032363,-0.002838,0.166961,2.203039,1.000000,0.017210,2.748641
8.640000,0.431199,-0.138765,0.402609,0.858290,-0.512149,-0.032167,-0.002806,0.166961,2.202948,1.000000,0.019685,2.740771
8.645000,0.431483,-0.139152,0.402860,0.858326,-0.512101,-0.031973,-0.002774,0.166961,2.202846,1.000000,0.022108,2.733237
8.650000,0.431771,-0.139539,0.403111,0.858364,-0.512049,-0.031782,-0.002742,0.166961,2.202731,1.000000,0.024453,2.726023
8.655000,0.432064,-0.139924,0.403363,0.858404,-0.511993,-0.031593,-0.002708,0.166961,2.202605,1.000000,0.026773,2.719207
8.660000,0.432361,-0.140309,0.403615,0.858447,-0.511933,-0.031407,-0.002675,0.166961,2.202468,1.000000,0.029062,2.712752
8.665000,0.432662,-0.140693,0.403867,0.858491,-0.511870,-0.031224,-0.002640,0.166961,2.202318,1.000000,0.031524,2.705859
8.670000,0.432967,-0.141075,0.404119,0.858538,-0.511803,-0.031045,-0.002606,0.166961,2.202156,1.000000,0.033977,2.699452
8.675000,0.433276,-0.141457,0.404371,0.858587,-0.511732,-0.030869,-0.002572,0.166961,2.201982,1.000000,0.036429,2.693463
8.680000,0.433590,-0.141837,0.404621,0.858638,-0.511657,-0.030697,-0.002537,0.166961,2.201796,1.000000,0.038835,2.687779
8.685000,0.433907,-0.142215,0.404871,0.858691,-0.511578,-0.030528,-0.002503,0.166961,2.201598,1.000000,0.041192,2.682446
8.690000,0.434228,-0.142593,0.405119,0.858746,-0.511495,-0.030364,-0.002468,0.166961,2.201388,1.000000,0.043503,2.677550
8.695000,0.434553,-0.142969,0.405366,0.858804,-0.511408,-0.030203,-0.002433,0.166961,2.201166,1.000000,0.045862,2.669201
8.700000,0.434881,-0.143343,0.405611,0.858863,-0.511318,-0.030047,-0.002398,0.166961,2.200932,1.000000,0.048367,2.659830
8.705000,0.435214,-0.143716,0.405855,0.858925,-0.511223,-0.029894,-0.002363,0.166961,2.200686,1.000000,0.050778,2.650513
8.710000,0.435549,-0.144087,0.406096,0.858988,-0.511125,-0.029746,-0.002328,0.166961,2.200428,1.000000,0.053112,2.641263
8.715000,0.435888,-0.144457,0.406335,0.859054,-0.511024,-0.029602,-0.002293,0.166961,2.200158,1.000000,0.055369,2.632074
8.720000,0.436231,-0.144825,0.406571,0.859121,-0.510918,-0.029463,-0.002257,0.166961,2.199877,1.000000,0.057551,2.622986
8.725000,0.436576,-0.145192,0.406804,0.859190,-0.510810,-0.029328,-0.002222,0.166961,2.199587,1.000000,0.059401,2.613954
8.730000,0.436924,-0.145557,0.407035,0.859260,-0.510700,-0.029197,-0.002186,0.166961,2.199289,1.000000,0.060465,2.605025
8.735000,0.437276,-0.145920,0.407263,0.859330,-0.510590,-0.029070,-0.002150,0.166961,2.198987,1.000000,0.061218,2.596765
8.740000,0.437631,-0.146281,0.407488,0.859399,-0.510481,-0.028947,-0.002115,0.166961,2.198682,1.000000,0.061644,2.588499
8.745000,0.437989,-0.146640,0.407709,0.859467,-0.510374,-0.028828,-0.002080,0.166961,2.198375,1.000000,0.061894,2.580322
8.750000,0.438351,-0.146996,0.407926,0.859533,-0.510268,-0.028712,-0.002046,0.166961,2.198068,1.000000,0.062039,2.572214
8.755000,0.438717,-0.147350,0.408140,0.859598,-0.510165,-0.028601,-0.002013,0.166961,2.197760,1.000000,0.062120,2.564239
8.760000,0.439086,-0.147701,0.408349,0.859662,-0.510065,-0.028492,-0.001980,0.166961,2.197452,1.000000,0.062159,2.556313
8.765000,0.439459,-0.148050,0.408555,0.859723,-0.509967,-0.028387,-0.001949,0.166961,2.197143,1.000000,0.062207,2.548744
8.770000,0.439836,-0.148396,0.408756,0.859783,-0.509872,-0.028284,-0.001919,0.166961,2.196835,1.000000,0.062222,2.541197
8.775000,0.440217,-0.148739,0.408953,0.859841,-0.509780,-0.028185,-0.001890,0.166961,2.196526,1.000000,0.062223,2.533807
8.780000,0.440601,-0.149079,0.409146,0.859897,-0.509690,-0.028088,-0.001861,0.166961,2.196217,1.000000,0.062211,2.526511
8.785000,0.440990,-0.149416,0.409334,0.859952,-0.509604,-0.027994,-0.001834,0.166961,2.195909,1.000000,0.062183,2.519340
8.790000,0.441382,-0.149750,0.409518,0.860004,-0.509520,-0.027902,-0.001807,0.166961,2.195601,1.000000,0.062137,2.512291
8.793100,0.441699,-0.150015,0.409662,0.860045,-0.509456,-0.027831,-0.001786,0.166961,2.195408,1.000000,0.062458,2.508430
