{
  "skill_name": "eight_1",
  "match_ms": 223.124,
  "j_end": 438,
  "s": 0.81603497,
  "t": [
    0.56732102,
    -0.39039615,
    0.74676036
  ],
  "R": [
    [
      -0.28839842,
      0.95749469,
      0.00550176
    ],
    [
      0.95750033,
      0.28836412,
      0.00626492
    ],
    [
      0.00441212,
      0.00707473,
      -0.99996524
    ]
  ]
}
