time,x,y,z,qx,qy,qz,qw,alpha,tank_energy,passivity_lambda,passivity_power,autonomy_wrench_norm
0.000000,0.587955,0.211045,0.415595,0.970003,-0.239081,-0.043576,-0.005932,0.059487,2.000000,1.000000,0.000000,0.000000
0.005000,0.587955,0.211045,0.415595,0.970003,-0.239081,-0.043575,-0.005932,0.068811,2.000000,1.000000,0.000148,0.386844
0.010000,0.587956,0.211045,0.415596,0.970003,-0.239081,-0.043572,-0.005932,0.070273,1.999998,1.000000,0.000281,0.403348
0.015000,0.587957,0.211044,0.415598,0.970003,-0.239082,-0.043569,-0.005933,0.070501,1.999997,1.000000,0.000365,0.413038
0.020000,0.587957,0.211043,0.415601,0.970003,-0.239083,-0.043565,-0.005934,0.070537,1.999995,1.000000,0.000416,0.421753
0.025000,0.587958,0.211042,0.415603,0.970003,-0.239084,-0.043561,-0.005935,0.070542,1.999993,1.000000,0.000446,0.430429
0.030000,0.587959,0.211040,0.415606,0.970003,-0.239085,-0.043556,-0.005936,0.070543,1.999990,1.000000,0.000463,0.439184
0.035000,0.587960,0.211039,0.415609,0.970003,-0.239086,-0.043551,-0.005937,0.070543,1.999988,1.000000,0.000469,0.448006
0.040000,0.587960,0.211038,0.415611,0.970003,-0.239088,-0.043547,-0.005938,0.070543,1.999986,1.000000,0.000469,0.456926
0.045000,0.587961,0.211036,0.415614,0.970003,-0.239089,-0.043542,-0.005939,0.070542,1.999983,1.000000,0.000464,0.465881
0.050000,0.587962,0.211035,0.415617,0.970003,-0.239090,-0.043538,-0.005940,0.070542,1.999981,1.000000,0.000455,0.474920
0.055000,0.587962,0.211034,0.415620,0.970003,-0.239091,-0.043533,-0.005941,0.070542,1.999979,1.000000,0.000443,0.484022
0.060000,0.587963,0.211032,0.415623,0.970002,-0.239092,-0.043529,-0.005942,0.070542,1.999977,1.000000,0.000429,0.493198
0.065000,0.587963,0.211031,0.415625,0.970002,-0.239093,-0.043525,-0.005943,0.070542,1.999975,1.000000,0.000414,0.502375
0.070000,0.587964,0.211030,0.415627,0.970002,-0.239095,-0.043521,-0.005944,0.070542,1.999972,1.000000,0.000398,0.511612
0.075000,0.587964,0.211029,0.415630,0.970002,-0.239096,-0.043518,-0.005945,0.070542,1.999971,1.000000,0.000381,0.520976
0.080000,0.587965,0.211028,0.415632,0.970002,-0.239097,-0.043514,-0.005946,0.070542,1.999969,1.000000,0.000363,0.530267
0.085000,0.587965,0.211027,0.415634,0.970002,-0.239098,-0.043511,-0.005947,0.070542,1.999967,1.000000,0.000344,0.539600
0.090000,0.587965,0.211026,0.415636,0.970002,-0.239099,-0.043508,-0.005948,0.070542,1.999965,1.000000,0.000324,0.548978
0.095000,0.587965,0.211025,0.415638,0.970002,-0.239099,-0.043505,-0.005949,0.070542,1.999964,1.000000,0.000303,0.558400
0.100000,0.587966,0.211024,0.415639,0.970002,-0.239100,-0.043503,-0.005950,0.070541,1.999962,1.000000,0.000282,0.567864
0.105000,0.587966,0.211023,0.415641,0.970002,-0.239101,-0.043501,-0.005951,0.070541,1.999961,1.000000,0.000261,0.577338
0.110000,0.587966,0.211022,0.415642,0.970001,-0.239102,-0.043499,-0.005952,0.070541,1.999960,1.000000,0.000239,0.586796
0.115000,0.587966,0.211022,0.415643,0.970001,-0.239102,-0.043497,-0.005953,0.070541,1.999959,1.000000,0.000218,0.596358
0.120000,0.587966,0.211021,0.415644,0.970001,-0.239103,-0.043495,-0.005954,0.070541,1.999958,1.000000,0.000198,0.606005
0.125000,0.587966,0.211021,0.415645,0.970001,-0.239103,-0.043494,-0.005954,0.070541,1.999957,1.000000,0.000177,0.615691
0.130000,0.587966,0.211020,0.415646,0.970001,-0.239104,-0.043493,-0.005955,0.070541,1.999956,1.000000,0.000157,0.625409
0.135000,0.587966,0.211020,0.415646,0.970001,-0.239104,-0.043492,-0.005956,0.070541,1.999955,1.000000,0.000137,0.635163
0.140000,0.587965,0.211019,0.415646,0.970001,-0.239105,-0.043492,-0.005957,0.070541,1.999954,1.000000,0.000117,0.645018
0.145000,0.587965,0.211019,0.415647,0.970001,-0.239105,-0.043491,-0.005957,0.070541,1.999954,1.000000,0.000098,0.654928
0.150000,0.587965,0.211019,0.415647,0.970001,-0.239105,-0.043491,-0.005958,0.070541,1.999953,1.000000,0.000080,0.664965
0.155000,0.587965,0.211019,0.415647,0.970001,-0.239106,-0.043491,-0.005959,0.070541,1.999953,1.000000,0.000063,0.674976
0.160000,0.587964,0.211018,0.415646,0.970001,-0.239106,-0.043491,-0.005959,0.070540,1.999953,1.000000,0.000047,0.685014
0.165000,0.587964,0.211018,0.415646,0.970001,-0.239106,-0.043492,-0.005960,0.070540,1.999953,1.000000,0.000031,0.695073
0.170000,0.587963,0.211018,0.415646,0.970001,-0.239106,-0.043492,-0.005960,0.070540,1.999953,1.000000,0.000017,0.705159
0.175000,0.587963,0.211018,0.415645,0.970001,-0.239106,-0.043493,-0.005961,0.070540,1.999952,1.000000,0.000002,0.715254
0.180000,0.587962,0.211018,0.415644,0.970001,-0.239106,-0.043494,-0.005962,0.070540,1.999953,1.000000,-0.000011,0.725373
0.185000,0.587962,0.211019,0.415643,0.970000,-0.239106,-0.043495,-0.005962,0.070540,1.999953,1.000000,-0.000024,0.735666
0.190000,0.587961,0.211019,0.415642,0.970000,-0.239106,-0.043497,-0.005963,0.070540,1.999953,1.000000,-0.000034,0.746010
0.195000,0.587960,0.211019,0.415641,0.970000,-0.239106,-0.043498,-0.005963,0.070540,1.999953,1.000000,-0.000044,0.756340
0.200000,0.587960,0.211019,0.415640,0.970000,-0.239106,-0.043500,-0.005964,0.070539,1.999953,1.000000,-0.000053,0.766636
0.205000,0.587959,0.211020,0.415639,0.970000,-0.239105,-0.043501,-0.005964,0.070539,1.999953,1.000000,-0.000061,0.776958
0.210000,0.587958,0.211020,0.415638,0.970000,-0.239105,-0.043503,-0.005964,0.070539,1.999954,1.000000,-0.000069,0.787387
0.215000,0.587958,0.211020,0.415637,0.970000,-0.239105,-0.043505,-0.005965,0.070539,1.999954,1.000000,-0.000075,0.797956
0.220000,0.587957,0.211021,0.415635,0.970000,-0.239105,-0.043507,-0.005965,0.070539,1.999954,1.000000,-0.000080,0.808464
0.225000,0.587956,0.211021,0.415634,0.970000,-0.239104,-0.043510,-0.005966,0.070539,1.999954,1.000000,-0.000084,0.818959
0.230000,0.587955,0.211022,0.415632,0.970000,-0.239104,-0.043512,-0.005966,0.070539,1.999955,1.000000,-0.000087,0.829512
0.235000,0.587954,0.211022,0.415631,0.970000,-0.239104,-0.043514,-0.005966,0.070539,1.999955,1.000000,-0.000089,0.840155
0.240000,0.587953,0.211023,0.415629,0.970000,-0.239103,-0.043516,-0.005967,0.070538,1.999956,1.000000,-0.000091,0.850816
0.245000,0.587952,0.211023,0.415628,0.970000,-0.239103,-0.043519,-0.005967,0.070538,1.999956,1.000000,-0.000092,0.861372
0.250000,0.587951,0.211024,0.415626,0.970000,-0.239102,-0.043521,-0.005967,0.070538,1.999956,1.000000,-0.000092,0.872025
0.255000,0.587950,0.211025,0.415625,0.970000,-0.239102,-0.043524,-0.005967,0.070538,1.999957,1.000000,-0.000092,0.882713
0.260000,0.587949,0.211025,0.415623,0.970000,-0.239101,-0.043527,-0.005968,0.070538,1.999957,1.000000,-0.000092,0.893426
0.265000,0.587948,0.211026,0.415622,0.970000,-0.239101,-0.043529,-0.005968,0.070538,1.999957,1.000000,-0.000091,0.904140
0.270000,0.587947,0.211026,0.415620,0.970000,-0.239101,-0.043532,-0.005968,0.070538,1.999958,1.000000,-0.000089,0.914821
0.275000,0.587945,0.211027,0.415618,0.970000,-0.239100,-0.043535,-0.005968,0.070537,1.999958,1.000000,-0.000087,0.925517
0.280000,0.587944,0.211028,0.415617,0.970000,-0.239100,-0.043538,-0.005968,0.070537,1.999958,1.000000,-0.000085,0.936339
0.285000,0.587943,0.211029,0.415615,0.970000,-0.239099,-0.043541,-0.005968,0.070537,1.999959,1.000000,-0.000083,0.947186
0.290000,0.587942,0.211029,0.415613,0.970000,-0.239099,-0.043544,-0.005968,0.070537,1.999959,1.000000,-0.000082,0.958020
0.295000,0.587940,0.211030,0.415612,0.970000,-0.239098,-0.043547,-0.005968,0.070537,1.999959,1.000000,-0.000080,0.968834
0.300000,0.587939,0.211031,0.415610,0.970000,-0.239098,-0.043550,-0.005968,0.070537,1.999960,1.000000,-0.000079,0.979662
0.305000,0.587938,0.211031,0.415608,0.970000,-0.239097,-0.043553,-0.005968,0.070537,1.999960,1.000000,-0.000078,0.990558
0.310000,0.587936,0.211032,0.415606,0.970000,-0.239097,-0.043556,-0.005968,0.070536,1.999960,1.000000,-0.000077,1.001466
0.315000,0.587935,0.211033,0.415604,0.970000,-0.239096,-0.043559,-0.005968,0.070536,1.999961,1.000000,-0.000076,1.012367
0.320000,0.587933,0.211034,0.415603,0.970000,-0.239096,-0.043562,-0.005968,0.070536,1.999961,1.000000,-0.000076,1.023246
0.325000,0.587932,0.211034,0.415601,0.970000,-0.239095,-0.043565,-0.005967,0.070536,1.999961,1.000000,-0.000076,1.034136
0.330000,0.587931,0.211035,0.415599,0.970000,-0.239095,-0.043569,-0.005967,0.070536,1.999961,1.000000,-0.000077,1.045029
0.335000,0.587929,0.211036,0.415597,0.970000,-0.239094,-0.043572,-0.005966,0.070536,1.999962,1.000000,-0.000077,1.055930
0.340000,0.587928,0.211037,0.415595,0.970000,-0.239094,-0.043575,-0.005966,0.070535,1.999962,1.000000,-0.000078,1.066833
0.345000,0.587926,0.211037,0.415592,0.970000,-0.239094,-0.043579,-0.005965,0.070535,1.999962,1.000000,-0.000079,1.077736
0.350000,0.587924,0.211038,0.415590,0.970000,-0.239093,-0.043582,-0.005964,0.070535,1.999963,1.000000,-0.000080,1.088649
0.355000,0.587923,0.211039,0.415588,0.970000,-0.239093,-0.043586,-0.005963,0.070535,1.999963,1.000000,-0.000082,1.099552
0.360000,0.587921,0.211040,0.415586,0.970000,-0.239092,-0.043589,-0.005963,0.070535,1.999963,1.000000,-0.000083,1.110464
0.365000,0.587920,0.211041,0.415583,0.970000,-0.239092,-0.043593,-0.005962,0.070534,1.999964,1.000000,-0.000085,1.121383
0.370000,0.587918,0.211042,0.415581,0.970000,-0.239091,-0.043597,-0.005960,0.070534,1.999964,1.000000,-0.000087,1.132306
0.375000,0.587916,0.211043,0.415578,0.969999,-0.239091,-0.043600,-0.005959,0.070534,1.999964,1.000000,-0.000089,1.143236
0.380000,0.587915,0.211044,0.415576,0.969999,-0.239091,-0.043604,-0.005958,0.070534,1.999965,1.000000,-0.000090,1.154194
0.385000,0.587913,0.211044,0.415573,0.969999,-0.239090,-0.043608,-0.005956,0.070534,1.999965,1.000000,-0.000093,1.165024
0.390000,0.587911,0.211045,0.415570,0.969999,-0.239090,-0.043612,-0.005955,0.070533,1.999965,1.000000,-0.000095,1.175860
0.395000,0.587909,0.211046,0.415567,0.969999,-0.239089,-0.043616,-0.005953,0.070533,1.999966,1.000000,-0.000098,1.186723
0.400000,0.587908,0.211047,0.415564,0.969999,-0.239089,-0.043620,-0.005951,0.070533,1.999966,1.000000,-0.000102,1.197591
0.405000,0.587906,0.211048,0.415561,0.969999,-0.239088,-0.043624,-0.005950,0.070533,1.999967,1.000000,-0.000105,1.208458
0.410000,0.587904,0.211049,0.415558,0.969999,-0.239088,-0.043628,-0.005948,0.070532,1.999967,1.000000,-0.000109,1.219302
0.415000,0.587902,0.211051,0.415555,0.969999,-0.239088,-0.043633,-0.005945,0.070532,1.999968,1.000000,-0.000114,1.230150
0.420000,0.587900,0.211052,0.415551,0.969999,-0.239087,-0.043637,-0.005943,0.070532,1.999968,1.000000,-0.000120,1.240677
0.425000,0.587898,0.211053,0.415548,0.969999,-0.239087,-0.043641,-0.005941,0.070532,1.999968,1.000000,-0.000127,1.251219
0.430000,0.587896,0.211054,0.415544,0.969999,-0.239086,-0.043646,-0.005938,0.070531,1.999969,1.000000,-0.000136,1.261765
0.435000,0.587894,0.211055,0.415540,0.969999,-0.239086,-0.043650,-0.005935,0.070531,1.999970,1.000000,-0.000146,1.272276
0.440000,0.587892,0.211056,0.415536,0.969999,-0.239086,-0.043655,-0.005932,0.070531,1.999970,1.000000,-0.000158,1.282763
0.445000,0.587890,0.211058,0.415532,0.969998,-0.239085,-0.043660,-0.005929,0.070531,1.999971,1.000000,-0.000169,1.293254
0.450000,0.587888,0.211059,0.415527,0.969998,-0.239085,-0.043665,-0.005926,0.070530,1.999972,1.000000,-0.000177,1.303824
0.455000,0.587886,0.211060,0.415523,0.969998,-0.239084,-0.043671,-0.005922,0.070530,1.999972,1.000000,-0.000183,1.313532
0.460000,0.587883,0.211062,0.415517,0.969998,-0.239084,-0.043678,-0.005918,0.070530,1.999973,1.000000,-0.000187,1.323246
0.465000,0.587880,0.211064,0.415512,0.969998,-0.239084,-0.043686,-0.005914,0.070530,1.999974,1.000000,-0.000189,1.332907
0.470000,0.587876,0.211065,0.415506,0.969997,-0.239083,-0.043695,-0.005910,0.070529,1.999974,1.000000,-0.000190,1.342554
0.475000,0.587872,0.211067,0.415500,0.969997,-0.239083,-0.043705,-0.005905,0.070529,1.999975,1.000000,-0.000190,1.352206
0.480000,0.587867,0.211070,0.415493,0.969997,-0.239083,-0.043716,-0.005900,0.070529,1.999976,1.000000,-0.000190,1.361852
0.485000,0.587862,0.211072,0.415486,0.969996,-0.239083,-0.043729,-0.005895,0.070529,1.999977,1.000000,-0.000190,1.371498
0.490000,0.587857,0.211074,0.415478,0.969996,-0.239082,-0.043743,-0.005890,0.070528,1.999977,1.000000,-0.000190,1.379770
0.495000,0.587851,0.211077,0.415470,0.969995,-0.239082,-0.043759,-0.005884,0.070528,1.999978,1.000000,-0.000187,1.388096
0.500000,0.587844,0.211080,0.415461,0.969994,-0.239082,-0.043776,-0.005878,0.070528,1.999979,1.000000,-0.000183,1.396444
0.505000,0.587836,0.211083,0.415451,0.969993,-0.239082,-0.043795,-0.005871,0.070528,1.999980,1.000000,-0.000178,1.404797
0.510000,0.587828,0.211087,0.415441,0.969993,-0.239082,-0.043816,-0.005864,0.070528,1.999980,1.000000,-0.000175,1.413121
0.515000,0.587819,0.211091,0.415430,0.969992,-0.239082,-0.043839,-0.005856,0.070527,1.999981,1.000000,-0.000172,1.421435
0.520000,0.587809,0.211094,0.415419,0.969990,-0.239082,-0.043864,-0.005848,0.070527,1.999982,1.000000,-0.000171,1.429755
0.525000,0.587798,0.211099,0.415406,0.969989,-0.239082,-0.043891,-0.005840,0.070527,1.999982,1.000000,-0.000169,1.436708
0.530000,0.587787,0.211103,0.415393,0.969988,-0.239082,-0.043920,-0.005831,0.070527,1.999983,1.000000,-0.000165,1.443679
0.535000,0.587774,0.211108,0.415379,0.969987,-0.239083,-0.043951,-0.005821,0.070527,1.999984,1.000000,-0.000159,1.450658
0.540000,0.587761,0.211113,0.415364,0.969985,-0.239083,-0.043985,-0.005810,0.070526,1.999984,1.000000,-0.000154,1.457644
0.545000,0.587747,0.211119,0.415348,0.969983,-0.239083,-0.044021,-0.005799,0.070526,1.999985,1.000000,-0.000148,1.464636
0.550000,0.587732,0.211124,0.415331,0.969982,-0.239084,-0.044059,-0.005788,0.070526,1.999985,1.000000,-0.000144,1.471634
0.555000,0.587716,0.211130,0.415314,0.969980,-0.239084,-0.044100,-0.005775,0.070526,1.999986,1.000000,-0.000138,1.477895
0.560000,0.587699,0.211137,0.415295,0.969978,-0.239085,-0.044143,-0.005762,0.070526,1.999986,1.000000,-0.000130,1.484120
0.565000,0.587682,0.211144,0.415275,0.969975,-0.239086,-0.044188,-0.005749,0.070525,1.999987,1.000000,-0.000120,1.490349
0.570000,0.587663,0.211151,0.415254,0.969973,-0.239086,-0.044236,-0.005734,0.070525,1.999987,1.000000,-0.000109,1.496595
0.575000,0.587643,0.211158,0.415233,0.969971,-0.239087,-0.044286,-0.005719,0.070525,1.999988,1.000000,-0.000098,1.502877
0.580000,0.587623,0.211165,0.415210,0.969968,-0.239088,-0.044339,-0.005703,0.070525,1.999988,1.000000,-0.000080,1.509164
0.585000,0.587601,0.211173,0.415187,0.969965,-0.239090,-0.044394,-0.005686,0.070525,1.999988,1.000000,-0.000041,1.515452
0.590000,0.587579,0.211181,0.415163,0.969962,-0.239092,-0.044451,-0.005667,0.070525,1.999988,1.000000,0.000026,1.521380
0.595000,0.587555,0.211189,0.415137,0.969959,-0.239094,-0.044510,-0.005647,0.070524,1.999988,1.000000,0.000111,1.527309
0.600000,0.587530,0.211196,0.415111,0.969956,-0.239097,-0.044571,-0.005625,0.070524,1.999987,1.000000,0.000212,1.533241
0.605000,0.587505,0.211203,0.415085,0.969952,-0.239101,-0.044635,-0.005602,0.070524,1.999985,1.000000,0.000325,1.539200
0.610000,0.587478,0.211210,0.415057,0.969948,-0.239106,-0.044701,-0.005577,0.070524,1.999983,1.000000,0.000449,1.545162
0.615000,0.587450,0.211217,0.415029,0.969944,-0.239112,-0.044769,-0.005550,0.070524,1.999981,1.000000,0.000582,1.551126
0.620000,0.587421,0.211223,0.415000,0.969939,-0.239118,-0.044839,-0.005521,0.070524,1.999977,1.000000,0.000727,1.557109
0.625000,0.587391,0.211229,0.414971,0.969934,-0.239126,-0.044911,-0.005492,0.070523,1.999973,1.000000,0.000894,1.562026
0.630000,0.587360,0.211235,0.414942,0.969929,-0.239134,-0.044985,-0.005460,0.070523,1.999968,1.000000,0.001091,1.566944
0.635000,0.587327,0.211240,0.414911,0.969923,-0.239143,-0.045062,-0.005428,0.070523,1.999962,1.000000,0.001321,1.571834
0.640000,0.587293,0.211245,0.414881,0.969917,-0.239153,-0.045141,-0.005394,0.070523,1.999954,1.000000,0.001583,1.576701
0.645000,0.587258,0.211250,0.414850,0.969911,-0.239164,-0.045222,-0.005359,0.070523,1.999946,1.000000,0.001874,1.581568
0.650000,0.587221,0.211254,0.414819,0.969904,-0.239177,-0.045304,-0.005323,0.070523,1.999935,1.000000,0.002195,1.586461
0.655000,0.587182,0.211258,0.414788,0.969897,-0.239190,-0.045389,-0.005287,0.070522,1.999923,1.000000,0.002542,1.591398
0.660000,0.587142,0.211262,0.414757,0.969889,-0.239205,-0.045476,-0.005250,0.070522,1.999909,1.000000,0.002923,1.595230
0.665000,0.587100,0.211266,0.414725,0.969882,-0.239221,-0.045565,-0.005212,0.070522,1.999893,1.000000,0.003340,1.599054
0.670000,0.587057,0.211269,0.414694,0.969873,-0.239238,-0.045656,-0.005173,0.070522,1.999875,1.000000,0.003791,1.602835
0.675000,0.587011,0.211271,0.414662,0.969865,-0.239256,-0.045749,-0.005135,0.070522,1.999855,1.000000,0.004271,1.606616
0.680000,0.586964,0.211274,0.414631,0.969855,-0.239276,-0.045844,-0.005096,0.070522,1.999832,1.000000,0.004779,1.610398
0.685000,0.586914,0.211276,0.414600,0.969846,-0.239297,-0.045940,-0.005056,0.070522,1.999806,1.000000,0.005311,1.614168
0.690000,0.586862,0.211277,0.414569,0.969836,-0.239320,-0.046039,-0.005016,0.070522,1.999778,1.000000,0.005865,1.617939
0.695000,0.586808,0.211279,0.414539,0.969825,-0.239344,-0.046140,-0.004977,0.070522,1.999747,1.000000,0.006446,1.621124
0.700000,0.586752,0.211280,0.414508,0.969814,-0.239369,-0.046242,-0.004937,0.070522,1.999713,1.000000,0.007054,1.624314
0.705000,0.586694,0.211281,0.414479,0.969803,-0.239396,-0.046346,-0.004897,0.070521,1.999675,1.000000,0.007685,1.627507
0.710000,0.586633,0.211282,0.414449,0.969791,-0.239424,-0.046452,-0.004857,0.070521,1.999635,1.000000,0.008337,1.630700
0.715000,0.586571,0.211282,0.414421,0.969779,-0.239454,-0.046560,-0.004818,0.070521,1.999591,1.000000,0.009008,1.633888
0.720000,0.586505,0.211282,0.414392,0.969766,-0.239485,-0.046669,-0.004778,0.070521,1.999544,1.000000,0.009704,1.637070
0.725000,0.586437,0.211282,0.414365,0.969753,-0.239518,-0.046780,-0.004739,0.070521,1.999493,1.000000,0.010438,1.639289
0.730000,0.586367,0.211282,0.414338,0.969739,-0.239553,-0.046892,-0.004699,0.070521,1.999439,1.000000,0.011220,1.641515
0.735000,0.586294,0.211281,0.414313,0.969725,-0.239589,-0.047006,-0.004660,0.070521,1.999380,1.000000,0.012042,1.643748
0.740000,0.586219,0.211280,0.414289,0.969710,-0.239627,-0.047120,-0.004620,0.070521,1.999317,1.000000,0.012900,1.645982
0.745000,0.586140,0.211279,0.414265,0.969695,-0.239667,-0.047236,-0.004580,0.070521,1.999250,1.000000,0.013788,1.648216
0.750000,0.586059,0.211277,0.414244,0.969679,-0.239709,-0.047353,-0.004540,0.070521,1.999178,1.000000,0.014703,1.650447
0.755000,0.585975,0.211275,0.414223,0.969662,-0.239753,-0.047471,-0.004500,0.070521,1.999102,1.000000,0.015642,1.652678
0.760000,0.585887,0.211273,0.414205,0.969645,-0.239798,-0.047590,-0.004460,0.070521,1.999020,1.000000,0.016603,1.654072
0.765000,0.585797,0.211271,0.414187,0.969628,-0.239846,-0.047709,-0.004419,0.070521,1.998934,1.000000,0.017596,1.655525
0.770000,0.585704,0.211268,0.414172,0.969610,-0.239895,-0.047830,-0.004378,0.070521,1.998843,1.000000,0.018616,1.656981
0.775000,0.585607,0.211265,0.414158,0.969591,-0.239947,-0.047951,-0.004337,0.070521,1.998747,1.000000,0.019657,1.658438
0.780000,0.585507,0.211262,0.414147,0.969572,-0.240000,-0.048072,-0.004296,0.070521,1.998645,1.000000,0.020717,1.659849
0.785000,0.585405,0.211259,0.414137,0.969553,-0.240056,-0.048195,-0.004255,0.070520,1.998539,1.000000,0.021791,1.661248
0.790000,0.585298,0.211255,0.414129,0.969533,-0.240113,-0.048318,-0.004214,0.070520,1.998426,1.000000,0.022878,1.662650
0.795000,0.585189,0.211252,0.414124,0.969512,-0.240172,-0.048441,-0.004172,0.070520,1.998308,1.000000,0.023976,1.663716
0.800000,0.585076,0.211248,0.414120,0.969491,-0.240233,-0.048564,-0.004131,0.070520,1.998185,1.000000,0.025088,1.664787
0.805000,0.584960,0.211245,0.414119,0.969469,-0.240296,-0.048688,-0.004089,0.070520,1.998056,1.000000,0.026210,1.665859
0.810000,0.584840,0.211241,0.414120,0.969447,-0.240361,-0.048812,-0.004048,0.070520,1.997922,1.000000,0.027339,1.666926
0.815000,0.584718,0.211237,0.414123,0.969424,-0.240428,-0.048937,-0.004006,0.070520,1.997782,1.000000,0.028473,1.667984
0.820000,0.584591,0.211233,0.414129,0.969401,-0.240497,-0.049061,-0.003964,0.070520,1.997636,1.000000,0.029610,1.669044
0.825000,0.584462,0.211229,0.414137,0.969378,-0.240567,-0.049185,-0.003922,0.070520,1.997484,1.000000,0.030746,1.670107
0.830000,0.584329,0.211225,0.414148,0.969353,-0.240640,-0.049309,-0.003881,0.070520,1.997327,1.000000,0.031874,1.670431
0.835000,0.584193,0.211221,0.414160,0.969329,-0.240714,-0.049434,-0.003839,0.070520,1.997164,1.000000,0.033009,1.670757
0.840000,0.584054,0.211217,0.414176,0.969304,-0.240790,-0.049558,-0.003797,0.070520,1.996996,1.000000,0.034147,1.671086
0.845000,0.583911,0.211214,0.414193,0.969278,-0.240868,-0.049682,-0.003756,0.070520,1.996822,1.000000,0.035286,1.671418
0.850000,0.583764,0.211210,0.414213,0.969252,-0.240948,-0.049806,-0.003714,0.070520,1.996642,1.000000,0.036422,1.671752
0.855000,0.583615,0.211206,0.414236,0.969226,-0.241030,-0.049930,-0.003673,0.070520,1.996456,1.000000,0.037554,1.672088
0.860000,0.583462,0.211202,0.414261,0.969199,-0.241113,-0.050054,-0.003631,0.070520,1.996265,1.000000,0.038679,1.672472
0.865000,0.583306,0.211198,0.414288,0.969171,-0.241198,-0.050178,-0.003590,0.070520,1.996068,1.000000,0.039783,1.672177
0.870000,0.583146,0.211195,0.414318,0.969143,-0.241285,-0.050301,-0.003549,0.070520,1.995866,1.000000,0.040884,1.671885
0.875000,0.582983,0.211191,0.414350,0.969115,-0.241374,-0.050425,-0.003508,0.070520,1.995658,1.000000,0.041979,1.671557
0.880000,0.582816,0.211188,0.414384,0.969086,-0.241465,-0.050548,-0.003467,0.070520,1.995445,1.000000,0.043065,1.671207
0.885000,0.582647,0.211185,0.414420,0.969057,-0.241557,-0.050672,-0.003426,0.070520,1.995227,1.000000,0.044141,1.670860
0.890000,0.582473,0.211182,0.414459,0.969027,-0.241651,-0.050795,-0.003385,0.070520,1.995003,1.000000,0.045204,1.670513
0.895000,0.582297,0.211179,0.414500,0.968997,-0.241746,-0.050919,-0.003345,0.070520,1.994774,1.000000,0.046246,1.669867
0.900000,0.582117,0.211176,0.414543,0.968966,-0.241844,-0.051042,-0.003304,0.070520,1.994540,1.000000,0.047276,1.669221
0.905000,0.581934,0.211174,0.414588,0.968935,-0.241942,-0.051166,-0.003264,0.070520,1.994300,1.000000,0.048289,1.668575
0.910000,0.581748,0.211172,0.414634,0.968904,-0.242043,-0.051289,-0.003224,0.070520,1.994056,1.000000,0.049285,1.667927
0.915000,0.581558,0.211170,0.414683,0.968872,-0.242144,-0.051413,-0.003184,0.070520,1.993807,1.000000,0.050262,1.667279
0.920000,0.581366,0.211168,0.414733,0.968840,-0.242248,-0.051536,-0.003145,0.070520,1.993552,1.000000,0.051219,1.666633
0.925000,0.581170,0.211167,0.414786,0.968807,-0.242352,-0.051660,-0.003106,0.070520,1.993294,1.000000,0.052156,1.665993
0.930000,0.580971,0.211166,0.414839,0.968774,-0.242459,-0.051783,-0.003067,0.070520,1.993030,1.000000,0.053054,1.664757
0.935000,0.580769,0.211165,0.414895,0.968740,-0.242566,-0.051907,-0.003028,0.070521,1.992762,1.000000,0.053938,1.663522
0.940000,0.580565,0.211165,0.414951,0.968707,-0.242675,-0.052031,-0.002989,0.070521,1.992490,1.000000,0.054808,1.662334
0.945000,0.580357,0.211165,0.415010,0.968672,-0.242786,-0.052154,-0.002950,0.070521,1.992214,1.000000,0.055661,1.661156
0.950000,0.580146,0.211165,0.415069,0.968638,-0.242898,-0.052278,-0.002912,0.070521,1.991933,1.000000,0.056495,1.659981
0.955000,0.579932,0.211166,0.415130,0.968603,-0.243011,-0.052402,-0.002874,0.070521,1.991648,1.000000,0.057307,1.658761
0.960000,0.579716,0.211167,0.415192,0.968568,-0.243125,-0.052525,-0.002836,0.070521,1.991359,1.000000,0.058098,1.657517
0.965000,0.579497,0.211169,0.415255,0.968532,-0.243241,-0.052649,-0.002798,0.070521,1.991067,1.000000,0.058850,1.655726
0.970000,0.579275,0.211170,0.415319,0.968496,-0.243358,-0.052772,-0.002760,0.070521,1.990771,1.000000,0.059590,1.653941
0.975000,0.579050,0.211172,0.415384,0.968459,-0.243477,-0.052896,-0.002723,0.070521,1.990471,1.000000,0.060313,1.652162
0.980000,0.578823,0.211175,0.415450,0.968423,-0.243596,-0.053019,-0.002686,0.070521,1.990167,1.000000,0.061020,1.650383
0.985000,0.578593,0.211177,0.415516,0.968386,-0.243718,-0.053142,-0.002648,0.070521,1.989860,1.000000,0.061709,1.648604
0.990000,0.578361,0.211180,0.415584,0.968348,-0.243840,-0.053266,-0.002611,0.070521,1.989550,1.000000,0.062379,1.646818
0.995000,0.578126,0.211184,0.415652,0.968310,-0.243964,-0.053389,-0.002574,0.070521,1.989236,1.000000,0.063029,1.645033
1.000000,0.577889,0.211187,0.415721,0.968272,-0.244088,-0.053512,-0.002537,0.070521,1.988919,1.000000,0.063656,1.643052
1.005000,0.577649,0.211191,0.415790,0.968234,-0.244214,-0.053635,-0.002500,0.070521,1.988599,1.000000,0.064264,1.641061
1.010000,0.577407,0.211195,0.415860,0.968195,-0.244342,-0.053758,-0.002464,0.070521,1.988277,1.000000,0.064854,1.639071
1.015000,0.577163,0.211200,0.415930,0.968156,-0.244470,-0.053880,-0.002427,0.070521,1.987951,1.000000,0.065423,1.637083
1.020000,0.576916,0.211204,0.416000,0.968116,-0.244600,-0.054003,-0.002391,0.070521,1.987622,1.000000,0.065975,1.635158
1.025000,0.576667,0.211209,0.416071,0.968076,-0.244731,-0.054125,-0.002354,0.070521,1.987291,1.000000,0.066508,1.633246
1.030000,0.576416,0.211215,0.416142,0.968036,-0.244863,-0.054247,-0.002318,0.070521,1.986957,1.000000,0.067041,1.631336
1.035000,0.576164,0.211220,0.416212,0.967996,-0.244994,-0.054369,-0.002282,0.070521,1.986620,1.000000,0.067595,1.629312
1.040000,0.575908,0.211225,0.416283,0.967957,-0.245124,-0.054490,-0.002245,0.070521,1.986281,1.000000,0.068169,1.627260
1.045000,0.575651,0.211231,0.416354,0.967917,-0.245252,-0.054612,-0.002209,0.070521,1.985939,1.000000,0.068763,1.625210
1.050000,0.575392,0.211235,0.416424,0.967879,-0.245378,-0.054733,-0.002171,0.070521,1.985593,1.000000,0.069372,1.623159
1.055000,0.575131,0.211240,0.416494,0.967841,-0.245501,-0.054854,-0.002133,0.070521,1.985245,1.000000,0.069996,1.621107
1.060000,0.574867,0.211243,0.416564,0.967803,-0.245622,-0.054975,-0.002095,0.070521,1.984893,1.000000,0.070631,1.619055
1.065000,0.574602,0.211246,0.416633,0.967766,-0.245740,-0.055096,-0.002055,0.070522,1.984538,1.000000,0.071277,1.617089
1.070000,0.574334,0.211247,0.416701,0.967730,-0.245856,-0.055217,-0.002015,0.070522,1.984180,1.000000,0.071927,1.615124
1.075000,0.574065,0.211248,0.416769,0.967695,-0.245968,-0.055337,-0.001973,0.070522,1.983819,1.000000,0.072580,1.613158
1.080000,0.573793,0.211247,0.416837,0.967660,-0.246078,-0.055457,-0.001931,0.070522,1.983454,1.000000,0.073234,1.611193
1.085000,0.573519,0.211245,0.416903,0.967626,-0.246186,-0.055576,-0.001888,0.070522,1.983086,1.000000,0.073887,1.609216
1.090000,0.573244,0.211241,0.416968,0.967593,-0.246290,-0.055695,-0.001844,0.070522,1.982715,1.000000,0.074538,1.607240
1.095000,0.572966,0.211236,0.417033,0.967560,-0.246392,-0.055814,-0.001799,0.070522,1.982340,1.000000,0.075185,1.605264
1.100000,0.572687,0.211230,0.417097,0.967528,-0.246490,-0.055932,-0.001753,0.070522,1.981963,1.000000,0.075823,1.602998
1.105000,0.572406,0.211221,0.417159,0.967497,-0.246586,-0.056049,-0.001707,0.070522,1.981582,1.000000,0.076461,1.600740
1.110000,0.572123,0.211211,0.417220,0.967467,-0.246680,-0.056166,-0.001660,0.070522,1.981198,1.000000,0.077097,1.598483
1.115000,0.571838,0.211199,0.417281,0.967437,-0.246771,-0.056283,-0.001612,0.070522,1.980811,1.000000,0.077727,1.596187
1.120000,0.571551,0.211186,0.417339,0.967408,-0.246859,-0.056399,-0.001563,0.070522,1.980421,1.000000,0.078351,1.593873
1.125000,0.571262,0.211170,0.417397,0.967379,-0.246944,-0.056515,-0.001514,0.070522,1.980027,1.000000,0.078969,1.591559
1.130000,0.570972,0.211152,0.417453,0.967351,-0.247027,-0.056629,-0.001464,0.070522,1.979631,1.000000,0.079580,1.589235
1.135000,0.570680,0.211133,0.417507,0.967324,-0.247107,-0.056744,-0.001413,0.070522,1.979232,1.000000,0.080192,1.587042
1.140000,0.570386,0.211111,0.417560,0.967298,-0.247185,-0.056857,-0.001363,0.070522,1.978829,1.000000,0.080793,1.584849
1.145000,0.570091,0.211088,0.417612,0.967272,-0.247260,-0.056970,-0.001311,0.070522,1.978424,1.000000,0.081382,1.582657
1.150000,0.569794,0.211062,0.417661,0.967247,-0.247332,-0.057082,-0.001260,0.070522,1.978015,1.000000,0.081961,1.580463
1.155000,0.569496,0.211034,0.417709,0.967223,-0.247402,-0.057193,-0.001208,0.070522,1.977604,1.000000,0.082528,1.578269
1.160000,0.569196,0.211004,0.417755,0.967199,-0.247470,-0.057303,-0.001155,0.070522,1.977190,1.000000,0.083083,1.576076
1.165000,0.568895,0.210972,0.417800,0.967176,-0.247535,-0.057413,-0.001103,0.070522,1.976773,1.000000,0.083625,1.573872
1.170000,0.568593,0.210938,0.417842,0.967153,-0.247598,-0.057521,-0.001050,0.070522,1.976353,1.000000,0.084194,1.572441
1.175000,0.568289,0.210902,0.417883,0.967132,-0.247658,-0.057628,-0.000997,0.070522,1.975931,1.000000,0.084741,1.571011
1.180000,0.567984,0.210864,0.417922,0.967110,-0.247716,-0.057734,-0.000945,0.070522,1.975506,1.000000,0.085270,1.569634
1.185000,0.567678,0.210824,0.417959,0.967090,-0.247772,-0.057839,-0.000892,0.070522,1.975078,1.000000,0.085779,1.568265
1.190000,0.567371,0.210782,0.417993,0.967070,-0.247825,-0.057942,-0.000839,0.070522,1.974648,1.000000,0.086270,1.566897
1.195000,0.567063,0.210738,0.418026,0.967051,-0.247877,-0.058044,-0.000787,0.070522,1.974215,1.000000,0.086739,1.565488
1.200000,0.566754,0.210692,0.418057,0.967032,-0.247926,-0.058144,-0.000735,0.070522,1.973780,1.000000,0.087190,1.564061
1.205000,0.566444,0.210644,0.418086,0.967014,-0.247973,-0.058242,-0.000683,0.070522,1.973343,1.000000,0.087634,1.562820
1.210000,0.566134,0.210594,0.418112,0.966997,-0.248017,-0.058339,-0.000632,0.070522,1.972904,1.000000,0.088059,1.561578
1.215000,0.565823,0.210543,0.418137,0.966980,-0.248060,-0.058435,-0.000580,0.070522,1.972462,1.000000,0.088467,1.560334
1.220000,0.565511,0.210489,0.418159,0.966964,-0.248101,-0.058528,-0.000529,0.070522,1.972019,1.000000,0.088858,1.559091
1.225000,0.565199,0.210434,0.418179,0.966949,-0.248140,-0.058620,-0.000479,0.070522,1.971574,1.000000,0.089233,1.557849
1.230000,0.564886,0.210377,0.418198,0.966934,-0.248176,-0.058710,-0.000429,0.070522,1.971127,1.000000,0.089593,1.556608
1.235000,0.564572,0.210319,0.418214,0.966920,-0.248211,-0.058799,-0.000379,0.070522,1.970678,1.000000,0.089944,1.555450
1.240000,0.564258,0.210259,0.418227,0.966906,-0.248244,-0.058885,-0.000330,0.070522,1.970227,1.000000,0.090280,1.554295
1.245000,0.563944,0.210197,0.418239,0.966893,-0.248276,-0.058970,-0.000282,0.070522,1.969775,1.000000,0.090604,1.553151
1.250000,0.563629,0.210134,0.418249,0.966880,-0.248305,-0.059053,-0.000233,0.070522,1.969321,1.000000,0.090915,1.552009
1.255000,0.563314,0.210070,0.418257,0.966868,-0.248333,-0.059134,-0.000186,0.070522,1.968866,1.000000,0.091213,1.550868
1.260000,0.562998,0.210004,0.418262,0.966857,-0.248359,-0.059213,-0.000139,0.070522,1.968409,1.000000,0.091499,1.549713
1.265000,0.562682,0.209936,0.418266,0.966846,-0.248383,-0.059291,-0.000092,0.070522,1.967951,1.000000,0.091773,1.548557
1.270000,0.562366,0.209868,0.418268,0.966835,-0.248406,-0.059366,-0.000046,0.070522,1.967491,1.000000,0.092055,1.547707
1.275000,0.562050,0.209798,0.418267,0.966825,-0.248427,-0.059440,-0.000001,0.070522,1.967030,1.000000,0.092322,1.546863
1.280000,0.561733,0.209727,0.418265,0.966816,-0.248447,-0.059512,0.000044,0.070522,1.966568,1.000000,0.092577,1.546022
1.285000,0.561416,0.209655,0.418261,0.966807,-0.248465,-0.059581,0.000088,0.070522,1.966105,1.000000,0.092819,1.545183
1.290000,0.561099,0.209582,0.418256,0.966798,-0.248482,-0.059649,0.000132,0.070522,1.965640,1.000000,0.093050,1.544337
1.295000,0.560782,0.209508,0.418248,0.966790,-0.248497,-0.059715,0.000175,0.070522,1.965174,1.000000,0.093268,1.543485
1.300000,0.560465,0.209433,0.418239,0.966783,-0.248510,-0.059778,0.000218,0.070522,1.964707,1.000000,0.093477,1.542634
1.305000,0.560148,0.209357,0.418228,0.966776,-0.248523,-0.059840,0.000259,0.070522,1.964239,1.000000,0.093683,1.541842
1.310000,0.559831,0.209280,0.418215,0.966769,-0.248534,-0.059900,0.000301,0.070522,1.963770,1.000000,0.093886,1.541114
1.315000,0.559513,0.209203,0.418201,0.966763,-0.248544,-0.059957,0.000342,0.070522,1.963300,1.000000,0.094080,1.540389
1.320000,0.559196,0.209124,0.418185,0.966757,-0.248552,-0.060013,0.000382,0.070522,1.962829,1.000000,0.094267,1.539657
1.325000,0.558879,0.209046,0.418168,0.966752,-0.248560,-0.060067,0.000422,0.070522,1.962358,1.000000,0.094442,1.538857
1.330000,0.558561,0.208966,0.418150,0.966747,-0.248566,-0.060118,0.000461,0.070522,1.961885,1.000000,0.094611,1.538059
1.335000,0.558244,0.208886,0.418130,0.966743,-0.248571,-0.060168,0.000499,0.070522,1.961412,1.000000,0.094772,1.537264
1.340000,0.557927,0.208805,0.418109,0.966739,-0.248575,-0.060216,0.000537,0.070522,1.960937,1.000000,0.094945,1.536814
1.345000,0.557609,0.208724,0.418087,0.966735,-0.248577,-0.060261,0.000575,0.070522,1.960462,1.000000,0.095106,1.536366
1.350000,0.557292,0.208643,0.418064,0.966732,-0.248579,-0.060305,0.000612,0.070522,1.959986,1.000000,0.095257,1.535920
1.355000,0.556975,0.208561,0.418040,0.966729,-0.248580,-0.060347,0.000648,0.070522,1.959509,1.000000,0.095398,1.535490
1.360000,0.556658,0.208479,0.418015,0.966727,-0.248580,-0.060386,0.000684,0.070522,1.959032,1.000000,0.095530,1.535067
1.365000,0.556342,0.208396,0.417988,0.966725,-0.248578,-0.060424,0.000720,0.070522,1.958554,1.000000,0.095654,1.534647
1.370000,0.556025,0.208314,0.417961,0.966723,-0.248576,-0.060460,0.000755,0.070522,1.958075,1.000000,0.095768,1.534225
1.375000,0.555709,0.208231,0.417933,0.966722,-0.248573,-0.060494,0.000789,0.070522,1.957596,1.000000,0.095887,1.534136
1.380000,0.555392,0.208148,0.417904,0.966721,-0.248569,-0.060526,0.000823,0.070522,1.957117,1.000000,0.095993,1.534049
1.385000,0.555076,0.208065,0.417875,0.966720,-0.248564,-0.060556,0.000857,0.070522,1.956636,1.000000,0.096085,1.533966
1.390000,0.554761,0.207982,0.417845,0.966720,-0.248558,-0.060585,0.000890,0.070521,1.956156,1.000000,0.096165,1.533891
1.395000,0.554445,0.207899,0.417813,0.966720,-0.248551,-0.060612,0.000923,0.070521,1.955675,1.000000,0.096234,1.533816
1.400000,0.554130,0.207816,0.417782,0.966721,-0.248543,-0.060637,0.000955,0.070521,1.955193,1.000000,0.096291,1.533744
1.405000,0.553815,0.207733,0.417749,0.966721,-0.248535,-0.060660,0.000987,0.070521,1.954712,1.000000,0.096346,1.533779
1.410000,0.553501,0.207650,0.417716,0.966722,-0.248525,-0.060681,0.001018,0.070521,1.954230,1.000000,0.096389,1.533816
1.415000,0.553187,0.207567,0.417683,0.966724,-0.248515,-0.060701,0.001050,0.070521,1.953748,1.000000,0.096421,1.533855
1.420000,0.552873,0.207485,0.417649,0.966725,-0.248504,-0.060720,0.001080,0.070521,1.953265,1.000000,0.096444,1.533918
1.425000,0.552560,0.207402,0.417614,0.966727,-0.248493,-0.060736,0.001111,0.070521,1.952783,1.000000,0.096457,1.533985
1.430000,0.552247,0.207320,0.417579,0.966729,-0.248480,-0.060751,0.001141,0.070521,1.952301,1.000000,0.096461,1.534054
1.435000,0.551935,0.207239,0.417544,0.966732,-0.248467,-0.060765,0.001170,0.070521,1.951818,1.000000,0.096456,1.534119
1.440000,0.551623,0.207158,0.417509,0.966734,-0.248454,-0.060777,0.001200,0.070521,1.951336,1.000000,0.096457,1.534401
1.445000,0.551312,0.207077,0.417473,0.966737,-0.248439,-0.060788,0.001229,0.070521,1.950854,1.000000,0.096446,1.534685
1.450000,0.551001,0.206996,0.417437,0.966741,-0.248424,-0.060797,0.001257,0.070521,1.950371,1.000000,0.096426,1.534976
1.455000,0.550690,0.206916,0.417401,0.966744,-0.248409,-0.060805,0.001286,0.070521,1.949889,1.000000,0.096397,1.535275
1.460000,0.550381,0.206837,0.417365,0.966748,-0.248393,-0.060811,0.001314,0.070521,1.949407,1.000000,0.096359,1.535576
1.465000,0.550071,0.206758,0.417329,0.966752,-0.248376,-0.060816,0.001342,0.070520,1.948926,1.000000,0.096315,1.535905
1.470000,0.549763,0.206680,0.417292,0.966756,-0.248359,-0.060819,0.001369,0.070520,1.948444,1.000000,0.096266,1.536293
1.475000,0.549455,0.206602,0.417256,0.966760,-0.248341,-0.060822,0.001396,0.070520,1.947963,1.000000,0.096214,1.536750
1.480000,0.549147,0.206525,0.417220,0.966765,-0.248323,-0.060822,0.001423,0.070520,1.947482,1.000000,0.096154,1.537199
1.485000,0.548840,0.206448,0.417185,0.966769,-0.248305,-0.060822,0.001450,0.070520,1.947001,1.000000,0.096082,1.537597
1.490000,0.548534,0.206372,0.417149,0.966774,-0.248286,-0.060820,0.001476,0.070520,1.946521,1.000000,0.096004,1.537996
1.495000,0.548229,0.206296,0.417114,0.966779,-0.248267,-0.060818,0.001503,0.070520,1.946041,1.000000,0.095919,1.538397
1.500000,0.547924,0.206222,0.417079,0.966785,-0.248247,-0.060814,0.001529,0.070520,1.945562,1.000000,0.095828,1.538799
1.505000,0.547619,0.206147,0.417044,0.966790,-0.248227,-0.060809,0.001555,0.070520,1.945083,1.000000,0.095730,1.539203
1.510000,0.547316,0.206074,0.417010,0.966796,-0.248207,-0.060802,0.001581,0.070520,1.944604,1.000000,0.095618,1.539563
1.515000,0.547013,0.206001,0.416976,0.966801,-0.248186,-0.060795,0.001607,0.070520,1.944127,1.000000,0.095500,1.539932
1.520000,0.546711,0.205928,0.416942,0.966807,-0.248165,-0.060788,0.001633,0.070520,1.943649,1.000000,0.095376,1.540305
1.525000,0.546409,0.205857,0.416909,0.966813,-0.248144,-0.060779,0.001659,0.070519,1.943173,1.000000,0.095245,1.540680
1.530000,0.546108,0.205786,0.416877,0.966819,-0.248123,-0.060770,0.001685,0.070519,1.942697,1.000000,0.095108,1.541060
1.535000,0.545807,0.205715,0.416844,0.966825,-0.248101,-0.060760,0.001710,0.070519,1.942222,1.000000,0.094965,1.541444
1.540000,0.545508,0.205646,0.416813,0.966832,-0.248079,-0.060749,0.001736,0.070519,1.941747,1.000000,0.094817,1.541830
1.545000,0.545208,0.205576,0.416781,0.966838,-0.248056,-0.060739,0.001762,0.070519,1.941274,1.000000,0.094671,1.542441
1.550000,0.544910,0.205508,0.416750,0.966844,-0.248034,-0.060727,0.001788,0.070519,1.940801,1.000000,0.094515,1.543051
1.555000,0.544612,0.205440,0.416720,0.966851,-0.248011,-0.060715,0.001815,0.070519,1.940328,1.000000,0.094351,1.543660
1.560000,0.544315,0.205373,0.416690,0.966858,-0.247988,-0.060703,0.001841,0.070519,1.939857,1.000000,0.094179,1.544273
1.565000,0.544019,0.205306,0.416660,0.966864,-0.247964,-0.060690,0.001867,0.070519,1.939387,1.000000,0.093999,1.544899
1.570000,0.543723,0.205239,0.416631,0.966871,-0.247941,-0.060677,0.001894,0.070518,1.938917,1.000000,0.093812,1.545524
1.575000,0.543429,0.205174,0.416603,0.966878,-0.247917,-0.060664,0.001921,0.070518,1.938449,1.000000,0.093623,1.546179
1.580000,0.543135,0.205109,0.416575,0.966885,-0.247893,-0.060651,0.001948,0.070518,1.937981,1.000000,0.093429,1.546842
1.585000,0.542841,0.205044,0.416547,0.966892,-0.247869,-0.060637,0.001975,0.070518,1.937514,1.000000,0.093229,1.547505
1.590000,0.542549,0.204980,0.416520,0.966899,-0.247845,-0.060622,0.002002,0.070518,1.937049,1.000000,0.093025,1.548170
1.595000,0.542258,0.204916,0.416493,0.966906,-0.247821,-0.060608,0.002029,0.070518,1.936584,1.000000,0.092816,1.548834
1.600000,0.541967,0.204853,0.416467,0.966913,-0.247796,-0.060593,0.002057,0.070518,1.936121,1.000000,0.092603,1.549498
1.605000,0.541677,0.204790,0.416442,0.966920,-0.247772,-0.060578,0.002085,0.070518,1.935658,1.000000,0.092386,1.550163
1.610000,0.541388,0.204727,0.416417,0.966928,-0.247747,-0.060563,0.002113,0.070518,1.935197,1.000000,0.092165,1.550774
1.615000,0.541100,0.204665,0.416393,0.966935,-0.247722,-0.060548,0.002142,0.070518,1.934736,1.000000,0.091944,1.551384
1.620000,0.540813,0.204603,0.416369,0.966942,-0.247698,-0.060533,0.002170,0.070517,1.934277,1.000000,0.091720,1.551996
1.625000,0.540527,0.204542,0.416346,0.966949,-0.247673,-0.060517,0.002199,0.070517,1.933819,1.000000,0.091496,1.552612
1.630000,0.540242,0.204480,0.416324,0.966957,-0.247648,-0.060501,0.002228,0.070517,1.933362,1.000000,0.091271,1.553236
1.635000,0.539957,0.204420,0.416302,0.966964,-0.247623,-0.060486,0.002257,0.070517,1.932907,1.000000,0.091045,1.553860
1.640000,0.539674,0.204359,0.416282,0.966971,-0.247598,-0.060470,0.002287,0.070517,1.932452,1.000000,0.090818,1.554488
1.645000,0.539391,0.204298,0.416261,0.966978,-0.247574,-0.060454,0.002316,0.070517,1.931998,1.000000,0.090580,1.554861
1.650000,0.539109,0.204238,0.416242,0.966986,-0.247549,-0.060438,0.002346,0.070517,1.931546,1.000000,0.090346,1.555234
1.655000,0.538828,0.204178,0.416224,0.966993,-0.247524,-0.060423,0.002376,0.070517,1.931095,1.000000,0.090115,1.555610
1.660000,0.538548,0.204118,0.416206,0.967000,-0.247499,-0.060407,0.002406,0.070517,1.930645,1.000000,0.089887,1.555986
1.665000,0.538269,0.204059,0.416189,0.967007,-0.247475,-0.060392,0.002437,0.070516,1.930196,1.000000,0.089661,1.556362
1.670000,0.537990,0.203999,0.416173,0.967015,-0.247450,-0.060377,0.002468,0.070516,1.929749,1.000000,0.089438,1.556740
1.675000,0.537712,0.203939,0.416158,0.967022,-0.247425,-0.060362,0.002499,0.070516,1.929302,1.000000,0.089217,1.557116
1.680000,0.537435,0.203880,0.416143,0.967029,-0.247401,-0.060348,0.002530,0.070516,1.928857,1.000000,0.088997,1.557519
1.685000,0.537158,0.203820,0.416130,0.967036,-0.247376,-0.060334,0.002562,0.070516,1.928412,1.000000,0.088776,1.557922
1.690000,0.536882,0.203761,0.416117,0.967043,-0.247352,-0.060320,0.002594,0.070516,1.927969,1.000000,0.088554,1.558325
1.695000,0.536607,0.203701,0.416105,0.967050,-0.247327,-0.060307,0.002626,0.070516,1.927527,1.000000,0.088333,1.558726
1.700000,0.536333,0.203642,0.416093,0.967057,-0.247303,-0.060295,0.002658,0.070516,1.927086,1.000000,0.088111,1.559127
1.705000,0.536059,0.203583,0.416083,0.967064,-0.247278,-0.060283,0.002691,0.070516,1.926646,1.000000,0.087890,1.559534
1.710000,0.535786,0.203523,0.416073,0.967071,-0.247254,-0.060271,0.002723,0.070515,1.926207,1.000000,0.087668,1.559948
1.715000,0.535513,0.203463,0.416064,0.967077,-0.247229,-0.060261,0.002756,0.070515,1.925769,1.000000,0.087439,1.560274
1.720000,0.535241,0.203404,0.416056,0.967084,-0.247204,-0.060251,0.002789,0.070515,1.925333,1.000000,0.087208,1.560611
1.725000,0.534970,0.203344,0.416048,0.967091,-0.247180,-0.060242,0.002822,0.070515,1.924897,1.000000,0.086980,1.561011
1.730000,0.534699,0.203285,0.416041,0.967098,-0.247155,-0.060235,0.002856,0.070515,1.924463,1.000000,0.086750,1.561412
1.735000,0.534429,0.203225,0.416035,0.967104,-0.247130,-0.060228,0.002889,0.070515,1.924030,1.000000,0.086519,1.561812
1.740000,0.534159,0.203165,0.416029,0.967111,-0.247105,-0.060222,0.002923,0.070515,1.923598,1.000000,0.086283,1.562129
1.745000,0.533890,0.203105,0.416023,0.967118,-0.247080,-0.060218,0.002957,0.070515,1.923167,1.000000,0.086032,1.562179
1.750000,0.533621,0.203046,0.416018,0.967124,-0.247055,-0.060214,0.002991,0.070514,1.922738,1.000000,0.085782,1.562230
1.755000,0.533353,0.202986,0.416014,0.967131,-0.247030,-0.060212,0.003025,0.070514,1.922310,1.000000,0.085535,1.562292
1.760000,0.533085,0.202926,0.416010,0.967137,-0.247005,-0.060211,0.003060,0.070514,1.921883,1.000000,0.085289,1.562358
1.765000,0.532818,0.202866,0.416006,0.967143,-0.246980,-0.060211,0.003094,0.070514,1.921457,1.000000,0.085046,1.562424
1.770000,0.532551,0.202806,0.416003,0.967150,-0.246954,-0.060213,0.003129,0.070514,1.921032,1.000000,0.084804,1.562485
1.775000,0.532284,0.202747,0.416000,0.967156,-0.246929,-0.060216,0.003163,0.070514,1.920609,1.000000,0.084563,1.562541
1.780000,0.532018,0.202687,0.415997,0.967162,-0.246903,-0.060220,0.003198,0.070514,1.920187,1.000000,0.084320,1.562520
1.785000,0.531753,0.202627,0.415995,0.967168,-0.246877,-0.060226,0.003233,0.070514,1.919766,1.000000,0.084079,1.562498
1.790000,0.531487,0.202567,0.415993,0.967174,-0.246852,-0.060233,0.003268,0.070513,1.919346,1.000000,0.083840,1.562477
1.795000,0.531222,0.202507,0.415991,0.967180,-0.246825,-0.060241,0.003304,0.070513,1.918928,1.000000,0.083605,1.562456
1.800000,0.530958,0.202448,0.415989,0.967186,-0.246799,-0.060250,0.003339,0.070513,1.918511,1.000000,0.083372,1.562435
1.805000,0.530693,0.202388,0.415988,0.967192,-0.246773,-0.060261,0.003374,0.070513,1.918094,1.000000,0.083142,1.562417
1.810000,0.530429,0.202328,0.415987,0.967198,-0.246746,-0.060273,0.003410,0.070513,1.917679,1.000000,0.082916,1.562399
1.815000,0.530166,0.202269,0.415986,0.967204,-0.246720,-0.060287,0.003445,0.070513,1.917266,1.000000,0.082680,1.562101
1.820000,0.529903,0.202209,0.415986,0.967209,-0.246693,-0.060302,0.003481,0.070513,1.916853,1.000000,0.082453,1.561807
1.825000,0.529639,0.202150,0.415985,0.967215,-0.246666,-0.060318,0.003517,0.070513,1.916441,1.000000,0.082232,1.561514
1.830000,0.529377,0.202090,0.415985,0.967221,-0.246639,-0.060336,0.003553,0.070513,1.916031,1.000000,0.082017,1.561222
1.835000,0.529114,0.202031,0.415985,0.967226,-0.246612,-0.060355,0.003590,0.070512,1.915621,1.000000,0.081809,1.560920
1.840000,0.528851,0.201971,0.415985,0.967232,-0.246585,-0.060375,0.003626,0.070512,1.915213,1.000000,0.081607,1.560616
1.845000,0.528589,0.201912,0.415985,0.967237,-0.246558,-0.060396,0.003663,0.070512,1.914806,1.000000,0.081411,1.560312
1.850000,0.528327,0.201852,0.415985,0.967243,-0.246530,-0.060419,0.003700,0.070512,1.914399,1.000000,0.081227,1.560106
1.855000,0.528065,0.201793,0.415985,0.967248,-0.246502,-0.060443,0.003737,0.070512,1.913994,1.000000,0.081048,1.559901
1.860000,0.527803,0.201733,0.415985,0.967254,-0.246475,-0.060469,0.003774,0.070512,1.913589,1.000000,0.080875,1.559697
1.865000,0.527542,0.201674,0.415986,0.967259,-0.246447,-0.060495,0.003811,0.070512,1.913185,1.000000,0.080707,1.559495
1.870000,0.527280,0.201615,0.415987,0.967264,-0.246419,-0.060522,0.003849,0.070512,1.912782,1.000000,0.080546,1.559296
1.875000,0.527019,0.201555,0.415987,0.967269,-0.246390,-0.060551,0.003887,0.070512,1.912380,1.000000,0.080391,1.559097
1.880000,0.526758,0.201496,0.415988,0.967275,-0.246362,-0.060580,0.003924,0.070511,1.911978,1.000000,0.080241,1.558897
1.885000,0.526497,0.201437,0.415989,0.967280,-0.246333,-0.060611,0.003962,0.070511,1.911578,1.000000,0.080101,1.558847
1.890000,0.526236,0.201377,0.415990,0.967285,-0.246305,-0.060642,0.004000,0.070511,1.911177,1.000000,0.079964,1.558799
1.895000,0.525975,0.201318,0.415991,0.967290,-0.246276,-0.060675,0.004038,0.070511,1.910778,1.000000,0.079829,1.558752
1.900000,0.525714,0.201259,0.415993,0.967296,-0.246246,-0.060708,0.004077,0.070511,1.910379,1.000000,0.079699,1.558721
1.905000,0.525454,0.201200,0.415994,0.967301,-0.246217,-0.060742,0.004115,0.070511,1.909981,1.000000,0.079573,1.558691
1.910000,0.525193,0.201142,0.415996,0.967306,-0.246187,-0.060777,0.004153,0.070511,1.909584,1.000000,0.079450,1.558664
1.915000,0.524933,0.201083,0.415997,0.967311,-0.246157,-0.060812,0.004191,0.070511,1.909187,1.000000,0.079333,1.558707
1.920000,0.524673,0.201025,0.415999,0.967317,-0.246126,-0.060849,0.004229,0.070510,1.908791,1.000000,0.079218,1.558747
1.925000,0.524413,0.200966,0.416001,0.967322,-0.246095,-0.060886,0.004267,0.070510,1.908395,1.000000,0.079105,1.558789
1.930000,0.524152,0.200909,0.416003,0.967327,-0.246064,-0.060923,0.004305,0.070510,1.908000,1.000000,0.078997,1.558840
1.935000,0.523893,0.200851,0.416005,0.967333,-0.246033,-0.060962,0.004343,0.070510,1.907605,1.000000,0.078893,1.558899
1.940000,0.523633,0.200794,0.416007,0.967338,-0.246001,-0.061001,0.004381,0.070510,1.907211,1.000000,0.078793,1.558961
1.945000,0.523373,0.200737,0.416010,0.967344,-0.245968,-0.061040,0.004418,0.070510,1.906817,1.000000,0.078697,1.559020
1.950000,0.523113,0.200680,0.416012,0.967349,-0.245936,-0.061080,0.004456,0.070510,1.906424,1.000000,0.078594,1.558900
1.955000,0.522853,0.200624,0.416015,0.967355,-0.245903,-0.061121,0.004494,0.070510,1.906031,1.000000,0.078495,1.558783
1.960000,0.522594,0.200568,0.416018,0.967361,-0.245869,-0.061162,0.004531,0.070510,1.905639,1.000000,0.078402,1.558679
1.965000,0.522334,0.200513,0.416021,0.967367,-0.245835,-0.061204,0.004568,0.070509,1.905247,1.000000,0.078317,1.558622
1.970000,0.522074,0.200458,0.416025,0.967373,-0.245801,-0.061246,0.004605,0.070509,1.904856,1.000000,0.078238,1.558568
1.975000,0.521814,0.200403,0.416028,0.967379,-0.245766,-0.061288,0.004642,0.070509,1.904465,1.000000,0.078165,1.558517
1.980000,0.521554,0.200350,0.416032,0.967385,-0.245730,-0.061332,0.004679,0.070509,1.904075,1.000000,0.078092,1.558365
1.985000,0.521294,0.200296,0.416036,0.967391,-0.245695,-0.061375,0.004716,0.070509,1.903684,1.000000,0.078018,1.558112
1.990000,0.521034,0.200244,0.416040,0.967397,-0.245658,-0.061420,0.004752,0.070509,1.903295,1.000000,0.077950,1.557865
1.995000,0.520773,0.200192,0.416045,0.967403,-0.245621,-0.061464,0.004789,0.070509,1.902905,1.000000,0.077890,1.557673
2.000000,0.520513,0.200141,0.416050,0.967410,-0.245584,-0.061509,0.004825,0.070509,1.902516,1.000000,0.077839,1.557502
2.005000,0.520252,0.200090,0.416055,0.967416,-0.245546,-0.061554,0.004861,0.070509,1.902127,1.000000,0.077794,1.557337
2.010000,0.519991,0.200040,0.416061,0.967423,-0.245508,-0.061600,0.004897,0.070508,1.901738,1.000000,0.077758,1.557204
2.015000,0.519730,0.199991,0.416067,0.967430,-0.245469,-0.061646,0.004933,0.070508,1.901349,1.000000,0.077730,1.557099
2.020000,0.519468,0.199942,0.416074,0.967437,-0.245429,-0.061692,0.004969,0.070508,1.900961,1.000000,0.077711,1.557092
2.025000,0.519206,0.199895,0.416081,0.967444,-0.245389,-0.061738,0.005004,0.070508,1.900572,1.000000,0.077697,1.557060
2.030000,0.518944,0.199848,0.416089,0.967451,-0.245349,-0.061785,0.005040,0.070508,1.900184,1.000000,0.077685,1.556977
2.035000,0.518682,0.199802,0.416097,0.967458,-0.245307,-0.061831,0.005075,0.070508,1.899795,1.000000,0.077678,1.556900
2.040000,0.518419,0.199757,0.416105,0.967466,-0.245266,-0.061878,0.005110,0.070508,1.899407,1.000000,0.077677,1.556831
2.045000,0.518157,0.199712,0.416114,0.967473,-0.245224,-0.061924,0.005145,0.070508,1.899019,1.000000,0.077682,1.556773
2.050000,0.517893,0.199669,0.416124,0.967481,-0.245181,-0.061970,0.005180,0.070508,1.898630,1.000000,0.077691,1.556722
2.055000,0.517630,0.199626,0.416134,0.967489,-0.245138,-0.062017,0.005215,0.070507,1.898242,1.000000,0.077723,1.557159
2.060000,0.517366,0.199584,0.416145,0.967496,-0.245094,-0.062063,0.005250,0.070507,1.897853,1.000000,0.077754,1.557668
2.065000,0.517102,0.199543,0.416157,0.967505,-0.245050,-0.062109,0.005284,0.070507,1.897464,1.000000,0.077784,1.558187
2.070000,0.516838,0.199503,0.416169,0.967513,-0.245005,-0.062155,0.005319,0.070507,1.897075,1.000000,0.077811,1.558714
2.075000,0.516573,0.199464,0.416182,0.967521,-0.244960,-0.062200,0.005353,0.070507,1.896686,1.000000,0.077834,1.559196
2.080000,0.516308,0.199426,0.416196,0.967530,-0.244914,-0.062245,0.005387,0.070507,1.896297,1.000000,0.077854,1.559672
2.085000,0.516043,0.199389,0.416210,0.967538,-0.244867,-0.062290,0.005420,0.070507,1.895908,1.000000,0.077871,1.560164
2.090000,0.515778,0.199352,0.416224,0.967547,-0.244820,-0.062335,0.005454,0.070507,1.895518,1.000000,0.077884,1.560670
2.095000,0.515512,0.199317,0.416240,0.967556,-0.244773,-0.062379,0.005488,0.070506,1.895129,1.000000,0.077895,1.561187
2.100000,0.515247,0.199283,0.416255,0.967565,-0.244725,-0.062423,0.005521,0.070506,1.894739,1.000000,0.077904,1.561713
2.105000,0.514980,0.199249,0.416272,0.967575,-0.244676,-0.062467,0.005554,0.070506,1.894350,1.000000,0.077911,1.562246
2.110000,0.514714,0.199217,0.416289,0.967584,-0.244627,-0.062510,0.005587,0.070506,1.893960,1.000000,0.077916,1.562787
2.115000,0.514447,0.199186,0.416306,0.967594,-0.244578,-0.062554,0.005620,0.070506,1.893571,1.000000,0.077920,1.563336
2.120000,0.514181,0.199155,0.416324,0.967603,-0.244528,-0.062597,0.005652,0.070506,1.893181,1.000000,0.077911,1.563685
2.125000,0.513913,0.199126,0.416342,0.967613,-0.244477,-0.062640,0.005685,0.070506,1.892792,1.000000,0.077908,1.564109
2.130000,0.513646,0.199098,0.416361,0.967623,-0.244426,-0.062682,0.005718,0.070506,1.892402,1.000000,0.077907,1.564541
2.135000,0.513378,0.199070,0.416380,0.967633,-0.244375,-0.062725,0.005750,0.070505,1.892013,1.000000,0.077908,1.564981
2.140000,0.513110,0.199044,0.416400,0.967643,-0.244323,-0.062767,0.005782,0.070505,1.891623,1.000000,0.077905,1.565351
2.145000,0.512842,0.199018,0.416420,0.967653,-0.244271,-0.062809,0.005815,0.070505,1.891234,1.000000,0.077905,1.565730
2.150000,0.512573,0.198994,0.416441,0.967664,-0.244218,-0.062851,0.005847,0.070505,1.890844,1.000000,0.077906,1.566116
2.155000,0.512304,0.198970,0.416462,0.967674,-0.244165,-0.062893,0.005879,0.070505,1.890455,1.000000,0.077914,1.566507
2.160000,0.512035,0.198947,0.416483,0.967685,-0.244112,-0.062934,0.005912,0.070505,1.890065,1.000000,0.077926,1.566908
2.165000,0.511765,0.198925,0.416505,0.967695,-0.244058,-0.062975,0.005944,0.070505,1.889676,1.000000,0.077941,1.567316
2.170000,0.511495,0.198903,0.416527,0.967706,-0.244004,-0.063016,0.005977,0.070505,1.889286,1.000000,0.077960,1.567733
2.175000,0.511225,0.198883,0.416550,0.967717,-0.243950,-0.063057,0.006009,0.070504,1.888896,1.000000,0.077981,1.568156
2.180000,0.510955,0.198863,0.416573,0.967728,-0.243895,-0.063097,0.006042,0.070504,1.888506,1.000000,0.078005,1.568588
2.185000,0.510684,0.198844,0.416596,0.967739,-0.243840,-0.063137,0.006074,0.070504,1.888116,1.000000,0.078031,1.569028
2.190000,0.510413,0.198825,0.416620,0.967750,-0.243785,-0.063176,0.006107,0.070504,1.887726,1.000000,0.078090,1.569825
2.195000,0.510142,0.198807,0.416644,0.967761,-0.243729,-0.063215,0.006140,0.070504,1.887335,1.000000,0.078150,1.570627
2.200000,0.509870,0.198790,0.416668,0.967773,-0.243674,-0.063254,0.006173,0.070504,1.886944,1.000000,0.078211,1.571435
2.205000,0.509598,0.198773,0.416693,0.967784,-0.243618,-0.063291,0.006206,0.070504,1.886553,1.000000,0.078271,1.572248
2.210000,0.509327,0.198757,0.416717,0.967795,-0.243562,-0.063329,0.006240,0.070503,1.886161,1.000000,0.078331,1.573066
2.215000,0.509055,0.198741,0.416743,0.967807,-0.243506,-0.063366,0.006273,0.070503,1.885770,1.000000,0.078389,1.573890
2.220000,0.508783,0.198725,0.416768,0.967818,-0.243450,-0.063402,0.006307,0.070503,1.885378,1.000000,0.078447,1.574703
2.225000,0.508511,0.198709,0.416793,0.967830,-0.243394,-0.063437,0.006340,0.070503,1.884985,1.000000,0.078504,1.575407
2.230000,0.508238,0.198694,0.416819,0.967842,-0.243338,-0.063472,0.006374,0.070503,1.884592,1.000000,0.078562,1.576116
2.235000,0.507966,0.198679,0.416844,0.967853,-0.243281,-0.063507,0.006408,0.070503,1.884199,1.000000,0.078623,1.576897
2.240000,0.507694,0.198664,0.416870,0.967865,-0.243225,-0.063541,0.006442,0.070502,1.883806,1.000000,0.078686,1.577697
2.245000,0.507421,0.198650,0.416896,0.967877,-0.243169,-0.063575,0.006477,0.070502,1.883413,1.000000,0.078748,1.578502
2.250000,0.507149,0.198635,0.416922,0.967888,-0.243113,-0.063608,0.006511,0.070502,1.883019,1.000000,0.078807,1.579259
2.255000,0.506876,0.198620,0.416947,0.967900,-0.243056,-0.063641,0.006546,0.070502,1.882624,1.000000,0.078861,1.579850
2.260000,0.506604,0.198606,0.416973,0.967912,-0.243000,-0.063674,0.006581,0.070502,1.882230,1.000000,0.078914,1.580444
2.265000,0.506331,0.198591,0.416998,0.967924,-0.242944,-0.063707,0.006616,0.070502,1.881835,1.000000,0.078966,1.581035
2.270000,0.506058,0.198576,0.417023,0.967935,-0.242888,-0.063739,0.006651,0.070502,1.881440,1.000000,0.079017,1.581620
2.275000,0.505785,0.198561,0.417048,0.967947,-0.242831,-0.063771,0.006686,0.070501,1.881045,1.000000,0.079067,1.582208
2.280000,0.505512,0.198546,0.417073,0.967959,-0.242775,-0.063804,0.006722,0.070501,1.880650,1.000000,0.079117,1.582813
2.285000,0.505239,0.198531,0.417097,0.967970,-0.242719,-0.063836,0.006757,0.070501,1.880254,1.000000,0.079169,1.583471
2.290000,0.504966,0.198516,0.417120,0.967982,-0.242663,-0.063868,0.006793,0.070501,1.879858,1.000000,0.079258,1.584690
2.295000,0.504693,0.198500,0.417144,0.967994,-0.242606,-0.063899,0.006829,0.070501,1.879461,1.000000,0.079343,1.585907
2.300000,0.504420,0.198484,0.417167,0.968006,-0.242550,-0.063931,0.006865,0.070500,1.879064,1.000000,0.079419,1.587052
2.305000,0.504148,0.198467,0.417189,0.968017,-0.242494,-0.063962,0.006901,0.070500,1.878667,1.000000,0.079491,1.588198
2.310000,0.503875,0.198450,0.417211,0.968029,-0.242438,-0.063992,0.006938,0.070500,1.878269,1.000000,0.079557,1.589347
2.315000,0.503603,0.198433,0.417232,0.968041,-0.242382,-0.064022,0.006974,0.070500,1.877871,1.000000,0.079621,1.590547
2.320000,0.503331,0.198415,0.417253,0.968053,-0.242326,-0.064052,0.007011,0.070500,1.877473,1.000000,0.079682,1.591758
2.325000,0.503060,0.198397,0.417273,0.968065,-0.242270,-0.064081,0.007048,0.070500,1.877074,1.000000,0.079723,1.592462
2.330000,0.502789,0.198378,0.417292,0.968076,-0.242215,-0.064110,0.007085,0.070499,1.876675,1.000000,0.079769,1.593151
2.335000,0.502518,0.198359,0.417311,0.968088,-0.242159,-0.064139,0.007121,0.070499,1.876276,1.000000,0.079818,1.593834
2.340000,0.502247,0.198339,0.417330,0.968100,-0.242104,-0.064167,0.007159,0.070499,1.875877,1.000000,0.079870,1.594518
2.345000,0.501976,0.198318,0.417347,0.968111,-0.242048,-0.064195,0.007196,0.070499,1.875477,1.000000,0.079924,1.595204
2.350000,0.501706,0.198297,0.417364,0.968123,-0.241994,-0.064223,0.007233,0.070499,1.875078,1.000000,0.079981,1.595891
2.355000,0.501436,0.198274,0.417380,0.968135,-0.241939,-0.064251,0.007271,0.070498,1.874677,1.000000,0.080040,1.596579
2.360000,0.501167,0.198252,0.417396,0.968146,-0.241884,-0.064278,0.007309,0.070498,1.874277,1.000000,0.080099,1.597061
2.365000,0.500897,0.198228,0.417410,0.968158,-0.241830,-0.064306,0.007347,0.070498,1.873876,1.000000,0.080164,1.597535
2.370000,0.500628,0.198203,0.417424,0.968169,-0.241776,-0.064333,0.007385,0.070498,1.873475,1.000000,0.080235,1.598010
2.375000,0.500359,0.198178,0.417438,0.968180,-0.241722,-0.064360,0.007423,0.070498,1.873074,1.000000,0.080310,1.598487
2.380000,0.500090,0.198152,0.417450,0.968192,-0.241668,-0.064387,0.007461,0.070498,1.872672,1.000000,0.080390,1.598971
2.385000,0.499822,0.198124,0.417462,0.968203,-0.241615,-0.064414,0.007500,0.070497,1.872270,1.000000,0.080473,1.599456
2.390000,0.499553,0.198096,0.417473,0.968214,-0.241562,-0.064440,0.007538,0.070497,1.871867,1.000000,0.080560,1.599942
2.395000,0.499285,0.198067,0.417483,0.968225,-0.241509,-0.064467,0.007577,0.070497,1.871464,1.000000,0.080668,1.600683
2.400000,0.499017,0.198037,0.417493,0.968236,-0.241456,-0.064493,0.007616,0.070497,1.871060,1.000000,0.080775,1.601426
2.405000,0.498750,0.198006,0.417502,0.968247,-0.241404,-0.064520,0.007655,0.070497,1.870656,1.000000,0.080881,1.602168
2.410000,0.498482,0.197974,0.417510,0.968258,-0.241352,-0.064546,0.007695,0.070496,1.870251,1.000000,0.080984,1.602913
2.415000,0.498215,0.197940,0.417517,0.968269,-0.241300,-0.064572,0.007734,0.070496,1.869846,1.000000,0.081085,1.603658
2.420000,0.497948,0.197906,0.417524,0.968280,-0.241248,-0.064599,0.007773,0.070496,1.869440,1.000000,0.081183,1.604404
2.425000,0.497682,0.197871,0.417530,0.968291,-0.241197,-0.064625,0.007813,0.070496,1.869034,1.000000,0.081291,1.605394
2.430000,0.497415,0.197835,0.417534,0.968301,-0.241145,-0.064651,0.007853,0.070495,1.868627,1.000000,0.081389,1.606362
2.435000,0.497149,0.197797,0.417538,0.968312,-0.241094,-0.064677,0.007892,0.070495,1.868220,1.000000,0.081479,1.607331
2.440000,0.496884,0.197759,0.417541,0.968323,-0.241044,-0.064703,0.007932,0.070495,1.867812,1.000000,0.081563,1.608312
2.445000,0.496618,0.197719,0.417543,0.968333,-0.240993,-0.064729,0.007972,0.070495,1.867404,1.000000,0.081640,1.609314
2.450000,0.496353,0.197679,0.417544,0.968343,-0.240943,-0.064755,0.008012,0.070495,1.866995,1.000000,0.081710,1.610316
2.455000,0.496089,0.197638,0.417544,0.968354,-0.240893,-0.064781,0.008051,0.070494,1.866586,1.000000,0.081772,1.611309
2.460000,0.495825,0.197595,0.417543,0.968364,-0.240843,-0.064807,0.008091,0.070494,1.866177,1.000000,0.081853,1.612781
2.465000,0.495562,0.197552,0.417542,0.968374,-0.240793,-0.064833,0.008131,0.070494,1.865767,1.000000,0.081925,1.614253
2.470000,0.495299,0.197507,0.417539,0.968385,-0.240744,-0.064858,0.008170,0.070494,1.865357,1.000000,0.081986,1.615725
2.475000,0.495036,0.197462,0.417535,0.968395,-0.240694,-0.064884,0.008210,0.070493,1.864947,1.000000,0.082040,1.617233
2.480000,0.494775,0.197416,0.417530,0.968405,-0.240645,-0.064909,0.008250,0.070493,1.864537,1.000000,0.082084,1.618742
2.485000,0.494514,0.197368,0.417525,0.968415,-0.240596,-0.064933,0.008289,0.070493,1.864126,1.000000,0.082119,1.620252
2.490000,0.494253,0.197320,0.417518,0.968426,-0.240547,-0.064958,0.008328,0.070493,1.863715,1.000000,0.082144,1.621730
2.495000,0.493994,0.197271,0.417510,0.968436,-0.240499,-0.064982,0.008367,0.070492,1.863304,1.000000,0.082163,1.623293
2.500000,0.493735,0.197222,0.417502,0.968446,-0.240450,-0.065005,0.008406,0.070492,1.862893,1.000000,0.082173,1.624857
2.505000,0.493477,0.197171,0.417493,0.968456,-0.240402,-0.065029,0.008445,0.070492,1.862482,1.000000,0.082176,1.626428
2.510000,0.493220,0.197120,0.417483,0.968466,-0.240354,-0.065052,0.008483,0.070492,1.862071,1.000000,0.082172,1.628007
2.515000,0.492963,0.197068,0.417472,0.968476,-0.240306,-0.065074,0.008521,0.070491,1.861660,1.000000,0.082161,1.629586
2.520000,0.492707,0.197015,0.417460,0.968486,-0.240258,-0.065097,0.008559,0.070491,1.861249,1.000000,0.082143,1.631168
2.525000,0.492452,0.196962,0.417447,0.968496,-0.240210,-0.065118,0.008597,0.070491,1.860838,1.000000,0.082120,1.632753
2.530000,0.492198,0.196908,0.417434,0.968506,-0.240162,-0.065140,0.008635,0.070491,1.860428,1.000000,0.082107,1.634660
2.535000,0.491945,0.196853,0.417420,0.968516,-0.240115,-0.065161,0.008672,0.070490,1.860017,1.000000,0.082085,1.636568
2.540000,0.491692,0.196798,0.417406,0.968526,-0.240067,-0.065182,0.008709,0.070490,1.859606,1.000000,0.082055,1.638460
2.545000,0.491440,0.196743,0.417390,0.968536,-0.240020,-0.065202,0.008746,0.070490,1.859196,1.000000,0.082019,1.640353
2.550000,0.491189,0.196687,0.417375,0.968546,-0.239973,-0.065222,0.008783,0.070490,1.858786,1.000000,0.081977,1.642246
2.555000,0.490939,0.196630,0.417358,0.968556,-0.239925,-0.065241,0.008819,0.070489,1.858376,1.000000,0.081930,1.644160
2.560000,0.490690,0.196574,0.417342,0.968567,-0.239878,-0.065260,0.008855,0.070489,1.857966,1.000000,0.081878,1.646079
2.565000,0.490442,0.196517,0.417324,0.968577,-0.239831,-0.065278,0.008890,0.070489,1.857557,1.000000,0.081814,1.647885
2.570000,0.490194,0.196459,0.417307,0.968587,-0.239784,-0.065296,0.008926,0.070488,1.857148,1.000000,0.081748,1.649739
2.575000,0.489947,0.196401,0.417289,0.968597,-0.239737,-0.065313,0.008961,0.070488,1.856739,1.000000,0.081680,1.651630
2.580000,0.489701,0.196343,0.417270,0.968607,-0.239691,-0.065330,0.008996,0.070488,1.856331,1.000000,0.081611,1.653521
2.585000,0.489456,0.196285,0.417252,0.968617,-0.239644,-0.065347,0.009030,0.070488,1.855923,1.000000,0.081538,1.655399
2.590000,0.489211,0.196227,0.417233,0.968627,-0.239597,-0.065363,0.009065,0.070487,1.855515,1.000000,0.081462,1.657254
2.595000,0.488968,0.196169,0.417214,0.968637,-0.239551,-0.065380,0.009099,0.070487,1.855108,1.000000,0.081397,1.659505
2.600000,0.488725,0.196110,0.417194,0.968647,-0.239504,-0.065395,0.009133,0.070487,1.854701,1.000000,0.081325,1.661773
2.605000,0.488482,0.196051,0.417175,0.968658,-0.239458,-0.065411,0.009166,0.070486,1.854294,1.000000,0.081248,1.664101
2.610000,0.488241,0.195993,0.417155,0.968668,-0.239411,-0.065426,0.009199,0.070486,1.853888,1.000000,0.081165,1.666429
2.615000,0.488000,0.195934,0.417135,0.968678,-0.239364,-0.065441,0.009232,0.070486,1.853482,1.000000,0.081077,1.668763
2.620000,0.487760,0.195876,0.417115,0.968688,-0.239318,-0.065456,0.009265,0.070486,1.853077,1.000000,0.080985,1.671131
2.625000,0.487520,0.195818,0.417095,0.968698,-0.239271,-0.065471,0.009298,0.070485,1.852672,1.000000,0.080889,1.673499
2.630000,0.487282,0.195759,0.417075,0.968709,-0.239224,-0.065485,0.009330,0.070485,1.852267,1.000000,0.080834,1.676746
2.635000,0.487044,0.195701,0.417055,0.968719,-0.239178,-0.065498,0.009362,0.070485,1.851863,1.000000,0.080762,1.679924
2.640000,0.486807,0.195643,0.417035,0.968729,-0.239131,-0.065511,0.009394,0.070484,1.851459,1.000000,0.080680,1.683104
2.645000,0.486571,0.195585,0.417015,0.968740,-0.239084,-0.065523,0.009426,0.070484,1.851056,1.000000,0.080588,1.686290
2.650000,0.486336,0.195528,0.416995,0.968750,-0.239037,-0.065535,0.009457,0.070484,1.850653,1.000000,0.080484,1.689505
2.655000,0.486102,0.195471,0.416976,0.968761,-0.238990,-0.065546,0.009488,0.070483,1.850250,1.000000,0.080371,1.692723
2.660000,0.485869,0.195413,0.416956,0.968771,-0.238943,-0.065556,0.009519,0.070483,1.849848,1.000000,0.080248,1.695932
2.665000,0.485637,0.195357,0.416937,0.968782,-0.238897,-0.065565,0.009550,0.070483,1.849447,1.000000,0.080116,1.699009
2.670000,0.485407,0.195300,0.416918,0.968793,-0.238850,-0.065573,0.009580,0.070482,1.849047,1.000000,0.079982,1.702092
2.675000,0.485177,0.195244,0.416900,0.968803,-0.238803,-0.065581,0.009611,0.070482,1.848647,1.000000,0.079841,1.705148
2.680000,0.484948,0.195187,0.416881,0.968814,-0.238757,-0.065588,0.009641,0.070481,1.848248,1.000000,0.079690,1.708137
2.685000,0.484721,0.195131,0.416863,0.968825,-0.238710,-0.065595,0.009671,0.070481,1.847850,1.000000,0.079535,1.711136
2.690000,0.484494,0.195076,0.416845,0.968835,-0.238664,-0.065600,0.009701,0.070481,1.847452,1.000000,0.079377,1.714099
2.695000,0.484268,0.195020,0.416828,0.968846,-0.238618,-0.065606,0.009731,0.070480,1.847056,1.000000,0.079215,1.717027
2.700000,0.484044,0.194965,0.416811,0.968857,-0.238572,-0.065610,0.009760,0.070480,1.846660,1.000000,0.079077,1.720412
2.705000,0.483820,0.194910,0.416794,0.968868,-0.238526,-0.065614,0.009790,0.070480,1.846265,1.000000,0.078922,1.723625
2.710000,0.483598,0.194854,0.416778,0.968878,-0.238480,-0.065617,0.009819,0.070479,1.845870,1.000000,0.078753,1.726708
2.715000,0.483377,0.194800,0.416762,0.968889,-0.238434,-0.065619,0.009849,0.070479,1.845477,1.000000,0.078580,1.729805
2.720000,0.483157,0.194745,0.416746,0.968900,-0.238389,-0.065620,0.009878,0.070478,1.845084,1.000000,0.078379,1.732536
2.725000,0.482938,0.194690,0.416731,0.968911,-0.238344,-0.065621,0.009908,0.070478,1.844693,1.000000,0.078164,1.735126
2.730000,0.482721,0.194635,0.416717,0.968921,-0.238299,-0.065621,0.009937,0.070478,1.844303,1.000000,0.077946,1.737739
2.735000,0.482504,0.194580,0.416702,0.968932,-0.238254,-0.065620,0.009966,0.070477,1.843913,1.000000,0.077725,1.740289
2.740000,0.482289,0.194526,0.416689,0.968943,-0.238209,-0.065619,0.009995,0.070477,1.843525,1.000000,0.077497,1.742779
2.745000,0.482076,0.194471,0.416676,0.968954,-0.238165,-0.065616,0.010025,0.070477,1.843138,1.000000,0.077265,1.745295
2.750000,0.481863,0.194416,0.416663,0.968965,-0.238121,-0.065612,0.010054,0.070476,1.842753,1.000000,0.076994,1.747207
2.755000,0.481653,0.194360,0.416651,0.968975,-0.238077,-0.065608,0.010083,0.070476,1.842369,1.000000,0.076718,1.749153
2.760000,0.481443,0.194305,0.416639,0.968986,-0.238034,-0.065602,0.010112,0.070476,1.841986,1.000000,0.076435,1.751074
2.765000,0.481235,0.194250,0.416628,0.968997,-0.237991,-0.065596,0.010141,0.070475,1.841605,1.000000,0.076105,1.751966
2.770000,0.481029,0.194194,0.416618,0.969007,-0.237948,-0.065589,0.010170,0.070475,1.841225,1.000000,0.075778,1.752898
2.775000,0.480823,0.194137,0.416608,0.969018,-0.237906,-0.065582,0.010199,0.070475,1.840847,1.000000,0.075451,1.753797
2.780000,0.480619,0.194081,0.416598,0.969028,-0.237865,-0.065573,0.010228,0.070474,1.840471,1.000000,0.075105,1.754292
2.785000,0.480417,0.194024,0.416589,0.969039,-0.237823,-0.065565,0.010258,0.070474,1.840097,1.000000,0.074762,1.754832
2.790000,0.480215,0.193966,0.416580,0.969049,-0.237783,-0.065556,0.010287,0.070474,1.839724,1.000000,0.074421,1.755362
2.795000,0.480015,0.193909,0.416572,0.969059,-0.237742,-0.065547,0.010316,0.070473,1.839353,1.000000,0.074064,1.755530
2.800000,0.479817,0.193850,0.416564,0.969069,-0.237702,-0.065537,0.010345,0.070473,1.838984,1.000000,0.073726,1.756016
2.805000,0.479619,0.193791,0.416557,0.969079,-0.237663,-0.065528,0.010375,0.070473,1.838616,1.000000,0.073389,1.756543
2.810000,0.479423,0.193732,0.416549,0.969089,-0.237624,-0.065518,0.010404,0.070473,1.838250,1.000000,0.073038,1.756824
2.815000,0.479229,0.193671,0.416543,0.969099,-0.237586,-0.065508,0.010433,0.070472,1.837886,1.000000,0.072688,1.757153
2.820000,0.479035,0.193610,0.416536,0.969109,-0.237548,-0.065498,0.010463,0.070472,1.837524,1.000000,0.072340,1.757532
2.825000,0.478843,0.193549,0.416530,0.969118,-0.237510,-0.065487,0.010492,0.070472,1.837164,1.000000,0.071983,1.757772
2.830000,0.478653,0.193486,0.416524,0.969128,-0.237473,-0.065477,0.010521,0.070471,1.836805,1.000000,0.071626,1.758037
2.835000,0.478464,0.193423,0.416518,0.969137,-0.237437,-0.065467,0.010551,0.070471,1.836448,1.000000,0.071316,1.759448
2.840000,0.478276,0.193360,0.416512,0.969146,-0.237401,-0.065456,0.010580,0.070471,1.836092,1.000000,0.070993,1.760801
2.845000,0.478090,0.193295,0.416507,0.969155,-0.237365,-0.065445,0.010609,0.070471,1.835738,1.000000,0.070661,1.762155
2.850000,0.477905,0.193230,0.416501,0.969165,-0.237330,-0.065434,0.010638,0.070470,1.835386,1.000000,0.070319,1.763556
2.855000,0.477723,0.193163,0.416496,0.969174,-0.237295,-0.065422,0.010667,0.070470,1.835035,1.000000,0.069967,1.764963
2.860000,0.477542,0.193096,0.416491,0.969183,-0.237260,-0.065410,0.010695,0.070470,1.834686,1.000000,0.069605,1.766377
2.865000,0.477363,0.193029,0.416486,0.969191,-0.237226,-0.065398,0.010724,0.070469,1.834340,1.000000,0.069235,1.767838
2.870000,0.477185,0.192960,0.416482,0.969200,-0.237192,-0.065385,0.010752,0.070469,1.833995,1.000000,0.068859,1.769455
2.875000,0.477010,0.192891,0.416477,0.969209,-0.237159,-0.065372,0.010779,0.070469,1.833651,1.000000,0.068473,1.771087
2.880000,0.476836,0.192821,0.416473,0.969218,-0.237126,-0.065359,0.010807,0.070468,1.833310,1.000000,0.068080,1.772767
2.885000,0.476664,0.192750,0.416468,0.969226,-0.237093,-0.065346,0.010834,0.070468,1.832971,1.000000,0.067680,1.774493
2.890000,0.476494,0.192679,0.416464,0.969235,-0.237061,-0.065332,0.010860,0.070468,1.832634,1.000000,0.067274,1.776256
2.895000,0.476326,0.192607,0.416460,0.969243,-0.237030,-0.065319,0.010886,0.070467,1.832299,1.000000,0.066864,1.778065
2.900000,0.476160,0.192534,0.416456,0.969251,-0.236998,-0.065305,0.010912,0.070467,1.831965,1.000000,0.066451,1.779923
2.905000,0.475995,0.192461,0.416451,0.969259,-0.236968,-0.065292,0.010938,0.070467,1.831635,1.000000,0.066012,1.781200
2.910000,0.475832,0.192387,0.416447,0.969267,-0.236937,-0.065279,0.010963,0.070466,1.831306,1.000000,0.065573,1.782515
2.915000,0.475671,0.192312,0.416442,0.969275,-0.236907,-0.065266,0.010988,0.070466,1.830979,1.000000,0.065136,1.783877
2.920000,0.475511,0.192237,0.416438,0.969283,-0.236878,-0.065254,0.011013,0.070466,1.830655,1.000000,0.064703,1.785312
2.925000,0.475353,0.192160,0.416433,0.969290,-0.236850,-0.065243,0.011037,0.070465,1.830333,1.000000,0.064276,1.786811
2.930000,0.475197,0.192084,0.416428,0.969298,-0.236821,-0.065233,0.011062,0.070465,1.830012,1.000000,0.063855,1.788357
2.935000,0.475042,0.192006,0.416422,0.969305,-0.236794,-0.065223,0.011086,0.070465,1.829694,1.000000,0.063437,1.789891
2.940000,0.474888,0.191928,0.416417,0.969312,-0.236766,-0.065215,0.011110,0.070464,1.829378,1.000000,0.063024,1.791471
2.945000,0.474736,0.191849,0.416411,0.969319,-0.236740,-0.065207,0.011133,0.070464,1.829065,1.000000,0.062618,1.793098
2.950000,0.474585,0.191770,0.416404,0.969325,-0.236713,-0.065201,0.011157,0.070464,1.828753,1.000000,0.062219,1.794778
2.955000,0.474436,0.191689,0.416397,0.969331,-0.236688,-0.065195,0.011180,0.070463,1.828443,1.000000,0.061828,1.796532
2.960000,0.474288,0.191609,0.416390,0.969338,-0.236662,-0.065191,0.011204,0.070463,1.828135,1.000000,0.061444,1.798334
2.965000,0.474141,0.191527,0.416383,0.969344,-0.236637,-0.065188,0.011227,0.070463,1.827829,1.000000,0.061069,1.800182
2.970000,0.473996,0.191445,0.416374,0.969350,-0.236613,-0.065186,0.011250,0.070462,1.827524,1.000000,0.060704,1.802209
2.975000,0.473851,0.191362,0.416366,0.969355,-0.236589,-0.065185,0.011273,0.070462,1.827222,1.000000,0.060344,1.804282
2.980000,0.473709,0.191279,0.416357,0.969361,-0.236565,-0.065186,0.011296,0.070461,1.826921,1.000000,0.059991,1.806403
2.985000,0.473567,0.191195,0.416347,0.969366,-0.236542,-0.065187,0.011319,0.070461,1.826622,1.000000,0.059644,1.808539
2.990000,0.473426,0.191110,0.416337,0.969371,-0.236519,-0.065190,0.011342,0.070461,1.826325,1.000000,0.059304,1.810712
2.995000,0.473287,0.191025,0.416327,0.969376,-0.236496,-0.065194,0.011365,0.070460,1.826029,1.000000,0.058970,1.812932
3.000000,0.473149,0.190939,0.416315,0.969381,-0.236474,-0.065199,0.011387,0.070460,1.825735,1.000000,0.058644,1.815186
3.005000,0.473012,0.190853,0.416304,0.969386,-0.236452,-0.065206,0.011410,0.070460,1.825443,1.000000,0.058300,1.816738
3.010000,0.472876,0.190766,0.416292,0.969390,-0.236431,-0.065213,0.011432,0.070461,1.825153,1.000000,0.057969,1.818382
3.015000,0.472741,0.190679,0.416279,0.969394,-0.236410,-0.065222,0.011455,0.070461,1.824864,1.000000,0.057652,1.820032
3.020000,0.472607,0.190591,0.416266,0.969398,-0.236389,-0.065233,0.011477,0.070460,1.824576,1.000000,0.057350,1.821713
3.025000,0.472474,0.190503,0.416252,0.969402,-0.236369,-0.065245,0.011500,0.070460,1.824290,1.000000,0.057064,1.823442
3.030000,0.472341,0.190414,0.416237,0.969406,-0.236349,-0.065259,0.011522,0.070460,1.824006,1.000000,0.056794,1.825221
3.035000,0.472209,0.190325,0.416222,0.969409,-0.236329,-0.065275,0.011545,0.070459,1.823723,1.000000,0.056540,1.827057
3.040000,0.472077,0.190235,0.416207,0.969413,-0.236310,-0.065292,0.011568,0.070459,1.823441,1.000000,0.056304,1.828896
3.045000,0.471946,0.190144,0.416191,0.969416,-0.236291,-0.065310,0.011591,0.070459,1.823160,1.000000,0.056083,1.830783
3.050000,0.471816,0.190053,0.416174,0.969418,-0.236273,-0.065330,0.011614,0.070458,1.822880,1.000000,0.055876,1.832642
3.055000,0.471686,0.189962,0.416157,0.969421,-0.236255,-0.065352,0.011637,0.070458,1.822601,1.000000,0.055683,1.834548
3.060000,0.471556,0.189870,0.416139,0.969423,-0.236238,-0.065375,0.011660,0.070457,1.822323,1.000000,0.055503,1.836501
3.065000,0.471427,0.189777,0.416120,0.969426,-0.236221,-0.065400,0.011684,0.070457,1.822046,1.000000,0.055338,1.838516
3.070000,0.471298,0.189684,0.416101,0.969428,-0.236204,-0.065426,0.011708,0.070457,1.821770,1.000000,0.055185,1.840584
3.075000,0.471170,0.189590,0.416081,0.969430,-0.236187,-0.065453,0.011732,0.070456,1.821494,1.000000,0.055105,1.843824
3.080000,0.471042,0.189496,0.416061,0.969431,-0.236171,-0.065482,0.011756,0.070456,1.821219,1.000000,0.055041,1.847032
3.085000,0.470915,0.189401,0.416040,0.969433,-0.236156,-0.065511,0.011780,0.070455,1.820944,1.000000,0.054984,1.850232
3.090000,0.470788,0.189306,0.416019,0.969434,-0.236140,-0.065540,0.011804,0.070455,1.820669,1.000000,0.054930,1.853467
3.095000,0.470662,0.189210,0.415997,0.969436,-0.236125,-0.065570,0.011829,0.070454,1.820394,1.000000,0.054878,1.856728
3.100000,0.470537,0.189114,0.415975,0.969437,-0.236110,-0.065600,0.011853,0.070454,1.820120,1.000000,0.054823,1.860010
3.105000,0.470413,0.189017,0.415952,0.969438,-0.236096,-0.065630,0.011877,0.070454,1.819845,1.000000,0.054825,1.864257
3.110000,0.470290,0.188920,0.415930,0.969439,-0.236082,-0.065659,0.011902,0.070453,1.819571,1.000000,0.054836,1.868534
3.115000,0.470168,0.188822,0.415907,0.969440,-0.236068,-0.065689,0.011926,0.070453,1.819297,1.000000,0.054846,1.872850
3.120000,0.470047,0.188724,0.415884,0.969442,-0.236054,-0.065717,0.011950,0.070452,1.819022,1.000000,0.054849,1.877193
3.125000,0.469927,0.188625,0.415861,0.969443,-0.236041,-0.065745,0.011974,0.070452,1.818748,1.000000,0.054844,1.881563
3.130000,0.469809,0.188526,0.415838,0.969444,-0.236028,-0.065771,0.011997,0.070451,1.818473,1.000000,0.054825,1.885869
3.135000,0.469692,0.188427,0.415815,0.969444,-0.236016,-0.065797,0.012021,0.070451,1.818199,1.000000,0.054795,1.890203
3.140000,0.469576,0.188328,0.415792,0.969445,-0.236004,-0.065822,0.012043,0.070450,1.817925,1.000000,0.054778,1.894369
3.145000,0.469461,0.188227,0.415769,0.969446,-0.235993,-0.065846,0.012066,0.070450,1.817651,1.000000,0.054734,1.898528
3.150000,0.469348,0.188127,0.415747,0.969447,-0.235983,-0.065869,0.012089,0.070449,1.817377,1.000000,0.054658,1.902701
3.155000,0.469235,0.188026,0.415724,0.969447,-0.235974,-0.065891,0.012111,0.070449,1.817104,1.000000,0.054566,1.906894
3.160000,0.469124,0.187925,0.415702,0.969448,-0.235965,-0.065914,0.012132,0.070448,1.816831,1.000000,0.054466,1.911075
3.165000,0.469014,0.187824,0.415680,0.969448,-0.235958,-0.065935,0.012154,0.070448,1.816559,1.000000,0.054365,1.915256
3.170000,0.468905,0.187722,0.415659,0.969448,-0.235951,-0.065957,0.012175,0.070447,1.816287,1.000000,0.054264,1.919457
3.175000,0.468797,0.187620,0.415637,0.969447,-0.235946,-0.065978,0.012195,0.070447,1.816016,1.000000,0.054169,1.923327
3.180000,0.468690,0.187518,0.415616,0.969446,-0.235942,-0.065999,0.012216,0.070446,1.815745,1.000000,0.054085,1.927235
3.185000,0.468584,0.187414,0.415596,0.969445,-0.235939,-0.066019,0.012236,0.070446,1.815475,1.000000,0.054011,1.931155
3.190000,0.468479,0.187310,0.415576,0.969444,-0.235938,-0.066039,0.012257,0.070445,1.815205,1.000000,0.053944,1.935061
3.195000,0.468375,0.187206,0.415556,0.969442,-0.235938,-0.066059,0.012277,0.070445,1.814935,1.000000,0.053881,1.938897
3.200000,0.468273,0.187101,0.415537,0.969440,-0.235940,-0.066079,0.012297,0.070444,1.814666,1.000000,0.053823,1.942745
3.205000,0.468171,0.186995,0.415518,0.969438,-0.235943,-0.066099,0.012318,0.070443,1.814397,1.000000,0.053770,1.946603
3.210000,0.468071,0.186888,0.415499,0.969435,-0.235948,-0.066118,0.012338,0.070443,1.814128,1.000000,0.053728,1.950772
3.215000,0.467972,0.186780,0.415481,0.969432,-0.235954,-0.066137,0.012358,0.070442,1.813859,1.000000,0.053683,1.954947
3.220000,0.467875,0.186671,0.415463,0.969429,-0.235962,-0.066156,0.012378,0.070442,1.813590,1.000000,0.053635,1.959129
3.225000,0.467779,0.186561,0.415446,0.969425,-0.235972,-0.066175,0.012398,0.070441,1.813322,1.000000,0.053582,1.963292
3.230000,0.467684,0.186450,0.415428,0.969421,-0.235983,-0.066194,0.012418,0.070441,1.813054,1.000000,0.053525,1.967458
3.235000,0.467591,0.186338,0.415411,0.969416,-0.235996,-0.066212,0.012437,0.070440,1.812787,1.000000,0.053463,1.971630
3.240000,0.467499,0.186225,0.415395,0.969411,-0.236010,-0.066231,0.012457,0.070439,1.812519,1.000000,0.053397,1.975790
3.245000,0.467409,0.186111,0.415378,0.969405,-0.236026,-0.066249,0.012476,0.070439,1.812252,1.000000,0.053335,1.980267
3.250000,0.467320,0.185996,0.415362,0.969400,-0.236044,-0.066268,0.012496,0.070438,1.811986,1.000000,0.053266,1.984748
3.255000,0.467233,0.185879,0.415346,0.969393,-0.236063,-0.066286,0.012515,0.070437,1.811719,1.000000,0.053188,1.989218
3.260000,0.467148,0.185761,0.415331,0.969387,-0.236084,-0.066305,0.012534,0.070437,1.811453,1.000000,0.053102,1.993672
3.265000,0.467065,0.185642,0.415316,0.969380,-0.236107,-0.066323,0.012552,0.070436,1.811188,1.000000,0.053007,1.998130
3.270000,0.466984,0.185521,0.415301,0.969372,-0.236131,-0.066341,0.012571,0.070436,1.810923,1.000000,0.052904,2.002584
3.275000,0.466904,0.185399,0.415286,0.969365,-0.236157,-0.066360,0.012589,0.070435,1.810658,1.000000,0.052800,2.007617
3.280000,0.466827,0.185276,0.415271,0.969356,-0.236185,-0.066378,0.012606,0.070434,1.810395,1.000000,0.052679,2.012650
3.285000,0.466752,0.185151,0.415257,0.969348,-0.236215,-0.066396,0.012624,0.070434,1.810131,1.000000,0.052539,2.017685
3.290000,0.466679,0.185025,0.415243,0.969338,-0.236246,-0.066414,0.012641,0.070433,1.809869,1.000000,0.052381,2.022709
3.295000,0.466608,0.184897,0.415229,0.969329,-0.236280,-0.066432,0.012657,0.070432,1.809607,1.000000,0.052206,2.027734
3.300000,0.466539,0.184768,0.415216,0.969319,-0.236315,-0.066450,0.012674,0.070431,1.809347,1.000000,0.052013,2.032760
3.305000,0.466473,0.184638,0.415203,0.969308,-0.236352,-0.066468,0.012689,0.070431,1.809087,1.000000,0.051755,2.037760
3.310000,0.466409,0.184506,0.415189,0.969298,-0.236390,-0.066487,0.012704,0.070430,1.808829,1.000000,0.051399,2.042968
3.315000,0.466347,0.184374,0.415176,0.969287,-0.236429,-0.066506,0.012717,0.070430,1.808573,1.000000,0.051024,2.048073
3.320000,0.466286,0.184241,0.415162,0.969276,-0.236468,-0.066527,0.012728,0.070429,1.808319,1.000000,0.050674,2.053166
3.325000,0.466227,0.184107,0.415148,0.969264,-0.236507,-0.066548,0.012738,0.070429,1.808065,1.000000,0.050525,2.058250
3.330000,0.466170,0.183973,0.415133,0.969254,-0.236545,-0.066568,0.012746,0.070428,1.807812,1.000000,0.050604,2.063334
3.335000,0.466115,0.183838,0.415118,0.969243,-0.236583,-0.066586,0.012754,0.070428,1.807558,1.000000,0.050853,2.068430
3.340000,0.466063,0.183702,0.415104,0.969233,-0.236620,-0.066601,0.012760,0.070427,1.807303,1.000000,0.051213,2.073541
3.345000,0.466013,0.183565,0.415090,0.969223,-0.236657,-0.066613,0.012767,0.070426,1.807045,1.000000,0.051654,2.078509
3.350000,0.465964,0.183426,0.415076,0.969214,-0.236693,-0.066621,0.012773,0.070426,1.806785,1.000000,0.052150,2.083460
3.355000,0.465919,0.183287,0.415063,0.969205,-0.236728,-0.066626,0.012778,0.070425,1.806523,1.000000,0.052671,2.088359
3.360000,0.465875,0.183146,0.415050,0.969196,-0.236763,-0.066627,0.012784,0.070425,1.806258,1.000000,0.053203,2.093260
3.365000,0.465834,0.183004,0.415038,0.969188,-0.236797,-0.066625,0.012790,0.070424,1.805990,1.000000,0.053739,2.098161
3.370000,0.465795,0.182860,0.415026,0.969180,-0.236830,-0.066619,0.012796,0.070424,1.805719,1.000000,0.054271,2.103050
3.375000,0.465758,0.182715,0.415014,0.969172,-0.236863,-0.066610,0.012801,0.070423,1.805446,1.000000,0.054797,2.107939
3.380000,0.465724,0.182569,0.415004,0.969165,-0.236896,-0.066598,0.012807,0.070423,1.805170,1.000000,0.055316,2.112733
3.385000,0.465692,0.182421,0.414993,0.969158,-0.236927,-0.066583,0.012814,0.070422,1.804892,1.000000,0.055831,2.117509
3.390000,0.465662,0.182271,0.414984,0.969152,-0.236959,-0.066566,0.012820,0.070422,1.804611,1.000000,0.056337,2.122282
3.395000,0.465635,0.182119,0.414974,0.969146,-0.236989,-0.066545,0.012827,0.070421,1.804328,1.000000,0.056834,2.127057
3.400000,0.465610,0.181966,0.414965,0.969140,-0.237019,-0.066522,0.012834,0.070421,1.804042,1.000000,0.057319,2.131819
3.405000,0.465587,0.181812,0.414957,0.969134,-0.237048,-0.066496,0.012842,0.070420,1.803754,1.000000,0.057790,2.136573
3.410000,0.465567,0.181655,0.414949,0.969129,-0.237077,-0.066468,0.012850,0.070420,1.803463,1.000000,0.058247,2.141329
3.415000,0.465549,0.181497,0.414941,0.969124,-0.237105,-0.066438,0.012858,0.070419,1.803170,1.000000,0.058692,2.145730
3.420000,0.465534,0.181337,0.414934,0.969120,-0.237133,-0.066406,0.012867,0.070419,1.802875,1.000000,0.059141,2.150129
3.425000,0.465521,0.181175,0.414928,0.969115,-0.237160,-0.066372,0.012876,0.070418,1.802578,1.000000,0.059591,2.154530
3.430000,0.465511,0.181011,0.414922,0.969111,-0.237187,-0.066336,0.012885,0.070418,1.802279,1.000000,0.060036,2.158927
3.435000,0.465503,0.180845,0.414916,0.969107,-0.237213,-0.066297,0.012896,0.070417,1.801977,1.000000,0.060473,2.163309
3.440000,0.465497,0.180678,0.414911,0.969103,-0.237239,-0.066258,0.012906,0.070417,1.801673,1.000000,0.060902,2.167693
3.445000,0.465493,0.180508,0.414906,0.969100,-0.237264,-0.066216,0.012918,0.070416,1.801367,1.000000,0.061319,2.171725
3.450000,0.465492,0.180336,0.414901,0.969096,-0.237289,-0.066173,0.012930,0.070416,1.801059,1.000000,0.061747,2.175809
3.455000,0.465494,0.180162,0.414897,0.969093,-0.237313,-0.066129,0.012942,0.070415,1.800749,1.000000,0.062176,2.179896
3.460000,0.465498,0.179986,0.414894,0.969090,-0.237337,-0.066083,0.012955,0.070414,1.800437,1.000000,0.062603,2.183986
3.465000,0.465504,0.179807,0.414890,0.969088,-0.237361,-0.066036,0.012969,0.070414,1.800122,1.000000,0.063022,2.188014
3.470000,0.465512,0.179627,0.414888,0.969085,-0.237384,-0.065988,0.012984,0.070413,1.799806,1.000000,0.063433,2.192036
3.475000,0.465523,0.179444,0.414885,0.969083,-0.237406,-0.065938,0.012999,0.070413,1.799488,1.000000,0.063816,2.196061
3.480000,0.465536,0.179259,0.414883,0.969081,-0.237428,-0.065888,0.013014,0.070412,1.799167,1.000000,0.064167,2.199760
3.485000,0.465551,0.179072,0.414881,0.969079,-0.237450,-0.065837,0.013030,0.070412,1.798845,1.000000,0.064505,2.203458
3.490000,0.465569,0.178882,0.414880,0.969077,-0.237471,-0.065786,0.013046,0.070411,1.798522,1.000000,0.064828,2.207159
3.495000,0.465589,0.178690,0.414878,0.969075,-0.237492,-0.065734,0.013063,0.070411,1.798197,1.000000,0.065132,2.210861
3.500000,0.465611,0.178495,0.414877,0.969073,-0.237512,-0.065682,0.013081,0.070410,1.797870,1.000000,0.065417,2.214561
3.505000,0.465636,0.178299,0.414875,0.969072,-0.237531,-0.065630,0.013099,0.070410,1.797542,1.000000,0.065680,2.218265
3.510000,0.465663,0.178100,0.414874,0.969070,-0.237550,-0.065577,0.013117,0.070409,1.797213,1.000000,0.065922,2.221967
3.515000,0.465692,0.177898,0.414873,0.969069,-0.237569,-0.065525,0.013135,0.070409,1.796883,1.000000,0.066135,2.225217
3.520000,0.465724,0.177694,0.414871,0.969068,-0.237587,-0.065473,0.013154,0.070408,1.796551,1.000000,0.066350,2.228473
3.525000,0.465758,0.177488,0.414870,0.969067,-0.237604,-0.065421,0.013173,0.070408,1.796219,1.000000,0.066561,2.231732
3.530000,0.465795,0.177279,0.414868,0.969066,-0.237622,-0.065369,0.013193,0.070407,1.795886,1.000000,0.066786,2.234989
3.535000,0.465833,0.177068,0.414866,0.969065,-0.237638,-0.065317,0.013213,0.070406,1.795551,1.000000,0.067074,2.238251
3.540000,0.465874,0.176854,0.414864,0.969064,-0.237655,-0.065265,0.013233,0.070406,1.795214,1.000000,0.067395,2.241517
3.545000,0.465918,0.176637,0.414862,0.969063,-0.237671,-0.065212,0.013255,0.070405,1.794877,1.000000,0.067726,2.244774
3.550000,0.465963,0.176418,0.414860,0.969063,-0.237688,-0.065160,0.013277,0.070405,1.794537,1.000000,0.068043,2.247648
3.555000,0.466011,0.176196,0.414857,0.969062,-0.237704,-0.065107,0.013300,0.070404,1.794196,1.000000,0.068371,2.250529
3.560000,0.466061,0.175971,0.414853,0.969061,-0.237719,-0.065055,0.013323,0.070404,1.793853,1.000000,0.068701,2.253404
3.565000,0.466113,0.175743,0.414850,0.969061,-0.237735,-0.065002,0.013347,0.070403,1.793509,1.000000,0.069027,2.256279
3.570000,0.466167,0.175513,0.414845,0.969060,-0.237750,-0.064950,0.013372,0.070403,1.793163,1.000000,0.069348,2.259161
3.575000,0.466223,0.175280,0.414840,0.969060,-0.237765,-0.064898,0.013398,0.070402,1.792815,1.000000,0.069660,2.262046
3.580000,0.466281,0.175044,0.414835,0.969059,-0.237780,-0.064846,0.013424,0.070402,1.792466,1.000000,0.069964,2.264934
3.585000,0.466341,0.174805,0.414828,0.969059,-0.237794,-0.064795,0.013450,0.070401,1.792116,1.000000,0.070240,2.267421
3.590000,0.466403,0.174564,0.414822,0.969058,-0.237808,-0.064743,0.013478,0.070401,1.791764,1.000000,0.070524,2.269915
3.595000,0.466467,0.174320,0.414814,0.969058,-0.237822,-0.064693,0.013505,0.070400,1.791411,1.000000,0.070811,2.272411
3.600000,0.466533,0.174073,0.414806,0.969057,-0.237836,-0.064643,0.013534,0.070400,1.791056,1.000000,0.071096,2.274915
3.605000,0.466600,0.173824,0.414797,0.969057,-0.237849,-0.064593,0.013563,0.070399,1.790700,1.000000,0.071377,2.277427
3.610000,0.466670,0.173571,0.414788,0.969057,-0.237862,-0.064544,0.013592,0.070399,1.790342,1.000000,0.071652,2.279940
3.615000,0.466741,0.173316,0.414777,0.969056,-0.237875,-0.064495,0.013622,0.070398,1.789983,1.000000,0.071901,2.282094
3.620000,0.466814,0.173058,0.414766,0.969056,-0.237887,-0.064447,0.013652,0.070397,1.789623,1.000000,0.072159,2.284259
3.625000,0.466888,0.172797,0.414754,0.969056,-0.237900,-0.064399,0.013683,0.070397,1.789262,1.000000,0.072420,2.286441
3.630000,0.466964,0.172534,0.414742,0.969056,-0.237912,-0.064353,0.013714,0.070396,1.788900,1.000000,0.072680,2.288634
3.635000,0.467042,0.172267,0.414729,0.969055,-0.237924,-0.064306,0.013746,0.070396,1.788536,1.000000,0.072936,2.290837
3.640000,0.467122,0.171998,0.414715,0.969055,-0.237935,-0.064261,0.013778,0.070395,1.788171,1.000000,0.073186,2.293032
3.645000,0.467203,0.171726,0.414700,0.969055,-0.237946,-0.064216,0.013810,0.070395,1.787804,1.000000,0.073429,2.295229
3.650000,0.467285,0.171451,0.414685,0.969054,-0.237957,-0.064172,0.013843,0.070394,1.787437,1.000000,0.073640,2.297046
3.655000,0.467369,0.171174,0.414669,0.969054,-0.237968,-0.064128,0.013876,0.070394,1.787068,1.000000,0.073861,2.298879
3.660000,0.467454,0.170894,0.414652,0.969054,-0.237979,-0.064086,0.013909,0.070393,1.786699,1.000000,0.074085,2.300731
3.665000,0.467541,0.170611,0.414634,0.969054,-0.237989,-0.064044,0.013943,0.070393,1.786328,1.000000,0.074308,2.302594
3.670000,0.467629,0.170325,0.414616,0.969053,-0.237999,-0.064002,0.013977,0.070392,1.785956,1.000000,0.074528,2.304468
3.675000,0.467719,0.170036,0.414597,0.969053,-0.238009,-0.063962,0.014012,0.070392,1.785583,1.000000,0.074743,2.306348
3.680000,0.467809,0.169745,0.414578,0.969053,-0.238019,-0.063922,0.014046,0.070391,1.785210,1.000000,0.074951,2.308240
3.685000,0.467901,0.169451,0.414558,0.969053,-0.238028,-0.063883,0.014081,0.070390,1.784835,1.000000,0.075121,2.309816
3.690000,0.467995,0.169155,0.414537,0.969052,-0.238038,-0.063845,0.014116,0.070390,1.784459,1.000000,0.075285,2.311455
3.695000,0.468089,0.168855,0.414516,0.969052,-0.238047,-0.063808,0.014151,0.070389,1.784083,1.000000,0.075435,2.313109
3.700000,0.468185,0.168553,0.414494,0.969052,-0.238055,-0.063772,0.014186,0.070389,1.783706,1.000000,0.075569,2.314776
3.705000,0.468281,0.168249,0.414471,0.969052,-0.238064,-0.063737,0.014221,0.070388,1.783328,1.000000,0.075682,2.316411
3.710000,0.468379,0.167942,0.414449,0.969051,-0.238072,-0.063703,0.014256,0.070388,1.782950,1.000000,0.075776,2.318055
3.715000,0.468478,0.167632,0.414425,0.969051,-0.238080,-0.063670,0.014291,0.070387,1.782571,1.000000,0.075851,2.319713
3.720000,0.468577,0.167320,0.414401,0.969051,-0.238087,-0.063639,0.014326,0.070387,1.782193,1.000000,0.075855,2.320704
3.725000,0.468678,0.167005,0.414377,0.969050,-0.238095,-0.063608,0.014361,0.070386,1.781814,1.000000,0.075870,2.321713
3.730000,0.468780,0.166687,0.414352,0.969050,-0.238102,-0.063578,0.014396,0.070385,1.781435,1.000000,0.075890,2.322742
3.735000,0.468883,0.166367,0.414327,0.969050,-0.238109,-0.063550,0.014430,0.070385,1.781057,1.000000,0.075909,2.323782
3.740000,0.468987,0.166045,0.414302,0.969049,-0.238116,-0.063522,0.014465,0.070384,1.780678,1.000000,0.075922,2.324833
3.745000,0.469091,0.165719,0.414277,0.969049,-0.238122,-0.063496,0.014499,0.070384,1.780299,1.000000,0.075926,2.325903
3.750000,0.469197,0.165391,0.414251,0.969049,-0.238128,-0.063471,0.014534,0.070383,1.779920,1.000000,0.075921,2.326996
3.755000,0.469303,0.165061,0.414225,0.969048,-0.238135,-0.063447,0.014568,0.070383,1.779542,1.000000,0.075851,2.327507
3.760000,0.469411,0.164728,0.414199,0.969048,-0.238141,-0.063424,0.014602,0.070382,1.779163,1.000000,0.075797,2.328045
3.765000,0.469519,0.164392,0.414173,0.969047,-0.238146,-0.063402,0.014636,0.070382,1.778786,1.000000,0.075749,2.328610
3.770000,0.469628,0.164053,0.414147,0.969047,-0.238152,-0.063381,0.014669,0.070381,1.778408,1.000000,0.075703,2.329199
3.775000,0.469738,0.163711,0.414121,0.969046,-0.238158,-0.063361,0.014703,0.070380,1.778030,1.000000,0.075653,2.329815
3.780000,0.469849,0.163367,0.414095,0.969045,-0.238163,-0.063342,0.014736,0.070380,1.777653,1.000000,0.075597,2.330458
3.785000,0.469961,0.163020,0.414069,0.969045,-0.238168,-0.063325,0.014769,0.070379,1.777276,1.000000,0.075529,2.331023
3.790000,0.470073,0.162670,0.414043,0.969044,-0.238173,-0.063308,0.014802,0.070379,1.776900,1.000000,0.075449,2.331612
3.795000,0.470186,0.162318,0.414017,0.969043,-0.238178,-0.063293,0.014835,0.070378,1.776524,1.000000,0.075356,2.332228
3.800000,0.470300,0.161962,0.413991,0.969043,-0.238183,-0.063279,0.014867,0.070378,1.776149,1.000000,0.075250,2.332869
3.805000,0.470414,0.161605,0.413965,0.969042,-0.238187,-0.063267,0.014898,0.070377,1.775774,1.000000,0.075128,2.333534
3.810000,0.470529,0.161244,0.413939,0.969041,-0.238191,-0.063255,0.014929,0.070377,1.775399,1.000000,0.074990,2.334226
3.815000,0.470645,0.160881,0.413914,0.969040,-0.238195,-0.063245,0.014960,0.070376,1.775026,1.000000,0.074834,2.334938
3.820000,0.470761,0.160515,0.413889,0.969040,-0.238199,-0.063237,0.014990,0.070375,1.774653,1.000000,0.074665,2.335633
3.825000,0.470878,0.160147,0.413864,0.969039,-0.238203,-0.063229,0.015019,0.070375,1.774282,1.000000,0.074474,2.336353
3.830000,0.470996,0.159776,0.413839,0.969038,-0.238206,-0.063224,0.015047,0.070374,1.773911,1.000000,0.074261,2.337094
3.835000,0.471113,0.159403,0.413815,0.969037,-0.238209,-0.063219,0.015075,0.070374,1.773541,1.000000,0.074027,2.337851
3.840000,0.471232,0.159028,0.413791,0.969036,-0.238212,-0.063217,0.015102,0.070373,1.773173,1.000000,0.073772,2.338631
3.845000,0.471351,0.158651,0.413767,0.969035,-0.238214,-0.063215,0.015128,0.070372,1.772806,1.000000,0.073496,2.339435
3.850000,0.471470,0.158271,0.413744,0.969034,-0.238216,-0.063216,0.015154,0.070372,1.772440,1.000000,0.073200,2.340251
3.855000,0.471589,0.157889,0.413721,0.969033,-0.238218,-0.063217,0.015178,0.070371,1.772077,1.000000,0.072848,2.340780
3.860000,0.471710,0.157505,0.413698,0.969032,-0.238220,-0.063221,0.015202,0.070371,1.771715,1.000000,0.072491,2.341337
3.865000,0.471830,0.157119,0.413676,0.969031,-0.238222,-0.063225,0.015225,0.070370,1.771354,1.000000,0.072125,2.341920
3.870000,0.471951,0.156730,0.413654,0.969030,-0.238223,-0.063231,0.015247,0.070369,1.770996,1.000000,0.071747,2.342531
3.875000,0.472072,0.156340,0.413633,0.969029,-0.238224,-0.063238,0.015269,0.070369,1.770640,1.000000,0.071356,2.343169
3.880000,0.472194,0.155948,0.413612,0.969028,-0.238225,-0.063247,0.015289,0.070368,1.770285,1.000000,0.070951,2.343818
3.885000,0.472316,0.155553,0.413592,0.969027,-0.238226,-0.063257,0.015309,0.070368,1.769933,1.000000,0.070530,2.344488
3.890000,0.472438,0.155157,0.413572,0.969025,-0.238227,-0.063268,0.015328,0.070367,1.769583,1.000000,0.070065,2.344942
3.895000,0.472561,0.154759,0.413553,0.969024,-0.238227,-0.063281,0.015347,0.070366,1.769235,1.000000,0.069593,2.345394
3.900000,0.472684,0.154359,0.413535,0.969023,-0.238228,-0.063295,0.015364,0.070366,1.768890,1.000000,0.069111,2.345844
3.905000,0.472808,0.153958,0.413517,0.969022,-0.238228,-0.063310,0.015381,0.070365,1.768547,1.000000,0.068619,2.346325
3.910000,0.472932,0.153554,0.413499,0.969020,-0.238228,-0.063326,0.015397,0.070365,1.768207,1.000000,0.068130,2.346845
3.915000,0.473056,0.153149,0.413482,0.969019,-0.238227,-0.063343,0.015413,0.070364,1.767869,1.000000,0.067681,2.347417
3.920000,0.473180,0.152741,0.413466,0.969018,-0.238227,-0.063361,0.015426,0.070364,1.767533,1.000000,0.067258,2.348019
3.925000,0.473304,0.152332,0.413450,0.969016,-0.238227,-0.063381,0.015439,0.070363,1.767199,1.000000,0.066843,2.348464
3.930000,0.473429,0.151921,0.413435,0.969015,-0.238227,-0.063400,0.015450,0.070362,1.766868,1.000000,0.066449,2.348930
3.935000,0.473553,0.151508,0.413420,0.969013,-0.238226,-0.063421,0.015460,0.070362,1.766538,1.000000,0.066068,2.349426
3.940000,0.473677,0.151094,0.413406,0.969012,-0.238226,-0.063443,0.015469,0.070361,1.766210,1.000000,0.065698,2.349954
3.945000,0.473802,0.150677,0.413392,0.969010,-0.238226,-0.063465,0.015477,0.070361,1.765884,1.000000,0.065334,2.350483
3.950000,0.473926,0.150259,0.413378,0.969009,-0.238226,-0.063488,0.015483,0.070360,1.765560,1.000000,0.064974,2.351040
3.955000,0.474050,0.149839,0.413365,0.969007,-0.238225,-0.063512,0.015489,0.070359,1.765238,1.000000,0.064610,2.351495
3.960000,0.474174,0.149417,0.413352,0.969006,-0.238225,-0.063536,0.015493,0.070359,1.764917,1.000000,0.064248,2.351974
3.965000,0.474297,0.148993,0.413340,0.969004,-0.238224,-0.063561,0.015496,0.070358,1.764598,1.000000,0.063885,2.352479
3.970000,0.474421,0.148568,0.413328,0.969002,-0.238224,-0.063587,0.015498,0.070358,1.764281,1.000000,0.063521,2.353016
3.975000,0.474544,0.148141,0.413316,0.969001,-0.238223,-0.063614,0.015499,0.070357,1.763966,1.000000,0.063155,2.353568
3.980000,0.474667,0.147713,0.413305,0.968999,-0.238223,-0.063642,0.015499,0.070357,1.763653,1.000000,0.062784,2.354134
3.985000,0.474790,0.147283,0.413294,0.968998,-0.238222,-0.063670,0.015498,0.070356,1.763342,1.000000,0.062407,2.354730
3.990000,0.474912,0.146852,0.413284,0.968996,-0.238221,-0.063699,0.015497,0.070355,1.763032,1.000000,0.062049,2.355363
3.995000,0.475034,0.146419,0.413274,0.968994,-0.238220,-0.063729,0.015494,0.070355,1.762724,1.000000,0.061677,2.356007
4.000000,0.475155,0.145985,0.413264,0.968993,-0.238219,-0.063759,0.015490,0.070354,1.762418,1.000000,0.061292,2.356678
4.005000,0.475276,0.145550,0.413254,0.968991,-0.238217,-0.063791,0.015486,0.070354,1.762114,1.000000,0.060896,2.357374
4.010000,0.475397,0.145113,0.413245,0.968989,-0.238216,-0.063823,0.015480,0.070353,1.761812,1.000000,0.060490,2.358068
4.015000,0.475517,0.144676,0.413237,0.968988,-0.238214,-0.063856,0.015474,0.070352,1.761513,1.000000,0.060074,2.358789
4.020000,0.475637,0.144238,0.413228,0.968986,-0.238212,-0.063890,0.015466,0.070352,1.761215,1.000000,0.059648,2.359538
4.025000,0.475756,0.143798,0.413220,0.968984,-0.238210,-0.063924,0.015458,0.070351,1.760919,1.000000,0.059228,2.360245
4.030000,0.475875,0.143358,0.413212,0.968983,-0.238208,-0.063959,0.015449,0.070351,1.760626,1.000000,0.058796,2.360974
4.035000,0.475994,0.142917,0.413205,0.968981,-0.238206,-0.063995,0.015439,0.070350,1.760334,1.000000,0.058355,2.361729
4.040000,0.476112,0.142476,0.413197,0.968979,-0.238204,-0.064031,0.015429,0.070349,1.760045,1.000000,0.057905,2.362490
4.045000,0.476229,0.142033,0.413190,0.968978,-0.238201,-0.064069,0.015417,0.070349,1.759758,1.000000,0.057446,2.363267
4.050000,0.476346,0.141590,0.413184,0.968976,-0.238199,-0.064106,0.015405,0.070348,1.759474,1.000000,0.056980,2.364070
4.055000,0.476462,0.141147,0.413177,0.968974,-0.238196,-0.064145,0.015392,0.070347,1.759192,1.000000,0.056507,2.364880
4.060000,0.476578,0.140703,0.413171,0.968973,-0.238193,-0.064184,0.015379,0.070347,1.758912,1.000000,0.056062,2.365729
4.065000,0.476693,0.140259,0.413165,0.968971,-0.238190,-0.064223,0.015364,0.070346,1.758634,1.000000,0.055601,2.366601
4.070000,0.476807,0.139815,0.413159,0.968969,-0.238187,-0.064263,0.015349,0.070346,1.758359,1.000000,0.055129,2.367486
4.075000,0.476921,0.139370,0.413153,0.968968,-0.238184,-0.064304,0.015333,0.070345,1.758086,1.000000,0.054648,2.368370
4.080000,0.477035,0.138926,0.413148,0.968966,-0.238181,-0.064345,0.015317,0.070344,1.757815,1.000000,0.054159,2.369276
4.085000,0.477147,0.138481,0.413143,0.968964,-0.238177,-0.064387,0.015300,0.070344,1.757547,1.000000,0.053663,2.370202
4.090000,0.477259,0.138036,0.413138,0.968963,-0.238174,-0.064429,0.015282,0.070343,1.757282,1.000000,0.053162,2.371112
4.095000,0.477371,0.137592,0.413133,0.968961,-0.238170,-0.064472,0.015264,0.070343,1.757019,1.000000,0.052665,2.371992
4.100000,0.477482,0.137148,0.413128,0.968959,-0.238166,-0.064515,0.015245,0.070342,1.756758,1.000000,0.052159,2.372894
4.105000,0.477592,0.136704,0.413123,0.968958,-0.238163,-0.064559,0.015226,0.070341,1.756500,1.000000,0.051649,2.373783
4.110000,0.477701,0.136260,0.413119,0.968956,-0.238159,-0.064603,0.015206,0.070341,1.756244,1.000000,0.051134,2.374688
4.115000,0.477810,0.135817,0.413114,0.968954,-0.238155,-0.064648,0.015186,0.070340,1.755991,1.000000,0.050616,2.375615
4.120000,0.477918,0.135374,0.413110,0.968952,-0.238151,-0.064693,0.015166,0.070339,1.755741,1.000000,0.050095,2.376535
4.125000,0.478026,0.134931,0.413105,0.968951,-0.238147,-0.064738,0.015145,0.070339,1.755494,1.000000,0.049549,2.377277
4.130000,0.478132,0.134490,0.413101,0.968949,-0.238143,-0.064783,0.015124,0.070338,1.755249,1.000000,0.049011,2.378043
4.135000,0.478238,0.134048,0.413097,0.968947,-0.238140,-0.064829,0.015102,0.070338,1.755006,1.000000,0.048481,2.378813
4.140000,0.478344,0.133607,0.413093,0.968945,-0.238136,-0.064875,0.015081,0.070337,1.754767,1.000000,0.047958,2.379586
4.145000,0.478449,0.133167,0.413089,0.968944,-0.238132,-0.064921,0.015060,0.070336,1.754530,1.000000,0.047440,2.380381
4.150000,0.478553,0.132727,0.413085,0.968942,-0.238129,-0.064967,0.015038,0.070336,1.754295,1.000000,0.046925,2.381188
4.155000,0.478656,0.132288,0.413081,0.968940,-0.238125,-0.065014,0.015017,0.070335,1.754064,1.000000,0.046413,2.381989
4.160000,0.478759,0.131850,0.413078,0.968938,-0.238122,-0.065060,0.014996,0.070334,1.753834,1.000000,0.045895,2.382664
4.165000,0.478861,0.131412,0.413074,0.968936,-0.238118,-0.065106,0.014975,0.070334,1.753608,1.000000,0.045388,2.383358
4.170000,0.478962,0.130975,0.413070,0.968934,-0.238115,-0.065153,0.014955,0.070333,1.753383,1.000000,0.044890,2.384035
4.175000,0.479063,0.130538,0.413067,0.968932,-0.238112,-0.065199,0.014935,0.070333,1.753162,1.000000,0.044399,2.384734
4.180000,0.479163,0.130102,0.413063,0.968930,-0.238109,-0.065245,0.014915,0.070332,1.752942,1.000000,0.043914,2.385457
4.185000,0.479263,0.129666,0.413059,0.968928,-0.238106,-0.065291,0.014896,0.070331,1.752726,1.000000,0.043436,2.386170
4.190000,0.479362,0.129232,0.413056,0.968925,-0.238104,-0.065337,0.014877,0.070331,1.752511,1.000000,0.042961,2.386902
4.195000,0.479460,0.128797,0.413052,0.968923,-0.238101,-0.065383,0.014859,0.070330,1.752299,1.000000,0.042488,2.387540
4.200000,0.479558,0.128364,0.413049,0.968921,-0.238099,-0.065429,0.014841,0.070329,1.752089,1.000000,0.042020,2.388164
4.205000,0.479655,0.127931,0.413045,0.968919,-0.238096,-0.065474,0.014825,0.070329,1.751882,1.000000,0.041555,2.388793
4.210000,0.479751,0.127499,0.413042,0.968916,-0.238094,-0.065520,0.014808,0.070328,1.751677,1.000000,0.041094,2.389445
4.215000,0.479847,0.127067,0.413038,0.968914,-0.238092,-0.065565,0.014793,0.070328,1.751474,1.000000,0.040637,2.390107
4.220000,0.479942,0.126636,0.413035,0.968912,-0.238091,-0.065610,0.014778,0.070327,1.751273,1.000000,0.040184,2.390777
4.225000,0.480036,0.126206,0.413031,0.968909,-0.238089,-0.065655,0.014764,0.070326,1.751075,1.000000,0.039733,2.391471
4.230000,0.480130,0.125776,0.413028,0.968907,-0.238087,-0.065700,0.014751,0.070326,1.750879,1.000000,0.039294,2.392099
4.235000,0.480224,0.125348,0.413024,0.968904,-0.238086,-0.065744,0.014738,0.070325,1.750685,1.000000,0.038855,2.392717
4.240000,0.480316,0.124919,0.413020,0.968902,-0.238085,-0.065788,0.014726,0.070324,1.750493,1.000000,0.038416,2.393357
4.245000,0.480409,0.124492,0.413016,0.968899,-0.238084,-0.065833,0.014715,0.070324,1.750303,1.000000,0.037977,2.394014
4.250000,0.480500,0.124065,0.413013,0.968897,-0.238083,-0.065877,0.014705,0.070323,1.750116,1.000000,0.037531,2.394620
4.255000,0.480591,0.123638,0.413009,0.968894,-0.238082,-0.065921,0.014696,0.070322,1.749931,1.000000,0.037085,2.395249
4.260000,0.480681,0.123213,0.413005,0.968891,-0.238082,-0.065964,0.014687,0.070322,1.749748,1.000000,0.036639,2.395901
4.265000,0.480771,0.122788,0.413000,0.968888,-0.238081,-0.066008,0.014680,0.070321,1.749567,1.000000,0.036246,2.396563
4.270000,0.480860,0.122364,0.412996,0.968886,-0.238081,-0.066051,0.014673,0.070320,1.749388,1.000000,0.035849,2.397241
4.275000,0.480949,0.121940,0.412992,0.968883,-0.238081,-0.066094,0.014667,0.070320,1.749211,1.000000,0.035446,2.397937
4.280000,0.481037,0.121518,0.412987,0.968880,-0.238081,-0.066137,0.014661,0.070319,1.749036,1.000000,0.035040,2.398625
4.285000,0.481125,0.121096,0.412983,0.968877,-0.238081,-0.066180,0.014657,0.070318,1.748863,1.000000,0.034630,2.399317
4.290000,0.481212,0.120675,0.412978,0.968874,-0.238081,-0.066223,0.014653,0.070318,1.748693,1.000000,0.034218,2.400028
4.295000,0.481298,0.120255,0.412973,0.968871,-0.238082,-0.066266,0.014650,0.070317,1.748524,1.000000,0.033786,2.400546
4.300000,0.481384,0.119835,0.412968,0.968868,-0.238082,-0.066308,0.014648,0.070317,1.748357,1.000000,0.033368,2.401059
4.305000,0.481469,0.119416,0.412963,0.968865,-0.238083,-0.066350,0.014647,0.070316,1.748193,1.000000,0.032959,2.401592
4.310000,0.481554,0.118998,0.412957,0.968862,-0.238085,-0.066392,0.014648,0.070315,1.748030,1.000000,0.032559,2.402134
4.315000,0.481638,0.118581,0.412952,0.968859,-0.238086,-0.066433,0.014649,0.070315,1.747870,1.000000,0.032167,2.402661
4.320000,0.481722,0.118164,0.412946,0.968855,-0.238088,-0.066474,0.014652,0.070314,1.747711,1.000000,0.031779,2.403209
4.325000,0.481806,0.117748,0.412941,0.968852,-0.238090,-0.066515,0.014655,0.070313,1.747555,1.000000,0.031395,2.403774
4.330000,0.481889,0.117332,0.412935,0.968849,-0.238092,-0.066555,0.014661,0.070313,1.747400,1.000000,0.030978,2.404092
4.335000,0.481971,0.116917,0.412929,0.968845,-0.238095,-0.066594,0.014667,0.070312,1.747248,1.000000,0.030582,2.404434
4.340000,0.482054,0.116503,0.412923,0.968841,-0.238098,-0.066633,0.014675,0.070312,1.747097,1.000000,0.030203,2.404800
4.345000,0.482135,0.116088,0.412917,0.968838,-0.238102,-0.066671,0.014685,0.070311,1.746949,1.000000,0.029832,2.405139
4.350000,0.482217,0.115674,0.412911,0.968834,-0.238106,-0.066709,0.014697,0.070310,1.746802,1.000000,0.029469,2.405495
4.355000,0.482298,0.115261,0.412904,0.968830,-0.238110,-0.066746,0.014710,0.070310,1.746657,1.000000,0.029113,2.405876
4.360000,0.482379,0.114847,0.412898,0.968826,-0.238115,-0.066782,0.014724,0.070309,1.746514,1.000000,0.028762,2.406257
4.365000,0.482459,0.114434,0.412892,0.968822,-0.238120,-0.066817,0.014741,0.070308,1.746372,1.000000,0.028418,2.406483
4.370000,0.482539,0.114020,0.412885,0.968818,-0.238126,-0.066852,0.014760,0.070308,1.746232,1.000000,0.028091,2.406735
4.375000,0.482619,0.113607,0.412879,0.968814,-0.238131,-0.066886,0.014780,0.070307,1.746094,1.000000,0.027777,2.406994
4.380000,0.482698,0.113194,0.412872,0.968810,-0.238138,-0.066919,0.014803,0.070307,1.745957,1.000000,0.027472,2.407259
4.385000,0.482777,0.112780,0.412866,0.968806,-0.238145,-0.066951,0.014827,0.070306,1.745822,1.000000,0.027173,2.407548
4.390000,0.482856,0.112367,0.412859,0.968802,-0.238152,-0.066982,0.014854,0.070306,1.745688,1.000000,0.026876,2.407852
4.395000,0.482935,0.111953,0.412852,0.968797,-0.238159,-0.067012,0.014883,0.070305,1.745556,1.000000,0.026581,2.408155
4.400000,0.483013,0.111539,0.412846,0.968793,-0.238167,-0.067041,0.014914,0.070304,1.745425,1.000000,0.026291,2.408319
4.405000,0.483091,0.111125,0.412839,0.968788,-0.238176,-0.067069,0.014947,0.070304,1.745296,1.000000,0.026014,2.408505
4.410000,0.483169,0.110711,0.412832,0.968784,-0.238184,-0.067096,0.014983,0.070303,1.745168,1.000000,0.025745,2.408682
4.415000,0.483247,0.110296,0.412826,0.968779,-0.238194,-0.067122,0.015021,0.070303,1.745041,1.000000,0.025481,2.408884
4.420000,0.483325,0.109881,0.412819,0.968774,-0.238203,-0.067147,0.015061,0.070302,1.744916,1.000000,0.025219,2.409111
4.425000,0.483402,0.109466,0.412812,0.968769,-0.238213,-0.067171,0.015104,0.070302,1.744792,1.000000,0.024957,2.409331
4.430000,0.483479,0.109050,0.412806,0.968765,-0.238224,-0.067194,0.015149,0.070301,1.744669,1.000000,0.024692,2.409571
4.435000,0.483556,0.108633,0.412799,0.968760,-0.238235,-0.067215,0.015196,0.070301,1.744548,1.000000,0.024442,2.409743
4.440000,0.483633,0.108217,0.412792,0.968755,-0.238246,-0.067236,0.015246,0.070300,1.744428,1.000000,0.024191,2.409919
4.445000,0.483710,0.107800,0.412786,0.968750,-0.238257,-0.067255,0.015298,0.070300,1.744309,1.000000,0.023936,2.410108
4.450000,0.483786,0.107382,0.412779,0.968745,-0.238269,-0.067274,0.015353,0.070299,1.744191,1.000000,0.023677,2.410320
4.455000,0.483863,0.106965,0.412772,0.968740,-0.238282,-0.067291,0.015409,0.070299,1.744075,1.000000,0.023410,2.410539
4.460000,0.483939,0.106546,0.412765,0.968734,-0.238294,-0.067308,0.015469,0.070298,1.743960,1.000000,0.023135,2.410764
4.465000,0.484015,0.106128,0.412759,0.968729,-0.238307,-0.067323,0.015530,0.070298,1.743846,1.000000,0.022847,2.410882
4.470000,0.484091,0.105709,0.412752,0.968724,-0.238320,-0.067337,0.015594,0.070297,1.743734,1.000000,0.022560,2.411018
4.475000,0.484166,0.105289,0.412745,0.968719,-0.238334,-0.067350,0.015660,0.070297,1.743624,1.000000,0.022276,2.411158
4.480000,0.484242,0.104869,0.412739,0.968713,-0.238348,-0.067362,0.015729,0.070296,1.743515,1.000000,0.021988,2.411321
4.485000,0.484317,0.104449,0.412732,0.968708,-0.238362,-0.067374,0.015800,0.070296,1.743407,1.000000,0.021696,2.411507
4.490000,0.484393,0.104028,0.412725,0.968702,-0.238377,-0.067384,0.015873,0.070295,1.743301,1.000000,0.021399,2.411693
4.495000,0.484468,0.103606,0.412718,0.968697,-0.238392,-0.067392,0.015949,0.070295,1.743196,1.000000,0.021095,2.411902
4.500000,0.484543,0.103185,0.412712,0.968691,-0.238407,-0.067400,0.016027,0.070294,1.743093,1.000000,0.020765,2.411987
4.505000,0.484617,0.102762,0.412705,0.968685,-0.238423,-0.067407,0.016108,0.070294,1.742991,1.000000,0.020432,2.412073
4.510000,0.484692,0.102340,0.412698,0.968680,-0.238439,-0.067413,0.016191,0.070293,1.742891,1.000000,0.020097,2.412180
4.515000,0.484766,0.101916,0.412691,0.968674,-0.238456,-0.067418,0.016276,0.070293,1.742793,1.000000,0.019758,2.412312
4.520000,0.484841,0.101493,0.412685,0.968668,-0.238472,-0.067422,0.016364,0.070292,1.742697,1.000000,0.019416,2.412447
4.525000,0.484915,0.101069,0.412678,0.968662,-0.238490,-0.067425,0.016454,0.070292,1.742602,1.000000,0.019068,2.412595
4.530000,0.484989,0.100644,0.412671,0.968656,-0.238507,-0.067426,0.016546,0.070291,1.742509,1.000000,0.018715,2.412768
4.535000,0.485063,0.100219,0.412664,0.968650,-0.238525,-0.067427,0.016641,0.070291,1.742418,1.000000,0.018359,2.412844
4.540000,0.485136,0.099793,0.412658,0.968644,-0.238543,-0.067427,0.016738,0.070290,1.742329,1.000000,0.017997,2.412930
4.545000,0.485210,0.099367,0.412651,0.968637,-0.238562,-0.067426,0.016838,0.070289,1.742241,1.000000,0.017630,2.413040
4.550000,0.485283,0.098940,0.412644,0.968631,-0.238580,-0.067424,0.016940,0.070289,1.742156,1.000000,0.017257,2.413172
4.555000,0.485356,0.098513,0.412637,0.968625,-0.238599,-0.067422,0.017044,0.070288,1.742072,1.000000,0.016878,2.413318
4.560000,0.485429,0.098086,0.412630,0.968618,-0.238619,-0.067418,0.017150,0.070288,1.741990,1.000000,0.016492,2.413489
4.565000,0.485502,0.097658,0.412623,0.968612,-0.238639,-0.067413,0.017259,0.070287,1.741910,1.000000,0.016099,2.413683
4.570000,0.485575,0.097230,0.412616,0.968605,-0.238659,-0.067408,0.017370,0.070287,1.741832,1.000000,0.015723,2.413745
4.575000,0.485647,0.096801,0.412609,0.968599,-0.238679,-0.067402,0.017483,0.070286,1.741756,1.000000,0.015344,2.413829
4.580000,0.485720,0.096372,0.412603,0.968592,-0.238699,-0.067395,0.017598,0.070286,1.741682,1.000000,0.014962,2.413937
4.585000,0.485792,0.095942,0.412596,0.968586,-0.238720,-0.067387,0.017715,0.070285,1.741610,1.000000,0.014572,2.414040
4.590000,0.485864,0.095512,0.412589,0.968579,-0.238741,-0.067378,0.017835,0.070285,1.741540,1.000000,0.014175,2.414161
4.595000,0.485935,0.095082,0.412582,0.968572,-0.238762,-0.067368,0.017956,0.070284,1.741471,1.000000,0.013774,2.414306
4.600000,0.486007,0.094652,0.412575,0.968565,-0.238784,-0.067358,0.018080,0.070284,1.741405,1.000000,0.013371,2.414470
4.605000,0.486078,0.094221,0.412568,0.968558,-0.238806,-0.067346,0.018206,0.070283,1.741341,1.000000,0.013020,2.414551
4.610000,0.486150,0.093791,0.412561,0.968551,-0.238828,-0.067334,0.018333,0.070283,1.741278,1.000000,0.012663,2.414651
4.615000,0.486221,0.093360,0.412555,0.968544,-0.238850,-0.067321,0.018463,0.070282,1.741217,1.000000,0.012299,2.414754
4.620000,0.486291,0.092929,0.412548,0.968537,-0.238872,-0.067307,0.018594,0.070282,1.741158,1.000000,0.011928,2.414854
4.625000,0.486362,0.092498,0.412541,0.968530,-0.238894,-0.067293,0.018727,0.070281,1.741101,1.000000,0.011550,2.414972
4.630000,0.486432,0.092067,0.412535,0.968523,-0.238916,-0.067278,0.018861,0.070281,1.741045,1.000000,0.011168,2.415107
4.635000,0.486502,0.091636,0.412528,0.968516,-0.238939,-0.067262,0.018997,0.070280,1.740991,1.000000,0.010852,2.415180
4.640000,0.486572,0.091206,0.412521,0.968509,-0.238962,-0.067246,0.019135,0.070280,1.740939,1.000000,0.010530,2.415268
4.645000,0.486641,0.090776,0.412515,0.968502,-0.238984,-0.067230,0.019274,0.070279,1.740889,1.000000,0.010201,2.415371
4.650000,0.486710,0.090346,0.412509,0.968494,-0.239007,-0.067212,0.019414,0.070278,1.740840,1.000000,0.009866,2.415465
4.655000,0.486779,0.089917,0.412502,0.968487,-0.239030,-0.067195,0.019555,0.070278,1.740793,1.000000,0.009526,2.415574
4.660000,0.486847,0.089488,0.412496,0.968480,-0.239052,-0.067176,0.019698,0.070277,1.740747,1.000000,0.009182,2.415699
4.665000,0.486915,0.089060,0.412490,0.968473,-0.239075,-0.067158,0.019841,0.070277,1.740704,1.000000,0.008837,2.415818
4.670000,0.486982,0.088632,0.412484,0.968465,-0.239098,-0.067138,0.019986,0.070276,1.740662,1.000000,0.008496,2.415804
4.675000,0.487049,0.088205,0.412479,0.968458,-0.239121,-0.067119,0.020132,0.070276,1.740621,1.000000,0.008161,2.415805
4.680000,0.487116,0.087779,0.412473,0.968451,-0.239145,-0.067098,0.020279,0.070275,1.740583,1.000000,0.007832,2.415812
4.685000,0.487182,0.087354,0.412468,0.968443,-0.239168,-0.067077,0.020427,0.070275,1.740546,1.000000,0.007508,2.415829
4.690000,0.487248,0.086929,0.412463,0.968436,-0.239191,-0.067055,0.020576,0.070274,1.740510,1.000000,0.007189,2.415861
4.695000,0.487314,0.086505,0.412458,0.968428,-0.239215,-0.067033,0.020727,0.070274,1.740476,1.000000,0.006876,2.415898
4.700000,0.487379,0.086081,0.412454,0.968421,-0.239238,-0.067010,0.020879,0.070273,1.740444,1.000000,0.006567,2.415937
4.705000,0.487444,0.085659,0.412450,0.968413,-0.239262,-0.066986,0.021032,0.070272,1.740413,1.000000,0.006266,2.415735
4.710000,0.487508,0.085237,0.412446,0.968406,-0.239286,-0.066961,0.021186,0.070272,1.740384,1.000000,0.005976,2.415543
4.715000,0.487571,0.084816,0.412443,0.968398,-0.239310,-0.066936,0.021341,0.070271,1.740356,1.000000,0.005698,2.415346
4.720000,0.487635,0.084396,0.412440,0.968390,-0.239335,-0.066910,0.021498,0.070271,1.740330,1.000000,0.005431,2.415164
4.725000,0.487697,0.083976,0.412438,0.968383,-0.239359,-0.066883,0.021656,0.070270,1.740304,1.000000,0.005173,2.414998
4.730000,0.487759,0.083558,0.412437,0.968375,-0.239384,-0.066855,0.021815,0.070270,1.740280,1.000000,0.004925,2.414838
4.735000,0.487821,0.083140,0.412435,0.968367,-0.239408,-0.066827,0.021976,0.070269,1.740258,1.000000,0.004685,2.414693
4.740000,0.487882,0.082723,0.412435,0.968359,-0.239433,-0.066797,0.022138,0.070269,1.740236,1.000000,0.004516,2.414192
4.745000,0.487942,0.082307,0.412435,0.968352,-0.239458,-0.066767,0.022301,0.070268,1.740215,1.000000,0.004353,2.413679
4.750000,0.488002,0.081892,0.412436,0.968344,-0.239483,-0.066736,0.022465,0.070268,1.740194,1.000000,0.004195,2.413175
4.755000,0.488061,0.081478,0.412437,0.968336,-0.239508,-0.066705,0.022630,0.070267,1.740175,1.000000,0.004042,2.412683
4.760000,0.488120,0.081065,0.412439,0.968328,-0.239533,-0.066673,0.022797,0.070267,1.740156,1.000000,0.003895,2.412197
4.765000,0.488177,0.080653,0.412441,0.968320,-0.239558,-0.066641,0.022964,0.070266,1.740138,1.000000,0.003753,2.411719
4.770000,0.488234,0.080242,0.412444,0.968312,-0.239583,-0.066607,0.023133,0.070266,1.740121,1.000000,0.003616,2.411254
4.775000,0.488290,0.079832,0.412448,0.968304,-0.239608,-0.066574,0.023302,0.070265,1.740104,1.000000,0.003592,2.410414
4.780000,0.488345,0.079424,0.412453,0.968296,-0.239634,-0.066540,0.023472,0.070265,1.740087,1.000000,0.003564,2.409567
4.785000,0.488400,0.079017,0.412458,0.968288,-0.239659,-0.066506,0.023643,0.070264,1.740070,1.000000,0.003533,2.408728
4.790000,0.488453,0.078612,0.412464,0.968280,-0.239683,-0.066472,0.023814,0.070263,1.740053,1.000000,0.003499,2.407895
4.795000,0.488505,0.078208,0.412471,0.968272,-0.239708,-0.066438,0.023985,0.070263,1.740036,1.000000,0.003463,2.407061
4.800000,0.488557,0.077805,0.412478,0.968264,-0.239733,-0.066404,0.024157,0.070262,1.740020,1.000000,0.003426,2.406235
4.805000,0.488607,0.077405,0.412486,0.968256,-0.239758,-0.066370,0.024330,0.070262,1.740003,1.000000,0.003475,2.405188
4.810000,0.488657,0.077006,0.412494,0.968248,-0.239782,-0.066336,0.024502,0.070261,1.739986,1.000000,0.003518,2.404124
4.815000,0.488705,0.076610,0.412503,0.968240,-0.239806,-0.066303,0.024674,0.070261,1.739969,1.000000,0.003551,2.403064
4.820000,0.488752,0.076215,0.412513,0.968232,-0.239831,-0.066270,0.024846,0.070260,1.739952,1.000000,0.003576,2.402011
4.825000,0.488798,0.075823,0.412523,0.968223,-0.239855,-0.066237,0.025018,0.070259,1.739935,1.000000,0.003595,2.400951
4.830000,0.488843,0.075432,0.412534,0.968215,-0.239878,-0.066205,0.025190,0.070259,1.739917,1.000000,0.003610,2.399894
4.835000,0.488887,0.075044,0.412545,0.968207,-0.239902,-0.066173,0.025361,0.070258,1.739900,1.000000,0.003622,2.398843
4.840000,0.488929,0.074658,0.412557,0.968199,-0.239926,-0.066142,0.025532,0.070258,1.739882,1.000000,0.003665,2.397605
4.845000,0.488971,0.074275,0.412570,0.968191,-0.239949,-0.066112,0.025703,0.070257,1.739864,1.000000,0.003701,2.396366
4.850000,0.489011,0.073893,0.412583,0.968182,-0.239972,-0.066082,0.025873,0.070256,1.739846,1.000000,0.003729,2.395132
4.855000,0.489050,0.073515,0.412596,0.968174,-0.239996,-0.066053,0.026043,0.070256,1.739828,1.000000,0.003753,2.393887
4.860000,0.489088,0.073138,0.412610,0.968166,-0.240019,-0.066024,0.026212,0.070255,1.739810,1.000000,0.003774,2.392626
4.865000,0.489125,0.072764,0.412625,0.968157,-0.240042,-0.065996,0.026381,0.070254,1.739791,1.000000,0.003791,2.391370
4.870000,0.489161,0.072392,0.412640,0.968149,-0.240065,-0.065969,0.026549,0.070254,1.739773,1.000000,0.003806,2.390118
4.875000,0.489195,0.072023,0.412656,0.968140,-0.240087,-0.065942,0.026717,0.070253,1.739754,1.000000,0.003875,2.388652
4.880000,0.489229,0.071657,0.412672,0.968132,-0.240110,-0.065916,0.026885,0.070252,1.739735,1.000000,0.003937,2.387189
4.885000,0.489261,0.071293,0.412688,0.968123,-0.240133,-0.065891,0.027051,0.070252,1.739715,1.000000,0.003992,2.385729
4.890000,0.489292,0.070931,0.412705,0.968115,-0.240155,-0.065867,0.027217,0.070251,1.739696,1.000000,0.004039,2.384248
4.895000,0.489322,0.070572,0.412722,0.968106,-0.240177,-0.065844,0.027382,0.070250,1.739676,1.000000,0.004081,2.382771
4.900000,0.489351,0.070216,0.412740,0.968098,-0.240199,-0.065821,0.027547,0.070250,1.739656,1.000000,0.004118,2.381297
4.905000,0.489379,0.069862,0.412758,0.968089,-0.240221,-0.065800,0.027710,0.070249,1.739635,1.000000,0.004152,2.379807
4.910000,0.489406,0.069511,0.412776,0.968080,-0.240243,-0.065779,0.027873,0.070248,1.739615,1.000000,0.004205,2.378017
4.915000,0.489431,0.069162,0.412795,0.968072,-0.240264,-0.065759,0.028036,0.070248,1.739594,1.000000,0.004249,2.376229
4.920000,0.489456,0.068816,0.412814,0.968063,-0.240286,-0.065740,0.028197,0.070247,1.739573,1.000000,0.004284,2.374435
4.925000,0.489479,0.068472,0.412833,0.968054,-0.240307,-0.065723,0.028358,0.070246,1.739552,1.000000,0.004311,2.372639
4.930000,0.489502,0.068131,0.412853,0.968045,-0.240328,-0.065706,0.028517,0.070246,1.739530,1.000000,0.004333,2.370845
4.935000,0.489523,0.067793,0.412872,0.968036,-0.240349,-0.065690,0.028676,0.070245,1.739509,1.000000,0.004350,2.369051
4.940000,0.489543,0.067457,0.412892,0.968028,-0.240370,-0.065676,0.028834,0.070244,1.739488,1.000000,0.004360,2.367255
4.945000,0.489562,0.067124,0.412913,0.968019,-0.240391,-0.065662,0.028992,0.070244,1.739466,1.000000,0.004336,2.365018
4.950000,0.489580,0.066792,0.412933,0.968010,-0.240412,-0.065649,0.029148,0.070243,1.739445,1.000000,0.004305,2.362779
4.955000,0.489597,0.066464,0.412954,0.968000,-0.240433,-0.065638,0.029305,0.070242,1.739424,1.000000,0.004273,2.360522
4.960000,0.489613,0.066137,0.412974,0.967991,-0.240454,-0.065628,0.029460,0.070241,1.739403,1.000000,0.004241,2.358268
4.965000,0.489628,0.065812,0.412995,0.967982,-0.240475,-0.065619,0.029615,0.070241,1.739382,1.000000,0.004209,2.356017
4.970000,0.489642,0.065490,0.413016,0.967973,-0.240496,-0.065611,0.029769,0.070240,1.739362,1.000000,0.004177,2.353759
4.975000,0.489655,0.065170,0.413037,0.967963,-0.240517,-0.065605,0.029923,0.070239,1.739341,1.000000,0.004116,2.350892
4.980000,0.489667,0.064851,0.413059,0.967953,-0.240537,-0.065599,0.030077,0.070239,1.739321,1.000000,0.004046,2.348031
4.985000,0.489677,0.064534,0.413080,0.967944,-0.240558,-0.065596,0.030230,0.070238,1.739302,1.000000,0.003973,2.345152
4.990000,0.489687,0.064220,0.413101,0.967934,-0.240579,-0.065593,0.030383,0.070237,1.739283,1.000000,0.003900,2.342273
4.995000,0.489695,0.063906,0.413122,0.967924,-0.240600,-0.065592,0.030535,0.070236,1.739264,1.000000,0.003828,2.339399
5.000000,0.489703,0.063595,0.413144,0.967914,-0.240621,-0.065593,0.030688,0.070236,1.739245,1.000000,0.003756,2.336521
5.005000,0.489709,0.063285,0.413165,0.967904,-0.240642,-0.065595,0.030840,0.070235,1.739227,1.000000,0.003685,2.333643
5.010000,0.489714,0.062976,0.413186,0.967893,-0.240663,-0.065599,0.030991,0.070234,1.739209,1.000000,0.003603,2.329878
5.015000,0.489718,0.062668,0.413208,0.967883,-0.240684,-0.065604,0.031143,0.070234,1.739192,1.000000,0.003510,2.326112
5.020000,0.489721,0.062362,0.413229,0.967872,-0.240706,-0.065611,0.031294,0.070233,1.739175,1.000000,0.003412,2.322343
5.025000,0.489723,0.062057,0.413250,0.967861,-0.240727,-0.065621,0.031445,0.070232,1.739159,1.000000,0.003314,2.318579
5.030000,0.489724,0.061754,0.413271,0.967851,-0.240748,-0.065632,0.031596,0.070231,1.739143,1.000000,0.003216,2.314814
5.035000,0.489723,0.061451,0.413291,0.967839,-0.240769,-0.065645,0.031747,0.070231,1.739127,1.000000,0.003119,2.311034
5.040000,0.489722,0.061149,0.413312,0.967828,-0.240790,-0.065660,0.031898,0.070230,1.739112,1.000000,0.003022,2.307259
5.045000,0.489719,0.060848,0.413332,0.967817,-0.240811,-0.065677,0.032048,0.070229,1.739098,1.000000,0.002877,2.302486
5.050000,0.489715,0.060548,0.413352,0.967805,-0.240832,-0.065696,0.032198,0.070229,1.739085,1.000000,0.002728,2.297709
5.055000,0.489710,0.060249,0.413373,0.967793,-0.240854,-0.065718,0.032349,0.070228,1.739072,1.000000,0.002583,2.292937
5.060000,0.489703,0.059950,0.413392,0.967782,-0.240875,-0.065741,0.032499,0.070227,1.739060,1.000000,0.002445,2.288172
5.065000,0.489695,0.059652,0.413412,0.967769,-0.240896,-0.065767,0.032650,0.070227,1.739049,1.000000,0.002311,2.283397
5.070000,0.489686,0.059354,0.413432,0.967757,-0.240918,-0.065795,0.032801,0.070226,1.739038,1.000000,0.002182,2.278625
5.075000,0.489676,0.059056,0.413451,0.967745,-0.240939,-0.065825,0.032951,0.070225,1.739028,1.000000,0.002060,2.273860
5.080000,0.489665,0.058759,0.413471,0.967732,-0.240960,-0.065858,0.033102,0.070225,1.739019,1.000000,0.001916,2.268671
5.085000,0.489652,0.058462,0.413490,0.967719,-0.240981,-0.065892,0.033253,0.070224,1.739010,1.000000,0.001789,2.263483
5.090000,0.489638,0.058164,0.413509,0.967706,-0.241002,-0.065929,0.033405,0.070224,1.739002,1.000000,0.001679,2.258303
5.095000,0.489623,0.057866,0.413529,0.967693,-0.241023,-0.065967,0.033557,0.070223,1.738994,1.000000,0.001583,2.253121
5.100000,0.489607,0.057569,0.413548,0.967680,-0.241044,-0.066007,0.033709,0.070222,1.738987,1.000000,0.001499,2.247931
5.105000,0.489590,0.057270,0.413568,0.967667,-0.241064,-0.066049,0.033861,0.070222,1.738981,1.000000,0.001424,2.242750
5.110000,0.489572,0.056972,0.413588,0.967653,-0.241084,-0.066093,0.034013,0.070221,1.738974,1.000000,0.001356,2.237575
5.115000,0.489552,0.056673,0.413608,0.967640,-0.241104,-0.066138,0.034166,0.070221,1.738968,1.000000,0.001287,2.232205
5.120000,0.489531,0.056373,0.413628,0.967627,-0.241124,-0.066185,0.034319,0.070220,1.738963,1.000000,0.001244,2.226847
5.125000,0.489510,0.056072,0.413649,0.967613,-0.241143,-0.066233,0.034473,0.070220,1.738957,1.000000,0.001223,2.221500
5.130000,0.489487,0.055771,0.413671,0.967599,-0.241162,-0.066282,0.034627,0.070219,1.738952,1.000000,0.001218,2.216150
5.135000,0.489464,0.055469,0.413693,0.967586,-0.241180,-0.066332,0.034781,0.070219,1.738946,1.000000,0.001227,2.210811
5.140000,0.489439,0.055165,0.413715,0.967572,-0.241198,-0.066383,0.034935,0.070218,1.738941,1.000000,0.001246,2.205485
5.145000,0.489413,0.054861,0.413739,0.967559,-0.241216,-0.066435,0.035090,0.070218,1.738935,1.000000,0.001186,2.199246
5.150000,0.489387,0.054555,0.413763,0.967545,-0.241234,-0.066488,0.035245,0.070217,1.738930,1.000000,0.001135,2.193021
5.155000,0.489359,0.054248,0.413789,0.967531,-0.241251,-0.066541,0.035401,0.070217,1.738926,1.000000,0.001102,2.186815
5.160000,0.489330,0.053939,0.413815,0.967518,-0.241268,-0.066595,0.035557,0.070216,1.738921,1.000000,0.001088,2.180615
5.165000,0.489300,0.053629,0.413843,0.967504,-0.241284,-0.066650,0.035714,0.070216,1.738916,1.000000,0.001092,2.174424
5.170000,0.489269,0.053317,0.413871,0.967490,-0.241301,-0.066706,0.035871,0.070215,1.738912,1.000000,0.001109,2.168253
5.175000,0.489236,0.053004,0.413902,0.967477,-0.241317,-0.066762,0.036028,0.070215,1.738907,1.000000,0.001134,2.162100
5.180000,0.489203,0.052688,0.413933,0.967463,-0.241332,-0.066820,0.036186,0.070215,1.738902,1.000000,0.001115,2.154636
5.185000,0.489168,0.052371,0.413966,0.967449,-0.241347,-0.066878,0.036344,0.070214,1.738898,1.000000,0.001088,2.147195
5.190000,0.489131,0.052052,0.414000,0.967435,-0.241362,-0.066937,0.036503,0.070214,1.738893,1.000000,0.001063,2.139770
5.195000,0.489093,0.051731,0.414035,0.967422,-0.241377,-0.066997,0.036661,0.070214,1.738889,1.000000,0.001039,2.132348
5.200000,0.489053,0.051408,0.414072,0.967408,-0.241391,-0.067059,0.036820,0.070213,1.738885,1.000000,0.001021,2.124948
5.205000,0.489012,0.051083,0.414111,0.967394,-0.241405,-0.067121,0.036979,0.070213,1.738880,1.000000,0.001008,2.117572
5.210000,0.488968,0.050756,0.414151,0.967380,-0.241419,-0.067185,0.037138,0.070212,1.738876,1.000000,0.001002,2.110208
5.215000,0.488924,0.050427,0.414193,0.967366,-0.241432,-0.067251,0.037297,0.070212,1.738872,1.000000,0.000974,2.102122
5.220000,0.488877,0.050096,0.414236,0.967352,-0.241445,-0.067317,0.037456,0.070212,1.738869,1.000000,0.000938,2.094060
5.225000,0.488829,0.049763,0.414282,0.967338,-0.241458,-0.067385,0.037615,0.070212,1.738865,1.000000,0.000927,2.086005
5.230000,0.488779,0.049428,0.414328,0.967324,-0.241470,-0.067454,0.037773,0.070211,1.738861,1.000000,0.000951,2.077971
5.235000,0.488726,0.049090,0.414376,0.967310,-0.241482,-0.067525,0.037931,0.070211,1.738857,1.000000,0.001011,2.069962
5.240000,0.488672,0.048750,0.414426,0.967296,-0.241493,-0.067596,0.038089,0.070211,1.738853,1.000000,0.001105,2.061964
5.245000,0.488616,0.048408,0.414477,0.967282,-0.241504,-0.067668,0.038245,0.070210,1.738848,1.000000,0.001232,2.053981
5.250000,0.488558,0.048064,0.414530,0.967268,-0.241515,-0.067741,0.038401,0.070210,1.738843,1.000000,0.001330,2.045719
5.255000,0.488497,0.047717,0.414584,0.967254,-0.241526,-0.067814,0.038556,0.070210,1.738837,1.000000,0.001460,2.037489
5.260000,0.488434,0.047368,0.414640,0.967240,-0.241537,-0.067887,0.038711,0.070209,1.738831,1.000000,0.001625,2.029292
5.265000,0.488369,0.047015,0.414697,0.967226,-0.241547,-0.067961,0.038865,0.070209,1.738823,1.000000,0.001824,2.021127
5.270000,0.488302,0.046661,0.414755,0.967212,-0.241557,-0.068035,0.039018,0.070209,1.738815,1.000000,0.002054,2.012991
5.275000,0.488232,0.046303,0.414815,0.967198,-0.241567,-0.068108,0.039171,0.070209,1.738805,1.000000,0.002307,2.004871
5.280000,0.488160,0.045943,0.414876,0.967184,-0.241576,-0.068182,0.039322,0.070208,1.738794,1.000000,0.002570,1.996785
5.285000,0.488085,0.045580,0.414938,0.967171,-0.241586,-0.068255,0.039473,0.070208,1.738782,1.000000,0.002764,1.987985
5.290000,0.488009,0.045214,0.415002,0.967157,-0.241594,-0.068329,0.039623,0.070208,1.738769,1.000000,0.002953,1.979200
5.295000,0.487929,0.044846,0.415066,0.967144,-0.241603,-0.068402,0.039773,0.070208,1.738755,1.000000,0.003148,1.970457
5.300000,0.487848,0.044474,0.415131,0.967131,-0.241611,-0.068475,0.039922,0.070208,1.738740,1.000000,0.003352,1.961756
5.305000,0.487763,0.044100,0.415196,0.967117,-0.241619,-0.068549,0.040070,0.070207,1.738724,1.000000,0.003563,1.953090
5.310000,0.487676,0.043722,0.415263,0.967104,-0.241626,-0.068622,0.040218,0.070207,1.738707,1.000000,0.003782,1.944465
5.315000,0.487587,0.043342,0.415330,0.967091,-0.241633,-0.068694,0.040365,0.070207,1.738689,1.000000,0.003948,1.935877
5.320000,0.487496,0.042958,0.415398,0.967078,-0.241639,-0.068766,0.040511,0.070207,1.738670,1.000000,0.004112,1.927332
5.325000,0.487401,0.042572,0.415466,0.967066,-0.241645,-0.068838,0.040658,0.070207,1.738651,1.000000,0.004278,1.918832
5.330000,0.487305,0.042182,0.415535,0.967053,-0.241651,-0.068909,0.040804,0.070206,1.738631,1.000000,0.004445,1.910381
5.335000,0.487205,0.041790,0.415604,0.967040,-0.241657,-0.068979,0.040950,0.070206,1.738610,1.000000,0.004608,1.901984
5.340000,0.487104,0.041394,0.415674,0.967028,-0.241662,-0.069048,0.041097,0.070206,1.738588,1.000000,0.004764,1.893639
5.345000,0.487000,0.040996,0.415745,0.967016,-0.241667,-0.069116,0.041243,0.070206,1.738565,1.000000,0.004914,1.885348
5.350000,0.486894,0.040594,0.415815,0.967003,-0.241672,-0.069184,0.041389,0.070205,1.738542,1.000000,0.005035,1.877980
5.355000,0.486785,0.040190,0.415887,0.966991,-0.241676,-0.069249,0.041535,0.070205,1.738518,1.000000,0.005154,1.870637
5.360000,0.486674,0.039782,0.415958,0.966979,-0.241680,-0.069314,0.041681,0.070205,1.738494,1.000000,0.005262,1.863352
5.365000,0.486562,0.039372,0.416030,0.966968,-0.241683,-0.069376,0.041828,0.070205,1.738469,1.000000,0.005353,1.856124
5.370000,0.486447,0.038959,0.416102,0.966956,-0.241686,-0.069436,0.041975,0.070204,1.738444,1.000000,0.005424,1.848931
5.375000,0.486330,0.038542,0.416175,0.966945,-0.241689,-0.069495,0.042123,0.070204,1.738419,1.000000,0.005473,1.841797
5.380000,0.486212,0.038124,0.416248,0.966934,-0.241692,-0.069551,0.042271,0.070204,1.738393,1.000000,0.005497,1.834723
5.385000,0.486092,0.037702,0.416321,0.966923,-0.241694,-0.069605,0.042420,0.070203,1.738367,1.000000,0.005478,1.827799
5.390000,0.485970,0.037278,0.416394,0.966912,-0.241696,-0.069657,0.042569,0.070203,1.738342,1.000000,0.005431,1.820936
5.395000,0.485846,0.036851,0.416468,0.966901,-0.241698,-0.069707,0.042719,0.070203,1.738317,1.000000,0.005355,1.814138
5.400000,0.485721,0.036422,0.416541,0.966891,-0.241700,-0.069754,0.042869,0.070202,1.738293,1.000000,0.005251,1.807392
5.405000,0.485594,0.035991,0.416615,0.966880,-0.241702,-0.069800,0.043019,0.070202,1.738269,1.000000,0.005118,1.800704
5.410000,0.485466,0.035557,0.416689,0.966870,-0.241703,-0.069843,0.043171,0.070202,1.738245,1.000000,0.004957,1.794082
5.415000,0.485336,0.035121,0.416762,0.966860,-0.241705,-0.069883,0.043322,0.070201,1.738223,1.000000,0.004768,1.787521
5.420000,0.485205,0.034683,0.416836,0.966850,-0.241706,-0.069922,0.043475,0.070201,1.738202,1.000000,0.004563,1.781153
5.425000,0.485072,0.034244,0.416910,0.966840,-0.241708,-0.069958,0.043627,0.070201,1.738182,1.000000,0.004332,1.774851
5.430000,0.484938,0.033802,0.416983,0.966831,-0.241709,-0.069991,0.043781,0.070200,1.738163,1.000000,0.004072,1.768614
5.435000,0.484803,0.033359,0.417057,0.966821,-0.241710,-0.070022,0.043934,0.070200,1.738146,1.000000,0.003782,1.762428
5.440000,0.484667,0.032914,0.417130,0.966811,-0.241712,-0.070051,0.044089,0.070199,1.738130,1.000000,0.003465,1.756310
5.445000,0.484530,0.032468,0.417203,0.966802,-0.241713,-0.070078,0.044244,0.070199,1.738115,1.000000,0.003120,1.750263
5.450000,0.484391,0.032020,0.417276,0.966793,-0.241715,-0.070102,0.044399,0.070198,1.738103,1.000000,0.002748,1.744272
5.455000,0.484252,0.031571,0.417349,0.966784,-0.241717,-0.070124,0.044555,0.070198,1.738092,1.000000,0.002425,1.739344
5.460000,0.484111,0.031121,0.417422,0.966775,-0.241718,-0.070143,0.044712,0.070197,1.738083,1.000000,0.002096,1.734481
5.465000,0.483970,0.030670,0.417494,0.966766,-0.241720,-0.070159,0.044869,0.070197,1.738076,1.000000,0.001747,1.729669
5.470000,0.483829,0.030218,0.417567,0.966757,-0.241722,-0.070173,0.045026,0.070196,1.738070,1.000000,0.001371,1.724919
5.475000,0.483687,0.029765,0.417639,0.966748,-0.241724,-0.070184,0.045184,0.070196,1.738066,1.000000,0.000967,1.720237
5.480000,0.483545,0.029312,0.417710,0.966740,-0.241726,-0.070192,0.045343,0.070195,1.738065,1.000000,0.000531,1.715624
5.485000,0.483402,0.028857,0.417782,0.966732,-0.241728,-0.070197,0.045502,0.070195,1.738065,1.000000,0.000154,1.711736
5.490000,0.483259,0.028403,0.417853,0.966723,-0.241730,-0.070199,0.045661,0.070194,1.738067,1.000000,-0.000231,1.707910
5.495000,0.483116,0.027948,0.417924,0.966715,-0.241732,-0.070198,0.045820,0.070193,1.738070,1.000000,-0.000637,1.704136
5.500000,0.482974,0.027493,0.417995,0.966708,-0.241734,-0.070194,0.045980,0.070193,1.738075,1.000000,-0.001070,1.700410
5.505000,0.482831,0.027038,0.418065,0.966700,-0.241736,-0.070187,0.046140,0.070192,1.738082,1.000000,-0.001534,1.696748
5.510000,0.482689,0.026583,0.418135,0.966692,-0.241738,-0.070177,0.046301,0.070192,1.738091,1.000000,-0.002028,1.693146
5.515000,0.482547,0.026128,0.418205,0.966685,-0.241740,-0.070164,0.046461,0.070191,1.738102,1.000000,-0.002552,1.689593
5.520000,0.482405,0.025673,0.418274,0.966678,-0.241743,-0.070148,0.046622,0.070190,1.738115,1.000000,-0.002992,1.686154
5.525000,0.482264,0.025219,0.418344,0.966671,-0.241746,-0.070129,0.046783,0.070190,1.738129,1.000000,-0.003440,1.682771
5.530000,0.482123,0.024766,0.418413,0.966664,-0.241748,-0.070107,0.046943,0.070189,1.738146,1.000000,-0.003907,1.679441
5.535000,0.481983,0.024313,0.418481,0.966657,-0.241751,-0.070083,0.047104,0.070188,1.738164,1.000000,-0.004399,1.676167
5.540000,0.481844,0.023861,0.418549,0.966650,-0.241754,-0.070056,0.047265,0.070188,1.738184,1.000000,-0.004916,1.672950
5.545000,0.481705,0.023410,0.418617,0.966644,-0.241758,-0.070026,0.047425,0.070187,1.738207,1.000000,-0.005457,1.669772
5.550000,0.481567,0.022960,0.418684,0.966637,-0.241761,-0.069994,0.047586,0.070186,1.738231,1.000000,-0.006022,1.666648
5.555000,0.481429,0.022511,0.418751,0.966631,-0.241765,-0.069959,0.047747,0.070185,1.738258,1.000000,-0.006587,1.663700
5.560000,0.481293,0.022063,0.418818,0.966625,-0.241769,-0.069923,0.047907,0.070185,1.738287,1.000000,-0.007167,1.660795
5.565000,0.481157,0.021617,0.418884,0.966619,-0.241773,-0.069884,0.048068,0.070184,1.738319,1.000000,-0.007768,1.657937
5.570000,0.481022,0.021172,0.418949,0.966613,-0.241777,-0.069843,0.048228,0.070183,1.738353,1.000000,-0.008387,1.655134
5.575000,0.480888,0.020728,0.419014,0.966607,-0.241782,-0.069800,0.048388,0.070182,1.738389,1.000000,-0.009024,1.652387
5.580000,0.480755,0.020286,0.419078,0.966601,-0.241786,-0.069755,0.048549,0.070182,1.738428,1.000000,-0.009677,1.649693
5.585000,0.480622,0.019845,0.419142,0.966595,-0.241792,-0.069708,0.048709,0.070181,1.738470,1.000000,-0.010344,1.647056
5.590000,0.480491,0.019405,0.419205,0.966589,-0.241797,-0.069659,0.048870,0.070180,1.738514,1.000000,-0.010970,1.645047
5.595000,0.480361,0.018967,0.419267,0.966583,-0.241803,-0.069609,0.049031,0.070179,1.738561,1.000000,-0.011591,1.643070
5.600000,0.480231,0.018530,0.419329,0.966577,-0.241809,-0.069556,0.049192,0.070178,1.738610,1.000000,-0.012217,1.641145
5.605000,0.480103,0.018095,0.419390,0.966571,-0.241815,-0.069502,0.049353,0.070178,1.738662,1.000000,-0.012854,1.639272
5.610000,0.479976,0.017662,0.419451,0.966565,-0.241821,-0.069446,0.049514,0.070177,1.738716,1.000000,-0.013505,1.637435
5.615000,0.479850,0.017230,0.419510,0.966559,-0.241828,-0.069388,0.049676,0.070176,1.738773,1.000000,-0.014169,1.635650
5.620000,0.479726,0.016799,0.419569,0.966554,-0.241834,-0.069329,0.049838,0.070175,1.738833,1.000000,-0.014846,1.633917
5.625000,0.479602,0.016371,0.419627,0.966548,-0.241841,-0.069268,0.049999,0.070174,1.738894,1.000000,-0.015328,1.632982
5.630000,0.479480,0.015943,0.419685,0.966542,-0.241848,-0.069205,0.050161,0.070173,1.738958,1.000000,-0.015767,1.632084
5.635000,0.479360,0.015518,0.419741,0.966537,-0.241855,-0.069141,0.050323,0.070172,1.739023,1.000000,-0.016198,1.631225
5.640000,0.479241,0.015095,0.419797,0.966531,-0.241862,-0.069075,0.050484,0.070172,1.739090,1.000000,-0.016638,1.630397
5.645000,0.479123,0.014673,0.419852,0.966526,-0.241868,-0.069008,0.050645,0.070171,1.739159,1.000000,-0.017096,1.629603
5.650000,0.479007,0.014253,0.419905,0.966521,-0.241875,-0.068938,0.050805,0.070170,1.739229,1.000000,-0.017572,1.628849
5.655000,0.478893,0.013835,0.419958,0.966516,-0.241881,-0.068868,0.050965,0.070169,1.739301,1.000000,-0.017884,1.628756
5.660000,0.478781,0.013419,0.420010,0.966511,-0.241887,-0.068795,0.051125,0.070168,1.739374,1.000000,-0.018160,1.628680
5.665000,0.478670,0.013006,0.420062,0.966507,-0.241893,-0.068722,0.051283,0.070167,1.739449,1.000000,-0.018436,1.628635
5.670000,0.478561,0.012594,0.420112,0.966502,-0.241898,-0.068646,0.051441,0.070166,1.739524,1.000000,-0.018728,1.628620
5.675000,0.478455,0.012185,0.420161,0.966498,-0.241903,-0.068569,0.051598,0.070165,1.739601,1.000000,-0.019044,1.628635
5.680000,0.478350,0.011778,0.420209,0.966494,-0.241908,-0.068491,0.051753,0.070164,1.739678,1.000000,-0.019385,1.628680
5.685000,0.478248,0.011373,0.420257,0.966490,-0.241913,-0.068411,0.051908,0.070163,1.739758,1.000000,-0.019751,1.628757
5.690000,0.478147,0.010970,0.420303,0.966487,-0.241917,-0.068330,0.052062,0.070162,1.739838,1.000000,-0.020034,1.629082
5.695000,0.478049,0.010569,0.420348,0.966483,-0.241921,-0.068248,0.052215,0.070161,1.739920,1.000000,-0.020316,1.629433
5.700000,0.477953,0.010171,0.420393,0.966480,-0.241925,-0.068165,0.052366,0.070161,1.740003,1.000000,-0.020613,1.629811
5.705000,0.477859,0.009776,0.420437,0.966477,-0.241929,-0.068081,0.052517,0.070160,1.740087,1.000000,-0.020938,1.630230
5.710000,0.477767,0.009382,0.420479,0.966474,-0.241932,-0.067995,0.052666,0.070159,1.740172,1.000000,-0.021290,1.630681
5.715000,0.477677,0.008991,0.420521,0.966471,-0.241936,-0.067909,0.052814,0.070158,1.740259,1.000000,-0.021663,1.631159
5.720000,0.477590,0.008602,0.420562,0.966468,-0.241939,-0.067822,0.052961,0.070157,1.740347,1.000000,-0.022057,1.631639
5.725000,0.477505,0.008216,0.420601,0.966466,-0.241942,-0.067735,0.053106,0.070156,1.740437,1.000000,-0.022435,1.631943
5.730000,0.477422,0.007832,0.420640,0.966463,-0.241944,-0.067648,0.053251,0.070154,1.740528,1.000000,-0.022843,1.632272
5.735000,0.477342,0.007450,0.420676,0.966461,-0.241947,-0.067562,0.053393,0.070153,1.740621,1.000000,-0.023283,1.632621
5.740000,0.477263,0.007071,0.420711,0.966458,-0.241949,-0.067475,0.053535,0.070152,1.740716,1.000000,-0.023757,1.632987
5.745000,0.477188,0.006693,0.420745,0.966456,-0.241950,-0.067389,0.053675,0.070151,1.740813,1.000000,-0.024262,1.633378
5.750000,0.477115,0.006318,0.420777,0.966454,-0.241952,-0.067304,0.053814,0.070150,1.740912,1.000000,-0.024800,1.633790
5.755000,0.477044,0.005945,0.420807,0.966452,-0.241953,-0.067220,0.053951,0.070149,1.741013,1.000000,-0.025368,1.634218
5.760000,0.476976,0.005574,0.420835,0.966450,-0.241954,-0.067136,0.054087,0.070148,1.741117,1.000000,-0.025994,1.634676
5.765000,0.476910,0.005205,0.420862,0.966448,-0.241955,-0.067054,0.054222,0.070147,1.741223,1.000000,-0.026654,1.635159
5.770000,0.476846,0.004837,0.420886,0.966446,-0.241956,-0.066972,0.054356,0.070146,1.741332,1.000000,-0.027343,1.635664
5.775000,0.476786,0.004472,0.420909,0.966444,-0.241956,-0.066892,0.054489,0.070145,1.741444,1.000000,-0.028058,1.636193
5.780000,0.476727,0.004108,0.420930,0.966442,-0.241957,-0.066814,0.054621,0.070144,1.741559,1.000000,-0.028797,1.636748
5.785000,0.476671,0.003746,0.420948,0.966439,-0.241957,-0.066737,0.054751,0.070142,1.741676,1.000000,-0.029559,1.637319
5.790000,0.476618,0.003385,0.420965,0.966437,-0.241958,-0.066661,0.054881,0.070141,1.741797,1.000000,-0.030341,1.637912
5.795000,0.476567,0.003026,0.420980,0.966435,-0.241958,-0.066587,0.055010,0.070140,1.741921,1.000000,-0.031154,1.638542
5.800000,0.476518,0.002668,0.420993,0.966433,-0.241958,-0.066514,0.055138,0.070139,1.742048,1.000000,-0.031987,1.639193
5.805000,0.476471,0.002311,0.421005,0.966430,-0.241958,-0.066443,0.055265,0.070138,1.742179,1.000000,-0.032835,1.639865
5.810000,0.476427,0.001955,0.421014,0.966428,-0.241958,-0.066374,0.055391,0.070137,1.742313,1.000000,-0.033699,1.640562
5.815000,0.476385,0.001601,0.421021,0.966425,-0.241958,-0.066307,0.055517,0.070135,1.742450,1.000000,-0.034576,1.641278
5.820000,0.476346,0.001247,0.421027,0.966422,-0.241959,-0.066241,0.055642,0.070134,1.742591,1.000000,-0.035466,1.642009
5.825000,0.476308,0.000894,0.421031,0.966420,-0.241959,-0.066177,0.055766,0.070133,1.742736,1.000000,-0.036315,1.642470
5.830000,0.476273,0.000542,0.421033,0.966417,-0.241959,-0.066115,0.055889,0.070132,1.742884,1.000000,-0.037165,1.642952
5.835000,0.476239,0.000191,0.421034,0.966414,-0.241959,-0.066055,0.056011,0.070131,1.743035,1.000000,-0.038021,1.643455
5.840000,0.476208,-0.000160,0.421033,0.966411,-0.241959,-0.065997,0.056133,0.070130,1.743190,1.000000,-0.038884,1.643980
5.845000,0.476179,-0.000510,0.421030,0.966407,-0.241959,-0.065941,0.056253,0.070128,1.743348,1.000000,-0.039754,1.644526
5.850000,0.476152,-0.000859,0.421026,0.966404,-0.241959,-0.065887,0.056373,0.070127,1.743510,1.000000,-0.040631,1.645085
5.855000,0.476126,-0.001207,0.421020,0.966401,-0.241959,-0.065835,0.056492,0.070126,1.743675,1.000000,-0.041513,1.645665
5.860000,0.476103,-0.001556,0.421012,0.966397,-0.241959,-0.065785,0.056610,0.070125,1.743843,1.000000,-0.042366,1.646026
5.865000,0.476081,-0.001903,0.421004,0.966393,-0.241959,-0.065737,0.056728,0.070124,1.744015,1.000000,-0.043218,1.646405
5.870000,0.476060,-0.002250,0.420994,0.966390,-0.241959,-0.065692,0.056844,0.070122,1.744191,1.000000,-0.044071,1.646803
5.875000,0.476042,-0.002597,0.420982,0.966386,-0.241959,-0.065648,0.056960,0.070121,1.744370,1.000000,-0.044925,1.647220
5.880000,0.476025,-0.002944,0.420969,0.966382,-0.241960,-0.065606,0.057074,0.070120,1.744552,1.000000,-0.045781,1.647650
5.885000,0.476010,-0.003290,0.420956,0.966378,-0.241960,-0.065567,0.057188,0.070119,1.744738,1.000000,-0.046636,1.648095
5.890000,0.475996,-0.003636,0.420941,0.966374,-0.241960,-0.065530,0.057301,0.070118,1.744927,1.000000,-0.047491,1.648559
5.895000,0.475983,-0.003981,0.420924,0.966369,-0.241960,-0.065495,0.057413,0.070116,1.745119,1.000000,-0.048318,1.648879
5.900000,0.475972,-0.004326,0.420907,0.966365,-0.241961,-0.065462,0.057524,0.070115,1.745315,1.000000,-0.049141,1.649241
5.905000,0.475963,-0.004672,0.420889,0.966360,-0.241961,-0.065431,0.057634,0.070114,1.745514,1.000000,-0.049958,1.649621
5.910000,0.475954,-0.005016,0.420870,0.966356,-0.241962,-0.065402,0.057742,0.070113,1.745716,1.000000,-0.050769,1.650004
5.915000,0.475947,-0.005361,0.420850,0.966351,-0.241962,-0.065375,0.057850,0.070112,1.745922,1.000000,-0.051568,1.650318
5.920000,0.475941,-0.005706,0.420830,0.966346,-0.241963,-0.065351,0.057958,0.070110,1.746130,1.000000,-0.052360,1.650650
5.925000,0.475936,-0.006050,0.420808,0.966341,-0.241963,-0.065328,0.058064,0.070109,1.746342,1.000000,-0.053146,1.651000
5.930000,0.475932,-0.006395,0.420786,0.966336,-0.241964,-0.065308,0.058169,0.070108,1.746557,1.000000,-0.053896,1.651251
5.935000,0.475929,-0.006739,0.420763,0.966331,-0.241964,-0.065289,0.058273,0.070107,1.746775,1.000000,-0.054630,1.651520
5.940000,0.475927,-0.007083,0.420740,0.966325,-0.241965,-0.065273,0.058376,0.070105,1.746995,1.000000,-0.055351,1.651806
5.945000,0.475926,-0.007427,0.420717,0.966320,-0.241965,-0.065258,0.058477,0.070104,1.747219,1.000000,-0.056058,1.652070
5.950000,0.475926,-0.007771,0.420693,0.966315,-0.241966,-0.065245,0.058578,0.070103,1.747445,1.000000,-0.056754,1.652339
5.955000,0.475926,-0.008115,0.420668,0.966309,-0.241967,-0.065235,0.058678,0.070102,1.747674,1.000000,-0.057441,1.652624
5.960000,0.475928,-0.008459,0.420644,0.966304,-0.241967,-0.065226,0.058777,0.070101,1.747906,1.000000,-0.058119,1.652945
5.965000,0.475930,-0.008802,0.420619,0.966298,-0.241968,-0.065219,0.058874,0.070099,1.748140,1.000000,-0.058780,1.653288
5.970000,0.475933,-0.009146,0.420594,0.966292,-0.241968,-0.065213,0.058970,0.070098,1.748378,1.000000,-0.059425,1.653648
5.975000,0.475936,-0.009490,0.420569,0.966287,-0.241969,-0.065210,0.059066,0.070097,1.748617,1.000000,-0.060055,1.654004
5.980000,0.475940,-0.009833,0.420544,0.966281,-0.241969,-0.065208,0.059160,0.070096,1.748859,1.000000,-0.060669,1.654349
5.985000,0.475945,-0.010177,0.420519,0.966275,-0.241970,-0.065208,0.059253,0.070095,1.749104,1.000000,-0.061273,1.654709
5.990000,0.475950,-0.010520,0.420494,0.966269,-0.241970,-0.065209,0.059345,0.070093,1.749351,1.000000,-0.061867,1.655097
5.995000,0.475956,-0.010864,0.420469,0.966264,-0.241970,-0.065212,0.059436,0.070092,1.749600,1.000000,-0.062443,1.655444
6.000000,0.475963,-0.011208,0.420444,0.966258,-0.241970,-0.065216,0.059526,0.070091,1.749851,1.000000,-0.063008,1.655806
6.005000,0.475969,-0.011551,0.420419,0.966252,-0.241971,-0.065222,0.059614,0.070090,1.750105,1.000000,-0.063563,1.656185
6.010000,0.475976,-0.011895,0.420395,0.966246,-0.241971,-0.065230,0.059701,0.070089,1.750361,1.000000,-0.064112,1.656623
6.015000,0.475984,-0.012238,0.420371,0.966240,-0.241971,-0.065239,0.059787,0.070087,1.750619,1.000000,-0.064652,1.657077
6.020000,0.475992,-0.012582,0.420347,0.966234,-0.241971,-0.065249,0.059872,0.070086,1.750880,1.000000,-0.065182,1.657546
6.025000,0.476000,-0.012925,0.420324,0.966228,-0.241971,-0.065261,0.059956,0.070085,1.751142,1.000000,-0.065699,1.658007
6.030000,0.476008,-0.013269,0.420300,0.966222,-0.241971,-0.065274,0.060038,0.070084,1.751406,1.000000,-0.066166,1.658175
6.035000,0.476017,-0.013612,0.420277,0.966216,-0.241970,-0.065289,0.060119,0.070082,1.751672,1.000000,-0.066620,1.658357
6.040000,0.476026,-0.013955,0.420255,0.966210,-0.241970,-0.065305,0.060199,0.070081,1.751940,1.000000,-0.067064,1.658560
6.045000,0.476035,-0.014298,0.420233,0.966204,-0.241970,-0.065323,0.060277,0.070080,1.752210,1.000000,-0.067498,1.658782
6.050000,0.476044,-0.014641,0.420211,0.966198,-0.241969,-0.065342,0.060354,0.070079,1.752481,1.000000,-0.067922,1.659019
6.055000,0.476053,-0.014984,0.420190,0.966192,-0.241969,-0.065363,0.060429,0.070077,1.752754,1.000000,-0.068338,1.659274
6.060000,0.476063,-0.015327,0.420169,0.966186,-0.241968,-0.065385,0.060504,0.070076,1.753029,1.000000,-0.068743,1.659550
6.065000,0.476072,-0.015670,0.420148,0.966180,-0.241967,-0.065408,0.060576,0.070075,1.753305,1.000000,-0.069124,1.659702
6.070000,0.476082,-0.016012,0.420128,0.966174,-0.241966,-0.065433,0.060648,0.070074,1.753583,1.000000,-0.069493,1.659870
6.075000,0.476092,-0.016354,0.420108,0.966168,-0.241965,-0.065459,0.060718,0.070072,1.753862,1.000000,-0.069852,1.660057
6.080000,0.476101,-0.016696,0.420089,0.966162,-0.241964,-0.065486,0.060786,0.070071,1.754143,1.000000,-0.070200,1.660258
6.085000,0.476111,-0.017038,0.420070,0.966157,-0.241963,-0.065515,0.060853,0.070070,1.754424,1.000000,-0.070505,1.660473
6.090000,0.476120,-0.017379,0.420051,0.966151,-0.241962,-0.065544,0.060919,0.070069,1.754707,1.000000,-0.070769,1.660707
6.095000,0.476130,-0.017720,0.420032,0.966145,-0.241961,-0.065574,0.060982,0.070067,1.754991,1.000000,-0.071003,1.660956
6.100000,0.476138,-0.018062,0.420014,0.966139,-0.241960,-0.065605,0.061044,0.070066,1.755276,1.000000,-0.071250,1.661346
6.105000,0.476147,-0.018403,0.419996,0.966134,-0.241959,-0.065637,0.061104,0.070065,1.755562,1.000000,-0.071484,1.661727
6.110000,0.476155,-0.018744,0.419978,0.966128,-0.241958,-0.065669,0.061163,0.070064,1.755849,1.000000,-0.071707,1.662116
6.115000,0.476163,-0.019085,0.419960,0.966122,-0.241957,-0.065702,0.061220,0.070062,1.756137,1.000000,-0.071921,1.662522
6.120000,0.476170,-0.019426,0.419942,0.966117,-0.241956,-0.065736,0.061275,0.070061,1.756425,1.000000,-0.072129,1.662975
6.125000,0.476176,-0.019767,0.419924,0.966111,-0.241955,-0.065771,0.061329,0.070060,1.756715,1.000000,-0.072332,1.663463
6.130000,0.476183,-0.020108,0.419906,0.966106,-0.241954,-0.065806,0.061382,0.070058,1.757005,1.000000,-0.072528,1.663967
6.135000,0.476188,-0.020450,0.419889,0.966100,-0.241952,-0.065842,0.061433,0.070057,1.757296,1.000000,-0.072772,1.664680
6.140000,0.476193,-0.020791,0.419871,0.966095,-0.241951,-0.065879,0.061484,0.070056,1.757588,1.000000,-0.073024,1.665394
6.145000,0.476198,-0.021132,0.419853,0.966090,-0.241949,-0.065916,0.061533,0.070054,1.757881,1.000000,-0.073281,1.666126
6.150000,0.476202,-0.021473,0.419835,0.966084,-0.241948,-0.065955,0.061580,0.070053,1.758175,1.000000,-0.073541,1.666887
6.155000,0.476205,-0.021814,0.419818,0.966079,-0.241946,-0.065994,0.061627,0.070052,1.758471,1.000000,-0.073806,1.667702
6.160000,0.476208,-0.022156,0.419800,0.966074,-0.241944,-0.066034,0.061673,0.070050,1.758767,1.000000,-0.074073,1.668536
6.165000,0.476211,-0.022497,0.419782,0.966069,-0.241942,-0.066075,0.061718,0.070049,1.759064,1.000000,-0.074356,1.669382
6.170000,0.476213,-0.022839,0.419763,0.966064,-0.241940,-0.066117,0.061762,0.070048,1.759363,1.000000,-0.074646,1.670257
6.175000,0.476215,-0.023181,0.419745,0.966059,-0.241938,-0.066159,0.061805,0.070046,1.759663,1.000000,-0.074943,1.671151
6.180000,0.476216,-0.023523,0.419726,0.966053,-0.241936,-0.066203,0.061847,0.070045,1.759964,1.000000,-0.075244,1.672065
6.185000,0.476217,-0.023864,0.419707,0.966048,-0.241933,-0.066247,0.061888,0.070044,1.760266,1.000000,-0.075546,1.672961
6.190000,0.476217,-0.024207,0.419688,0.966043,-0.241931,-0.066293,0.061929,0.070042,1.760569,1.000000,-0.075850,1.673868
6.195000,0.476217,-0.024549,0.419668,0.966038,-0.241928,-0.066339,0.061968,0.070041,1.760874,1.000000,-0.076157,1.674795
6.200000,0.476217,-0.024891,0.419648,0.966033,-0.241925,-0.066386,0.062007,0.070040,1.761180,1.000000,-0.076501,1.675995
6.205000,0.476217,-0.025234,0.419627,0.966028,-0.241922,-0.066435,0.062045,0.070038,1.761487,1.000000,-0.076854,1.677237
6.210000,0.476216,-0.025577,0.419606,0.966023,-0.241918,-0.066483,0.062082,0.070037,1.761796,1.000000,-0.077211,1.678498
6.215000,0.476215,-0.025920,0.419584,0.966019,-0.241915,-0.066533,0.062119,0.070035,1.762106,1.000000,-0.077574,1.679786
6.220000,0.476214,-0.026263,0.419562,0.966014,-0.241911,-0.066584,0.062155,0.070034,1.762418,1.000000,-0.077942,1.681101
6.225000,0.476213,-0.026607,0.419539,0.966009,-0.241907,-0.066635,0.062191,0.070033,1.762731,1.000000,-0.078317,1.682435
6.230000,0.476212,-0.026950,0.419515,0.966004,-0.241903,-0.066687,0.062226,0.070031,1.763045,1.000000,-0.078696,1.683790
6.235000,0.476211,-0.027295,0.419491,0.965999,-0.241899,-0.066740,0.062260,0.070030,1.763362,1.000000,-0.079141,1.685697
6.240000,0.476209,-0.027639,0.419466,0.965994,-0.241895,-0.066794,0.062294,0.070029,1.763680,1.000000,-0.079592,1.687626
6.245000,0.476208,-0.027984,0.419440,0.965989,-0.241891,-0.066848,0.062328,0.070027,1.764000,1.000000,-0.080049,1.689578
6.250000,0.476207,-0.028330,0.419414,0.965985,-0.241886,-0.066902,0.062361,0.070026,1.764322,1.000000,-0.080513,1.691569
6.255000,0.476206,-0.028676,0.419386,0.965980,-0.241881,-0.066957,0.062394,0.070025,1.764646,1.000000,-0.080985,1.693581
6.260000,0.476206,-0.029023,0.419358,0.965975,-0.241876,-0.067012,0.062427,0.070023,1.764971,1.000000,-0.081466,1.695615
6.265000,0.476205,-0.029371,0.419329,0.965971,-0.241871,-0.067068,0.062460,0.070022,1.765299,1.000000,-0.081951,1.697640
6.270000,0.476205,-0.029719,0.419300,0.965966,-0.241866,-0.067124,0.062492,0.070020,1.765629,1.000000,-0.082511,1.700142
6.275000,0.476205,-0.030068,0.419269,0.965961,-0.241860,-0.067181,0.062524,0.070019,1.765961,1.000000,-0.083091,1.702667
6.280000,0.476206,-0.030418,0.419237,0.965957,-0.241855,-0.067238,0.062557,0.070018,1.766295,1.000000,-0.083687,1.705251
6.285000,0.476206,-0.030769,0.419205,0.965952,-0.241849,-0.067295,0.062589,0.070016,1.766632,1.000000,-0.084297,1.707874
6.290000,0.476208,-0.031120,0.419171,0.965947,-0.241843,-0.067352,0.062621,0.070015,1.766972,1.000000,-0.084919,1.710522
6.295000,0.476209,-0.031473,0.419137,0.965943,-0.241837,-0.067409,0.062654,0.070014,1.767314,1.000000,-0.085552,1.713201
6.300000,0.476211,-0.031827,0.419102,0.965938,-0.241831,-0.067467,0.062686,0.070012,1.767658,1.000000,-0.086197,1.715914
6.305000,0.476213,-0.032182,0.419065,0.965933,-0.241825,-0.067525,0.062718,0.070011,1.768005,1.000000,-0.086913,1.718916
6.310000,0.476216,-0.032538,0.419028,0.965929,-0.241819,-0.067584,0.062750,0.070009,1.768355,1.000000,-0.087660,1.721952
6.315000,0.476218,-0.032895,0.418989,0.965924,-0.241812,-0.067642,0.062783,0.070008,1.768709,1.000000,-0.088426,1.725033
6.320000,0.476222,-0.033253,0.418950,0.965920,-0.241806,-0.067702,0.062815,0.070007,1.769065,1.000000,-0.089207,1.728137
6.325000,0.476225,-0.033613,0.418910,0.965915,-0.241800,-0.067761,0.062848,0.070005,1.769424,1.000000,-0.090000,1.731267
6.330000,0.476229,-0.033974,0.418868,0.965910,-0.241793,-0.067821,0.062881,0.070004,1.769787,1.000000,-0.090804,1.734427
6.335000,0.476233,-0.034337,0.418826,0.965905,-0.241786,-0.067881,0.062913,0.070002,1.770153,1.000000,-0.091752,1.738164
6.340000,0.476237,-0.034700,0.418782,0.965901,-0.241780,-0.067942,0.062946,0.070001,1.770524,1.000000,-0.092754,1.741932
6.345000,0.476242,-0.035066,0.418738,0.965896,-0.241774,-0.068003,0.062980,0.069999,1.770898,1.000000,-0.093781,1.745706
6.350000,0.476247,-0.035433,0.418692,0.965891,-0.241767,-0.068065,0.063013,0.069998,1.771277,1.000000,-0.094829,1.749506
6.355000,0.476252,-0.035801,0.418645,0.965886,-0.241761,-0.068128,0.063047,0.069996,1.771659,1.000000,-0.095892,1.753335
6.360000,0.476257,-0.036172,0.418598,0.965881,-0.241755,-0.068191,0.063081,0.069995,1.772046,1.000000,-0.096970,1.757243
6.365000,0.476262,-0.036544,0.418549,0.965875,-0.241748,-0.068255,0.063116,0.069993,1.772438,1.000000,-0.098059,1.761200
6.370000,0.476267,-0.036918,0.418499,0.965870,-0.241742,-0.068320,0.063150,0.069992,1.772834,1.000000,-0.099258,1.765462
6.375000,0.476272,-0.037293,0.418448,0.965865,-0.241736,-0.068386,0.063185,0.069990,1.773235,1.000000,-0.100503,1.769764
6.380000,0.476277,-0.037671,0.418397,0.965859,-0.241730,-0.068452,0.063221,0.069989,1.773641,1.000000,-0.101777,1.774104
6.385000,0.476283,-0.038050,0.418344,0.965854,-0.241724,-0.068520,0.063256,0.069987,1.774052,1.000000,-0.103067,1.778475
6.390000,0.476288,-0.038432,0.418290,0.965848,-0.241719,-0.068589,0.063292,0.069986,1.774468,1.000000,-0.104364,1.782869
6.395000,0.476292,-0.038815,0.418235,0.965842,-0.241713,-0.068658,0.063328,0.069984,1.774890,1.000000,-0.105663,1.787273
6.400000,0.476297,-0.039201,0.418179,0.965836,-0.241707,-0.068729,0.063365,0.069982,1.775317,1.000000,-0.106964,1.791706
6.405000,0.476301,-0.039589,0.418122,0.965830,-0.241702,-0.068801,0.063402,0.069981,1.775749,1.000000,-0.108272,1.796030
6.410000,0.476306,-0.039978,0.418064,0.965823,-0.241696,-0.068874,0.063438,0.069979,1.776186,1.000000,-0.109593,1.800404
6.415000,0.476309,-0.040370,0.418006,0.965817,-0.241691,-0.068948,0.063475,0.069978,1.776629,1.000000,-0.110918,1.804806
6.420000,0.476313,-0.040764,0.417946,0.965810,-0.241686,-0.069024,0.063512,0.069976,1.777076,1.000000,-0.112243,1.809237
6.425000,0.476316,-0.041160,0.417885,0.965804,-0.241681,-0.069100,0.063549,0.069974,1.777530,1.000000,-0.113569,1.813755
6.430000,0.476318,-0.041557,0.417824,0.965797,-0.241676,-0.069178,0.063585,0.069973,1.777988,1.000000,-0.114890,1.818304
6.435000,0.476320,-0.041957,0.417761,0.965790,-0.241671,-0.069256,0.063622,0.069971,1.778452,1.000000,-0.116205,1.822880
6.440000,0.476322,-0.042359,0.417698,0.965783,-0.241666,-0.069336,0.063658,0.069970,1.778921,1.000000,-0.117585,1.827755
6.445000,0.476323,-0.042764,0.417634,0.965776,-0.241661,-0.069417,0.063694,0.069968,1.779396,1.000000,-0.118980,1.832650
6.450000,0.476323,-0.043170,0.417569,0.965769,-0.241657,-0.069499,0.063730,0.069966,1.779876,1.000000,-0.120379,1.837574
6.455000,0.476323,-0.043578,0.417504,0.965762,-0.241652,-0.069582,0.063767,0.069965,1.780362,1.000000,-0.121774,1.842537
6.460000,0.476322,-0.043989,0.417438,0.965755,-0.241648,-0.069666,0.063803,0.069963,1.780854,1.000000,-0.123161,1.847537
6.465000,0.476320,-0.044401,0.417371,0.965747,-0.241644,-0.069751,0.063838,0.069961,1.781351,1.000000,-0.124539,1.852565
6.470000,0.476318,-0.044816,0.417304,0.965740,-0.241639,-0.069838,0.063874,0.069960,1.781853,1.000000,-0.125906,1.857619
6.475000,0.476315,-0.045233,0.417236,0.965732,-0.241635,-0.069925,0.063909,0.069958,1.782362,1.000000,-0.127301,1.862825
6.480000,0.476311,-0.045651,0.417168,0.965724,-0.241631,-0.070013,0.063944,0.069957,1.782875,1.000000,-0.128700,1.868060
6.485000,0.476306,-0.046072,0.417099,0.965717,-0.241627,-0.070102,0.063979,0.069955,1.783395,1.000000,-0.130093,1.873336
6.490000,0.476300,-0.046495,0.417030,0.965709,-0.241623,-0.070192,0.064014,0.069953,1.783920,1.000000,-0.131481,1.878691
6.495000,0.476293,-0.046920,0.416961,0.965701,-0.241619,-0.070282,0.064048,0.069952,1.784450,1.000000,-0.132855,1.884075
6.500000,0.476286,-0.047348,0.416892,0.965693,-0.241615,-0.070374,0.064082,0.069950,1.784986,1.000000,-0.134216,1.889487
6.505000,0.476277,-0.047777,0.416822,0.965685,-0.241612,-0.070466,0.064116,0.069948,1.785527,1.000000,-0.135494,1.894550
6.510000,0.476268,-0.048208,0.416752,0.965677,-0.241608,-0.070559,0.064149,0.069947,1.786073,1.000000,-0.136744,1.899639
6.515000,0.476258,-0.048641,0.416683,0.965669,-0.241604,-0.070653,0.064182,0.069945,1.786624,1.000000,-0.137968,1.904753
6.520000,0.476246,-0.049075,0.416613,0.965661,-0.241600,-0.070747,0.064215,0.069944,1.787180,1.000000,-0.139172,1.909934
6.525000,0.476234,-0.049512,0.416544,0.965653,-0.241596,-0.070842,0.064246,0.069942,1.787741,1.000000,-0.140356,1.915148
6.530000,0.476220,-0.049950,0.416475,0.965645,-0.241592,-0.070938,0.064278,0.069941,1.788306,1.000000,-0.141518,1.920386
6.535000,0.476206,-0.050390,0.416406,0.965637,-0.241588,-0.071033,0.064308,0.069939,1.788876,1.000000,-0.142657,1.925639
6.540000,0.476190,-0.050831,0.416338,0.965628,-0.241584,-0.071130,0.064338,0.069938,1.789450,1.000000,-0.143705,1.930588
6.545000,0.476174,-0.051274,0.416270,0.965620,-0.241580,-0.071226,0.064367,0.069936,1.790029,1.000000,-0.144716,1.935560
6.550000,0.476156,-0.051718,0.416203,0.965612,-0.241576,-0.071323,0.064396,0.069935,1.790611,1.000000,-0.145694,1.940550
6.555000,0.476138,-0.052164,0.416136,0.965605,-0.241571,-0.071420,0.064423,0.069933,1.791197,1.000000,-0.146642,1.945560
6.560000,0.476118,-0.052611,0.416070,0.965597,-0.241567,-0.071517,0.064450,0.069932,1.791787,1.000000,-0.147563,1.950590
6.565000,0.476098,-0.053059,0.416004,0.965589,-0.241562,-0.071615,0.064476,0.069930,1.792381,1.000000,-0.148458,1.955640
6.570000,0.476077,-0.053508,0.415940,0.965581,-0.241558,-0.071712,0.064501,0.069928,1.792978,1.000000,-0.149326,1.960707
6.575000,0.476054,-0.053958,0.415876,0.965573,-0.241553,-0.071810,0.064526,0.069927,1.793578,1.000000,-0.150119,1.965473
6.580000,0.476031,-0.054409,0.415814,0.965566,-0.241548,-0.071907,0.064549,0.069926,1.794181,1.000000,-0.150879,1.970258
6.585000,0.476007,-0.054861,0.415752,0.965558,-0.241543,-0.072005,0.064572,0.069924,1.794788,1.000000,-0.151612,1.975098
6.590000,0.475982,-0.055313,0.415692,0.965551,-0.241538,-0.072102,0.064593,0.069923,1.795397,1.000000,-0.152318,1.979956
6.595000,0.475955,-0.055766,0.415633,0.965543,-0.241533,-0.072199,0.064614,0.069921,1.796009,1.000000,-0.152997,1.984833
6.600000,0.475929,-0.056220,0.415575,0.965536,-0.241528,-0.072297,0.064634,0.069920,1.796624,1.000000,-0.153650,1.989735
6.605000,0.475901,-0.056673,0.415518,0.965529,-0.241522,-0.072394,0.064652,0.069918,1.797241,1.000000,-0.154277,1.994657
6.610000,0.475872,-0.057128,0.415463,0.965522,-0.241517,-0.072491,0.064670,0.069917,1.797860,1.000000,-0.154864,1.999404
6.615000,0.475842,-0.057582,0.415409,0.965515,-0.241511,-0.072588,0.064687,0.069915,1.798482,1.000000,-0.155425,2.004154
6.620000,0.475812,-0.058037,0.415356,0.965508,-0.241506,-0.072684,0.064703,0.069914,1.799106,1.000000,-0.155960,2.008913
6.625000,0.475780,-0.058492,0.415305,0.965501,-0.241500,-0.072781,0.064717,0.069912,1.799732,1.000000,-0.156471,2.013689
6.630000,0.475748,-0.058946,0.415255,0.965494,-0.241494,-0.072878,0.064731,0.069911,1.800361,1.000000,-0.156961,2.018511
6.635000,0.475715,-0.059401,0.415207,0.965488,-0.241488,-0.072974,0.064744,0.069909,1.800991,1.000000,-0.157430,2.023398
6.640000,0.475681,-0.059856,0.415161,0.965481,-0.241482,-0.073070,0.064756,0.069907,1.801622,1.000000,-0.157870,2.028302
6.645000,0.475646,-0.060310,0.415116,0.965475,-0.241476,-0.073166,0.064767,0.069906,1.802256,1.000000,-0.158250,2.032997
6.650000,0.475611,-0.060764,0.415072,0.965468,-0.241470,-0.073261,0.064777,0.069904,1.802891,1.000000,-0.158590,2.037673
6.655000,0.475574,-0.061218,0.415030,0.965462,-0.241463,-0.073356,0.064785,0.069903,1.803527,1.000000,-0.158900,2.042367
6.660000,0.475536,-0.061672,0.414990,0.965456,-0.241457,-0.073450,0.064792,0.069901,1.804164,1.000000,-0.159182,2.047077
6.665000,0.475498,-0.062125,0.414950,0.965450,-0.241451,-0.073544,0.064798,0.069899,1.804803,1.000000,-0.159443,2.051891
6.670000,0.475458,-0.062578,0.414913,0.965444,-0.241444,-0.073637,0.064803,0.069898,1.805442,1.000000,-0.159678,2.056723
6.675000,0.475417,-0.063030,0.414876,0.965439,-0.241438,-0.073729,0.064807,0.069896,1.806082,1.000000,-0.159828,2.061113
6.680000,0.475375,-0.063481,0.414841,0.965433,-0.241431,-0.073821,0.064810,0.069894,1.806722,1.000000,-0.159942,2.065533
6.685000,0.475332,-0.063932,0.414808,0.965428,-0.241425,-0.073913,0.064811,0.069893,1.807363,1.000000,-0.160026,2.069973
6.690000,0.475289,-0.064382,0.414776,0.965422,-0.241418,-0.074004,0.064811,0.069891,1.808005,1.000000,-0.160086,2.074429
6.695000,0.475244,-0.064832,0.414745,0.965417,-0.241411,-0.074095,0.064810,0.069889,1.808646,1.000000,-0.160117,2.078909
6.700000,0.475198,-0.065280,0.414715,0.965412,-0.241404,-0.074185,0.064808,0.069887,1.809287,1.000000,-0.160121,2.083408
6.705000,0.475151,-0.065728,0.414687,0.965407,-0.241396,-0.074275,0.064804,0.069885,1.809929,1.000000,-0.160104,2.087924
6.710000,0.475103,-0.066174,0.414660,0.965403,-0.241388,-0.074364,0.064800,0.069883,1.810570,1.000000,-0.160027,2.092178
6.715000,0.475054,-0.066619,0.414635,0.965398,-0.241381,-0.074453,0.064794,0.069881,1.811211,1.000000,-0.159925,2.096501
6.720000,0.475004,-0.067064,0.414610,0.965394,-0.241372,-0.074542,0.064788,0.069879,1.811851,1.000000,-0.159802,2.100841
6.725000,0.474953,-0.067507,0.414587,0.965390,-0.241364,-0.074630,0.064780,0.069877,1.812491,1.000000,-0.159655,2.105233
6.730000,0.474901,-0.067948,0.414565,0.965386,-0.241355,-0.074718,0.064772,0.069875,1.813130,1.000000,-0.159483,2.109672
6.735000,0.474848,-0.068389,0.414544,0.965382,-0.241346,-0.074806,0.064762,0.069872,1.813768,1.000000,-0.159291,2.114127
6.740000,0.474795,-0.068828,0.414524,0.965378,-0.241337,-0.074893,0.064751,0.069870,1.814406,1.000000,-0.159076,2.118668
6.745000,0.474740,-0.069266,0.414505,0.965374,-0.241327,-0.074980,0.064740,0.069867,1.815042,1.000000,-0.158839,2.123216
6.750000,0.474685,-0.069702,0.414487,0.965371,-0.241317,-0.075067,0.064728,0.069865,1.815678,1.000000,-0.158588,2.127783
6.755000,0.474629,-0.070137,0.414471,0.965368,-0.241307,-0.075153,0.064714,0.069862,1.816313,1.000000,-0.158335,2.132412
6.760000,0.474572,-0.070570,0.414455,0.965365,-0.241296,-0.075239,0.064701,0.069859,1.816946,1.000000,-0.158073,2.137080
6.765000,0.474515,-0.071002,0.414440,0.965362,-0.241285,-0.075325,0.064686,0.069857,1.817579,1.000000,-0.157803,2.141778
6.770000,0.474456,-0.071432,0.414426,0.965359,-0.241273,-0.075410,0.064670,0.069854,1.818210,1.000000,-0.157549,2.146613
6.775000,0.474398,-0.071861,0.414412,0.965357,-0.241261,-0.075496,0.064654,0.069851,1.818841,1.000000,-0.157288,2.151480
6.780000,0.474338,-0.072288,0.414400,0.965354,-0.241248,-0.075581,0.064638,0.069849,1.819470,1.000000,-0.157086,2.156668
6.785000,0.474278,-0.072713,0.414388,0.965352,-0.241236,-0.075666,0.064620,0.069846,1.820099,1.000000,-0.156915,2.161980
6.790000,0.474217,-0.073137,0.414377,0.965350,-0.241222,-0.075750,0.064603,0.069843,1.820728,1.000000,-0.156753,2.167330
6.795000,0.474156,-0.073560,0.414366,0.965348,-0.241209,-0.075835,0.064585,0.069840,1.821356,1.000000,-0.156619,2.172842
6.800000,0.474094,-0.073981,0.414356,0.965346,-0.241195,-0.075919,0.064566,0.069838,1.821983,1.000000,-0.156497,2.178438
6.805000,0.474031,-0.074400,0.414347,0.965344,-0.241180,-0.076003,0.064547,0.069835,1.822610,1.000000,-0.156388,2.184131
6.810000,0.473969,-0.074818,0.414338,0.965343,-0.241165,-0.076087,0.064528,0.069832,1.823236,1.000000,-0.156321,2.190124
6.815000,0.473905,-0.075234,0.414330,0.965341,-0.241150,-0.076170,0.064509,0.069829,1.823863,1.000000,-0.156308,2.196366
6.820000,0.473842,-0.075649,0.414321,0.965340,-0.241135,-0.076254,0.064489,0.069827,1.824489,1.000000,-0.156348,2.202859
6.825000,0.473778,-0.076063,0.414314,0.965338,-0.241119,-0.076337,0.064470,0.069824,1.825116,1.000000,-0.156423,2.209544
6.830000,0.473713,-0.076475,0.414306,0.965337,-0.241103,-0.076421,0.064450,0.069821,1.825743,1.000000,-0.156514,2.216294
6.835000,0.473648,-0.076886,0.414299,0.965336,-0.241086,-0.076504,0.064430,0.069818,1.826371,1.000000,-0.156668,2.223467
6.840000,0.473583,-0.077295,0.414292,0.965335,-0.241069,-0.076587,0.064410,0.069815,1.826999,1.000000,-0.156835,2.230706
6.845000,0.473518,-0.077704,0.414286,0.965334,-0.241052,-0.076670,0.064390,0.069813,1.827629,1.000000,-0.157082,2.238388
6.850000,0.473452,-0.078111,0.414279,0.965333,-0.241035,-0.076753,0.064371,0.069810,1.828259,1.000000,-0.157394,2.246416
6.855000,0.473386,-0.078516,0.414272,0.965332,-0.241017,-0.076836,0.064351,0.069807,1.828891,1.000000,-0.157728,2.254520
6.860000,0.473320,-0.078921,0.414266,0.965331,-0.240999,-0.076919,0.064331,0.069805,1.829525,1.000000,-0.158140,2.263141
6.865000,0.473254,-0.079324,0.414259,0.965330,-0.240981,-0.077002,0.064312,0.069802,1.830160,1.000000,-0.158583,2.271942
6.870000,0.473187,-0.079727,0.414253,0.965330,-0.240963,-0.077085,0.064293,0.069799,1.830797,1.000000,-0.159055,2.280899
6.875000,0.473121,-0.080128,0.414246,0.965329,-0.240945,-0.077167,0.064274,0.069797,1.831436,1.000000,-0.159607,2.290386
6.880000,0.473054,-0.080528,0.414240,0.965328,-0.240926,-0.077250,0.064255,0.069794,1.832078,1.000000,-0.160256,2.300376
6.885000,0.472987,-0.080927,0.414233,0.965327,-0.240907,-0.077333,0.064237,0.069792,1.832722,1.000000,-0.160976,2.310621
6.890000,0.472920,-0.081326,0.414226,0.965327,-0.240888,-0.077416,0.064219,0.069789,1.833370,1.000000,-0.161772,2.321227
6.895000,0.472853,-0.081724,0.414219,0.965326,-0.240869,-0.077499,0.064201,0.069787,1.834021,1.000000,-0.162597,2.331930
6.900000,0.472785,-0.082120,0.414212,0.965325,-0.240850,-0.077582,0.064184,0.069785,1.834675,1.000000,-0.163480,2.342905
6.905000,0.472718,-0.082517,0.414204,0.965324,-0.240831,-0.077665,0.064167,0.069783,1.835333,1.000000,-0.164417,2.354141
6.910000,0.472650,-0.082912,0.414196,0.965323,-0.240812,-0.077749,0.064151,0.069780,1.835995,1.000000,-0.165380,2.365477
6.915000,0.472582,-0.083307,0.414188,0.965322,-0.240793,-0.077832,0.064135,0.069778,1.836661,1.000000,-0.166482,2.377493
6.920000,0.472514,-0.083702,0.414180,0.965321,-0.240775,-0.077915,0.064119,0.069776,1.837332,1.000000,-0.167660,2.389710
6.925000,0.472447,-0.084096,0.414172,0.965320,-0.240756,-0.077999,0.064105,0.069774,1.838008,1.000000,-0.168882,2.402029
6.930000,0.472378,-0.084489,0.414163,0.965319,-0.240737,-0.078082,0.064091,0.069772,1.838688,1.000000,-0.170155,2.414523
6.935000,0.472310,-0.084883,0.414154,0.965318,-0.240719,-0.078166,0.064077,0.069770,1.839374,1.000000,-0.171477,2.427186
6.940000,0.472242,-0.085276,0.414144,0.965316,-0.240701,-0.078250,0.064065,0.069769,1.840066,1.000000,-0.172829,2.439951
6.945000,0.472174,-0.085669,0.414134,0.965315,-0.240683,-0.078334,0.064052,0.069767,1.840762,1.000000,-0.174220,2.452878
6.950000,0.472105,-0.086062,0.414124,0.965313,-0.240665,-0.078419,0.064041,0.069765,1.841465,1.000000,-0.175805,2.466800
6.955000,0.472036,-0.086455,0.414113,0.965312,-0.240647,-0.078503,0.064030,0.069763,1.842175,1.000000,-0.177471,2.480826
6.960000,0.471967,-0.086848,0.414102,0.965310,-0.240630,-0.078588,0.064021,0.069761,1.842891,1.000000,-0.179196,2.494977
6.965000,0.471898,-0.087241,0.414091,0.965307,-0.240613,-0.078673,0.064012,0.069760,1.843614,1.000000,-0.180980,2.509298
6.970000,0.471829,-0.087635,0.414079,0.965305,-0.240596,-0.078758,0.064004,0.069758,1.844345,1.000000,-0.182800,2.523720
6.975000,0.471760,-0.088029,0.414067,0.965303,-0.240580,-0.078844,0.063997,0.069756,1.845083,1.000000,-0.184655,2.538256
6.980000,0.471690,-0.088424,0.414054,0.965300,-0.240564,-0.078930,0.063991,0.069754,1.845828,1.000000,-0.186558,2.553019
6.985000,0.471620,-0.088819,0.414042,0.965297,-0.240548,-0.079016,0.063985,0.069752,1.846582,1.000000,-0.188573,2.568330
6.990000,0.471550,-0.089215,0.414028,0.965294,-0.240533,-0.079103,0.063981,0.069751,1.847344,1.000000,-0.190645,2.583740
6.995000,0.471479,-0.089612,0.414015,0.965291,-0.240518,-0.079190,0.063977,0.069749,1.848114,1.000000,-0.192777,2.599399
7.000000,0.471408,-0.090009,0.414001,0.965288,-0.240503,-0.079277,0.063975,0.069747,1.848892,1.000000,-0.194946,2.615167
7.005000,0.471337,-0.090407,0.413986,0.965285,-0.240488,-0.079365,0.063973,0.069745,1.849680,1.000000,-0.197146,2.631030
7.010000,0.471266,-0.090807,0.413972,0.965281,-0.240474,-0.079453,0.063972,0.069743,1.850476,1.000000,-0.199389,2.647135
7.015000,0.471194,-0.091207,0.413956,0.965277,-0.240460,-0.079541,0.063971,0.069742,1.851282,1.000000,-0.201614,2.663110
7.020000,0.471122,-0.091608,0.413941,0.965273,-0.240446,-0.079630,0.063971,0.069740,1.852096,1.000000,-0.203847,2.679177
7.025000,0.471049,-0.092010,0.413925,0.965269,-0.240433,-0.079719,0.063972,0.069738,1.852919,1.000000,-0.206104,2.695464
7.030000,0.470976,-0.092414,0.413909,0.965265,-0.240419,-0.079808,0.063973,0.069736,1.853752,1.000000,-0.208384,2.711933
7.035000,0.470903,-0.092818,0.413893,0.965261,-0.240406,-0.079898,0.063975,0.069734,1.854593,1.000000,-0.210679,2.728490
7.040000,0.470830,-0.093224,0.413876,0.965256,-0.240394,-0.079988,0.063977,0.069732,1.855444,1.000000,-0.212996,2.745219
7.045000,0.470756,-0.093630,0.413859,0.965252,-0.240381,-0.080078,0.063979,0.069730,1.856304,1.000000,-0.215339,2.762161
7.050000,0.470681,-0.094038,0.413841,0.965247,-0.240369,-0.080168,0.063981,0.069728,1.857175,1.000000,-0.217848,2.780046
7.055000,0.470607,-0.094447,0.413824,0.965243,-0.240357,-0.080259,0.063984,0.069727,1.858055,1.000000,-0.220429,2.798060
7.060000,0.470532,-0.094858,0.413806,0.965238,-0.240345,-0.080350,0.063988,0.069725,1.858946,1.000000,-0.223069,2.816311
7.065000,0.470456,-0.095269,0.413788,0.965233,-0.240334,-0.080441,0.063991,0.069723,1.859847,1.000000,-0.225742,2.834647
7.070000,0.470380,-0.095683,0.413769,0.965228,-0.240322,-0.080533,0.063995,0.069721,1.860759,1.000000,-0.228442,2.853072
7.075000,0.470303,-0.096097,0.413751,0.965222,-0.240312,-0.080625,0.063999,0.069718,1.861683,1.000000,-0.231183,2.871757
7.080000,0.470226,-0.096514,0.413732,0.965217,-0.240301,-0.080717,0.064004,0.069716,1.862617,1.000000,-0.233943,2.890521
7.085000,0.470149,-0.096931,0.413714,0.965211,-0.240291,-0.080809,0.064008,0.069714,1.863563,1.000000,-0.236873,2.910141
7.090000,0.470070,-0.097351,0.413695,0.965206,-0.240281,-0.080901,0.064013,0.069712,1.864520,1.000000,-0.239891,2.929966
7.095000,0.469991,-0.097772,0.413676,0.965200,-0.240271,-0.080994,0.064018,0.069710,1.865490,1.000000,-0.242963,2.949893
7.100000,0.469912,-0.098195,0.413658,0.965194,-0.240262,-0.081087,0.064024,0.069708,1.866473,1.000000,-0.246073,2.969899
7.105000,0.469831,-0.098619,0.413639,0.965188,-0.240253,-0.081180,0.064029,0.069706,1.867467,1.000000,-0.249222,2.990079
7.110000,0.469750,-0.099046,0.413620,0.965182,-0.240245,-0.081274,0.064035,0.069704,1.868475,1.000000,-0.252402,3.010390
7.115000,0.469668,-0.099474,0.413602,0.965176,-0.240236,-0.081368,0.064041,0.069701,1.869496,1.000000,-0.255602,3.030775
7.120000,0.469586,-0.099904,0.413583,0.965170,-0.240228,-0.081462,0.064046,0.069699,1.870529,1.000000,-0.258821,3.051183
7.125000,0.469502,-0.100336,0.413565,0.965163,-0.240220,-0.081557,0.064052,0.069697,1.871575,1.000000,-0.262068,3.071722
7.130000,0.469418,-0.100770,0.413547,0.965157,-0.240213,-0.081652,0.064057,0.069695,1.872634,1.000000,-0.265330,3.092332
7.135000,0.469332,-0.101206,0.413528,0.965150,-0.240206,-0.081747,0.064062,0.069692,1.873707,1.000000,-0.268609,3.113039
7.140000,0.469246,-0.101643,0.413510,0.965143,-0.240199,-0.081842,0.064067,0.069690,1.874792,1.000000,-0.271906,3.133890
7.145000,0.469159,-0.102083,0.413492,0.965137,-0.240192,-0.081938,0.064071,0.069688,1.875891,1.000000,-0.275211,3.154808
7.150000,0.469072,-0.102524,0.413475,0.965130,-0.240186,-0.082034,0.064075,0.069686,1.877003,1.000000,-0.278523,3.175796
7.155000,0.468983,-0.102967,0.413457,0.965123,-0.240180,-0.082131,0.064078,0.069683,1.878129,1.000000,-0.281958,3.197459
7.160000,0.468893,-0.103412,0.413440,0.965116,-0.240174,-0.082228,0.064080,0.069681,1.879268,1.000000,-0.285442,3.219188
7.165000,0.468802,-0.103859,0.413423,0.965109,-0.240169,-0.082325,0.064082,0.069678,1.880422,1.000000,-0.288957,3.240980
7.170000,0.468711,-0.104307,0.413406,0.965102,-0.240164,-0.082423,0.064084,0.069676,1.881590,1.000000,-0.292498,3.262904
7.175000,0.468618,-0.104758,0.413389,0.965094,-0.240159,-0.082521,0.064084,0.069674,1.882772,1.000000,-0.296053,3.284900
7.180000,0.468524,-0.105210,0.413373,0.965087,-0.240154,-0.082619,0.064085,0.069671,1.883968,1.000000,-0.299617,3.306956
7.185000,0.468429,-0.105664,0.413357,0.965080,-0.240150,-0.082718,0.064084,0.069669,1.885179,1.000000,-0.303294,3.329587
7.190000,0.468333,-0.106120,0.413341,0.965072,-0.240147,-0.082817,0.064082,0.069666,1.886404,1.000000,-0.307021,3.352299
7.195000,0.468237,-0.106578,0.413325,0.965065,-0.240143,-0.082916,0.064080,0.069664,1.887645,1.000000,-0.310777,3.375069
7.200000,0.468139,-0.107038,0.413309,0.965057,-0.240140,-0.083016,0.064077,0.069661,1.888901,1.000000,-0.314554,3.397923
7.205000,0.468039,-0.107500,0.413294,0.965049,-0.240137,-0.083116,0.064073,0.069658,1.890172,1.000000,-0.318346,3.420863
7.210000,0.467939,-0.107963,0.413279,0.965042,-0.240135,-0.083217,0.064068,0.069656,1.891458,1.000000,-0.322146,3.443859
7.215000,0.467838,-0.108429,0.413265,0.965034,-0.240133,-0.083318,0.064063,0.069653,1.892759,1.000000,-0.325952,3.466924
7.220000,0.467735,-0.108896,0.413250,0.965026,-0.240131,-0.083420,0.064056,0.069650,1.894076,1.000000,-0.329662,3.489523
7.225000,0.467632,-0.109365,0.413236,0.965018,-0.240129,-0.083522,0.064048,0.069648,1.895407,1.000000,-0.333337,3.512173
7.230000,0.467527,-0.109836,0.413222,0.965010,-0.240128,-0.083625,0.064039,0.069645,1.896753,1.000000,-0.336986,3.534877
7.235000,0.467421,-0.110309,0.413208,0.965002,-0.240127,-0.083728,0.064028,0.069643,1.898113,1.000000,-0.340619,3.557673
7.240000,0.467315,-0.110783,0.413195,0.964994,-0.240126,-0.083831,0.064016,0.069640,1.899488,1.000000,-0.344232,3.580518
7.245000,0.467207,-0.111258,0.413181,0.964986,-0.240126,-0.083935,0.064003,0.069637,1.900877,1.000000,-0.347826,3.603410
7.250000,0.467098,-0.111735,0.413168,0.964978,-0.240126,-0.084039,0.063988,0.069634,1.902281,1.000000,-0.351405,3.626397
7.255000,0.466988,-0.112214,0.413154,0.964970,-0.240126,-0.084144,0.063972,0.069632,1.903699,1.000000,-0.354952,3.649305
7.260000,0.466877,-0.112694,0.413141,0.964962,-0.240126,-0.084249,0.063955,0.069629,1.905131,1.000000,-0.358478,3.672258
7.265000,0.466766,-0.113175,0.413128,0.964954,-0.240127,-0.084355,0.063935,0.069626,1.906577,1.000000,-0.361984,3.695280
7.270000,0.466653,-0.113658,0.413115,0.964946,-0.240127,-0.084461,0.063914,0.069623,1.908037,1.000000,-0.365469,3.718359
7.275000,0.466539,-0.114141,0.413102,0.964938,-0.240129,-0.084567,0.063892,0.069620,1.909511,1.000000,-0.368929,3.741481
7.280000,0.466425,-0.114626,0.413089,0.964929,-0.240130,-0.084674,0.063868,0.069617,1.910998,1.000000,-0.372366,3.764667
7.285000,0.466309,-0.115112,0.413075,0.964921,-0.240132,-0.084781,0.063842,0.069615,1.912500,1.000000,-0.375779,3.787921
7.290000,0.466193,-0.115599,0.413062,0.964913,-0.240134,-0.084889,0.063815,0.069612,1.914015,1.000000,-0.379208,3.811365
7.295000,0.466075,-0.116087,0.413049,0.964905,-0.240136,-0.084997,0.063786,0.069609,1.915544,1.000000,-0.382633,3.834860
7.300000,0.465957,-0.116576,0.413036,0.964897,-0.240139,-0.085106,0.063756,0.069606,1.917087,1.000000,-0.386048,3.858426
7.305000,0.465838,-0.117066,0.413022,0.964888,-0.240142,-0.085216,0.063724,0.069603,1.918643,1.000000,-0.389443,3.882030
7.310000,0.465718,-0.117557,0.413008,0.964880,-0.240145,-0.085325,0.063691,0.069600,1.920213,1.000000,-0.392817,3.905675
7.315000,0.465597,-0.118049,0.412995,0.964872,-0.240149,-0.085436,0.063657,0.069597,1.921796,1.000000,-0.396171,3.929394
7.320000,0.465475,-0.118541,0.412981,0.964863,-0.240152,-0.085546,0.063621,0.069594,1.923393,1.000000,-0.399499,3.953148
7.325000,0.465353,-0.119034,0.412966,0.964855,-0.240157,-0.085658,0.063583,0.069591,1.925002,1.000000,-0.402609,3.976014
7.330000,0.465230,-0.119528,0.412952,0.964846,-0.240161,-0.085770,0.063544,0.069588,1.926623,1.000000,-0.405624,3.998955
7.335000,0.465106,-0.120022,0.412937,0.964838,-0.240165,-0.085882,0.063504,0.069585,1.928257,1.000000,-0.408564,4.021936
7.340000,0.464981,-0.120517,0.412922,0.964829,-0.240170,-0.085995,0.063462,0.069582,1.929902,1.000000,-0.411441,4.044951
7.345000,0.464856,-0.121012,0.412907,0.964821,-0.240175,-0.086108,0.063418,0.069578,1.931558,1.000000,-0.414267,4.068024
7.350000,0.464730,-0.121507,0.412891,0.964812,-0.240180,-0.086222,0.063373,0.069575,1.933226,1.000000,-0.417044,4.091142
7.355000,0.464604,-0.122003,0.412875,0.964804,-0.240186,-0.086336,0.063327,0.069572,1.934904,1.000000,-0.419535,4.113203
7.360000,0.464477,-0.122498,0.412859,0.964795,-0.240191,-0.086450,0.063278,0.069569,1.936591,1.000000,-0.421886,4.135309
7.365000,0.464349,-0.122993,0.412842,0.964787,-0.240197,-0.086565,0.063228,0.069566,1.938288,1.000000,-0.424132,4.157462
7.370000,0.464222,-0.123488,0.412825,0.964779,-0.240203,-0.086680,0.063177,0.069563,1.939993,1.000000,-0.426291,4.179643
7.375000,0.464094,-0.123982,0.412807,0.964770,-0.240209,-0.086796,0.063124,0.069560,1.941707,1.000000,-0.428375,4.201864
7.380000,0.463965,-0.124476,0.412788,0.964762,-0.240215,-0.086911,0.063069,0.069557,1.943429,1.000000,-0.430394,4.224145
7.385000,0.463837,-0.124970,0.412770,0.964753,-0.240222,-0.087027,0.063013,0.069554,1.945159,1.000000,-0.432350,4.246454
7.390000,0.463708,-0.125463,0.412750,0.964745,-0.240229,-0.087143,0.062956,0.069551,1.946896,1.000000,-0.434122,4.268207
7.395000,0.463579,-0.125955,0.412730,0.964736,-0.240236,-0.087260,0.062897,0.069548,1.948640,1.000000,-0.435792,4.290015
7.400000,0.463450,-0.126446,0.412709,0.964728,-0.240243,-0.087377,0.062836,0.069545,1.950391,1.000000,-0.437376,4.311850
7.405000,0.463321,-0.126937,0.412688,0.964720,-0.240250,-0.087494,0.062775,0.069541,1.952147,1.000000,-0.438887,4.333711
7.410000,0.463191,-0.127426,0.412666,0.964711,-0.240258,-0.087611,0.062712,0.069538,1.953910,1.000000,-0.440336,4.355630
7.415000,0.463062,-0.127914,0.412643,0.964703,-0.240266,-0.087728,0.062648,0.069535,1.955678,1.000000,-0.441725,4.377580
7.420000,0.462933,-0.128401,0.412619,0.964694,-0.240274,-0.087846,0.062584,0.069532,1.957452,1.000000,-0.443057,4.399554
7.425000,0.462804,-0.128886,0.412595,0.964685,-0.240283,-0.087963,0.062518,0.069529,1.959231,1.000000,-0.444305,4.421358
7.430000,0.462674,-0.129371,0.412570,0.964677,-0.240292,-0.088081,0.062451,0.069525,1.961014,1.000000,-0.445496,4.443195
7.435000,0.462545,-0.129854,0.412545,0.964668,-0.240301,-0.088200,0.062384,0.069522,1.962802,1.000000,-0.446636,4.465056
7.440000,0.462416,-0.130335,0.412519,0.964659,-0.240310,-0.088319,0.062316,0.069519,1.964595,1.000000,-0.447728,4.486958
7.445000,0.462287,-0.130815,0.412492,0.964650,-0.240320,-0.088438,0.062247,0.069515,1.966392,1.000000,-0.448777,4.508905
7.450000,0.462158,-0.131293,0.412464,0.964641,-0.240331,-0.088557,0.062178,0.069512,1.968193,1.000000,-0.449783,4.530874
7.455000,0.462029,-0.131769,0.412436,0.964632,-0.240341,-0.088677,0.062109,0.069509,1.969998,1.000000,-0.450749,4.552871
7.460000,0.461900,-0.132244,0.412407,0.964623,-0.240352,-0.088797,0.062039,0.069505,1.971806,1.000000,-0.451516,4.574168
7.465000,0.461772,-0.132716,0.412377,0.964613,-0.240363,-0.088917,0.061969,0.069502,1.973617,1.000000,-0.452177,4.595487
7.470000,0.461643,-0.133187,0.412346,0.964604,-0.240375,-0.089038,0.061898,0.069499,1.975430,1.000000,-0.452760,4.616830
7.475000,0.461515,-0.133656,0.412315,0.964594,-0.240387,-0.089160,0.061827,0.069495,1.977246,1.000000,-0.453284,4.638221
7.480000,0.461387,-0.134123,0.412282,0.964584,-0.240399,-0.089281,0.061756,0.069492,1.979063,1.000000,-0.453755,4.659632
7.485000,0.461259,-0.134587,0.412249,0.964574,-0.240412,-0.089403,0.061685,0.069489,1.980883,1.000000,-0.454180,4.681064
7.490000,0.461132,-0.135050,0.412216,0.964564,-0.240425,-0.089526,0.061614,0.069485,1.982704,1.000000,-0.454566,4.702530
7.495000,0.461005,-0.135510,0.412181,0.964554,-0.240439,-0.089649,0.061543,0.069482,1.984525,1.000000,-0.454658,4.722925
7.500000,0.460878,-0.135967,0.412146,0.964544,-0.240453,-0.089772,0.061472,0.069479,1.986347,1.000000,-0.454598,4.743342
7.505000,0.460751,-0.136423,0.412109,0.964533,-0.240467,-0.089896,0.061400,0.069475,1.988168,1.000000,-0.454435,4.763796
7.510000,0.460625,-0.136875,0.412072,0.964523,-0.240481,-0.090019,0.061329,0.069472,1.989988,1.000000,-0.454194,4.784278
7.515000,0.460500,-0.137325,0.412034,0.964512,-0.240496,-0.090144,0.061258,0.069468,1.991807,1.000000,-0.453891,4.804779
7.520000,0.460375,-0.137773,0.411995,0.964501,-0.240511,-0.090268,0.061187,0.069465,1.993625,1.000000,-0.453538,4.825295
7.525000,0.460251,-0.138217,0.411955,0.964490,-0.240527,-0.090393,0.061116,0.069462,1.995440,1.000000,-0.452866,4.844644
7.530000,0.460127,-0.138659,0.411914,0.964479,-0.240542,-0.090518,0.061045,0.069458,1.997253,1.000000,-0.452028,4.864011
7.535000,0.460004,-0.139098,0.411873,0.964468,-0.240559,-0.090643,0.060974,0.069455,1.999061,1.000000,-0.451076,4.883405
7.540000,0.459882,-0.139534,0.411830,0.964456,-0.240575,-0.090768,0.060903,0.069452,2.000866,1.000000,-0.450043,4.902841
7.545000,0.459761,-0.139966,0.411786,0.964445,-0.240592,-0.090894,0.060832,0.069448,2.002666,1.000000,-0.448947,4.922294
7.550000,0.459640,-0.140395,0.411741,0.964433,-0.240609,-0.091020,0.060761,0.069445,2.004462,1.000000,-0.447800,4.941765
7.555000,0.459521,-0.140822,0.411695,0.964421,-0.240627,-0.091146,0.060691,0.069442,2.006253,1.000000,-0.446616,4.961279
7.560000,0.459402,-0.141245,0.411648,0.964409,-0.240644,-0.091272,0.060621,0.069439,2.008038,1.000000,-0.445043,4.979317
7.565000,0.459284,-0.141664,0.411599,0.964397,-0.240663,-0.091398,0.060551,0.069435,2.009817,1.000000,-0.443270,4.997374
7.570000,0.459168,-0.142080,0.411550,0.964385,-0.240681,-0.091524,0.060481,0.069432,2.011588,1.000000,-0.441366,5.015455
7.575000,0.459052,-0.142492,0.411500,0.964372,-0.240700,-0.091650,0.060411,0.069429,2.013351,1.000000,-0.439371,5.033554
7.580000,0.458938,-0.142901,0.411448,0.964360,-0.240719,-0.091777,0.060342,0.069426,2.015106,1.000000,-0.437310,5.051668
7.585000,0.458825,-0.143306,0.411395,0.964347,-0.240739,-0.091903,0.060273,0.069422,2.016852,1.000000,-0.435201,5.069804
7.590000,0.458713,-0.143707,0.411341,0.964335,-0.240759,-0.092029,0.060205,0.069419,2.018590,1.000000,-0.433056,5.087959
7.595000,0.458602,-0.144104,0.411286,0.964322,-0.240779,-0.092155,0.060137,0.069416,2.020318,1.000000,-0.430279,5.103743
7.600000,0.458493,-0.144497,0.411230,0.964309,-0.240799,-0.092281,0.060069,0.069413,2.022034,1.000000,-0.427164,5.119554
7.605000,0.458386,-0.144886,0.411173,0.964296,-0.240820,-0.092406,0.060001,0.069410,2.023736,1.000000,-0.423836,5.135391
7.610000,0.458280,-0.145271,0.411114,0.964283,-0.240840,-0.092530,0.059934,0.069407,2.025425,1.000000,-0.420365,5.151241
7.615000,0.458176,-0.145652,0.411054,0.964270,-0.240861,-0.092654,0.059867,0.069404,2.027100,1.000000,-0.416797,5.167107
7.620000,0.458074,-0.146028,0.410993,0.964257,-0.240882,-0.092777,0.059800,0.069401,2.028760,1.000000,-0.413162,5.182993
7.625000,0.457974,-0.146399,0.410931,0.964244,-0.240903,-0.092899,0.059733,0.069398,2.030406,1.000000,-0.409479,5.198891
7.630000,0.457876,-0.146766,0.410867,0.964232,-0.240924,-0.093021,0.059667,0.069396,2.032035,1.000000,-0.404931,5.211599
7.635000,0.457780,-0.147128,0.410802,0.964219,-0.240945,-0.093141,0.059601,0.069394,2.033644,1.000000,-0.399900,5.224328
7.640000,0.457687,-0.147486,0.410736,0.964206,-0.240966,-0.093259,0.059535,0.069391,2.035232,1.000000,-0.394567,5.237068
7.645000,0.457596,-0.147838,0.410669,0.964194,-0.240986,-0.093376,0.059469,0.069389,2.036799,1.000000,-0.389039,5.249819
7.650000,0.457509,-0.148184,0.410600,0.964182,-0.241007,-0.093490,0.059403,0.069386,2.038343,1.000000,-0.383384,5.262612
7.655000,0.457424,-0.148526,0.410530,0.964170,-0.241027,-0.093603,0.059337,0.069384,2.039864,1.000000,-0.377642,5.275421
7.660000,0.457341,-0.148862,0.410458,0.964158,-0.241047,-0.093714,0.059271,0.069381,2.041362,1.000000,-0.371842,5.288240
7.665000,0.457262,-0.149193,0.410385,0.964146,-0.241068,-0.093823,0.059205,0.069379,2.042834,1.000000,-0.365193,5.297953
7.670000,0.457186,-0.149518,0.410311,0.964135,-0.241087,-0.093929,0.059140,0.069378,2.044279,1.000000,-0.358051,5.307678
7.675000,0.457114,-0.149837,0.410235,0.964124,-0.241106,-0.094032,0.059074,0.069376,2.045694,1.000000,-0.350610,5.317413
7.680000,0.457045,-0.150150,0.410158,0.964114,-0.241125,-0.094133,0.059008,0.069374,2.047079,1.000000,-0.342984,5.327173
7.685000,0.456980,-0.150456,0.410079,0.964104,-0.241144,-0.094230,0.058942,0.069372,2.048434,1.000000,-0.335244,5.336962
7.690000,0.456919,-0.150757,0.409999,0.964094,-0.241162,-0.094325,0.058877,0.069370,2.049757,1.000000,-0.327419,5.346758
7.695000,0.456862,-0.151051,0.409918,0.964085,-0.241179,-0.094416,0.058811,0.069369,2.051046,1.000000,-0.318672,5.353482
7.700000,0.456810,-0.151339,0.409835,0.964076,-0.241196,-0.094503,0.058746,0.069368,2.052299,1.000000,-0.309345,5.360234
7.705000,0.456762,-0.151619,0.409750,0.964068,-0.241211,-0.094587,0.058680,0.069366,2.053514,1.000000,-0.299652,5.366994
7.710000,0.456719,-0.151893,0.409665,0.964060,-0.241226,-0.094668,0.058615,0.069365,2.054689,1.000000,-0.289722,5.373761
7.715000,0.456682,-0.152160,0.409578,0.964053,-0.241239,-0.094744,0.058550,0.069364,2.055824,1.000000,-0.279639,5.380560
7.720000,0.456650,-0.152419,0.409490,0.964047,-0.241252,-0.094817,0.058486,0.069363,2.056919,1.000000,-0.269531,5.387363
7.725000,0.456623,-0.152671,0.409401,0.964041,-0.241264,-0.094888,0.058423,0.069361,2.057976,1.000000,-0.260477,5.394173
7.730000,0.456601,-0.152916,0.409312,0.964035,-0.241275,-0.094957,0.058363,0.069361,2.058997,1.000000,-0.251650,5.398097
7.735000,0.456584,-0.153154,0.409222,0.964029,-0.241286,-0.095025,0.058306,0.069360,2.059982,1.000000,-0.242760,5.402036
7.740000,0.456571,-0.153385,0.409132,0.964023,-0.241296,-0.095093,0.058253,0.069360,2.060932,1.000000,-0.233692,5.405979
7.745000,0.456563,-0.153609,0.409042,0.964017,-0.241304,-0.095161,0.058204,0.069360,2.061845,1.000000,-0.224425,5.409955
7.750000,0.456560,-0.153826,0.408952,0.964011,-0.241310,-0.095230,0.058159,0.069359,2.062720,1.000000,-0.214971,5.413948
7.755000,0.456562,-0.154035,0.408862,0.964006,-0.241315,-0.095298,0.058119,0.069359,2.063557,1.000000,-0.205359,5.417945
7.760000,0.456569,-0.154237,0.408772,0.964001,-0.241318,-0.095368,0.058083,0.069358,2.064355,1.000000,-0.195624,5.421955
7.765000,0.456581,-0.154431,0.408684,0.963995,-0.241318,-0.095437,0.058052,0.069358,2.065114,1.000000,-0.185567,5.424001
7.770000,0.456599,-0.154618,0.408595,0.963991,-0.241317,-0.095506,0.058026,0.069358,2.065832,1.000000,-0.175271,5.426058
7.775000,0.456623,-0.154797,0.408508,0.963986,-0.241313,-0.095575,0.058005,0.069359,2.066508,1.000000,-0.164814,5.428126
7.780000,0.456652,-0.154970,0.408421,0.963982,-0.241306,-0.095644,0.057990,0.069359,2.067142,1.000000,-0.154252,5.430218
7.785000,0.456688,-0.155134,0.408336,0.963978,-0.241297,-0.095713,0.057980,0.069359,2.067733,1.000000,-0.143628,5.432313
7.790000,0.456730,-0.155292,0.408251,0.963974,-0.241285,-0.095781,0.057976,0.069359,2.068282,1.000000,-0.132484,5.434416
7.795000,0.456778,-0.155442,0.408168,0.963972,-0.241269,-0.095848,0.057977,0.069359,2.068782,1.000000,-0.119722,5.436568
7.800000,0.456833,-0.155585,0.408086,0.963971,-0.241244,-0.095914,0.057982,0.069359,2.069226,1.000000,-0.105051,5.437645
7.805000,0.456896,-0.155720,0.408006,0.963972,-0.241210,-0.095978,0.057991,0.069359,2.069609,1.000000,-0.089289,5.438729
7.810000,0.456966,-0.155849,0.407926,0.963977,-0.241166,-0.096037,0.058004,0.069360,2.069927,1.000000,-0.073141,5.439837
7.815000,0.457043,-0.155970,0.407848,0.963984,-0.241112,-0.096092,0.058019,0.069360,2.070181,1.000000,-0.057012,5.440951
7.820000,0.457129,-0.156085,0.407771,0.963994,-0.241047,-0.096142,0.058038,0.069360,2.070371,1.000000,-0.041139,5.442069
7.825000,0.457223,-0.156194,0.407695,0.964007,-0.240973,-0.096186,0.058060,0.069360,2.070498,1.000000,-0.025654,5.443219
7.830000,0.457324,-0.156297,0.407620,0.964023,-0.240888,-0.096226,0.058086,0.069361,2.070565,1.000000,-0.010636,5.444387
7.835000,0.457432,-0.156394,0.407546,0.964041,-0.240793,-0.096260,0.058115,0.069361,2.070571,1.000000,0.004141,5.444585
7.840000,0.457549,-0.156485,0.407473,0.964062,-0.240689,-0.096289,0.058147,0.069362,2.070507,1.000000,0.018660,5.444803
7.845000,0.457672,-0.156571,0.407401,0.964086,-0.240575,-0.096311,0.058183,0.069362,2.070371,1.000000,0.032823,5.445043
7.850000,0.457804,-0.156652,0.407331,0.964113,-0.240453,-0.096327,0.058222,0.069363,2.070166,1.000000,0.046571,5.445287
7.855000,0.457943,-0.156728,0.407261,0.964142,-0.240321,-0.096337,0.058265,0.069363,2.069894,1.000000,0.059864,5.445550
7.860000,0.458089,-0.156799,0.407191,0.964174,-0.240180,-0.096341,0.058311,0.069364,2.069556,1.000000,0.072681,5.445855
7.865000,0.458242,-0.156866,0.407123,0.964208,-0.240031,-0.096339,0.058361,0.069364,2.069156,1.000000,0.085246,5.445187
7.870000,0.458403,-0.156930,0.407055,0.964245,-0.239874,-0.096330,0.058414,0.069365,2.068693,1.000000,0.097585,5.444533
7.875000,0.458571,-0.156989,0.406988,0.964284,-0.239709,-0.096314,0.058471,0.069366,2.068169,1.000000,0.109612,5.443925
7.880000,0.458746,-0.157044,0.406921,0.964326,-0.239535,-0.096292,0.058531,0.069367,2.067587,1.000000,0.121272,5.443324
7.885000,0.458929,-0.157096,0.406854,0.964370,-0.239353,-0.096263,0.058595,0.069368,2.066947,1.000000,0.132530,5.442731
7.890000,0.459119,-0.157145,0.406788,0.964417,-0.239164,-0.096228,0.058662,0.069369,2.066252,1.000000,0.143364,5.442199
7.895000,0.459316,-0.157191,0.406721,0.964465,-0.238967,-0.096186,0.058733,0.069370,2.065505,1.000000,0.153761,5.441684
7.900000,0.459519,-0.157233,0.406655,0.964516,-0.238763,-0.096138,0.058807,0.069371,2.064707,1.000000,0.163764,5.440785
7.905000,0.459730,-0.157273,0.406589,0.964569,-0.238552,-0.096084,0.058884,0.069372,2.063860,1.000000,0.173397,5.439924
7.910000,0.459947,-0.157311,0.406523,0.964624,-0.238334,-0.096024,0.058965,0.069373,2.062966,1.000000,0.182634,5.439089
7.915000,0.460170,-0.157346,0.406456,0.964681,-0.238109,-0.095959,0.059050,0.069373,2.062027,1.000000,0.191460,5.438267
7.920000,0.460400,-0.157378,0.406388,0.964739,-0.237878,-0.095889,0.059137,0.069374,2.061045,1.000000,0.199862,5.437481
7.925000,0.460637,-0.157408,0.406321,0.964800,-0.237641,-0.095814,0.059228,0.069375,2.060023,1.000000,0.207830,5.436738
7.930000,0.460879,-0.157437,0.406252,0.964862,-0.237397,-0.095735,0.059322,0.069376,2.058962,1.000000,0.215624,5.436012
7.935000,0.461127,-0.157463,0.406183,0.964925,-0.237148,-0.095652,0.059419,0.069377,2.057861,1.000000,0.223326,5.435285
7.940000,0.461381,-0.157487,0.406112,0.964991,-0.236892,-0.095567,0.059517,0.069378,2.056724,1.000000,0.230721,5.434631
7.945000,0.461641,-0.157509,0.406041,0.965057,-0.236630,-0.095479,0.059617,0.069379,2.055550,1.000000,0.237686,5.434004
7.950000,0.461906,-0.157530,0.405969,0.965126,-0.236362,-0.095389,0.059719,0.069379,2.054343,1.000000,0.244154,5.433414
7.955000,0.462177,-0.157549,0.405895,0.965195,-0.236089,-0.095297,0.059823,0.069379,2.053105,1.000000,0.250095,5.432928
7.960000,0.462453,-0.157567,0.405821,0.965266,-0.235810,-0.095205,0.059928,0.069380,2.051840,1.000000,0.255495,5.432476
7.965000,0.462733,-0.157583,0.405745,0.965338,-0.235527,-0.095112,0.060036,0.069380,2.050549,1.000000,0.260355,5.432061
7.970000,0.463018,-0.157598,0.405668,0.965410,-0.235239,-0.095019,0.060144,0.069380,2.049234,1.000000,0.264744,5.431468
7.975000,0.463307,-0.157613,0.405591,0.965484,-0.234946,-0.094926,0.060255,0.069379,2.047900,1.000000,0.268668,5.430915
7.980000,0.463600,-0.157626,0.405512,0.965558,-0.234650,-0.094835,0.060367,0.069379,2.046547,1.000000,0.272135,5.430395
7.985000,0.463898,-0.157639,0.405431,0.965632,-0.234351,-0.094744,0.060480,0.069378,2.045178,1.000000,0.275145,5.429960
7.990000,0.464198,-0.157651,0.405350,0.965707,-0.234049,-0.094654,0.060594,0.069378,2.043796,1.000000,0.277642,5.429584
7.995000,0.464502,-0.157663,0.405267,0.965782,-0.233744,-0.094566,0.060710,0.069377,2.042402,1.000000,0.279648,5.429235
8.000000,0.464810,-0.157675,0.405183,0.965858,-0.233436,-0.094479,0.060827,0.069376,2.041000,1.000000,0.281207,5.428944
8.005000,0.465120,-0.157686,0.405098,0.965933,-0.233127,-0.094394,0.060946,0.069376,2.039592,1.000000,0.282450,5.428203
8.010000,0.465434,-0.157698,0.405012,0.966009,-0.232816,-0.094309,0.061066,0.069375,2.038177,1.000000,0.283441,5.427486
8.015000,0.465750,-0.157710,0.404924,0.966085,-0.232504,-0.094226,0.061187,0.069374,2.036759,1.000000,0.284176,5.426819
8.020000,0.466069,-0.157722,0.404835,0.966160,-0.232190,-0.094144,0.061309,0.069373,2.035338,1.000000,0.284661,5.426252
8.025000,0.466391,-0.157734,0.404745,0.966236,-0.231876,-0.094063,0.061433,0.069373,2.033915,1.000000,0.284904,5.425703
8.030000,0.466716,-0.157747,0.404653,0.966311,-0.231560,-0.093983,0.061557,0.069372,2.032491,1.000000,0.284916,5.425177
8.035000,0.467043,-0.157760,0.404560,0.966387,-0.231244,-0.093904,0.061683,0.069371,2.031068,1.000000,0.284739,5.424221
8.040000,0.467373,-0.157775,0.404466,0.966462,-0.230927,-0.093825,0.061809,0.069370,2.029647,1.000000,0.284447,5.423286
8.045000,0.467706,-0.157790,0.404370,0.966537,-0.230610,-0.093746,0.061937,0.069369,2.028227,1.000000,0.284030,5.422370
8.050000,0.468041,-0.157806,0.404273,0.966612,-0.230292,-0.093668,0.062066,0.069369,2.026810,1.000000,0.283479,5.421541
8.055000,0.468379,-0.157823,0.404175,0.966688,-0.229974,-0.093589,0.062195,0.069368,2.025396,1.000000,0.282797,5.420742
8.060000,0.468720,-0.157842,0.404075,0.966763,-0.229656,-0.093509,0.062326,0.069367,2.023985,1.000000,0.281985,5.419961
8.065000,0.469063,-0.157862,0.403974,0.966837,-0.229337,-0.093429,0.062457,0.069366,2.022579,1.000000,0.281043,5.419256
8.070000,0.469409,-0.157883,0.403871,0.966912,-0.229019,-0.093349,0.062590,0.069366,2.021179,1.000000,0.279985,5.418485
8.075000,0.469758,-0.157905,0.403768,0.966987,-0.228700,-0.093268,0.062723,0.069365,2.019784,1.000000,0.278796,5.417734
8.080000,0.470109,-0.157929,0.403663,0.967061,-0.228382,-0.093186,0.062857,0.069365,2.018395,1.000000,0.277486,5.417046
8.085000,0.470462,-0.157954,0.403556,0.967135,-0.228064,-0.093104,0.062991,0.069364,2.017013,1.000000,0.276065,5.416426
8.090000,0.470817,-0.157981,0.403449,0.967209,-0.227746,-0.093022,0.063126,0.069363,2.015639,1.000000,0.274545,5.415824
8.095000,0.471174,-0.158009,0.403340,0.967283,-0.227429,-0.092940,0.063261,0.069363,2.014272,1.000000,0.272934,5.415261
8.100000,0.471534,-0.158038,0.403229,0.967356,-0.227112,-0.092856,0.063397,0.069362,2.012914,1.000000,0.271239,5.414768
8.105000,0.471895,-0.158069,0.403118,0.967430,-0.226796,-0.092773,0.063533,0.069362,2.011565,1.000000,0.269427,5.414406
8.110000,0.472258,-0.158101,0.403005,0.967503,-0.226481,-0.092690,0.063669,0.069361,2.010225,1.000000,0.267463,5.414068
8.115000,0.472623,-0.158135,0.402891,0.967575,-0.226167,-0.092606,0.063806,0.069360,2.008895,1.000000,0.265385,5.413832
8.120000,0.472989,-0.158170,0.402776,0.967647,-0.225853,-0.092524,0.063943,0.069360,2.007576,1.000000,0.263228,5.413613
8.125000,0.473357,-0.158207,0.402660,0.967719,-0.225541,-0.092441,0.064080,0.069359,2.006268,1.000000,0.261013,5.413410
8.130000,0.473726,-0.158244,0.402543,0.967790,-0.225229,-0.092359,0.064217,0.069359,2.004971,1.000000,0.258755,5.413289
8.135000,0.474096,-0.158283,0.402425,0.967861,-0.224919,-0.092278,0.064354,0.069358,2.003685,1.000000,0.256469,5.413192
8.140000,0.474468,-0.158324,0.402305,0.967931,-0.224610,-0.092197,0.064492,0.069358,2.002411,1.000000,0.254085,5.413368
8.145000,0.474840,-0.158365,0.402186,0.968001,-0.224302,-0.092117,0.064630,0.069357,2.001150,1.000000,0.251582,5.413615
8.150000,0.475214,-0.158408,0.402065,0.968070,-0.223996,-0.092037,0.064768,0.069356,1.999901,1.000000,0.249015,5.413904
8.155000,0.475588,-0.158453,0.401944,0.968139,-0.223691,-0.091959,0.064906,0.069356,1.998665,1.000000,0.246419,5.414207
8.160000,0.475963,-0.158498,0.401823,0.968207,-0.223387,-0.091881,0.065045,0.069355,1.997442,1.000000,0.243817,5.414560
8.165000,0.476339,-0.158545,0.401702,0.968275,-0.223085,-0.091804,0.065185,0.069355,1.996232,1.000000,0.241225,5.414968
8.170000,0.476716,-0.158593,0.401580,0.968342,-0.222784,-0.091728,0.065324,0.069354,1.995035,1.000000,0.238657,5.415390
8.175000,0.477093,-0.158642,0.401458,0.968408,-0.222485,-0.091653,0.065465,0.069353,1.993850,1.000000,0.236055,5.416161
8.180000,0.477470,-0.158692,0.401336,0.968474,-0.222188,-0.091579,0.065605,0.069353,1.992679,1.000000,0.233391,5.417023
8.185000,0.477848,-0.158743,0.401215,0.968539,-0.221892,-0.091506,0.065746,0.069352,1.991522,1.000000,0.230708,5.417898
8.190000,0.478226,-0.158795,0.401094,0.968604,-0.221597,-0.091435,0.065887,0.069352,1.990377,1.000000,0.228035,5.418786
8.195000,0.478605,-0.158849,0.400973,0.968668,-0.221305,-0.091364,0.066029,0.069351,1.989247,1.000000,0.225383,5.419706
8.200000,0.478983,-0.158903,0.400853,0.968731,-0.221014,-0.091295,0.066171,0.069350,1.988129,1.000000,0.222774,5.420639
8.205000,0.479362,-0.158958,0.400734,0.968793,-0.220725,-0.091227,0.066314,0.069350,1.987024,1.000000,0.220207,5.421692
8.210000,0.479741,-0.159014,0.400615,0.968855,-0.220437,-0.091160,0.066457,0.069349,1.985932,1.000000,0.217656,5.422819
8.215000,0.480120,-0.159072,0.400498,0.968917,-0.220152,-0.091095,0.066600,0.069348,1.984852,1.000000,0.215143,5.423964
8.220000,0.480499,-0.159129,0.400381,0.968977,-0.219868,-0.091030,0.066744,0.069348,1.983785,1.000000,0.212680,5.425120
8.225000,0.480877,-0.159188,0.400266,0.969037,-0.219586,-0.090967,0.066887,0.069347,1.982730,1.000000,0.210276,5.426330
8.230000,0.481256,-0.159247,0.400152,0.969097,-0.219305,-0.090905,0.067031,0.069346,1.981687,1.000000,0.207936,5.427568
8.235000,0.481635,-0.159307,0.400040,0.969155,-0.219026,-0.090844,0.067176,0.069346,1.980655,1.000000,0.205667,5.428818
8.240000,0.482013,-0.159368,0.399928,0.969214,-0.218749,-0.090784,0.067320,0.069345,1.979635,1.000000,0.203486,5.429851
8.245000,0.482391,-0.159430,0.399819,0.969271,-0.218474,-0.090725,0.067465,0.069344,1.978625,1.000000,0.201387,5.430923
8.250000,0.482769,-0.159492,0.399712,0.969328,-0.218200,-0.090666,0.067609,0.069344,1.977625,1.000000,0.199374,5.432005
8.255000,0.483147,-0.159554,0.399606,0.969385,-0.217928,-0.090608,0.067754,0.069343,1.976635,1.000000,0.197449,5.433112
8.260000,0.483525,-0.159617,0.399503,0.969441,-0.217657,-0.090551,0.067900,0.069343,1.975655,1.000000,0.195609,5.434263
8.265000,0.483903,-0.159681,0.399402,0.969496,-0.217388,-0.090494,0.068045,0.069342,1.974683,1.000000,0.193857,5.435424
8.270000,0.484280,-0.159745,0.399303,0.969551,-0.217120,-0.090437,0.068191,0.069341,1.973720,1.000000,0.192189,5.436596
8.275000,0.484658,-0.159810,0.399206,0.969606,-0.216853,-0.090381,0.068336,0.069341,1.972765,1.000000,0.190612,5.437599
8.280000,0.485035,-0.159875,0.399112,0.969660,-0.216589,-0.090325,0.068482,0.069340,1.971818,1.000000,0.189129,5.438612
8.285000,0.485412,-0.159940,0.399021,0.969714,-0.216325,-0.090270,0.068628,0.069339,1.970877,1.000000,0.187736,5.439636
8.290000,0.485789,-0.160005,0.398932,0.969767,-0.216063,-0.090214,0.068773,0.069339,1.969944,1.000000,0.186364,5.440738
8.295000,0.486165,-0.160071,0.398846,0.969820,-0.215802,-0.090159,0.068919,0.069338,1.969019,1.000000,0.184565,5.441860
8.300000,0.486542,-0.160137,0.398763,0.969872,-0.215545,-0.090103,0.069064,0.069337,1.968103,1.000000,0.182545,5.442992
8.305000,0.486918,-0.160202,0.398682,0.969923,-0.215291,-0.090048,0.069209,0.069337,1.967198,1.000000,0.180497,5.444177
8.310000,0.487295,-0.160268,0.398605,0.969974,-0.215042,-0.089992,0.069354,0.069336,1.966302,1.000000,0.178537,5.445258
8.315000,0.487672,-0.160333,0.398530,0.970023,-0.214796,-0.089935,0.069499,0.069336,1.965416,1.000000,0.176681,5.446348
8.320000,0.488049,-0.160398,0.398458,0.970071,-0.214554,-0.089878,0.069642,0.069335,1.964539,1.000000,0.174950,5.447441
8.325000,0.488426,-0.160462,0.398389,0.970119,-0.214317,-0.089820,0.069785,0.069334,1.963670,1.000000,0.173353,5.448537
8.330000,0.488804,-0.160526,0.398322,0.970165,-0.214084,-0.089762,0.069928,0.069334,1.962809,1.000000,0.171894,5.449644
8.335000,0.489182,-0.160588,0.398259,0.970211,-0.213856,-0.089703,0.070069,0.069333,1.961955,1.000000,0.170570,5.450770
8.340000,0.489561,-0.160650,0.398199,0.970256,-0.213632,-0.089644,0.070210,0.069332,1.961107,1.000000,0.169374,5.451929
8.345000,0.489940,-0.160711,0.398142,0.970300,-0.213412,-0.089583,0.070349,0.069332,1.960264,1.000000,0.168322,5.452688
8.350000,0.490320,-0.160771,0.398087,0.970343,-0.213196,-0.089522,0.070488,0.069331,1.959426,1.000000,0.167382,5.453459
8.355000,0.490701,-0.160831,0.398036,0.970385,-0.212984,-0.089461,0.070626,0.069331,1.958593,1.000000,0.166553,5.454253
8.360000,0.491082,-0.160888,0.397988,0.970426,-0.212777,-0.089398,0.070763,0.069330,1.957763,1.000000,0.165834,5.455056
8.365000,0.491465,-0.160945,0.397943,0.970466,-0.212574,-0.089334,0.070900,0.069330,1.956937,1.000000,0.165219,5.455869
8.370000,0.491848,-0.161001,0.397902,0.970506,-0.212374,-0.089270,0.071035,0.069329,1.956114,1.000000,0.164701,5.456723
8.375000,0.492231,-0.161055,0.397864,0.970545,-0.212179,-0.089205,0.071170,0.069328,1.955293,1.000000,0.164303,5.457338
8.380000,0.492616,-0.161107,0.397829,0.970583,-0.211988,-0.089139,0.071304,0.069328,1.954473,1.000000,0.164001,5.457963
8.385000,0.493001,-0.161159,0.397798,0.970620,-0.211801,-0.089072,0.071436,0.069327,1.953655,1.000000,0.163781,5.458591
8.390000,0.493387,-0.161208,0.397770,0.970657,-0.211618,-0.089005,0.071569,0.069327,1.952838,1.000000,0.163509,5.459226
8.395000,0.493774,-0.161257,0.397746,0.970692,-0.211438,-0.088935,0.071701,0.069326,1.952022,1.000000,0.163104,5.459870
8.400000,0.494162,-0.161305,0.397725,0.970727,-0.211262,-0.088864,0.071833,0.069326,1.951209,1.000000,0.162661,5.460548
8.405000,0.494552,-0.161352,0.397708,0.970762,-0.211089,-0.088791,0.071967,0.069325,1.950398,1.000000,0.162237,5.461262
8.410000,0.494943,-0.161398,0.397694,0.970796,-0.210919,-0.088715,0.072101,0.069325,1.949589,1.000000,0.161867,5.461930
8.415000,0.495335,-0.161444,0.397683,0.970829,-0.210752,-0.088637,0.072236,0.069324,1.948782,1.000000,0.161516,5.462618
8.420000,0.495728,-0.161488,0.397676,0.970862,-0.210588,-0.088557,0.072372,0.069324,1.947976,1.000000,0.161191,5.463342
8.425000,0.496123,-0.161532,0.397672,0.970894,-0.210428,-0.088474,0.072508,0.069323,1.947172,1.000000,0.160889,5.464074
8.430000,0.496518,-0.161576,0.397672,0.970926,-0.210270,-0.088390,0.072645,0.069322,1.946370,1.000000,0.160608,5.464817
8.435000,0.496915,-0.161618,0.397674,0.970957,-0.210115,-0.088303,0.072782,0.069322,1.945568,1.000000,0.160343,5.465598
8.440000,0.497313,-0.161660,0.397679,0.970988,-0.209963,-0.088214,0.072920,0.069321,1.944768,1.000000,0.160091,5.466387
8.445000,0.497711,-0.161700,0.397687,0.971018,-0.209813,-0.088123,0.073058,0.069321,1.943969,1.000000,0.159901,5.466918
8.450000,0.498111,-0.161740,0.397698,0.971047,-0.209666,-0.088030,0.073196,0.069320,1.943171,1.000000,0.159697,5.467478
8.455000,0.498510,-0.161779,0.397712,0.971077,-0.209522,-0.087935,0.073334,0.069320,1.942374,1.000000,0.159488,5.468046
8.460000,0.498911,-0.161817,0.397728,0.971105,-0.209381,-0.087839,0.073472,0.069319,1.941578,1.000000,0.159279,5.468621
8.465000,0.499312,-0.161854,0.397746,0.971134,-0.209242,-0.087742,0.073610,0.069319,1.940784,1.000000,0.159071,5.469224
8.470000,0.499713,-0.161889,0.397767,0.971161,-0.209106,-0.087643,0.073748,0.069318,1.939990,1.000000,0.158865,5.469844
8.475000,0.500115,-0.161924,0.397790,0.971189,-0.208973,-0.087543,0.073886,0.069317,1.939197,1.000000,0.158658,5.470470
8.480000,0.500516,-0.161958,0.397815,0.971216,-0.208842,-0.087441,0.074023,0.069317,1.938405,1.000000,0.158509,5.471120
8.485000,0.500918,-0.161991,0.397842,0.971242,-0.208713,-0.087338,0.074160,0.069316,1.937613,1.000000,0.158328,5.471795
8.490000,0.501319,-0.162022,0.397871,0.971268,-0.208587,-0.087235,0.074296,0.069316,1.936823,1.000000,0.158183,5.472474
8.495000,0.501720,-0.162052,0.397902,0.971294,-0.208463,-0.087131,0.074431,0.069315,1.936033,1.000000,0.158216,5.473168
8.500000,0.502120,-0.162081,0.397934,0.971319,-0.208342,-0.087028,0.074565,0.069315,1.935242,1.000000,0.158252,5.473895
8.505000,0.502519,-0.162108,0.397967,0.971343,-0.208224,-0.086925,0.074696,0.069314,1.934452,1.000000,0.158058,5.474626
8.510000,0.502917,-0.162132,0.398002,0.971367,-0.208109,-0.086823,0.074827,0.069314,1.933663,1.000000,0.157797,5.475363
8.515000,0.503313,-0.162155,0.398039,0.971390,-0.207997,-0.086722,0.074955,0.069313,1.932875,1.000000,0.157608,5.476582
8.520000,0.503707,-0.162176,0.398076,0.971412,-0.207888,-0.086623,0.075082,0.069313,1.932088,1.000000,0.157412,5.477803
8.525000,0.504099,-0.162195,0.398114,0.971434,-0.207782,-0.086525,0.075206,0.069312,1.931302,1.000000,0.157224,5.479026
8.530000,0.504490,-0.162212,0.398154,0.971455,-0.207678,-0.086429,0.075329,0.069311,1.930517,1.000000,0.157045,5.480285
8.535000,0.504878,-0.162227,0.398193,0.971476,-0.207578,-0.086335,0.075450,0.069311,1.929733,1.000000,0.156874,5.481551
8.540000,0.505264,-0.162239,0.398234,0.971495,-0.207480,-0.086243,0.075569,0.069310,1.928949,1.000000,0.156710,5.482819
8.545000,0.505647,-0.162250,0.398275,0.971515,-0.207385,-0.086153,0.075686,0.069310,1.928166,1.000000,0.156564,5.484461
8.550000,0.506028,-0.162258,0.398316,0.971533,-0.207292,-0.086066,0.075801,0.069309,1.927385,1.000000,0.156372,5.486113
8.555000,0.506407,-0.162265,0.398358,0.971551,-0.207201,-0.085981,0.075914,0.069309,1.926604,1.000000,0.156145,5.487765
8.560000,0.506783,-0.162270,0.398399,0.971569,-0.207113,-0.085898,0.076025,0.069308,1.925824,1.000000,0.155890,5.489444
8.565000,0.507157,-0.162273,0.398441,0.971586,-0.207027,-0.085817,0.076133,0.069307,1.925046,1.000000,0.155610,5.491151
8.570000,0.507527,-0.162274,0.398482,0.971602,-0.206944,-0.085738,0.076240,0.069307,1.924269,1.000000,0.155309,5.492858
8.575000,0.507896,-0.162273,0.398524,0.971618,-0.206862,-0.085662,0.076345,0.069306,1.923493,1.000000,0.154989,5.494578
8.580000,0.508261,-0.162271,0.398565,0.971633,-0.206782,-0.085588,0.076448,0.069305,1.922720,1.000000,0.154632,5.496668
8.585000,0.508624,-0.162267,0.398606,0.971648,-0.206705,-0.085515,0.076549,0.069305,1.921948,1.000000,0.154195,5.498757
8.590000,0.508985,-0.162261,0.398646,0.971663,-0.206629,-0.085445,0.076648,0.069304,1.921179,1.000000,0.153701,5.500849
8.595000,0.509342,-0.162254,0.398686,0.971677,-0.206555,-0.085377,0.076745,0.069303,1.920412,1.000000,0.153162,5.502967
8.600000,0.509697,-0.162246,0.398725,0.971690,-0.206483,-0.085311,0.076840,0.069303,1.919648,1.000000,0.152587,5.505085
8.605000,0.510049,-0.162237,0.398764,0.971704,-0.206413,-0.085247,0.076934,0.069302,1.918887,1.000000,0.151982,5.507204
8.610000,0.510398,-0.162226,0.398802,0.971716,-0.206344,-0.085185,0.077025,0.069302,1.918129,1.000000,0.151349,5.509357
8.615000,0.510744,-0.162214,0.398840,0.971729,-0.206277,-0.085125,0.077115,0.069301,1.917374,1.000000,0.150710,5.511663
8.620000,0.511087,-0.162201,0.398877,0.971741,-0.206211,-0.085066,0.077203,0.069300,1.916623,1.000000,0.150015,5.513969
8.625000,0.511428,-0.162187,0.398913,0.971753,-0.206148,-0.085009,0.077289,0.069300,1.915875,1.000000,0.149277,5.516295
8.630000,0.511765,-0.162172,0.398948,0.971764,-0.206085,-0.084954,0.077374,0.069299,1.915131,1.000000,0.148505,5.518631
8.635000,0.512100,-0.162156,0.398983,0.971775,-0.206024,-0.084900,0.077456,0.069298,1.914391,1.000000,0.147706,5.520966
8.640000,0.512431,-0.162139,0.399016,0.971786,-0.205965,-0.084848,0.077537,0.069298,1.913654,1.000000,0.146884,5.523317
8.645000,0.512760,-0.162121,0.399049,0.971796,-0.205907,-0.084798,0.077616,0.069297,1.912923,1.000000,0.146044,5.525683
8.650000,0.513086,-0.162103,0.399080,0.971806,-0.205850,-0.084749,0.077693,0.069296,1.912195,1.000000,0.145184,5.528063
8.655000,0.513409,-0.162084,0.399111,0.971816,-0.205795,-0.084701,0.077769,0.069296,1.911472,1.000000,0.144293,5.530446
8.660000,0.513729,-0.162064,0.399141,0.971826,-0.205740,-0.084654,0.077843,0.069295,1.910753,1.000000,0.143377,5.532840
8.665000,0.514046,-0.162044,0.399170,0.971835,-0.205687,-0.084609,0.077915,0.069294,1.910039,1.000000,0.142406,5.535233
8.670000,0.514360,-0.162023,0.399199,0.971844,-0.205635,-0.084564,0.077986,0.069294,1.909330,1.000000,0.141377,5.537629
8.675000,0.514671,-0.162002,0.399226,0.971853,-0.205585,-0.084521,0.078055,0.069293,1.908626,1.000000,0.140309,5.540051
8.680000,0.514980,-0.161980,0.399252,0.971862,-0.205535,-0.084478,0.078123,0.069293,1.907928,1.000000,0.139215,5.542474
8.685000,0.515285,-0.161958,0.399278,0.971870,-0.205487,-0.084436,0.078190,0.069292,1.907235,1.000000,0.138126,5.544827
8.690000,0.515588,-0.161936,0.399303,0.971879,-0.205440,-0.084394,0.078255,0.069291,1.906547,1.000000,0.137019,5.547195
8.695000,0.515888,-0.161913,0.399327,0.971887,-0.205394,-0.084354,0.078320,0.069291,1.905866,1.000000,0.135901,5.549564
8.700000,0.516185,-0.161890,0.399349,0.971895,-0.205349,-0.084313,0.078383,0.069290,1.905189,1.000000,0.134780,5.551933
8.705000,0.516479,-0.161867,0.399372,0.971902,-0.205305,-0.084274,0.078445,0.069290,1.904519,1.000000,0.133659,5.554314
8.710000,0.516770,-0.161843,0.399393,0.971910,-0.205262,-0.084235,0.078506,0.069289,1.903854,1.000000,0.132544,5.556701
8.715000,0.517059,-0.161819,0.399413,0.971917,-0.205221,-0.084196,0.078566,0.069288,1.903194,1.000000,0.131510,5.558557
8.720000,0.517344,-0.161795,0.399432,0.971924,-0.205180,-0.084157,0.078625,0.069288,1.902539,1.000000,0.130542,5.560398
8.725000,0.517627,-0.161771,0.399451,0.971931,-0.205140,-0.084119,0.078683,0.069287,1.901889,1.000000,0.129622,5.562222
8.730000,0.517907,-0.161746,0.399468,0.971938,-0.205101,-0.084081,0.078739,0.069287,1.901244,1.000000,0.128746,5.564046
8.735000,0.518185,-0.161721,0.399485,0.971945,-0.205063,-0.084044,0.078795,0.069286,1.900602,1.000000,0.127912,5.565885
8.740000,0.518460,-0.161695,0.399501,0.971952,-0.205026,-0.084006,0.078850,0.069286,1.899965,1.000000,0.127142,5.567767
8.745000,0.518732,-0.161669,0.399515,0.971958,-0.204989,-0.083969,0.078903,0.069285,1.899331,1.000000,0.126437,5.569649
8.750000,0.519002,-0.161643,0.399529,0.971965,-0.204954,-0.083932,0.078956,0.069285,1.898701,1.000000,0.125848,5.571208
8.755000,0.519269,-0.161616,0.399541,0.971971,-0.204918,-0.083895,0.079007,0.069284,1.898073,1.000000,0.125348,5.572788
8.760000,0.519534,-0.161589,0.399552,0.971977,-0.204884,-0.083859,0.079057,0.069284,1.897447,1.000000,0.124910,5.574368
8.765000,0.519796,-0.161561,0.399562,0.971984,-0.204850,-0.083822,0.079106,0.069283,1.896824,1.000000,0.124524,5.575949
8.770000,0.520057,-0.161532,0.399571,0.971990,-0.204817,-0.083786,0.079154,0.069283,1.896202,1.000000,0.124181,5.577535
8.775000,0.520315,-0.161503,0.399579,0.971996,-0.204784,-0.083750,0.079201,0.069282,1.895582,1.000000,0.123879,5.579122
8.780000,0.520571,-0.161474,0.399585,0.972002,-0.204752,-0.083714,0.079247,0.069282,1.894963,1.000000,0.123616,5.580709
8.785000,0.520825,-0.161443,0.399590,0.972008,-0.204720,-0.083678,0.079291,0.069281,1.894346,1.000000,0.123418,5.582494
8.790000,0.521077,-0.161412,0.399594,0.972015,-0.204689,-0.083643,0.079335,0.069281,1.893729,1.000000,0.123234,5.584287
8.795000,0.521326,-0.161380,0.399596,0.972020,-0.204659,-0.083607,0.079378,0.069280,1.893113,1.000000,0.123066,5.586080
8.800000,0.521574,-0.161348,0.399597,0.972026,-0.204629,-0.083573,0.079419,0.069280,1.892498,1.000000,0.122914,5.587880
8.805000,0.521819,-0.161314,0.399596,0.972032,-0.204600,-0.083538,0.079460,0.069279,1.891884,1.000000,0.122779,5.589686
8.810000,0.522062,-0.161280,0.399594,0.972038,-0.204571,-0.083505,0.079499,0.069279,1.891270,1.000000,0.122662,5.591492
8.815000,0.522303,-0.161245,0.399591,0.972043,-0.204543,-0.083471,0.079538,0.069278,1.890657,1.000000,0.122564,5.593307
8.820000,0.522543,-0.161209,0.399586,0.972049,-0.204515,-0.083439,0.079576,0.069278,1.890044,1.000000,0.122454,5.595294
8.825000,0.522780,-0.161173,0.399580,0.972054,-0.204488,-0.083406,0.079613,0.069277,1.889432,1.000000,0.122325,5.597282
8.830000,0.523015,-0.161135,0.399572,0.972060,-0.204461,-0.083374,0.079650,0.069277,1.888821,1.000000,0.122191,5.599272
8.835000,0.523248,-0.161097,0.399563,0.972065,-0.204435,-0.083343,0.079686,0.069276,1.888210,1.000000,0.122061,5.601285
8.840000,0.523479,-0.161058,0.399553,0.972070,-0.204410,-0.083312,0.079722,0.069275,1.887600,1.000000,0.121940,5.603298
8.845000,0.523708,-0.161019,0.399541,0.972075,-0.204384,-0.083282,0.079757,0.069275,1.886990,1.000000,0.121832,5.605312
8.850000,0.523936,-0.160978,0.399527,0.972080,-0.204360,-0.083252,0.079791,0.069274,1.886381,1.000000,0.121736,5.607347
8.855000,0.524161,-0.160937,0.399513,0.972085,-0.204335,-0.083222,0.079826,0.069274,1.885772,1.000000,0.121592,5.609655
8.860000,0.524385,-0.160895,0.399497,0.972090,-0.204311,-0.083192,0.079860,0.069273,1.885165,1.000000,0.121414,5.611963
8.865000,0.524607,-0.160852,0.399479,0.972094,-0.204288,-0.083163,0.079895,0.069273,1.884558,1.000000,0.121222,5.614288
8.870000,0.524828,-0.160809,0.399460,0.972099,-0.204265,-0.083133,0.079929,0.069272,1.883952,1.000000,0.121030,5.616623
8.875000,0.525047,-0.160766,0.399440,0.972103,-0.204242,-0.083104,0.079963,0.069272,1.883348,1.000000,0.120842,5.618958
8.880000,0.525264,-0.160721,0.399419,0.972108,-0.204220,-0.083074,0.079998,0.069271,1.882744,1.000000,0.120663,5.621300
8.885000,0.525480,-0.160677,0.399397,0.972112,-0.204198,-0.083045,0.080033,0.069270,1.882141,1.000000,0.120442,5.623926
8.890000,0.525695,-0.160632,0.399373,0.972116,-0.204176,-0.083015,0.080068,0.069270,1.881539,1.000000,0.120181,5.626551
8.895000,0.525908,-0.160586,0.399349,0.972120,-0.204154,-0.082985,0.080103,0.069269,1.880939,1.000000,0.119902,5.629186
8.900000,0.526119,-0.160540,0.399323,0.972124,-0.204133,-0.082954,0.080139,0.069269,1.880340,1.000000,0.119614,5.631847
8.905000,0.526330,-0.160493,0.399296,0.972128,-0.204113,-0.082924,0.080175,0.069268,1.879742,1.000000,0.119326,5.634508
8.910000,0.526539,-0.160447,0.399268,0.972132,-0.204092,-0.082892,0.080212,0.069267,1.879146,1.000000,0.119041,5.637171
8.915000,0.526746,-0.160400,0.399240,0.972136,-0.204072,-0.082861,0.080249,0.069267,1.878552,1.000000,0.118761,5.639860
8.920000,0.526953,-0.160352,0.399210,0.972140,-0.204053,-0.082829,0.080287,0.069266,1.877959,1.000000,0.118438,5.642732
8.925000,0.527158,-0.160304,0.399180,0.972144,-0.204033,-0.082797,0.080325,0.069266,1.877367,1.000000,0.118086,5.645604
8.930000,0.527362,-0.160257,0.399148,0.972147,-0.204014,-0.082764,0.080364,0.069265,1.876778,1.000000,0.117721,5.648494
8.935000,0.527565,-0.160209,0.399117,0.972151,-0.203995,-0.082730,0.080403,0.069264,1.876190,1.000000,0.117353,5.651388
8.940000,0.527767,-0.160161,0.399084,0.972154,-0.203977,-0.082695,0.080443,0.069264,1.875604,1.000000,0.116990,5.654282
8.945000,0.527968,-0.160112,0.399051,0.972158,-0.203958,-0.082660,0.080484,0.069263,1.875020,1.000000,0.116632,5.657194
8.950000,0.528168,-0.160064,0.399017,0.972161,-0.203940,-0.082624,0.080526,0.069263,1.874438,1.000000,0.116283,5.660116
8.955000,0.528367,-0.160016,0.398983,0.972165,-0.203923,-0.082587,0.080568,0.069262,1.873857,1.000000,0.115876,5.663463
8.960000,0.528566,-0.159968,0.398949,0.972168,-0.203905,-0.082549,0.080610,0.069261,1.873279,1.000000,0.115419,5.666821
8.965000,0.528763,-0.159919,0.398914,0.972171,-0.203888,-0.082510,0.080654,0.069261,1.872703,1.000000,0.114933,5.670191
8.970000,0.528960,-0.159871,0.398878,0.972174,-0.203871,-0.082470,0.080698,0.069260,1.872130,1.000000,0.114434,5.673562
8.975000,0.529155,-0.159823,0.398843,0.972178,-0.203854,-0.082429,0.080743,0.069259,1.871559,1.000000,0.113927,5.676940
8.980000,0.529351,-0.159776,0.398808,0.972181,-0.203838,-0.082387,0.080789,0.069259,1.870990,1.000000,0.113418,5.680338
8.985000,0.529545,-0.159728,0.398772,0.972184,-0.203822,-0.082344,0.080836,0.069258,1.870425,1.000000,0.112908,5.683737
8.990000,0.529739,-0.159681,0.398736,0.972187,-0.203806,-0.082300,0.080883,0.069257,1.869861,1.000000,0.112370,5.687564
8.995000,0.529931,-0.159634,0.398701,0.972190,-0.203791,-0.082255,0.080930,0.069256,1.869301,1.000000,0.111777,5.691409
9.000000,0.530123,-0.159588,0.398665,0.972193,-0.203775,-0.082209,0.080978,0.069256,1.868744,1.000000,0.111148,5.695255
9.005000,0.530314,-0.159541,0.398629,0.972196,-0.203761,-0.082163,0.081027,0.069255,1.868190,1.000000,0.110492,5.699102
9.010000,0.530504,-0.159495,0.398594,0.972199,-0.203746,-0.082116,0.081076,0.069254,1.867639,1.000000,0.109816,5.702971
9.015000,0.530693,-0.159449,0.398558,0.972202,-0.203732,-0.082069,0.081125,0.069254,1.867092,1.000000,0.109124,5.706844
9.020000,0.530881,-0.159404,0.398523,0.972205,-0.203718,-0.082021,0.081175,0.069253,1.866548,1.000000,0.108421,5.710719
9.025000,0.531069,-0.159359,0.398488,0.972208,-0.203705,-0.081973,0.081225,0.069252,1.866008,1.000000,0.107673,5.714891
9.030000,0.531255,-0.159314,0.398452,0.972210,-0.203691,-0.081924,0.081275,0.069251,1.865471,1.000000,0.106878,5.719070
9.035000,0.531440,-0.159270,0.398418,0.972213,-0.203678,-0.081876,0.081325,0.069251,1.864939,1.000000,0.106052,5.723251
9.040000,0.531624,-0.159227,0.398383,0.972215,-0.203666,-0.081827,0.081376,0.069250,1.864411,1.000000,0.105203,5.727443
9.045000,0.531807,-0.159183,0.398348,0.972218,-0.203653,-0.081777,0.081426,0.069249,1.863887,1.000000,0.104339,5.731649
9.050000,0.531989,-0.159141,0.398314,0.972220,-0.203641,-0.081728,0.081477,0.069248,1.863368,1.000000,0.103463,5.735856
9.055000,0.532170,-0.159099,0.398280,0.972223,-0.203629,-0.081678,0.081528,0.069247,1.862853,1.000000,0.102489,5.740488
9.060000,0.532350,-0.159057,0.398246,0.972225,-0.203618,-0.081628,0.081579,0.069246,1.862344,1.000000,0.101438,5.745105
9.065000,0.532530,-0.159017,0.398213,0.972227,-0.203607,-0.081578,0.081631,0.069246,1.861839,1.000000,0.100342,5.749722
9.070000,0.532708,-0.158977,0.398180,0.972229,-0.203596,-0.081527,0.081683,0.069245,1.861341,1.000000,0.099220,5.754342
9.075000,0.532885,-0.158938,0.398148,0.972232,-0.203585,-0.081475,0.081735,0.069244,1.860848,1.000000,0.098082,5.759010
9.080000,0.533062,-0.158900,0.398116,0.972234,-0.203574,-0.081423,0.081788,0.069243,1.860361,1.000000,0.096935,5.763679
9.085000,0.533238,-0.158863,0.398085,0.972236,-0.203564,-0.081371,0.081840,0.069242,1.859879,1.000000,0.095782,5.768348
9.090000,0.533413,-0.158826,0.398054,0.972238,-0.203554,-0.081318,0.081893,0.069241,1.859404,1.000000,0.094544,5.773493
9.095000,0.533587,-0.158791,0.398023,0.972240,-0.203545,-0.081265,0.081947,0.069240,1.858934,1.000000,0.093226,5.778644
9.100000,0.533760,-0.158757,0.397993,0.972242,-0.203535,-0.081211,0.082000,0.069239,1.858472,1.000000,0.091862,5.783795
9.105000,0.533932,-0.158724,0.397964,0.972244,-0.203526,-0.081156,0.082054,0.069239,1.858017,1.000000,0.090472,5.788950
9.110000,0.534104,-0.158692,0.397936,0.972246,-0.203518,-0.081101,0.082108,0.069238,1.857568,1.000000,0.089066,5.794108
9.115000,0.534275,-0.158661,0.397908,0.972247,-0.203509,-0.081046,0.082163,0.069237,1.857127,1.000000,0.087649,5.799266
9.120000,0.534445,-0.158631,0.397881,0.972249,-0.203501,-0.080990,0.082217,0.069236,1.856693,1.000000,0.086204,5.804452
9.125000,0.534614,-0.158603,0.397855,0.972251,-0.203494,-0.080934,0.082272,0.069235,1.856266,1.000000,0.084687,5.809893
9.130000,0.534782,-0.158575,0.397830,0.972252,-0.203486,-0.080876,0.082327,0.069234,1.855847,1.000000,0.083119,5.815335
9.135000,0.534950,-0.158549,0.397805,0.972254,-0.203479,-0.080819,0.082383,0.069233,1.855436,1.000000,0.081528,5.820776
9.140000,0.535117,-0.158525,0.397782,0.972255,-0.203473,-0.080760,0.082439,0.069232,1.855033,1.000000,0.079930,5.826216
9.145000,0.535282,-0.158501,0.397760,0.972257,-0.203467,-0.080701,0.082495,0.069231,1.854637,1.000000,0.078339,5.831658
9.150000,0.535447,-0.158479,0.397740,0.972258,-0.203461,-0.080641,0.082551,0.069230,1.854250,1.000000,0.076771,5.837105
9.155000,0.535612,-0.158458,0.397720,0.972259,-0.203456,-0.080580,0.082608,0.069229,1.853871,1.000000,0.075230,5.842602
9.160000,0.535775,-0.158439,0.397702,0.972261,-0.203451,-0.080519,0.082664,0.069228,1.853499,1.000000,0.073712,5.848031
9.165000,0.535938,-0.158420,0.397685,0.972262,-0.203447,-0.080457,0.082721,0.069227,1.853135,1.000000,0.072233,5.853461
9.170000,0.536100,-0.158403,0.397670,0.972263,-0.203443,-0.080394,0.082778,0.069226,1.852777,1.000000,0.070798,5.858908
9.175000,0.536261,-0.158388,0.397656,0.972264,-0.203440,-0.080330,0.082835,0.069225,1.852428,1.000000,0.069399,5.864358
9.180000,0.536422,-0.158373,0.397644,0.972265,-0.203437,-0.080265,0.082892,0.069224,1.852084,1.000000,0.068034,5.869810
9.185000,0.536582,-0.158360,0.397633,0.972266,-0.203435,-0.080199,0.082949,0.069223,1.851748,1.000000,0.066705,5.875292
9.190000,0.536742,-0.158347,0.397624,0.972267,-0.203433,-0.080132,0.083006,0.069222,1.851418,1.000000,0.065411,5.880789
9.195000,0.536901,-0.158336,0.397617,0.972268,-0.203431,-0.080064,0.083064,0.069221,1.851095,1.000000,0.064111,5.886539
9.200000,0.537060,-0.158327,0.397612,0.972269,-0.203430,-0.079995,0.083121,0.069220,1.850778,1.000000,0.062812,5.892277
9.205000,0.537218,-0.158318,0.397608,0.972270,-0.203430,-0.079924,0.083178,0.069219,1.850468,1.000000,0.061525,5.898000
9.210000,0.537377,-0.158311,0.397607,0.972271,-0.203430,-0.079853,0.083236,0.069218,1.850164,1.000000,0.060260,5.903726
9.215000,0.537535,-0.158305,0.397607,0.972272,-0.203430,-0.079780,0.083293,0.069217,1.849866,1.000000,0.059023,5.909475
9.220000,0.537692,-0.158300,0.397609,0.972273,-0.203431,-0.079707,0.083351,0.069216,1.849574,1.000000,0.057817,5.915291
9.225000,0.537850,-0.158296,0.397613,0.972274,-0.203432,-0.079632,0.083408,0.069215,1.849289,1.000000,0.056618,5.921371
9.230000,0.538007,-0.158293,0.397619,0.972275,-0.203434,-0.079556,0.083466,0.069213,1.849009,1.000000,0.055402,5.927454
9.235000,0.538164,-0.158292,0.397627,0.972276,-0.203437,-0.079480,0.083523,0.069212,1.848735,1.000000,0.054186,5.933552
9.240000,0.538321,-0.158292,0.397636,0.972277,-0.203439,-0.079402,0.083581,0.069211,1.848468,1.000000,0.052980,5.939652
9.245000,0.538477,-0.158293,0.397647,0.972277,-0.203442,-0.079325,0.083638,0.069210,1.848206,1.000000,0.051791,5.945754
9.250000,0.538633,-0.158295,0.397660,0.972278,-0.203446,-0.079246,0.083695,0.069209,1.847951,1.000000,0.050621,5.951890
9.255000,0.538789,-0.158299,0.397674,0.972279,-0.203450,-0.079167,0.083752,0.069208,1.847701,1.000000,0.049472,5.958033
9.260000,0.538944,-0.158303,0.397690,0.972280,-0.203454,-0.079087,0.083808,0.069207,1.847457,1.000000,0.048435,5.963819
9.265000,0.539099,-0.158309,0.397707,0.972281,-0.203458,-0.079007,0.083864,0.069206,1.847217,1.000000,0.047491,5.969613
9.270000,0.539254,-0.158316,0.397725,0.972281,-0.203462,-0.078927,0.083920,0.069205,1.846982,1.000000,0.046641,5.975413
9.275000,0.539409,-0.158323,0.397745,0.972282,-0.203467,-0.078846,0.083974,0.069204,1.846751,1.000000,0.045871,5.981214
9.280000,0.539563,-0.158331,0.397766,0.972283,-0.203472,-0.078766,0.084028,0.069203,1.846523,1.000000,0.045173,5.987031
9.285000,0.539717,-0.158341,0.397788,0.972284,-0.203477,-0.078685,0.084081,0.069202,1.846299,1.000000,0.044534,5.992866
9.290000,0.539871,-0.158350,0.397810,0.972285,-0.203482,-0.078605,0.084133,0.069201,1.846078,1.000000,0.043942,5.998703
9.295000,0.540025,-0.158361,0.397834,0.972286,-0.203488,-0.078524,0.084183,0.069200,1.845860,1.000000,0.043455,6.004421
9.300000,0.540178,-0.158372,0.397859,0.972287,-0.203494,-0.078444,0.084233,0.069199,1.845644,1.000000,0.043060,6.010154
9.305000,0.540332,-0.158384,0.397884,0.972288,-0.203500,-0.078364,0.084281,0.069198,1.845429,1.000000,0.042728,6.015887
9.310000,0.540485,-0.158396,0.397910,0.972289,-0.203506,-0.078285,0.084328,0.069197,1.845216,1.000000,0.042445,6.021621
9.315000,0.540638,-0.158409,0.397936,0.972290,-0.203512,-0.078206,0.084373,0.069196,1.845005,1.000000,0.042201,6.027365
9.320000,0.540792,-0.158422,0.397963,0.972291,-0.203518,-0.078127,0.084418,0.069195,1.844794,1.000000,0.041992,6.033110
9.325000,0.540945,-0.158435,0.397990,0.972292,-0.203524,-0.078048,0.084461,0.069194,1.844585,1.000000,0.041812,6.038855
9.330000,0.541099,-0.158449,0.398018,0.972294,-0.203531,-0.077970,0.084503,0.069193,1.844376,1.000000,0.041634,6.044827
9.335000,0.541252,-0.158463,0.398045,0.972295,-0.203538,-0.077893,0.084543,0.069192,1.844168,1.000000,0.041442,6.050802
9.340000,0.541406,-0.158478,0.398073,0.972296,-0.203545,-0.077816,0.084583,0.069191,1.843962,1.000000,0.041100,6.056778
9.345000,0.541560,-0.158493,0.398102,0.972297,-0.203552,-0.077739,0.084621,0.069190,1.843758,1.000000,0.040571,6.062755
9.350000,0.541714,-0.158508,0.398130,0.972298,-0.203560,-0.077664,0.084659,0.069189,1.843556,1.000000,0.039998,6.068731
9.355000,0.541867,-0.158524,0.398158,0.972299,-0.203569,-0.077588,0.084697,0.069188,1.843358,1.000000,0.039442,6.074708
9.360000,0.542021,-0.158540,0.398186,0.972300,-0.203578,-0.077514,0.084734,0.069187,1.843162,1.000000,0.038927,6.080697
9.365000,0.542174,-0.158557,0.398214,0.972301,-0.203587,-0.077440,0.084770,0.069186,1.842968,1.000000,0.038482,6.086450
9.370000,0.542328,-0.158574,0.398242,0.972302,-0.203596,-0.077367,0.084807,0.069185,1.842777,1.000000,0.038102,6.092204
9.375000,0.542482,-0.158591,0.398270,0.972302,-0.203606,-0.077294,0.084842,0.069184,1.842587,1.000000,0.037780,6.097957
9.380000,0.542635,-0.158608,0.398297,0.972303,-0.203616,-0.077222,0.084877,0.069183,1.842399,1.000000,0.037509,6.103701
9.385000,0.542789,-0.158626,0.398324,0.972303,-0.203627,-0.077151,0.084911,0.069182,1.842212,1.000000,0.037285,6.109446
9.390000,0.542943,-0.158643,0.398350,0.972304,-0.203637,-0.077081,0.084945,0.069181,1.842026,1.000000,0.037103,6.115193
9.395000,0.543096,-0.158661,0.398376,0.972304,-0.203648,-0.077011,0.084978,0.069180,1.841841,1.000000,0.037006,6.120456
9.400000,0.543250,-0.158678,0.398401,0.972304,-0.203659,-0.076942,0.085011,0.069179,1.841655,1.000000,0.037019,6.125721
9.405000,0.543405,-0.158696,0.398426,0.972305,-0.203670,-0.076873,0.085043,0.069178,1.841470,1.000000,0.037118,6.130985
9.410000,0.543560,-0.158714,0.398451,0.972305,-0.203682,-0.076804,0.085075,0.069177,1.841284,1.000000,0.037286,6.136238
9.415000,0.543715,-0.158732,0.398475,0.972305,-0.203693,-0.076735,0.085107,0.069176,1.841097,1.000000,0.037513,6.141488
9.420000,0.543871,-0.158750,0.398498,0.972306,-0.203704,-0.076666,0.085138,0.069175,1.840908,1.000000,0.037793,6.146740
9.425000,0.544028,-0.158767,0.398521,0.972306,-0.203716,-0.076598,0.085169,0.069174,1.840718,1.000000,0.038121,6.151995
9.430000,0.544185,-0.158785,0.398543,0.972306,-0.203728,-0.076529,0.085199,0.069173,1.840526,1.000000,0.038507,6.156989
9.435000,0.544343,-0.158802,0.398565,0.972307,-0.203740,-0.076460,0.085229,0.069172,1.840332,1.000000,0.038959,6.161985
9.440000,0.544502,-0.158820,0.398586,0.972307,-0.203752,-0.076391,0.085259,0.069171,1.840136,1.000000,0.039467,6.166983
9.445000,0.544662,-0.158837,0.398607,0.972307,-0.203764,-0.076322,0.085289,0.069170,1.839937,1.000000,0.040025,6.171984
9.450000,0.544823,-0.158853,0.398627,0.972307,-0.203776,-0.076252,0.085318,0.069169,1.839735,1.000000,0.040625,6.176986
9.455000,0.544985,-0.158870,0.398647,0.972308,-0.203789,-0.076183,0.085348,0.069168,1.839530,1.000000,0.041264,6.181970
9.460000,0.545147,-0.158886,0.398666,0.972308,-0.203801,-0.076113,0.085377,0.069167,1.839321,1.000000,0.041934,6.186902
9.465000,0.545311,-0.158902,0.398685,0.972308,-0.203814,-0.076043,0.085406,0.069166,1.839109,1.000000,0.042681,6.191809
9.470000,0.545475,-0.158917,0.398703,0.972308,-0.203827,-0.075973,0.085435,0.069166,1.838893,1.000000,0.043470,6.196720
9.475000,0.545641,-0.158932,0.398720,0.972308,-0.203841,-0.075903,0.085464,0.069165,1.838673,1.000000,0.044292,6.201666
9.480000,0.545807,-0.158946,0.398737,0.972309,-0.203854,-0.075833,0.085493,0.069164,1.838449,1.000000,0.045138,6.206613
9.485000,0.545974,-0.158960,0.398754,0.972309,-0.203868,-0.075764,0.085521,0.069163,1.838221,1.000000,0.046004,6.211561
9.490000,0.546142,-0.158973,0.398769,0.972308,-0.203882,-0.075695,0.085549,0.069162,1.837988,1.000000,0.046886,6.216511
9.495000,0.546310,-0.158985,0.398785,0.972308,-0.203896,-0.075627,0.085577,0.069161,1.837751,1.000000,0.047781,6.221462
9.500000,0.546479,-0.158997,0.398799,0.972308,-0.203911,-0.075559,0.085605,0.069160,1.837509,1.000000,0.048750,6.226239
9.505000,0.546649,-0.159008,0.398814,0.972308,-0.203925,-0.075492,0.085632,0.069159,1.837262,1.000000,0.049778,6.231004
9.510000,0.546820,-0.159018,0.398827,0.972308,-0.203940,-0.075425,0.085659,0.069158,1.837009,1.000000,0.050841,6.235763
9.515000,0.546991,-0.159028,0.398840,0.972307,-0.203955,-0.075358,0.085686,0.069158,1.836752,1.000000,0.051926,6.240523
9.520000,0.547163,-0.159037,0.398852,0.972307,-0.203970,-0.075293,0.085713,0.069157,1.836489,1.000000,0.053024,6.245278
9.525000,0.547336,-0.159045,0.398864,0.972306,-0.203985,-0.075228,0.085739,0.069156,1.836220,1.000000,0.054129,6.250028
9.530000,0.547510,-0.159052,0.398874,0.972306,-0.204000,-0.075163,0.085766,0.069155,1.835946,1.000000,0.055236,6.254778
9.535000,0.547684,-0.159058,0.398885,0.972305,-0.204015,-0.075100,0.085792,0.069154,1.835666,1.000000,0.056396,6.259361
9.540000,0.547859,-0.159064,0.398894,0.972305,-0.204031,-0.075037,0.085817,0.069153,1.835380,1.000000,0.057604,6.263939
9.545000,0.548034,-0.159068,0.398903,0.972304,-0.204046,-0.074974,0.085843,0.069152,1.835088,1.000000,0.058835,6.268517
9.550000,0.548211,-0.159072,0.398911,0.972303,-0.204061,-0.074912,0.085868,0.069152,1.834790,1.000000,0.060077,6.273094
9.555000,0.548388,-0.159075,0.398918,0.972303,-0.204077,-0.074851,0.085894,0.069151,1.834486,1.000000,0.061320,6.277650
9.560000,0.548566,-0.159077,0.398924,0.972302,-0.204092,-0.074790,0.085919,0.069150,1.834176,1.000000,0.062559,6.282205
9.565000,0.548745,-0.159078,0.398930,0.972301,-0.204108,-0.074730,0.085944,0.069149,1.833859,1.000000,0.063779,6.286990
9.570000,0.548924,-0.159079,0.398935,0.972300,-0.204123,-0.074670,0.085968,0.069148,1.833536,1.000000,0.064968,6.291778
9.575000,0.549104,-0.159078,0.398939,0.972299,-0.204139,-0.074612,0.085993,0.069147,1.833208,1.000000,0.066130,6.296568
9.580000,0.549285,-0.159077,0.398943,0.972298,-0.204155,-0.074554,0.086017,0.069146,1.832873,1.000000,0.067268,6.301358
9.585000,0.549466,-0.159075,0.398947,0.972297,-0.204171,-0.074497,0.086042,0.069145,1.832533,1.000000,0.068382,6.306133
9.590000,0.549647,-0.159071,0.398950,0.972296,-0.204187,-0.074440,0.086066,0.069145,1.832188,1.000000,0.069472,6.310900
9.595000,0.549829,-0.159067,0.398952,0.972294,-0.204203,-0.074385,0.086091,0.069144,1.831837,1.000000,0.070536,6.315667
9.600000,0.550011,-0.159062,0.398955,0.972293,-0.204220,-0.074330,0.086115,0.069143,1.831481,1.000000,0.071503,6.320642
9.605000,0.550194,-0.159057,0.398957,0.972291,-0.204236,-0.074276,0.086139,0.069142,1.831121,1.000000,0.072391,6.325619
9.610000,0.550377,-0.159050,0.398959,0.972290,-0.204253,-0.074222,0.086164,0.069141,1.830756,1.000000,0.073219,6.330595
9.615000,0.550560,-0.159043,0.398960,0.972288,-0.204270,-0.074170,0.086189,0.069140,1.830387,1.000000,0.073998,6.335566
9.620000,0.550744,-0.159036,0.398962,0.972286,-0.204287,-0.074117,0.086214,0.069139,1.830015,1.000000,0.074733,6.340518
9.625000,0.550928,-0.159028,0.398963,0.972284,-0.204304,-0.074065,0.086240,0.069138,1.829639,1.000000,0.075427,6.345470
9.630000,0.551112,-0.159019,0.398965,0.972282,-0.204321,-0.074014,0.086266,0.069137,1.829260,1.000000,0.076081,6.350422
9.635000,0.551296,-0.159009,0.398966,0.972280,-0.204338,-0.073963,0.086292,0.069136,1.828877,1.000000,0.076654,6.355264
9.640000,0.551481,-0.159000,0.398967,0.972278,-0.204356,-0.073913,0.086318,0.069135,1.828492,1.000000,0.077182,6.360105
9.645000,0.551666,-0.158990,0.398968,0.972276,-0.204373,-0.073862,0.086346,0.069134,1.828105,1.000000,0.077672,6.364947
9.650000,0.551852,-0.158979,0.398969,0.972274,-0.204391,-0.073811,0.086373,0.069134,1.827715,1.000000,0.078130,6.369782
9.655000,0.552038,-0.158968,0.398970,0.972271,-0.204409,-0.073760,0.086401,0.069133,1.827323,1.000000,0.078555,6.374616
9.660000,0.552224,-0.158957,0.398971,0.972269,-0.204427,-0.073709,0.086430,0.069132,1.826929,1.000000,0.078949,6.379450
9.665000,0.552411,-0.158946,0.398972,0.972266,-0.204445,-0.073658,0.086460,0.069131,1.826532,1.000000,0.079313,6.384285
9.670000,0.552598,-0.158935,0.398974,0.972264,-0.204463,-0.073607,0.086489,0.069130,1.826135,1.000000,0.079647,6.389181
9.675000,0.552786,-0.158923,0.398975,0.972261,-0.204481,-0.073555,0.086520,0.069129,1.825735,1.000000,0.079945,6.394077
9.680000,0.552974,-0.158912,0.398976,0.972258,-0.204500,-0.073503,0.086551,0.069128,1.825335,1.000000,0.080209,6.398961
9.685000,0.553163,-0.158900,0.398977,0.972255,-0.204518,-0.073451,0.086582,0.069127,1.824933,1.000000,0.080440,6.403831
9.690000,0.553352,-0.158888,0.398978,0.972253,-0.204537,-0.073398,0.086614,0.069126,1.824530,1.000000,0.080639,6.408700
9.695000,0.553541,-0.158876,0.398979,0.972250,-0.204556,-0.073346,0.086646,0.069125,1.824126,1.000000,0.080807,6.413562
9.700000,0.553730,-0.158863,0.398981,0.972247,-0.204575,-0.073293,0.086679,0.069124,1.823721,1.000000,0.080943,6.418399
9.705000,0.553920,-0.158851,0.398982,0.972244,-0.204594,-0.073241,0.086712,0.069123,1.823316,1.000000,0.081067,6.423243
9.710000,0.554110,-0.158839,0.398983,0.972241,-0.204613,-0.073188,0.086746,0.069122,1.822910,1.000000,0.081171,6.428088
9.715000,0.554300,-0.158826,0.398984,0.972238,-0.204633,-0.073135,0.086780,0.069121,1.822504,1.000000,0.081254,6.432970
9.720000,0.554491,-0.158814,0.398985,0.972234,-0.204652,-0.073082,0.086814,0.069120,1.822097,1.000000,0.081313,6.437852
9.725000,0.554681,-0.158802,0.398986,0.972231,-0.204672,-0.073030,0.086849,0.069119,1.821690,1.000000,0.081348,6.442735
9.730000,0.554872,-0.158789,0.398987,0.972228,-0.204692,-0.072977,0.086884,0.069118,1.821283,1.000000,0.081359,6.447621
9.735000,0.555063,-0.158777,0.398988,0.972224,-0.204712,-0.072924,0.086919,0.069117,1.820876,1.000000,0.081399,6.452137
9.740000,0.555254,-0.158764,0.398989,0.972221,-0.204732,-0.072871,0.086954,0.069117,1.820469,1.000000,0.081467,6.456655
9.745000,0.555445,-0.158752,0.398990,0.972218,-0.204752,-0.072818,0.086990,0.069116,1.820061,1.000000,0.081548,6.461168
9.750000,0.555636,-0.158739,0.398991,0.972214,-0.204772,-0.072765,0.087025,0.069115,1.819653,1.000000,0.081633,6.465679
9.755000,0.555827,-0.158727,0.398991,0.972211,-0.204792,-0.072713,0.087061,0.069114,1.819244,1.000000,0.081719,6.470190
9.760000,0.556019,-0.158715,0.398992,0.972207,-0.204813,-0.072660,0.087097,0.069113,1.818835,1.000000,0.081804,6.474709
9.765000,0.556210,-0.158702,0.398993,0.972203,-0.204833,-0.072606,0.087133,0.069112,1.818426,1.000000,0.081884,6.479240
9.770000,0.556402,-0.158690,0.398993,0.972200,-0.204854,-0.072553,0.087169,0.069111,1.818015,1.000000,0.082053,6.483463
9.775000,0.556594,-0.158677,0.398993,0.972196,-0.204874,-0.072500,0.087205,0.069110,1.817604,1.000000,0.082284,6.487687
9.780000,0.556786,-0.158664,0.398994,0.972193,-0.204895,-0.072448,0.087241,0.069110,1.817192,1.000000,0.082551,6.491914
9.785000,0.556977,-0.158651,0.398994,0.972189,-0.204915,-0.072395,0.087277,0.069109,1.816778,1.000000,0.082842,6.496142
9.790000,0.557169,-0.158638,0.398994,0.972185,-0.204936,-0.072343,0.087312,0.069108,1.816363,1.000000,0.083147,6.500369
9.795000,0.557361,-0.158625,0.398993,0.972182,-0.204956,-0.072291,0.087348,0.069107,1.815946,1.000000,0.083463,6.504616
9.800000,0.557553,-0.158611,0.398993,0.972178,-0.204977,-0.072239,0.087383,0.069106,1.815527,1.000000,0.083788,6.508863
9.805000,0.557745,-0.158597,0.398992,0.972174,-0.204998,-0.072188,0.087418,0.069105,1.815107,1.000000,0.084156,6.512908
9.810000,0.557937,-0.158583,0.398991,0.972171,-0.205018,-0.072136,0.087453,0.069105,1.814685,1.000000,0.084570,6.516978
9.815000,0.558129,-0.158569,0.398990,0.972167,-0.205039,-0.072085,0.087487,0.069104,1.814261,1.000000,0.085015,6.521053
9.820000,0.558320,-0.158554,0.398989,0.972163,-0.205059,-0.072034,0.087522,0.069103,1.813834,1.000000,0.085482,6.525129
9.825000,0.558512,-0.158539,0.398988,0.972160,-0.205080,-0.071984,0.087556,0.069102,1.813405,1.000000,0.085966,6.529217
9.830000,0.558705,-0.158524,0.398986,0.972156,-0.205100,-0.071933,0.087590,0.069101,1.812973,1.000000,0.086462,6.533312
9.835000,0.558897,-0.158509,0.398984,0.972152,-0.205121,-0.071883,0.087624,0.069100,1.812539,1.000000,0.086968,6.537407
9.840000,0.559089,-0.158493,0.398982,0.972149,-0.205141,-0.071833,0.087658,0.069100,1.812103,1.000000,0.087416,6.541623
9.845000,0.559281,-0.158477,0.398980,0.972145,-0.205162,-0.071783,0.087691,0.069099,1.811664,1.000000,0.087834,6.545850
9.850000,0.559474,-0.158461,0.398978,0.972142,-0.205182,-0.071733,0.087725,0.069098,1.811224,1.000000,0.088236,6.550077
9.855000,0.559667,-0.158444,0.398976,0.972138,-0.205202,-0.071682,0.087759,0.069097,1.810781,1.000000,0.088631,6.554313
9.860000,0.559860,-0.158428,0.398973,0.972134,-0.205223,-0.071631,0.087793,0.069096,1.810337,1.000000,0.089019,6.558582
9.865000,0.560054,-0.158411,0.398971,0.972131,-0.205243,-0.071580,0.087827,0.069095,1.809891,1.000000,0.089404,6.562852
9.870000,0.560248,-0.158394,0.398968,0.972127,-0.205264,-0.071529,0.087862,0.069094,1.809442,1.000000,0.089785,6.567121
9.875000,0.560442,-0.158377,0.398966,0.972123,-0.205284,-0.071477,0.087896,0.069093,1.808992,1.000000,0.090057,6.571948
9.880000,0.560637,-0.158359,0.398963,0.972120,-0.205305,-0.071425,0.087931,0.069092,1.808541,1.000000,0.090229,6.576774
9.885000,0.560832,-0.158342,0.398960,0.972116,-0.205326,-0.071373,0.087966,0.069092,1.808090,1.000000,0.090335,6.581600
9.890000,0.561027,-0.158325,0.398958,0.972112,-0.205347,-0.071320,0.088002,0.069091,1.807638,1.000000,0.090391,6.586447
9.895000,0.561222,-0.158308,0.398955,0.972108,-0.205368,-0.071267,0.088038,0.069090,1.807185,1.000000,0.090408,6.591299
9.900000,0.561418,-0.158290,0.398952,0.972104,-0.205389,-0.071214,0.088075,0.069089,1.806733,1.000000,0.090392,6.596150
9.905000,0.561614,-0.158273,0.398949,0.972100,-0.205410,-0.071160,0.088112,0.069088,1.806281,1.000000,0.090294,6.601292
9.910000,0.561810,-0.158256,0.398947,0.972096,-0.205432,-0.071106,0.088149,0.069087,1.805830,1.000000,0.090131,6.606446
9.915000,0.562007,-0.158239,0.398944,0.972092,-0.205453,-0.071052,0.088187,0.069086,1.805380,1.000000,0.089918,6.611601
9.920000,0.562203,-0.158223,0.398941,0.972088,-0.205475,-0.070997,0.088225,0.069085,1.804931,1.000000,0.089663,6.616770
9.925000,0.562400,-0.158206,0.398939,0.972084,-0.205497,-0.070941,0.088264,0.069084,1.804483,1.000000,0.089371,6.621959
9.930000,0.562598,-0.158190,0.398936,0.972080,-0.205519,-0.070885,0.088304,0.069083,1.804037,1.000000,0.089046,6.627148
9.935000,0.562795,-0.158175,0.398934,0.972076,-0.205542,-0.070829,0.088344,0.069082,1.803593,1.000000,0.088692,6.632352
9.940000,0.562993,-0.158159,0.398931,0.972071,-0.205564,-0.070773,0.088384,0.069080,1.803151,1.000000,0.088271,6.637885
9.945000,0.563191,-0.158144,0.398929,0.972067,-0.205587,-0.070715,0.088425,0.069079,1.802711,1.000000,0.087795,6.643418
9.950000,0.563389,-0.158130,0.398926,0.972063,-0.205609,-0.070658,0.088466,0.069078,1.802273,1.000000,0.087275,6.648952
9.955000,0.563587,-0.158115,0.398924,0.972058,-0.205632,-0.070600,0.088508,0.069077,1.801838,1.000000,0.086717,6.654538
9.960000,0.563786,-0.158102,0.398922,0.972054,-0.205655,-0.070541,0.088550,0.069076,1.801406,1.000000,0.086126,6.660123
9.965000,0.563985,-0.158089,0.398919,0.972049,-0.205679,-0.070482,0.088593,0.069075,1.800977,1.000000,0.085505,6.665709
9.970000,0.564184,-0.158076,0.398917,0.972045,-0.205702,-0.070422,0.088636,0.069074,1.800552,1.000000,0.084854,6.671311
9.975000,0.564383,-0.158064,0.398915,0.972040,-0.205726,-0.070362,0.088680,0.069073,1.800129,1.000000,0.084138,6.677227
9.980000,0.564582,-0.158052,0.398912,0.972035,-0.205749,-0.070302,0.088724,0.069072,1.799711,1.000000,0.083349,6.683143
9.985000,0.564781,-0.158042,0.398910,0.972031,-0.205773,-0.070241,0.088769,0.069071,1.799296,1.000000,0.082505,6.689090
9.990000,0.564981,-0.158031,0.398908,0.972026,-0.205798,-0.070181,0.088814,0.069070,1.798886,1.000000,0.081617,6.695049
9.995000,0.565180,-0.158022,0.398905,0.972021,-0.205822,-0.070120,0.088859,0.069068,1.798481,1.000000,0.080693,6.701008
10.000000,0.565379,-0.158013,0.398903,0.972016,-0.205847,-0.070058,0.088904,0.069067,1.798080,1.000000,0.079741,6.707012
10.005000,0.565579,-0.158004,0.398901,0.972011,-0.205871,-0.069997,0.088950,0.069066,1.797684,1.000000,0.078765,6.713057
10.010000,0.565778,-0.157997,0.398898,0.972006,-0.205896,-0.069936,0.088997,0.069065,1.797293,1.000000,0.077784,6.719041
10.015000,0.565977,-0.157990,0.398896,0.972001,-0.205922,-0.069874,0.089043,0.069064,1.796907,1.000000,0.076800,6.725025
10.020000,0.566176,-0.157984,0.398893,0.971995,-0.205947,-0.069812,0.089089,0.069063,1.796526,1.000000,0.075809,6.731007
10.025000,0.566374,-0.157979,0.398891,0.971990,-0.205972,-0.069750,0.089136,0.069062,1.796150,1.000000,0.074812,6.736989
10.030000,0.566573,-0.157974,0.398888,0.971985,-0.205998,-0.069689,0.089183,0.069061,1.795778,1.000000,0.073812,6.742982
10.035000,0.566772,-0.157970,0.398886,0.971980,-0.206024,-0.069626,0.089230,0.069060,1.795412,1.000000,0.072809,6.749042
10.040000,0.566970,-0.157967,0.398883,0.971974,-0.206050,-0.069564,0.089277,0.069059,1.795051,1.000000,0.071807,6.755102
10.045000,0.567168,-0.157964,0.398881,0.971969,-0.206076,-0.069502,0.089325,0.069057,1.794695,1.000000,0.070831,6.761255
10.050000,0.567366,-0.157962,0.398878,0.971963,-0.206102,-0.069440,0.089372,0.069056,1.794343,1.000000,0.069883,6.767443
10.055000,0.567564,-0.157961,0.398875,0.971958,-0.206128,-0.069377,0.089419,0.069055,1.793997,1.000000,0.068952,6.773632
10.060000,0.567762,-0.157961,0.398872,0.971952,-0.206155,-0.069315,0.089466,0.069054,1.793654,1.000000,0.068038,6.779821
10.065000,0.567960,-0.157961,0.398869,0.971947,-0.206181,-0.069253,0.089513,0.069053,1.793317,1.000000,0.067136,6.786033
10.070000,0.568157,-0.157962,0.398866,0.971941,-0.206207,-0.069191,0.089560,0.069052,1.792984,1.000000,0.066248,6.792253
10.075000,0.568355,-0.157963,0.398862,0.971936,-0.206234,-0.069128,0.089607,0.069051,1.792655,1.000000,0.065381,6.798557
10.080000,0.568552,-0.157966,0.398858,0.971930,-0.206261,-0.069067,0.089654,0.069050,1.792330,1.000000,0.064517,6.804849
10.085000,0.568749,-0.157968,0.398855,0.971925,-0.206287,-0.069005,0.089700,0.069049,1.792010,1.000000,0.063659,6.811132
10.090000,0.568945,-0.157972,0.398851,0.971919,-0.206314,-0.068943,0.089746,0.069047,1.791694,1.000000,0.062808,6.817416
10.095000,0.569141,-0.157976,0.398846,0.971914,-0.206341,-0.068882,0.089792,0.069046,1.791383,1.000000,0.061967,6.823710
10.100000,0.569338,-0.157981,0.398842,0.971908,-0.206368,-0.068821,0.089838,0.069045,1.791075,1.000000,0.061137,6.830018
10.105000,0.569533,-0.157986,0.398837,0.971902,-0.206395,-0.068760,0.089884,0.069044,1.790772,1.000000,0.060319,6.836326
10.110000,0.569729,-0.157992,0.398833,0.971897,-0.206422,-0.068700,0.089929,0.069043,1.790472,1.000000,0.059488,6.842593
10.115000,0.569924,-0.157998,0.398828,0.971891,-0.206449,-0.068640,0.089975,0.069042,1.790177,1.000000,0.058652,6.848883
10.120000,0.570120,-0.158005,0.398822,0.971885,-0.206476,-0.068580,0.090020,0.069041,1.789886,1.000000,0.057823,6.855174
10.125000,0.570314,-0.158012,0.398817,0.971880,-0.206503,-0.068520,0.090064,0.069040,1.789600,1.000000,0.057008,6.861465
10.130000,0.570509,-0.158020,0.398812,0.971874,-0.206530,-0.068460,0.090109,0.069038,1.789317,1.000000,0.056209,6.867781
10.135000,0.570704,-0.158029,0.398806,0.971868,-0.206558,-0.068401,0.090154,0.069037,1.789038,1.000000,0.055432,6.874098
10.140000,0.570898,-0.158038,0.398800,0.971862,-0.206585,-0.068342,0.090198,0.069036,1.788763,1.000000,0.054678,6.880415
10.145000,0.571092,-0.158048,0.398794,0.971857,-0.206613,-0.068282,0.090242,0.069035,1.788492,1.000000,0.053941,6.886719
10.150000,0.571286,-0.158058,0.398788,0.971851,-0.206640,-0.068223,0.090286,0.069034,1.788224,1.000000,0.053223,6.893019
10.155000,0.571479,-0.158069,0.398782,0.971845,-0.206668,-0.068164,0.090330,0.069033,1.787960,1.000000,0.052528,6.899320
10.160000,0.571673,-0.158080,0.398776,0.971839,-0.206696,-0.068106,0.090374,0.069032,1.787699,1.000000,0.051856,6.905695
10.165000,0.571866,-0.158092,0.398769,0.971833,-0.206724,-0.068047,0.090417,0.069031,1.787442,1.000000,0.051208,6.912124
10.170000,0.572059,-0.158104,0.398763,0.971827,-0.206752,-0.067988,0.090461,0.069030,1.787187,1.000000,0.050586,6.918553
10.175000,0.572252,-0.158116,0.398756,0.971821,-0.206780,-0.067930,0.090504,0.069028,1.786936,1.000000,0.049988,6.925057
10.180000,0.572445,-0.158129,0.398749,0.971815,-0.206808,-0.067871,0.090547,0.069027,1.786688,1.000000,0.049473,6.931311
10.185000,0.572638,-0.158142,0.398742,0.971810,-0.206836,-0.067813,0.090590,0.069026,1.786442,1.000000,0.049040,6.937567
10.190000,0.572830,-0.158156,0.398735,0.971804,-0.206864,-0.067755,0.090632,0.069025,1.786197,1.000000,0.048668,6.943904
10.195000,0.573023,-0.158170,0.398727,0.971798,-0.206892,-0.067697,0.090674,0.069024,1.785955,1.000000,0.048341,6.950446
10.200000,0.573215,-0.158184,0.398720,0.971792,-0.206921,-0.067639,0.090716,0.069024,1.785714,1.000000,0.048061,6.956990
10.205000,0.573408,-0.158198,0.398712,0.971786,-0.206949,-0.067580,0.090758,0.069023,1.785475,1.000000,0.047822,6.963626
10.210000,0.573600,-0.158212,0.398704,0.971780,-0.206977,-0.067522,0.090799,0.069022,1.785236,1.000000,0.047609,6.970557
10.215000,0.573792,-0.158227,0.398696,0.971774,-0.207006,-0.067464,0.090841,0.069021,1.784998,1.000000,0.047475,6.977110
10.220000,0.573985,-0.158241,0.398688,0.971768,-0.207034,-0.067406,0.090882,0.069020,1.784761,1.000000,0.047414,6.983812
10.225000,0.574177,-0.158256,0.398680,0.971763,-0.207063,-0.067347,0.090922,0.069019,1.784524,1.000000,0.047403,6.990831
10.230000,0.574370,-0.158271,0.398672,0.971757,-0.207092,-0.067289,0.090963,0.069018,1.784287,1.000000,0.047450,6.997852
10.235000,0.574563,-0.158285,0.398663,0.971751,-0.207120,-0.067230,0.091003,0.069018,1.784050,1.000000,0.047533,7.005118
10.240000,0.574756,-0.158300,0.398654,0.971745,-0.207149,-0.067172,0.091043,0.069017,1.783812,1.000000,0.047647,7.012610
10.245000,0.574949,-0.158314,0.398646,0.971739,-0.207178,-0.067113,0.091083,0.069016,1.783573,1.000000,0.047835,7.020096
10.250000,0.575142,-0.158328,0.398637,0.971733,-0.207208,-0.067054,0.091122,0.069016,1.783334,1.000000,0.048036,7.027869
10.255000,0.575335,-0.158342,0.398627,0.971727,-0.207237,-0.066995,0.091162,0.069015,1.783093,1.000000,0.048290,7.035701
10.260000,0.575528,-0.158355,0.398618,0.971721,-0.207267,-0.066936,0.091201,0.069015,1.782851,1.000000,0.048592,7.043629
10.265000,0.575722,-0.158368,0.398608,0.971716,-0.207296,-0.066877,0.091239,0.069014,1.782607,1.000000,0.048921,7.051851
10.270000,0.575915,-0.158381,0.398599,0.971710,-0.207326,-0.066819,0.091278,0.069014,1.782361,1.000000,0.049307,7.060079
10.275000,0.576109,-0.158393,0.398589,0.971704,-0.207356,-0.066760,0.091316,0.069013,1.782114,1.000000,0.049710,7.068319
10.280000,0.576302,-0.158405,0.398578,0.971698,-0.207386,-0.066703,0.091354,0.069013,1.781864,1.000000,0.050216,7.076450
10.285000,0.576495,-0.158416,0.398568,0.971692,-0.207417,-0.066645,0.091391,0.069013,1.781612,1.000000,0.050805,7.084613
10.290000,0.576688,-0.158427,0.398557,0.971685,-0.207447,-0.066588,0.091427,0.069012,1.781356,1.000000,0.051423,7.092886
10.295000,0.576881,-0.158436,0.398546,0.971679,-0.207478,-0.066532,0.091463,0.069012,1.781097,1.000000,0.052088,7.101169
10.300000,0.577074,-0.158445,0.398534,0.971673,-0.207509,-0.066477,0.091498,0.069012,1.780835,1.000000,0.052758,7.109420
10.305000,0.577267,-0.158453,0.398523,0.971667,-0.207540,-0.066422,0.091533,0.069012,1.780570,1.000000,0.053443,7.117665
10.310000,0.577459,-0.158460,0.398510,0.971661,-0.207572,-0.066368,0.091567,0.069012,1.780301,1.000000,0.054144,7.125871
10.315000,0.577652,-0.158467,0.398498,0.971654,-0.207604,-0.066314,0.091601,0.069012,1.780029,1.000000,0.054803,7.133941
10.320000,0.577844,-0.158472,0.398485,0.971648,-0.207635,-0.066261,0.091634,0.069012,1.779753,1.000000,0.055471,7.142028
10.325000,0.578036,-0.158477,0.398472,0.971642,-0.207668,-0.066209,0.091667,0.069012,1.779475,1.000000,0.056119,7.149975
10.330000,0.578228,-0.158481,0.398459,0.971635,-0.207700,-0.066157,0.091700,0.069012,1.779193,1.000000,0.056753,7.157828
10.335000,0.578420,-0.158484,0.398445,0.971629,-0.207733,-0.066106,0.091732,0.069012,1.778908,1.000000,0.057391,7.165701
10.340000,0.578612,-0.158486,0.398431,0.971622,-0.207765,-0.066055,0.091763,0.069012,1.778620,1.000000,0.057988,7.173233
10.345000,0.578804,-0.158487,0.398417,0.971616,-0.207799,-0.066004,0.091795,0.069012,1.778329,1.000000,0.058578,7.180748
10.350000,0.578996,-0.158487,0.398402,0.971609,-0.207832,-0.065954,0.091826,0.069013,1.778035,1.000000,0.059059,7.188562
10.355000,0.579188,-0.158487,0.398388,0.971602,-0.207866,-0.065904,0.091857,0.069013,1.777739,1.000000,0.059400,7.196083
10.360000,0.579379,-0.158486,0.398373,0.971595,-0.207900,-0.065855,0.091888,0.069013,1.777442,1.000000,0.059668,7.203629
10.365000,0.579571,-0.158484,0.398357,0.971588,-0.207934,-0.065806,0.091919,0.069013,1.777144,1.000000,0.059880,7.211133
10.370000,0.579762,-0.158482,0.398342,0.971581,-0.207969,-0.065757,0.091950,0.069013,1.776845,1.000000,0.060023,7.218362
10.375000,0.579953,-0.158479,0.398327,0.971574,-0.208005,-0.065709,0.091981,0.069014,1.776545,1.000000,0.060129,7.225617
10.380000,0.580144,-0.158475,0.398311,0.971567,-0.208040,-0.065660,0.092012,0.069014,1.776245,1.000000,0.060198,7.232861
10.385000,0.580334,-0.158471,0.398295,0.971559,-0.208076,-0.065613,0.092043,0.069014,1.775945,1.000000,0.060176,7.239937
10.390000,0.580525,-0.158466,0.398279,0.971552,-0.208113,-0.065565,0.092074,0.069014,1.775645,1.000000,0.060097,7.247041
10.395000,0.580715,-0.158461,0.398262,0.971544,-0.208149,-0.065517,0.092105,0.069015,1.775346,1.000000,0.059975,7.254174
10.400000,0.580905,-0.158455,0.398246,0.971536,-0.208186,-0.065469,0.092137,0.069015,1.775047,1.000000,0.059805,7.261164
10.405000,0.581095,-0.158449,0.398229,0.971529,-0.208224,-0.065422,0.092169,0.069015,1.774750,1.000000,0.059604,7.268183
10.410000,0.581284,-0.158443,0.398213,0.971521,-0.208262,-0.065374,0.092201,0.069015,1.774453,1.000000,0.059375,7.275232
10.415000,0.581474,-0.158436,0.398196,0.971513,-0.208300,-0.065326,0.092233,0.069015,1.774158,1.000000,0.059112,7.282293
10.420000,0.581663,-0.158428,0.398179,0.971504,-0.208338,-0.065278,0.092265,0.069015,1.773864,1.000000,0.058830,7.289370
10.425000,0.581852,-0.158421,0.398162,0.971496,-0.208377,-0.065230,0.092298,0.069016,1.773572,1.000000,0.058526,7.296477
10.430000,0.582040,-0.158413,0.398145,0.971488,-0.208416,-0.065182,0.092331,0.069016,1.773281,1.000000,0.058197,7.303604
10.435000,0.582229,-0.158405,0.398128,0.971480,-0.208456,-0.065133,0.092364,0.069016,1.772992,1.000000,0.057842,7.310754
10.440000,0.582417,-0.158397,0.398110,0.971471,-0.208495,-0.065084,0.092397,0.069016,1.772704,1.000000,0.057463,7.317935
10.445000,0.582605,-0.158388,0.398093,0.971463,-0.208535,-0.065035,0.092430,0.069016,1.772419,1.000000,0.057059,7.325137
10.450000,0.582793,-0.158379,0.398075,0.971454,-0.208575,-0.064985,0.092464,0.069016,1.772136,1.000000,0.056640,7.332424
10.455000,0.582981,-0.158370,0.398057,0.971446,-0.208616,-0.064936,0.092497,0.069016,1.771855,1.000000,0.056193,7.339741
10.460000,0.583168,-0.158361,0.398039,0.971437,-0.208656,-0.064886,0.092531,0.069016,1.771576,1.000000,0.055720,7.347092
10.465000,0.583356,-0.158352,0.398021,0.971429,-0.208697,-0.064836,0.092565,0.069016,1.771300,1.000000,0.055220,7.354509
10.470000,0.583543,-0.158343,0.398003,0.971420,-0.208738,-0.064785,0.092599,0.069016,1.771026,1.000000,0.054695,7.361954
10.475000,0.583729,-0.158333,0.397984,0.971411,-0.208779,-0.064735,0.092633,0.069017,1.770755,1.000000,0.054146,7.369429
10.480000,0.583915,-0.158324,0.397966,0.971402,-0.208821,-0.064684,0.092668,0.069017,1.770487,1.000000,0.053575,7.376985
10.485000,0.584101,-0.158314,0.397947,0.971393,-0.208863,-0.064633,0.092702,0.069017,1.770222,1.000000,0.053003,7.384513
10.490000,0.584287,-0.158304,0.397928,0.971384,-0.208905,-0.064583,0.092737,0.069017,1.769959,1.000000,0.052423,7.392069
10.495000,0.584472,-0.158294,0.397908,0.971375,-0.208947,-0.064531,0.092771,0.069017,1.769699,1.000000,0.051830,7.399611
10.500000,0.584657,-0.158285,0.397889,0.971366,-0.208989,-0.064480,0.092806,0.069017,1.769443,1.000000,0.051225,7.407167
10.505000,0.584842,-0.158275,0.397869,0.971357,-0.209032,-0.064429,0.092841,0.069017,1.769189,1.000000,0.050606,7.414751
10.510000,0.585026,-0.158265,0.397849,0.971348,-0.209075,-0.064378,0.092876,0.069017,1.768939,1.000000,0.049974,7.422360
10.515000,0.585209,-0.158255,0.397829,0.971339,-0.209117,-0.064326,0.092910,0.069017,1.768692,1.000000,0.049331,7.429995
10.520000,0.585393,-0.158245,0.397809,0.971330,-0.209160,-0.064275,0.092945,0.069017,1.768448,1.000000,0.048683,7.437644
10.525000,0.585576,-0.158235,0.397788,0.971321,-0.209204,-0.064223,0.092980,0.069017,1.768207,1.000000,0.048031,7.445327
10.530000,0.585758,-0.158225,0.397767,0.971311,-0.209247,-0.064172,0.093015,0.069016,1.767970,1.000000,0.047382,7.453048
10.535000,0.585940,-0.158215,0.397746,0.971302,-0.209290,-0.064120,0.093050,0.069016,1.767736,1.000000,0.046744,7.460796
10.540000,0.586122,-0.158205,0.397725,0.971293,-0.209334,-0.064068,0.093085,0.069016,1.767504,1.000000,0.046121,7.468573
10.545000,0.586303,-0.158195,0.397703,0.971283,-0.209378,-0.064017,0.093120,0.069016,1.767276,1.000000,0.045518,7.476390
10.550000,0.586484,-0.158185,0.397681,0.971274,-0.209422,-0.063965,0.093155,0.069016,1.767051,1.000000,0.044927,7.484233
10.555000,0.586664,-0.158174,0.397659,0.971265,-0.209466,-0.063914,0.093189,0.069016,1.766829,1.000000,0.044350,7.492055
10.560000,0.586844,-0.158164,0.397636,0.971255,-0.209510,-0.063862,0.093223,0.069016,1.766610,1.000000,0.043802,7.499900
10.565000,0.587023,-0.158154,0.397614,0.971246,-0.209554,-0.063811,0.093258,0.069016,1.766393,1.000000,0.043274,7.507774
10.570000,0.587202,-0.158144,0.397591,0.971236,-0.209599,-0.063759,0.093291,0.069016,1.766179,1.000000,0.042762,7.515675
10.575000,0.587381,-0.158133,0.397568,0.971227,-0.209644,-0.063708,0.093325,0.069016,1.765968,1.000000,0.042265,7.523626
10.580000,0.587559,-0.158123,0.397544,0.971217,-0.209689,-0.063656,0.093359,0.069015,1.765759,1.000000,0.041779,7.531611
10.585000,0.587737,-0.158112,0.397521,0.971208,-0.209734,-0.063605,0.093392,0.069015,1.765552,1.000000,0.041287,7.539648
10.590000,0.587915,-0.158102,0.397497,0.971198,-0.209779,-0.063553,0.093425,0.069015,1.765348,1.000000,0.040811,7.547712
10.595000,0.588093,-0.158091,0.397474,0.971188,-0.209825,-0.063501,0.093458,0.069015,1.765146,1.000000,0.040350,7.555804
10.600000,0.588270,-0.158080,0.397450,0.971179,-0.209871,-0.063449,0.093490,0.069015,1.764946,1.000000,0.039904,7.563926
10.605000,0.588447,-0.158070,0.397426,0.971169,-0.209917,-0.063397,0.093523,0.069014,1.764749,1.000000,0.039470,7.572084
10.610000,0.588625,-0.158059,0.397403,0.971159,-0.209963,-0.063344,0.093555,0.069014,1.764554,1.000000,0.039048,7.580281
10.615000,0.588802,-0.158048,0.397379,0.971150,-0.210010,-0.063291,0.093587,0.069014,1.764361,1.000000,0.038635,7.588507
10.620000,0.588979,-0.158037,0.397356,0.971140,-0.210057,-0.063238,0.093619,0.069013,1.764169,1.000000,0.038201,7.596851
10.625000,0.589156,-0.158026,0.397332,0.971130,-0.210104,-0.063184,0.093650,0.069013,1.763981,1.000000,0.037746,7.605185
10.630000,0.589333,-0.158015,0.397309,0.971120,-0.210152,-0.063131,0.093681,0.069013,1.763794,1.000000,0.037280,7.613548
10.635000,0.589511,-0.158004,0.397287,0.971110,-0.210200,-0.063076,0.093713,0.069013,1.763610,1.000000,0.036805,7.621938
10.640000,0.589688,-0.157993,0.397264,0.971100,-0.210248,-0.063022,0.093744,0.069012,1.763428,1.000000,0.036327,7.630426
10.645000,0.589865,-0.157982,0.397242,0.971090,-0.210297,-0.062967,0.093775,0.069012,1.763249,1.000000,0.035844,7.638947
10.650000,0.590043,-0.157971,0.397220,0.971080,-0.210346,-0.062912,0.093806,0.069012,1.763072,1.000000,0.035356,7.647495
10.655000,0.590220,-0.157960,0.397198,0.971070,-0.210395,-0.062857,0.093836,0.069011,1.762897,1.000000,0.034861,7.656053
10.660000,0.590398,-0.157950,0.397177,0.971060,-0.210445,-0.062801,0.093867,0.069011,1.762725,1.000000,0.034365,7.664639
10.665000,0.590576,-0.157939,0.397156,0.971050,-0.210495,-0.062745,0.093897,0.069010,1.762556,1.000000,0.033866,7.673253
10.670000,0.590754,-0.157928,0.397136,0.971040,-0.210545,-0.062689,0.093928,0.069010,1.762388,1.000000,0.033367,7.681892
10.675000,0.590932,-0.157918,0.397116,0.971030,-0.210595,-0.062632,0.093958,0.069010,1.762224,1.000000,0.032866,7.690556
10.680000,0.591111,-0.157907,0.397097,0.971020,-0.210646,-0.062574,0.093988,0.069009,1.762062,1.000000,0.032361,7.699248
10.685000,0.591289,-0.157897,0.397079,0.971009,-0.210697,-0.062517,0.094018,0.069009,1.761902,1.000000,0.031852,7.707976
10.690000,0.591468,-0.157887,0.397061,0.970999,-0.210749,-0.062458,0.094048,0.069008,1.761746,1.000000,0.031305,7.716559
10.695000,0.591647,-0.157877,0.397043,0.970989,-0.210801,-0.062400,0.094078,0.069008,1.761592,1.000000,0.030608,7.725170
10.700000,0.591827,-0.157867,0.397026,0.970978,-0.210853,-0.062341,0.094108,0.069008,1.761442,1.000000,0.029844,7.733813
10.705000,0.592007,-0.157857,0.397010,0.970968,-0.210905,-0.062281,0.094138,0.069007,1.761296,1.000000,0.029060,7.742506
10.710000,0.592186,-0.157848,0.396993,0.970957,-0.210958,-0.062221,0.094168,0.069007,1.761154,1.000000,0.028275,7.751225
10.715000,0.592367,-0.157838,0.396977,0.970946,-0.211012,-0.062161,0.094198,0.069006,1.761015,1.000000,0.027494,7.759972
10.720000,0.592547,-0.157829,0.396961,0.970936,-0.211066,-0.062101,0.094229,0.069006,1.760881,1.000000,0.026721,7.768753
10.725000,0.592728,-0.157820,0.396945,0.970925,-0.211120,-0.062040,0.094259,0.069005,1.760750,1.000000,0.026013,7.777242
10.730000,0.592909,-0.157811,0.396929,0.970914,-0.211174,-0.061979,0.094290,0.069005,1.760623,1.000000,0.025347,7.785758
10.735000,0.593091,-0.157803,0.396913,0.970903,-0.211229,-0.061917,0.094320,0.069005,1.760499,1.000000,0.024710,7.794234
10.740000,0.593272,-0.157794,0.396898,0.970892,-0.211284,-0.061855,0.094351,0.069004,1.760378,1.000000,0.024097,7.802731
10.745000,0.593455,-0.157786,0.396882,0.970881,-0.211339,-0.061793,0.094382,0.069004,1.760260,1.000000,0.023504,7.811254
10.750000,0.593637,-0.157777,0.396867,0.970870,-0.211394,-0.061730,0.094414,0.069003,1.760145,1.000000,0.022928,7.819864
10.755000,0.593820,-0.157769,0.396853,0.970859,-0.211450,-0.061667,0.094445,0.069003,1.760033,1.000000,0.022450,7.828192
10.760000,0.594003,-0.157761,0.396838,0.970847,-0.211505,-0.061603,0.094477,0.069003,1.759923,1.000000,0.022054,7.836547
10.765000,0.594187,-0.157753,0.396824,0.970836,-0.211561,-0.061539,0.094509,0.069002,1.759814,1.000000,0.021716,7.844909
10.770000,0.594371,-0.157745,0.396810,0.970825,-0.211617,-0.061474,0.094541,0.069002,1.759708,1.000000,0.021424,7.853295
10.775000,0.594555,-0.157736,0.396796,0.970814,-0.211673,-0.061409,0.094573,0.069001,1.759602,1.000000,0.021169,7.861705
10.780000,0.594740,-0.157728,0.396782,0.970803,-0.211729,-0.061344,0.094605,0.069001,1.759498,1.000000,0.020949,7.870142
10.785000,0.594925,-0.157719,0.396769,0.970791,-0.211785,-0.061278,0.094637,0.069001,1.759394,1.000000,0.020758,7.878604
10.790000,0.595111,-0.157711,0.396756,0.970780,-0.211842,-0.061212,0.094670,0.069000,1.759292,1.000000,0.020656,7.886810
10.795000,0.595296,-0.157702,0.396742,0.970769,-0.211898,-0.061146,0.094702,0.069000,1.759189,1.000000,0.020631,7.895046
10.800000,0.595483,-0.157693,0.396729,0.970757,-0.211954,-0.061079,0.094735,0.069000,1.759087,1.000000,0.020662,7.903310
10.805000,0.595670,-0.157684,0.396716,0.970746,-0.212010,-0.061012,0.094768,0.068999,1.758984,1.000000,0.020741,7.911599
10.810000,0.595857,-0.157674,0.396703,0.970735,-0.212067,-0.060945,0.094800,0.068999,1.758881,1.000000,0.020859,7.919911
10.815000,0.596044,-0.157664,0.396689,0.970724,-0.212123,-0.060878,0.094833,0.068999,1.758777,1.000000,0.021012,7.928248
10.820000,0.596232,-0.157654,0.396676,0.970712,-0.212179,-0.060811,0.094866,0.068998,1.758672,1.000000,0.021195,7.936608
10.825000,0.596421,-0.157644,0.396663,0.970701,-0.212235,-0.060743,0.094899,0.068998,1.758566,1.000000,0.021436,7.944834
10.830000,0.596610,-0.157633,0.396649,0.970690,-0.212292,-0.060676,0.094931,0.068997,1.758459,1.000000,0.021736,7.953027
10.835000,0.596799,-0.157621,0.396635,0.970679,-0.212348,-0.060608,0.094964,0.068997,1.758350,1.000000,0.022080,7.961243
10.840000,0.596988,-0.157609,0.396621,0.970667,-0.212404,-0.060540,0.094996,0.068997,1.758240,1.000000,0.022458,7.969484
10.845000,0.597179,-0.157597,0.396607,0.970656,-0.212460,-0.060472,0.095029,0.068996,1.758127,1.000000,0.022864,7.977813
10.850000,0.597369,-0.157584,0.396593,0.970645,-0.212516,-0.060404,0.095061,0.068996,1.758012,1.000000,0.023292,7.986175
10.855000,0.597560,-0.157571,0.396579,0.970634,-0.212573,-0.060336,0.095094,0.068996,1.757895,1.000000,0.023740,7.994561
10.860000,0.597751,-0.157557,0.396564,0.970622,-0.212629,-0.060267,0.095126,0.068995,1.757776,1.000000,0.024215,8.002845
10.865000,0.597943,-0.157542,0.396549,0.970611,-0.212685,-0.060199,0.095158,0.068995,1.757654,1.000000,0.024712,8.011151
10.870000,0.598135,-0.157527,0.396534,0.970600,-0.212741,-0.060131,0.095191,0.068994,1.757530,1.000000,0.025226,8.019481
10.875000,0.598328,-0.157512,0.396518,0.970589,-0.212798,-0.060063,0.095223,0.068994,1.757403,1.000000,0.025754,8.027805
10.880000,0.598521,-0.157496,0.396503,0.970577,-0.212854,-0.059994,0.095255,0.068994,1.757274,1.000000,0.026293,8.036120
10.885000,0.598715,-0.157479,0.396487,0.970566,-0.212910,-0.059926,0.095288,0.068993,1.757141,1.000000,0.026840,8.044458
10.890000,0.598909,-0.157461,0.396471,0.970555,-0.212967,-0.059858,0.095320,0.068993,1.757006,1.000000,0.027392,8.052834
10.895000,0.599103,-0.157443,0.396454,0.970543,-0.213023,-0.059790,0.095352,0.068992,1.756868,1.000000,0.027976,8.060975
10.900000,0.599297,-0.157424,0.396438,0.970532,-0.213079,-0.059721,0.095384,0.068992,1.756728,1.000000,0.028589,8.069140
10.905000,0.599492,-0.157405,0.396421,0.970521,-0.213136,-0.059653,0.095417,0.068992,1.756584,1.000000,0.029223,8.077327
10.910000,0.599688,-0.157385,0.396404,0.970509,-0.213192,-0.059585,0.095449,0.068991,1.756436,1.000000,0.029873,8.085539
10.915000,0.599884,-0.157364,0.396387,0.970498,-0.213249,-0.059516,0.095482,0.068991,1.756286,1.000000,0.030535,8.093773
10.920000,0.600080,-0.157343,0.396370,0.970486,-0.213305,-0.059448,0.095514,0.068990,1.756132,1.000000,0.031204,8.102030
10.925000,0.600276,-0.157321,0.396353,0.970475,-0.213362,-0.059379,0.095547,0.068990,1.755974,1.000000,0.032019,8.109633
10.930000,0.600473,-0.157298,0.396335,0.970464,-0.213418,-0.059311,0.095579,0.068990,1.755812,1.000000,0.032951,8.117259
10.935000,0.600670,-0.157274,0.396317,0.970452,-0.213475,-0.059243,0.095612,0.068990,1.755645,1.000000,0.033962,8.124908
10.940000,0.600868,-0.157249,0.396299,0.970441,-0.213531,-0.059174,0.095644,0.068989,1.755473,1.000000,0.035033,8.132544
10.945000,0.601066,-0.157224,0.396281,0.970429,-0.213587,-0.059106,0.095676,0.068989,1.755295,1.000000,0.036147,8.140185
10.950000,0.601264,-0.157197,0.396262,0.970418,-0.213643,-0.059038,0.095708,0.068989,1.755112,1.000000,0.037295,8.147847
10.955000,0.601462,-0.157170,0.396243,0.970407,-0.213699,-0.058970,0.095740,0.068989,1.754923,1.000000,0.038471,8.155558
10.960000,0.601661,-0.157141,0.396223,0.970395,-0.213754,-0.058902,0.095772,0.068989,1.754727,1.000000,0.039913,8.162010
10.965000,0.601860,-0.157111,0.396203,0.970384,-0.213810,-0.058835,0.095803,0.068989,1.754523,1.000000,0.041580,8.168486
10.970000,0.602060,-0.157081,0.396182,0.970373,-0.213864,-0.058768,0.095834,0.068989,1.754311,1.000000,0.043406,8.174983
10.975000,0.602259,-0.157049,0.396161,0.970362,-0.213919,-0.058701,0.095865,0.068989,1.754089,1.000000,0.045351,8.181501
10.980000,0.602459,-0.157015,0.396138,0.970351,-0.213973,-0.058634,0.095895,0.068989,1.753857,1.000000,0.047390,8.188039
10.985000,0.602660,-0.156980,0.396115,0.970341,-0.214026,-0.058568,0.095924,0.068989,1.753614,1.000000,0.049494,8.194597
10.990000,0.602861,-0.156944,0.396092,0.970330,-0.214079,-0.058503,0.095953,0.068989,1.753361,1.000000,0.051623,8.201178
10.995000,0.603062,-0.156906,0.396067,0.970320,-0.214132,-0.058437,0.095982,0.068989,1.753097,1.000000,0.054031,8.206102
11.000000,0.603263,-0.156866,0.396043,0.970309,-0.214184,-0.058372,0.096010,0.068989,1.752819,1.000000,0.056706,8.211052
11.005000,0.603465,-0.156825,0.396017,0.970299,-0.214235,-0.058307,0.096038,0.068989,1.752528,1.000000,0.059581,8.216034
11.010000,0.603667,-0.156781,0.395991,0.970289,-0.214286,-0.058243,0.096066,0.068990,1.752222,1.000000,0.062616,8.221037
11.015000,0.603870,-0.156736,0.395965,0.970279,-0.214336,-0.058178,0.096093,0.068990,1.751900,1.000000,0.065783,8.226060
11.020000,0.604073,-0.156689,0.395938,0.970269,-0.214385,-0.058113,0.096119,0.068990,1.751562,1.000000,0.069062,8.231095
11.025000,0.604277,-0.156639,0.395911,0.970260,-0.214434,-0.058048,0.096146,0.068991,1.751208,1.000000,0.072438,8.236147
11.030000,0.604481,-0.156588,0.395884,0.970251,-0.214482,-0.057984,0.096172,0.068991,1.750835,1.000000,0.076187,8.239302
11.035000,0.604685,-0.156534,0.395856,0.970241,-0.214530,-0.057919,0.096198,0.068992,1.750443,1.000000,0.080254,8.242467
11.040000,0.604890,-0.156477,0.395828,0.970232,-0.214576,-0.057855,0.096223,0.068993,1.750030,1.000000,0.084562,8.245630
11.045000,0.605095,-0.156418,0.395799,0.970224,-0.214622,-0.057790,0.096248,0.068994,1.749594,1.000000,0.089059,8.248811
11.050000,0.605301,-0.156356,0.395770,0.970215,-0.214667,-0.057726,0.096273,0.068994,1.749136,1.000000,0.093714,8.252020
11.055000,0.605508,-0.156290,0.395740,0.970207,-0.214710,-0.057662,0.096297,0.068995,1.748653,1.000000,0.098502,8.255286
11.060000,0.605714,-0.156222,0.395710,0.970199,-0.214753,-0.057598,0.096321,0.068996,1.748147,1.000000,0.103406,8.258569
11.065000,0.605921,-0.156151,0.395679,0.970191,-0.214795,-0.057534,0.096344,0.068997,1.747614,1.000000,0.109110,8.258943
11.070000,0.606128,-0.156076,0.395648,0.970184,-0.214836,-0.057471,0.096366,0.068999,1.747049,1.000000,0.115876,8.259347
11.075000,0.606335,-0.155997,0.395616,0.970176,-0.214875,-0.057411,0.096386,0.069000,1.746449,1.000000,0.123363,8.259769
11.080000,0.606542,-0.155913,0.395583,0.970170,-0.214914,-0.057352,0.096404,0.069002,1.745809,1.000000,0.131319,8.260207
11.085000,0.606748,-0.155824,0.395549,0.970163,-0.214952,-0.057297,0.096419,0.069003,1.745128,1.000000,0.139589,8.260672
11.090000,0.606954,-0.155730,0.395514,0.970157,-0.214988,-0.057245,0.096432,0.069005,1.744406,1.000000,0.148071,8.261155
11.095000,0.607159,-0.155631,0.395478,0.970151,-0.215024,-0.057195,0.096442,0.069007,1.743639,1.000000,0.157437,8.258270
11.100000,0.607363,-0.155525,0.395440,0.970145,-0.215058,-0.057150,0.096449,0.069009,1.742822,1.000000,0.167562,8.255415
11.105000,0.607566,-0.155414,0.395402,0.970140,-0.215092,-0.057109,0.096452,0.069011,1.741954,1.000000,0.178180,8.252579
11.110000,0.607769,-0.155296,0.395362,0.970135,-0.215124,-0.057071,0.096451,0.069013,1.741031,1.000000,0.189128,8.249760
11.115000,0.607972,-0.155171,0.395321,0.970130,-0.215155,-0.057037,0.096448,0.069015,1.740053,1.000000,0.200301,8.246959
11.120000,0.608174,-0.155039,0.395278,0.970126,-0.215184,-0.057007,0.096441,0.069018,1.739018,1.000000,0.211628,8.244175
11.125000,0.608375,-0.154900,0.395235,0.970122,-0.215213,-0.056981,0.096431,0.069020,1.737927,1.000000,0.223057,8.241408
11.130000,0.608576,-0.154755,0.395190,0.970119,-0.215241,-0.056959,0.096418,0.069023,1.736777,1.000000,0.235167,8.235640
11.135000,0.608776,-0.154601,0.395144,0.970116,-0.215267,-0.056941,0.096402,0.069025,1.735564,1.000000,0.247869,8.229900
11.140000,0.608976,-0.154440,0.395097,0.970113,-0.215292,-0.056927,0.096382,0.069028,1.734287,1.000000,0.260940,8.224178
11.145000,0.609176,-0.154270,0.395048,0.970111,-0.215316,-0.056917,0.096359,0.069031,1.732943,1.000000,0.274240,8.218471
11.150000,0.609375,-0.154092,0.394998,0.970108,-0.215339,-0.056911,0.096332,0.069034,1.731533,1.000000,0.287676,8.212794
11.155000,0.609573,-0.153906,0.394946,0.970107,-0.215361,-0.056909,0.096302,0.069037,1.730055,1.000000,0.301184,8.207133
11.160000,0.609771,-0.153711,0.394894,0.970105,-0.215382,-0.056912,0.096270,0.069039,1.728510,1.000000,0.314714,8.201487
11.165000,0.609969,-0.153508,0.394840,0.970104,-0.215401,-0.056918,0.096234,0.069043,1.726896,1.000000,0.328777,8.192889
11.170000,0.610166,-0.153296,0.394785,0.970103,-0.215420,-0.056929,0.096195,0.069046,1.725210,1.000000,0.343313,8.184315
11.175000,0.610363,-0.153074,0.394729,0.970102,-0.215438,-0.056944,0.096153,0.069050,1.723451,1.000000,0.358114,8.175757
11.180000,0.610559,-0.152843,0.394672,0.970102,-0.215454,-0.056963,0.096107,0.069053,1.721617,1.000000,0.373048,8.167213
11.185000,0.610755,-0.152602,0.394613,0.970102,-0.215470,-0.056987,0.096059,0.069056,1.719708,1.000000,0.388026,8.158683
11.190000,0.610950,-0.152352,0.394553,0.970102,-0.215485,-0.057015,0.096007,0.069060,1.717725,1.000000,0.402983,8.150167
11.195000,0.611145,-0.152092,0.394492,0.970103,-0.215499,-0.057048,0.095953,0.069063,1.715667,1.000000,0.417863,8.141666
11.200000,0.611339,-0.151822,0.394430,0.970103,-0.215512,-0.057084,0.095896,0.069067,1.713534,1.000000,0.433190,8.129491
11.205000,0.611532,-0.151543,0.394367,0.970104,-0.215524,-0.057126,0.095837,0.069071,1.711324,1.000000,0.448529,8.117341
11.210000,0.611725,-0.151253,0.394302,0.970105,-0.215535,-0.057172,0.095774,0.069075,1.709040,1.000000,0.462861,8.105205
11.215000,0.611918,-0.150955,0.394237,0.970106,-0.215544,-0.057224,0.095709,0.069079,1.706687,1.000000,0.476302,8.093084
11.220000,0.612112,-0.150647,0.394170,0.970107,-0.215553,-0.057282,0.095643,0.069083,1.704269,1.000000,0.489099,8.080974
11.225000,0.612306,-0.150331,0.394102,0.970108,-0.215561,-0.057346,0.095575,0.069087,1.701788,1.000000,0.501857,8.068877
11.230000,0.612501,-0.150005,0.394033,0.970110,-0.215568,-0.057415,0.095505,0.069091,1.699243,1.000000,0.514614,8.056795
11.235000,0.612697,-0.149671,0.393963,0.970111,-0.215575,-0.057489,0.095433,0.069096,1.696634,1.000000,0.527615,8.042232
11.240000,0.612893,-0.149328,0.393892,0.970112,-0.215581,-0.057569,0.095360,0.069100,1.693959,1.000000,0.540909,8.027688
11.245000,0.613091,-0.148975,0.393819,0.970113,-0.215586,-0.057653,0.095284,0.069105,1.691217,1.000000,0.554351,8.013162
11.250000,0.613288,-0.148612,0.393745,0.970114,-0.215591,-0.057742,0.095207,0.069109,1.688407,1.000000,0.567849,7.998648
11.255000,0.613487,-0.148240,0.393670,0.970116,-0.215596,-0.057835,0.095127,0.069114,1.685531,1.000000,0.581340,7.984145
11.260000,0.613686,-0.147858,0.393594,0.970117,-0.215601,-0.057932,0.095046,0.069118,1.682587,1.000000,0.594777,7.969662
11.265000,0.613886,-0.147466,0.393516,0.970118,-0.215605,-0.058032,0.094963,0.069123,1.679576,1.000000,0.608217,7.953994
11.270000,0.614086,-0.147064,0.393438,0.970119,-0.215610,-0.058137,0.094879,0.069127,1.676497,1.000000,0.621668,7.938340
11.275000,0.614288,-0.146653,0.393359,0.970120,-0.215615,-0.058244,0.094793,0.069132,1.673352,1.000000,0.635065,7.922694
11.280000,0.614489,-0.146232,0.393279,0.970120,-0.215619,-0.058355,0.094706,0.069136,1.670140,1.000000,0.648363,7.907054
11.285000,0.614691,-0.145800,0.393199,0.970121,-0.215624,-0.058468,0.094618,0.069141,1.666863,1.000000,0.661526,7.891424
11.290000,0.614894,-0.145359,0.393117,0.970122,-0.215630,-0.058584,0.094529,0.069146,1.663519,1.000000,0.674526,7.875808
11.295000,0.615097,-0.144908,0.393035,0.970122,-0.215635,-0.058703,0.094439,0.069150,1.660112,1.000000,0.687339,7.860215
11.300000,0.615300,-0.144448,0.392953,0.970122,-0.215641,-0.058823,0.094348,0.069155,1.656641,1.000000,0.700189,7.842682
11.305000,0.615503,-0.143977,0.392870,0.970123,-0.215647,-0.058946,0.094255,0.069160,1.653105,1.000000,0.713174,7.825167
11.310000,0.615707,-0.143497,0.392787,0.970123,-0.215653,-0.059071,0.094162,0.069165,1.649504,1.000000,0.726160,7.807664
11.315000,0.615910,-0.143006,0.392705,0.970123,-0.215659,-0.059197,0.094068,0.069170,1.645839,1.000000,0.739070,7.790171
11.320000,0.616113,-0.142506,0.392622,0.970123,-0.215666,-0.059325,0.093972,0.069175,1.642110,1.000000,0.751852,7.772689
11.325000,0.616317,-0.141996,0.392540,0.970122,-0.215674,-0.059455,0.093876,0.069179,1.638317,1.000000,0.764469,7.755222
11.330000,0.616520,-0.141476,0.392458,0.970122,-0.215682,-0.059585,0.093780,0.069184,1.634461,1.000000,0.776890,7.737766
11.335000,0.616722,-0.140946,0.392377,0.970121,-0.215690,-0.059717,0.093682,0.069190,1.630544,1.000000,0.789376,7.718823
11.340000,0.616924,-0.140406,0.392297,0.970121,-0.215698,-0.059849,0.093584,0.069195,1.626565,1.000000,0.801997,7.699905
11.345000,0.617126,-0.139857,0.392218,0.970120,-0.215707,-0.059983,0.093484,0.069200,1.622522,1.000000,0.814597,7.681004
11.350000,0.617327,-0.139297,0.392140,0.970120,-0.215716,-0.060117,0.093382,0.069205,1.618416,1.000000,0.827083,7.662115
11.355000,0.617527,-0.138728,0.392063,0.970119,-0.215726,-0.060251,0.093280,0.069211,1.614249,1.000000,0.839386,7.643239
11.360000,0.617726,-0.138148,0.391988,0.970118,-0.215736,-0.060386,0.093176,0.069216,1.610021,1.000000,0.851474,7.624378
11.365000,0.617925,-0.137560,0.391913,0.970118,-0.215747,-0.060522,0.093071,0.069221,1.605733,1.000000,0.863312,7.605528
11.370000,0.618123,-0.136961,0.391840,0.970117,-0.215757,-0.060657,0.092964,0.069226,1.601387,1.000000,0.875108,7.585766
11.375000,0.618319,-0.136354,0.391768,0.970117,-0.215768,-0.060792,0.092856,0.069232,1.596982,1.000000,0.886882,7.566019
11.380000,0.618515,-0.135736,0.391698,0.970116,-0.215780,-0.060928,0.092746,0.069237,1.592518,1.000000,0.898505,7.546284
11.385000,0.618709,-0.135110,0.391629,0.970116,-0.215791,-0.061063,0.092634,0.069243,1.587997,1.000000,0.909899,7.526561
11.390000,0.618903,-0.134474,0.391562,0.970115,-0.215803,-0.061198,0.092519,0.069248,1.583420,1.000000,0.921019,7.506866
11.395000,0.619095,-0.133829,0.391496,0.970115,-0.215815,-0.061333,0.092403,0.069254,1.578789,1.000000,0.931828,7.487182
11.400000,0.619285,-0.133175,0.391432,0.970115,-0.215827,-0.061467,0.092285,0.069259,1.574104,1.000000,0.942305,7.467510
11.405000,0.619474,-0.132513,0.391369,0.970116,-0.215840,-0.061601,0.092165,0.069265,1.569368,1.000000,0.952699,7.447325
11.410000,0.619662,-0.131842,0.391308,0.970116,-0.215852,-0.061734,0.092042,0.069271,1.564580,1.000000,0.962989,7.427159
11.415000,0.619848,-0.131162,0.391248,0.970117,-0.215865,-0.061866,0.091916,0.069277,1.559741,1.000000,0.973053,7.407004
11.420000,0.620033,-0.130474,0.391190,0.970118,-0.215878,-0.061997,0.091788,0.069282,1.554853,1.000000,0.982820,7.386862
11.425000,0.620216,-0.129778,0.391134,0.970119,-0.215890,-0.062128,0.091656,0.069288,1.549917,1.000000,0.992247,7.366731
11.430000,0.620397,-0.129073,0.391079,0.970121,-0.215903,-0.062258,0.091522,0.069294,1.544935,1.000000,1.001306,7.346613
11.435000,0.620576,-0.128362,0.391026,0.970122,-0.215915,-0.062386,0.091384,0.069300,1.539908,1.000000,1.010187,7.325842
11.440000,0.620754,-0.127642,0.390974,0.970125,-0.215927,-0.062514,0.091243,0.069306,1.534838,1.000000,1.018907,7.305094
11.445000,0.620929,-0.126915,0.390923,0.970128,-0.215939,-0.062641,0.091098,0.069312,1.529725,1.000000,1.027358,7.284358
11.450000,0.621103,-0.126180,0.390874,0.970131,-0.215950,-0.062766,0.090950,0.069318,1.524571,1.000000,1.035480,7.263634
11.455000,0.621274,-0.125439,0.390827,0.970135,-0.215961,-0.062891,0.090797,0.069324,1.519377,1.000000,1.043238,7.242923
11.460000,0.621444,-0.124691,0.390780,0.970139,-0.215972,-0.063014,0.090641,0.069330,1.514146,1.000000,1.050611,7.222224
11.465000,0.621611,-0.123936,0.390736,0.970144,-0.215982,-0.063136,0.090481,0.069336,1.508879,1.000000,1.057588,7.201536
11.470000,0.621777,-0.123175,0.390692,0.970149,-0.215991,-0.063256,0.090317,0.069342,1.503579,1.000000,1.064262,7.179312
11.475000,0.621940,-0.122407,0.390650,0.970155,-0.216000,-0.063375,0.090149,0.069349,1.498246,1.000000,1.070800,7.157103
11.480000,0.622101,-0.121634,0.390609,0.970162,-0.216008,-0.063493,0.089976,0.069355,1.492880,1.000000,1.077102,7.134907
11.485000,0.622259,-0.120854,0.390569,0.970169,-0.216014,-0.063609,0.089798,0.069362,1.487485,1.000000,1.083119,7.112776
11.490000,0.622416,-0.120069,0.390530,0.970177,-0.216020,-0.063725,0.089616,0.069368,1.482060,1.000000,1.088814,7.090670
11.495000,0.622570,-0.119278,0.390492,0.970186,-0.216025,-0.063838,0.089430,0.069374,1.476608,1.000000,1.094168,7.068577
11.500000,0.622722,-0.118482,0.390456,0.970195,-0.216029,-0.063950,0.089239,0.069381,1.471130,1.000000,1.099170,7.046501
11.505000,0.622871,-0.117680,0.390420,0.970205,-0.216032,-0.064061,0.089043,0.069387,1.465628,1.000000,1.103887,7.023005
11.510000,0.623019,-0.116874,0.390386,0.970216,-0.216033,-0.064171,0.088843,0.069394,1.460104,1.000000,1.108489,6.999517
11.515000,0.623163,-0.116062,0.390352,0.970227,-0.216033,-0.064279,0.088637,0.069400,1.454557,1.000000,1.112878,6.976007
11.520000,0.623306,-0.115246,0.390320,0.970240,-0.216032,-0.064385,0.088427,0.069407,1.448989,1.000000,1.116998,6.952456
11.525000,0.623446,-0.114425,0.390288,0.970253,-0.216030,-0.064491,0.088211,0.069413,1.443401,1.000000,1.120861,6.928987
11.530000,0.623584,-0.113599,0.390257,0.970267,-0.216026,-0.064595,0.087991,0.069420,1.437794,1.000000,1.124438,6.905570
11.535000,0.623720,-0.112770,0.390227,0.970282,-0.216020,-0.064698,0.087765,0.069426,1.432171,1.000000,1.127708,6.882167
11.540000,0.623854,-0.111936,0.390198,0.970297,-0.216013,-0.064799,0.087535,0.069433,1.426533,1.000000,1.130655,6.858231
11.545000,0.623985,-0.111098,0.390169,0.970314,-0.216005,-0.064899,0.087300,0.069439,1.420880,1.000000,1.133351,6.834310
11.550000,0.624113,-0.110256,0.390141,0.970331,-0.215995,-0.064998,0.087060,0.069446,1.415215,1.000000,1.135777,6.810403
11.555000,0.624240,-0.109410,0.390114,0.970349,-0.215983,-0.065096,0.086815,0.069452,1.409539,1.000000,1.137924,6.786495
11.560000,0.624364,-0.108561,0.390087,0.970368,-0.215970,-0.065192,0.086565,0.069459,1.403853,1.000000,1.139789,6.762596
11.565000,0.624486,-0.107708,0.390061,0.970387,-0.215956,-0.065288,0.086311,0.069465,1.398159,1.000000,1.141372,6.738711
11.570000,0.624605,-0.106853,0.390035,0.970407,-0.215939,-0.065382,0.086052,0.069472,1.392457,1.000000,1.142674,6.714832
11.575000,0.624722,-0.105994,0.390010,0.970428,-0.215922,-0.065476,0.085789,0.069478,1.386750,1.000000,1.143627,6.690530
11.580000,0.624837,-0.105133,0.389986,0.970450,-0.215902,-0.065568,0.085521,0.069485,1.381039,1.000000,1.144303,6.666243
11.585000,0.624950,-0.104268,0.389961,0.970473,-0.215881,-0.065659,0.085249,0.069491,1.375326,1.000000,1.144729,6.642024
11.590000,0.625060,-0.103402,0.389937,0.970496,-0.215858,-0.065750,0.084973,0.069498,1.369611,1.000000,1.144902,6.617826
11.595000,0.625168,-0.102533,0.389914,0.970520,-0.215834,-0.065839,0.084692,0.069504,1.363897,1.000000,1.144829,6.593640
11.600000,0.625274,-0.101661,0.389891,0.970544,-0.215808,-0.065928,0.084408,0.069510,1.358183,1.000000,1.144509,6.569416
11.605000,0.625378,-0.100788,0.389867,0.970569,-0.215780,-0.066016,0.084120,0.069517,1.352472,1.000000,1.143841,6.544507
11.610000,0.625480,-0.099912,0.389845,0.970595,-0.215751,-0.066103,0.083828,0.069523,1.346766,1.000000,1.142949,6.519614
11.615000,0.625579,-0.099035,0.389822,0.970622,-0.215719,-0.066190,0.083532,0.069529,1.341064,1.000000,1.141852,6.494740
11.620000,0.625676,-0.098156,0.389799,0.970649,-0.215687,-0.066277,0.083233,0.069535,1.335368,1.000000,1.140556,6.469882
11.625000,0.625771,-0.097275,0.389777,0.970676,-0.215652,-0.066362,0.082931,0.069542,1.329680,1.000000,1.139075,6.445064
11.630000,0.625864,-0.096393,0.389754,0.970705,-0.215616,-0.066448,0.082625,0.069548,1.323999,1.000000,1.137420,6.420317
11.635000,0.625954,-0.095510,0.389732,0.970734,-0.215578,-0.066533,0.082315,0.069554,1.318328,1.000000,1.135587,6.395587
11.640000,0.626043,-0.094625,0.389710,0.970763,-0.215538,-0.066618,0.082003,0.069560,1.312666,1.000000,1.133428,6.371203
11.645000,0.626130,-0.093739,0.389687,0.970793,-0.215497,-0.066703,0.081688,0.069566,1.307016,1.000000,1.130904,6.346784
11.650000,0.626214,-0.092852,0.389664,0.970823,-0.215455,-0.066787,0.081371,0.069572,1.301380,1.000000,1.128115,6.322381
11.655000,0.626297,-0.091965,0.389642,0.970854,-0.215411,-0.066872,0.081052,0.069578,1.295758,1.000000,1.125117,6.298000
11.660000,0.626377,-0.091077,0.389619,0.970885,-0.215365,-0.066956,0.080731,0.069584,1.290152,1.000000,1.121945,6.273651
11.665000,0.626456,-0.090188,0.389596,0.970916,-0.215318,-0.067040,0.080407,0.069589,1.284562,1.000000,1.118614,6.249318
11.670000,0.626532,-0.089299,0.389574,0.970948,-0.215270,-0.067124,0.080082,0.069595,1.278989,1.000000,1.115139,6.225003
11.675000,0.626607,-0.088410,0.389550,0.970980,-0.215219,-0.067208,0.079756,0.069601,1.273434,1.000000,1.111351,6.201423
11.680000,0.626680,-0.087521,0.389527,0.971013,-0.215168,-0.067293,0.079428,0.069606,1.267899,1.000000,1.107157,6.177856
11.685000,0.626751,-0.086632,0.389504,0.971045,-0.215115,-0.067377,0.079100,0.069612,1.262386,1.000000,1.102693,6.154304
11.690000,0.626820,-0.085744,0.389481,0.971078,-0.215062,-0.067462,0.078771,0.069617,1.256896,1.000000,1.098030,6.130733
11.695000,0.626887,-0.084856,0.389457,0.971111,-0.215006,-0.067547,0.078442,0.069622,1.251429,1.000000,1.093217,6.107176
11.700000,0.626952,-0.083969,0.389433,0.971144,-0.214950,-0.067632,0.078112,0.069628,1.245988,1.000000,1.088284,6.083637
11.705000,0.627015,-0.083083,0.389409,0.971177,-0.214892,-0.067718,0.077783,0.069633,1.240571,1.000000,1.083257,6.060158
11.710000,0.627076,-0.082197,0.389385,0.971211,-0.214833,-0.067804,0.077453,0.069638,1.235180,1.000000,1.077948,6.036661
11.715000,0.627136,-0.081313,0.389361,0.971244,-0.214772,-0.067891,0.077124,0.069643,1.229816,1.000000,1.072390,6.013178
11.720000,0.627194,-0.080430,0.389336,0.971278,-0.214711,-0.067979,0.076796,0.069648,1.224480,1.000000,1.066673,5.989687
11.725000,0.627249,-0.079548,0.389311,0.971311,-0.214648,-0.068067,0.076469,0.069653,1.219174,1.000000,1.060852,5.966200
11.730000,0.627303,-0.078667,0.389286,0.971345,-0.214583,-0.068157,0.076142,0.069658,1.213896,1.000000,1.054960,5.942731
11.735000,0.627355,-0.077788,0.389261,0.971379,-0.214518,-0.068247,0.075816,0.069663,1.208649,1.000000,1.049023,5.919303
11.740000,0.627405,-0.076910,0.389235,0.971412,-0.214450,-0.068339,0.075492,0.069668,1.203431,1.000000,1.043053,5.895920
11.745000,0.627454,-0.076034,0.389208,0.971446,-0.214382,-0.068432,0.075168,0.069673,1.198242,1.000000,1.036975,5.873543
11.750000,0.627501,-0.075159,0.389182,0.971480,-0.214312,-0.068526,0.074846,0.069678,1.193085,1.000000,1.030641,5.851144
11.755000,0.627545,-0.074286,0.389154,0.971513,-0.214242,-0.068621,0.074526,0.069682,1.187960,1.000000,1.024136,5.828680
11.760000,0.627588,-0.073415,0.389127,0.971546,-0.214170,-0.068718,0.074208,0.069687,1.182868,1.000000,1.017531,5.806233
11.765000,0.627630,-0.072546,0.389099,0.971580,-0.214096,-0.068816,0.073892,0.069692,1.177809,1.000000,1.010863,5.783811
11.770000,0.627669,-0.071680,0.389070,0.971613,-0.214022,-0.068916,0.073578,0.069696,1.172784,1.000000,1.004170,5.761507
11.775000,0.627707,-0.070815,0.389041,0.971646,-0.213946,-0.069017,0.073266,0.069701,1.167792,1.000000,0.997442,5.739455
11.780000,0.627743,-0.069952,0.389012,0.971679,-0.213869,-0.069120,0.072956,0.069705,1.162834,1.000000,0.990657,5.717420
11.785000,0.627777,-0.069092,0.388982,0.971712,-0.213790,-0.069224,0.072648,0.069710,1.157909,1.000000,0.983830,5.695334
11.790000,0.627810,-0.068234,0.388951,0.971745,-0.213710,-0.069330,0.072343,0.069714,1.153019,1.000000,0.976988,5.673256
11.795000,0.627841,-0.067378,0.388920,0.971777,-0.213629,-0.069438,0.072040,0.069719,1.148164,1.000000,0.970144,5.651196
11.800000,0.627870,-0.066524,0.388888,0.971810,-0.213547,-0.069548,0.071739,0.069723,1.143342,1.000000,0.963311,5.629184
11.805000,0.627897,-0.065673,0.388855,0.971842,-0.213462,-0.069660,0.071441,0.069728,1.138555,1.000000,0.956495,5.607207
11.810000,0.627923,-0.064824,0.388821,0.971875,-0.213377,-0.069774,0.071144,0.069732,1.133801,1.000000,0.949669,5.585097
11.815000,0.627947,-0.063977,0.388787,0.971907,-0.213290,-0.069889,0.070850,0.069736,1.129082,1.000000,0.942863,5.562987
11.820000,0.627970,-0.063132,0.388752,0.971939,-0.213201,-0.070007,0.070557,0.069741,1.124396,1.000000,0.936080,5.540867
11.825000,0.627991,-0.062290,0.388715,0.971971,-0.213111,-0.070127,0.070267,0.069745,1.119745,1.000000,0.929329,5.518768
11.830000,0.628010,-0.061449,0.388678,0.972003,-0.213019,-0.070249,0.069979,0.069749,1.115127,1.000000,0.922615,5.496692
11.835000,0.628028,-0.060611,0.388640,0.972036,-0.212926,-0.070373,0.069692,0.069754,1.110542,1.000000,0.915944,5.474657
11.840000,0.628044,-0.059775,0.388600,0.972067,-0.212831,-0.070499,0.069408,0.069758,1.105991,1.000000,0.909316,5.452644
11.845000,0.628059,-0.058941,0.388560,0.972099,-0.212735,-0.070628,0.069126,0.069762,1.101473,1.000000,0.902702,5.430276
11.850000,0.628073,-0.058109,0.388518,0.972131,-0.212637,-0.070758,0.068845,0.069767,1.096988,1.000000,0.896171,5.407946
11.855000,0.628085,-0.057278,0.388476,0.972163,-0.212538,-0.070891,0.068566,0.069771,1.092535,1.000000,0.889712,5.385644
11.860000,0.628096,-0.056450,0.388432,0.972195,-0.212437,-0.071026,0.068289,0.069775,1.088114,1.000000,0.883318,5.363366
11.865000,0.628106,-0.055623,0.388387,0.972226,-0.212334,-0.071163,0.068014,0.069779,1.083725,1.000000,0.876984,5.341096
11.870000,0.628114,-0.054798,0.388340,0.972258,-0.212230,-0.071303,0.067741,0.069784,1.079368,1.000000,0.870709,5.318837
11.875000,0.628122,-0.053975,0.388292,0.972290,-0.212124,-0.071445,0.067469,0.069788,1.075042,1.000000,0.864496,5.296602
11.880000,0.628128,-0.053153,0.388244,0.972321,-0.212017,-0.071589,0.067199,0.069792,1.070747,1.000000,0.858311,5.273318
11.885000,0.628132,-0.052332,0.388193,0.972353,-0.211908,-0.071735,0.066930,0.069796,1.066482,1.000000,0.852322,5.250070
11.890000,0.628136,-0.051512,0.388141,0.972384,-0.211797,-0.071884,0.066663,0.069801,1.062247,1.000000,0.846476,5.226850
11.895000,0.628139,-0.050694,0.388088,0.972416,-0.211684,-0.072035,0.066397,0.069805,1.058041,1.000000,0.840746,5.203659
11.895900,0.628139,-0.050530,0.388078,0.972422,-0.211662,-0.072066,0.066344,0.069806,1.057286,1.000000,0.839096,5.199528
