time,x,y,z,qx,qy,qz,qw,alpha,tank_energy,passivity_lambda,passivity_power,autonomy_wrench_norm
0.000000,0.587807,0.210951,0.415618,0.970033,-0.239195,-0.042168,-0.006684,0.007057,2.000000,1.000000,0.000000,0.000000
0.005000,0.587787,0.210947,0.415595,0.970034,-0.239190,-0.042171,-0.006680,0.013409,2.000000,1.000000,0.000023,0.154770
0.010000,0.587768,0.210945,0.415571,0.970035,-0.239185,-0.042172,-0.006677,0.019125,2.000000,1.000000,0.000042,0.158034
0.015000,0.587750,0.210942,0.415547,0.970036,-0.239180,-0.042173,-0.006674,0.024270,2.000000,1.000000,0.000053,0.161305
0.020000,0.587731,0.210940,0.415523,0.970037,-0.239175,-0.042174,-0.006671,0.028900,1.999999,1.000000,0.000059,0.164626
0.025000,0.587713,0.210938,0.415499,0.970038,-0.239170,-0.042175,-0.006668,0.033068,1.999999,1.000000,0.000061,0.167999
0.030000,0.587695,0.210935,0.415475,0.970040,-0.239165,-0.042176,-0.006665,0.036818,1.999999,1.000000,0.000061,0.171415
0.035000,0.587676,0.210933,0.415451,0.970041,-0.239160,-0.042177,-0.006662,0.040193,1.999998,1.000000,0.000059,0.174859
0.040000,0.587658,0.210931,0.415427,0.970042,-0.239154,-0.042177,-0.006659,0.043231,1.999998,1.000000,0.000057,0.178342
0.045000,0.587636,0.210929,0.415396,0.970044,-0.239148,-0.042178,-0.006656,0.045965,1.999998,1.000000,0.000053,0.181821
0.050000,0.587614,0.210928,0.415364,0.970045,-0.239142,-0.042179,-0.006652,0.048426,1.999998,1.000000,0.000049,0.185350
0.055000,0.587592,0.210926,0.415332,0.970047,-0.239135,-0.042179,-0.006649,0.050640,1.999997,1.000000,0.000044,0.188904
0.060000,0.587570,0.210925,0.415301,0.970049,-0.239128,-0.042180,-0.006645,0.052633,1.999997,1.000000,0.000038,0.192487
0.065000,0.587548,0.210923,0.415269,0.970050,-0.239122,-0.042181,-0.006641,0.054427,1.999997,1.000000,0.000032,0.196071
0.070000,0.587527,0.210922,0.415237,0.970052,-0.239115,-0.042181,-0.006637,0.056042,1.999997,1.000000,0.000026,0.199677
0.075000,0.587505,0.210920,0.415205,0.970054,-0.239108,-0.042181,-0.006632,0.057495,1.999997,1.000000,0.000020,0.203333
0.080000,0.587478,0.210918,0.415164,0.970056,-0.239100,-0.042181,-0.006627,0.058802,1.999997,1.000000,0.000014,0.206932
0.085000,0.587451,0.210916,0.415122,0.970057,-0.239093,-0.042181,-0.006621,0.059979,1.999997,1.000000,0.000007,0.210576
0.090000,0.587425,0.210914,0.415080,0.970059,-0.239086,-0.042181,-0.006615,0.061038,1.999997,1.000000,-0.000001,0.214238
0.095000,0.587398,0.210912,0.415038,0.970061,-0.239078,-0.042180,-0.006609,0.061991,1.999997,1.000000,-0.000008,0.217918
0.100000,0.587371,0.210910,0.414996,0.970063,-0.239070,-0.042180,-0.006602,0.062849,1.999997,1.000000,-0.000016,0.221614
0.105000,0.587345,0.210908,0.414954,0.970065,-0.239062,-0.042179,-0.006595,0.063622,1.999997,1.000000,-0.000024,0.225314
0.110000,0.587318,0.210906,0.414912,0.970067,-0.239054,-0.042179,-0.006588,0.064316,1.999997,1.000000,-0.000032,0.229008
0.115000,0.587293,0.210904,0.414873,0.970069,-0.239047,-0.042178,-0.006581,0.064942,1.999997,1.000000,-0.000039,0.232754
0.120000,0.587268,0.210902,0.414833,0.970071,-0.239039,-0.042177,-0.006573,0.065505,1.999997,1.000000,-0.000047,0.236521
0.125000,0.587242,0.210900,0.414794,0.970073,-0.239031,-0.042177,-0.006565,0.066011,1.999997,1.000000,-0.000054,0.240304
0.130000,0.587217,0.210899,0.414754,0.970075,-0.239023,-0.042176,-0.006556,0.066467,1.999998,1.000000,-0.000062,0.244100
0.135000,0.587192,0.210897,0.414715,0.970078,-0.239015,-0.042175,-0.006548,0.066878,1.999998,1.000000,-0.000069,0.247910
0.140000,0.587167,0.210895,0.414675,0.970080,-0.239006,-0.042174,-0.006538,0.067247,1.999998,1.000000,-0.000077,0.251759
0.145000,0.587142,0.210894,0.414636,0.970082,-0.238998,-0.042173,-0.006529,0.067579,1.999998,1.000000,-0.000084,0.255630
0.150000,0.587121,0.210893,0.414607,0.970084,-0.238990,-0.042172,-0.006521,0.067878,1.999999,1.000000,-0.000091,0.259582
0.155000,0.587101,0.210893,0.414577,0.970086,-0.238981,-0.042172,-0.006513,0.068148,1.999999,1.000000,-0.000099,0.263493
0.160000,0.587080,0.210893,0.414548,0.970088,-0.238973,-0.042172,-0.006506,0.068390,2.000000,1.000000,-0.000107,0.267414
0.165000,0.587060,0.210893,0.414519,0.970090,-0.238965,-0.042172,-0.006497,0.068608,2.000000,1.000000,-0.000116,0.271343
0.170000,0.587039,0.210893,0.414490,0.970093,-0.238956,-0.042171,-0.006489,0.068804,2.000001,1.000000,-0.000126,0.275283
0.175000,0.587018,0.210892,0.414461,0.970095,-0.238947,-0.042171,-0.006481,0.068981,2.000001,1.000000,-0.000137,0.279226
0.180000,0.586998,0.210892,0.414431,0.970097,-0.238939,-0.042171,-0.006473,0.069140,2.000002,1.000000,-0.000149,0.283178
0.185000,0.586981,0.210891,0.414412,0.970099,-0.238931,-0.042171,-0.006467,0.069283,2.000002,1.000000,-0.000160,0.287216
0.190000,0.586964,0.210891,0.414393,0.970100,-0.238924,-0.042172,-0.006461,0.069412,2.000003,1.000000,-0.000172,0.291256
0.195000,0.586947,0.210890,0.414375,0.970102,-0.238917,-0.042172,-0.006455,0.069527,2.000004,1.000000,-0.000184,0.295291
0.200000,0.586930,0.210889,0.414356,0.970104,-0.238910,-0.042173,-0.006449,0.069632,2.000004,1.000000,-0.000196,0.299313
0.205000,0.586913,0.210888,0.414337,0.970106,-0.238903,-0.042173,-0.006444,0.069726,2.000005,1.000000,-0.000208,0.303344
0.210000,0.586896,0.210887,0.414318,0.970108,-0.238896,-0.042174,-0.006438,0.069810,2.000006,1.000000,-0.000220,0.307417
0.215000,0.586883,0.210886,0.414309,0.970109,-0.238891,-0.042175,-0.006434,0.069886,2.000007,1.000000,-0.000231,0.311570
0.220000,0.586870,0.210885,0.414300,0.970110,-0.238886,-0.042176,-0.006430,0.069954,2.000008,1.000000,-0.000242,0.315675
0.225000,0.586857,0.210884,0.414290,0.970111,-0.238880,-0.042177,-0.006426,0.070016,2.000009,1.000000,-0.000253,0.319775
0.230000,0.586844,0.210883,0.414281,0.970113,-0.238875,-0.042178,-0.006423,0.070071,2.000010,1.000000,-0.000263,0.323896
0.235000,0.586831,0.210881,0.414272,0.970114,-0.238870,-0.042179,-0.006419,0.070121,2.000011,1.000000,-0.000272,0.328053
0.240000,0.586818,0.210880,0.414263,0.970115,-0.238865,-0.042180,-0.006415,0.070166,2.000012,1.000000,-0.000281,0.332217
0.245000,0.586805,0.210879,0.414254,0.970116,-0.238860,-0.042182,-0.006410,0.070207,2.000013,1.000000,-0.000290,0.336341
0.250000,0.586795,0.210878,0.414249,0.970117,-0.238856,-0.042184,-0.006405,0.070243,2.000014,1.000000,-0.000297,0.340519
0.255000,0.586784,0.210877,0.414244,0.970118,-0.238851,-0.042186,-0.006400,0.070276,2.000016,1.000000,-0.000304,0.344694
0.260000,0.586774,0.210876,0.414239,0.970119,-0.238847,-0.042187,-0.006395,0.070305,2.000017,1.000000,-0.000311,0.348878
0.265000,0.586764,0.210875,0.414233,0.970120,-0.238843,-0.042189,-0.006390,0.070332,2.000018,1.000000,-0.000316,0.353063
0.270000,0.586753,0.210873,0.414228,0.970121,-0.238839,-0.042191,-0.006385,0.070355,2.000019,1.000000,-0.000322,0.357236
0.275000,0.586743,0.210872,0.414223,0.970122,-0.238835,-0.042193,-0.006380,0.070377,2.000021,1.000000,-0.000326,0.361414
0.280000,0.586732,0.210871,0.414218,0.970123,-0.238830,-0.042194,-0.006375,0.070396,2.000022,1.000000,-0.000331,0.365640
0.285000,0.586722,0.210869,0.414212,0.970124,-0.238827,-0.042196,-0.006370,0.070414,2.000023,1.000000,-0.000334,0.369876
0.290000,0.586712,0.210866,0.414205,0.970125,-0.238824,-0.042197,-0.006365,0.070429,2.000025,1.000000,-0.000337,0.374108
0.295000,0.586702,0.210864,0.414199,0.970126,-0.238820,-0.042199,-0.006360,0.070443,2.000026,1.000000,-0.000340,0.378333
0.300000,0.586691,0.210861,0.414193,0.970126,-0.238817,-0.042200,-0.006355,0.070456,2.000027,1.000000,-0.000343,0.382562
0.305000,0.586681,0.210859,0.414186,0.970127,-0.238813,-0.042202,-0.006350,0.070467,2.000029,1.000000,-0.000345,0.386818
0.310000,0.586671,0.210857,0.414180,0.970128,-0.238810,-0.042203,-0.006345,0.070478,2.000030,1.000000,-0.000346,0.391079
0.315000,0.586661,0.210854,0.414174,0.970129,-0.238806,-0.042205,-0.006340,0.070487,2.000032,1.000000,-0.000347,0.395338
0.320000,0.586650,0.210853,0.414167,0.970130,-0.238802,-0.042206,-0.006335,0.070495,2.000033,1.000000,-0.000348,0.399584
0.325000,0.586639,0.210851,0.414159,0.970131,-0.238797,-0.042208,-0.006330,0.070503,2.000034,1.000000,-0.000349,0.403838
0.330000,0.586628,0.210849,0.414152,0.970132,-0.238793,-0.042209,-0.006324,0.070509,2.000036,1.000000,-0.000349,0.408094
0.335000,0.586617,0.210848,0.414145,0.970133,-0.238789,-0.042210,-0.006319,0.070515,2.000037,1.000000,-0.000349,0.412352
0.340000,0.586606,0.210846,0.414138,0.970134,-0.238784,-0.042212,-0.006314,0.070521,2.000039,1.000000,-0.000349,0.416612
0.345000,0.586595,0.210844,0.414131,0.970135,-0.238780,-0.042213,-0.006309,0.070526,2.000040,1.000000,-0.000348,0.420871
0.350000,0.586584,0.210843,0.414124,0.970136,-0.238776,-0.042214,-0.006304,0.070530,2.000041,1.000000,-0.000348,0.425134
0.355000,0.586572,0.210841,0.414116,0.970137,-0.238771,-0.042216,-0.006299,0.070534,2.000043,1.000000,-0.000347,0.429385
0.360000,0.586560,0.210840,0.414109,0.970139,-0.238766,-0.042217,-0.006294,0.070538,2.000044,1.000000,-0.000345,0.433648
0.365000,0.586547,0.210838,0.414102,0.970140,-0.238761,-0.042219,-0.006288,0.070541,2.000045,1.000000,-0.000344,0.437913
0.370000,0.586535,0.210837,0.414094,0.970141,-0.238756,-0.042220,-0.006283,0.070544,2.000047,1.000000,-0.000342,0.442181
0.375000,0.586523,0.210836,0.414087,0.970142,-0.238751,-0.042221,-0.006278,0.070546,2.000048,1.000000,-0.000340,0.446451
0.380000,0.586511,0.210834,0.414080,0.970143,-0.238746,-0.042223,-0.006273,0.070549,2.000050,1.000000,-0.000338,0.450733
0.385000,0.586495,0.210832,0.414069,0.970145,-0.238741,-0.042224,-0.006268,0.070551,2.000051,1.000000,-0.000336,0.454934
0.390000,0.586479,0.210830,0.414058,0.970146,-0.238735,-0.042226,-0.006263,0.070553,2.000052,1.000000,-0.000334,0.459167
0.395000,0.586463,0.210827,0.414046,0.970147,-0.238729,-0.042227,-0.006257,0.070554,2.000054,1.000000,-0.000331,0.463411
0.400000,0.586448,0.210825,0.414035,0.970149,-0.238724,-0.042228,-0.006252,0.070556,2.000055,1.000000,-0.000329,0.467658
0.405000,0.586432,0.210823,0.414024,0.970150,-0.238718,-0.042229,-0.006247,0.070557,2.000056,1.000000,-0.000327,0.471904
0.410000,0.586416,0.210820,0.414013,0.970152,-0.238712,-0.042231,-0.006242,0.070558,2.000058,1.000000,-0.000325,0.476141
0.415000,0.586400,0.210818,0.414002,0.970153,-0.238707,-0.042232,-0.006236,0.070559,2.000059,1.000000,-0.000322,0.480380
0.420000,0.586376,0.210815,0.413980,0.970155,-0.238698,-0.042233,-0.006230,0.070560,2.000060,1.000000,-0.000321,0.484424
0.425000,0.586351,0.210812,0.413958,0.970157,-0.238688,-0.042235,-0.006224,0.070561,2.000061,1.000000,-0.000320,0.488542
0.430000,0.586327,0.210809,0.413936,0.970160,-0.238679,-0.042236,-0.006217,0.070562,2.000063,1.000000,-0.000320,0.492663
0.435000,0.586302,0.210806,0.413914,0.970162,-0.238670,-0.042237,-0.006211,0.070563,2.000064,1.000000,-0.000320,0.496771
0.440000,0.586278,0.210803,0.413892,0.970164,-0.238660,-0.042239,-0.006204,0.070563,2.000065,1.000000,-0.000320,0.500868
0.445000,0.586253,0.210800,0.413870,0.970167,-0.238651,-0.042240,-0.006198,0.070564,2.000066,1.000000,-0.000321,0.504968
0.450000,0.586229,0.210797,0.413847,0.970169,-0.238641,-0.042242,-0.006192,0.070565,2.000068,1.000000,-0.000322,0.509098
0.455000,0.586183,0.210788,0.413807,0.970173,-0.238626,-0.042243,-0.006183,0.070565,2.000069,1.000000,-0.000325,0.512707
0.460000,0.586136,0.210779,0.413767,0.970176,-0.238611,-0.042244,-0.006173,0.070565,2.000070,1.000000,-0.000329,0.516500
0.465000,0.586090,0.210771,0.413726,0.970180,-0.238595,-0.042246,-0.006164,0.070566,2.000072,1.000000,-0.000334,0.520276
0.470000,0.586044,0.210762,0.413685,0.970184,-0.238579,-0.042247,-0.006155,0.070566,2.000073,1.000000,-0.000340,0.524046
0.475000,0.585998,0.210753,0.413645,0.970188,-0.238563,-0.042249,-0.006146,0.070566,2.000074,1.000000,-0.000347,0.527818
0.480000,0.585952,0.210744,0.413604,0.970192,-0.238547,-0.042251,-0.006137,0.070567,2.000076,1.000000,-0.000355,0.531588
0.485000,0.585906,0.210736,0.413563,0.970196,-0.238530,-0.042253,-0.006128,0.070567,2.000077,1.000000,-0.000364,0.535358
0.490000,0.585826,0.210720,0.413500,0.970203,-0.238503,-0.042256,-0.006116,0.070567,2.000079,1.000000,-0.000375,0.538308
0.495000,0.585747,0.210705,0.413437,0.970209,-0.238475,-0.042259,-0.006103,0.070567,2.000080,1.000000,-0.000382,0.541559
0.500000,0.585667,0.210690,0.413373,0.970216,-0.238447,-0.042263,-0.006090,0.070568,2.000082,1.000000,-0.000387,0.544822
0.505000,0.585587,0.210675,0.413310,0.970223,-0.238418,-0.042266,-0.006076,0.070568,2.000083,1.000000,-0.000390,0.548087
0.510000,0.585507,0.210660,0.413246,0.970230,-0.238390,-0.042269,-0.006061,0.070568,2.000085,1.000000,-0.000392,0.551341
0.515000,0.585427,0.210645,0.413183,0.970237,-0.238361,-0.042272,-0.006045,0.070568,2.000087,1.000000,-0.000393,0.554591
0.520000,0.585348,0.210630,0.413119,0.970245,-0.238332,-0.042275,-0.006028,0.070568,2.000088,1.000000,-0.000394,0.557843
0.525000,0.585235,0.210607,0.413042,0.970254,-0.238294,-0.042278,-0.006006,0.070568,2.000090,1.000000,-0.000394,0.560275
0.530000,0.585123,0.210585,0.412965,0.970263,-0.238256,-0.042281,-0.005983,0.070568,2.000091,1.000000,-0.000393,0.562997
0.535000,0.585010,0.210562,0.412888,0.970272,-0.238219,-0.042283,-0.005958,0.070568,2.000093,1.000000,-0.000390,0.565725
0.540000,0.584897,0.210540,0.412811,0.970282,-0.238181,-0.042285,-0.005931,0.070568,2.000094,1.000000,-0.000387,0.568456
0.545000,0.584784,0.210517,0.412734,0.970291,-0.238143,-0.042288,-0.005903,0.070568,2.000096,1.000000,-0.000385,0.571190
0.550000,0.584671,0.210495,0.412657,0.970301,-0.238105,-0.042289,-0.005874,0.070569,2.000097,1.000000,-0.000382,0.573926
0.555000,0.584544,0.210466,0.412586,0.970310,-0.238067,-0.042291,-0.005843,0.070569,2.000099,1.000000,-0.000378,0.576228
0.560000,0.584416,0.210438,0.412515,0.970319,-0.238030,-0.042293,-0.005810,0.070569,2.000100,1.000000,-0.000374,0.578659
0.565000,0.584288,0.210409,0.412444,0.970329,-0.237992,-0.042294,-0.005777,0.070569,2.000102,1.000000,-0.000368,0.581095
0.570000,0.584161,0.210381,0.412373,0.970338,-0.237955,-0.042295,-0.005743,0.070569,2.000103,1.000000,-0.000363,0.583536
0.575000,0.584033,0.210352,0.412302,0.970347,-0.237917,-0.042297,-0.005708,0.070569,2.000105,1.000000,-0.000357,0.585992
0.580000,0.583905,0.210324,0.412231,0.970357,-0.237880,-0.042298,-0.005672,0.070569,2.000106,1.000000,-0.000350,0.588450
0.585000,0.583778,0.210295,0.412159,0.970366,-0.237843,-0.042299,-0.005636,0.070569,2.000108,1.000000,-0.000344,0.590909
0.590000,0.583645,0.210267,0.412113,0.970374,-0.237808,-0.042301,-0.005605,0.070569,2.000109,1.000000,-0.000333,0.593159
0.595000,0.583512,0.210238,0.412067,0.970383,-0.237773,-0.042304,-0.005574,0.070569,2.000110,1.000000,-0.000321,0.595475
0.600000,0.583379,0.210210,0.412020,0.970392,-0.237738,-0.042306,-0.005542,0.070569,2.000111,1.000000,-0.000307,0.597794
0.605000,0.583246,0.210182,0.411974,0.970400,-0.237704,-0.042309,-0.005510,0.070569,2.000113,1.000000,-0.000291,0.600123
0.610000,0.583113,0.210154,0.411928,0.970409,-0.237669,-0.042311,-0.005478,0.070569,2.000114,1.000000,-0.000273,0.602454
0.615000,0.582980,0.210125,0.411882,0.970417,-0.237634,-0.042313,-0.005446,0.070569,2.000115,1.000000,-0.000253,0.604786
0.620000,0.582847,0.210097,0.411835,0.970426,-0.237600,-0.042316,-0.005413,0.070569,2.000116,1.000000,-0.000231,0.607124
0.625000,0.582692,0.210065,0.411806,0.970435,-0.237563,-0.042319,-0.005381,0.070569,2.000117,1.000000,-0.000204,0.608826
0.630000,0.582536,0.210033,0.411777,0.970444,-0.237526,-0.042323,-0.005349,0.070569,2.000117,1.000000,-0.000172,0.610745
0.635000,0.582380,0.210000,0.411748,0.970453,-0.237490,-0.042326,-0.005317,0.070569,2.000118,1.000000,-0.000128,0.612657
0.640000,0.582224,0.209968,0.411719,0.970462,-0.237453,-0.042330,-0.005284,0.070569,2.000118,1.000000,-0.000071,0.614559
0.645000,0.582068,0.209936,0.411690,0.970471,-0.237416,-0.042334,-0.005252,0.070569,2.000118,1.000000,-0.000002,0.616462
0.650000,0.581913,0.209904,0.411661,0.970480,-0.237378,-0.042338,-0.005220,0.070569,2.000118,1.000000,0.000076,0.618375
0.655000,0.581757,0.209871,0.411632,0.970489,-0.237341,-0.042342,-0.005188,0.070569,2.000117,1.000000,0.000161,0.620304
0.660000,0.581578,0.209833,0.411615,0.970499,-0.237301,-0.042348,-0.005156,0.070569,2.000116,1.000000,0.000256,0.621575
0.665000,0.581398,0.209795,0.411599,0.970509,-0.237260,-0.042353,-0.005124,0.070569,2.000115,1.000000,0.000361,0.623066
0.670000,0.581219,0.209757,0.411583,0.970519,-0.237219,-0.042359,-0.005092,0.070569,2.000113,1.000000,0.000474,0.624544
0.675000,0.581039,0.209719,0.411566,0.970529,-0.237178,-0.042365,-0.005060,0.070569,2.000110,1.000000,0.000595,0.626021
0.680000,0.580860,0.209681,0.411550,0.970539,-0.237136,-0.042371,-0.005029,0.070569,2.000106,1.000000,0.000722,0.627499
0.685000,0.580681,0.209643,0.411534,0.970549,-0.237094,-0.042378,-0.004998,0.070569,2.000102,1.000000,0.000858,0.628973
0.690000,0.580501,0.209604,0.411517,0.970559,-0.237051,-0.042385,-0.004966,0.070569,2.000098,1.000000,0.001006,0.630446
0.695000,0.580310,0.209563,0.411514,0.970570,-0.237009,-0.042392,-0.004937,0.070569,2.000092,1.000000,0.001168,0.631570
0.700000,0.580119,0.209522,0.411511,0.970580,-0.236967,-0.042400,-0.004907,0.070569,2.000086,1.000000,0.001345,0.632815
0.705000,0.579928,0.209480,0.411508,0.970590,-0.236924,-0.042408,-0.004877,0.070569,2.000078,1.000000,0.001534,0.634062
0.710000,0.579737,0.209439,0.411505,0.970600,-0.236881,-0.042417,-0.004847,0.070569,2.000070,1.000000,0.001735,0.635309
0.715000,0.579546,0.209397,0.411502,0.970610,-0.236838,-0.042425,-0.004817,0.070569,2.000061,1.000000,0.001947,0.636555
0.720000,0.579355,0.209356,0.411499,0.970621,-0.236795,-0.042435,-0.004787,0.070569,2.000050,1.000000,0.002169,0.637798
0.725000,0.579143,0.209309,0.411502,0.970632,-0.236748,-0.042445,-0.004753,0.070569,2.000039,1.000000,0.002400,0.638467
0.730000,0.578931,0.209262,0.411505,0.970643,-0.236702,-0.042455,-0.004720,0.070569,2.000026,1.000000,0.002646,0.639333
0.735000,0.578719,0.209216,0.411508,0.970654,-0.236655,-0.042466,-0.004686,0.070569,2.000012,1.000000,0.002904,0.640205
0.740000,0.578506,0.209169,0.411511,0.970665,-0.236608,-0.042477,-0.004652,0.070569,1.999997,1.000000,0.003171,0.641077
0.745000,0.578294,0.209122,0.411514,0.970676,-0.236560,-0.042489,-0.004617,0.070569,1.999980,1.000000,0.003448,0.641950
0.750000,0.578082,0.209076,0.411516,0.970688,-0.236512,-0.042502,-0.004582,0.070569,1.999962,1.000000,0.003732,0.642821
0.755000,0.577870,0.209029,0.411519,0.970699,-0.236464,-0.042515,-0.004547,0.070569,1.999942,1.000000,0.004029,0.643692
0.760000,0.577640,0.208981,0.411542,0.970711,-0.236415,-0.042529,-0.004514,0.070569,1.999921,1.000000,0.004341,0.644063
0.765000,0.577410,0.208933,0.411564,0.970722,-0.236365,-0.042544,-0.004481,0.070569,1.999898,1.000000,0.004674,0.644628
0.770000,0.577180,0.208885,0.411587,0.970734,-0.236316,-0.042559,-0.004447,0.070569,1.999874,1.000000,0.005023,0.645196
0.775000,0.576950,0.208837,0.411609,0.970745,-0.236266,-0.042575,-0.004413,0.070569,1.999848,1.000000,0.005387,0.645765
0.780000,0.576720,0.208789,0.411632,0.970757,-0.236215,-0.042592,-0.004379,0.070569,1.999820,1.000000,0.005763,0.646315
0.785000,0.576490,0.208740,0.411654,0.970769,-0.236165,-0.042609,-0.004345,0.070569,1.999790,1.000000,0.006150,0.646861
0.790000,0.576260,0.208692,0.411677,0.970780,-0.236114,-0.042627,-0.004311,0.070569,1.999758,1.000000,0.006546,0.647408
0.795000,0.576025,0.208639,0.411707,0.970791,-0.236067,-0.042644,-0.004278,0.070569,1.999724,1.000000,0.006951,0.647755
0.800000,0.575790,0.208585,0.411738,0.970802,-0.236020,-0.042662,-0.004245,0.070569,1.999688,1.000000,0.007365,0.648171
0.805000,0.575554,0.208531,0.411769,0.970813,-0.235972,-0.042680,-0.004212,0.070568,1.999650,1.000000,0.007787,0.648590
0.810000,0.575319,0.208478,0.411800,0.970824,-0.235924,-0.042699,-0.004178,0.070568,1.999609,1.000000,0.008215,0.649006
0.815000,0.575083,0.208424,0.411830,0.970835,-0.235876,-0.042718,-0.004145,0.070568,1.999567,1.000000,0.008648,0.649419
0.820000,0.574848,0.208370,0.411861,0.970846,-0.235828,-0.042738,-0.004111,0.070568,1.999522,1.000000,0.009085,0.649832
0.825000,0.574612,0.208316,0.411892,0.970857,-0.235780,-0.042759,-0.004077,0.070568,1.999476,1.000000,0.009524,0.650247
0.830000,0.574361,0.208257,0.411929,0.970868,-0.235730,-0.042780,-0.004043,0.070568,1.999427,1.000000,0.009961,0.650219
0.835000,0.574110,0.208197,0.411966,0.970879,-0.235681,-0.042803,-0.004008,0.070568,1.999376,1.000000,0.010405,0.650343
0.840000,0.573859,0.208138,0.412003,0.970890,-0.235631,-0.042825,-0.003973,0.070568,1.999322,1.000000,0.010854,0.650471
0.845000,0.573607,0.208078,0.412040,0.970901,-0.235582,-0.042849,-0.003938,0.070568,1.999266,1.000000,0.011305,0.650600
0.850000,0.573356,0.208019,0.412077,0.970913,-0.235532,-0.042873,-0.003903,0.070568,1.999209,1.000000,0.011757,0.650729
0.855000,0.573105,0.207959,0.412114,0.970924,-0.235482,-0.042898,-0.003868,0.070568,1.999148,1.000000,0.012208,0.650860
0.860000,0.572853,0.207900,0.412151,0.970935,-0.235432,-0.042923,-0.003832,0.070568,1.999086,1.000000,0.012659,0.651009
0.865000,0.572585,0.207840,0.412186,0.970948,-0.235375,-0.042952,-0.003793,0.070568,1.999021,1.000000,0.013100,0.650751
0.870000,0.572317,0.207781,0.412220,0.970960,-0.235318,-0.042982,-0.003753,0.070568,1.998955,1.000000,0.013546,0.650633
0.875000,0.572049,0.207721,0.412255,0.970973,-0.235261,-0.043013,-0.003713,0.070568,1.998886,1.000000,0.013991,0.650504
0.880000,0.571780,0.207661,0.412290,0.970985,-0.235204,-0.043045,-0.003673,0.070568,1.998814,1.000000,0.014433,0.650367
0.885000,0.571512,0.207602,0.412325,0.970998,-0.235147,-0.043077,-0.003633,0.070568,1.998741,1.000000,0.014873,0.650230
0.890000,0.571244,0.207542,0.412360,0.971011,-0.235090,-0.043110,-0.003592,0.070568,1.998665,1.000000,0.015309,0.650094
0.895000,0.570967,0.207483,0.412383,0.971025,-0.235025,-0.043148,-0.003545,0.070568,1.998587,1.000000,0.015736,0.649778
0.900000,0.570690,0.207424,0.412406,0.971039,-0.234961,-0.043186,-0.003498,0.070568,1.998507,1.000000,0.016162,0.649524
0.905000,0.570413,0.207364,0.412429,0.971053,-0.234896,-0.043225,-0.003451,0.070568,1.998425,1.000000,0.016582,0.649270
0.910000,0.570136,0.207305,0.412452,0.971067,-0.234832,-0.043265,-0.003403,0.070568,1.998341,1.000000,0.016995,0.649016
0.915000,0.569860,0.207246,0.412475,0.971081,-0.234767,-0.043306,-0.003356,0.070568,1.998255,1.000000,0.017403,0.648761
0.920000,0.569583,0.207187,0.412498,0.971095,-0.234703,-0.043347,-0.003308,0.070568,1.998167,1.000000,0.017803,0.648508
0.925000,0.569306,0.207128,0.412520,0.971108,-0.234638,-0.043389,-0.003259,0.070568,1.998077,1.000000,0.018195,0.648256
0.930000,0.569015,0.207067,0.412546,0.971123,-0.234571,-0.043434,-0.003210,0.070568,1.997985,1.000000,0.018569,0.647649
0.935000,0.568724,0.207007,0.412571,0.971137,-0.234504,-0.043480,-0.003160,0.070568,1.997891,1.000000,0.018943,0.647164
0.940000,0.568433,0.206947,0.412597,0.971152,-0.234436,-0.043526,-0.003109,0.070568,1.997795,1.000000,0.019311,0.646698
0.945000,0.568143,0.206886,0.412622,0.971166,-0.234369,-0.043573,-0.003059,0.070568,1.997697,1.000000,0.019673,0.646236
0.950000,0.567852,0.206826,0.412648,0.971180,-0.234302,-0.043621,-0.003008,0.070568,1.997598,1.000000,0.020029,0.645776
0.955000,0.567561,0.206766,0.412673,0.971194,-0.234235,-0.043670,-0.002958,0.070568,1.997497,1.000000,0.020376,0.645298
0.960000,0.567270,0.206706,0.412698,0.971208,-0.234168,-0.043719,-0.002907,0.070568,1.997394,1.000000,0.020715,0.644811
0.965000,0.566967,0.206642,0.412726,0.971223,-0.234100,-0.043770,-0.002855,0.070568,1.997289,1.000000,0.021034,0.643997
0.970000,0.566664,0.206579,0.412754,0.971237,-0.234032,-0.043821,-0.002803,0.070568,1.997183,1.000000,0.021354,0.643296
0.975000,0.566361,0.206516,0.412782,0.971251,-0.233964,-0.043874,-0.002751,0.070568,1.997076,1.000000,0.021668,0.642600
0.980000,0.566058,0.206452,0.412810,0.971265,-0.233896,-0.043927,-0.002699,0.070568,1.996967,1.000000,0.021975,0.641904
0.985000,0.565755,0.206389,0.412838,0.971279,-0.233829,-0.043980,-0.002646,0.070568,1.996856,1.000000,0.022275,0.641207
0.990000,0.565452,0.206326,0.412865,0.971293,-0.233761,-0.044034,-0.002594,0.070568,1.996744,1.000000,0.022568,0.640508
0.995000,0.565149,0.206263,0.412893,0.971307,-0.233694,-0.044089,-0.002541,0.070568,1.996630,1.000000,0.022853,0.639809
1.000000,0.564841,0.206198,0.412914,0.971321,-0.233624,-0.044147,-0.002485,0.070568,1.996515,1.000000,0.023129,0.638993
1.005000,0.564533,0.206133,0.412935,0.971336,-0.233553,-0.044206,-0.002428,0.070568,1.996399,1.000000,0.023398,0.638213
1.010000,0.564225,0.206068,0.412956,0.971350,-0.233484,-0.044265,-0.002372,0.070568,1.996281,1.000000,0.023659,0.637434
1.015000,0.563917,0.206003,0.412976,0.971364,-0.233414,-0.044325,-0.002315,0.070568,1.996162,1.000000,0.023913,0.636656
1.020000,0.563609,0.205938,0.412997,0.971378,-0.233344,-0.044386,-0.002258,0.070568,1.996042,1.000000,0.024159,0.635902
1.025000,0.563301,0.205873,0.413018,0.971392,-0.233275,-0.044447,-0.002201,0.070568,1.995920,1.000000,0.024398,0.635153
1.030000,0.562993,0.205809,0.413038,0.971406,-0.233206,-0.044509,-0.002144,0.070568,1.995798,1.000000,0.024628,0.634405
1.035000,0.562683,0.205743,0.413043,0.971421,-0.233131,-0.044577,-0.002080,0.070568,1.995674,1.000000,0.024853,0.633601
1.040000,0.562373,0.205677,0.413048,0.971436,-0.233056,-0.044645,-0.002015,0.070568,1.995549,1.000000,0.025067,0.632798
1.045000,0.562062,0.205612,0.413052,0.971451,-0.232982,-0.044714,-0.001951,0.070568,1.995423,1.000000,0.025271,0.631996
1.050000,0.561752,0.205546,0.413056,0.971465,-0.232908,-0.044784,-0.001886,0.070568,1.995296,1.000000,0.025467,0.631193
1.055000,0.561441,0.205481,0.413061,0.971480,-0.232834,-0.044855,-0.001821,0.070568,1.995169,1.000000,0.025654,0.630390
1.060000,0.561131,0.205415,0.413065,0.971494,-0.232760,-0.044926,-0.001755,0.070568,1.995040,1.000000,0.025832,0.629588
1.065000,0.560823,0.205350,0.413070,0.971509,-0.232687,-0.044998,-0.001692,0.070568,1.994910,1.000000,0.026015,0.628837
1.070000,0.560514,0.205285,0.413074,0.971523,-0.232615,-0.045069,-0.001628,0.070568,1.994780,1.000000,0.026205,0.628068
1.075000,0.560206,0.205220,0.413078,0.971537,-0.232543,-0.045141,-0.001564,0.070568,1.994648,1.000000,0.026402,0.627300
1.080000,0.559897,0.205155,0.413083,0.971551,-0.232471,-0.045213,-0.001500,0.070568,1.994516,1.000000,0.026606,0.626531
1.085000,0.559589,0.205090,0.413087,0.971565,-0.232399,-0.045285,-0.001436,0.070568,1.994382,1.000000,0.026816,0.625759
1.090000,0.559280,0.205025,0.413091,0.971579,-0.232326,-0.045357,-0.001371,0.070568,1.994247,1.000000,0.027031,0.624986
1.095000,0.558972,0.204960,0.413096,0.971593,-0.232254,-0.045430,-0.001307,0.070568,1.994112,1.000000,0.027251,0.624214
1.100000,0.558657,0.204888,0.413095,0.971607,-0.232181,-0.045503,-0.001240,0.070568,1.993975,1.000000,0.027470,0.623258
1.105000,0.558341,0.204817,0.413093,0.971621,-0.232107,-0.045576,-0.001172,0.070568,1.993837,1.000000,0.027697,0.622374
1.110000,0.558026,0.204746,0.413092,0.971635,-0.232033,-0.045649,-0.001104,0.070568,1.993698,1.000000,0.027928,0.621492
1.115000,0.557711,0.204675,0.413090,0.971650,-0.231960,-0.045723,-0.001036,0.070568,1.993558,1.000000,0.028161,0.620595
1.120000,0.557396,0.204603,0.413089,0.971664,-0.231886,-0.045796,-0.000969,0.070568,1.993416,1.000000,0.028395,0.619690
1.125000,0.557081,0.204532,0.413087,0.971678,-0.231812,-0.045868,-0.000901,0.070568,1.993274,1.000000,0.028630,0.618785
1.130000,0.556765,0.204461,0.413086,0.971692,-0.231739,-0.045941,-0.000833,0.070568,1.993130,1.000000,0.028866,0.617877
1.135000,0.556454,0.204388,0.413079,0.971707,-0.231665,-0.046014,-0.000764,0.070568,1.992985,1.000000,0.029108,0.617049
1.140000,0.556142,0.204314,0.413071,0.971721,-0.231591,-0.046086,-0.000695,0.070568,1.992839,1.000000,0.029347,0.616192
1.145000,0.555831,0.204241,0.413064,0.971735,-0.231518,-0.046158,-0.000626,0.070568,1.992691,1.000000,0.029583,0.615335
1.150000,0.555519,0.204168,0.413056,0.971749,-0.231444,-0.046230,-0.000557,0.070568,1.992543,1.000000,0.029818,0.614477
1.155000,0.555208,0.204095,0.413049,0.971763,-0.231370,-0.046302,-0.000489,0.070568,1.992393,1.000000,0.030051,0.613620
1.160000,0.554896,0.204022,0.413041,0.971777,-0.231296,-0.046373,-0.000420,0.070568,1.992242,1.000000,0.030281,0.612762
1.165000,0.554585,0.203949,0.413034,0.971792,-0.231223,-0.046445,-0.000351,0.070568,1.992090,1.000000,0.030508,0.611901
1.170000,0.554291,0.203877,0.413025,0.971805,-0.231154,-0.046512,-0.000286,0.070568,1.991937,1.000000,0.030757,0.611500
1.175000,0.553998,0.203805,0.413017,0.971818,-0.231086,-0.046578,-0.000221,0.070568,1.991783,1.000000,0.030990,0.610943
1.180000,0.553705,0.203733,0.413009,0.971831,-0.231017,-0.046645,-0.000155,0.070568,1.991627,1.000000,0.031216,0.610405
1.185000,0.553412,0.203661,0.413001,0.971844,-0.230948,-0.046711,-0.000090,0.070568,1.991470,1.000000,0.031437,0.609869
1.190000,0.553118,0.203589,0.412992,0.971857,-0.230880,-0.046777,-0.000025,0.070568,1.991313,1.000000,0.031651,0.609334
1.195000,0.552825,0.203517,0.412984,0.971870,-0.230811,-0.046844,0.000040,0.070568,1.991154,1.000000,0.031859,0.608784
1.200000,0.552532,0.203445,0.412976,0.971883,-0.230743,-0.046911,0.000105,0.070568,1.990994,1.000000,0.032061,0.608226
1.205000,0.552243,0.203374,0.412970,0.971896,-0.230677,-0.046975,0.000168,0.070568,1.990833,1.000000,0.032263,0.607779
1.210000,0.551955,0.203302,0.412965,0.971908,-0.230612,-0.047039,0.000230,0.070568,1.990671,1.000000,0.032457,0.607294
1.215000,0.551666,0.203230,0.412959,0.971921,-0.230546,-0.047103,0.000293,0.070568,1.990509,1.000000,0.032645,0.606807
1.220000,0.551378,0.203159,0.412954,0.971933,-0.230481,-0.047167,0.000356,0.070568,1.990345,1.000000,0.032828,0.606321
1.225000,0.551089,0.203087,0.412949,0.971945,-0.230415,-0.047232,0.000418,0.070568,1.990180,1.000000,0.033005,0.605836
1.230000,0.550800,0.203016,0.412943,0.971958,-0.230350,-0.047296,0.000481,0.070568,1.990015,1.000000,0.033177,0.605350
1.235000,0.550514,0.202945,0.412944,0.971969,-0.230288,-0.047358,0.000540,0.070568,1.989848,1.000000,0.033347,0.604914
1.240000,0.550227,0.202875,0.412946,0.971981,-0.230226,-0.047419,0.000599,0.070568,1.989681,1.000000,0.033511,0.604463
1.245000,0.549941,0.202804,0.412947,0.971993,-0.230164,-0.047481,0.000658,0.070568,1.989513,1.000000,0.033670,0.604016
1.250000,0.549654,0.202734,0.412948,0.972004,-0.230103,-0.047543,0.000717,0.070568,1.989344,1.000000,0.033825,0.603569
1.255000,0.549368,0.202664,0.412949,0.972016,-0.230041,-0.047605,0.000776,0.070568,1.989175,1.000000,0.033976,0.603123
1.260000,0.549082,0.202593,0.412951,0.972027,-0.229980,-0.047667,0.000836,0.070568,1.989005,1.000000,0.034123,0.602671
1.265000,0.548795,0.202523,0.412952,0.972038,-0.229918,-0.047730,0.000895,0.070568,1.988834,1.000000,0.034265,0.602219
1.270000,0.548516,0.202453,0.412956,0.972049,-0.229860,-0.047789,0.000951,0.070568,1.988662,1.000000,0.034415,0.601949
1.275000,0.548237,0.202383,0.412960,0.972060,-0.229803,-0.047848,0.001007,0.070568,1.988489,1.000000,0.034555,0.601620
1.280000,0.547958,0.202313,0.412964,0.972070,-0.229746,-0.047907,0.001062,0.070568,1.988316,1.000000,0.034690,0.601291
1.285000,0.547679,0.202243,0.412968,0.972081,-0.229688,-0.047967,0.001118,0.070568,1.988143,1.000000,0.034821,0.600963
1.290000,0.547400,0.202173,0.412972,0.972091,-0.229631,-0.048026,0.001174,0.070568,1.987968,1.000000,0.034947,0.600632
1.295000,0.547121,0.202103,0.412976,0.972102,-0.229574,-0.048087,0.001231,0.070568,1.987793,1.000000,0.035069,0.600299
1.300000,0.546842,0.202033,0.412981,0.972112,-0.229517,-0.048147,0.001287,0.070568,1.987617,1.000000,0.035187,0.599966
1.305000,0.546564,0.201964,0.412995,0.972122,-0.229465,-0.048203,0.001337,0.070568,1.987441,1.000000,0.035305,0.599662
1.310000,0.546286,0.201894,0.413010,0.972131,-0.229413,-0.048259,0.001387,0.070568,1.987264,1.000000,0.035420,0.599377
1.315000,0.546008,0.201825,0.413025,0.972141,-0.229361,-0.048315,0.001437,0.070568,1.987087,1.000000,0.035533,0.599094
1.320000,0.545730,0.201756,0.413040,0.972150,-0.229309,-0.048371,0.001488,0.070568,1.986909,1.000000,0.035642,0.598808
1.325000,0.545452,0.201687,0.413055,0.972159,-0.229257,-0.048428,0.001538,0.070568,1.986730,1.000000,0.035747,0.598495
1.330000,0.545174,0.201618,0.413070,0.972168,-0.229206,-0.048485,0.001588,0.070568,1.986551,1.000000,0.035849,0.598183
1.335000,0.544897,0.201549,0.413085,0.972178,-0.229154,-0.048542,0.001639,0.070568,1.986372,1.000000,0.035948,0.597872
1.340000,0.544627,0.201480,0.413096,0.972187,-0.229104,-0.048599,0.001689,0.070568,1.986192,1.000000,0.036056,0.597769
1.345000,0.544357,0.201411,0.413107,0.972195,-0.229054,-0.048656,0.001739,0.070568,1.986011,1.000000,0.036155,0.597594
1.350000,0.544088,0.201342,0.413117,0.972204,-0.229004,-0.048713,0.001789,0.070567,1.985830,1.000000,0.036249,0.597420
1.355000,0.543818,0.201272,0.413128,0.972213,-0.228954,-0.048770,0.001840,0.070567,1.985649,1.000000,0.036340,0.597252
1.360000,0.543548,0.201203,0.413139,0.972222,-0.228904,-0.048827,0.001890,0.070567,1.985467,1.000000,0.036426,0.597087
1.365000,0.543279,0.201134,0.413150,0.972230,-0.228855,-0.048885,0.001941,0.070567,1.985284,1.000000,0.036509,0.596923
1.370000,0.543009,0.201065,0.413160,0.972239,-0.228806,-0.048944,0.001992,0.070567,1.985102,1.000000,0.036588,0.596758
1.375000,0.542747,0.200997,0.413163,0.972248,-0.228756,-0.049003,0.002044,0.070567,1.984918,1.000000,0.036673,0.596792
1.380000,0.542484,0.200929,0.413165,0.972256,-0.228706,-0.049063,0.002097,0.070567,1.984735,1.000000,0.036748,0.596759
1.385000,0.542222,0.200861,0.413167,0.972265,-0.228656,-0.049124,0.002149,0.070567,1.984551,1.000000,0.036817,0.596726
1.390000,0.541960,0.200793,0.413170,0.972273,-0.228606,-0.049185,0.002202,0.070567,1.984367,1.000000,0.036881,0.596697
1.395000,0.541698,0.200725,0.413172,0.972282,-0.228557,-0.049246,0.002255,0.070567,1.984182,1.000000,0.036940,0.596668
1.400000,0.541436,0.200657,0.413174,0.972290,-0.228508,-0.049307,0.002308,0.070567,1.983997,1.000000,0.036994,0.596639
1.405000,0.541175,0.200593,0.413183,0.972298,-0.228461,-0.049367,0.002356,0.070567,1.983812,1.000000,0.037049,0.596676
1.410000,0.540915,0.200529,0.413192,0.972306,-0.228414,-0.049427,0.002405,0.070567,1.983627,1.000000,0.037097,0.596691
1.415000,0.540654,0.200466,0.413201,0.972313,-0.228368,-0.049487,0.002453,0.070567,1.983441,1.000000,0.037139,0.596707
1.420000,0.540394,0.200402,0.413210,0.972321,-0.228322,-0.049547,0.002502,0.070567,1.983255,1.000000,0.037178,0.596731
1.425000,0.540134,0.200339,0.413218,0.972329,-0.228275,-0.049608,0.002550,0.070567,1.983069,1.000000,0.037213,0.596757
1.430000,0.539873,0.200275,0.413227,0.972336,-0.228230,-0.049669,0.002599,0.070567,1.982883,1.000000,0.037243,0.596785
1.435000,0.539613,0.200212,0.413236,0.972344,-0.228184,-0.049730,0.002648,0.070567,1.982697,1.000000,0.037270,0.596810
1.440000,0.539357,0.200152,0.413251,0.972350,-0.228141,-0.049788,0.002691,0.070567,1.982510,1.000000,0.037301,0.596965
1.445000,0.539101,0.200093,0.413266,0.972357,-0.228099,-0.049847,0.002735,0.070567,1.982324,1.000000,0.037324,0.597077
1.450000,0.538845,0.200033,0.413282,0.972364,-0.228057,-0.049905,0.002778,0.070567,1.982137,1.000000,0.037343,0.597191
1.455000,0.538589,0.199974,0.413297,0.972371,-0.228015,-0.049964,0.002822,0.070567,1.981950,1.000000,0.037358,0.597309
1.460000,0.538333,0.199915,0.413312,0.972377,-0.227973,-0.050023,0.002866,0.070567,1.981763,1.000000,0.037369,0.597426
1.465000,0.538077,0.199855,0.413327,0.972384,-0.227931,-0.050082,0.002909,0.070567,1.981576,1.000000,0.037377,0.597555
1.470000,0.537821,0.199796,0.413342,0.972390,-0.227890,-0.050142,0.002953,0.070567,1.981389,1.000000,0.037382,0.597707
1.475000,0.537567,0.199735,0.413359,0.972397,-0.227851,-0.050200,0.002996,0.070567,1.981202,1.000000,0.037387,0.597899
1.480000,0.537313,0.199674,0.413375,0.972403,-0.227812,-0.050257,0.003038,0.070567,1.981015,1.000000,0.037387,0.598076
1.485000,0.537059,0.199613,0.413391,0.972408,-0.227773,-0.050315,0.003081,0.070567,1.980829,1.000000,0.037382,0.598232
1.490000,0.536805,0.199552,0.413407,0.972414,-0.227735,-0.050373,0.003123,0.070567,1.980642,1.000000,0.037374,0.598388
1.495000,0.536551,0.199491,0.413424,0.972420,-0.227696,-0.050432,0.003165,0.070567,1.980455,1.000000,0.037363,0.598546
1.500000,0.536297,0.199430,0.413440,0.972426,-0.227658,-0.050491,0.003208,0.070567,1.980268,1.000000,0.037348,0.598704
1.505000,0.536043,0.199369,0.413456,0.972431,-0.227621,-0.050550,0.003251,0.070567,1.980081,1.000000,0.037331,0.598862
1.510000,0.535788,0.199308,0.413460,0.972437,-0.227580,-0.050615,0.003299,0.070567,1.979895,1.000000,0.037305,0.598994
1.515000,0.535532,0.199246,0.413465,0.972443,-0.227539,-0.050681,0.003348,0.070567,1.979708,1.000000,0.037279,0.599138
1.520000,0.535277,0.199185,0.413469,0.972449,-0.227499,-0.050747,0.003397,0.070567,1.979522,1.000000,0.037249,0.599284
1.525000,0.535022,0.199123,0.413473,0.972455,-0.227458,-0.050813,0.003446,0.070567,1.979336,1.000000,0.037217,0.599431
1.530000,0.534767,0.199062,0.413477,0.972461,-0.227419,-0.050879,0.003495,0.070567,1.979150,1.000000,0.037181,0.599580
1.535000,0.534511,0.199000,0.413482,0.972466,-0.227379,-0.050946,0.003544,0.070567,1.978964,1.000000,0.037143,0.599731
1.540000,0.534256,0.198939,0.413486,0.972472,-0.227340,-0.051013,0.003593,0.070567,1.978778,1.000000,0.037101,0.599882
1.545000,0.534006,0.198877,0.413484,0.972477,-0.227300,-0.051081,0.003644,0.070567,1.978593,1.000000,0.037063,0.600168
1.550000,0.533757,0.198814,0.413482,0.972483,-0.227261,-0.051150,0.003695,0.070567,1.978408,1.000000,0.037018,0.600408
1.555000,0.533507,0.198752,0.413480,0.972488,-0.227222,-0.051218,0.003746,0.070567,1.978223,1.000000,0.036969,0.600647
1.560000,0.533257,0.198690,0.413478,0.972493,-0.227184,-0.051287,0.003797,0.070567,1.978038,1.000000,0.036916,0.600887
1.565000,0.533007,0.198628,0.413476,0.972498,-0.227146,-0.051357,0.003848,0.070567,1.977853,1.000000,0.036859,0.601132
1.570000,0.532757,0.198566,0.413474,0.972503,-0.227108,-0.051426,0.003900,0.070567,1.977669,1.000000,0.036799,0.601377
1.575000,0.532509,0.198502,0.413479,0.972508,-0.227073,-0.051489,0.003947,0.070567,1.977485,1.000000,0.036739,0.601639
1.580000,0.532260,0.198438,0.413485,0.972512,-0.227039,-0.051552,0.003994,0.070567,1.977302,1.000000,0.036675,0.601899
1.585000,0.532012,0.198373,0.413491,0.972516,-0.227005,-0.051616,0.004041,0.070567,1.977119,1.000000,0.036609,0.602159
1.590000,0.531764,0.198309,0.413497,0.972521,-0.226972,-0.051680,0.004087,0.070567,1.976936,1.000000,0.036540,0.602419
1.595000,0.531515,0.198245,0.413503,0.972525,-0.226938,-0.051744,0.004134,0.070567,1.976753,1.000000,0.036469,0.602680
1.600000,0.531267,0.198181,0.413509,0.972529,-0.226905,-0.051808,0.004181,0.070567,1.976571,1.000000,0.036395,0.602940
1.605000,0.531018,0.198117,0.413515,0.972533,-0.226872,-0.051872,0.004228,0.070567,1.976389,1.000000,0.036320,0.603200
1.610000,0.530769,0.198052,0.413530,0.972537,-0.226842,-0.051931,0.004270,0.070567,1.976208,1.000000,0.036242,0.603429
1.615000,0.530519,0.197988,0.413545,0.972540,-0.226812,-0.051989,0.004312,0.070567,1.976027,1.000000,0.036164,0.603668
1.620000,0.530270,0.197924,0.413560,0.972544,-0.226783,-0.052048,0.004354,0.070567,1.975846,1.000000,0.036085,0.603908
1.625000,0.530020,0.197860,0.413575,0.972547,-0.226754,-0.052107,0.004396,0.070567,1.975666,1.000000,0.036005,0.604150
1.630000,0.529771,0.197795,0.413590,0.972551,-0.226725,-0.052166,0.004438,0.070567,1.975486,1.000000,0.035924,0.604395
1.635000,0.529521,0.197731,0.413605,0.972554,-0.226696,-0.052226,0.004480,0.070567,1.975307,1.000000,0.035842,0.604640
1.640000,0.529272,0.197667,0.413620,0.972557,-0.226667,-0.052285,0.004521,0.070567,1.975128,1.000000,0.035759,0.604886
1.645000,0.529017,0.197599,0.413635,0.972561,-0.226639,-0.052344,0.004563,0.070567,1.974949,1.000000,0.035669,0.604978
1.650000,0.528762,0.197530,0.413651,0.972564,-0.226611,-0.052403,0.004605,0.070567,1.974771,1.000000,0.035583,0.605124
1.655000,0.528507,0.197462,0.413667,0.972567,-0.226583,-0.052462,0.004647,0.070567,1.974593,1.000000,0.035497,0.605272
1.660000,0.528252,0.197394,0.413683,0.972570,-0.226555,-0.052521,0.004689,0.070567,1.974416,1.000000,0.035413,0.605420
1.665000,0.527997,0.197326,0.413699,0.972573,-0.226528,-0.052581,0.004731,0.070567,1.974239,1.000000,0.035329,0.605568
1.670000,0.527743,0.197258,0.413714,0.972576,-0.226500,-0.052640,0.004773,0.070567,1.974063,1.000000,0.035246,0.605716
1.675000,0.527488,0.197189,0.413730,0.972579,-0.226473,-0.052700,0.004814,0.070567,1.973887,1.000000,0.035163,0.605864
1.680000,0.527233,0.197122,0.413736,0.972582,-0.226444,-0.052765,0.004861,0.070567,1.973711,1.000000,0.035080,0.606028
1.685000,0.526979,0.197055,0.413741,0.972585,-0.226414,-0.052831,0.004908,0.070567,1.973536,1.000000,0.034996,0.606187
1.690000,0.526724,0.196988,0.413747,0.972588,-0.226385,-0.052897,0.004954,0.070567,1.973361,1.000000,0.034912,0.606345
1.695000,0.526469,0.196921,0.413752,0.972591,-0.226356,-0.052963,0.005001,0.070567,1.973187,1.000000,0.034828,0.606503
1.700000,0.526215,0.196855,0.413757,0.972594,-0.226327,-0.053029,0.005048,0.070567,1.973013,1.000000,0.034743,0.606660
1.705000,0.525960,0.196788,0.413763,0.972597,-0.226298,-0.053096,0.005094,0.070567,1.972840,1.000000,0.034657,0.606820
1.710000,0.525705,0.196721,0.413768,0.972599,-0.226269,-0.053162,0.005141,0.070567,1.972667,1.000000,0.034572,0.606983
1.715000,0.525447,0.196658,0.413763,0.972602,-0.226237,-0.053237,0.005192,0.070567,1.972494,1.000000,0.034481,0.607093
1.720000,0.525189,0.196596,0.413758,0.972606,-0.226205,-0.053312,0.005244,0.070567,1.972322,1.000000,0.034391,0.607225
1.725000,0.524931,0.196534,0.413752,0.972609,-0.226173,-0.053388,0.005296,0.070567,1.972150,1.000000,0.034301,0.607382
1.730000,0.524673,0.196472,0.413747,0.972611,-0.226142,-0.053463,0.005348,0.070567,1.971979,1.000000,0.034211,0.607540
1.735000,0.524415,0.196410,0.413742,0.972614,-0.226110,-0.053539,0.005399,0.070567,1.971808,1.000000,0.034119,0.607697
1.740000,0.524157,0.196348,0.413736,0.972617,-0.226078,-0.053614,0.005451,0.070567,1.971638,1.000000,0.034026,0.607822
1.745000,0.523892,0.196290,0.413730,0.972620,-0.226046,-0.053693,0.005503,0.070567,1.971468,1.000000,0.033923,0.607789
1.750000,0.523627,0.196231,0.413724,0.972623,-0.226013,-0.053772,0.005555,0.070567,1.971299,1.000000,0.033823,0.607809
1.755000,0.523362,0.196173,0.413718,0.972626,-0.225981,-0.053851,0.005607,0.070567,1.971130,1.000000,0.033724,0.607834
1.760000,0.523097,0.196115,0.413712,0.972629,-0.225948,-0.053929,0.005659,0.070567,1.970962,1.000000,0.033625,0.607861
1.765000,0.522832,0.196056,0.413706,0.972632,-0.225916,-0.054008,0.005711,0.070567,1.970794,1.000000,0.033527,0.607888
1.770000,0.522567,0.195998,0.413700,0.972635,-0.225883,-0.054087,0.005764,0.070567,1.970626,1.000000,0.033429,0.607913
1.775000,0.522302,0.195939,0.413693,0.972637,-0.225851,-0.054166,0.005816,0.070567,1.970459,1.000000,0.033332,0.607936
1.780000,0.522034,0.195884,0.413687,0.972641,-0.225816,-0.054244,0.005868,0.070567,1.970293,1.000000,0.033232,0.607912
1.785000,0.521767,0.195828,0.413680,0.972644,-0.225780,-0.054323,0.005920,0.070567,1.970127,1.000000,0.033133,0.607905
1.790000,0.521499,0.195773,0.413673,0.972648,-0.225745,-0.054401,0.005973,0.070567,1.969962,1.000000,0.033036,0.607898
1.795000,0.521232,0.195717,0.413666,0.972652,-0.225709,-0.054480,0.006025,0.070567,1.969797,1.000000,0.032939,0.607890
1.800000,0.520964,0.195662,0.413660,0.972655,-0.225674,-0.054558,0.006077,0.070567,1.969633,1.000000,0.032843,0.607884
1.805000,0.520696,0.195606,0.413653,0.972659,-0.225638,-0.054637,0.006130,0.070567,1.969469,1.000000,0.032748,0.607878
1.810000,0.520429,0.195551,0.413646,0.972662,-0.225603,-0.054715,0.006182,0.070567,1.969305,1.000000,0.032654,0.607872
1.815000,0.520155,0.195494,0.413639,0.972666,-0.225566,-0.054795,0.006235,0.070567,1.969142,1.000000,0.032553,0.607698
1.820000,0.519881,0.195437,0.413632,0.972669,-0.225530,-0.054874,0.006289,0.070567,1.968980,1.000000,0.032458,0.607584
1.825000,0.519607,0.195380,0.413624,0.972673,-0.225493,-0.054953,0.006343,0.070567,1.968818,1.000000,0.032366,0.607470
1.830000,0.519333,0.195323,0.413617,0.972677,-0.225457,-0.055033,0.006396,0.070567,1.968656,1.000000,0.032276,0.607357
1.835000,0.519059,0.195266,0.413610,0.972680,-0.225420,-0.055112,0.006450,0.070567,1.968495,1.000000,0.032188,0.607240
1.840000,0.518785,0.195209,0.413602,0.972684,-0.225384,-0.055192,0.006504,0.070567,1.968334,1.000000,0.032103,0.607123
1.845000,0.518511,0.195152,0.413595,0.972687,-0.225347,-0.055271,0.006557,0.070567,1.968174,1.000000,0.032020,0.607005
1.850000,0.518239,0.195096,0.413593,0.972691,-0.225310,-0.055344,0.006607,0.070567,1.968014,1.000000,0.031942,0.606945
1.855000,0.517967,0.195041,0.413591,0.972696,-0.225273,-0.055417,0.006658,0.070567,1.967855,1.000000,0.031865,0.606866
1.860000,0.517695,0.194985,0.413590,0.972700,-0.225236,-0.055490,0.006708,0.070567,1.967696,1.000000,0.031791,0.606788
1.865000,0.517423,0.194929,0.413588,0.972704,-0.225199,-0.055563,0.006758,0.070567,1.967537,1.000000,0.031718,0.606710
1.870000,0.517151,0.194873,0.413586,0.972708,-0.225162,-0.055636,0.006808,0.070567,1.967379,1.000000,0.031648,0.606633
1.875000,0.516879,0.194818,0.413584,0.972712,-0.225125,-0.055708,0.006858,0.070567,1.967221,1.000000,0.031579,0.606556
1.880000,0.516608,0.194762,0.413583,0.972716,-0.225088,-0.055781,0.006908,0.070567,1.967063,1.000000,0.031513,0.606479
1.885000,0.516338,0.194713,0.413582,0.972721,-0.225045,-0.055850,0.006957,0.070567,1.966906,1.000000,0.031452,0.606494
1.890000,0.516068,0.194665,0.413582,0.972727,-0.225002,-0.055920,0.007006,0.070567,1.966749,1.000000,0.031391,0.606476
1.895000,0.515798,0.194616,0.413582,0.972733,-0.224960,-0.055989,0.007055,0.070567,1.966592,1.000000,0.031330,0.606459
1.900000,0.515529,0.194568,0.413581,0.972738,-0.224917,-0.056058,0.007104,0.070567,1.966435,1.000000,0.031271,0.606448
1.905000,0.515259,0.194519,0.413581,0.972744,-0.224874,-0.056127,0.007153,0.070567,1.966279,1.000000,0.031213,0.606438
1.910000,0.514989,0.194470,0.413581,0.972749,-0.224832,-0.056196,0.007202,0.070567,1.966123,1.000000,0.031156,0.606428
1.915000,0.514720,0.194430,0.413587,0.972757,-0.224782,-0.056258,0.007247,0.070567,1.965968,1.000000,0.031103,0.606465
1.920000,0.514450,0.194389,0.413594,0.972764,-0.224733,-0.056320,0.007291,0.070567,1.965812,1.000000,0.031049,0.606482
1.925000,0.514181,0.194348,0.413601,0.972772,-0.224683,-0.056381,0.007336,0.070567,1.965657,1.000000,0.030996,0.606500
1.930000,0.513912,0.194307,0.413607,0.972779,-0.224634,-0.056443,0.007381,0.070567,1.965502,1.000000,0.030944,0.606521
1.935000,0.513642,0.194267,0.413614,0.972787,-0.224584,-0.056505,0.007426,0.070567,1.965348,1.000000,0.030894,0.606546
1.940000,0.513373,0.194226,0.413621,0.972794,-0.224534,-0.056566,0.007470,0.070567,1.965193,1.000000,0.030846,0.606571
1.945000,0.513104,0.194185,0.413628,0.972802,-0.224485,-0.056628,0.007515,0.070567,1.965039,1.000000,0.030799,0.606596
1.950000,0.512828,0.194152,0.413638,0.972812,-0.224426,-0.056686,0.007559,0.070567,1.964886,1.000000,0.030746,0.606515
1.955000,0.512553,0.194119,0.413649,0.972821,-0.224368,-0.056745,0.007602,0.070567,1.964732,1.000000,0.030698,0.606470
1.960000,0.512278,0.194086,0.413659,0.972831,-0.224309,-0.056803,0.007645,0.070567,1.964579,1.000000,0.030652,0.606431
1.965000,0.512002,0.194054,0.413670,0.972841,-0.224250,-0.056861,0.007689,0.070567,1.964426,1.000000,0.030609,0.606410
1.970000,0.511727,0.194021,0.413680,0.972851,-0.224192,-0.056920,0.007732,0.070567,1.964273,1.000000,0.030568,0.606391
1.975000,0.511451,0.193988,0.413691,0.972860,-0.224133,-0.056978,0.007776,0.070567,1.964120,1.000000,0.030530,0.606372
1.980000,0.511176,0.193955,0.413701,0.972870,-0.224075,-0.057037,0.007819,0.070567,1.963967,1.000000,0.030492,0.606315
1.985000,0.510896,0.193930,0.413722,0.972882,-0.224008,-0.057086,0.007857,0.070567,1.963815,1.000000,0.030452,0.606198
1.990000,0.510616,0.193905,0.413742,0.972894,-0.223941,-0.057135,0.007895,0.070567,1.963663,1.000000,0.030415,0.606103
1.995000,0.510337,0.193880,0.413763,0.972907,-0.223874,-0.057185,0.007933,0.070567,1.963511,1.000000,0.030382,0.606029
2.000000,0.510057,0.193855,0.413783,0.972919,-0.223807,-0.057234,0.007971,0.070567,1.963359,1.000000,0.030352,0.605965
2.005000,0.509777,0.193830,0.413804,0.972931,-0.223740,-0.057284,0.008009,0.070567,1.963208,1.000000,0.030324,0.605902
2.010000,0.509497,0.193806,0.413824,0.972943,-0.223673,-0.057333,0.008048,0.070567,1.963056,1.000000,0.030300,0.605852
2.015000,0.509218,0.193781,0.413845,0.972956,-0.223605,-0.057382,0.008086,0.070567,1.962905,1.000000,0.030279,0.605813
2.020000,0.508939,0.193759,0.413873,0.972969,-0.223535,-0.057424,0.008119,0.070567,1.962753,1.000000,0.030263,0.605832
2.025000,0.508661,0.193737,0.413901,0.972982,-0.223465,-0.057466,0.008152,0.070567,1.962602,1.000000,0.030248,0.605822
2.030000,0.508383,0.193716,0.413929,0.972996,-0.223395,-0.057507,0.008185,0.070567,1.962451,1.000000,0.030233,0.605792
2.035000,0.508104,0.193694,0.413957,0.973009,-0.223325,-0.057549,0.008219,0.070567,1.962300,1.000000,0.030221,0.605764
2.040000,0.507826,0.193672,0.413985,0.973022,-0.223255,-0.057590,0.008252,0.070567,1.962149,1.000000,0.030211,0.605740
2.045000,0.507548,0.193650,0.414014,0.973036,-0.223185,-0.057632,0.008285,0.070567,1.961998,1.000000,0.030203,0.605720
2.050000,0.507270,0.193629,0.414042,0.973049,-0.223114,-0.057674,0.008318,0.070567,1.961847,1.000000,0.030197,0.605702
2.055000,0.507001,0.193614,0.414068,0.973063,-0.223041,-0.057713,0.008351,0.070567,1.961696,1.000000,0.030205,0.605974
2.060000,0.506732,0.193599,0.414094,0.973078,-0.222967,-0.057752,0.008383,0.070567,1.961545,1.000000,0.030208,0.606177
2.065000,0.506464,0.193584,0.414120,0.973092,-0.222894,-0.057791,0.008415,0.070567,1.961394,1.000000,0.030210,0.606382
2.070000,0.506195,0.193569,0.414146,0.973106,-0.222820,-0.057831,0.008448,0.070567,1.961243,1.000000,0.030210,0.606591
2.075000,0.505927,0.193554,0.414172,0.973120,-0.222746,-0.057870,0.008480,0.070567,1.961091,1.000000,0.030210,0.606782
2.080000,0.505658,0.193539,0.414198,0.973135,-0.222673,-0.057909,0.008512,0.070567,1.960940,1.000000,0.030208,0.606971
2.085000,0.505389,0.193527,0.414219,0.973149,-0.222596,-0.057952,0.008547,0.070567,1.960789,1.000000,0.030205,0.607168
2.090000,0.505121,0.193515,0.414239,0.973164,-0.222520,-0.057994,0.008582,0.070567,1.960638,1.000000,0.030200,0.607368
2.095000,0.504852,0.193503,0.414260,0.973179,-0.222443,-0.058037,0.008616,0.070567,1.960487,1.000000,0.030195,0.607573
2.100000,0.504583,0.193491,0.414280,0.973193,-0.222367,-0.058079,0.008651,0.070567,1.960336,1.000000,0.030189,0.607781
2.105000,0.504314,0.193478,0.414301,0.973208,-0.222290,-0.058122,0.008686,0.070567,1.960186,1.000000,0.030182,0.607993
2.110000,0.504045,0.193466,0.414321,0.973223,-0.222213,-0.058164,0.008720,0.070567,1.960035,1.000000,0.030175,0.608207
2.115000,0.503776,0.193454,0.414342,0.973237,-0.222137,-0.058207,0.008755,0.070567,1.959884,1.000000,0.030167,0.608424
2.120000,0.503501,0.193442,0.414364,0.973252,-0.222058,-0.058248,0.008789,0.070567,1.959733,1.000000,0.030152,0.608518
2.125000,0.503227,0.193430,0.414386,0.973268,-0.221979,-0.058289,0.008823,0.070567,1.959582,1.000000,0.030141,0.608686
2.130000,0.502952,0.193418,0.414409,0.973283,-0.221900,-0.058330,0.008857,0.070567,1.959432,1.000000,0.030132,0.608857
2.135000,0.502677,0.193407,0.414431,0.973298,-0.221822,-0.058371,0.008892,0.070567,1.959281,1.000000,0.030123,0.609032
2.140000,0.502403,0.193395,0.414453,0.973313,-0.221743,-0.058412,0.008926,0.070567,1.959131,1.000000,0.030113,0.609181
2.145000,0.502128,0.193383,0.414476,0.973328,-0.221664,-0.058454,0.008960,0.070567,1.958980,1.000000,0.030104,0.609331
2.150000,0.501854,0.193371,0.414498,0.973343,-0.221585,-0.058495,0.008994,0.070567,1.958830,1.000000,0.030096,0.609485
2.155000,0.501580,0.193355,0.414523,0.973358,-0.221510,-0.058533,0.009026,0.070567,1.958679,1.000000,0.030092,0.609639
2.160000,0.501307,0.193339,0.414548,0.973373,-0.221434,-0.058571,0.009057,0.070567,1.958529,1.000000,0.030088,0.609798
2.165000,0.501033,0.193323,0.414573,0.973387,-0.221359,-0.058608,0.009089,0.070567,1.958378,1.000000,0.030086,0.609961
2.170000,0.500760,0.193307,0.414598,0.973402,-0.221283,-0.058646,0.009121,0.070567,1.958228,1.000000,0.030086,0.610127
2.175000,0.500486,0.193291,0.414623,0.973416,-0.221208,-0.058684,0.009153,0.070567,1.958077,1.000000,0.030087,0.610295
2.180000,0.500213,0.193275,0.414648,0.973431,-0.221132,-0.058722,0.009185,0.070567,1.957927,1.000000,0.030089,0.610467
2.185000,0.499939,0.193260,0.414673,0.973446,-0.221057,-0.058760,0.009217,0.070567,1.957777,1.000000,0.030092,0.610642
2.190000,0.499677,0.193235,0.414695,0.973458,-0.220992,-0.058798,0.009248,0.070567,1.957626,1.000000,0.030114,0.611028
2.195000,0.499416,0.193210,0.414716,0.973470,-0.220927,-0.058836,0.009279,0.070567,1.957475,1.000000,0.030131,0.611345
2.200000,0.499154,0.193185,0.414737,0.973482,-0.220862,-0.058874,0.009310,0.070567,1.957325,1.000000,0.030148,0.611663
2.205000,0.498892,0.193161,0.414759,0.973494,-0.220797,-0.058912,0.009342,0.070567,1.957174,1.000000,0.030166,0.611984
2.210000,0.498631,0.193136,0.414780,0.973506,-0.220732,-0.058950,0.009373,0.070567,1.957023,1.000000,0.030183,0.612306
2.215000,0.498369,0.193111,0.414802,0.973518,-0.220668,-0.058989,0.009404,0.070567,1.956872,1.000000,0.030200,0.612631
2.220000,0.498107,0.193086,0.414823,0.973530,-0.220603,-0.059027,0.009436,0.070567,1.956721,1.000000,0.030216,0.612951
2.225000,0.497845,0.193057,0.414836,0.973541,-0.220542,-0.059071,0.009471,0.070567,1.956570,1.000000,0.030233,0.613206
2.230000,0.497583,0.193027,0.414849,0.973552,-0.220480,-0.059116,0.009506,0.070567,1.956419,1.000000,0.030250,0.613485
2.235000,0.497320,0.192997,0.414861,0.973563,-0.220419,-0.059160,0.009542,0.070567,1.956267,1.000000,0.030269,0.613792
2.240000,0.497058,0.192967,0.414874,0.973573,-0.220358,-0.059205,0.009577,0.070567,1.956116,1.000000,0.030289,0.614107
2.245000,0.496795,0.192937,0.414887,0.973584,-0.220297,-0.059249,0.009612,0.070567,1.955965,1.000000,0.030308,0.614425
2.250000,0.496533,0.192908,0.414900,0.973595,-0.220236,-0.059294,0.009648,0.070567,1.955813,1.000000,0.030327,0.614723
2.255000,0.496268,0.192876,0.414901,0.973605,-0.220176,-0.059348,0.009689,0.070567,1.955661,1.000000,0.030342,0.614928
2.260000,0.496004,0.192844,0.414902,0.973615,-0.220116,-0.059401,0.009731,0.070567,1.955510,1.000000,0.030359,0.615163
2.265000,0.495739,0.192811,0.414904,0.973625,-0.220056,-0.059455,0.009773,0.070567,1.955358,1.000000,0.030375,0.615396
2.270000,0.495475,0.192779,0.414905,0.973634,-0.219996,-0.059509,0.009815,0.070567,1.955206,1.000000,0.030390,0.615627
2.275000,0.495210,0.192747,0.414906,0.973644,-0.219936,-0.059563,0.009856,0.070567,1.955054,1.000000,0.030406,0.615859
2.280000,0.494946,0.192715,0.414907,0.973654,-0.219876,-0.059616,0.009898,0.070567,1.954902,1.000000,0.030422,0.616098
2.285000,0.494681,0.192683,0.414908,0.973664,-0.219816,-0.059670,0.009940,0.070567,1.954750,1.000000,0.030439,0.616357
2.290000,0.494432,0.192647,0.414912,0.973672,-0.219764,-0.059718,0.009977,0.070567,1.954597,1.000000,0.030477,0.616951
2.295000,0.494183,0.192611,0.414917,0.973681,-0.219712,-0.059765,0.010015,0.070567,1.954445,1.000000,0.030507,0.617431
2.300000,0.493934,0.192574,0.414921,0.973689,-0.219661,-0.059812,0.010052,0.070566,1.954292,1.000000,0.030534,0.617881
2.305000,0.493685,0.192538,0.414925,0.973698,-0.219609,-0.059860,0.010089,0.070566,1.954139,1.000000,0.030558,0.618331
2.310000,0.493436,0.192502,0.414929,0.973706,-0.219557,-0.059907,0.010126,0.070566,1.953986,1.000000,0.030581,0.618783
2.315000,0.493187,0.192465,0.414933,0.973714,-0.219506,-0.059955,0.010164,0.070566,1.953833,1.000000,0.030602,0.619254
2.320000,0.492938,0.192429,0.414938,0.973723,-0.219454,-0.060002,0.010201,0.070566,1.953680,1.000000,0.030622,0.619730
2.325000,0.492680,0.192384,0.414941,0.973730,-0.219407,-0.060051,0.010239,0.070566,1.953527,1.000000,0.030631,0.619902
2.330000,0.492422,0.192338,0.414944,0.973737,-0.219360,-0.060101,0.010278,0.070566,1.953374,1.000000,0.030646,0.620172
2.335000,0.492163,0.192293,0.414948,0.973744,-0.219313,-0.060151,0.010316,0.070566,1.953221,1.000000,0.030662,0.620441
2.340000,0.491905,0.192247,0.414951,0.973751,-0.219265,-0.060200,0.010355,0.070566,1.953067,1.000000,0.030680,0.620711
2.345000,0.491647,0.192202,0.414954,0.973758,-0.219218,-0.060250,0.010393,0.070566,1.952914,1.000000,0.030699,0.620981
2.350000,0.491389,0.192157,0.414958,0.973765,-0.219171,-0.060299,0.010432,0.070566,1.952760,1.000000,0.030719,0.621252
2.355000,0.491130,0.192111,0.414961,0.973773,-0.219124,-0.060349,0.010471,0.070566,1.952607,1.000000,0.030739,0.621523
2.360000,0.490869,0.192060,0.414965,0.973779,-0.219081,-0.060397,0.010509,0.070566,1.952453,1.000000,0.030759,0.621672
2.365000,0.490608,0.192008,0.414969,0.973785,-0.219039,-0.060446,0.010546,0.070566,1.952299,1.000000,0.030783,0.621859
2.370000,0.490347,0.191957,0.414974,0.973791,-0.218996,-0.060495,0.010584,0.070566,1.952145,1.000000,0.030809,0.622046
2.375000,0.490086,0.191905,0.414978,0.973797,-0.218953,-0.060543,0.010622,0.070566,1.951991,1.000000,0.030837,0.622235
2.380000,0.489825,0.191854,0.414982,0.973803,-0.218911,-0.060592,0.010660,0.070566,1.951837,1.000000,0.030867,0.622427
2.385000,0.489564,0.191802,0.414987,0.973810,-0.218868,-0.060640,0.010698,0.070566,1.951682,1.000000,0.030898,0.622618
2.390000,0.489303,0.191750,0.414991,0.973816,-0.218825,-0.060689,0.010736,0.070566,1.951528,1.000000,0.030931,0.622810
2.395000,0.489050,0.191695,0.414984,0.973820,-0.218789,-0.060745,0.010779,0.070566,1.951373,1.000000,0.030976,0.623152
2.400000,0.488798,0.191639,0.414977,0.973824,-0.218752,-0.060801,0.010822,0.070566,1.951218,1.000000,0.031018,0.623445
2.405000,0.488545,0.191584,0.414969,0.973828,-0.218716,-0.060857,0.010865,0.070566,1.951063,1.000000,0.031058,0.623737
2.410000,0.488292,0.191528,0.414962,0.973833,-0.218679,-0.060913,0.010908,0.070566,1.950907,1.000000,0.031098,0.624031
2.415000,0.488039,0.191473,0.414955,0.973837,-0.218643,-0.060969,0.010950,0.070566,1.950751,1.000000,0.031137,0.624324
2.420000,0.487786,0.191417,0.414947,0.973841,-0.218606,-0.061025,0.010993,0.070566,1.950596,1.000000,0.031174,0.624618
2.425000,0.487541,0.191361,0.414930,0.973844,-0.218573,-0.061088,0.011041,0.070566,1.950440,1.000000,0.031220,0.625064
2.430000,0.487296,0.191305,0.414912,0.973847,-0.218539,-0.061150,0.011088,0.070566,1.950283,1.000000,0.031258,0.625446
2.435000,0.487051,0.191250,0.414894,0.973850,-0.218505,-0.061213,0.011136,0.070566,1.950127,1.000000,0.031292,0.625826
2.440000,0.486806,0.191194,0.414875,0.973853,-0.218471,-0.061275,0.011183,0.070566,1.949970,1.000000,0.031324,0.626212
2.445000,0.486561,0.191138,0.414857,0.973857,-0.218438,-0.061337,0.011230,0.070566,1.949814,1.000000,0.031353,0.626606
2.450000,0.486316,0.191082,0.414839,0.973860,-0.218404,-0.061400,0.011278,0.070566,1.949657,1.000000,0.031380,0.627000
2.455000,0.486071,0.191027,0.414821,0.973863,-0.218371,-0.061462,0.011325,0.070566,1.949500,1.000000,0.031403,0.627390
2.460000,0.485838,0.190972,0.414812,0.973866,-0.218340,-0.061514,0.011366,0.070566,1.949342,1.000000,0.031440,0.628077
2.465000,0.485605,0.190918,0.414803,0.973869,-0.218309,-0.061566,0.011406,0.070566,1.949185,1.000000,0.031467,0.628656
2.470000,0.485372,0.190863,0.414794,0.973872,-0.218278,-0.061617,0.011446,0.070566,1.949028,1.000000,0.031490,0.629234
2.475000,0.485140,0.190809,0.414785,0.973875,-0.218247,-0.061669,0.011486,0.070566,1.948870,1.000000,0.031510,0.629826
2.480000,0.484907,0.190755,0.414776,0.973879,-0.218216,-0.061720,0.011526,0.070566,1.948712,1.000000,0.031526,0.630418
2.485000,0.484674,0.190700,0.414767,0.973882,-0.218185,-0.061772,0.011566,0.070566,1.948555,1.000000,0.031538,0.631010
2.490000,0.484441,0.190646,0.414758,0.973885,-0.218155,-0.061823,0.011606,0.070566,1.948397,1.000000,0.031546,0.631591
2.495000,0.484210,0.190593,0.414754,0.973889,-0.218122,-0.061870,0.011642,0.070566,1.948239,1.000000,0.031553,0.632224
2.500000,0.483979,0.190541,0.414749,0.973893,-0.218090,-0.061917,0.011679,0.070566,1.948081,1.000000,0.031556,0.632838
2.505000,0.483748,0.190489,0.414745,0.973896,-0.218057,-0.061964,0.011716,0.070566,1.947923,1.000000,0.031555,0.633455
2.510000,0.483516,0.190437,0.414740,0.973900,-0.218025,-0.062011,0.011753,0.070566,1.947766,1.000000,0.031552,0.634074
2.515000,0.483285,0.190384,0.414736,0.973904,-0.217992,-0.062058,0.011790,0.070566,1.947608,1.000000,0.031545,0.634694
2.520000,0.483054,0.190332,0.414731,0.973908,-0.217960,-0.062105,0.011826,0.070566,1.947450,1.000000,0.031537,0.635314
2.525000,0.482822,0.190280,0.414726,0.973912,-0.217927,-0.062152,0.011863,0.070566,1.947292,1.000000,0.031526,0.635937
2.530000,0.482597,0.190231,0.414731,0.973917,-0.217893,-0.062189,0.011893,0.070566,1.947135,1.000000,0.031522,0.636751
2.535000,0.482372,0.190183,0.414735,0.973922,-0.217858,-0.062226,0.011924,0.070566,1.946977,1.000000,0.031511,0.637500
2.540000,0.482147,0.190134,0.414740,0.973927,-0.217824,-0.062263,0.011954,0.070566,1.946819,1.000000,0.031498,0.638243
2.545000,0.481922,0.190086,0.414744,0.973932,-0.217790,-0.062300,0.011985,0.070566,1.946662,1.000000,0.031481,0.638985
2.550000,0.481697,0.190038,0.414749,0.973937,-0.217755,-0.062337,0.012015,0.070566,1.946504,1.000000,0.031462,0.639728
2.555000,0.481472,0.189989,0.414753,0.973942,-0.217720,-0.062374,0.012045,0.070566,1.946347,1.000000,0.031441,0.640478
2.560000,0.481246,0.189941,0.414758,0.973947,-0.217686,-0.062411,0.012076,0.070566,1.946190,1.000000,0.031418,0.641231
2.565000,0.481018,0.189894,0.414760,0.973952,-0.217649,-0.062449,0.012107,0.070566,1.946033,1.000000,0.031389,0.641916
2.570000,0.480790,0.189847,0.414763,0.973958,-0.217612,-0.062487,0.012138,0.070566,1.945876,1.000000,0.031361,0.642643
2.575000,0.480561,0.189800,0.414766,0.973963,-0.217574,-0.062524,0.012169,0.070566,1.945719,1.000000,0.031331,0.643385
2.580000,0.480333,0.189753,0.414769,0.973969,-0.217537,-0.062562,0.012200,0.070566,1.945562,1.000000,0.031301,0.644127
2.585000,0.480104,0.189705,0.414772,0.973974,-0.217500,-0.062600,0.012231,0.070566,1.945406,1.000000,0.031270,0.644864
2.590000,0.479876,0.189658,0.414775,0.973980,-0.217462,-0.062638,0.012262,0.070566,1.945250,1.000000,0.031237,0.645592
2.595000,0.479655,0.189616,0.414775,0.973986,-0.217422,-0.062676,0.012293,0.070566,1.945093,1.000000,0.031212,0.646556
2.600000,0.479435,0.189574,0.414776,0.973992,-0.217382,-0.062713,0.012324,0.070566,1.944937,1.000000,0.031181,0.647447
2.605000,0.479215,0.189532,0.414776,0.973998,-0.217342,-0.062751,0.012356,0.070566,1.944781,1.000000,0.031147,0.648360
2.610000,0.478994,0.189490,0.414776,0.974004,-0.217302,-0.062788,0.012387,0.070566,1.944626,1.000000,0.031110,0.649273
2.615000,0.478774,0.189448,0.414776,0.974010,-0.217262,-0.062826,0.012418,0.070566,1.944470,1.000000,0.031072,0.650189
2.620000,0.478554,0.189406,0.414777,0.974017,-0.217221,-0.062863,0.012449,0.070566,1.944315,1.000000,0.031031,0.651117
2.625000,0.478334,0.189364,0.414777,0.974023,-0.217180,-0.062901,0.012479,0.070566,1.944160,1.000000,0.030989,0.652046
2.630000,0.478135,0.189322,0.414785,0.974029,-0.217145,-0.062927,0.012503,0.070566,1.944005,1.000000,0.030972,0.653500
2.635000,0.477936,0.189281,0.414794,0.974035,-0.217110,-0.062953,0.012526,0.070566,1.943850,1.000000,0.030938,0.654749
2.640000,0.477738,0.189239,0.414802,0.974041,-0.217074,-0.062979,0.012549,0.070566,1.943695,1.000000,0.030901,0.655996
2.645000,0.477539,0.189198,0.414810,0.974047,-0.217039,-0.063005,0.012572,0.070566,1.943541,1.000000,0.030858,0.657245
2.650000,0.477341,0.189156,0.414819,0.974053,-0.217002,-0.063030,0.012595,0.070566,1.943386,1.000000,0.030811,0.658505
2.655000,0.477142,0.189114,0.414827,0.974059,-0.216966,-0.063056,0.012618,0.070566,1.943232,1.000000,0.030760,0.659767
2.660000,0.476944,0.189072,0.414835,0.974065,-0.216930,-0.063082,0.012640,0.070566,1.943079,1.000000,0.030704,0.661026
2.665000,0.476748,0.189023,0.414842,0.974070,-0.216900,-0.063109,0.012663,0.070566,1.942925,1.000000,0.030645,0.662220
2.670000,0.476551,0.188973,0.414849,0.974074,-0.216869,-0.063135,0.012686,0.070566,1.942772,1.000000,0.030584,0.663428
2.675000,0.476355,0.188923,0.414856,0.974079,-0.216839,-0.063161,0.012708,0.070566,1.942619,1.000000,0.030521,0.664627
2.680000,0.476158,0.188873,0.414863,0.974084,-0.216808,-0.063188,0.012731,0.070566,1.942467,1.000000,0.030453,0.665800
2.685000,0.475962,0.188823,0.414870,0.974089,-0.216777,-0.063214,0.012753,0.070566,1.942315,1.000000,0.030384,0.666976
2.690000,0.475766,0.188773,0.414878,0.974094,-0.216745,-0.063240,0.012775,0.070566,1.942163,1.000000,0.030313,0.668139
2.695000,0.475570,0.188723,0.414885,0.974099,-0.216713,-0.063267,0.012797,0.070566,1.942011,1.000000,0.030240,0.669288
2.700000,0.475387,0.188669,0.414894,0.974102,-0.216690,-0.063290,0.012815,0.070566,1.941860,1.000000,0.030182,0.670708
2.705000,0.475204,0.188614,0.414902,0.974106,-0.216667,-0.063312,0.012834,0.070566,1.941709,1.000000,0.030112,0.671970
2.710000,0.475022,0.188558,0.414911,0.974110,-0.216643,-0.063335,0.012853,0.070566,1.941559,1.000000,0.030035,0.673180
2.715000,0.474840,0.188503,0.414920,0.974113,-0.216619,-0.063357,0.012871,0.070566,1.941409,1.000000,0.029957,0.674395
2.720000,0.474658,0.188447,0.414929,0.974117,-0.216595,-0.063380,0.012890,0.070566,1.941259,1.000000,0.029868,0.675469
2.725000,0.474476,0.188391,0.414938,0.974120,-0.216571,-0.063403,0.012908,0.070566,1.941110,1.000000,0.029773,0.676486
2.730000,0.474295,0.188335,0.414947,0.974124,-0.216547,-0.063425,0.012927,0.070566,1.940962,1.000000,0.029676,0.677512
2.735000,0.474129,0.188271,0.414959,0.974126,-0.216534,-0.063443,0.012941,0.070566,1.940813,1.000000,0.029583,0.678610
2.740000,0.473963,0.188207,0.414972,0.974127,-0.216521,-0.063460,0.012955,0.070566,1.940666,1.000000,0.029482,0.679589
2.745000,0.473797,0.188143,0.414984,0.974129,-0.216508,-0.063478,0.012969,0.070566,1.940519,1.000000,0.029379,0.680577
2.750000,0.473632,0.188079,0.414997,0.974130,-0.216496,-0.063495,0.012983,0.070566,1.940372,1.000000,0.029261,0.681332
2.755000,0.473467,0.188014,0.415009,0.974132,-0.216483,-0.063513,0.012997,0.070566,1.940226,1.000000,0.029140,0.682096
2.760000,0.473303,0.187950,0.415021,0.974133,-0.216470,-0.063531,0.013011,0.070566,1.940081,1.000000,0.029017,0.682851
2.765000,0.473130,0.187877,0.415024,0.974133,-0.216462,-0.063558,0.013031,0.070566,1.939936,1.000000,0.028871,0.683100
2.770000,0.472957,0.187803,0.415026,0.974133,-0.216454,-0.063586,0.013051,0.070566,1.939792,1.000000,0.028731,0.683466
2.775000,0.472783,0.187730,0.415028,0.974132,-0.216446,-0.063613,0.013071,0.070566,1.939649,1.000000,0.028592,0.683821
2.780000,0.472611,0.187656,0.415030,0.974132,-0.216438,-0.063641,0.013091,0.070566,1.939506,1.000000,0.028445,0.684020
2.785000,0.472438,0.187582,0.415032,0.974132,-0.216430,-0.063669,0.013111,0.070566,1.939365,1.000000,0.028299,0.684235
2.790000,0.472266,0.187509,0.415034,0.974131,-0.216422,-0.063697,0.013131,0.070566,1.939224,1.000000,0.028155,0.684446
2.795000,0.472094,0.187435,0.415036,0.974131,-0.216415,-0.063724,0.013151,0.070566,1.939083,1.000000,0.028005,0.684517
2.800000,0.471931,0.187358,0.415030,0.974129,-0.216414,-0.063758,0.013174,0.070566,1.938944,1.000000,0.027865,0.684766
2.805000,0.471769,0.187280,0.415023,0.974126,-0.216414,-0.063791,0.013196,0.070566,1.938805,1.000000,0.027724,0.684976
2.810000,0.471607,0.187203,0.415016,0.974124,-0.216413,-0.063825,0.013219,0.070566,1.938667,1.000000,0.027578,0.685090
2.815000,0.471445,0.187125,0.415009,0.974121,-0.216413,-0.063859,0.013242,0.070566,1.938529,1.000000,0.027432,0.685222
2.820000,0.471283,0.187047,0.415003,0.974119,-0.216413,-0.063892,0.013264,0.070566,1.938393,1.000000,0.027287,0.685373
2.825000,0.471121,0.186970,0.414996,0.974116,-0.216413,-0.063926,0.013287,0.070566,1.938257,1.000000,0.027139,0.685471
2.830000,0.470960,0.186892,0.414989,0.974114,-0.216413,-0.063959,0.013309,0.070566,1.938122,1.000000,0.026992,0.685578
2.835000,0.470825,0.186817,0.414990,0.974110,-0.216420,-0.063983,0.013324,0.070566,1.937987,1.000000,0.026873,0.686359
2.840000,0.470691,0.186743,0.414990,0.974107,-0.216426,-0.064006,0.013339,0.070566,1.937853,1.000000,0.026739,0.686894
2.845000,0.470557,0.186668,0.414990,0.974104,-0.216433,-0.064029,0.013353,0.070566,1.937720,1.000000,0.026602,0.687427
2.850000,0.470423,0.186594,0.414991,0.974101,-0.216440,-0.064053,0.013368,0.070566,1.937587,1.000000,0.026462,0.687978
2.855000,0.470290,0.186519,0.414991,0.974098,-0.216447,-0.064076,0.013382,0.070566,1.937455,1.000000,0.026317,0.688531
2.860000,0.470156,0.186445,0.414991,0.974094,-0.216454,-0.064099,0.013397,0.070566,1.937324,1.000000,0.026169,0.689088
2.865000,0.470022,0.186370,0.414992,0.974091,-0.216461,-0.064123,0.013411,0.070566,1.937194,1.000000,0.026018,0.689662
2.870000,0.469890,0.186298,0.414989,0.974088,-0.216467,-0.064148,0.013427,0.070566,1.937064,1.000000,0.025866,0.690322
2.875000,0.469759,0.186225,0.414986,0.974084,-0.216473,-0.064173,0.013442,0.070566,1.936935,1.000000,0.025709,0.690964
2.880000,0.469628,0.186153,0.414984,0.974081,-0.216479,-0.064198,0.013458,0.070566,1.936807,1.000000,0.025549,0.691625
2.885000,0.469496,0.186080,0.414981,0.974078,-0.216486,-0.064223,0.013473,0.070566,1.936680,1.000000,0.025387,0.692303
2.890000,0.469365,0.186008,0.414978,0.974075,-0.216492,-0.064248,0.013489,0.070566,1.936554,1.000000,0.025223,0.692996
2.895000,0.469233,0.185935,0.414976,0.974071,-0.216499,-0.064273,0.013504,0.070566,1.936428,1.000000,0.025057,0.693707
2.900000,0.469102,0.185862,0.414973,0.974068,-0.216505,-0.064298,0.013519,0.070566,1.936303,1.000000,0.024890,0.694437
2.905000,0.468960,0.185784,0.414953,0.974063,-0.216513,-0.064340,0.013546,0.070566,1.936179,1.000000,0.024710,0.694823
2.910000,0.468817,0.185706,0.414932,0.974058,-0.216521,-0.064382,0.013572,0.070566,1.936056,1.000000,0.024534,0.695339
2.915000,0.468675,0.185629,0.414912,0.974053,-0.216528,-0.064425,0.013598,0.070566,1.935934,1.000000,0.024359,0.695875
2.920000,0.468532,0.185551,0.414891,0.974049,-0.216536,-0.064467,0.013625,0.070566,1.935813,1.000000,0.024186,0.696440
2.925000,0.468390,0.185473,0.414871,0.974044,-0.216544,-0.064509,0.013651,0.070566,1.935693,1.000000,0.024015,0.697030
2.930000,0.468247,0.185395,0.414850,0.974039,-0.216552,-0.064551,0.013677,0.070566,1.935573,1.000000,0.023847,0.697639
2.935000,0.468104,0.185315,0.414822,0.974033,-0.216561,-0.064600,0.013707,0.070566,1.935454,1.000000,0.023680,0.698230
2.940000,0.467962,0.185236,0.414794,0.974027,-0.216570,-0.064648,0.013737,0.070566,1.935336,1.000000,0.023516,0.698852
2.945000,0.467819,0.185157,0.414766,0.974022,-0.216579,-0.064696,0.013768,0.070566,1.935219,1.000000,0.023354,0.699492
2.950000,0.467676,0.185077,0.414738,0.974016,-0.216588,-0.064745,0.013798,0.070566,1.935103,1.000000,0.023196,0.700153
2.955000,0.467534,0.184998,0.414709,0.974010,-0.216597,-0.064793,0.013828,0.070566,1.934987,1.000000,0.023040,0.700844
2.960000,0.467391,0.184918,0.414681,0.974005,-0.216606,-0.064842,0.013858,0.070566,1.934873,1.000000,0.022888,0.701552
2.965000,0.467248,0.184839,0.414653,0.973999,-0.216615,-0.064890,0.013888,0.070566,1.934759,1.000000,0.022740,0.702280
2.970000,0.467107,0.184763,0.414627,0.973994,-0.216622,-0.064936,0.013917,0.070566,1.934645,1.000000,0.022596,0.703106
2.975000,0.466966,0.184687,0.414602,0.973989,-0.216630,-0.064982,0.013945,0.070566,1.934533,1.000000,0.022453,0.703922
2.980000,0.466825,0.184610,0.414576,0.973984,-0.216637,-0.065027,0.013973,0.070566,1.934421,1.000000,0.022314,0.704755
2.985000,0.466684,0.184534,0.414550,0.973979,-0.216644,-0.065073,0.014002,0.070566,1.934310,1.000000,0.022176,0.705596
2.990000,0.466543,0.184458,0.414524,0.973974,-0.216651,-0.065119,0.014030,0.070566,1.934199,1.000000,0.022042,0.706450
2.995000,0.466402,0.184382,0.414498,0.973969,-0.216658,-0.065165,0.014058,0.070566,1.934090,1.000000,0.021910,0.707323
3.000000,0.466260,0.184306,0.414473,0.973964,-0.216666,-0.065211,0.014086,0.070566,1.933980,1.000000,0.021781,0.708210
3.005000,0.466102,0.184224,0.414439,0.973958,-0.216672,-0.065265,0.014121,0.070566,1.933872,1.000000,0.021640,0.708670
3.010000,0.465943,0.184142,0.414406,0.973952,-0.216679,-0.065320,0.014155,0.070566,1.933764,1.000000,0.021510,0.709319
3.015000,0.465784,0.184061,0.414372,0.973947,-0.216685,-0.065375,0.014190,0.070566,1.933657,1.000000,0.021385,0.709967
3.020000,0.465625,0.183979,0.414338,0.973941,-0.216692,-0.065430,0.014224,0.070567,1.933550,1.000000,0.021266,0.710630
3.025000,0.465466,0.183897,0.414305,0.973935,-0.216698,-0.065485,0.014259,0.070567,1.933444,1.000000,0.021154,0.711311
3.030000,0.465307,0.183815,0.414271,0.973930,-0.216705,-0.065540,0.014293,0.070567,1.933339,1.000000,0.021048,0.712013
3.035000,0.465149,0.183734,0.414238,0.973924,-0.216711,-0.065595,0.014328,0.070567,1.933234,1.000000,0.020949,0.712736
3.040000,0.464993,0.183647,0.414197,0.973917,-0.216723,-0.065656,0.014365,0.070567,1.933130,1.000000,0.020856,0.713452
3.045000,0.464837,0.183561,0.414157,0.973910,-0.216735,-0.065716,0.014403,0.070567,1.933026,1.000000,0.020771,0.714195
3.050000,0.464681,0.183475,0.414116,0.973902,-0.216747,-0.065777,0.014441,0.070567,1.932922,1.000000,0.020690,0.714929
3.055000,0.464526,0.183389,0.414076,0.973895,-0.216759,-0.065837,0.014479,0.070567,1.932819,1.000000,0.020615,0.715680
3.060000,0.464370,0.183303,0.414035,0.973888,-0.216771,-0.065898,0.014516,0.070567,1.932716,1.000000,0.020546,0.716450
3.065000,0.464214,0.183217,0.413994,0.973880,-0.216783,-0.065959,0.014554,0.070567,1.932613,1.000000,0.020482,0.717244
3.070000,0.464058,0.183130,0.413954,0.973873,-0.216795,-0.066019,0.014592,0.070568,1.932511,1.000000,0.020424,0.718058
3.075000,0.463938,0.183045,0.413933,0.973865,-0.216818,-0.066058,0.014614,0.070568,1.932409,1.000000,0.020404,0.719563
3.080000,0.463819,0.182959,0.413912,0.973856,-0.216842,-0.066097,0.014635,0.070568,1.932307,1.000000,0.020381,0.720826
3.085000,0.463699,0.182873,0.413891,0.973848,-0.216866,-0.066136,0.014657,0.070568,1.932205,1.000000,0.020361,0.722083
3.090000,0.463579,0.182787,0.413870,0.973840,-0.216890,-0.066175,0.014678,0.070568,1.932103,1.000000,0.020342,0.723353
3.095000,0.463460,0.182702,0.413849,0.973832,-0.216914,-0.066214,0.014700,0.070568,1.932002,1.000000,0.020323,0.724634
3.100000,0.463340,0.182616,0.413829,0.973823,-0.216938,-0.066252,0.014722,0.070568,1.931900,1.000000,0.020304,0.725923
3.105000,0.463251,0.182530,0.413834,0.973815,-0.216971,-0.066265,0.014724,0.070568,1.931799,1.000000,0.020316,0.727780
3.110000,0.463162,0.182444,0.413839,0.973806,-0.217005,-0.066277,0.014726,0.070568,1.931697,1.000000,0.020323,0.729460
3.115000,0.463073,0.182358,0.413844,0.973798,-0.217039,-0.066290,0.014729,0.070568,1.931595,1.000000,0.020329,0.731153
3.120000,0.462985,0.182272,0.413849,0.973790,-0.217073,-0.066302,0.014731,0.070568,1.931494,1.000000,0.020332,0.732857
3.125000,0.462896,0.182186,0.413855,0.973781,-0.217107,-0.066314,0.014733,0.070568,1.931392,1.000000,0.020332,0.734570
3.130000,0.462807,0.182100,0.413860,0.973773,-0.217141,-0.066326,0.014736,0.070568,1.931290,1.000000,0.020326,0.736260
3.135000,0.462718,0.182014,0.413865,0.973764,-0.217175,-0.066339,0.014738,0.070568,1.931188,1.000000,0.020315,0.737960
3.140000,0.462644,0.181908,0.413872,0.973751,-0.217232,-0.066350,0.014736,0.070568,1.931087,1.000000,0.020311,0.739554
3.145000,0.462571,0.181802,0.413879,0.973737,-0.217290,-0.066361,0.014734,0.070568,1.930985,1.000000,0.020310,0.741185
3.150000,0.462497,0.181696,0.413885,0.973724,-0.217347,-0.066372,0.014732,0.070568,1.930884,1.000000,0.020309,0.742821
3.155000,0.462423,0.181590,0.413892,0.973710,-0.217404,-0.066383,0.014730,0.070568,1.930782,1.000000,0.020308,0.744466
3.160000,0.462349,0.181484,0.413898,0.973697,-0.217462,-0.066393,0.014728,0.070568,1.930680,1.000000,0.020306,0.746106
3.165000,0.462276,0.181378,0.413905,0.973683,-0.217519,-0.066404,0.014726,0.070568,1.930579,1.000000,0.020301,0.747745
3.170000,0.462202,0.181272,0.413912,0.973670,-0.217576,-0.066415,0.014724,0.070568,1.930477,1.000000,0.020293,0.749393
3.175000,0.462149,0.181138,0.413901,0.973648,-0.217667,-0.066441,0.014728,0.070568,1.930376,1.000000,0.020270,0.750836
3.180000,0.462096,0.181003,0.413891,0.973626,-0.217758,-0.066466,0.014731,0.070568,1.930274,1.000000,0.020241,0.752368
3.185000,0.462043,0.180869,0.413880,0.973603,-0.217849,-0.066492,0.014735,0.070568,1.930173,1.000000,0.020209,0.753905
3.190000,0.461990,0.180734,0.413870,0.973581,-0.217940,-0.066517,0.014738,0.070568,1.930072,1.000000,0.020178,0.755437
3.195000,0.461937,0.180599,0.413859,0.973559,-0.218031,-0.066543,0.014742,0.070568,1.929971,1.000000,0.020147,0.756943
3.200000,0.461884,0.180465,0.413849,0.973537,-0.218121,-0.066569,0.014745,0.070568,1.929871,1.000000,0.020118,0.758452
3.205000,0.461831,0.180330,0.413838,0.973515,-0.218212,-0.066594,0.014749,0.070568,1.929770,1.000000,0.020092,0.759966
3.210000,0.461806,0.180182,0.413821,0.973487,-0.218325,-0.066624,0.014752,0.070568,1.929670,1.000000,0.020075,0.761670
3.215000,0.461782,0.180034,0.413803,0.973460,-0.218437,-0.066654,0.014755,0.070568,1.929569,1.000000,0.020054,0.763309
3.220000,0.461757,0.179886,0.413785,0.973433,-0.218550,-0.066684,0.014758,0.070568,1.929469,1.000000,0.020033,0.764949
3.225000,0.461733,0.179738,0.413768,0.973405,-0.218663,-0.066714,0.014761,0.070568,1.929369,1.000000,0.020011,0.766583
3.230000,0.461708,0.179590,0.413750,0.973378,-0.218776,-0.066743,0.014764,0.070568,1.929269,1.000000,0.019988,0.768217
3.235000,0.461684,0.179442,0.413732,0.973351,-0.218888,-0.066773,0.014767,0.070568,1.929169,1.000000,0.019964,0.769854
3.240000,0.461660,0.179294,0.413715,0.973323,-0.219001,-0.066803,0.014770,0.070568,1.929069,1.000000,0.019938,0.771487
3.245000,0.461659,0.179136,0.413702,0.973292,-0.219130,-0.066826,0.014767,0.070568,1.928969,1.000000,0.019917,0.773310
3.250000,0.461658,0.178979,0.413690,0.973262,-0.219260,-0.066849,0.014764,0.070568,1.928870,1.000000,0.019891,0.775069
3.255000,0.461657,0.178821,0.413678,0.973231,-0.219390,-0.066872,0.014761,0.070568,1.928770,1.000000,0.019862,0.776823
3.260000,0.461656,0.178663,0.413666,0.973200,-0.219520,-0.066895,0.014757,0.070568,1.928671,1.000000,0.019830,0.778571
3.265000,0.461656,0.178505,0.413654,0.973169,-0.219649,-0.066918,0.014754,0.070568,1.928572,1.000000,0.019794,0.780321
3.270000,0.461655,0.178348,0.413641,0.973139,-0.219779,-0.066940,0.014751,0.070568,1.928473,1.000000,0.019755,0.782069
3.275000,0.461687,0.178182,0.413633,0.973104,-0.219928,-0.066955,0.014743,0.070568,1.928374,1.000000,0.019719,0.784168
3.280000,0.461719,0.178015,0.413625,0.973069,-0.220078,-0.066970,0.014735,0.070568,1.928276,1.000000,0.019673,0.786145
3.285000,0.461751,0.177849,0.413616,0.973035,-0.220227,-0.066985,0.014727,0.070568,1.928177,1.000000,0.019620,0.788122
3.290000,0.461783,0.177683,0.413608,0.973000,-0.220376,-0.067000,0.014719,0.070568,1.928079,1.000000,0.019559,0.790093
3.295000,0.461815,0.177517,0.413600,0.972965,-0.220526,-0.067015,0.014711,0.070568,1.927982,1.000000,0.019491,0.792066
3.300000,0.461847,0.177351,0.413591,0.972930,-0.220675,-0.067030,0.014703,0.070568,1.927884,1.000000,0.019416,0.794039
3.305000,0.461879,0.177184,0.413583,0.972895,-0.220825,-0.067044,0.014695,0.070568,1.927787,1.000000,0.019334,0.796002
3.310000,0.461938,0.177004,0.413575,0.972896,-0.220829,-0.067024,0.014711,0.070568,1.927691,1.000000,0.019265,0.798029
3.315000,0.461997,0.176823,0.413567,0.972897,-0.220829,-0.067003,0.014728,0.070568,1.927595,1.000000,0.019179,0.800032
3.320000,0.462056,0.176642,0.413559,0.972898,-0.220829,-0.066981,0.014746,0.070568,1.927499,1.000000,0.019064,0.802030
3.325000,0.462115,0.176461,0.413550,0.972899,-0.220829,-0.066959,0.014764,0.070568,1.927404,1.000000,0.018937,0.804025
3.330000,0.462173,0.176280,0.413542,0.972900,-0.220830,-0.066935,0.014783,0.070568,1.927309,1.000000,0.018859,0.806020
3.335000,0.462232,0.176100,0.413534,0.972901,-0.220831,-0.066912,0.014803,0.070568,1.927215,1.000000,0.018875,0.808020
3.340000,0.462291,0.175919,0.413526,0.972902,-0.220832,-0.066888,0.014824,0.070568,1.927120,1.000000,0.018964,0.810025
3.345000,0.462359,0.175727,0.413520,0.972904,-0.220835,-0.066861,0.014845,0.070568,1.927025,1.000000,0.019102,0.811945
3.350000,0.462426,0.175535,0.413513,0.972905,-0.220837,-0.066834,0.014868,0.070568,1.926929,1.000000,0.019277,0.813887
3.355000,0.462494,0.175343,0.413507,0.972906,-0.220838,-0.066809,0.014890,0.070568,1.926832,1.000000,0.019472,0.815810
3.360000,0.462561,0.175151,0.413501,0.972907,-0.220839,-0.066786,0.014913,0.070568,1.926734,1.000000,0.019675,0.817734
3.365000,0.462629,0.174959,0.413494,0.972908,-0.220840,-0.066764,0.014936,0.070568,1.926635,1.000000,0.019882,0.819657
3.370000,0.462696,0.174767,0.413488,0.972908,-0.220841,-0.066744,0.014959,0.070568,1.926535,1.000000,0.020088,0.821576
3.375000,0.462764,0.174575,0.413482,0.972909,-0.220841,-0.066725,0.014983,0.070568,1.926433,1.000000,0.020293,0.823495
3.380000,0.462834,0.174378,0.413479,0.972910,-0.220841,-0.066705,0.015005,0.070568,1.926331,1.000000,0.020494,0.825357
3.385000,0.462904,0.174181,0.413476,0.972911,-0.220840,-0.066686,0.015027,0.070568,1.926228,1.000000,0.020695,0.827232
3.390000,0.462973,0.173984,0.413472,0.972912,-0.220840,-0.066669,0.015049,0.070568,1.926124,1.000000,0.020892,0.829106
3.395000,0.463043,0.173787,0.413469,0.972913,-0.220839,-0.066654,0.015071,0.070568,1.926019,1.000000,0.021085,0.830980
3.400000,0.463113,0.173590,0.413466,0.972914,-0.220837,-0.066640,0.015093,0.070568,1.925913,1.000000,0.021273,0.832850
3.405000,0.463183,0.173393,0.413463,0.972915,-0.220836,-0.066627,0.015115,0.070568,1.925806,1.000000,0.021456,0.834717
3.410000,0.463253,0.173196,0.413460,0.972916,-0.220834,-0.066617,0.015138,0.070568,1.925698,1.000000,0.021633,0.836584
3.415000,0.463330,0.172983,0.413456,0.972917,-0.220832,-0.066607,0.015161,0.070568,1.925589,1.000000,0.021800,0.838240
3.420000,0.463407,0.172770,0.413452,0.972917,-0.220830,-0.066599,0.015185,0.070568,1.925480,1.000000,0.021974,0.839967
3.425000,0.463483,0.172557,0.413448,0.972918,-0.220828,-0.066593,0.015208,0.070568,1.925369,1.000000,0.022148,0.841696
3.430000,0.463560,0.172344,0.413444,0.972918,-0.220825,-0.066588,0.015232,0.070568,1.925258,1.000000,0.022320,0.843424
3.435000,0.463637,0.172131,0.413440,0.972919,-0.220823,-0.066585,0.015255,0.070568,1.925146,1.000000,0.022489,0.845146
3.440000,0.463714,0.171918,0.413436,0.972919,-0.220820,-0.066584,0.015278,0.070568,1.925033,1.000000,0.022654,0.846869
3.445000,0.463795,0.171691,0.413433,0.972919,-0.220817,-0.066583,0.015301,0.070568,1.924919,1.000000,0.022810,0.848381
3.450000,0.463876,0.171463,0.413430,0.972920,-0.220815,-0.066583,0.015324,0.070568,1.924804,1.000000,0.022975,0.849985
3.455000,0.463958,0.171236,0.413427,0.972920,-0.220812,-0.066585,0.015347,0.070568,1.924689,1.000000,0.023141,0.851592
3.460000,0.464039,0.171008,0.413424,0.972920,-0.220809,-0.066589,0.015370,0.070568,1.924573,1.000000,0.023305,0.853200
3.465000,0.464120,0.170781,0.413421,0.972920,-0.220805,-0.066594,0.015392,0.070568,1.924456,1.000000,0.023467,0.854784
3.470000,0.464201,0.170553,0.413418,0.972920,-0.220802,-0.066600,0.015414,0.070568,1.924338,1.000000,0.023626,0.856366
3.475000,0.464283,0.170326,0.413415,0.972920,-0.220799,-0.066608,0.015436,0.070568,1.924219,1.000000,0.023778,0.857949
3.480000,0.464368,0.170085,0.413415,0.972920,-0.220796,-0.066614,0.015458,0.070568,1.924100,1.000000,0.023912,0.859340
3.485000,0.464453,0.169845,0.413415,0.972919,-0.220793,-0.066622,0.015481,0.070568,1.923980,1.000000,0.024045,0.860794
3.490000,0.464538,0.169604,0.413415,0.972919,-0.220790,-0.066630,0.015502,0.070568,1.923859,1.000000,0.024172,0.862250
3.495000,0.464623,0.169364,0.413415,0.972919,-0.220787,-0.066640,0.015524,0.070568,1.923738,1.000000,0.024292,0.863707
3.500000,0.464708,0.169124,0.413415,0.972919,-0.220784,-0.066651,0.015545,0.070568,1.923616,1.000000,0.024403,0.865164
3.505000,0.464794,0.168883,0.413415,0.972918,-0.220780,-0.066662,0.015566,0.070568,1.923494,1.000000,0.024505,0.866621
3.510000,0.464879,0.168643,0.413415,0.972918,-0.220777,-0.066675,0.015587,0.070568,1.923371,1.000000,0.024599,0.868078
3.515000,0.464970,0.168384,0.413413,0.972917,-0.220775,-0.066689,0.015610,0.070568,1.923248,1.000000,0.024675,0.869268
3.520000,0.465061,0.168125,0.413412,0.972916,-0.220772,-0.066705,0.015634,0.070568,1.923124,1.000000,0.024758,0.870550
3.525000,0.465152,0.167866,0.413411,0.972915,-0.220770,-0.066721,0.015658,0.070568,1.923000,1.000000,0.024839,0.871835
3.530000,0.465243,0.167608,0.413410,0.972914,-0.220767,-0.066738,0.015681,0.070568,1.922876,1.000000,0.024928,0.873118
3.535000,0.465334,0.167349,0.413408,0.972913,-0.220765,-0.066756,0.015704,0.070568,1.922751,1.000000,0.025042,0.874404
3.540000,0.465425,0.167090,0.413407,0.972912,-0.220762,-0.066775,0.015726,0.070568,1.922625,1.000000,0.025169,0.875691
3.545000,0.465516,0.166831,0.413406,0.972911,-0.220760,-0.066794,0.015748,0.070568,1.922499,1.000000,0.025301,0.876975
3.550000,0.465611,0.166557,0.413404,0.972909,-0.220758,-0.066818,0.015771,0.070568,1.922372,1.000000,0.025421,0.878031
3.555000,0.465706,0.166282,0.413402,0.972908,-0.220756,-0.066842,0.015793,0.070568,1.922245,1.000000,0.025552,0.879167
3.560000,0.465802,0.166008,0.413400,0.972906,-0.220753,-0.066867,0.015814,0.070568,1.922117,1.000000,0.025683,0.880302
3.565000,0.465897,0.165733,0.413398,0.972905,-0.220751,-0.066894,0.015835,0.070568,1.921988,1.000000,0.025814,0.881438
3.570000,0.465992,0.165459,0.413396,0.972903,-0.220749,-0.066921,0.015855,0.070568,1.921858,1.000000,0.025942,0.882576
3.575000,0.466088,0.165184,0.413394,0.972901,-0.220747,-0.066949,0.015874,0.070568,1.921728,1.000000,0.026066,0.883715
3.580000,0.466183,0.164910,0.413392,0.972899,-0.220745,-0.066978,0.015893,0.070568,1.921598,1.000000,0.026187,0.884855
3.585000,0.466283,0.164619,0.413391,0.972897,-0.220743,-0.067010,0.015911,0.070568,1.921466,1.000000,0.026290,0.885756
3.590000,0.466383,0.164328,0.413390,0.972895,-0.220741,-0.067042,0.015929,0.070568,1.921335,1.000000,0.026403,0.886742
3.595000,0.466483,0.164036,0.413389,0.972893,-0.220740,-0.067075,0.015946,0.070568,1.921203,1.000000,0.026518,0.887730
3.600000,0.466583,0.163745,0.413388,0.972891,-0.220738,-0.067109,0.015962,0.070568,1.921070,1.000000,0.026632,0.888721
3.605000,0.466683,0.163454,0.413387,0.972889,-0.220736,-0.067143,0.015977,0.070568,1.920936,1.000000,0.026744,0.889715
3.610000,0.466783,0.163163,0.413386,0.972886,-0.220734,-0.067179,0.015992,0.070568,1.920802,1.000000,0.026853,0.890710
3.615000,0.466886,0.162857,0.413386,0.972884,-0.220733,-0.067216,0.016007,0.070568,1.920668,1.000000,0.026946,0.891489
3.620000,0.466990,0.162550,0.413386,0.972881,-0.220731,-0.067254,0.016021,0.070568,1.920533,1.000000,0.027049,0.892347
3.625000,0.467094,0.162244,0.413385,0.972879,-0.220730,-0.067293,0.016035,0.070568,1.920398,1.000000,0.027153,0.893213
3.630000,0.467197,0.161938,0.413385,0.972876,-0.220729,-0.067333,0.016048,0.070568,1.920262,1.000000,0.027257,0.894084
3.635000,0.467301,0.161632,0.413384,0.972873,-0.220727,-0.067373,0.016060,0.070568,1.920125,1.000000,0.027359,0.894958
3.640000,0.467405,0.161326,0.413384,0.972871,-0.220726,-0.067414,0.016071,0.070568,1.919988,1.000000,0.027459,0.895829
3.645000,0.467508,0.161019,0.413383,0.972868,-0.220725,-0.067455,0.016082,0.070568,1.919851,1.000000,0.027556,0.896701
3.650000,0.467616,0.160697,0.413383,0.972865,-0.220724,-0.067500,0.016092,0.070568,1.919713,1.000000,0.027631,0.897345
3.655000,0.467724,0.160374,0.413382,0.972862,-0.220723,-0.067546,0.016101,0.070568,1.919575,1.000000,0.027719,0.898075
3.660000,0.467832,0.160052,0.413382,0.972858,-0.220722,-0.067592,0.016110,0.070568,1.919436,1.000000,0.027809,0.898813
3.665000,0.467940,0.159729,0.413382,0.972855,-0.220722,-0.067639,0.016118,0.070568,1.919297,1.000000,0.027898,0.899555
3.670000,0.468048,0.159406,0.413381,0.972852,-0.220721,-0.067687,0.016125,0.070568,1.919157,1.000000,0.027986,0.900302
3.675000,0.468156,0.159083,0.413381,0.972848,-0.220721,-0.067735,0.016132,0.070568,1.919017,1.000000,0.028068,0.901051
3.680000,0.468264,0.158761,0.413380,0.972845,-0.220720,-0.067784,0.016138,0.070568,1.918877,1.000000,0.028142,0.901805
3.685000,0.468375,0.158424,0.413379,0.972841,-0.220720,-0.067837,0.016141,0.070568,1.918736,1.000000,0.028190,0.902368
3.690000,0.468486,0.158088,0.413378,0.972837,-0.220720,-0.067891,0.016144,0.070568,1.918595,1.000000,0.028244,0.903022
3.695000,0.468597,0.157752,0.413376,0.972834,-0.220720,-0.067946,0.016146,0.070568,1.918454,1.000000,0.028293,0.903684
3.700000,0.468708,0.157415,0.413375,0.972830,-0.220721,-0.068001,0.016148,0.070568,1.918313,1.000000,0.028336,0.904351
3.705000,0.468818,0.157079,0.413373,0.972826,-0.220721,-0.068057,0.016149,0.070568,1.918171,1.000000,0.028372,0.905005
3.710000,0.468929,0.156742,0.413372,0.972822,-0.220721,-0.068113,0.016149,0.070568,1.918029,1.000000,0.028400,0.905663
3.715000,0.469040,0.156406,0.413370,0.972818,-0.220721,-0.068169,0.016150,0.070568,1.917887,1.000000,0.028422,0.906326
3.720000,0.469158,0.156041,0.413368,0.972813,-0.220723,-0.068233,0.016147,0.070568,1.917746,1.000000,0.028398,0.906591
3.725000,0.469276,0.155675,0.413366,0.972808,-0.220724,-0.068297,0.016144,0.070568,1.917604,1.000000,0.028397,0.907000
3.730000,0.469394,0.155309,0.413364,0.972803,-0.220725,-0.068362,0.016140,0.070568,1.917462,1.000000,0.028398,0.907419
3.735000,0.469512,0.154943,0.413361,0.972799,-0.220726,-0.068427,0.016136,0.070568,1.917321,1.000000,0.028399,0.907842
3.740000,0.469630,0.154577,0.413359,0.972794,-0.220728,-0.068492,0.016131,0.070568,1.917179,1.000000,0.028399,0.908270
3.745000,0.469749,0.154211,0.413357,0.972789,-0.220729,-0.068558,0.016126,0.070568,1.917037,1.000000,0.028395,0.908705
3.750000,0.469867,0.153845,0.413354,0.972784,-0.220731,-0.068624,0.016120,0.070567,1.916896,1.000000,0.028388,0.909149
3.755000,0.469991,0.153453,0.413352,0.972779,-0.220733,-0.068697,0.016111,0.070567,1.916754,1.000000,0.028338,0.909242
3.760000,0.470115,0.153060,0.413350,0.972773,-0.220735,-0.068770,0.016101,0.070567,1.916613,1.000000,0.028311,0.909469
3.765000,0.470239,0.152667,0.413348,0.972767,-0.220738,-0.068844,0.016090,0.070567,1.916472,1.000000,0.028288,0.909709
3.770000,0.470363,0.152274,0.413346,0.972762,-0.220741,-0.068918,0.016079,0.070567,1.916331,1.000000,0.028266,0.909958
3.775000,0.470488,0.151880,0.413344,0.972756,-0.220743,-0.068992,0.016067,0.070567,1.916190,1.000000,0.028243,0.910217
3.780000,0.470612,0.151487,0.413342,0.972750,-0.220746,-0.069067,0.016054,0.070567,1.916049,1.000000,0.028217,0.910487
3.785000,0.470734,0.151093,0.413339,0.972744,-0.220749,-0.069145,0.016039,0.070567,1.915909,1.000000,0.028186,0.910708
3.790000,0.470856,0.150699,0.413336,0.972738,-0.220752,-0.069223,0.016024,0.070567,1.915768,1.000000,0.028151,0.910957
3.795000,0.470978,0.150305,0.413332,0.972732,-0.220756,-0.069302,0.016008,0.070567,1.915628,1.000000,0.028110,0.911216
3.800000,0.471101,0.149911,0.413329,0.972726,-0.220759,-0.069380,0.015991,0.070567,1.915488,1.000000,0.028065,0.911486
3.805000,0.471223,0.149517,0.413326,0.972720,-0.220763,-0.069459,0.015975,0.070567,1.915348,1.000000,0.028013,0.911765
3.810000,0.471345,0.149123,0.413323,0.972714,-0.220766,-0.069538,0.015958,0.070567,1.915209,1.000000,0.027955,0.912054
3.815000,0.471467,0.148729,0.413319,0.972708,-0.220770,-0.069617,0.015940,0.070567,1.915070,1.000000,0.027889,0.912352
3.820000,0.471586,0.148337,0.413315,0.972701,-0.220773,-0.069697,0.015922,0.070567,1.914931,1.000000,0.027821,0.912634
3.825000,0.471705,0.147945,0.413311,0.972695,-0.220777,-0.069778,0.015903,0.070567,1.914792,1.000000,0.027742,0.912934
3.830000,0.471824,0.147554,0.413307,0.972689,-0.220780,-0.069858,0.015884,0.070567,1.914654,1.000000,0.027653,0.913243
3.835000,0.471943,0.147162,0.413303,0.972683,-0.220784,-0.069938,0.015865,0.070567,1.914517,1.000000,0.027557,0.913557
3.840000,0.472062,0.146770,0.413299,0.972676,-0.220788,-0.070018,0.015847,0.070567,1.914380,1.000000,0.027452,0.913881
3.845000,0.472180,0.146378,0.413294,0.972670,-0.220791,-0.070098,0.015828,0.070567,1.914243,1.000000,0.027338,0.914214
3.850000,0.472299,0.145987,0.413290,0.972664,-0.220794,-0.070177,0.015810,0.070567,1.914107,1.000000,0.027217,0.914552
3.855000,0.472421,0.145581,0.413288,0.972658,-0.220798,-0.070258,0.015788,0.070567,1.913972,1.000000,0.027062,0.914714
3.860000,0.472543,0.145174,0.413286,0.972651,-0.220801,-0.070339,0.015766,0.070567,1.913838,1.000000,0.026916,0.914951
3.865000,0.472664,0.144768,0.413284,0.972645,-0.220804,-0.070419,0.015744,0.070567,1.913704,1.000000,0.026767,0.915199
3.870000,0.472786,0.144361,0.413282,0.972639,-0.220807,-0.070500,0.015723,0.070567,1.913571,1.000000,0.026619,0.915457
3.875000,0.472907,0.143955,0.413279,0.972633,-0.220810,-0.070580,0.015701,0.070567,1.913439,1.000000,0.026483,0.915726
3.880000,0.473029,0.143548,0.413277,0.972627,-0.220813,-0.070660,0.015681,0.070567,1.913307,1.000000,0.026354,0.916000
3.885000,0.473151,0.143142,0.413275,0.972621,-0.220816,-0.070740,0.015661,0.070567,1.913176,1.000000,0.026232,0.916282
3.890000,0.473274,0.142724,0.413275,0.972615,-0.220818,-0.070819,0.015641,0.070567,1.913046,1.000000,0.026093,0.916430
3.895000,0.473397,0.142306,0.413275,0.972608,-0.220821,-0.070899,0.015621,0.070567,1.912917,1.000000,0.025968,0.916627
3.900000,0.473521,0.141888,0.413275,0.972602,-0.220824,-0.070979,0.015603,0.070567,1.912788,1.000000,0.025846,0.916824
3.905000,0.473644,0.141470,0.413275,0.972596,-0.220828,-0.071059,0.015585,0.070567,1.912659,1.000000,0.025727,0.917033
3.910000,0.473767,0.141053,0.413275,0.972590,-0.220831,-0.071139,0.015568,0.070567,1.912531,1.000000,0.025610,0.917257
3.915000,0.473891,0.140635,0.413275,0.972583,-0.220834,-0.071220,0.015553,0.070567,1.912404,1.000000,0.025494,0.917502
3.920000,0.474014,0.140217,0.413275,0.972577,-0.220837,-0.071300,0.015538,0.070567,1.912278,1.000000,0.025378,0.917758
3.925000,0.474136,0.139793,0.413274,0.972570,-0.220841,-0.071379,0.015529,0.070567,1.912152,1.000000,0.025252,0.917916
3.930000,0.474259,0.139370,0.413273,0.972564,-0.220845,-0.071459,0.015522,0.070567,1.912026,1.000000,0.025130,0.918119
3.935000,0.474381,0.138946,0.413272,0.972557,-0.220849,-0.071538,0.015515,0.070567,1.911902,1.000000,0.025009,0.918335
3.940000,0.474503,0.138523,0.413272,0.972551,-0.220853,-0.071618,0.015510,0.070567,1.911778,1.000000,0.024886,0.918563
3.945000,0.474625,0.138099,0.413271,0.972544,-0.220857,-0.071697,0.015505,0.070567,1.911654,1.000000,0.024761,0.918792
3.950000,0.474748,0.137676,0.413270,0.972537,-0.220861,-0.071777,0.015502,0.070567,1.911531,1.000000,0.024634,0.919031
3.955000,0.474868,0.137250,0.413269,0.972530,-0.220866,-0.071857,0.015502,0.070567,1.911409,1.000000,0.024501,0.919204
3.960000,0.474988,0.136824,0.413268,0.972523,-0.220870,-0.071936,0.015503,0.070567,1.911287,1.000000,0.024368,0.919412
3.965000,0.475109,0.136398,0.413266,0.972516,-0.220875,-0.072016,0.015505,0.070567,1.911167,1.000000,0.024232,0.919632
3.970000,0.475229,0.135972,0.413265,0.972509,-0.220880,-0.072096,0.015508,0.070567,1.911046,1.000000,0.024094,0.919864
3.975000,0.475349,0.135546,0.413264,0.972502,-0.220886,-0.072175,0.015512,0.070567,1.910927,1.000000,0.023952,0.920101
3.980000,0.475469,0.135120,0.413263,0.972494,-0.220891,-0.072255,0.015518,0.070567,1.910808,1.000000,0.023807,0.920345
3.985000,0.475590,0.134694,0.413261,0.972487,-0.220897,-0.072336,0.015524,0.070567,1.910690,1.000000,0.023659,0.920600
3.990000,0.475705,0.134276,0.413260,0.972480,-0.220902,-0.072415,0.015529,0.070567,1.910573,1.000000,0.023524,0.920871
3.995000,0.475820,0.133857,0.413260,0.972473,-0.220907,-0.072495,0.015535,0.070567,1.910456,1.000000,0.023375,0.921145
4.000000,0.475936,0.133439,0.413259,0.972465,-0.220913,-0.072574,0.015542,0.070567,1.910340,1.000000,0.023220,0.921429
4.005000,0.476051,0.133021,0.413258,0.972458,-0.220919,-0.072654,0.015551,0.070567,1.910225,1.000000,0.023059,0.921723
4.010000,0.476166,0.132602,0.413257,0.972450,-0.220925,-0.072734,0.015560,0.070567,1.910111,1.000000,0.022894,0.922016
4.015000,0.476282,0.132184,0.413256,0.972443,-0.220931,-0.072813,0.015571,0.070567,1.909997,1.000000,0.022725,0.922319
4.020000,0.476397,0.131766,0.413255,0.972435,-0.220938,-0.072893,0.015584,0.070567,1.909885,1.000000,0.022551,0.922634
4.025000,0.476509,0.131351,0.413254,0.972428,-0.220944,-0.072971,0.015598,0.070567,1.909773,1.000000,0.022382,0.922923
4.030000,0.476621,0.130936,0.413253,0.972420,-0.220951,-0.073049,0.015613,0.070567,1.909662,1.000000,0.022205,0.923230
4.035000,0.476733,0.130521,0.413253,0.972412,-0.220958,-0.073127,0.015629,0.070567,1.909552,1.000000,0.022024,0.923546
4.040000,0.476845,0.130106,0.413252,0.972404,-0.220966,-0.073205,0.015647,0.070567,1.909443,1.000000,0.021839,0.923865
4.045000,0.476957,0.129691,0.413251,0.972396,-0.220973,-0.073284,0.015667,0.070567,1.909335,1.000000,0.021651,0.924191
4.050000,0.477069,0.129276,0.413250,0.972388,-0.220981,-0.073362,0.015687,0.070567,1.909228,1.000000,0.021459,0.924526
4.055000,0.477181,0.128861,0.413249,0.972380,-0.220989,-0.073440,0.015710,0.070567,1.909122,1.000000,0.021265,0.924865
4.060000,0.477288,0.128456,0.413248,0.972372,-0.220998,-0.073517,0.015731,0.070567,1.909017,1.000000,0.021090,0.925224
4.065000,0.477395,0.128050,0.413247,0.972364,-0.221006,-0.073594,0.015755,0.070567,1.908912,1.000000,0.020900,0.925586
4.070000,0.477503,0.127645,0.413246,0.972356,-0.221015,-0.073671,0.015779,0.070567,1.908809,1.000000,0.020706,0.925953
4.075000,0.477610,0.127240,0.413245,0.972348,-0.221024,-0.073748,0.015805,0.070567,1.908706,1.000000,0.020508,0.926320
4.080000,0.477717,0.126834,0.413243,0.972339,-0.221033,-0.073824,0.015833,0.070567,1.908605,1.000000,0.020307,0.926695
4.085000,0.477824,0.126429,0.413242,0.972331,-0.221043,-0.073901,0.015862,0.070567,1.908505,1.000000,0.020103,0.927078
4.090000,0.477931,0.126023,0.413241,0.972322,-0.221054,-0.073978,0.015892,0.070567,1.908405,1.000000,0.019897,0.927456
4.095000,0.478035,0.125621,0.413240,0.972313,-0.221064,-0.074058,0.015920,0.070567,1.908307,1.000000,0.019696,0.927810
4.100000,0.478138,0.125219,0.413239,0.972304,-0.221074,-0.074137,0.015948,0.070567,1.908209,1.000000,0.019489,0.928183
4.105000,0.478242,0.124816,0.413237,0.972295,-0.221085,-0.074216,0.015978,0.070567,1.908113,1.000000,0.019280,0.928552
4.110000,0.478346,0.124414,0.413236,0.972286,-0.221097,-0.074296,0.016010,0.070567,1.908018,1.000000,0.019069,0.928927
4.115000,0.478450,0.124012,0.413235,0.972277,-0.221108,-0.074375,0.016043,0.070567,1.907924,1.000000,0.018857,0.929311
4.120000,0.478554,0.123610,0.413233,0.972267,-0.221121,-0.074455,0.016077,0.070567,1.907830,1.000000,0.018643,0.929692
4.125000,0.478657,0.123199,0.413232,0.972258,-0.221134,-0.074533,0.016116,0.070567,1.907738,1.000000,0.018414,0.929966
4.130000,0.478761,0.122788,0.413231,0.972248,-0.221148,-0.074612,0.016157,0.070567,1.907647,1.000000,0.018194,0.930286
4.135000,0.478864,0.122378,0.413230,0.972238,-0.221162,-0.074690,0.016199,0.070567,1.907558,1.000000,0.017978,0.930610
4.140000,0.478968,0.121967,0.413229,0.972228,-0.221177,-0.074769,0.016242,0.070567,1.907469,1.000000,0.017765,0.930934
4.145000,0.479071,0.121556,0.413228,0.972217,-0.221193,-0.074848,0.016286,0.070567,1.907381,1.000000,0.017554,0.931267
4.150000,0.479175,0.121146,0.413227,0.972207,-0.221209,-0.074928,0.016332,0.070567,1.907295,1.000000,0.017344,0.931605
4.155000,0.479278,0.120735,0.413226,0.972196,-0.221225,-0.075007,0.016378,0.070567,1.907209,1.000000,0.017136,0.931941
4.160000,0.479381,0.120320,0.413226,0.972185,-0.221243,-0.075083,0.016432,0.070567,1.907124,1.000000,0.016923,0.932196
4.165000,0.479483,0.119904,0.413225,0.972174,-0.221261,-0.075159,0.016487,0.070567,1.907041,1.000000,0.016717,0.932490
4.170000,0.479585,0.119489,0.413225,0.972163,-0.221280,-0.075235,0.016544,0.070567,1.906959,1.000000,0.016515,0.932778
4.175000,0.479687,0.119073,0.413225,0.972152,-0.221300,-0.075312,0.016601,0.070567,1.906877,1.000000,0.016316,0.933074
4.180000,0.479789,0.118658,0.413224,0.972140,-0.221320,-0.075389,0.016658,0.070567,1.906797,1.000000,0.016119,0.933380
4.185000,0.479891,0.118243,0.413224,0.972129,-0.221340,-0.075467,0.016717,0.070567,1.906717,1.000000,0.015926,0.933682
4.190000,0.479994,0.117827,0.413224,0.972117,-0.221361,-0.075545,0.016776,0.070567,1.906638,1.000000,0.015734,0.933991
4.195000,0.480094,0.117410,0.413224,0.972105,-0.221383,-0.075622,0.016837,0.070567,1.906561,1.000000,0.015542,0.934240
4.200000,0.480194,0.116993,0.413224,0.972093,-0.221405,-0.075700,0.016898,0.070567,1.906484,1.000000,0.015352,0.934507
4.205000,0.480294,0.116576,0.413224,0.972080,-0.221427,-0.075778,0.016961,0.070567,1.906409,1.000000,0.015165,0.934777
4.210000,0.480394,0.116159,0.413224,0.972068,-0.221450,-0.075857,0.017023,0.070567,1.906334,1.000000,0.014979,0.935055
4.215000,0.480493,0.115742,0.413224,0.972055,-0.221474,-0.075936,0.017087,0.070567,1.906260,1.000000,0.014795,0.935338
4.220000,0.480593,0.115325,0.413224,0.972042,-0.221498,-0.076016,0.017150,0.070567,1.906187,1.000000,0.014612,0.935624
4.225000,0.480693,0.114909,0.413224,0.972029,-0.221522,-0.076097,0.017214,0.070567,1.906115,1.000000,0.014430,0.935919
4.230000,0.480790,0.114494,0.413223,0.972016,-0.221546,-0.076176,0.017278,0.070567,1.906044,1.000000,0.014256,0.936173
4.235000,0.480887,0.114080,0.413222,0.972003,-0.221571,-0.076255,0.017343,0.070567,1.905974,1.000000,0.014079,0.936438
4.240000,0.480984,0.113665,0.413220,0.971990,-0.221596,-0.076335,0.017408,0.070567,1.905904,1.000000,0.013902,0.936712
4.245000,0.481081,0.113251,0.413219,0.971977,-0.221622,-0.076415,0.017473,0.070567,1.905836,1.000000,0.013725,0.936992
4.250000,0.481178,0.112837,0.413217,0.971963,-0.221648,-0.076496,0.017538,0.070567,1.905768,1.000000,0.013546,0.937254
4.255000,0.481275,0.112422,0.413216,0.971950,-0.221674,-0.076578,0.017604,0.070567,1.905701,1.000000,0.013367,0.937524
4.260000,0.481372,0.112008,0.413215,0.971936,-0.221701,-0.076660,0.017669,0.070567,1.905636,1.000000,0.013187,0.937803
4.265000,0.481463,0.111607,0.413212,0.971923,-0.221729,-0.076734,0.017743,0.070567,1.905571,1.000000,0.013040,0.938085
4.270000,0.481554,0.111205,0.413209,0.971909,-0.221756,-0.076808,0.017816,0.070567,1.905506,1.000000,0.012880,0.938373
4.275000,0.481646,0.110804,0.413207,0.971895,-0.221785,-0.076882,0.017890,0.070567,1.905443,1.000000,0.012718,0.938668
4.280000,0.481737,0.110403,0.413204,0.971882,-0.221813,-0.076957,0.017964,0.070567,1.905380,1.000000,0.012554,0.938960
4.285000,0.481828,0.110002,0.413201,0.971868,-0.221842,-0.077033,0.018039,0.070567,1.905318,1.000000,0.012389,0.939254
4.290000,0.481920,0.109601,0.413199,0.971853,-0.221872,-0.077109,0.018113,0.070567,1.905257,1.000000,0.012223,0.939555
4.295000,0.482010,0.109191,0.413197,0.971839,-0.221905,-0.077174,0.018206,0.070567,1.905197,1.000000,0.012042,0.939742
4.300000,0.482101,0.108780,0.413196,0.971824,-0.221938,-0.077240,0.018299,0.070567,1.905138,1.000000,0.011873,0.939965
4.305000,0.482192,0.108370,0.413194,0.971810,-0.221971,-0.077307,0.018392,0.070567,1.905080,1.000000,0.011708,0.940197
4.310000,0.482282,0.107960,0.413192,0.971795,-0.222005,-0.077374,0.018486,0.070567,1.905022,1.000000,0.011547,0.940432
4.315000,0.482373,0.107549,0.413191,0.971780,-0.222040,-0.077441,0.018580,0.070567,1.904965,1.000000,0.011389,0.940663
4.320000,0.482464,0.107139,0.413189,0.971765,-0.222075,-0.077509,0.018674,0.070567,1.904909,1.000000,0.011232,0.940900
4.325000,0.482554,0.106729,0.413188,0.971749,-0.222110,-0.077578,0.018768,0.070567,1.904854,1.000000,0.011077,0.941146
4.330000,0.482646,0.106302,0.413186,0.971734,-0.222149,-0.077633,0.018884,0.070567,1.904800,1.000000,0.010897,0.941247
4.335000,0.482738,0.105876,0.413185,0.971718,-0.222188,-0.077689,0.019001,0.070567,1.904746,1.000000,0.010737,0.941404
4.340000,0.482830,0.105449,0.413183,0.971702,-0.222228,-0.077745,0.019118,0.070567,1.904693,1.000000,0.010584,0.941572
4.345000,0.482921,0.105022,0.413182,0.971686,-0.222269,-0.077802,0.019234,0.070567,1.904641,1.000000,0.010435,0.941730
4.350000,0.483013,0.104596,0.413181,0.971670,-0.222309,-0.077860,0.019351,0.070567,1.904590,1.000000,0.010289,0.941895
4.355000,0.483105,0.104169,0.413179,0.971653,-0.222350,-0.077918,0.019468,0.070567,1.904540,1.000000,0.010146,0.942069
4.360000,0.483197,0.103742,0.413178,0.971637,-0.222391,-0.077978,0.019584,0.070567,1.904490,1.000000,0.010004,0.942244
4.365000,0.483287,0.103312,0.413176,0.971621,-0.222436,-0.078008,0.019737,0.070567,1.904441,1.000000,0.009864,0.942321
4.370000,0.483376,0.102882,0.413174,0.971605,-0.222482,-0.078039,0.019891,0.070567,1.904392,1.000000,0.009732,0.942444
4.375000,0.483466,0.102451,0.413171,0.971589,-0.222528,-0.078070,0.020044,0.070567,1.904345,1.000000,0.009607,0.942569
4.380000,0.483556,0.102021,0.413169,0.971572,-0.222574,-0.078102,0.020198,0.070567,1.904297,1.000000,0.009485,0.942698
4.385000,0.483645,0.101591,0.413167,0.971556,-0.222620,-0.078134,0.020351,0.070567,1.904251,1.000000,0.009365,0.942835
4.390000,0.483735,0.101161,0.413165,0.971540,-0.222667,-0.078167,0.020504,0.070567,1.904205,1.000000,0.009246,0.942979
4.395000,0.483825,0.100730,0.413163,0.971523,-0.222713,-0.078200,0.020658,0.070567,1.904159,1.000000,0.009128,0.943123
4.400000,0.483912,0.100298,0.413161,0.971507,-0.222764,-0.078206,0.020846,0.070567,1.904115,1.000000,0.009011,0.943176
4.405000,0.483999,0.099865,0.413159,0.971491,-0.222814,-0.078212,0.021034,0.070567,1.904071,1.000000,0.008900,0.943272
4.410000,0.484086,0.099433,0.413158,0.971475,-0.222865,-0.078218,0.021223,0.070567,1.904027,1.000000,0.008793,0.943366
4.415000,0.484173,0.099000,0.413156,0.971458,-0.222916,-0.078224,0.021411,0.070567,1.903984,1.000000,0.008689,0.943469
4.420000,0.484260,0.098568,0.413154,0.971442,-0.222967,-0.078231,0.021600,0.070567,1.903941,1.000000,0.008584,0.943581
4.425000,0.484347,0.098135,0.413152,0.971425,-0.223018,-0.078239,0.021788,0.070567,1.903899,1.000000,0.008480,0.943692
4.430000,0.484434,0.097703,0.413151,0.971408,-0.223070,-0.078247,0.021977,0.070567,1.903857,1.000000,0.008374,0.943810
4.435000,0.484518,0.097274,0.413149,0.971392,-0.223122,-0.078242,0.022179,0.070567,1.903816,1.000000,0.008279,0.943881
4.440000,0.484602,0.096846,0.413148,0.971376,-0.223174,-0.078236,0.022382,0.070567,1.903776,1.000000,0.008179,0.943972
4.445000,0.484685,0.096417,0.413146,0.971360,-0.223226,-0.078232,0.022584,0.070567,1.903736,1.000000,0.008078,0.944069
4.450000,0.484769,0.095989,0.413144,0.971343,-0.223278,-0.078227,0.022787,0.070567,1.903696,1.000000,0.007975,0.944176
4.455000,0.484853,0.095560,0.413143,0.971327,-0.223331,-0.078223,0.022989,0.070567,1.903657,1.000000,0.007869,0.944285
4.460000,0.484936,0.095132,0.413141,0.971310,-0.223383,-0.078219,0.023192,0.070567,1.903619,1.000000,0.007759,0.944397
4.465000,0.485018,0.094701,0.413140,0.971294,-0.223438,-0.078203,0.023412,0.070567,1.903581,1.000000,0.007643,0.944439
4.470000,0.485100,0.094270,0.413138,0.971277,-0.223492,-0.078187,0.023632,0.070567,1.903543,1.000000,0.007529,0.944515
4.475000,0.485181,0.093838,0.413136,0.971261,-0.223547,-0.078171,0.023853,0.070567,1.903507,1.000000,0.007415,0.944593
4.480000,0.485263,0.093407,0.413134,0.971244,-0.223602,-0.078156,0.024073,0.070567,1.903470,1.000000,0.007301,0.944680
4.485000,0.485344,0.092976,0.413133,0.971227,-0.223657,-0.078140,0.024293,0.070567,1.903435,1.000000,0.007185,0.944776
4.490000,0.485426,0.092544,0.413131,0.971210,-0.223711,-0.078125,0.024514,0.070567,1.903400,1.000000,0.007066,0.944873
4.495000,0.485508,0.092113,0.413129,0.971193,-0.223766,-0.078111,0.024734,0.070567,1.903365,1.000000,0.006945,0.944978
4.500000,0.485588,0.091676,0.413127,0.971175,-0.223824,-0.078090,0.024969,0.070567,1.903332,1.000000,0.006808,0.945004
4.505000,0.485667,0.091239,0.413125,0.971157,-0.223882,-0.078070,0.025205,0.070567,1.903298,1.000000,0.006675,0.945062
4.510000,0.485747,0.090802,0.413123,0.971139,-0.223940,-0.078050,0.025441,0.070567,1.903266,1.000000,0.006541,0.945128
4.515000,0.485827,0.090365,0.413121,0.971121,-0.223998,-0.078031,0.025676,0.070567,1.903234,1.000000,0.006405,0.945204
4.520000,0.485907,0.089927,0.413118,0.971103,-0.224056,-0.078011,0.025912,0.070567,1.903203,1.000000,0.006268,0.945281
4.525000,0.485987,0.089490,0.413116,0.971085,-0.224114,-0.077993,0.026147,0.070567,1.903173,1.000000,0.006129,0.945363
4.530000,0.486066,0.089053,0.413114,0.971067,-0.224172,-0.077974,0.026382,0.070567,1.903143,1.000000,0.005986,0.945455
4.535000,0.486143,0.088617,0.413113,0.971048,-0.224231,-0.077951,0.026626,0.070567,1.903114,1.000000,0.005844,0.945486
4.540000,0.486220,0.088181,0.413111,0.971030,-0.224291,-0.077927,0.026870,0.070567,1.903086,1.000000,0.005699,0.945544
4.545000,0.486297,0.087745,0.413110,0.971011,-0.224350,-0.077904,0.027114,0.070567,1.903059,1.000000,0.005551,0.945611
4.550000,0.486374,0.087309,0.413109,0.970993,-0.224409,-0.077882,0.027357,0.070567,1.903032,1.000000,0.005401,0.945687
4.555000,0.486451,0.086873,0.413108,0.970974,-0.224468,-0.077859,0.027601,0.070567,1.903006,1.000000,0.005249,0.945769
4.560000,0.486528,0.086437,0.413106,0.970955,-0.224527,-0.077837,0.027845,0.070567,1.902981,1.000000,0.005093,0.945861
4.565000,0.486605,0.086001,0.413105,0.970936,-0.224586,-0.077815,0.028089,0.070567,1.902956,1.000000,0.004934,0.945961
4.570000,0.486678,0.085570,0.413107,0.970918,-0.224645,-0.077778,0.028346,0.070567,1.902933,1.000000,0.004787,0.945984
4.575000,0.486751,0.085139,0.413108,0.970900,-0.224703,-0.077740,0.028604,0.070567,1.902910,1.000000,0.004635,0.946040
4.580000,0.486824,0.084709,0.413110,0.970882,-0.224762,-0.077703,0.028862,0.070567,1.902887,1.000000,0.004481,0.946105
4.585000,0.486897,0.084279,0.413112,0.970863,-0.224821,-0.077666,0.029119,0.070567,1.902866,1.000000,0.004324,0.946169
4.590000,0.486969,0.083848,0.413114,0.970845,-0.224880,-0.077629,0.029377,0.070567,1.902846,1.000000,0.004165,0.946240
4.595000,0.487042,0.083418,0.413116,0.970826,-0.224939,-0.077592,0.029635,0.070567,1.902826,1.000000,0.004003,0.946321
4.600000,0.487115,0.082987,0.413117,0.970808,-0.224998,-0.077555,0.029893,0.070567,1.902807,1.000000,0.003841,0.946408
4.605000,0.487183,0.082570,0.413124,0.970790,-0.225053,-0.077517,0.030142,0.070567,1.902788,1.000000,0.003711,0.946441
4.610000,0.487250,0.082152,0.413130,0.970773,-0.225109,-0.077479,0.030390,0.070567,1.902771,1.000000,0.003568,0.946502
4.615000,0.487317,0.081735,0.413136,0.970755,-0.225165,-0.077441,0.030639,0.070567,1.902754,1.000000,0.003421,0.946564
4.620000,0.487384,0.081318,0.413142,0.970737,-0.225221,-0.077403,0.030888,0.070567,1.902738,1.000000,0.003271,0.946626
4.625000,0.487452,0.080901,0.413149,0.970719,-0.225277,-0.077366,0.031137,0.070567,1.902722,1.000000,0.003119,0.946695
4.630000,0.487519,0.080483,0.413155,0.970701,-0.225333,-0.077328,0.031385,0.070567,1.902708,1.000000,0.002964,0.946770
4.635000,0.487581,0.080083,0.413166,0.970684,-0.225385,-0.077294,0.031617,0.070567,1.902694,1.000000,0.002852,0.946805
4.640000,0.487643,0.079682,0.413178,0.970667,-0.225437,-0.077260,0.031849,0.070567,1.902680,1.000000,0.002722,0.946860
4.645000,0.487704,0.079282,0.413190,0.970650,-0.225489,-0.077226,0.032081,0.070567,1.902668,1.000000,0.002588,0.946921
4.650000,0.487766,0.078882,0.413201,0.970633,-0.225541,-0.077193,0.032312,0.070567,1.902656,1.000000,0.002453,0.946979
4.655000,0.487828,0.078481,0.413213,0.970616,-0.225593,-0.077159,0.032544,0.070567,1.902644,1.000000,0.002315,0.947043
4.660000,0.487890,0.078081,0.413225,0.970599,-0.225646,-0.077125,0.032776,0.070567,1.902634,1.000000,0.002176,0.947113
4.665000,0.487952,0.077681,0.413236,0.970581,-0.225698,-0.077092,0.033008,0.070567,1.902624,1.000000,0.002036,0.947182
4.670000,0.488010,0.077280,0.413255,0.970564,-0.225750,-0.077049,0.033245,0.070567,1.902614,1.000000,0.001897,0.947167
4.675000,0.488068,0.076879,0.413273,0.970548,-0.225801,-0.077006,0.033481,0.070567,1.902606,1.000000,0.001762,0.947188
4.680000,0.488126,0.076479,0.413291,0.970531,-0.225852,-0.076963,0.033718,0.070567,1.902598,1.000000,0.001628,0.947212
4.685000,0.488184,0.076078,0.413310,0.970514,-0.225904,-0.076920,0.033955,0.070567,1.902590,1.000000,0.001497,0.947240
4.690000,0.488243,0.075678,0.413328,0.970497,-0.225956,-0.076878,0.034191,0.070567,1.902584,1.000000,0.001368,0.947274
4.695000,0.488301,0.075277,0.413346,0.970480,-0.226008,-0.076835,0.034428,0.070567,1.902578,1.000000,0.001241,0.947310
4.700000,0.488359,0.074877,0.413365,0.970463,-0.226060,-0.076793,0.034665,0.070567,1.902572,1.000000,0.001116,0.947346
4.705000,0.488411,0.074475,0.413390,0.970447,-0.226110,-0.076739,0.034909,0.070567,1.902568,1.000000,0.000993,0.947235
4.710000,0.488463,0.074074,0.413416,0.970430,-0.226161,-0.076685,0.035153,0.070567,1.902564,1.000000,0.000876,0.947180
4.715000,0.488515,0.073672,0.413442,0.970414,-0.226212,-0.076631,0.035397,0.070567,1.902560,1.000000,0.000764,0.947124
4.720000,0.488567,0.073270,0.413468,0.970397,-0.226262,-0.076577,0.035641,0.070567,1.902557,1.000000,0.000656,0.947073
4.725000,0.488619,0.072869,0.413494,0.970381,-0.226313,-0.076523,0.035885,0.070567,1.902554,1.000000,0.000553,0.947029
4.730000,0.488671,0.072467,0.413520,0.970364,-0.226364,-0.076470,0.036129,0.070567,1.902552,1.000000,0.000453,0.946988
4.735000,0.488723,0.072065,0.413545,0.970347,-0.226414,-0.076417,0.036373,0.070567,1.902551,1.000000,0.000356,0.946952
4.740000,0.488764,0.071679,0.413573,0.970332,-0.226463,-0.076361,0.036612,0.070567,1.902550,1.000000,0.000301,0.946697
4.745000,0.488804,0.071293,0.413602,0.970316,-0.226511,-0.076305,0.036852,0.070567,1.902549,1.000000,0.000236,0.946515
4.750000,0.488845,0.070906,0.413630,0.970300,-0.226559,-0.076249,0.037091,0.070567,1.902548,1.000000,0.000173,0.946337
4.755000,0.488885,0.070520,0.413658,0.970284,-0.226607,-0.076193,0.037331,0.070567,1.902548,1.000000,0.000112,0.946163
4.760000,0.488926,0.070134,0.413686,0.970267,-0.226655,-0.076138,0.037570,0.070567,1.902548,1.000000,0.000053,0.945992
4.765000,0.488966,0.069747,0.413714,0.970251,-0.226703,-0.076082,0.037810,0.070567,1.902548,1.000000,-0.000004,0.945824
4.770000,0.489007,0.069361,0.413742,0.970235,-0.226751,-0.076027,0.038049,0.070567,1.902549,1.000000,-0.000058,0.945662
4.775000,0.489034,0.069000,0.413770,0.970219,-0.226796,-0.075990,0.038257,0.070567,1.902549,1.000000,-0.000046,0.945273
4.780000,0.489062,0.068640,0.413798,0.970204,-0.226840,-0.075953,0.038465,0.070567,1.902550,1.000000,-0.000056,0.944958
4.785000,0.489090,0.068279,0.413825,0.970188,-0.226883,-0.075916,0.038672,0.070567,1.902550,1.000000,-0.000069,0.944647
4.790000,0.489117,0.067919,0.413853,0.970173,-0.226927,-0.075879,0.038879,0.070567,1.902551,1.000000,-0.000084,0.944339
4.795000,0.489145,0.067558,0.413880,0.970157,-0.226971,-0.075842,0.039087,0.070567,1.902551,1.000000,-0.000099,0.944030
4.800000,0.489172,0.067198,0.413908,0.970141,-0.227015,-0.075806,0.039294,0.070567,1.902552,1.000000,-0.000115,0.943725
4.805000,0.489192,0.066858,0.413932,0.970125,-0.227057,-0.075796,0.039465,0.070567,1.902553,1.000000,-0.000078,0.943285
4.810000,0.489211,0.066518,0.413956,0.970109,-0.227098,-0.075786,0.039635,0.070567,1.902553,1.000000,-0.000063,0.942886
4.815000,0.489230,0.066178,0.413980,0.970093,-0.227140,-0.075777,0.039805,0.070567,1.902554,1.000000,-0.000053,0.942488
4.820000,0.489249,0.065838,0.414004,0.970077,-0.227181,-0.075768,0.039975,0.070567,1.902554,1.000000,-0.000045,0.942094
4.825000,0.489268,0.065498,0.414028,0.970061,-0.227223,-0.075758,0.040145,0.070567,1.902554,1.000000,-0.000041,0.941696
4.830000,0.489288,0.065158,0.414052,0.970045,-0.227264,-0.075749,0.040315,0.070567,1.902555,1.000000,-0.000039,0.941300
4.835000,0.489307,0.064818,0.414076,0.970029,-0.227306,-0.075740,0.040485,0.070567,1.902555,1.000000,-0.000037,0.940907
4.840000,0.489320,0.064486,0.414097,0.970012,-0.227347,-0.075751,0.040632,0.070567,1.902555,1.000000,-0.000017,0.940403
4.845000,0.489334,0.064154,0.414117,0.969996,-0.227389,-0.075763,0.040779,0.070567,1.902556,1.000000,-0.000007,0.939936
4.850000,0.489348,0.063822,0.414138,0.969979,-0.227430,-0.075775,0.040925,0.070567,1.902556,1.000000,-0.000001,0.939471
4.855000,0.489361,0.063490,0.414158,0.969962,-0.227471,-0.075787,0.041072,0.070567,1.902556,1.000000,0.000003,0.939002
4.860000,0.489375,0.063158,0.414179,0.969945,-0.227513,-0.075799,0.041219,0.070567,1.902556,1.000000,0.000005,0.938527
4.865000,0.489389,0.062826,0.414200,0.969928,-0.227554,-0.075811,0.041365,0.070567,1.902556,1.000000,0.000006,0.938054
4.870000,0.489402,0.062494,0.414220,0.969911,-0.227595,-0.075823,0.041512,0.070567,1.902556,1.000000,0.000006,0.937583
4.875000,0.489409,0.062175,0.414239,0.969895,-0.227634,-0.075854,0.041630,0.070567,1.902556,1.000000,0.000038,0.936983
4.880000,0.489416,0.061857,0.414257,0.969878,-0.227673,-0.075886,0.041748,0.070567,1.902556,1.000000,0.000056,0.936428
4.885000,0.489422,0.061538,0.414275,0.969861,-0.227712,-0.075917,0.041866,0.070567,1.902556,1.000000,0.000070,0.935875
4.890000,0.489429,0.061220,0.414294,0.969845,-0.227751,-0.075949,0.041984,0.070567,1.902556,1.000000,0.000082,0.935314
4.895000,0.489436,0.060902,0.414312,0.969828,-0.227790,-0.075981,0.042102,0.070567,1.902556,1.000000,0.000090,0.934755
4.900000,0.489442,0.060583,0.414331,0.969811,-0.227828,-0.076013,0.042220,0.070567,1.902555,1.000000,0.000097,0.934197
4.905000,0.489449,0.060265,0.414349,0.969794,-0.227867,-0.076045,0.042337,0.070567,1.902555,1.000000,0.000102,0.933632
4.910000,0.489448,0.059953,0.414362,0.969777,-0.227906,-0.076095,0.042435,0.070567,1.902555,1.000000,0.000120,0.932889
4.915000,0.489447,0.059640,0.414375,0.969760,-0.227945,-0.076146,0.042532,0.070567,1.902554,1.000000,0.000128,0.932208
4.920000,0.489445,0.059328,0.414387,0.969742,-0.227983,-0.076198,0.042629,0.070567,1.902554,1.000000,0.000132,0.931525
4.925000,0.489444,0.059015,0.414400,0.969725,-0.228022,-0.076249,0.042726,0.070567,1.902553,1.000000,0.000133,0.930841
4.930000,0.489443,0.058703,0.414413,0.969708,-0.228060,-0.076300,0.042822,0.070567,1.902553,1.000000,0.000131,0.930159
4.935000,0.489441,0.058391,0.414426,0.969690,-0.228098,-0.076352,0.042918,0.070567,1.902552,1.000000,0.000127,0.929476
4.940000,0.489440,0.058078,0.414438,0.969673,-0.228137,-0.076403,0.043015,0.070567,1.902552,1.000000,0.000120,0.928793
4.945000,0.489429,0.057757,0.414446,0.969654,-0.228177,-0.076469,0.043104,0.070567,1.902551,1.000000,0.000095,0.927847
4.950000,0.489418,0.057436,0.414453,0.969636,-0.228218,-0.076536,0.043192,0.070567,1.902551,1.000000,0.000070,0.926990
4.955000,0.489407,0.057115,0.414461,0.969617,-0.228259,-0.076603,0.043281,0.070567,1.902551,1.000000,0.000045,0.926127
4.960000,0.489395,0.056793,0.414468,0.969598,-0.228299,-0.076669,0.043369,0.070567,1.902551,1.000000,0.000019,0.925266
4.965000,0.489384,0.056472,0.414476,0.969579,-0.228339,-0.076736,0.043456,0.070567,1.902551,1.000000,-0.000007,0.924406
4.970000,0.489373,0.056151,0.414483,0.969561,-0.228379,-0.076803,0.043543,0.070567,1.902551,1.000000,-0.000032,0.923543
4.975000,0.489348,0.055823,0.414482,0.969540,-0.228422,-0.076884,0.043628,0.070567,1.902552,1.000000,-0.000074,0.922318
4.980000,0.489322,0.055495,0.414481,0.969520,-0.228466,-0.076966,0.043712,0.070567,1.902552,1.000000,-0.000116,0.921217
4.985000,0.489297,0.055166,0.414480,0.969500,-0.228509,-0.077047,0.043795,0.070567,1.902553,1.000000,-0.000160,0.920113
4.990000,0.489272,0.054838,0.414479,0.969479,-0.228551,-0.077129,0.043878,0.070567,1.902554,1.000000,-0.000205,0.919008
4.995000,0.489246,0.054510,0.414478,0.969459,-0.228593,-0.077211,0.043961,0.070567,1.902555,1.000000,-0.000249,0.917905
5.000000,0.489221,0.054182,0.414477,0.969439,-0.228635,-0.077292,0.044043,0.070567,1.902556,1.000000,-0.000292,0.916801
5.005000,0.489195,0.053854,0.414476,0.969419,-0.228676,-0.077374,0.044124,0.070567,1.902557,1.000000,-0.000336,0.915697
5.010000,0.489149,0.053526,0.414466,0.969398,-0.228721,-0.077467,0.044205,0.070567,1.902559,1.000000,-0.000384,0.914061
5.015000,0.489102,0.053199,0.414455,0.969376,-0.228765,-0.077560,0.044284,0.070567,1.902561,1.000000,-0.000438,0.912606
5.020000,0.489055,0.052872,0.414444,0.969355,-0.228808,-0.077653,0.044363,0.070567,1.902563,1.000000,-0.000494,0.911153
5.025000,0.489008,0.052545,0.414433,0.969334,-0.228851,-0.077746,0.044442,0.070567,1.902565,1.000000,-0.000550,0.909701
5.030000,0.488961,0.052217,0.414423,0.969313,-0.228893,-0.077838,0.044520,0.070567,1.902568,1.000000,-0.000606,0.908250
5.035000,0.488914,0.051890,0.414412,0.969292,-0.228934,-0.077931,0.044598,0.070567,1.902570,1.000000,-0.000662,0.906793
5.040000,0.488867,0.051563,0.414401,0.969271,-0.228975,-0.078023,0.044675,0.070567,1.902573,1.000000,-0.000718,0.905338
5.045000,0.488796,0.051223,0.414390,0.969250,-0.229017,-0.078122,0.044749,0.070567,1.902576,1.000000,-0.000800,0.903286
5.050000,0.488725,0.050884,0.414379,0.969229,-0.229058,-0.078221,0.044824,0.070567,1.902580,1.000000,-0.000878,0.901436
5.055000,0.488654,0.050544,0.414368,0.969208,-0.229098,-0.078320,0.044897,0.070567,1.902584,1.000000,-0.000955,0.899591
5.060000,0.488583,0.050204,0.414357,0.969187,-0.229138,-0.078418,0.044970,0.070567,1.902588,1.000000,-0.001028,0.897748
5.065000,0.488512,0.049864,0.414346,0.969167,-0.229176,-0.078516,0.045042,0.070567,1.902592,1.000000,-0.001100,0.895903
5.070000,0.488441,0.049525,0.414335,0.969147,-0.229214,-0.078613,0.045114,0.070567,1.902597,1.000000,-0.001169,0.894058
5.075000,0.488370,0.049185,0.414323,0.969127,-0.229250,-0.078710,0.045184,0.070567,1.902602,1.000000,-0.001236,0.892216
5.080000,0.488288,0.048833,0.414331,0.969110,-0.229282,-0.078792,0.045253,0.070567,1.902607,1.000000,-0.001317,0.890122
5.085000,0.488207,0.048481,0.414338,0.969093,-0.229312,-0.078874,0.045321,0.070567,1.902613,1.000000,-0.001384,0.888113
5.090000,0.488125,0.048129,0.414345,0.969076,-0.229341,-0.078954,0.045387,0.070567,1.902619,1.000000,-0.001444,0.886109
5.095000,0.488044,0.047777,0.414353,0.969060,-0.229369,-0.079035,0.045453,0.070567,1.902625,1.000000,-0.001497,0.884104
5.100000,0.487962,0.047424,0.414360,0.969044,-0.229396,-0.079114,0.045518,0.070567,1.902631,1.000000,-0.001546,0.882096
5.105000,0.487881,0.047072,0.414368,0.969029,-0.229422,-0.079193,0.045581,0.070567,1.902638,1.000000,-0.001590,0.880092
5.110000,0.487799,0.046720,0.414375,0.969013,-0.229447,-0.079272,0.045644,0.070567,1.902644,1.000000,-0.001630,0.878090
5.115000,0.487712,0.046359,0.414412,0.969003,-0.229463,-0.079319,0.045707,0.070567,1.902651,1.000000,-0.001675,0.875970
5.120000,0.487624,0.045998,0.414449,0.968992,-0.229478,-0.079365,0.045769,0.070567,1.902658,1.000000,-0.001702,0.873894
5.125000,0.487537,0.045637,0.414486,0.968982,-0.229492,-0.079411,0.045830,0.070567,1.902665,1.000000,-0.001720,0.871824
5.130000,0.487449,0.045276,0.414523,0.968973,-0.229505,-0.079455,0.045890,0.070567,1.902673,1.000000,-0.001730,0.869753
5.135000,0.487362,0.044916,0.414561,0.968964,-0.229518,-0.079499,0.045948,0.070567,1.902680,1.000000,-0.001734,0.867687
5.140000,0.487275,0.044555,0.414598,0.968955,-0.229529,-0.079542,0.046005,0.070567,1.902687,1.000000,-0.001733,0.865625
5.145000,0.487165,0.044169,0.414649,0.968947,-0.229538,-0.079573,0.046070,0.070567,1.902694,1.000000,-0.001779,0.863021
5.150000,0.487055,0.043783,0.414700,0.968939,-0.229547,-0.079603,0.046135,0.070567,1.902702,1.000000,-0.001805,0.860606
5.155000,0.486945,0.043397,0.414751,0.968932,-0.229554,-0.079631,0.046198,0.070567,1.902709,1.000000,-0.001824,0.858202
5.160000,0.486836,0.043011,0.414802,0.968925,-0.229560,-0.079659,0.046259,0.070567,1.902717,1.000000,-0.001834,0.855800
5.165000,0.486726,0.042625,0.414853,0.968919,-0.229566,-0.079686,0.046319,0.070567,1.902724,1.000000,-0.001837,0.853401
5.170000,0.486616,0.042239,0.414904,0.968913,-0.229570,-0.079712,0.046377,0.070567,1.902732,1.000000,-0.001834,0.851011
5.175000,0.486506,0.041853,0.414955,0.968907,-0.229574,-0.079737,0.046433,0.070567,1.902740,1.000000,-0.001827,0.848627
5.180000,0.486364,0.041462,0.415001,0.968901,-0.229579,-0.079765,0.046495,0.070567,1.902747,1.000000,-0.001844,0.845457
5.185000,0.486221,0.041071,0.415048,0.968895,-0.229582,-0.079792,0.046557,0.070567,1.902755,1.000000,-0.001859,0.842565
5.190000,0.486078,0.040681,0.415095,0.968889,-0.229585,-0.079817,0.046617,0.070567,1.902763,1.000000,-0.001873,0.839683
5.195000,0.485935,0.040290,0.415141,0.968884,-0.229587,-0.079842,0.046675,0.070567,1.902771,1.000000,-0.001887,0.836803
5.200000,0.485793,0.039899,0.415188,0.968879,-0.229588,-0.079864,0.046732,0.070567,1.902778,1.000000,-0.001897,0.833932
5.205000,0.485650,0.039509,0.415235,0.968875,-0.229589,-0.079886,0.046787,0.070567,1.902786,1.000000,-0.001906,0.831070
5.210000,0.485507,0.039118,0.415281,0.968871,-0.229588,-0.079905,0.046841,0.070567,1.902794,1.000000,-0.001911,0.828212
5.215000,0.485346,0.038729,0.415323,0.968866,-0.229587,-0.079918,0.046915,0.070567,1.902802,1.000000,-0.001926,0.824917
5.220000,0.485185,0.038339,0.415365,0.968862,-0.229585,-0.079930,0.046989,0.070567,1.902810,1.000000,-0.001943,0.821783
5.225000,0.485024,0.037950,0.415407,0.968858,-0.229583,-0.079939,0.047062,0.070567,1.902819,1.000000,-0.001961,0.818654
5.230000,0.484864,0.037561,0.415449,0.968855,-0.229579,-0.079947,0.047134,0.070567,1.902827,1.000000,-0.001979,0.815533
5.235000,0.484703,0.037171,0.415490,0.968852,-0.229576,-0.079953,0.047204,0.070567,1.902835,1.000000,-0.001998,0.812422
5.240000,0.484542,0.036782,0.415532,0.968849,-0.229571,-0.079957,0.047274,0.070567,1.902843,1.000000,-0.002017,0.809315
5.245000,0.484381,0.036393,0.415574,0.968847,-0.229566,-0.079959,0.047342,0.070567,1.902852,1.000000,-0.002038,0.806214
5.250000,0.484212,0.035992,0.415624,0.968846,-0.229558,-0.079931,0.047456,0.070567,1.902861,1.000000,-0.002094,0.802938
5.255000,0.484042,0.035592,0.415674,0.968845,-0.229550,-0.079900,0.047569,0.070567,1.902869,1.000000,-0.002140,0.799737
5.260000,0.483873,0.035191,0.415725,0.968844,-0.229542,-0.079868,0.047682,0.070567,1.902879,1.000000,-0.002185,0.796551
5.265000,0.483704,0.034791,0.415775,0.968843,-0.229533,-0.079833,0.047794,0.070567,1.902888,1.000000,-0.002229,0.793376
5.270000,0.483535,0.034390,0.415825,0.968843,-0.229524,-0.079796,0.047906,0.070567,1.902897,1.000000,-0.002273,0.790213
5.275000,0.483366,0.033990,0.415875,0.968843,-0.229515,-0.079758,0.048017,0.070567,1.902907,1.000000,-0.002312,0.787056
5.280000,0.483196,0.033589,0.415926,0.968843,-0.229506,-0.079717,0.048127,0.070567,1.902917,1.000000,-0.002345,0.783912
5.285000,0.483008,0.033181,0.415981,0.968843,-0.229496,-0.079653,0.048283,0.070567,1.902927,1.000000,-0.002413,0.780331
5.290000,0.482819,0.032772,0.416036,0.968842,-0.229486,-0.079587,0.048440,0.070567,1.902937,1.000000,-0.002468,0.776910
5.295000,0.482630,0.032363,0.416090,0.968842,-0.229477,-0.079518,0.048597,0.070567,1.902947,1.000000,-0.002516,0.773507
5.300000,0.482442,0.031954,0.416145,0.968842,-0.229468,-0.079448,0.048755,0.070567,1.902958,1.000000,-0.002555,0.770121
5.305000,0.482253,0.031546,0.416200,0.968842,-0.229460,-0.079376,0.048912,0.070567,1.902969,1.000000,-0.002586,0.766748
5.310000,0.482064,0.031137,0.416255,0.968842,-0.229453,-0.079302,0.049069,0.070567,1.902980,1.000000,-0.002609,0.763391
5.315000,0.481875,0.030720,0.416310,0.968840,-0.229447,-0.079206,0.049284,0.070567,1.902991,1.000000,-0.002655,0.760046
5.320000,0.481686,0.030302,0.416364,0.968838,-0.229442,-0.079108,0.049500,0.070567,1.903002,1.000000,-0.002687,0.756720
5.325000,0.481497,0.029885,0.416419,0.968836,-0.229439,-0.079009,0.049717,0.070567,1.903013,1.000000,-0.002713,0.753411
5.330000,0.481308,0.029467,0.416473,0.968834,-0.229437,-0.078908,0.049934,0.070567,1.903025,1.000000,-0.002732,0.750122
5.335000,0.481119,0.029050,0.416528,0.968831,-0.229436,-0.078806,0.050152,0.070567,1.903036,1.000000,-0.002747,0.746854
5.340000,0.480930,0.028632,0.416582,0.968828,-0.229437,-0.078703,0.050370,0.070567,1.903048,1.000000,-0.002759,0.743607
5.345000,0.480741,0.028215,0.416637,0.968824,-0.229439,-0.078598,0.050589,0.070567,1.903059,1.000000,-0.002769,0.740381
5.350000,0.480573,0.027790,0.416704,0.968820,-0.229445,-0.078461,0.050851,0.070567,1.903071,1.000000,-0.002788,0.737695
5.355000,0.480405,0.027365,0.416770,0.968816,-0.229454,-0.078322,0.051115,0.070567,1.903083,1.000000,-0.002798,0.734842
5.360000,0.480237,0.026940,0.416837,0.968810,-0.229465,-0.078183,0.051379,0.070567,1.903094,1.000000,-0.002807,0.732009
5.365000,0.480069,0.026515,0.416904,0.968805,-0.229477,-0.078043,0.051644,0.070567,1.903106,1.000000,-0.002817,0.729200
5.370000,0.479901,0.026089,0.416971,0.968798,-0.229491,-0.077902,0.051909,0.070567,1.903118,1.000000,-0.002831,0.726404
5.375000,0.479733,0.025664,0.417038,0.968792,-0.229507,-0.077760,0.052175,0.070567,1.903130,1.000000,-0.002849,0.723631
5.380000,0.479565,0.025239,0.417104,0.968785,-0.229525,-0.077618,0.052441,0.070567,1.903142,1.000000,-0.002873,0.720882
5.385000,0.479399,0.024811,0.417173,0.968777,-0.229546,-0.077470,0.052716,0.070567,1.903154,1.000000,-0.002912,0.718210
5.390000,0.479233,0.024383,0.417242,0.968768,-0.229568,-0.077321,0.052992,0.070567,1.903167,1.000000,-0.002957,0.715545
5.395000,0.479067,0.023954,0.417310,0.968759,-0.229592,-0.077172,0.053269,0.070567,1.903179,1.000000,-0.003009,0.712905
5.400000,0.478901,0.023526,0.417379,0.968750,-0.229618,-0.077023,0.053546,0.070567,1.903192,1.000000,-0.003069,0.710286
5.405000,0.478735,0.023098,0.417448,0.968740,-0.229646,-0.076873,0.053823,0.070567,1.903205,1.000000,-0.003137,0.707690
5.410000,0.478569,0.022670,0.417516,0.968729,-0.229676,-0.076723,0.054100,0.070567,1.903218,1.000000,-0.003213,0.705120
5.415000,0.478403,0.022242,0.417585,0.968718,-0.229707,-0.076573,0.054378,0.070567,1.903232,1.000000,-0.003298,0.702574
5.420000,0.478241,0.021815,0.417653,0.968706,-0.229741,-0.076422,0.054661,0.070567,1.903246,1.000000,-0.003383,0.700132
5.425000,0.478079,0.021389,0.417720,0.968693,-0.229776,-0.076270,0.054944,0.070567,1.903261,1.000000,-0.003479,0.697688
5.430000,0.477917,0.020962,0.417788,0.968680,-0.229814,-0.076119,0.055228,0.070567,1.903275,1.000000,-0.003583,0.695270
5.435000,0.477755,0.020536,0.417856,0.968667,-0.229853,-0.075967,0.055512,0.070567,1.903291,1.000000,-0.003697,0.692872
5.440000,0.477593,0.020109,0.417924,0.968653,-0.229894,-0.075816,0.055796,0.070567,1.903306,1.000000,-0.003820,0.690502
5.445000,0.477431,0.019682,0.417991,0.968638,-0.229936,-0.075664,0.056080,0.070567,1.903323,1.000000,-0.003951,0.688159
5.450000,0.477269,0.019256,0.418059,0.968623,-0.229981,-0.075512,0.056365,0.070567,1.903339,1.000000,-0.004091,0.685839
5.455000,0.477133,0.018832,0.418136,0.968609,-0.230026,-0.075352,0.056634,0.070567,1.903357,1.000000,-0.004202,0.684138
5.460000,0.476998,0.018407,0.418213,0.968594,-0.230073,-0.075191,0.056902,0.070567,1.903374,1.000000,-0.004320,0.682262
5.465000,0.476862,0.017983,0.418289,0.968579,-0.230122,-0.075031,0.057171,0.070567,1.903393,1.000000,-0.004444,0.680404
5.470000,0.476727,0.017559,0.418366,0.968564,-0.230172,-0.074871,0.057440,0.070567,1.903411,1.000000,-0.004577,0.678570
5.475000,0.476591,0.017134,0.418443,0.968548,-0.230223,-0.074710,0.057709,0.070567,1.903431,1.000000,-0.004720,0.676763
5.480000,0.476456,0.016710,0.418520,0.968532,-0.230276,-0.074550,0.057978,0.070567,1.903450,1.000000,-0.004874,0.674983
5.485000,0.476340,0.016290,0.418599,0.968518,-0.230325,-0.074392,0.058220,0.070567,1.903471,1.000000,-0.004993,0.673622
5.490000,0.476223,0.015870,0.418679,0.968503,-0.230376,-0.074233,0.058462,0.070567,1.903492,1.000000,-0.005123,0.672151
5.495000,0.476107,0.015450,0.418758,0.968488,-0.230428,-0.074075,0.058704,0.070567,1.903513,1.000000,-0.005260,0.670700
5.500000,0.475991,0.015031,0.418837,0.968473,-0.230480,-0.073917,0.058946,0.070567,1.903535,1.000000,-0.005407,0.669268
5.505000,0.475875,0.014611,0.418917,0.968458,-0.230533,-0.073759,0.059189,0.070567,1.903558,1.000000,-0.005564,0.667860
5.510000,0.475759,0.014191,0.418996,0.968442,-0.230587,-0.073601,0.059432,0.070567,1.903581,1.000000,-0.005733,0.666477
5.515000,0.475643,0.013771,0.419076,0.968426,-0.230642,-0.073444,0.059675,0.070567,1.903605,1.000000,-0.005914,0.665114
5.520000,0.475535,0.013364,0.419142,0.968412,-0.230690,-0.073306,0.059895,0.070567,1.903630,1.000000,-0.006043,0.663803
5.525000,0.475428,0.012958,0.419209,0.968397,-0.230739,-0.073168,0.060114,0.070567,1.903655,1.000000,-0.006190,0.662503
5.530000,0.475320,0.012551,0.419276,0.968382,-0.230788,-0.073031,0.060334,0.070567,1.903680,1.000000,-0.006345,0.661225
5.535000,0.475212,0.012144,0.419342,0.968366,-0.230838,-0.072894,0.060554,0.070567,1.903707,1.000000,-0.006509,0.659969
5.540000,0.475105,0.011737,0.419409,0.968351,-0.230889,-0.072758,0.060775,0.070567,1.903734,1.000000,-0.006682,0.658736
5.545000,0.474997,0.011330,0.419475,0.968335,-0.230940,-0.072622,0.060996,0.070567,1.903762,1.000000,-0.006864,0.657518
5.550000,0.474889,0.010923,0.419542,0.968319,-0.230991,-0.072486,0.061218,0.070567,1.903790,1.000000,-0.007055,0.656322
5.555000,0.474790,0.010511,0.419584,0.968303,-0.231036,-0.072381,0.061426,0.070567,1.903819,1.000000,-0.007242,0.655219
5.560000,0.474691,0.010098,0.419625,0.968286,-0.231082,-0.072277,0.061634,0.070567,1.903849,1.000000,-0.007436,0.654109
5.565000,0.474592,0.009685,0.419666,0.968270,-0.231127,-0.072173,0.061843,0.070567,1.903880,1.000000,-0.007637,0.653017
5.570000,0.474493,0.009272,0.419707,0.968253,-0.231173,-0.072070,0.062053,0.070566,1.903912,1.000000,-0.007844,0.651947
5.575000,0.474394,0.008859,0.419748,0.968236,-0.231219,-0.071968,0.062263,0.070566,1.903944,1.000000,-0.008058,0.650899
5.580000,0.474294,0.008447,0.419789,0.968219,-0.231265,-0.071866,0.062473,0.070566,1.903977,1.000000,-0.008277,0.649872
5.585000,0.474195,0.008034,0.419830,0.968202,-0.231311,-0.071765,0.062684,0.070566,1.904012,1.000000,-0.008502,0.648867
5.590000,0.474116,0.007616,0.419854,0.968186,-0.231351,-0.071686,0.062875,0.070566,1.904047,1.000000,-0.008705,0.648226
5.595000,0.474038,0.007198,0.419879,0.968170,-0.231391,-0.071609,0.063066,0.070566,1.904083,1.000000,-0.008909,0.647481
5.600000,0.473959,0.006780,0.419903,0.968154,-0.231430,-0.071532,0.063257,0.070566,1.904119,1.000000,-0.009114,0.646754
5.605000,0.473881,0.006362,0.419927,0.968137,-0.231470,-0.071457,0.063449,0.070566,1.904157,1.000000,-0.009323,0.646048
5.610000,0.473802,0.005944,0.419951,0.968121,-0.231509,-0.071383,0.063641,0.070566,1.904195,1.000000,-0.009538,0.645357
5.615000,0.473724,0.005526,0.419976,0.968104,-0.231548,-0.071309,0.063834,0.070566,1.904234,1.000000,-0.009758,0.644685
5.620000,0.473646,0.005108,0.420000,0.968087,-0.231587,-0.071237,0.064026,0.070566,1.904274,1.000000,-0.009983,0.644035
5.625000,0.473599,0.004705,0.420019,0.968076,-0.231613,-0.071185,0.064165,0.070566,1.904315,1.000000,-0.010104,0.643846
5.630000,0.473553,0.004303,0.420039,0.968065,-0.231638,-0.071134,0.064302,0.070566,1.904356,1.000000,-0.010230,0.643519
5.635000,0.473507,0.003900,0.420058,0.968053,-0.231662,-0.071085,0.064440,0.070566,1.904398,1.000000,-0.010352,0.643206
5.640000,0.473461,0.003498,0.420078,0.968042,-0.231686,-0.071038,0.064577,0.070566,1.904440,1.000000,-0.010478,0.642906
5.645000,0.473415,0.003095,0.420097,0.968030,-0.231710,-0.070993,0.064714,0.070566,1.904483,1.000000,-0.010610,0.642618
5.650000,0.473369,0.002693,0.420117,0.968019,-0.231733,-0.070949,0.064852,0.070566,1.904526,1.000000,-0.010750,0.642346
5.655000,0.473349,0.002303,0.420138,0.968013,-0.231743,-0.070922,0.064929,0.070566,1.904569,1.000000,-0.010802,0.642458
5.660000,0.473330,0.001914,0.420159,0.968008,-0.231752,-0.070898,0.065005,0.070566,1.904613,1.000000,-0.010858,0.642449
5.665000,0.473311,0.001524,0.420181,0.968002,-0.231760,-0.070876,0.065080,0.070566,1.904657,1.000000,-0.010913,0.642451
5.670000,0.473291,0.001135,0.420202,0.967997,-0.231768,-0.070857,0.065155,0.070566,1.904701,1.000000,-0.010975,0.642464
5.675000,0.473272,0.000746,0.420223,0.967991,-0.231776,-0.070841,0.065230,0.070566,1.904746,1.000000,-0.011046,0.642490
5.680000,0.473252,0.000356,0.420244,0.967985,-0.231783,-0.070828,0.065304,0.070566,1.904790,1.000000,-0.011127,0.642527
5.685000,0.473233,-0.000033,0.420266,0.967980,-0.231789,-0.070817,0.065378,0.070566,1.904836,1.000000,-0.011218,0.642576
5.690000,0.473229,-0.000413,0.420280,0.967976,-0.231790,-0.070826,0.065423,0.070566,1.904881,1.000000,-0.011262,0.642768
5.695000,0.473225,-0.000793,0.420293,0.967972,-0.231790,-0.070839,0.065467,0.070566,1.904926,1.000000,-0.011318,0.642924
5.700000,0.473220,-0.001173,0.420307,0.967968,-0.231791,-0.070855,0.065510,0.070566,1.904972,1.000000,-0.011380,0.643089
5.705000,0.473216,-0.001553,0.420320,0.967963,-0.231791,-0.070874,0.065552,0.070566,1.905018,1.000000,-0.011451,0.643270
5.710000,0.473212,-0.001933,0.420334,0.967959,-0.231791,-0.070897,0.065594,0.070566,1.905064,1.000000,-0.011532,0.643464
5.715000,0.473208,-0.002313,0.420348,0.967954,-0.231792,-0.070922,0.065635,0.070566,1.905111,1.000000,-0.011625,0.643669
5.720000,0.473204,-0.002693,0.420361,0.967949,-0.231792,-0.070951,0.065675,0.070566,1.905158,1.000000,-0.011730,0.643874
5.725000,0.473203,-0.003065,0.420360,0.967942,-0.231793,-0.070997,0.065717,0.070566,1.905206,1.000000,-0.011822,0.643972
5.730000,0.473202,-0.003436,0.420359,0.967936,-0.231795,-0.071046,0.065758,0.070566,1.905253,1.000000,-0.011935,0.644116
5.735000,0.473201,-0.003808,0.420358,0.967929,-0.231797,-0.071098,0.065798,0.070566,1.905302,1.000000,-0.012062,0.644270
5.740000,0.473200,-0.004180,0.420357,0.967921,-0.231799,-0.071152,0.065838,0.070566,1.905351,1.000000,-0.012203,0.644429
5.745000,0.473199,-0.004552,0.420355,0.967914,-0.231802,-0.071208,0.065878,0.070566,1.905400,1.000000,-0.012358,0.644598
5.750000,0.473198,-0.004924,0.420354,0.967906,-0.231805,-0.071266,0.065917,0.070566,1.905450,1.000000,-0.012526,0.644776
5.755000,0.473197,-0.005296,0.420353,0.967898,-0.231808,-0.071327,0.065956,0.070566,1.905501,1.000000,-0.012707,0.644960
5.760000,0.473194,-0.005673,0.420348,0.967890,-0.231813,-0.071394,0.065996,0.070566,1.905553,1.000000,-0.012916,0.645157
5.765000,0.473191,-0.006050,0.420344,0.967881,-0.231818,-0.071463,0.066035,0.070566,1.905605,1.000000,-0.013135,0.645364
5.770000,0.473187,-0.006428,0.420340,0.967872,-0.231823,-0.071534,0.066074,0.070566,1.905658,1.000000,-0.013366,0.645578
5.775000,0.473184,-0.006805,0.420335,0.967862,-0.231828,-0.071606,0.066112,0.070566,1.905713,1.000000,-0.013608,0.645802
5.780000,0.473181,-0.007182,0.420331,0.967853,-0.231834,-0.071680,0.066149,0.070566,1.905768,1.000000,-0.013860,0.646036
5.785000,0.473178,-0.007559,0.420327,0.967844,-0.231839,-0.071756,0.066185,0.070566,1.905824,1.000000,-0.014121,0.646277
5.790000,0.473175,-0.007937,0.420322,0.967834,-0.231846,-0.071833,0.066221,0.070566,1.905882,1.000000,-0.014391,0.646526
5.795000,0.473170,-0.008316,0.420320,0.967825,-0.231852,-0.071910,0.066254,0.070566,1.905940,1.000000,-0.014676,0.646793
5.800000,0.473165,-0.008696,0.420319,0.967815,-0.231858,-0.071987,0.066286,0.070566,1.906000,1.000000,-0.014967,0.647065
5.805000,0.473160,-0.009075,0.420317,0.967806,-0.231864,-0.072066,0.066317,0.070566,1.906061,1.000000,-0.015264,0.647345
5.810000,0.473155,-0.009455,0.420315,0.967796,-0.231870,-0.072147,0.066347,0.070566,1.906123,1.000000,-0.015568,0.647635
5.815000,0.473150,-0.009835,0.420314,0.967786,-0.231877,-0.072228,0.066376,0.070566,1.906186,1.000000,-0.015878,0.647933
5.820000,0.473145,-0.010214,0.420312,0.967777,-0.231883,-0.072310,0.066404,0.070566,1.906251,1.000000,-0.016194,0.648236
5.825000,0.473138,-0.010581,0.420311,0.967767,-0.231890,-0.072390,0.066431,0.070566,1.906316,1.000000,-0.016485,0.648372
5.830000,0.473131,-0.010947,0.420310,0.967758,-0.231896,-0.072471,0.066457,0.070566,1.906383,1.000000,-0.016785,0.648576
5.835000,0.473125,-0.011314,0.420309,0.967749,-0.231902,-0.072552,0.066481,0.070566,1.906451,1.000000,-0.017088,0.648789
5.840000,0.473118,-0.011680,0.420307,0.967740,-0.231909,-0.072634,0.066505,0.070566,1.906521,1.000000,-0.017395,0.649011
5.845000,0.473112,-0.012047,0.420306,0.967730,-0.231915,-0.072717,0.066528,0.070566,1.906591,1.000000,-0.017704,0.649241
5.850000,0.473105,-0.012413,0.420305,0.967721,-0.231921,-0.072800,0.066549,0.070566,1.906663,1.000000,-0.018017,0.649476
5.855000,0.473099,-0.012780,0.420304,0.967712,-0.231928,-0.072884,0.066569,0.070566,1.906736,1.000000,-0.018332,0.649719
5.860000,0.473091,-0.013138,0.420300,0.967702,-0.231934,-0.072968,0.066590,0.070566,1.906810,1.000000,-0.018631,0.649827
5.865000,0.473083,-0.013495,0.420297,0.967693,-0.231941,-0.073053,0.066609,0.070566,1.906886,1.000000,-0.018936,0.649991
5.870000,0.473075,-0.013853,0.420293,0.967684,-0.231947,-0.073138,0.066628,0.070566,1.906962,1.000000,-0.019241,0.650162
5.875000,0.473068,-0.014210,0.420289,0.967675,-0.231954,-0.073224,0.066645,0.070566,1.907040,1.000000,-0.019548,0.650341
5.880000,0.473060,-0.014568,0.420285,0.967665,-0.231960,-0.073310,0.066662,0.070566,1.907119,1.000000,-0.019856,0.650525
5.885000,0.473052,-0.014925,0.420282,0.967656,-0.231967,-0.073396,0.066677,0.070566,1.907200,1.000000,-0.020164,0.650715
5.890000,0.473044,-0.015283,0.420278,0.967647,-0.231973,-0.073482,0.066692,0.070566,1.907281,1.000000,-0.020473,0.650913
5.895000,0.473035,-0.015634,0.420275,0.967639,-0.231979,-0.073567,0.066705,0.070566,1.907364,1.000000,-0.020767,0.651018
5.900000,0.473026,-0.015985,0.420272,0.967630,-0.231984,-0.073651,0.066716,0.070566,1.907448,1.000000,-0.021064,0.651174
5.905000,0.473017,-0.016335,0.420268,0.967621,-0.231990,-0.073736,0.066727,0.070566,1.907533,1.000000,-0.021359,0.651338
5.910000,0.473007,-0.016686,0.420265,0.967613,-0.231996,-0.073820,0.066737,0.070566,1.907620,1.000000,-0.021653,0.651504
5.915000,0.472998,-0.017037,0.420262,0.967605,-0.232001,-0.073905,0.066746,0.070566,1.907707,1.000000,-0.021943,0.651644
5.920000,0.472989,-0.017388,0.420259,0.967596,-0.232006,-0.073989,0.066755,0.070566,1.907796,1.000000,-0.022232,0.651790
5.925000,0.472980,-0.017739,0.420256,0.967588,-0.232011,-0.074074,0.066762,0.070566,1.907886,1.000000,-0.022518,0.651942
5.930000,0.472970,-0.018082,0.420256,0.967581,-0.232014,-0.074151,0.066767,0.070566,1.907977,1.000000,-0.022786,0.652018
5.935000,0.472960,-0.018424,0.420255,0.967574,-0.232018,-0.074228,0.066772,0.070566,1.908068,1.000000,-0.023053,0.652138
5.940000,0.472950,-0.018767,0.420255,0.967567,-0.232021,-0.074305,0.066775,0.070566,1.908161,1.000000,-0.023316,0.652266
5.945000,0.472940,-0.019110,0.420255,0.967560,-0.232024,-0.074382,0.066778,0.070566,1.908256,1.000000,-0.023574,0.652385
5.950000,0.472930,-0.019452,0.420255,0.967553,-0.232028,-0.074458,0.066780,0.070566,1.908351,1.000000,-0.023828,0.652506
5.955000,0.472920,-0.019795,0.420254,0.967547,-0.232030,-0.074535,0.066781,0.070566,1.908447,1.000000,-0.024079,0.652633
5.960000,0.472909,-0.020138,0.420254,0.967540,-0.232033,-0.074611,0.066782,0.070566,1.908544,1.000000,-0.024328,0.652775
5.965000,0.472900,-0.020480,0.420253,0.967535,-0.232035,-0.074680,0.066780,0.070566,1.908642,1.000000,-0.024570,0.652923
5.970000,0.472891,-0.020822,0.420252,0.967529,-0.232037,-0.074749,0.066778,0.070566,1.908741,1.000000,-0.024807,0.653080
5.975000,0.472882,-0.021164,0.420251,0.967524,-0.232038,-0.074818,0.066775,0.070566,1.908841,1.000000,-0.025038,0.653235
5.980000,0.472873,-0.021506,0.420251,0.967518,-0.232039,-0.074886,0.066771,0.070566,1.908942,1.000000,-0.025264,0.653386
5.985000,0.472864,-0.021848,0.420250,0.967513,-0.232040,-0.074954,0.066767,0.070566,1.909043,1.000000,-0.025486,0.653543
5.990000,0.472854,-0.022191,0.420249,0.967508,-0.232041,-0.075022,0.066762,0.070566,1.909146,1.000000,-0.025706,0.653711
5.995000,0.472846,-0.022530,0.420242,0.967503,-0.232042,-0.075091,0.066758,0.070566,1.909250,1.000000,-0.025917,0.653843
6.000000,0.472837,-0.022870,0.420235,0.967497,-0.232043,-0.075159,0.066753,0.070566,1.909354,1.000000,-0.026127,0.654000
6.005000,0.472829,-0.023209,0.420228,0.967492,-0.232044,-0.075227,0.066748,0.070566,1.909459,1.000000,-0.026333,0.654165
6.010000,0.472820,-0.023549,0.420221,0.967487,-0.232045,-0.075295,0.066743,0.070566,1.909565,1.000000,-0.026537,0.654353
6.015000,0.472812,-0.023888,0.420214,0.967482,-0.232045,-0.075363,0.066736,0.070566,1.909672,1.000000,-0.026739,0.654547
6.020000,0.472803,-0.024228,0.420208,0.967477,-0.232046,-0.075430,0.066730,0.070566,1.909779,1.000000,-0.026937,0.654747
6.025000,0.472794,-0.024567,0.420201,0.967472,-0.232046,-0.075497,0.066723,0.070566,1.909888,1.000000,-0.027132,0.654944
6.030000,0.472785,-0.024896,0.420189,0.967467,-0.232047,-0.075568,0.066718,0.070566,1.909997,1.000000,-0.027301,0.654964
6.035000,0.472776,-0.025225,0.420177,0.967462,-0.232048,-0.075639,0.066713,0.070566,1.910107,1.000000,-0.027472,0.655050
6.040000,0.472767,-0.025553,0.420166,0.967456,-0.232049,-0.075710,0.066708,0.070566,1.910217,1.000000,-0.027640,0.655146
6.045000,0.472758,-0.025882,0.420154,0.967451,-0.232049,-0.075780,0.066702,0.070566,1.910328,1.000000,-0.027806,0.655250
6.050000,0.472748,-0.026211,0.420142,0.967446,-0.232050,-0.075850,0.066696,0.070566,1.910440,1.000000,-0.027968,0.655359
6.055000,0.472739,-0.026540,0.420131,0.967441,-0.232050,-0.075920,0.066691,0.070566,1.910552,1.000000,-0.028128,0.655475
6.060000,0.472730,-0.026868,0.420119,0.967436,-0.232050,-0.075989,0.066685,0.070566,1.910665,1.000000,-0.028285,0.655600
6.065000,0.472721,-0.027193,0.420104,0.967430,-0.232050,-0.076060,0.066679,0.070566,1.910779,1.000000,-0.028430,0.655648
6.070000,0.472711,-0.027517,0.420088,0.967425,-0.232050,-0.076130,0.066674,0.070566,1.910893,1.000000,-0.028574,0.655730
6.075000,0.472702,-0.027842,0.420073,0.967420,-0.232050,-0.076201,0.066669,0.070566,1.911008,1.000000,-0.028715,0.655820
6.080000,0.472692,-0.028166,0.420058,0.967415,-0.232050,-0.076270,0.066663,0.070566,1.911123,1.000000,-0.028853,0.655916
6.085000,0.472683,-0.028490,0.420042,0.967410,-0.232050,-0.076340,0.066658,0.070566,1.911239,1.000000,-0.028988,0.656017
6.090000,0.472673,-0.028815,0.420027,0.967405,-0.232049,-0.076409,0.066653,0.070566,1.911356,1.000000,-0.029120,0.656126
6.095000,0.472664,-0.029139,0.420012,0.967400,-0.232049,-0.076477,0.066648,0.070566,1.911473,1.000000,-0.029249,0.656240
6.100000,0.472656,-0.029471,0.419987,0.967394,-0.232049,-0.076551,0.066645,0.070566,1.911590,1.000000,-0.029394,0.656437
6.105000,0.472647,-0.029802,0.419963,0.967389,-0.232048,-0.076625,0.066643,0.070566,1.911708,1.000000,-0.029533,0.656603
6.110000,0.472639,-0.030134,0.419938,0.967383,-0.232048,-0.076699,0.066641,0.070566,1.911827,1.000000,-0.029670,0.656772
6.115000,0.472631,-0.030466,0.419914,0.967377,-0.232048,-0.076772,0.066639,0.070566,1.911946,1.000000,-0.029806,0.656948
6.120000,0.472623,-0.030797,0.419889,0.967372,-0.232047,-0.076845,0.066637,0.070566,1.912066,1.000000,-0.029940,0.657141
6.125000,0.472614,-0.031129,0.419865,0.967366,-0.232047,-0.076917,0.066635,0.070566,1.912186,1.000000,-0.030072,0.657347
6.130000,0.472606,-0.031461,0.419840,0.967361,-0.232046,-0.076989,0.066634,0.070566,1.912306,1.000000,-0.030192,0.657560
6.135000,0.472599,-0.031803,0.419802,0.967354,-0.232047,-0.077073,0.066636,0.070566,1.912428,1.000000,-0.030329,0.657898
6.140000,0.472592,-0.032146,0.419764,0.967347,-0.232048,-0.077156,0.066639,0.070566,1.912550,1.000000,-0.030456,0.658195
6.145000,0.472586,-0.032489,0.419726,0.967340,-0.232048,-0.077240,0.066642,0.070566,1.912672,1.000000,-0.030582,0.658498
6.150000,0.472579,-0.032831,0.419688,0.967333,-0.232049,-0.077324,0.066645,0.070566,1.912795,1.000000,-0.030706,0.658813
6.155000,0.472572,-0.033174,0.419649,0.967325,-0.232050,-0.077408,0.066649,0.070566,1.912918,1.000000,-0.030831,0.659149
6.160000,0.472565,-0.033517,0.419611,0.967318,-0.232051,-0.077492,0.066654,0.070566,1.913042,1.000000,-0.030955,0.659492
6.165000,0.472560,-0.033862,0.419561,0.967310,-0.232053,-0.077584,0.066661,0.070566,1.913166,1.000000,-0.031087,0.659840
6.170000,0.472554,-0.034207,0.419511,0.967301,-0.232056,-0.077677,0.066668,0.070566,1.913291,1.000000,-0.031219,0.660200
6.175000,0.472548,-0.034552,0.419461,0.967293,-0.232058,-0.077770,0.066676,0.070566,1.913416,1.000000,-0.031352,0.660568
6.180000,0.472543,-0.034897,0.419410,0.967284,-0.232060,-0.077862,0.066685,0.070566,1.913542,1.000000,-0.031488,0.660944
6.185000,0.472537,-0.035242,0.419360,0.967275,-0.232063,-0.077955,0.066694,0.070566,1.913669,1.000000,-0.031623,0.661312
6.190000,0.472532,-0.035587,0.419310,0.967267,-0.232065,-0.078048,0.066703,0.070566,1.913796,1.000000,-0.031760,0.661685
6.195000,0.472526,-0.035932,0.419260,0.967258,-0.232068,-0.078140,0.066713,0.070566,1.913923,1.000000,-0.031898,0.662066
6.200000,0.472524,-0.036285,0.419201,0.967249,-0.232070,-0.078231,0.066724,0.070566,1.914051,1.000000,-0.032055,0.662599
6.205000,0.472521,-0.036639,0.419142,0.967241,-0.232072,-0.078321,0.066736,0.070566,1.914180,1.000000,-0.032210,0.663104
6.210000,0.472519,-0.036993,0.419083,0.967232,-0.232074,-0.078411,0.066748,0.070566,1.914310,1.000000,-0.032367,0.663616
6.215000,0.472517,-0.037346,0.419025,0.967223,-0.232077,-0.078501,0.066760,0.070566,1.914440,1.000000,-0.032526,0.664139
6.220000,0.472514,-0.037700,0.418966,0.967215,-0.232079,-0.078590,0.066773,0.070566,1.914570,1.000000,-0.032687,0.664672
6.225000,0.472512,-0.038053,0.418907,0.967206,-0.232081,-0.078680,0.066786,0.070566,1.914702,1.000000,-0.032850,0.665213
6.230000,0.472510,-0.038407,0.418848,0.967197,-0.232084,-0.078769,0.066799,0.070566,1.914834,1.000000,-0.033016,0.665762
6.235000,0.472512,-0.038779,0.418784,0.967190,-0.232084,-0.078845,0.066810,0.070566,1.914966,1.000000,-0.033218,0.666638
6.240000,0.472515,-0.039152,0.418719,0.967183,-0.232085,-0.078921,0.066822,0.070566,1.915100,1.000000,-0.033412,0.667415
6.245000,0.472517,-0.039525,0.418655,0.967176,-0.232086,-0.078996,0.066833,0.070566,1.915234,1.000000,-0.033608,0.668199
6.250000,0.472519,-0.039897,0.418590,0.967169,-0.232086,-0.079071,0.066845,0.070566,1.915370,1.000000,-0.033806,0.668998
6.255000,0.472522,-0.040270,0.418526,0.967162,-0.232087,-0.079146,0.066856,0.070566,1.915505,1.000000,-0.034007,0.669806
6.260000,0.472524,-0.040643,0.418461,0.967155,-0.232087,-0.079220,0.066868,0.070566,1.915642,1.000000,-0.034212,0.670622
6.265000,0.472527,-0.041015,0.418397,0.967148,-0.232088,-0.079295,0.066880,0.070566,1.915780,1.000000,-0.034419,0.671435
6.270000,0.472530,-0.041405,0.418330,0.967141,-0.232088,-0.079363,0.066890,0.070566,1.915918,1.000000,-0.034667,0.672530
6.275000,0.472534,-0.041795,0.418263,0.967135,-0.232087,-0.079431,0.066899,0.070566,1.916058,1.000000,-0.034911,0.673542
6.280000,0.472537,-0.042185,0.418196,0.967129,-0.232087,-0.079499,0.066909,0.070566,1.916198,1.000000,-0.035162,0.674574
6.285000,0.472540,-0.042575,0.418130,0.967123,-0.232087,-0.079567,0.066918,0.070566,1.916340,1.000000,-0.035418,0.675623
6.290000,0.472544,-0.042965,0.418063,0.967117,-0.232086,-0.079634,0.066927,0.070566,1.916483,1.000000,-0.035679,0.676680
6.295000,0.472547,-0.043355,0.417996,0.967111,-0.232086,-0.079702,0.066936,0.070566,1.916626,1.000000,-0.035945,0.677751
6.300000,0.472550,-0.043745,0.417929,0.967105,-0.232085,-0.079769,0.066944,0.070566,1.916771,1.000000,-0.036215,0.678834
6.305000,0.472551,-0.044146,0.417861,0.967098,-0.232086,-0.079845,0.066954,0.070566,1.916917,1.000000,-0.036521,0.680087
6.310000,0.472552,-0.044547,0.417794,0.967091,-0.232086,-0.079921,0.066964,0.070566,1.917064,1.000000,-0.036832,0.681299
6.315000,0.472554,-0.044948,0.417726,0.967084,-0.232087,-0.079997,0.066973,0.070566,1.917212,1.000000,-0.037151,0.682528
6.320000,0.472555,-0.045348,0.417658,0.967077,-0.232087,-0.080074,0.066981,0.070566,1.917362,1.000000,-0.037475,0.683766
6.325000,0.472556,-0.045749,0.417590,0.967070,-0.232087,-0.080149,0.066990,0.070566,1.917513,1.000000,-0.037803,0.685014
6.330000,0.472557,-0.046150,0.417522,0.967063,-0.232087,-0.080225,0.066998,0.070566,1.917665,1.000000,-0.038134,0.686273
6.335000,0.472552,-0.046573,0.417451,0.967053,-0.232090,-0.080323,0.067008,0.070566,1.917819,1.000000,-0.038538,0.687877
6.340000,0.472548,-0.046997,0.417379,0.967044,-0.232092,-0.080421,0.067018,0.070566,1.917975,1.000000,-0.038946,0.689379
6.345000,0.472544,-0.047420,0.417307,0.967035,-0.232095,-0.080519,0.067028,0.070566,1.918132,1.000000,-0.039364,0.690883
6.350000,0.472539,-0.047844,0.417236,0.967025,-0.232097,-0.080618,0.067037,0.070566,1.918291,1.000000,-0.039788,0.692397
6.355000,0.472535,-0.048267,0.417164,0.967016,-0.232100,-0.080717,0.067045,0.070566,1.918451,1.000000,-0.040217,0.693922
6.360000,0.472530,-0.048691,0.417092,0.967006,-0.232102,-0.080815,0.067053,0.070566,1.918613,1.000000,-0.040651,0.695477
6.365000,0.472526,-0.049114,0.417021,0.966997,-0.232105,-0.080914,0.067060,0.070566,1.918777,1.000000,-0.041088,0.697053
6.370000,0.472512,-0.049551,0.416949,0.966985,-0.232109,-0.081033,0.067068,0.070566,1.918943,1.000000,-0.041578,0.698808
6.375000,0.472499,-0.049988,0.416878,0.966974,-0.232114,-0.081153,0.067076,0.070566,1.919111,1.000000,-0.042076,0.700522
6.380000,0.472485,-0.050425,0.416807,0.966962,-0.232119,-0.081273,0.067084,0.070566,1.919281,1.000000,-0.042584,0.702251
6.385000,0.472471,-0.050862,0.416736,0.966950,-0.232123,-0.081394,0.067090,0.070566,1.919453,1.000000,-0.043098,0.703992
6.390000,0.472458,-0.051299,0.416665,0.966939,-0.232128,-0.081514,0.067096,0.070566,1.919627,1.000000,-0.043614,0.705742
6.395000,0.472444,-0.051736,0.416594,0.966927,-0.232132,-0.081634,0.067101,0.070566,1.919803,1.000000,-0.044131,0.707496
6.400000,0.472430,-0.052173,0.416523,0.966915,-0.232137,-0.081754,0.067106,0.070566,1.919981,1.000000,-0.044648,0.709262
6.405000,0.472410,-0.052607,0.416458,0.966903,-0.232142,-0.081884,0.067108,0.070566,1.920162,1.000000,-0.045167,0.710956
6.410000,0.472389,-0.053042,0.416393,0.966891,-0.232147,-0.082013,0.067110,0.070566,1.920344,1.000000,-0.045693,0.712698
6.415000,0.472369,-0.053476,0.416329,0.966878,-0.232153,-0.082142,0.067111,0.070566,1.920528,1.000000,-0.046222,0.714452
6.420000,0.472348,-0.053910,0.416264,0.966866,-0.232158,-0.082272,0.067112,0.070566,1.920715,1.000000,-0.046751,0.716218
6.425000,0.472327,-0.054345,0.416199,0.966854,-0.232163,-0.082401,0.067112,0.070566,1.920904,1.000000,-0.047280,0.718018
6.430000,0.472307,-0.054779,0.416135,0.966842,-0.232168,-0.082529,0.067112,0.070566,1.921095,1.000000,-0.047808,0.719830
6.435000,0.472286,-0.055214,0.416070,0.966830,-0.232173,-0.082658,0.067111,0.070566,1.921287,1.000000,-0.048333,0.721654
6.440000,0.472257,-0.055660,0.416013,0.966817,-0.232178,-0.082792,0.067105,0.070566,1.921483,1.000000,-0.048893,0.723658
6.445000,0.472229,-0.056107,0.415955,0.966805,-0.232183,-0.082925,0.067099,0.070566,1.921680,1.000000,-0.049452,0.725609
6.450000,0.472200,-0.056554,0.415898,0.966793,-0.232188,-0.083058,0.067093,0.070566,1.921880,1.000000,-0.050012,0.727571
6.455000,0.472171,-0.057001,0.415840,0.966781,-0.232193,-0.083191,0.067085,0.070566,1.922081,1.000000,-0.050570,0.729548
6.460000,0.472142,-0.057448,0.415783,0.966769,-0.232197,-0.083324,0.067077,0.070566,1.922285,1.000000,-0.051126,0.731540
6.465000,0.472113,-0.057895,0.415725,0.966757,-0.232202,-0.083457,0.067069,0.070566,1.922492,1.000000,-0.051678,0.733543
6.470000,0.472084,-0.058342,0.415668,0.966745,-0.232207,-0.083589,0.067059,0.070566,1.922700,1.000000,-0.052226,0.735556
6.475000,0.472046,-0.058796,0.415621,0.966734,-0.232211,-0.083717,0.067043,0.070566,1.922911,1.000000,-0.052790,0.737656
6.480000,0.472008,-0.059251,0.415575,0.966723,-0.232215,-0.083843,0.067026,0.070566,1.923124,1.000000,-0.053351,0.739741
6.485000,0.471969,-0.059705,0.415529,0.966713,-0.232218,-0.083970,0.067008,0.070566,1.923339,1.000000,-0.053911,0.741843
6.490000,0.471931,-0.060159,0.415482,0.966702,-0.232222,-0.084096,0.066989,0.070566,1.923557,1.000000,-0.054468,0.743975
6.495000,0.471892,-0.060613,0.415436,0.966692,-0.232226,-0.084222,0.066969,0.070566,1.923776,1.000000,-0.055020,0.746119
6.500000,0.471854,-0.061067,0.415390,0.966681,-0.232229,-0.084347,0.066949,0.070566,1.923998,1.000000,-0.055566,0.748275
6.505000,0.471811,-0.061512,0.415357,0.966673,-0.232232,-0.084458,0.066924,0.070566,1.924222,1.000000,-0.056071,0.750225
6.510000,0.471767,-0.061957,0.415325,0.966665,-0.232234,-0.084568,0.066899,0.070566,1.924448,1.000000,-0.056573,0.752251
6.515000,0.471724,-0.062402,0.415293,0.966656,-0.232236,-0.084677,0.066873,0.070566,1.924676,1.000000,-0.057065,0.754288
6.520000,0.471681,-0.062847,0.415260,0.966648,-0.232237,-0.084786,0.066846,0.070566,1.924906,1.000000,-0.057549,0.756351
6.525000,0.471637,-0.063292,0.415228,0.966640,-0.232239,-0.084894,0.066819,0.070566,1.925138,1.000000,-0.058024,0.758428
6.530000,0.471594,-0.063737,0.415196,0.966632,-0.232241,-0.085002,0.066791,0.070566,1.925372,1.000000,-0.058491,0.760515
6.535000,0.471550,-0.064182,0.415164,0.966624,-0.232242,-0.085110,0.066763,0.070566,1.925607,1.000000,-0.058949,0.762607
6.540000,0.471505,-0.064617,0.415144,0.966618,-0.232243,-0.085202,0.066735,0.070566,1.925844,1.000000,-0.059359,0.764512
6.545000,0.471460,-0.065052,0.415125,0.966612,-0.232243,-0.085293,0.066706,0.070566,1.926083,1.000000,-0.059765,0.766491
6.550000,0.471414,-0.065487,0.415107,0.966606,-0.232243,-0.085384,0.066677,0.070566,1.926324,1.000000,-0.060158,0.768479
6.555000,0.471369,-0.065922,0.415088,0.966600,-0.232243,-0.085475,0.066648,0.070566,1.926566,1.000000,-0.060538,0.770475
6.560000,0.471324,-0.066356,0.415069,0.966594,-0.232243,-0.085565,0.066618,0.070566,1.926809,1.000000,-0.060908,0.772478
6.565000,0.471278,-0.066791,0.415050,0.966588,-0.232243,-0.085655,0.066589,0.070566,1.927054,1.000000,-0.061267,0.774490
6.570000,0.471233,-0.067226,0.415031,0.966582,-0.232242,-0.085745,0.066559,0.070566,1.927301,1.000000,-0.061616,0.776509
6.575000,0.471184,-0.067652,0.415019,0.966577,-0.232242,-0.085826,0.066530,0.070566,1.927548,1.000000,-0.061925,0.778341
6.580000,0.471135,-0.068078,0.415007,0.966572,-0.232240,-0.085907,0.066500,0.070566,1.927797,1.000000,-0.062230,0.780247
6.585000,0.471087,-0.068504,0.414995,0.966568,-0.232239,-0.085987,0.066471,0.070566,1.928047,1.000000,-0.062525,0.782176
6.590000,0.471038,-0.068930,0.414983,0.966563,-0.232238,-0.086067,0.066441,0.070566,1.928298,1.000000,-0.062808,0.784112
6.595000,0.470989,-0.069356,0.414971,0.966558,-0.232237,-0.086146,0.066412,0.070566,1.928551,1.000000,-0.063081,0.786055
6.600000,0.470940,-0.069781,0.414958,0.966553,-0.232235,-0.086226,0.066383,0.070566,1.928804,1.000000,-0.063343,0.788009
6.605000,0.470892,-0.070207,0.414946,0.966548,-0.232234,-0.086305,0.066354,0.070566,1.929058,1.000000,-0.063595,0.789970
6.610000,0.470838,-0.070629,0.414937,0.966544,-0.232232,-0.086380,0.066327,0.070566,1.929314,1.000000,-0.063827,0.791822
6.615000,0.470785,-0.071050,0.414928,0.966540,-0.232230,-0.086455,0.066300,0.070566,1.929570,1.000000,-0.064053,0.793716
6.620000,0.470731,-0.071471,0.414919,0.966535,-0.232228,-0.086530,0.066273,0.070566,1.929827,1.000000,-0.064269,0.795613
6.625000,0.470677,-0.071893,0.414910,0.966531,-0.232226,-0.086604,0.066247,0.070566,1.930085,1.000000,-0.064476,0.797518
6.630000,0.470624,-0.072314,0.414900,0.966527,-0.232223,-0.086678,0.066220,0.070566,1.930344,1.000000,-0.064674,0.799440
6.635000,0.470570,-0.072736,0.414891,0.966523,-0.232220,-0.086752,0.066195,0.070566,1.930604,1.000000,-0.064865,0.801389
6.640000,0.470517,-0.073157,0.414882,0.966519,-0.232218,-0.086825,0.066169,0.070566,1.930864,1.000000,-0.065047,0.803344
6.645000,0.470460,-0.073573,0.414873,0.966514,-0.232215,-0.086897,0.066146,0.070566,1.931125,1.000000,-0.065205,0.805172
6.650000,0.470404,-0.073989,0.414864,0.966510,-0.232211,-0.086970,0.066123,0.070566,1.931387,1.000000,-0.065356,0.807038
6.655000,0.470348,-0.074404,0.414855,0.966506,-0.232208,-0.087041,0.066101,0.070566,1.931649,1.000000,-0.065499,0.808910
6.660000,0.470292,-0.074820,0.414846,0.966502,-0.232204,-0.087113,0.066079,0.070566,1.931912,1.000000,-0.065633,0.810790
6.665000,0.470236,-0.075236,0.414837,0.966498,-0.232200,-0.087184,0.066057,0.070566,1.932175,1.000000,-0.065762,0.812709
6.670000,0.470179,-0.075651,0.414828,0.966494,-0.232196,-0.087255,0.066036,0.070566,1.932439,1.000000,-0.065882,0.814637
6.675000,0.470122,-0.076054,0.414815,0.966490,-0.232191,-0.087328,0.066018,0.070566,1.932703,1.000000,-0.065961,0.816294
6.680000,0.470064,-0.076457,0.414801,0.966486,-0.232187,-0.087401,0.066001,0.070566,1.932967,1.000000,-0.066036,0.818058
6.685000,0.470006,-0.076860,0.414788,0.966481,-0.232181,-0.087474,0.065984,0.070566,1.933232,1.000000,-0.066096,0.819831
6.690000,0.469948,-0.077263,0.414775,0.966477,-0.232176,-0.087547,0.065968,0.070566,1.933497,1.000000,-0.066143,0.821610
6.695000,0.469891,-0.077666,0.414762,0.966473,-0.232171,-0.087621,0.065953,0.070566,1.933762,1.000000,-0.066177,0.823400
6.700000,0.469833,-0.078069,0.414748,0.966468,-0.232165,-0.087694,0.065940,0.070566,1.934027,1.000000,-0.066201,0.825198
6.705000,0.469775,-0.078472,0.414735,0.966464,-0.232159,-0.087768,0.065927,0.070566,1.934292,1.000000,-0.066216,0.827003
6.710000,0.469715,-0.078865,0.414719,0.966459,-0.232153,-0.087845,0.065917,0.070566,1.934557,1.000000,-0.066202,0.828633
6.715000,0.469654,-0.079259,0.414702,0.966455,-0.232146,-0.087922,0.065907,0.070566,1.934822,1.000000,-0.066186,0.830362
6.720000,0.469593,-0.079653,0.414686,0.966450,-0.232139,-0.087999,0.065899,0.070566,1.935087,1.000000,-0.066162,0.832100
6.725000,0.469533,-0.080046,0.414669,0.966445,-0.232132,-0.088077,0.065891,0.070566,1.935352,1.000000,-0.066130,0.833859
6.730000,0.469472,-0.080440,0.414653,0.966440,-0.232124,-0.088155,0.065885,0.070566,1.935617,1.000000,-0.066091,0.835638
6.735000,0.469412,-0.080833,0.414636,0.966435,-0.232116,-0.088233,0.065880,0.070566,1.935882,1.000000,-0.066045,0.837425
6.740000,0.469351,-0.081227,0.414620,0.966430,-0.232107,-0.088312,0.065876,0.070566,1.936146,1.000000,-0.065994,0.839246
6.745000,0.469288,-0.081619,0.414601,0.966425,-0.232098,-0.088394,0.065871,0.070566,1.936410,1.000000,-0.065938,0.841059
6.750000,0.469225,-0.082012,0.414582,0.966420,-0.232088,-0.088477,0.065868,0.070566,1.936674,1.000000,-0.065878,0.842894
6.755000,0.469163,-0.082404,0.414563,0.966415,-0.232078,-0.088560,0.065865,0.070566,1.936938,1.000000,-0.065821,0.844753
6.760000,0.469101,-0.082796,0.414543,0.966410,-0.232068,-0.088644,0.065863,0.070566,1.937202,1.000000,-0.065762,0.846629
6.765000,0.469038,-0.083188,0.414524,0.966405,-0.232059,-0.088727,0.065863,0.070566,1.937465,1.000000,-0.065700,0.848516
6.770000,0.468976,-0.083581,0.414505,0.966399,-0.232049,-0.088812,0.065862,0.070566,1.937728,1.000000,-0.065646,0.850458
6.775000,0.468915,-0.083973,0.414485,0.966394,-0.232040,-0.088897,0.065862,0.070566,1.937991,1.000000,-0.065591,0.852412
6.780000,0.468850,-0.084372,0.414462,0.966388,-0.232031,-0.088987,0.065863,0.070566,1.938254,1.000000,-0.065566,0.854544
6.785000,0.468786,-0.084771,0.414439,0.966381,-0.232022,-0.089077,0.065865,0.070566,1.938516,1.000000,-0.065547,0.856675
6.790000,0.468721,-0.085171,0.414416,0.966375,-0.232013,-0.089168,0.065868,0.070566,1.938779,1.000000,-0.065533,0.858822
6.795000,0.468658,-0.085570,0.414392,0.966368,-0.232005,-0.089260,0.065871,0.070566,1.939041,1.000000,-0.065530,0.861032
6.800000,0.468594,-0.085969,0.414369,0.966362,-0.231996,-0.089352,0.065874,0.070566,1.939304,1.000000,-0.065533,0.863275
6.805000,0.468530,-0.086368,0.414346,0.966355,-0.231988,-0.089444,0.065878,0.070566,1.939566,1.000000,-0.065541,0.865558
6.810000,0.468467,-0.086767,0.414322,0.966348,-0.231980,-0.089537,0.065882,0.070566,1.939829,1.000000,-0.065566,0.867957
6.815000,0.468400,-0.087172,0.414297,0.966340,-0.231973,-0.089633,0.065887,0.070566,1.940092,1.000000,-0.065618,0.870498
6.820000,0.468333,-0.087577,0.414272,0.966333,-0.231966,-0.089730,0.065892,0.070566,1.940355,1.000000,-0.065687,0.873097
6.825000,0.468266,-0.087982,0.414247,0.966325,-0.231958,-0.089827,0.065898,0.070566,1.940619,1.000000,-0.065770,0.875771
6.830000,0.468200,-0.088387,0.414222,0.966317,-0.231952,-0.089924,0.065903,0.070566,1.940883,1.000000,-0.065860,0.878471
6.835000,0.468134,-0.088791,0.414197,0.966309,-0.231945,-0.090022,0.065909,0.070566,1.941147,1.000000,-0.065975,0.881337
6.840000,0.468067,-0.089196,0.414173,0.966301,-0.231939,-0.090121,0.065915,0.070566,1.941412,1.000000,-0.066096,0.884230
6.845000,0.467998,-0.089605,0.414148,0.966293,-0.231933,-0.090220,0.065921,0.070566,1.941677,1.000000,-0.066253,0.887331
6.850000,0.467929,-0.090014,0.414124,0.966284,-0.231927,-0.090320,0.065928,0.070566,1.941943,1.000000,-0.066432,0.890535
6.855000,0.467859,-0.090422,0.414100,0.966276,-0.231922,-0.090420,0.065935,0.070566,1.942210,1.000000,-0.066619,0.893770
6.860000,0.467790,-0.090831,0.414076,0.966267,-0.231917,-0.090521,0.065941,0.070566,1.942477,1.000000,-0.066837,0.897206
6.865000,0.467722,-0.091239,0.414052,0.966258,-0.231913,-0.090622,0.065948,0.070566,1.942746,1.000000,-0.067067,0.900715
6.870000,0.467653,-0.091647,0.414028,0.966249,-0.231909,-0.090724,0.065954,0.070566,1.943015,1.000000,-0.067307,0.904285
6.875000,0.467584,-0.092055,0.414004,0.966240,-0.231906,-0.090826,0.065960,0.070566,1.943286,1.000000,-0.067577,0.908060
6.880000,0.467511,-0.092475,0.413981,0.966230,-0.231904,-0.090929,0.065966,0.070566,1.943558,1.000000,-0.067895,0.912124
6.885000,0.467438,-0.092894,0.413959,0.966221,-0.231902,-0.091032,0.065973,0.070566,1.943831,1.000000,-0.068231,0.916202
6.890000,0.467366,-0.093313,0.413936,0.966211,-0.231901,-0.091135,0.065979,0.070566,1.944105,1.000000,-0.068594,0.920418
6.895000,0.467293,-0.093732,0.413913,0.966201,-0.231900,-0.091239,0.065984,0.070566,1.944382,1.000000,-0.068968,0.924675
6.900000,0.467220,-0.094151,0.413891,0.966191,-0.231900,-0.091343,0.065989,0.070566,1.944659,1.000000,-0.069362,0.929037
6.905000,0.467148,-0.094570,0.413868,0.966180,-0.231900,-0.091447,0.065994,0.070566,1.944938,1.000000,-0.069775,0.933501
6.910000,0.467075,-0.094989,0.413845,0.966170,-0.231901,-0.091552,0.065999,0.070566,1.945219,1.000000,-0.070197,0.938004
6.915000,0.466997,-0.095420,0.413823,0.966159,-0.231903,-0.091659,0.066003,0.070566,1.945502,1.000000,-0.070682,0.942871
6.920000,0.466919,-0.095851,0.413801,0.966148,-0.231906,-0.091766,0.066006,0.070566,1.945787,1.000000,-0.071185,0.947722
6.925000,0.466841,-0.096282,0.413779,0.966137,-0.231908,-0.091873,0.066009,0.070566,1.946074,1.000000,-0.071704,0.952612
6.930000,0.466763,-0.096713,0.413756,0.966126,-0.231911,-0.091981,0.066011,0.070566,1.946363,1.000000,-0.072242,0.957570
6.935000,0.466685,-0.097144,0.413734,0.966115,-0.231915,-0.092088,0.066013,0.070566,1.946654,1.000000,-0.072797,0.962593
6.940000,0.466607,-0.097576,0.413712,0.966103,-0.231919,-0.092196,0.066013,0.070566,1.946947,1.000000,-0.073362,0.967657
6.945000,0.466529,-0.098006,0.413690,0.966092,-0.231924,-0.092304,0.066013,0.070566,1.947243,1.000000,-0.073942,0.972784
6.950000,0.466443,-0.098459,0.413669,0.966080,-0.231929,-0.092416,0.066013,0.070566,1.947541,1.000000,-0.074614,0.978471
6.955000,0.466357,-0.098911,0.413648,0.966068,-0.231934,-0.092529,0.066011,0.070566,1.947842,1.000000,-0.075301,0.984035
6.960000,0.466271,-0.099364,0.413627,0.966056,-0.231940,-0.092641,0.066008,0.070566,1.948146,1.000000,-0.076011,0.989646
6.965000,0.466186,-0.099816,0.413606,0.966044,-0.231945,-0.092754,0.066004,0.070566,1.948453,1.000000,-0.076744,0.995322
6.970000,0.466100,-0.100268,0.413585,0.966032,-0.231951,-0.092867,0.065999,0.070566,1.948763,1.000000,-0.077491,1.001039
6.975000,0.466014,-0.100721,0.413564,0.966021,-0.231957,-0.092980,0.065992,0.070566,1.949075,1.000000,-0.078251,1.006801
6.980000,0.465928,-0.101173,0.413543,0.966009,-0.231963,-0.093093,0.065984,0.070566,1.949391,1.000000,-0.079030,1.012651
6.985000,0.465836,-0.101636,0.413526,0.965997,-0.231969,-0.093204,0.065974,0.070566,1.949710,1.000000,-0.079863,1.018813
6.990000,0.465745,-0.102100,0.413509,0.965986,-0.231974,-0.093316,0.065962,0.070566,1.950033,1.000000,-0.080711,1.024922
6.995000,0.465653,-0.102564,0.413492,0.965975,-0.231980,-0.093427,0.065949,0.070566,1.950359,1.000000,-0.081582,1.031127
7.000000,0.465561,-0.103028,0.413475,0.965964,-0.231986,-0.093539,0.065933,0.070566,1.950688,1.000000,-0.082469,1.037376
7.005000,0.465469,-0.103491,0.413458,0.965953,-0.231991,-0.093650,0.065916,0.070566,1.951021,1.000000,-0.083368,1.043663
7.010000,0.465378,-0.103955,0.413441,0.965942,-0.231997,-0.093762,0.065898,0.070566,1.951358,1.000000,-0.084285,1.050045
7.015000,0.465285,-0.104411,0.413430,0.965932,-0.232002,-0.093866,0.065877,0.070566,1.951698,1.000000,-0.085190,1.056319
7.020000,0.465192,-0.104867,0.413418,0.965922,-0.232007,-0.093970,0.065854,0.070566,1.952042,1.000000,-0.086105,1.062686
7.025000,0.465100,-0.105323,0.413407,0.965913,-0.232011,-0.094073,0.065829,0.070566,1.952390,1.000000,-0.087030,1.069140
7.030000,0.465007,-0.105779,0.413396,0.965903,-0.232016,-0.094177,0.065803,0.070566,1.952741,1.000000,-0.087965,1.075667
7.035000,0.464914,-0.106235,0.413384,0.965894,-0.232020,-0.094280,0.065776,0.070566,1.953096,1.000000,-0.088906,1.082229
7.040000,0.464821,-0.106690,0.413373,0.965885,-0.232025,-0.094384,0.065747,0.070566,1.953455,1.000000,-0.089856,1.088859
7.045000,0.464729,-0.107146,0.413361,0.965876,-0.232030,-0.094487,0.065717,0.070566,1.953818,1.000000,-0.090818,1.095574
7.050000,0.464628,-0.107623,0.413357,0.965867,-0.232034,-0.094588,0.065683,0.070566,1.954185,1.000000,-0.091863,1.102841
7.055000,0.464526,-0.108100,0.413352,0.965859,-0.232039,-0.094688,0.065648,0.070566,1.954556,1.000000,-0.092921,1.109983
7.060000,0.464425,-0.108576,0.413348,0.965850,-0.232043,-0.094788,0.065611,0.070566,1.954932,1.000000,-0.094003,1.117217
7.065000,0.464324,-0.109053,0.413343,0.965842,-0.232048,-0.094888,0.065572,0.070566,1.955312,1.000000,-0.095098,1.124485
7.070000,0.464223,-0.109530,0.413339,0.965834,-0.232052,-0.094989,0.065532,0.070566,1.955696,1.000000,-0.096204,1.131788
7.075000,0.464121,-0.110007,0.413334,0.965825,-0.232057,-0.095089,0.065490,0.070566,1.956084,1.000000,-0.097327,1.139194
7.080000,0.464020,-0.110483,0.413330,0.965817,-0.232062,-0.095188,0.065446,0.070566,1.956478,1.000000,-0.098457,1.146632
7.085000,0.463909,-0.110978,0.413330,0.965810,-0.232067,-0.095289,0.065399,0.070566,1.956876,1.000000,-0.099672,1.154572
7.090000,0.463798,-0.111473,0.413330,0.965802,-0.232072,-0.095389,0.065350,0.070566,1.957278,1.000000,-0.100906,1.162432
7.095000,0.463687,-0.111969,0.413330,0.965794,-0.232077,-0.095490,0.065299,0.070566,1.957686,1.000000,-0.102163,1.170333
7.100000,0.463576,-0.112464,0.413331,0.965786,-0.232083,-0.095590,0.065246,0.070566,1.958099,1.000000,-0.103434,1.178265
7.105000,0.463465,-0.112959,0.413331,0.965779,-0.232088,-0.095690,0.065191,0.070566,1.958517,1.000000,-0.104722,1.186266
7.110000,0.463354,-0.113454,0.413331,0.965771,-0.232094,-0.095790,0.065134,0.070566,1.958941,1.000000,-0.106022,1.194319
7.115000,0.463243,-0.113949,0.413331,0.965764,-0.232100,-0.095890,0.065075,0.070566,1.959369,1.000000,-0.107330,1.202402
7.120000,0.463128,-0.114440,0.413333,0.965757,-0.232106,-0.095989,0.065015,0.070566,1.959803,1.000000,-0.108644,1.210474
7.125000,0.463012,-0.114931,0.413335,0.965749,-0.232113,-0.096087,0.064952,0.070566,1.960242,1.000000,-0.109971,1.218619
7.130000,0.462897,-0.115422,0.413336,0.965742,-0.232119,-0.096186,0.064889,0.070566,1.960687,1.000000,-0.111305,1.226793
7.135000,0.462782,-0.115914,0.413338,0.965735,-0.232126,-0.096284,0.064824,0.070566,1.961136,1.000000,-0.112645,1.235005
7.140000,0.462666,-0.116405,0.413340,0.965728,-0.232133,-0.096383,0.064757,0.070566,1.961591,1.000000,-0.113992,1.243275
7.145000,0.462551,-0.116896,0.413342,0.965721,-0.232140,-0.096481,0.064690,0.070566,1.962052,1.000000,-0.115342,1.251573
7.150000,0.462436,-0.117387,0.413343,0.965715,-0.232147,-0.096578,0.064621,0.070566,1.962518,1.000000,-0.116694,1.259899
7.155000,0.462313,-0.117890,0.413344,0.965707,-0.232155,-0.096679,0.064549,0.070566,1.962990,1.000000,-0.118107,1.268603
7.160000,0.462190,-0.118393,0.413346,0.965700,-0.232162,-0.096779,0.064477,0.070566,1.963467,1.000000,-0.119529,1.277226
7.165000,0.462067,-0.118897,0.413347,0.965693,-0.232170,-0.096880,0.064403,0.070566,1.963950,1.000000,-0.120962,1.285873
7.170000,0.461945,-0.119400,0.413348,0.965686,-0.232178,-0.096980,0.064328,0.070566,1.964438,1.000000,-0.122405,1.294572
7.175000,0.461822,-0.119903,0.413349,0.965679,-0.232186,-0.097080,0.064252,0.070566,1.964933,1.000000,-0.123853,1.303300
7.180000,0.461699,-0.120406,0.413351,0.965673,-0.232195,-0.097179,0.064175,0.070566,1.965433,1.000000,-0.125305,1.312054
7.185000,0.461570,-0.120920,0.413349,0.965665,-0.232204,-0.097284,0.064096,0.070566,1.965940,1.000000,-0.126812,1.321134
7.190000,0.461440,-0.121433,0.413347,0.965658,-0.232213,-0.097388,0.064016,0.070566,1.966452,1.000000,-0.128328,1.330151
7.195000,0.461311,-0.121947,0.413346,0.965650,-0.232222,-0.097492,0.063936,0.070566,1.966971,1.000000,-0.129855,1.339190
7.200000,0.461181,-0.122461,0.413344,0.965643,-0.232231,-0.097596,0.063854,0.070566,1.967495,1.000000,-0.131390,1.348262
7.205000,0.461052,-0.122974,0.413342,0.965636,-0.232241,-0.097700,0.063772,0.070566,1.968026,1.000000,-0.132931,1.357370
7.210000,0.460922,-0.123488,0.413341,0.965628,-0.232250,-0.097804,0.063689,0.070566,1.968563,1.000000,-0.134475,1.366501
7.215000,0.460793,-0.124002,0.413339,0.965621,-0.232260,-0.097908,0.063606,0.070566,1.969106,1.000000,-0.136021,1.375660
7.220000,0.460665,-0.124501,0.413332,0.965613,-0.232270,-0.098013,0.063525,0.070566,1.969655,1.000000,-0.137514,1.384517
7.225000,0.460537,-0.125001,0.413326,0.965605,-0.232279,-0.098119,0.063443,0.070566,1.970210,1.000000,-0.139005,1.393512
7.230000,0.460409,-0.125500,0.413319,0.965598,-0.232289,-0.098225,0.063362,0.070566,1.970771,1.000000,-0.140485,1.402530
7.235000,0.460281,-0.125999,0.413312,0.965590,-0.232299,-0.098330,0.063280,0.070566,1.971338,1.000000,-0.141957,1.411586
7.240000,0.460153,-0.126499,0.413305,0.965582,-0.232308,-0.098435,0.063199,0.070566,1.971911,1.000000,-0.143419,1.420661
7.245000,0.460024,-0.126998,0.413299,0.965575,-0.232318,-0.098540,0.063119,0.070566,1.972490,1.000000,-0.144872,1.429757
7.250000,0.459896,-0.127497,0.413292,0.965567,-0.232327,-0.098645,0.063039,0.070566,1.973075,1.000000,-0.146317,1.438891
7.255000,0.459766,-0.127993,0.413279,0.965558,-0.232337,-0.098757,0.062960,0.070566,1.973665,1.000000,-0.147743,1.447967
7.260000,0.459636,-0.128488,0.413265,0.965550,-0.232346,-0.098868,0.062883,0.070566,1.974261,1.000000,-0.149161,1.457089
7.265000,0.459506,-0.128983,0.413251,0.965541,-0.232356,-0.098979,0.062806,0.070566,1.974862,1.000000,-0.150568,1.466239
7.270000,0.459376,-0.129478,0.413238,0.965532,-0.232365,-0.099091,0.062730,0.070566,1.975470,1.000000,-0.151964,1.475414
7.275000,0.459245,-0.129973,0.413224,0.965523,-0.232374,-0.099202,0.062656,0.070566,1.976082,1.000000,-0.153348,1.484606
7.280000,0.459115,-0.130468,0.413210,0.965515,-0.232383,-0.099313,0.062582,0.070566,1.976701,1.000000,-0.154720,1.493824
7.285000,0.458985,-0.130963,0.413197,0.965506,-0.232391,-0.099423,0.062509,0.070566,1.977324,1.000000,-0.156081,1.503070
7.290000,0.458851,-0.131461,0.413178,0.965497,-0.232400,-0.099540,0.062438,0.070566,1.977954,1.000000,-0.157450,1.512424
7.295000,0.458716,-0.131958,0.413160,0.965487,-0.232409,-0.099656,0.062368,0.070566,1.978588,1.000000,-0.158814,1.521769
7.300000,0.458582,-0.132456,0.413141,0.965477,-0.232417,-0.099773,0.062299,0.070566,1.979228,1.000000,-0.160173,1.531142
7.305000,0.458448,-0.132953,0.413123,0.965468,-0.232425,-0.099889,0.062232,0.070566,1.979874,1.000000,-0.161523,1.540532
7.310000,0.458313,-0.133451,0.413105,0.965458,-0.232433,-0.100006,0.062166,0.070566,1.980525,1.000000,-0.162863,1.549938
7.315000,0.458179,-0.133948,0.413086,0.965448,-0.232441,-0.100122,0.062101,0.070566,1.981181,1.000000,-0.164194,1.559375
7.320000,0.458044,-0.134446,0.413068,0.965438,-0.232449,-0.100238,0.062038,0.070566,1.981843,1.000000,-0.165514,1.568828
7.325000,0.457915,-0.134921,0.413045,0.965428,-0.232456,-0.100355,0.061980,0.070566,1.982509,1.000000,-0.166724,1.577736
7.330000,0.457786,-0.135396,0.413022,0.965418,-0.232464,-0.100472,0.061924,0.070566,1.983181,1.000000,-0.167916,1.586864
7.335000,0.457657,-0.135872,0.412999,0.965407,-0.232471,-0.100589,0.061869,0.070566,1.983857,1.000000,-0.169077,1.596012
7.340000,0.457528,-0.136347,0.412976,0.965397,-0.232477,-0.100706,0.061817,0.070566,1.984537,1.000000,-0.170212,1.605175
7.345000,0.457399,-0.136822,0.412953,0.965386,-0.232484,-0.100823,0.061766,0.070566,1.985222,1.000000,-0.171326,1.614361
7.350000,0.457270,-0.137297,0.412930,0.965376,-0.232490,-0.100939,0.061718,0.070566,1.985912,1.000000,-0.172418,1.623567
7.355000,0.457151,-0.137747,0.412902,0.965365,-0.232497,-0.101057,0.061676,0.070566,1.986605,1.000000,-0.173368,1.632127
7.360000,0.457032,-0.138197,0.412873,0.965353,-0.232503,-0.101175,0.061637,0.070566,1.987303,1.000000,-0.174287,1.640929
7.365000,0.456913,-0.138648,0.412845,0.965342,-0.232509,-0.101293,0.061600,0.070566,1.988003,1.000000,-0.175162,1.649754
7.370000,0.456794,-0.139098,0.412816,0.965330,-0.232515,-0.101410,0.061565,0.070566,1.988708,1.000000,-0.176001,1.658592
7.375000,0.456675,-0.139548,0.412787,0.965318,-0.232521,-0.101529,0.061533,0.070566,1.989415,1.000000,-0.176809,1.667446
7.380000,0.456556,-0.139998,0.412759,0.965306,-0.232527,-0.101647,0.061504,0.070566,1.990126,1.000000,-0.177589,1.676325
7.385000,0.456437,-0.140448,0.412730,0.965294,-0.232533,-0.101766,0.061478,0.070566,1.990839,1.000000,-0.178342,1.685217
7.390000,0.456321,-0.140884,0.412697,0.965281,-0.232540,-0.101886,0.061456,0.070566,1.991556,1.000000,-0.179005,1.693767
7.395000,0.456205,-0.141321,0.412664,0.965268,-0.232546,-0.102006,0.061436,0.070566,1.992275,1.000000,-0.179640,1.702460
7.400000,0.456090,-0.141757,0.412631,0.965255,-0.232553,-0.102127,0.061420,0.070566,1.992996,1.000000,-0.180239,1.711166
7.405000,0.455974,-0.142193,0.412598,0.965241,-0.232560,-0.102248,0.061406,0.070566,1.993720,1.000000,-0.180807,1.719884
7.410000,0.455859,-0.142629,0.412565,0.965227,-0.232567,-0.102370,0.061395,0.070566,1.994446,1.000000,-0.181348,1.728626
7.415000,0.455743,-0.143065,0.412532,0.965213,-0.232574,-0.102491,0.061386,0.070566,1.995174,1.000000,-0.181864,1.737382
7.420000,0.455628,-0.143501,0.412499,0.965199,-0.232582,-0.102613,0.061380,0.070566,1.995904,1.000000,-0.182356,1.746149
7.425000,0.455508,-0.143929,0.412462,0.965184,-0.232590,-0.102739,0.061376,0.070566,1.996636,1.000000,-0.182806,1.754806
7.430000,0.455389,-0.144358,0.412424,0.965168,-0.232599,-0.102865,0.061374,0.070566,1.997370,1.000000,-0.183237,1.763520
7.435000,0.455269,-0.144787,0.412387,0.965153,-0.232608,-0.102991,0.061375,0.070566,1.998105,1.000000,-0.183646,1.772245
7.440000,0.455150,-0.145216,0.412350,0.965137,-0.232618,-0.103117,0.061378,0.070566,1.998842,1.000000,-0.184035,1.780989
7.445000,0.455030,-0.145644,0.412313,0.965120,-0.232627,-0.103244,0.061384,0.070566,1.999581,1.000000,-0.184405,1.789751
7.450000,0.454911,-0.146073,0.412276,0.965104,-0.232638,-0.103370,0.061392,0.070566,2.000321,1.000000,-0.184756,1.798523
7.455000,0.454792,-0.146502,0.412239,0.965087,-0.232648,-0.103498,0.061402,0.070566,2.001062,1.000000,-0.185090,1.807308
7.460000,0.454676,-0.146913,0.412195,0.965070,-0.232659,-0.103627,0.061413,0.070566,2.001804,1.000000,-0.185325,1.815660
7.465000,0.454561,-0.147324,0.412151,0.965052,-0.232671,-0.103756,0.061427,0.070566,2.002548,1.000000,-0.185534,1.824175
7.470000,0.454445,-0.147734,0.412107,0.965034,-0.232683,-0.103886,0.061442,0.070566,2.003291,1.000000,-0.185711,1.832703
7.475000,0.454330,-0.148145,0.412063,0.965016,-0.232695,-0.104016,0.061460,0.070566,2.004036,1.000000,-0.185863,1.841251
7.480000,0.454214,-0.148556,0.412019,0.964998,-0.232708,-0.104146,0.061480,0.070566,2.004781,1.000000,-0.185993,1.849809
7.485000,0.454099,-0.148966,0.411976,0.964979,-0.232721,-0.104276,0.061501,0.070566,2.005527,1.000000,-0.186103,1.858376
7.490000,0.453983,-0.149377,0.411932,0.964960,-0.232735,-0.104406,0.061524,0.070566,2.006273,1.000000,-0.186196,1.866958
7.495000,0.453878,-0.149763,0.411879,0.964941,-0.232749,-0.104535,0.061549,0.070566,2.007019,1.000000,-0.186147,1.874886
7.500000,0.453773,-0.150150,0.411827,0.964922,-0.232764,-0.104664,0.061575,0.070566,2.007764,1.000000,-0.186061,1.883048
7.505000,0.453668,-0.150536,0.411774,0.964903,-0.232779,-0.104792,0.061604,0.070566,2.008510,1.000000,-0.185932,1.891230
7.510000,0.453563,-0.150922,0.411722,0.964883,-0.232794,-0.104921,0.061634,0.070566,2.009254,1.000000,-0.185772,1.899424
7.515000,0.453458,-0.151308,0.411669,0.964863,-0.232810,-0.105051,0.061666,0.070566,2.009998,1.000000,-0.185586,1.907627
7.520000,0.453354,-0.151694,0.411617,0.964843,-0.232827,-0.105180,0.061699,0.070566,2.010741,1.000000,-0.185379,1.915838
7.525000,0.453259,-0.152054,0.411555,0.964823,-0.232844,-0.105308,0.061733,0.070566,2.011483,1.000000,-0.185019,1.923336
7.530000,0.453165,-0.152413,0.411493,0.964802,-0.232861,-0.105437,0.061768,0.070566,2.012223,1.000000,-0.184616,1.931087
7.535000,0.453070,-0.152772,0.411431,0.964781,-0.232879,-0.105566,0.061806,0.070566,2.012962,1.000000,-0.184168,1.938853
7.540000,0.452976,-0.153131,0.411368,0.964760,-0.232898,-0.105695,0.061845,0.070566,2.013699,1.000000,-0.183687,1.946637
7.545000,0.452882,-0.153490,0.411306,0.964739,-0.232917,-0.105824,0.061885,0.070566,2.014433,1.000000,-0.183179,1.954429
7.550000,0.452788,-0.153850,0.411244,0.964717,-0.232937,-0.105953,0.061927,0.070566,2.015166,1.000000,-0.182651,1.962229
7.555000,0.452693,-0.154209,0.411182,0.964695,-0.232957,-0.106083,0.061970,0.070566,2.015896,1.000000,-0.182106,1.970048
7.560000,0.452613,-0.154535,0.411115,0.964674,-0.232977,-0.106205,0.062012,0.070566,2.016624,1.000000,-0.181378,1.976966
7.565000,0.452533,-0.154861,0.411049,0.964653,-0.232997,-0.106328,0.062055,0.070566,2.017349,1.000000,-0.180600,1.984200
7.570000,0.452453,-0.155187,0.410982,0.964632,-0.233018,-0.106450,0.062100,0.070566,2.018070,1.000000,-0.179770,1.991449
7.575000,0.452372,-0.155512,0.410916,0.964610,-0.233039,-0.106573,0.062146,0.070566,2.018788,1.000000,-0.178903,1.998707
7.580000,0.452292,-0.155838,0.410849,0.964588,-0.233061,-0.106696,0.062193,0.070566,2.019502,1.000000,-0.178009,2.005972
7.585000,0.452212,-0.156164,0.410783,0.964566,-0.233084,-0.106819,0.062242,0.070566,2.020213,1.000000,-0.177094,2.013246
7.590000,0.452132,-0.156489,0.410716,0.964544,-0.233107,-0.106942,0.062291,0.070566,2.020920,1.000000,-0.176165,2.020529
7.595000,0.452083,-0.156767,0.410648,0.964525,-0.233127,-0.107038,0.062339,0.070566,2.021623,1.000000,-0.174944,2.026365
7.600000,0.452036,-0.157045,0.410580,0.964506,-0.233147,-0.107133,0.062388,0.070566,2.022320,1.000000,-0.173636,2.032704
7.605000,0.451988,-0.157322,0.410512,0.964488,-0.233168,-0.107228,0.062437,0.070566,2.023013,1.000000,-0.172244,2.039061
7.610000,0.451940,-0.157599,0.410444,0.964468,-0.233190,-0.107324,0.062488,0.070566,2.023699,1.000000,-0.170796,2.045425
7.615000,0.451892,-0.157876,0.410376,0.964449,-0.233212,-0.107420,0.062540,0.070566,2.024379,1.000000,-0.169308,2.051796
7.620000,0.451844,-0.158153,0.410308,0.964429,-0.233235,-0.107516,0.062593,0.070566,2.025054,1.000000,-0.167792,2.058176
7.625000,0.451796,-0.158431,0.410240,0.964409,-0.233258,-0.107612,0.062647,0.070566,2.025722,1.000000,-0.166255,2.064562
7.630000,0.451799,-0.158648,0.410166,0.964396,-0.233276,-0.107665,0.062699,0.070566,2.026383,1.000000,-0.164330,2.068999
7.635000,0.451803,-0.158864,0.410092,0.964382,-0.233295,-0.107717,0.062752,0.070566,2.027036,1.000000,-0.162270,2.074106
7.640000,0.451806,-0.159080,0.410018,0.964368,-0.233314,-0.107769,0.062806,0.070566,2.027680,1.000000,-0.160091,2.079227
7.645000,0.451810,-0.159297,0.409944,0.964354,-0.233334,-0.107822,0.062861,0.070566,2.028316,1.000000,-0.157835,2.084354
7.650000,0.451813,-0.159513,0.409869,0.964339,-0.233355,-0.107874,0.062917,0.070566,2.028942,1.000000,-0.155527,2.089498
7.655000,0.451817,-0.159729,0.409795,0.964324,-0.233376,-0.107928,0.062973,0.070566,2.029559,1.000000,-0.153183,2.094649
7.660000,0.451821,-0.159945,0.409721,0.964309,-0.233399,-0.107981,0.063030,0.070566,2.030167,1.000000,-0.150814,2.099806
7.665000,0.451874,-0.160104,0.409641,0.964302,-0.233413,-0.107982,0.063084,0.070566,2.030764,1.000000,-0.148071,2.103064
7.670000,0.451928,-0.160261,0.409562,0.964295,-0.233428,-0.107981,0.063139,0.070566,2.031350,1.000000,-0.145183,2.106970
7.675000,0.451981,-0.160419,0.409482,0.964288,-0.233443,-0.107981,0.063195,0.070566,2.031924,1.000000,-0.142177,2.110889
7.680000,0.452035,-0.160576,0.409402,0.964280,-0.233459,-0.107982,0.063251,0.070566,2.032485,1.000000,-0.139097,2.114819
7.685000,0.452089,-0.160734,0.409322,0.964272,-0.233476,-0.107982,0.063307,0.070566,2.033035,1.000000,-0.135969,2.118760
7.690000,0.452143,-0.160892,0.409243,0.964264,-0.233493,-0.107983,0.063364,0.070566,2.033571,1.000000,-0.132812,2.122706
7.695000,0.452253,-0.160996,0.409160,0.964267,-0.233499,-0.107912,0.063421,0.070566,2.034094,1.000000,-0.129283,2.124769
7.700000,0.452365,-0.161099,0.409077,0.964270,-0.233504,-0.107839,0.063478,0.070566,2.034603,1.000000,-0.125591,2.127482
7.705000,0.452476,-0.161203,0.408994,0.964273,-0.233510,-0.107767,0.063535,0.070566,2.035096,1.000000,-0.121776,2.130208
7.710000,0.452587,-0.161306,0.408911,0.964276,-0.233516,-0.107695,0.063592,0.070566,2.035574,1.000000,-0.117889,2.132936
7.715000,0.452698,-0.161410,0.408829,0.964279,-0.233523,-0.107623,0.063650,0.070566,2.036037,1.000000,-0.114111,2.135677
7.720000,0.452809,-0.161513,0.408746,0.964281,-0.233529,-0.107551,0.063709,0.070566,2.036486,1.000000,-0.110831,2.138421
7.725000,0.452920,-0.161617,0.408663,0.964284,-0.233536,-0.107480,0.063767,0.070566,2.036922,1.000000,-0.107790,2.141167
7.730000,0.453113,-0.161686,0.408579,0.964303,-0.233525,-0.107288,0.063838,0.070566,2.037346,1.000000,-0.104673,2.142142
7.735000,0.453306,-0.161754,0.408494,0.964322,-0.233515,-0.107093,0.063909,0.070566,2.037757,1.000000,-0.101507,2.143723
7.740000,0.453500,-0.161823,0.408410,0.964341,-0.233507,-0.106898,0.063978,0.070566,2.038155,1.000000,-0.098260,2.145316
7.745000,0.453693,-0.161891,0.408326,0.964360,-0.233501,-0.106701,0.064047,0.070566,2.038540,1.000000,-0.094940,2.146921
7.750000,0.453887,-0.161960,0.408241,0.964378,-0.233495,-0.106505,0.064116,0.070566,2.038912,1.000000,-0.091555,2.148535
7.755000,0.454081,-0.162028,0.408157,0.964397,-0.233491,-0.106307,0.064183,0.070566,2.039270,1.000000,-0.088118,2.150150
7.760000,0.454274,-0.162096,0.408073,0.964415,-0.233489,-0.106109,0.064250,0.070566,2.039614,1.000000,-0.084640,2.151771
7.765000,0.454542,-0.162152,0.407992,0.964444,-0.233482,-0.105804,0.064333,0.070566,2.039945,1.000000,-0.081065,2.152188
7.770000,0.454811,-0.162206,0.407911,0.964474,-0.233478,-0.105496,0.064414,0.070566,2.040260,1.000000,-0.077411,2.153020
7.775000,0.455080,-0.162261,0.407830,0.964502,-0.233477,-0.105188,0.064494,0.070566,2.040561,1.000000,-0.073653,2.153862
7.780000,0.455348,-0.162316,0.407750,0.964531,-0.233477,-0.104880,0.064574,0.070566,2.040846,1.000000,-0.069809,2.154713
7.785000,0.455617,-0.162371,0.407669,0.964559,-0.233477,-0.104571,0.064654,0.070566,2.041116,1.000000,-0.065534,2.155566
7.790000,0.455886,-0.162426,0.407588,0.964587,-0.233476,-0.104263,0.064734,0.070566,2.041366,1.000000,-0.060740,2.156421
7.795000,0.456155,-0.162481,0.407507,0.964615,-0.233476,-0.103955,0.064814,0.070566,2.041597,1.000000,-0.055645,2.157295
7.800000,0.456470,-0.162531,0.407423,0.964648,-0.233461,-0.103623,0.064909,0.070566,2.041807,1.000000,-0.050286,2.157503
7.805000,0.456786,-0.162581,0.407339,0.964681,-0.233445,-0.103292,0.065005,0.070566,2.041994,1.000000,-0.044306,2.157940
7.810000,0.457102,-0.162631,0.407255,0.964713,-0.233429,-0.102960,0.065100,0.070566,2.042156,1.000000,-0.037762,2.158390
7.815000,0.457418,-0.162681,0.407171,0.964746,-0.233413,-0.102628,0.065195,0.070566,2.042291,1.000000,-0.031066,2.158842
7.820000,0.457733,-0.162731,0.407087,0.964779,-0.233397,-0.102296,0.065291,0.070566,2.042399,1.000000,-0.024426,2.159296
7.825000,0.458049,-0.162781,0.407003,0.964811,-0.233381,-0.101965,0.065386,0.070566,2.042481,1.000000,-0.017944,2.159764
7.830000,0.458365,-0.162831,0.406920,0.964844,-0.233365,-0.101633,0.065481,0.070566,2.042538,1.000000,-0.011667,2.160239
7.835000,0.458727,-0.162878,0.406825,0.964883,-0.233338,-0.101252,0.065591,0.070566,2.042570,1.000000,-0.005514,2.160116
7.840000,0.459090,-0.162926,0.406731,0.964922,-0.233310,-0.100870,0.065702,0.070566,2.042578,1.000000,0.000531,2.160205
7.845000,0.459453,-0.162974,0.406637,0.964961,-0.233283,-0.100488,0.065812,0.070566,2.042557,1.000000,0.006424,2.160306
7.850000,0.459816,-0.163021,0.406542,0.965000,-0.233255,-0.100105,0.065923,0.070566,2.042508,1.000000,0.012145,2.160410
7.855000,0.460179,-0.163069,0.406448,0.965039,-0.233227,-0.099723,0.066033,0.070566,2.042431,1.000000,0.017718,2.160523
7.860000,0.460542,-0.163116,0.406354,0.965077,-0.233199,-0.099341,0.066144,0.070566,2.042326,1.000000,0.023310,2.160653
7.865000,0.460954,-0.163163,0.406255,0.965122,-0.233160,-0.098913,0.066269,0.070566,2.042193,1.000000,0.028904,2.160186
7.870000,0.461366,-0.163209,0.406156,0.965167,-0.233122,-0.098484,0.066394,0.070566,2.042032,1.000000,0.034461,2.159929
7.875000,0.461778,-0.163255,0.406057,0.965211,-0.233083,-0.098055,0.066519,0.070566,2.041843,1.000000,0.039895,2.159694
7.880000,0.462191,-0.163302,0.405959,0.965256,-0.233044,-0.097626,0.066645,0.070566,2.041628,1.000000,0.045164,2.159464
7.885000,0.462603,-0.163348,0.405860,0.965300,-0.233005,-0.097197,0.066770,0.070566,2.041387,1.000000,0.050247,2.159239
7.890000,0.463016,-0.163395,0.405761,0.965344,-0.232966,-0.096768,0.066895,0.070566,2.041122,1.000000,0.055090,2.159040
7.895000,0.463428,-0.163441,0.405662,0.965387,-0.232926,-0.096339,0.067020,0.070566,2.040833,1.000000,0.059676,2.158850
7.900000,0.463862,-0.163487,0.405553,0.965430,-0.232879,-0.095936,0.067151,0.070566,2.040522,1.000000,0.064037,2.158420
7.905000,0.464296,-0.163532,0.405444,0.965472,-0.232832,-0.095534,0.067281,0.070566,2.040189,1.000000,0.068209,2.158090
7.910000,0.464731,-0.163578,0.405335,0.965514,-0.232785,-0.095133,0.067412,0.070566,2.039837,1.000000,0.072184,2.157773
7.915000,0.465165,-0.163624,0.405226,0.965555,-0.232738,-0.094731,0.067542,0.070566,2.039465,1.000000,0.075964,2.157462
7.920000,0.465600,-0.163670,0.405117,0.965597,-0.232690,-0.094329,0.067673,0.070566,2.039074,1.000000,0.079549,2.157165
7.925000,0.466034,-0.163715,0.405008,0.965639,-0.232643,-0.093927,0.067803,0.070566,2.038667,1.000000,0.082942,2.156885
7.930000,0.466469,-0.163761,0.404899,0.965680,-0.232596,-0.093525,0.067933,0.070566,2.038243,1.000000,0.086148,2.156610
7.935000,0.466909,-0.163808,0.404783,0.965720,-0.232547,-0.093132,0.068063,0.070566,2.037803,1.000000,0.089172,2.156324
7.940000,0.467349,-0.163855,0.404668,0.965761,-0.232498,-0.092738,0.068192,0.070566,2.037349,1.000000,0.092028,2.156071
7.945000,0.467790,-0.163902,0.404552,0.965801,-0.232449,-0.092345,0.068322,0.070566,2.036881,1.000000,0.094715,2.155826
7.950000,0.468230,-0.163949,0.404436,0.965835,-0.232388,-0.092008,0.068498,0.070566,2.036401,1.000000,0.097183,2.155599
7.955000,0.468670,-0.163996,0.404321,0.965851,-0.232327,-0.091795,0.068767,0.070566,2.035909,1.000000,0.099332,2.155443
7.960000,0.469111,-0.164043,0.404205,0.965859,-0.232290,-0.091600,0.069041,0.070566,2.035407,1.000000,0.101177,2.155299
7.965000,0.469551,-0.164090,0.404090,0.965860,-0.232279,-0.091418,0.069313,0.070566,2.034897,1.000000,0.102761,2.155174
7.970000,0.469987,-0.164127,0.403963,0.965859,-0.232270,-0.091270,0.069552,0.070566,2.034379,1.000000,0.104162,2.154916
7.975000,0.470423,-0.164164,0.403837,0.965853,-0.232281,-0.091128,0.069785,0.070566,2.033855,1.000000,0.105396,2.154731
7.980000,0.470860,-0.164202,0.403710,0.965842,-0.232311,-0.090989,0.070011,0.070566,2.033325,1.000000,0.106475,2.154560
7.985000,0.471296,-0.164239,0.403584,0.965828,-0.232357,-0.090849,0.070230,0.070566,2.032790,1.000000,0.107409,2.154423
7.990000,0.471732,-0.164276,0.403457,0.965812,-0.232417,-0.090705,0.070442,0.070566,2.032251,1.000000,0.108210,2.154307
7.995000,0.472168,-0.164313,0.403331,0.965794,-0.232490,-0.090555,0.070644,0.070566,2.031709,1.000000,0.108890,2.154202
8.000000,0.472604,-0.164350,0.403204,0.965774,-0.232572,-0.090399,0.070839,0.070566,2.031163,1.000000,0.109457,2.154118
8.005000,0.473049,-0.164378,0.403071,0.965760,-0.232627,-0.090274,0.071019,0.070566,2.030614,1.000000,0.109954,2.153741
8.010000,0.473494,-0.164406,0.402937,0.965744,-0.232688,-0.090145,0.071194,0.070566,2.030064,1.000000,0.110405,2.153480
8.015000,0.473938,-0.164433,0.402803,0.965728,-0.232754,-0.090012,0.071363,0.070566,2.029511,1.000000,0.110795,2.153240
8.020000,0.474384,-0.164460,0.402669,0.965712,-0.232824,-0.089873,0.071528,0.070566,2.028957,1.000000,0.111120,2.153039
8.025000,0.474829,-0.164488,0.402536,0.965696,-0.232898,-0.089730,0.071688,0.070566,2.028401,1.000000,0.111376,2.152846
8.030000,0.475274,-0.164515,0.402402,0.965680,-0.232974,-0.089581,0.071844,0.070566,2.027844,1.000000,0.111565,2.152661
8.035000,0.475744,-0.164542,0.402278,0.965662,-0.233062,-0.089411,0.072005,0.070566,2.027286,1.000000,0.111684,2.152202
8.040000,0.476214,-0.164568,0.402154,0.965645,-0.233151,-0.089234,0.072163,0.070566,2.026728,1.000000,0.111787,2.151853
8.045000,0.476685,-0.164594,0.402031,0.965628,-0.233242,-0.089053,0.072317,0.070566,2.026169,1.000000,0.111853,2.151513
8.050000,0.477155,-0.164621,0.401907,0.965612,-0.233333,-0.088866,0.072468,0.070566,2.025611,1.000000,0.111875,2.151208
8.055000,0.477626,-0.164647,0.401783,0.965597,-0.233424,-0.088674,0.072617,0.070566,2.025052,1.000000,0.111852,2.150915
8.060000,0.478096,-0.164674,0.401660,0.965581,-0.233516,-0.088479,0.072762,0.070566,2.024493,1.000000,0.111780,2.150629
8.065000,0.478566,-0.164700,0.401536,0.965567,-0.233607,-0.088279,0.072906,0.070566,2.023935,1.000000,0.111659,2.150374
8.070000,0.479028,-0.164719,0.401414,0.965554,-0.233677,-0.088119,0.073042,0.070566,2.023378,1.000000,0.111502,2.150067
8.075000,0.479488,-0.164739,0.401292,0.965542,-0.233747,-0.087957,0.073176,0.070566,2.022822,1.000000,0.111283,2.149792
8.080000,0.479949,-0.164758,0.401170,0.965530,-0.233818,-0.087793,0.073309,0.070566,2.022267,1.000000,0.111012,2.149543
8.085000,0.480410,-0.164778,0.401049,0.965518,-0.233888,-0.087626,0.073440,0.070566,2.021713,1.000000,0.110693,2.149321
8.090000,0.480871,-0.164797,0.400927,0.965506,-0.233958,-0.087458,0.073570,0.070566,2.021161,1.000000,0.110329,2.149107
8.095000,0.481332,-0.164817,0.400805,0.965495,-0.234028,-0.087287,0.073699,0.070566,2.020612,1.000000,0.109922,2.148908
8.100000,0.481793,-0.164836,0.400683,0.965484,-0.234098,-0.087114,0.073826,0.070566,2.020064,1.000000,0.109475,2.148737
8.105000,0.482237,-0.164853,0.400575,0.965474,-0.234135,-0.087020,0.073945,0.070566,2.019519,1.000000,0.108997,2.148639
8.110000,0.482680,-0.164869,0.400467,0.965465,-0.234172,-0.086926,0.074064,0.070566,2.018976,1.000000,0.108433,2.148529
8.115000,0.483124,-0.164886,0.400359,0.965455,-0.234209,-0.086831,0.074181,0.070566,2.018436,1.000000,0.107815,2.148459
8.120000,0.483568,-0.164902,0.400251,0.965446,-0.234246,-0.086736,0.074298,0.070566,2.017900,1.000000,0.107156,2.148396
8.125000,0.484011,-0.164919,0.400143,0.965436,-0.234284,-0.086639,0.074414,0.070566,2.017366,1.000000,0.106464,2.148340
8.130000,0.484455,-0.164935,0.400035,0.965427,-0.234322,-0.086542,0.074529,0.070566,2.016837,1.000000,0.105744,2.148316
8.135000,0.484899,-0.164952,0.399927,0.965417,-0.234361,-0.086444,0.074644,0.070566,2.016311,1.000000,0.105003,2.148303
8.140000,0.485335,-0.164976,0.399854,0.965408,-0.234383,-0.086390,0.074755,0.070566,2.015789,1.000000,0.104231,2.148450
8.145000,0.485772,-0.165000,0.399782,0.965399,-0.234406,-0.086335,0.074866,0.070566,2.015271,1.000000,0.103386,2.148574
8.150000,0.486208,-0.165025,0.399709,0.965390,-0.234429,-0.086281,0.074977,0.070566,2.014757,1.000000,0.102504,2.148714
8.155000,0.486645,-0.165049,0.399637,0.965380,-0.234452,-0.086226,0.075086,0.070566,2.014248,1.000000,0.101598,2.148859
8.160000,0.487081,-0.165073,0.399564,0.965371,-0.234476,-0.086170,0.075196,0.070566,2.013743,1.000000,0.100679,2.149025
8.165000,0.487518,-0.165098,0.399492,0.965362,-0.234501,-0.086115,0.075304,0.070566,2.013243,1.000000,0.099753,2.149213
8.170000,0.487954,-0.165122,0.399419,0.965352,-0.234525,-0.086059,0.075412,0.070566,2.012747,1.000000,0.098826,2.149406
8.175000,0.488379,-0.165152,0.399366,0.965343,-0.234539,-0.086037,0.075518,0.070566,2.012257,1.000000,0.097890,2.149802
8.180000,0.488804,-0.165182,0.399314,0.965333,-0.234553,-0.086016,0.075623,0.070566,2.011771,1.000000,0.096905,2.150172
8.185000,0.489229,-0.165211,0.399261,0.965323,-0.234567,-0.085995,0.075727,0.070566,2.011290,1.000000,0.095901,2.150546
8.190000,0.489653,-0.165241,0.399208,0.965313,-0.234582,-0.085973,0.075831,0.070566,2.010814,1.000000,0.094890,2.150926
8.195000,0.490078,-0.165271,0.399156,0.965303,-0.234597,-0.085952,0.075935,0.070566,2.010343,1.000000,0.093877,2.151318
8.200000,0.490503,-0.165301,0.399103,0.965293,-0.234613,-0.085930,0.076038,0.070566,2.009877,1.000000,0.092871,2.151716
8.205000,0.490920,-0.165333,0.399065,0.965284,-0.234630,-0.085905,0.076134,0.070566,2.009416,1.000000,0.091881,2.152185
8.210000,0.491338,-0.165364,0.399028,0.965274,-0.234647,-0.085880,0.076230,0.070566,2.008960,1.000000,0.090879,2.152660
8.215000,0.491755,-0.165396,0.398990,0.965265,-0.234664,-0.085855,0.076326,0.070566,2.008509,1.000000,0.089881,2.153142
8.220000,0.492173,-0.165428,0.398953,0.965255,-0.234682,-0.085830,0.076421,0.070566,2.008063,1.000000,0.088894,2.153629
8.225000,0.492590,-0.165460,0.398915,0.965246,-0.234700,-0.085804,0.076516,0.070566,2.007622,1.000000,0.087922,2.154137
8.230000,0.493008,-0.165491,0.398877,0.965236,-0.234718,-0.085779,0.076610,0.070566,2.007186,1.000000,0.086967,2.154657
8.235000,0.493425,-0.165523,0.398840,0.965226,-0.234737,-0.085753,0.076704,0.070566,2.006755,1.000000,0.086031,2.155182
8.240000,0.493848,-0.165554,0.398832,0.965217,-0.234764,-0.085696,0.076797,0.070566,2.006328,1.000000,0.085125,2.155567
8.245000,0.494270,-0.165584,0.398825,0.965208,-0.234792,-0.085638,0.076890,0.070566,2.005905,1.000000,0.084239,2.156019
8.250000,0.494693,-0.165615,0.398817,0.965199,-0.234820,-0.085580,0.076982,0.070566,2.005487,1.000000,0.083373,2.156477
8.255000,0.495115,-0.165646,0.398810,0.965190,-0.234848,-0.085521,0.077074,0.070566,2.005074,1.000000,0.082343,2.156945
8.260000,0.495537,-0.165676,0.398802,0.965181,-0.234877,-0.085462,0.077165,0.070566,2.004666,1.000000,0.081202,2.157430
8.265000,0.495960,-0.165707,0.398795,0.965172,-0.234906,-0.085404,0.077256,0.070566,2.004264,1.000000,0.080036,2.157920
8.270000,0.496382,-0.165738,0.398787,0.965163,-0.234935,-0.085345,0.077347,0.070566,2.003868,1.000000,0.078889,2.158414
8.275000,0.496806,-0.165765,0.398786,0.965153,-0.234967,-0.085279,0.077440,0.070566,2.003477,1.000000,0.077784,2.158802
8.280000,0.497229,-0.165792,0.398785,0.965144,-0.234999,-0.085214,0.077533,0.070566,2.003092,1.000000,0.076731,2.159232
8.285000,0.497653,-0.165819,0.398783,0.965134,-0.235031,-0.085149,0.077626,0.070566,2.002712,1.000000,0.075737,2.159668
8.290000,0.498077,-0.165846,0.398782,0.965125,-0.235064,-0.085084,0.077718,0.070566,2.002336,1.000000,0.074802,2.160134
8.295000,0.498500,-0.165872,0.398781,0.965115,-0.235097,-0.085019,0.077810,0.070566,2.001965,1.000000,0.073925,2.160610
8.300000,0.498924,-0.165899,0.398780,0.965105,-0.235130,-0.084954,0.077902,0.070566,2.001599,1.000000,0.073103,2.161089
8.305000,0.499348,-0.165926,0.398778,0.965095,-0.235163,-0.084890,0.077993,0.070566,2.001236,1.000000,0.072335,2.161590
8.310000,0.499764,-0.165948,0.398785,0.965086,-0.235198,-0.084818,0.078081,0.070566,2.000877,1.000000,0.071631,2.162019
8.315000,0.500180,-0.165970,0.398792,0.965076,-0.235234,-0.084746,0.078169,0.070566,2.000521,1.000000,0.070965,2.162481
8.320000,0.500596,-0.165991,0.398800,0.965067,-0.235270,-0.084675,0.078257,0.070566,2.000169,1.000000,0.070339,2.162945
8.325000,0.501012,-0.166013,0.398807,0.965057,-0.235306,-0.084604,0.078345,0.070566,1.999819,1.000000,0.069753,2.163410
8.330000,0.501428,-0.166035,0.398814,0.965048,-0.235342,-0.084533,0.078432,0.070566,1.999473,1.000000,0.069207,2.163879
8.335000,0.501844,-0.166057,0.398821,0.965038,-0.235378,-0.084462,0.078519,0.070566,1.999129,1.000000,0.068697,2.164356
8.340000,0.502260,-0.166078,0.398828,0.965028,-0.235414,-0.084391,0.078606,0.070566,1.998787,1.000000,0.068223,2.164846
8.345000,0.502672,-0.166092,0.398866,0.965020,-0.235458,-0.084291,0.078687,0.070566,1.998448,1.000000,0.067795,2.165090
8.350000,0.503084,-0.166105,0.398904,0.965011,-0.235502,-0.084191,0.078767,0.070566,1.998111,1.000000,0.067387,2.165423
8.355000,0.503495,-0.166119,0.398943,0.965002,-0.235546,-0.084091,0.078848,0.070566,1.997775,1.000000,0.067008,2.165767
8.360000,0.503907,-0.166133,0.398981,0.964994,-0.235590,-0.083991,0.078928,0.070566,1.997442,1.000000,0.066659,2.166114
8.365000,0.504318,-0.166146,0.399019,0.964985,-0.235635,-0.083891,0.079008,0.070566,1.997110,1.000000,0.066339,2.166466
8.370000,0.504730,-0.166160,0.399058,0.964977,-0.235679,-0.083791,0.079087,0.070566,1.996779,1.000000,0.066047,2.166833
8.375000,0.505139,-0.166167,0.399104,0.964968,-0.235725,-0.083683,0.079164,0.070566,1.996450,1.000000,0.065794,2.167052
8.380000,0.505548,-0.166174,0.399150,0.964960,-0.235771,-0.083575,0.079240,0.070566,1.996123,1.000000,0.065566,2.167327
8.385000,0.505957,-0.166181,0.399197,0.964952,-0.235818,-0.083467,0.079316,0.070566,1.995796,1.000000,0.065362,2.167604
8.390000,0.506365,-0.166188,0.399243,0.964944,-0.235864,-0.083359,0.079391,0.070566,1.995470,1.000000,0.065180,2.167883
8.395000,0.506774,-0.166195,0.399289,0.964936,-0.235910,-0.083251,0.079467,0.070566,1.995145,1.000000,0.065019,2.168167
8.400000,0.507183,-0.166202,0.399335,0.964927,-0.235957,-0.083142,0.079542,0.070566,1.994821,1.000000,0.064876,2.168463
8.405000,0.507592,-0.166209,0.399382,0.964919,-0.236003,-0.083034,0.079618,0.070566,1.994497,1.000000,0.064751,2.168774
8.410000,0.507989,-0.166211,0.399426,0.964911,-0.236048,-0.082928,0.079689,0.070566,1.994174,1.000000,0.064662,2.169054
8.415000,0.508386,-0.166212,0.399471,0.964903,-0.236093,-0.082822,0.079761,0.070566,1.993852,1.000000,0.064574,2.169353
8.420000,0.508782,-0.166214,0.399516,0.964896,-0.236139,-0.082716,0.079832,0.070566,1.993529,1.000000,0.064493,2.169666
8.425000,0.509179,-0.166215,0.399561,0.964888,-0.236184,-0.082609,0.079904,0.070566,1.993208,1.000000,0.064377,2.169982
8.430000,0.509576,-0.166216,0.399606,0.964880,-0.236229,-0.082503,0.079975,0.070566,1.992887,1.000000,0.064157,2.170303
8.435000,0.509973,-0.166218,0.399651,0.964872,-0.236274,-0.082396,0.080046,0.070566,1.992567,1.000000,0.063880,2.170639
8.440000,0.510370,-0.166219,0.399696,0.964864,-0.236320,-0.082291,0.080116,0.070566,1.992249,1.000000,0.063585,2.170978
8.445000,0.510745,-0.166207,0.399738,0.964857,-0.236362,-0.082192,0.080178,0.070566,1.991932,1.000000,0.063324,2.171156
8.450000,0.511120,-0.166194,0.399781,0.964850,-0.236405,-0.082093,0.080239,0.070566,1.991617,1.000000,0.063040,2.171400
8.455000,0.511494,-0.166182,0.399824,0.964842,-0.236449,-0.081996,0.080299,0.070566,1.991303,1.000000,0.062755,2.171649
8.460000,0.511869,-0.166169,0.399866,0.964835,-0.236492,-0.081899,0.080358,0.070566,1.990990,1.000000,0.062472,2.171900
8.465000,0.512244,-0.166156,0.399909,0.964827,-0.236536,-0.081802,0.080417,0.070566,1.990679,1.000000,0.062190,2.172163
8.470000,0.512619,-0.166144,0.399952,0.964820,-0.236581,-0.081707,0.080475,0.070566,1.990370,1.000000,0.061909,2.172432
8.475000,0.512993,-0.166131,0.399994,0.964812,-0.236625,-0.081611,0.080532,0.070566,1.990061,1.000000,0.061629,2.172704
8.480000,0.513343,-0.166108,0.400019,0.964805,-0.236662,-0.081537,0.080583,0.070566,1.989754,1.000000,0.061394,2.172983
8.485000,0.513692,-0.166086,0.400044,0.964798,-0.236699,-0.081464,0.080633,0.070566,1.989448,1.000000,0.061126,2.173272
8.490000,0.514041,-0.166063,0.400069,0.964791,-0.236736,-0.081391,0.080682,0.070566,1.989144,1.000000,0.060849,2.173563
8.495000,0.514390,-0.166040,0.400094,0.964784,-0.236773,-0.081318,0.080731,0.070566,1.988840,1.000000,0.060567,2.173861
8.500000,0.514739,-0.166017,0.400119,0.964777,-0.236810,-0.081246,0.080780,0.070566,1.988539,1.000000,0.060281,2.174171
8.505000,0.515088,-0.165994,0.400143,0.964770,-0.236847,-0.081174,0.080828,0.070566,1.988239,1.000000,0.059992,2.174482
8.510000,0.515437,-0.165971,0.400168,0.964763,-0.236885,-0.081103,0.080877,0.070566,1.987940,1.000000,0.059701,2.174797
8.515000,0.515758,-0.165948,0.400167,0.964756,-0.236912,-0.081058,0.080922,0.070566,1.987642,1.000000,0.059497,2.175395
8.520000,0.516078,-0.165925,0.400165,0.964749,-0.236940,-0.081014,0.080967,0.070566,1.987345,1.000000,0.059328,2.175903
8.525000,0.516398,-0.165901,0.400164,0.964742,-0.236968,-0.080970,0.081013,0.070566,1.987049,1.000000,0.059186,2.176411
8.530000,0.516718,-0.165878,0.400162,0.964735,-0.236995,-0.080926,0.081058,0.070566,1.986754,1.000000,0.059047,2.176933
8.535000,0.517038,-0.165854,0.400160,0.964728,-0.237023,-0.080882,0.081105,0.070566,1.986459,1.000000,0.058903,2.177458
8.540000,0.517359,-0.165831,0.400159,0.964721,-0.237050,-0.080837,0.081151,0.070566,1.986165,1.000000,0.058750,2.177983
8.545000,0.517659,-0.165809,0.400143,0.964714,-0.237073,-0.080806,0.081199,0.070566,1.985872,1.000000,0.058565,2.178732
8.550000,0.517960,-0.165786,0.400127,0.964707,-0.237095,-0.080776,0.081247,0.070566,1.985581,1.000000,0.058236,2.179412
8.555000,0.518260,-0.165764,0.400111,0.964700,-0.237118,-0.080745,0.081295,0.070566,1.985291,1.000000,0.057855,2.180092
8.560000,0.518560,-0.165742,0.400095,0.964693,-0.237140,-0.080714,0.081344,0.070566,1.985003,1.000000,0.057464,2.180781
8.565000,0.518861,-0.165720,0.400079,0.964686,-0.237162,-0.080682,0.081393,0.070566,1.984717,1.000000,0.057077,2.181482
8.570000,0.519161,-0.165698,0.400063,0.964679,-0.237185,-0.080650,0.081442,0.070566,1.984433,1.000000,0.056699,2.182183
8.575000,0.519461,-0.165676,0.400048,0.964673,-0.237207,-0.080617,0.081491,0.070566,1.984150,1.000000,0.056332,2.182889
8.580000,0.519743,-0.165657,0.400031,0.964666,-0.237228,-0.080586,0.081539,0.070566,1.983870,1.000000,0.055980,2.183814
8.585000,0.520024,-0.165637,0.400015,0.964659,-0.237248,-0.080555,0.081587,0.070566,1.983591,1.000000,0.055598,2.184669
8.590000,0.520305,-0.165618,0.399998,0.964653,-0.237269,-0.080523,0.081635,0.070566,1.983314,1.000000,0.055206,2.185523
8.595000,0.520586,-0.165599,0.399982,0.964646,-0.237290,-0.080491,0.081683,0.070566,1.983039,1.000000,0.054809,2.186388
8.600000,0.520867,-0.165580,0.399966,0.964640,-0.237311,-0.080459,0.081732,0.070566,1.982767,1.000000,0.054411,2.187253
8.605000,0.521148,-0.165561,0.399949,0.964633,-0.237331,-0.080426,0.081781,0.070566,1.982496,1.000000,0.054010,2.188119
8.610000,0.521429,-0.165541,0.399933,0.964627,-0.237351,-0.080393,0.081831,0.070566,1.982227,1.000000,0.053609,2.188998
8.615000,0.521691,-0.165520,0.399914,0.964621,-0.237369,-0.080364,0.081876,0.070566,1.981960,1.000000,0.053230,2.189968
8.620000,0.521952,-0.165498,0.399895,0.964615,-0.237387,-0.080335,0.081921,0.070566,1.981695,1.000000,0.052826,2.190908
8.625000,0.522214,-0.165477,0.399876,0.964610,-0.237404,-0.080306,0.081967,0.070566,1.981432,1.000000,0.052415,2.191856
8.630000,0.522475,-0.165455,0.399857,0.964604,-0.237422,-0.080276,0.082013,0.070566,1.981172,1.000000,0.052002,2.192807
8.635000,0.522737,-0.165433,0.399838,0.964598,-0.237439,-0.080246,0.082059,0.070566,1.980913,1.000000,0.051590,2.193758
8.640000,0.522998,-0.165412,0.399819,0.964593,-0.237456,-0.080215,0.082105,0.070566,1.980656,1.000000,0.051180,2.194715
8.645000,0.523260,-0.165390,0.399800,0.964587,-0.237473,-0.080184,0.082152,0.070566,1.980401,1.000000,0.050772,2.195679
8.650000,0.523514,-0.165368,0.399789,0.964582,-0.237491,-0.080145,0.082195,0.070566,1.980149,1.000000,0.050370,2.196650
8.655000,0.523769,-0.165346,0.399778,0.964577,-0.237509,-0.080106,0.082238,0.070566,1.979898,1.000000,0.049961,2.197620
8.660000,0.524023,-0.165323,0.399767,0.964573,-0.237527,-0.080066,0.082281,0.070566,1.979650,1.000000,0.049552,2.198594
8.665000,0.524278,-0.165301,0.399756,0.964568,-0.237544,-0.080026,0.082324,0.070566,1.979403,1.000000,0.049145,2.199568
8.670000,0.524532,-0.165278,0.399745,0.964563,-0.237561,-0.079986,0.082368,0.070566,1.979159,1.000000,0.048723,2.200542
8.675000,0.524787,-0.165256,0.399734,0.964559,-0.237578,-0.079945,0.082413,0.070566,1.978916,1.000000,0.048290,2.201528
8.680000,0.525041,-0.165234,0.399723,0.964554,-0.237595,-0.079905,0.082457,0.070566,1.978676,1.000000,0.047852,2.202513
8.685000,0.525283,-0.165206,0.399715,0.964550,-0.237611,-0.079863,0.082495,0.070566,1.978438,1.000000,0.047430,2.203455
8.690000,0.525525,-0.165179,0.399707,0.964547,-0.237627,-0.079821,0.082533,0.070566,1.978202,1.000000,0.047000,2.204418
8.695000,0.525768,-0.165152,0.399699,0.964543,-0.237643,-0.079779,0.082572,0.070566,1.977968,1.000000,0.046577,2.205381
8.700000,0.526010,-0.165124,0.399691,0.964539,-0.237658,-0.079737,0.082610,0.070566,1.977737,1.000000,0.046164,2.206344
8.705000,0.526252,-0.165097,0.399683,0.964536,-0.237673,-0.079694,0.082649,0.070566,1.977507,1.000000,0.045761,2.207312
8.710000,0.526494,-0.165069,0.399675,0.964532,-0.237689,-0.079651,0.082689,0.070566,1.977279,1.000000,0.045368,2.208282
8.715000,0.526733,-0.165028,0.399667,0.964529,-0.237703,-0.079612,0.082726,0.070566,1.977054,1.000000,0.045015,2.208927
8.720000,0.526972,-0.164986,0.399659,0.964525,-0.237717,-0.079572,0.082764,0.070566,1.976829,1.000000,0.044693,2.209676
8.725000,0.527210,-0.164944,0.399650,0.964522,-0.237731,-0.079531,0.082802,0.070566,1.976607,1.000000,0.044397,2.210420
8.730000,0.527449,-0.164902,0.399642,0.964519,-0.237745,-0.079491,0.082841,0.070566,1.976386,1.000000,0.044122,2.211164
8.735000,0.527688,-0.164860,0.399634,0.964515,-0.237758,-0.079451,0.082879,0.070566,1.976166,1.000000,0.043869,2.211914
8.740000,0.527927,-0.164818,0.399625,0.964512,-0.237772,-0.079410,0.082918,0.070566,1.975947,1.000000,0.043636,2.212681
8.745000,0.528166,-0.164776,0.399617,0.964508,-0.237786,-0.079369,0.082958,0.070566,1.975730,1.000000,0.043422,2.213448
8.750000,0.528403,-0.164724,0.399598,0.964505,-0.237796,-0.079340,0.082995,0.070566,1.975513,1.000000,0.043258,2.214016
8.755000,0.528640,-0.164671,0.399579,0.964502,-0.237807,-0.079310,0.083033,0.070566,1.975297,1.000000,0.043131,2.214661
8.760000,0.528877,-0.164619,0.399559,0.964498,-0.237818,-0.079280,0.083071,0.070566,1.975082,1.000000,0.043035,2.215306
8.765000,0.529115,-0.164567,0.399540,0.964495,-0.237828,-0.079250,0.083110,0.070566,1.974867,1.000000,0.042964,2.215952
8.770000,0.529352,-0.164515,0.399521,0.964491,-0.237839,-0.079220,0.083148,0.070566,1.974652,1.000000,0.042915,2.216600
8.775000,0.529589,-0.164462,0.399501,0.964488,-0.237849,-0.079190,0.083187,0.070566,1.974437,1.000000,0.042888,2.217248
8.780000,0.529826,-0.164410,0.399482,0.964484,-0.237860,-0.079160,0.083227,0.070566,1.974223,1.000000,0.042881,2.217896
8.785000,0.530044,-0.164354,0.399441,0.964480,-0.237865,-0.079154,0.083264,0.070566,1.974008,1.000000,0.042914,2.218662
8.790000,0.530261,-0.164298,0.399400,0.964476,-0.237869,-0.079148,0.083301,0.070566,1.973794,1.000000,0.042947,2.219392
8.795000,0.530478,-0.164242,0.399359,0.964472,-0.237874,-0.079143,0.083338,0.070566,1.973579,1.000000,0.042989,2.220123
8.800000,0.530695,-0.164186,0.399318,0.964468,-0.237879,-0.079137,0.083376,0.070566,1.973363,1.000000,0.043041,2.220856
8.805000,0.530913,-0.164130,0.399277,0.964464,-0.237883,-0.079132,0.083414,0.070566,1.973148,1.000000,0.043102,2.221592
8.810000,0.531130,-0.164073,0.399236,0.964461,-0.237888,-0.079126,0.083453,0.070566,1.972932,1.000000,0.043172,2.222328
8.815000,0.531347,-0.164017,0.399195,0.964457,-0.237892,-0.079121,0.083491,0.070566,1.972716,1.000000,0.043252,2.223067
8.820000,0.531554,-0.163962,0.399155,0.964452,-0.237896,-0.079117,0.083532,0.070566,1.972499,1.000000,0.043333,2.223907
8.825000,0.531761,-0.163907,0.399115,0.964448,-0.237901,-0.079112,0.083574,0.070566,1.972282,1.000000,0.043402,2.224716
8.830000,0.531967,-0.163851,0.399075,0.964444,-0.237905,-0.079108,0.083616,0.070566,1.972065,1.000000,0.043470,2.225526
8.835000,0.532174,-0.163796,0.399036,0.964439,-0.237909,-0.079104,0.083658,0.070566,1.971847,1.000000,0.043540,2.226344
8.840000,0.532381,-0.163741,0.398996,0.964435,-0.237913,-0.079099,0.083700,0.070566,1.971629,1.000000,0.043614,2.227163
8.845000,0.532587,-0.163686,0.398956,0.964431,-0.237917,-0.079095,0.083742,0.070566,1.971411,1.000000,0.043693,2.227982
8.850000,0.532794,-0.163630,0.398916,0.964427,-0.237921,-0.079091,0.083785,0.070566,1.971192,1.000000,0.043778,2.228810
8.855000,0.533000,-0.163584,0.398891,0.964423,-0.237928,-0.079071,0.083828,0.070566,1.970973,1.000000,0.043842,2.229803
8.860000,0.533207,-0.163537,0.398866,0.964419,-0.237935,-0.079051,0.083871,0.070566,1.970754,1.000000,0.043891,2.230741
8.865000,0.533413,-0.163490,0.398841,0.964415,-0.237942,-0.079031,0.083913,0.070566,1.970534,1.000000,0.043933,2.231685
8.870000,0.533619,-0.163444,0.398816,0.964411,-0.237949,-0.079011,0.083957,0.070566,1.970314,1.000000,0.043973,2.232633
8.875000,0.533825,-0.163397,0.398791,0.964407,-0.237956,-0.078991,0.084000,0.070566,1.970094,1.000000,0.044014,2.233580
8.880000,0.534031,-0.163350,0.398766,0.964404,-0.237963,-0.078971,0.084043,0.070566,1.969874,1.000000,0.044057,2.234531
8.885000,0.534231,-0.163310,0.398752,0.964400,-0.237972,-0.078941,0.084084,0.070566,1.969653,1.000000,0.044085,2.235653
8.890000,0.534430,-0.163270,0.398738,0.964397,-0.237981,-0.078912,0.084125,0.070566,1.969433,1.000000,0.044090,2.236718
8.895000,0.534630,-0.163230,0.398724,0.964393,-0.237990,-0.078882,0.084166,0.070566,1.969212,1.000000,0.044086,2.237786
8.900000,0.534829,-0.163189,0.398709,0.964390,-0.237999,-0.078853,0.084207,0.070566,1.968992,1.000000,0.044076,2.238864
8.905000,0.535029,-0.163149,0.398695,0.964387,-0.238008,-0.078823,0.084247,0.070566,1.968771,1.000000,0.044064,2.239943
8.910000,0.535228,-0.163109,0.398681,0.964383,-0.238017,-0.078794,0.084288,0.070566,1.968551,1.000000,0.044052,2.241022
8.915000,0.535428,-0.163068,0.398667,0.964380,-0.238026,-0.078765,0.084329,0.070566,1.968331,1.000000,0.044038,2.242112
8.920000,0.535628,-0.163036,0.398670,0.964377,-0.238039,-0.078717,0.084367,0.070566,1.968110,1.000000,0.044006,2.243313
8.925000,0.535829,-0.163003,0.398674,0.964374,-0.238053,-0.078670,0.084405,0.070566,1.967890,1.000000,0.043958,2.244477
8.930000,0.536030,-0.162970,0.398677,0.964372,-0.238066,-0.078622,0.084443,0.070566,1.967671,1.000000,0.043901,2.245648
8.935000,0.536231,-0.162937,0.398681,0.964369,-0.238079,-0.078575,0.084481,0.070566,1.967451,1.000000,0.043841,2.246820
8.940000,0.536431,-0.162904,0.398685,0.964366,-0.238093,-0.078527,0.084519,0.070566,1.967232,1.000000,0.043779,2.247992
8.945000,0.536632,-0.162871,0.398688,0.964363,-0.238107,-0.078480,0.084557,0.070566,1.967013,1.000000,0.043717,2.249171
8.950000,0.536833,-0.162838,0.398692,0.964360,-0.238121,-0.078433,0.084594,0.070566,1.966795,1.000000,0.043656,2.250354
8.955000,0.537031,-0.162818,0.398711,0.964358,-0.238138,-0.078369,0.084625,0.070566,1.966577,1.000000,0.043571,2.251797
8.960000,0.537230,-0.162797,0.398730,0.964357,-0.238155,-0.078305,0.084655,0.070566,1.966359,1.000000,0.043459,2.253157
8.965000,0.537428,-0.162777,0.398749,0.964355,-0.238173,-0.078242,0.084685,0.070566,1.966142,1.000000,0.043332,2.254520
8.970000,0.537627,-0.162756,0.398769,0.964353,-0.238190,-0.078178,0.084715,0.070566,1.965926,1.000000,0.043196,2.255884
8.975000,0.537825,-0.162735,0.398788,0.964351,-0.238208,-0.078115,0.084745,0.070566,1.965710,1.000000,0.043055,2.257250
8.980000,0.538024,-0.162715,0.398807,0.964349,-0.238226,-0.078051,0.084775,0.070566,1.965495,1.000000,0.042909,2.258625
8.985000,0.538222,-0.162694,0.398826,0.964347,-0.238245,-0.077988,0.084804,0.070566,1.965281,1.000000,0.042760,2.260000
8.990000,0.538400,-0.162676,0.398833,0.964345,-0.238259,-0.077941,0.084830,0.070566,1.965068,1.000000,0.042602,2.261635
8.995000,0.538578,-0.162659,0.398839,0.964343,-0.238273,-0.077894,0.084856,0.070566,1.964855,1.000000,0.042414,2.263190
9.000000,0.538756,-0.162641,0.398845,0.964341,-0.238288,-0.077848,0.084881,0.070566,1.964643,1.000000,0.042207,2.264745
9.005000,0.538934,-0.162623,0.398852,0.964339,-0.238303,-0.077801,0.084907,0.070566,1.964433,1.000000,0.041987,2.266299
9.010000,0.539112,-0.162606,0.398858,0.964337,-0.238317,-0.077755,0.084932,0.070566,1.964224,1.000000,0.041755,2.267863
9.015000,0.539289,-0.162588,0.398864,0.964335,-0.238332,-0.077709,0.084957,0.070566,1.964015,1.000000,0.041515,2.269428
9.020000,0.539467,-0.162570,0.398870,0.964333,-0.238347,-0.077663,0.084982,0.070566,1.963808,1.000000,0.041267,2.270994
9.025000,0.539639,-0.162556,0.398867,0.964329,-0.238360,-0.077627,0.085013,0.070566,1.963603,1.000000,0.041000,2.272740
9.030000,0.539810,-0.162543,0.398863,0.964326,-0.238374,-0.077592,0.085043,0.070566,1.963399,1.000000,0.040709,2.274430
9.035000,0.539982,-0.162529,0.398860,0.964323,-0.238387,-0.077557,0.085074,0.070566,1.963196,1.000000,0.040403,2.276119
9.040000,0.540153,-0.162515,0.398856,0.964320,-0.238401,-0.077521,0.085105,0.070566,1.962995,1.000000,0.040085,2.277813
9.045000,0.540325,-0.162502,0.398852,0.964317,-0.238414,-0.077486,0.085135,0.070566,1.962795,1.000000,0.039758,2.279513
9.050000,0.540496,-0.162488,0.398849,0.964313,-0.238428,-0.077451,0.085165,0.070566,1.962597,1.000000,0.039424,2.281213
9.055000,0.540670,-0.162487,0.398856,0.964310,-0.238446,-0.077403,0.085200,0.070566,1.962401,1.000000,0.039048,2.283176
9.060000,0.540845,-0.162487,0.398863,0.964306,-0.238463,-0.077355,0.085234,0.070566,1.962207,1.000000,0.038637,2.285043
9.065000,0.541019,-0.162487,0.398870,0.964303,-0.238481,-0.077307,0.085268,0.070566,1.962015,1.000000,0.038205,2.286909
9.070000,0.541193,-0.162486,0.398878,0.964299,-0.238500,-0.077259,0.085302,0.070566,1.961825,1.000000,0.037759,2.288776
9.075000,0.541368,-0.162486,0.398885,0.964295,-0.238518,-0.077211,0.085335,0.070566,1.961638,1.000000,0.037303,2.290662
9.080000,0.541542,-0.162485,0.398893,0.964292,-0.238536,-0.077164,0.085369,0.070566,1.961452,1.000000,0.036831,2.292549
9.085000,0.541716,-0.162485,0.398900,0.964288,-0.238555,-0.077116,0.085402,0.070566,1.961270,1.000000,0.036346,2.294436
9.090000,0.541881,-0.162494,0.398918,0.964284,-0.238575,-0.077059,0.085434,0.070566,1.961089,1.000000,0.035826,2.296609
9.095000,0.542045,-0.162504,0.398936,0.964281,-0.238597,-0.077003,0.085466,0.070566,1.960912,1.000000,0.035287,2.298692
9.100000,0.542210,-0.162513,0.398954,0.964277,-0.238618,-0.076946,0.085498,0.070566,1.960737,1.000000,0.034739,2.300773
9.105000,0.542374,-0.162522,0.398972,0.964274,-0.238639,-0.076890,0.085529,0.070566,1.960564,1.000000,0.034184,2.302856
9.110000,0.542538,-0.162532,0.398990,0.964270,-0.238661,-0.076834,0.085561,0.070566,1.960395,1.000000,0.033622,2.304940
9.115000,0.542703,-0.162541,0.399008,0.964267,-0.238682,-0.076777,0.085592,0.070566,1.960229,1.000000,0.033054,2.307025
9.120000,0.542867,-0.162550,0.399026,0.964263,-0.238704,-0.076721,0.085623,0.070566,1.960065,1.000000,0.032483,2.309120
9.125000,0.543030,-0.162566,0.399053,0.964259,-0.238728,-0.076656,0.085654,0.070566,1.959904,1.000000,0.031894,2.311365
9.130000,0.543193,-0.162582,0.399081,0.964256,-0.238753,-0.076590,0.085685,0.070566,1.959746,1.000000,0.031289,2.313565
9.135000,0.543356,-0.162598,0.399108,0.964252,-0.238778,-0.076524,0.085716,0.070566,1.959592,1.000000,0.030676,2.315764
9.140000,0.543518,-0.162613,0.399136,0.964248,-0.238803,-0.076458,0.085747,0.070566,1.959440,1.000000,0.030060,2.317962
9.145000,0.543681,-0.162629,0.399163,0.964245,-0.238828,-0.076393,0.085777,0.070566,1.959291,1.000000,0.029445,2.320161
9.150000,0.543844,-0.162645,0.399191,0.964241,-0.238853,-0.076327,0.085808,0.070566,1.959146,1.000000,0.028833,2.322362
9.155000,0.544007,-0.162661,0.399219,0.964237,-0.238878,-0.076262,0.085838,0.070566,1.959004,1.000000,0.028227,2.324584
9.160000,0.544188,-0.162683,0.399265,0.964233,-0.238911,-0.076174,0.085870,0.070566,1.958864,1.000000,0.027622,2.326765
9.165000,0.544369,-0.162705,0.399312,0.964229,-0.238943,-0.076085,0.085903,0.070566,1.958728,1.000000,0.027038,2.328960
9.170000,0.544550,-0.162727,0.399358,0.964225,-0.238977,-0.075997,0.085935,0.070566,1.958594,1.000000,0.026467,2.331163
9.175000,0.544732,-0.162749,0.399405,0.964221,-0.239010,-0.075908,0.085968,0.070566,1.958463,1.000000,0.025910,2.333367
9.180000,0.544913,-0.162772,0.399452,0.964217,-0.239043,-0.075820,0.086000,0.070566,1.958335,1.000000,0.025366,2.335572
9.185000,0.545094,-0.162794,0.399498,0.964212,-0.239077,-0.075732,0.086032,0.070566,1.958210,1.000000,0.024836,2.337788
9.190000,0.545275,-0.162816,0.399545,0.964208,-0.239110,-0.075644,0.086064,0.070566,1.958087,1.000000,0.024319,2.340011
9.195000,0.545455,-0.162845,0.399596,0.964204,-0.239146,-0.075551,0.086096,0.070566,1.957967,1.000000,0.023800,2.342390
9.200000,0.545635,-0.162873,0.399647,0.964199,-0.239182,-0.075457,0.086128,0.070566,1.957850,1.000000,0.023278,2.344712
9.205000,0.545814,-0.162902,0.399698,0.964195,-0.239218,-0.075364,0.086160,0.070566,1.957735,1.000000,0.022761,2.347027
9.210000,0.545994,-0.162931,0.399749,0.964190,-0.239254,-0.075271,0.086192,0.070566,1.957623,1.000000,0.022250,2.349342
9.215000,0.546174,-0.162960,0.399800,0.964185,-0.239291,-0.075179,0.086223,0.070566,1.957513,1.000000,0.021749,2.351668
9.220000,0.546354,-0.162988,0.399851,0.964181,-0.239328,-0.075086,0.086255,0.070566,1.957406,1.000000,0.021258,2.354020
9.225000,0.546509,-0.163014,0.399885,0.964176,-0.239357,-0.075016,0.086283,0.070566,1.957301,1.000000,0.020775,2.356532
9.230000,0.546664,-0.163039,0.399917,0.964172,-0.239386,-0.074946,0.086311,0.070566,1.957198,1.000000,0.020274,2.358992
9.235000,0.546819,-0.163064,0.399950,0.964168,-0.239415,-0.074876,0.086340,0.070566,1.957098,1.000000,0.019771,2.361457
9.240000,0.546974,-0.163089,0.399983,0.964163,-0.239445,-0.074807,0.086368,0.070566,1.957001,1.000000,0.019269,2.363923
9.245000,0.547129,-0.163115,0.400016,0.964159,-0.239475,-0.074738,0.086396,0.070566,1.956906,1.000000,0.018772,2.366389
9.250000,0.547284,-0.163140,0.400049,0.964154,-0.239505,-0.074669,0.086424,0.070566,1.956813,1.000000,0.018281,2.368870
9.255000,0.547439,-0.163165,0.400082,0.964149,-0.239535,-0.074599,0.086452,0.070566,1.956723,1.000000,0.017797,2.371353
9.260000,0.547596,-0.163180,0.400099,0.964145,-0.239560,-0.074546,0.086480,0.070566,1.956636,1.000000,0.017356,2.373617
9.265000,0.547753,-0.163195,0.400116,0.964140,-0.239585,-0.074493,0.086509,0.070566,1.956550,1.000000,0.016951,2.375958
9.270000,0.547910,-0.163210,0.400133,0.964135,-0.239610,-0.074440,0.086537,0.070566,1.956466,1.000000,0.016573,2.378303
9.275000,0.548068,-0.163225,0.400150,0.964131,-0.239635,-0.074387,0.086565,0.070566,1.956385,1.000000,0.016215,2.380649
9.280000,0.548225,-0.163239,0.400167,0.964126,-0.239661,-0.074334,0.086594,0.070566,1.956304,1.000000,0.015875,2.383000
9.285000,0.548382,-0.163254,0.400184,0.964121,-0.239686,-0.074281,0.086622,0.070566,1.956226,1.000000,0.015550,2.385360
9.290000,0.548539,-0.163269,0.400201,0.964116,-0.239711,-0.074229,0.086651,0.070566,1.956149,1.000000,0.015240,2.387720
9.295000,0.548707,-0.163283,0.400202,0.964111,-0.239734,-0.074186,0.086684,0.070566,1.956074,1.000000,0.014968,2.390006
9.300000,0.548876,-0.163296,0.400203,0.964106,-0.239757,-0.074144,0.086717,0.070566,1.955999,1.000000,0.014736,2.392324
9.305000,0.549044,-0.163310,0.400204,0.964100,-0.239779,-0.074102,0.086749,0.070566,1.955926,1.000000,0.014531,2.394643
9.310000,0.549212,-0.163323,0.400205,0.964095,-0.239802,-0.074060,0.086782,0.070566,1.955854,1.000000,0.014346,2.396962
9.315000,0.549381,-0.163337,0.400207,0.964090,-0.239824,-0.074018,0.086816,0.070566,1.955783,1.000000,0.014178,2.399285
9.320000,0.549549,-0.163350,0.400208,0.964084,-0.239847,-0.073976,0.086849,0.070566,1.955712,1.000000,0.014024,2.401608
9.325000,0.549717,-0.163364,0.400209,0.964079,-0.239869,-0.073935,0.086882,0.070566,1.955643,1.000000,0.013883,2.403932
9.330000,0.549871,-0.163377,0.400209,0.964074,-0.239890,-0.073896,0.086913,0.070566,1.955574,1.000000,0.013740,2.406390
9.335000,0.550024,-0.163391,0.400209,0.964069,-0.239911,-0.073859,0.086944,0.070566,1.955505,1.000000,0.013583,2.408806
9.340000,0.550178,-0.163405,0.400209,0.964064,-0.239931,-0.073821,0.086975,0.070566,1.955438,1.000000,0.013422,2.411223
9.345000,0.550331,-0.163419,0.400209,0.964059,-0.239952,-0.073783,0.087006,0.070566,1.955371,1.000000,0.013262,2.413639
9.350000,0.550485,-0.163433,0.400209,0.964054,-0.239973,-0.073745,0.087037,0.070566,1.955305,1.000000,0.013105,2.416056
9.355000,0.550638,-0.163446,0.400209,0.964049,-0.239993,-0.073707,0.087069,0.070566,1.955240,1.000000,0.012951,2.418473
9.360000,0.550792,-0.163460,0.400209,0.964044,-0.240014,-0.073669,0.087100,0.070566,1.955176,1.000000,0.012802,2.420894
9.365000,0.550944,-0.163467,0.400215,0.964039,-0.240034,-0.073628,0.087130,0.070566,1.955112,1.000000,0.012664,2.423168
9.370000,0.551095,-0.163475,0.400220,0.964034,-0.240055,-0.073588,0.087159,0.070566,1.955049,1.000000,0.012538,2.425494
9.375000,0.551247,-0.163482,0.400226,0.964029,-0.240076,-0.073548,0.087189,0.070566,1.954987,1.000000,0.012404,2.427821
9.380000,0.551398,-0.163489,0.400231,0.964024,-0.240097,-0.073507,0.087219,0.070566,1.954925,1.000000,0.012202,2.430144
9.385000,0.551550,-0.163496,0.400237,0.964019,-0.240118,-0.073467,0.087249,0.070566,1.954865,1.000000,0.011976,2.432468
9.390000,0.551701,-0.163504,0.400242,0.964015,-0.240139,-0.073426,0.087279,0.070566,1.954805,1.000000,0.011756,2.434792
9.395000,0.551881,-0.163509,0.400255,0.964009,-0.240165,-0.073373,0.087314,0.070566,1.954747,1.000000,0.011579,2.436818
9.400000,0.552061,-0.163513,0.400268,0.964003,-0.240192,-0.073320,0.087349,0.070566,1.954690,1.000000,0.011471,2.438948
9.405000,0.552241,-0.163518,0.400281,0.963998,-0.240218,-0.073267,0.087383,0.070566,1.954632,1.000000,0.011410,2.441079
9.410000,0.552421,-0.163523,0.400294,0.963992,-0.240244,-0.073214,0.087418,0.070566,1.954575,1.000000,0.011389,2.443206
9.415000,0.552601,-0.163528,0.400307,0.963986,-0.240271,-0.073160,0.087453,0.070566,1.954518,1.000000,0.011399,2.445332
9.420000,0.552781,-0.163533,0.400320,0.963981,-0.240297,-0.073107,0.087488,0.070566,1.954461,1.000000,0.011437,2.447458
9.425000,0.552961,-0.163538,0.400334,0.963975,-0.240323,-0.073054,0.087523,0.070566,1.954404,1.000000,0.011499,2.449586
9.430000,0.553151,-0.163540,0.400355,0.963969,-0.240353,-0.072992,0.087558,0.070566,1.954346,1.000000,0.011592,2.451554
9.435000,0.553340,-0.163543,0.400376,0.963963,-0.240383,-0.072930,0.087594,0.070566,1.954288,1.000000,0.011721,2.453577
9.440000,0.553530,-0.163545,0.400397,0.963957,-0.240412,-0.072868,0.087629,0.070566,1.954229,1.000000,0.011878,2.455602
9.445000,0.553720,-0.163547,0.400418,0.963951,-0.240442,-0.072806,0.087665,0.070566,1.954169,1.000000,0.012060,2.457628
9.450000,0.553910,-0.163550,0.400440,0.963945,-0.240472,-0.072744,0.087700,0.070566,1.954108,1.000000,0.012262,2.459654
9.455000,0.554099,-0.163552,0.400461,0.963939,-0.240502,-0.072682,0.087736,0.070566,1.954046,1.000000,0.012483,2.461674
9.460000,0.554289,-0.163554,0.400482,0.963933,-0.240531,-0.072620,0.087772,0.070566,1.953982,1.000000,0.012719,2.463673
9.465000,0.554464,-0.163550,0.400492,0.963928,-0.240555,-0.072572,0.087805,0.070566,1.953918,1.000000,0.012979,2.465654
9.470000,0.554638,-0.163545,0.400502,0.963922,-0.240579,-0.072525,0.087838,0.070566,1.953852,1.000000,0.013243,2.467643
9.475000,0.554813,-0.163540,0.400512,0.963917,-0.240603,-0.072478,0.087871,0.070566,1.953785,1.000000,0.013523,2.469646
9.480000,0.554987,-0.163535,0.400522,0.963912,-0.240626,-0.072431,0.087905,0.070566,1.953717,1.000000,0.013817,2.471650
9.485000,0.555162,-0.163531,0.400532,0.963906,-0.240650,-0.072384,0.087938,0.070566,1.953647,1.000000,0.014126,2.473653
9.490000,0.555336,-0.163526,0.400542,0.963901,-0.240674,-0.072336,0.087971,0.070566,1.953575,1.000000,0.014450,2.475658
9.495000,0.555511,-0.163521,0.400552,0.963895,-0.240698,-0.072289,0.088005,0.070566,1.953502,1.000000,0.014788,2.477664
9.500000,0.555690,-0.163512,0.400549,0.963890,-0.240718,-0.072253,0.088040,0.070566,1.953426,1.000000,0.015163,2.479562
9.505000,0.555868,-0.163503,0.400547,0.963884,-0.240738,-0.072216,0.088075,0.070566,1.953349,1.000000,0.015567,2.481492
9.510000,0.556047,-0.163494,0.400544,0.963879,-0.240757,-0.072179,0.088111,0.070566,1.953270,1.000000,0.015990,2.483419
9.515000,0.556226,-0.163485,0.400541,0.963873,-0.240777,-0.072142,0.088146,0.070566,1.953189,1.000000,0.016426,2.485347
9.520000,0.556405,-0.163476,0.400538,0.963868,-0.240797,-0.072106,0.088182,0.070566,1.953105,1.000000,0.016870,2.487274
9.525000,0.556584,-0.163466,0.400536,0.963862,-0.240817,-0.072069,0.088218,0.070566,1.953020,1.000000,0.017320,2.489198
9.530000,0.556763,-0.163457,0.400533,0.963857,-0.240837,-0.072032,0.088254,0.070566,1.952932,1.000000,0.017774,2.491122
9.535000,0.556951,-0.163446,0.400519,0.963851,-0.240854,-0.072002,0.088293,0.070566,1.952841,1.000000,0.018249,2.492945
9.540000,0.557139,-0.163435,0.400506,0.963846,-0.240872,-0.071971,0.088332,0.070566,1.952748,1.000000,0.018750,2.494799
9.545000,0.557327,-0.163423,0.400492,0.963840,-0.240889,-0.071941,0.088371,0.070566,1.952653,1.000000,0.019262,2.496654
9.550000,0.557516,-0.163412,0.400478,0.963834,-0.240907,-0.071911,0.088410,0.070566,1.952555,1.000000,0.019781,2.498509
9.555000,0.557704,-0.163401,0.400465,0.963829,-0.240924,-0.071880,0.088449,0.070566,1.952455,1.000000,0.020304,2.500356
9.560000,0.557893,-0.163389,0.400451,0.963823,-0.240942,-0.071850,0.088489,0.070566,1.952352,1.000000,0.020829,2.502202
9.565000,0.558069,-0.163379,0.400431,0.963817,-0.240956,-0.071827,0.088527,0.070566,1.952246,1.000000,0.021356,2.504188
9.570000,0.558246,-0.163369,0.400410,0.963812,-0.240970,-0.071805,0.088565,0.070566,1.952137,1.000000,0.021869,2.506129
9.575000,0.558422,-0.163358,0.400389,0.963807,-0.240984,-0.071782,0.088603,0.070566,1.952026,1.000000,0.022374,2.508069
9.580000,0.558598,-0.163348,0.400369,0.963801,-0.240998,-0.071760,0.088642,0.070566,1.951913,1.000000,0.022869,2.510010
9.585000,0.558775,-0.163338,0.400348,0.963796,-0.241012,-0.071737,0.088680,0.070566,1.951797,1.000000,0.023356,2.511945
9.590000,0.558951,-0.163327,0.400327,0.963791,-0.241026,-0.071714,0.088719,0.070566,1.951679,1.000000,0.023833,2.513876
9.595000,0.559128,-0.163317,0.400307,0.963785,-0.241040,-0.071692,0.088757,0.070566,1.951558,1.000000,0.024301,2.515808
9.600000,0.559305,-0.163314,0.400298,0.963780,-0.241059,-0.071657,0.088795,0.070566,1.951435,1.000000,0.024730,2.517867
9.605000,0.559482,-0.163310,0.400289,0.963774,-0.241078,-0.071621,0.088834,0.070566,1.951310,1.000000,0.025126,2.519885
9.610000,0.559660,-0.163307,0.400281,0.963769,-0.241096,-0.071586,0.088872,0.070566,1.951183,1.000000,0.025499,2.521902
9.615000,0.559837,-0.163304,0.400272,0.963763,-0.241115,-0.071551,0.088910,0.070566,1.951055,1.000000,0.025851,2.523917
9.620000,0.560014,-0.163300,0.400264,0.963757,-0.241134,-0.071515,0.088948,0.070566,1.950924,1.000000,0.026185,2.525924
9.625000,0.560192,-0.163297,0.400255,0.963752,-0.241152,-0.071480,0.088986,0.070566,1.950792,1.000000,0.026504,2.527931
9.630000,0.560369,-0.163294,0.400247,0.963746,-0.241171,-0.071444,0.089025,0.070566,1.950659,1.000000,0.026806,2.529939
9.635000,0.560564,-0.163296,0.400255,0.963740,-0.241198,-0.071389,0.089065,0.070566,1.950524,1.000000,0.027068,2.531881
9.640000,0.560759,-0.163298,0.400263,0.963734,-0.241225,-0.071332,0.089105,0.070566,1.950388,1.000000,0.027317,2.533845
9.645000,0.560955,-0.163300,0.400271,0.963727,-0.241251,-0.071276,0.089145,0.070566,1.950250,1.000000,0.027551,2.535810
9.650000,0.561150,-0.163302,0.400279,0.963721,-0.241278,-0.071220,0.089186,0.070566,1.950112,1.000000,0.027771,2.537772
9.655000,0.561345,-0.163304,0.400288,0.963715,-0.241305,-0.071164,0.089226,0.070566,1.949972,1.000000,0.027978,2.539734
9.660000,0.561540,-0.163306,0.400296,0.963709,-0.241332,-0.071107,0.089266,0.070566,1.949832,1.000000,0.028171,2.541696
9.665000,0.561736,-0.163308,0.400304,0.963702,-0.241359,-0.071051,0.089306,0.070566,1.949690,1.000000,0.028352,2.543658
9.670000,0.561927,-0.163310,0.400310,0.963696,-0.241385,-0.070997,0.089345,0.070566,1.949548,1.000000,0.028521,2.545658
9.675000,0.562119,-0.163313,0.400315,0.963690,-0.241411,-0.070944,0.089385,0.070566,1.949405,1.000000,0.028674,2.547645
9.680000,0.562311,-0.163315,0.400321,0.963684,-0.241437,-0.070890,0.089424,0.070566,1.949261,1.000000,0.028813,2.549628
9.685000,0.562503,-0.163317,0.400327,0.963677,-0.241463,-0.070837,0.089463,0.070566,1.949117,1.000000,0.028939,2.551604
9.690000,0.562694,-0.163319,0.400332,0.963671,-0.241490,-0.070783,0.089502,0.070566,1.948971,1.000000,0.029050,2.553581
9.695000,0.562886,-0.163321,0.400338,0.963665,-0.241516,-0.070730,0.089541,0.070566,1.948826,1.000000,0.029149,2.555554
9.700000,0.563078,-0.163323,0.400344,0.963658,-0.241542,-0.070676,0.089580,0.070566,1.948680,1.000000,0.029234,2.557519
9.705000,0.563266,-0.163324,0.400344,0.963652,-0.241567,-0.070627,0.089619,0.070566,1.948533,1.000000,0.029316,2.559486
9.710000,0.563455,-0.163325,0.400345,0.963646,-0.241591,-0.070579,0.089657,0.070566,1.948386,1.000000,0.029387,2.561452
9.715000,0.563643,-0.163325,0.400346,0.963640,-0.241616,-0.070530,0.089695,0.070566,1.948239,1.000000,0.029449,2.563434
9.720000,0.563832,-0.163326,0.400346,0.963634,-0.241640,-0.070482,0.089733,0.070566,1.948092,1.000000,0.029501,2.565416
9.725000,0.564020,-0.163326,0.400347,0.963628,-0.241665,-0.070433,0.089771,0.070566,1.947944,1.000000,0.029543,2.567399
9.730000,0.564209,-0.163327,0.400347,0.963622,-0.241689,-0.070385,0.089809,0.070566,1.947796,1.000000,0.029574,2.569382
9.735000,0.564403,-0.163320,0.400351,0.963615,-0.241715,-0.070334,0.089846,0.070566,1.947648,1.000000,0.029613,2.571139
9.740000,0.564597,-0.163314,0.400354,0.963609,-0.241740,-0.070283,0.089883,0.070566,1.947500,1.000000,0.029666,2.572972
9.745000,0.564791,-0.163307,0.400358,0.963603,-0.241766,-0.070233,0.089919,0.070566,1.947351,1.000000,0.029723,2.574806
9.750000,0.564985,-0.163300,0.400361,0.963597,-0.241791,-0.070182,0.089955,0.070566,1.947202,1.000000,0.029782,2.576638
9.755000,0.565179,-0.163294,0.400364,0.963591,-0.241816,-0.070131,0.089992,0.070566,1.947053,1.000000,0.029840,2.578471
9.760000,0.565373,-0.163287,0.400368,0.963585,-0.241842,-0.070081,0.090028,0.070566,1.946904,1.000000,0.029896,2.580307
9.765000,0.565567,-0.163280,0.400371,0.963579,-0.241867,-0.070030,0.090065,0.070566,1.946754,1.000000,0.029950,2.582147
9.770000,0.565757,-0.163263,0.400362,0.963573,-0.241887,-0.069993,0.090100,0.070566,1.946604,1.000000,0.030041,2.583797
9.775000,0.565946,-0.163245,0.400353,0.963568,-0.241907,-0.069957,0.090135,0.070566,1.946453,1.000000,0.030156,2.585512
9.780000,0.566136,-0.163227,0.400344,0.963562,-0.241927,-0.069921,0.090171,0.070566,1.946302,1.000000,0.030286,2.587229
9.785000,0.566325,-0.163209,0.400336,0.963556,-0.241947,-0.069884,0.090206,0.070566,1.946150,1.000000,0.030424,2.588946
9.790000,0.566515,-0.163192,0.400327,0.963551,-0.241967,-0.069848,0.090241,0.070566,1.945997,1.000000,0.030569,2.590664
9.795000,0.566704,-0.163174,0.400318,0.963545,-0.241987,-0.069811,0.090276,0.070566,1.945844,1.000000,0.030716,2.592389
9.800000,0.566893,-0.163156,0.400309,0.963539,-0.242007,-0.069775,0.090312,0.070566,1.945690,1.000000,0.030863,2.594114
9.805000,0.567091,-0.163136,0.400295,0.963533,-0.242026,-0.069741,0.090350,0.070566,1.945535,1.000000,0.031022,2.595715
9.810000,0.567288,-0.163115,0.400281,0.963527,-0.242046,-0.069707,0.090389,0.070566,1.945379,1.000000,0.031200,2.597368
9.815000,0.567485,-0.163094,0.400268,0.963521,-0.242065,-0.069673,0.090427,0.070566,1.945223,1.000000,0.031387,2.599024
9.820000,0.567682,-0.163073,0.400254,0.963515,-0.242085,-0.069639,0.090466,0.070566,1.945065,1.000000,0.031580,2.600681
9.825000,0.567880,-0.163052,0.400240,0.963509,-0.242104,-0.069605,0.090504,0.070566,1.944907,1.000000,0.031778,2.602342
9.830000,0.568077,-0.163032,0.400226,0.963503,-0.242123,-0.069571,0.090543,0.070566,1.944747,1.000000,0.031977,2.604006
9.835000,0.568274,-0.163011,0.400213,0.963497,-0.242143,-0.069537,0.090582,0.070566,1.944587,1.000000,0.032179,2.605670
9.840000,0.568483,-0.162998,0.400211,0.963490,-0.242169,-0.069488,0.090623,0.070566,1.944425,1.000000,0.032351,2.607409
9.845000,0.568692,-0.162986,0.400209,0.963483,-0.242195,-0.069438,0.090664,0.070566,1.944263,1.000000,0.032513,2.609128
9.850000,0.568900,-0.162973,0.400207,0.963476,-0.242221,-0.069388,0.090705,0.070566,1.944100,1.000000,0.032669,2.610847
9.855000,0.569109,-0.162961,0.400205,0.963470,-0.242247,-0.069339,0.090746,0.070566,1.943936,1.000000,0.032821,2.612569
9.860000,0.569318,-0.162948,0.400204,0.963463,-0.242273,-0.069289,0.090787,0.070566,1.943771,1.000000,0.032971,2.614305
9.865000,0.569527,-0.162936,0.400202,0.963456,-0.242299,-0.069240,0.090828,0.070566,1.943606,1.000000,0.033119,2.616041
9.870000,0.569735,-0.162924,0.400200,0.963449,-0.242325,-0.069191,0.090869,0.070566,1.943440,1.000000,0.033266,2.617777
9.875000,0.569937,-0.162923,0.400205,0.963442,-0.242354,-0.069134,0.090910,0.070566,1.943273,1.000000,0.033370,2.619851
9.880000,0.570139,-0.162922,0.400211,0.963435,-0.242384,-0.069077,0.090950,0.070566,1.943106,1.000000,0.033430,2.621814
9.885000,0.570340,-0.162922,0.400216,0.963428,-0.242413,-0.069020,0.090990,0.070566,1.942939,1.000000,0.033464,2.623775
9.890000,0.570542,-0.162921,0.400221,0.963421,-0.242442,-0.068963,0.091030,0.070566,1.942771,1.000000,0.033478,2.625745
9.895000,0.570743,-0.162921,0.400226,0.963414,-0.242472,-0.068906,0.091070,0.070566,1.942604,1.000000,0.033477,2.627717
9.900000,0.570945,-0.162920,0.400232,0.963406,-0.242501,-0.068850,0.091110,0.070566,1.942436,1.000000,0.033464,2.629690
9.905000,0.571150,-0.162928,0.400237,0.963399,-0.242533,-0.068789,0.091151,0.070566,1.942269,1.000000,0.033417,2.631836
9.910000,0.571355,-0.162936,0.400243,0.963391,-0.242565,-0.068728,0.091193,0.070566,1.942102,1.000000,0.033343,2.633932
9.915000,0.571560,-0.162943,0.400249,0.963384,-0.242597,-0.068667,0.091234,0.070566,1.941936,1.000000,0.033250,2.636027
9.920000,0.571766,-0.162951,0.400255,0.963376,-0.242629,-0.068606,0.091276,0.070566,1.941770,1.000000,0.033140,2.638128
9.925000,0.571971,-0.162959,0.400261,0.963368,-0.242661,-0.068545,0.091317,0.070566,1.941604,1.000000,0.033016,2.640237
9.930000,0.572176,-0.162967,0.400267,0.963361,-0.242693,-0.068485,0.091358,0.070566,1.941439,1.000000,0.032879,2.642346
9.935000,0.572381,-0.162974,0.400273,0.963353,-0.242725,-0.068424,0.091399,0.070566,1.941275,1.000000,0.032731,2.644461
9.940000,0.572590,-0.162990,0.400275,0.963345,-0.242758,-0.068362,0.091443,0.070566,1.941112,1.000000,0.032553,2.646768
9.945000,0.572799,-0.163006,0.400276,0.963337,-0.242792,-0.068300,0.091486,0.070566,1.940950,1.000000,0.032353,2.649018
9.950000,0.573009,-0.163022,0.400278,0.963328,-0.242825,-0.068239,0.091530,0.070566,1.940789,1.000000,0.032142,2.651267
9.955000,0.573218,-0.163038,0.400280,0.963320,-0.242859,-0.068177,0.091573,0.070566,1.940629,1.000000,0.031934,2.653537
9.960000,0.573427,-0.163053,0.400282,0.963312,-0.242892,-0.068116,0.091616,0.070566,1.940470,1.000000,0.031730,2.655807
9.965000,0.573636,-0.163069,0.400284,0.963304,-0.242926,-0.068055,0.091659,0.070566,1.940311,1.000000,0.031526,2.658077
9.970000,0.573845,-0.163085,0.400286,0.963295,-0.242960,-0.067993,0.091702,0.070566,1.940154,1.000000,0.031316,2.660354
9.975000,0.574042,-0.163104,0.400288,0.963288,-0.242992,-0.067934,0.091743,0.070566,1.939998,1.000000,0.031082,2.662823
9.980000,0.574238,-0.163124,0.400289,0.963280,-0.243025,-0.067875,0.091784,0.070566,1.939844,1.000000,0.030809,2.665228
9.985000,0.574434,-0.163143,0.400291,0.963272,-0.243057,-0.067817,0.091825,0.070566,1.939691,1.000000,0.030511,2.667643
9.990000,0.574630,-0.163162,0.400292,0.963264,-0.243089,-0.067758,0.091866,0.070566,1.939539,1.000000,0.030193,2.670063
9.995000,0.574827,-0.163181,0.400294,0.963256,-0.243122,-0.067699,0.091907,0.070566,1.939389,1.000000,0.029860,2.672484
10.000000,0.575023,-0.163200,0.400295,0.963248,-0.243154,-0.067640,0.091948,0.070566,1.939241,1.000000,0.029513,2.674922
10.005000,0.575219,-0.163220,0.400297,0.963240,-0.243187,-0.067581,0.091989,0.070566,1.939094,1.000000,0.029156,2.677376
10.010000,0.575418,-0.163238,0.400296,0.963232,-0.243219,-0.067523,0.092031,0.070566,1.938949,1.000000,0.028794,2.679794
10.015000,0.575617,-0.163256,0.400294,0.963224,-0.243251,-0.067466,0.092073,0.070566,1.938806,1.000000,0.028431,2.682225
10.020000,0.575815,-0.163274,0.400293,0.963216,-0.243284,-0.067408,0.092114,0.070566,1.938665,1.000000,0.028064,2.684654
10.025000,0.576014,-0.163292,0.400292,0.963207,-0.243316,-0.067350,0.092156,0.070566,1.938526,1.000000,0.027693,2.687084
10.030000,0.576213,-0.163311,0.400291,0.963199,-0.243348,-0.067292,0.092198,0.070566,1.938388,1.000000,0.027319,2.689517
10.035000,0.576412,-0.163329,0.400289,0.963191,-0.243380,-0.067235,0.092239,0.070566,1.938253,1.000000,0.026943,2.691978
10.040000,0.576611,-0.163347,0.400288,0.963183,-0.243413,-0.067177,0.092281,0.070566,1.938119,1.000000,0.026566,2.694439
10.045000,0.576812,-0.163367,0.400273,0.963175,-0.243441,-0.067128,0.092326,0.070566,1.937988,1.000000,0.026191,2.696957
10.050000,0.577014,-0.163387,0.400257,0.963167,-0.243470,-0.067080,0.092370,0.070566,1.937858,1.000000,0.025819,2.699470
10.055000,0.577215,-0.163407,0.400241,0.963159,-0.243499,-0.067032,0.092415,0.070566,1.937730,1.000000,0.025448,2.701983
10.060000,0.577417,-0.163427,0.400225,0.963150,-0.243528,-0.066983,0.092459,0.070566,1.937603,1.000000,0.025076,2.704496
10.065000,0.577618,-0.163447,0.400209,0.963142,-0.243557,-0.066935,0.092504,0.070566,1.937479,1.000000,0.024704,2.707019
10.070000,0.577820,-0.163466,0.400194,0.963134,-0.243585,-0.066887,0.092549,0.070566,1.937357,1.000000,0.024331,2.709544
10.075000,0.578014,-0.163485,0.400169,0.963126,-0.243610,-0.066847,0.092593,0.070566,1.937236,1.000000,0.023959,2.712122
10.080000,0.578208,-0.163503,0.400145,0.963118,-0.243635,-0.066807,0.092637,0.070566,1.937117,1.000000,0.023577,2.714676
10.085000,0.578402,-0.163522,0.400121,0.963110,-0.243660,-0.066768,0.092681,0.070566,1.937001,1.000000,0.023191,2.717227
10.090000,0.578596,-0.163540,0.400097,0.963103,-0.243685,-0.066728,0.092725,0.070566,1.936886,1.000000,0.022803,2.719779
10.095000,0.578790,-0.163559,0.400073,0.963095,-0.243710,-0.066689,0.092770,0.070566,1.936773,1.000000,0.022415,2.722334
10.100000,0.578984,-0.163577,0.400048,0.963087,-0.243735,-0.066649,0.092814,0.070566,1.936662,1.000000,0.022026,2.724895
10.105000,0.579178,-0.163596,0.400024,0.963079,-0.243760,-0.066610,0.092858,0.070566,1.936553,1.000000,0.021640,2.727457
10.110000,0.579372,-0.163615,0.400014,0.963071,-0.243790,-0.066559,0.092900,0.070566,1.936446,1.000000,0.021250,2.729992
10.115000,0.579567,-0.163634,0.400004,0.963063,-0.243820,-0.066508,0.092943,0.070566,1.936341,1.000000,0.020860,2.732547
10.120000,0.579761,-0.163652,0.399994,0.963055,-0.243850,-0.066456,0.092985,0.070566,1.936237,1.000000,0.020474,2.735102
10.125000,0.579955,-0.163671,0.399983,0.963047,-0.243879,-0.066405,0.093027,0.070566,1.936136,1.000000,0.020095,2.737657
10.130000,0.580149,-0.163690,0.399973,0.963039,-0.243909,-0.066354,0.093070,0.070566,1.936037,1.000000,0.019724,2.740222
10.135000,0.580343,-0.163709,0.399963,0.963031,-0.243939,-0.066302,0.093112,0.070566,1.935939,1.000000,0.019361,2.742788
10.140000,0.580538,-0.163728,0.399953,0.963023,-0.243968,-0.066251,0.093154,0.070566,1.935843,1.000000,0.019007,2.745354
10.145000,0.580732,-0.163747,0.399943,0.963014,-0.243999,-0.066198,0.093197,0.070566,1.935749,1.000000,0.018660,2.747915
10.150000,0.580926,-0.163766,0.399934,0.963006,-0.244029,-0.066146,0.093240,0.070566,1.935657,1.000000,0.018323,2.750474
10.155000,0.581120,-0.163785,0.399924,0.962998,-0.244059,-0.066093,0.093282,0.070566,1.935566,1.000000,0.017996,2.753033
10.160000,0.581314,-0.163804,0.399915,0.962990,-0.244089,-0.066040,0.093325,0.070566,1.935477,1.000000,0.017679,2.755621
10.165000,0.581508,-0.163822,0.399905,0.962982,-0.244120,-0.065987,0.093367,0.070566,1.935390,1.000000,0.017373,2.758231
10.170000,0.581702,-0.163841,0.399896,0.962974,-0.244150,-0.065935,0.093410,0.070566,1.935304,1.000000,0.017078,2.760841
10.175000,0.581896,-0.163860,0.399886,0.962965,-0.244180,-0.065882,0.093453,0.070566,1.935219,1.000000,0.016793,2.763480
10.180000,0.582095,-0.163871,0.399875,0.962957,-0.244210,-0.065831,0.093495,0.070566,1.935136,1.000000,0.016542,2.765940
10.185000,0.582294,-0.163882,0.399864,0.962949,-0.244240,-0.065779,0.093538,0.070566,1.935054,1.000000,0.016328,2.768476
10.190000,0.582493,-0.163893,0.399853,0.962941,-0.244270,-0.065728,0.093581,0.070566,1.934973,1.000000,0.016140,2.771045
10.195000,0.582692,-0.163903,0.399841,0.962932,-0.244300,-0.065677,0.093624,0.070566,1.934893,1.000000,0.015971,2.773695
10.200000,0.582891,-0.163914,0.399830,0.962924,-0.244331,-0.065625,0.093667,0.070566,1.934813,1.000000,0.015823,2.776346
10.205000,0.583090,-0.163924,0.399819,0.962916,-0.244361,-0.065574,0.093709,0.070566,1.934735,1.000000,0.015692,2.779033
10.210000,0.583289,-0.163934,0.399808,0.962907,-0.244392,-0.065522,0.093752,0.070566,1.934656,1.000000,0.015574,2.781835
10.215000,0.583493,-0.163938,0.399805,0.962898,-0.244426,-0.065463,0.093794,0.070566,1.934579,1.000000,0.015490,2.784405
10.220000,0.583698,-0.163942,0.399803,0.962890,-0.244460,-0.065404,0.093836,0.070566,1.934502,1.000000,0.015442,2.787113
10.225000,0.583903,-0.163945,0.399801,0.962881,-0.244495,-0.065345,0.093877,0.070566,1.934424,1.000000,0.015418,2.789945
10.230000,0.584107,-0.163948,0.399799,0.962872,-0.244530,-0.065285,0.093919,0.070566,1.934347,1.000000,0.015421,2.792780
10.235000,0.584311,-0.163951,0.399797,0.962863,-0.244565,-0.065226,0.093961,0.070566,1.934270,1.000000,0.015442,2.795710
10.240000,0.584515,-0.163953,0.399795,0.962854,-0.244601,-0.065166,0.094002,0.070566,1.934193,1.000000,0.015479,2.798728
10.245000,0.584709,-0.163950,0.399778,0.962845,-0.244630,-0.065122,0.094043,0.070566,1.934115,1.000000,0.015549,2.801741
10.250000,0.584901,-0.163946,0.399761,0.962837,-0.244659,-0.065078,0.094084,0.070566,1.934038,1.000000,0.015618,2.804867
10.255000,0.585094,-0.163943,0.399744,0.962828,-0.244689,-0.065035,0.094124,0.070566,1.933959,1.000000,0.015700,2.808017
10.260000,0.585286,-0.163939,0.399727,0.962820,-0.244719,-0.064991,0.094165,0.070566,1.933881,1.000000,0.015793,2.811204
10.265000,0.585478,-0.163935,0.399710,0.962811,-0.244749,-0.064947,0.094205,0.070566,1.933801,1.000000,0.015888,2.814505
10.270000,0.585670,-0.163930,0.399693,0.962802,-0.244780,-0.064903,0.094245,0.070566,1.933722,1.000000,0.015996,2.817809
10.275000,0.585861,-0.163926,0.399675,0.962793,-0.244811,-0.064860,0.094286,0.070566,1.933642,1.000000,0.016104,2.821116
10.280000,0.586053,-0.163917,0.399642,0.962785,-0.244837,-0.064828,0.094328,0.070566,1.933561,1.000000,0.016236,2.824350
10.285000,0.586245,-0.163907,0.399609,0.962776,-0.244864,-0.064797,0.094370,0.070566,1.933479,1.000000,0.016390,2.827622
10.290000,0.586436,-0.163898,0.399575,0.962767,-0.244890,-0.064766,0.094411,0.070566,1.933397,1.000000,0.016547,2.830934
10.295000,0.586627,-0.163888,0.399542,0.962758,-0.244917,-0.064735,0.094453,0.070566,1.933314,1.000000,0.016718,2.834250
10.300000,0.586818,-0.163878,0.399508,0.962749,-0.244944,-0.064704,0.094495,0.070566,1.933230,1.000000,0.016888,2.837551
10.305000,0.587008,-0.163869,0.399475,0.962740,-0.244972,-0.064672,0.094537,0.070566,1.933145,1.000000,0.017061,2.840848
10.310000,0.587199,-0.163859,0.399441,0.962731,-0.244999,-0.064641,0.094579,0.070566,1.933060,1.000000,0.017238,2.844129
10.315000,0.587397,-0.163854,0.399406,0.962722,-0.245029,-0.064605,0.094623,0.070566,1.932973,1.000000,0.017404,2.847373
10.320000,0.587596,-0.163849,0.399371,0.962712,-0.245059,-0.064570,0.094668,0.070566,1.932886,1.000000,0.017582,2.850603
10.325000,0.587794,-0.163844,0.399335,0.962702,-0.245090,-0.064534,0.094712,0.070566,1.932798,1.000000,0.017756,2.853776
10.330000,0.587992,-0.163840,0.399300,0.962693,-0.245120,-0.064498,0.094756,0.070566,1.932709,1.000000,0.017928,2.856910
10.335000,0.588190,-0.163835,0.399265,0.962683,-0.245151,-0.064462,0.094800,0.070566,1.932619,1.000000,0.018102,2.860051
10.340000,0.588388,-0.163830,0.399230,0.962673,-0.245182,-0.064426,0.094844,0.070566,1.932528,1.000000,0.018264,2.863054
10.345000,0.588585,-0.163825,0.399194,0.962663,-0.245212,-0.064390,0.094888,0.070566,1.932436,1.000000,0.018424,2.866048
10.350000,0.588776,-0.163828,0.399171,0.962654,-0.245247,-0.064344,0.094930,0.070566,1.932344,1.000000,0.018557,2.869230
10.355000,0.588965,-0.163830,0.399148,0.962644,-0.245283,-0.064297,0.094971,0.070566,1.932251,1.000000,0.018646,2.872230
10.360000,0.589155,-0.163833,0.399125,0.962634,-0.245318,-0.064251,0.095013,0.070566,1.932158,1.000000,0.018717,2.875236
10.365000,0.589345,-0.163835,0.399103,0.962624,-0.245353,-0.064205,0.095054,0.070566,1.932065,1.000000,0.018775,2.878226
10.370000,0.589535,-0.163838,0.399080,0.962614,-0.245389,-0.064158,0.095095,0.070566,1.931971,1.000000,0.018813,2.881106
10.375000,0.589724,-0.163841,0.399057,0.962604,-0.245424,-0.064112,0.095136,0.070566,1.931877,1.000000,0.018843,2.883994
10.380000,0.589913,-0.163843,0.399034,0.962594,-0.245459,-0.064065,0.095178,0.070566,1.931783,1.000000,0.018866,2.886879
10.385000,0.590104,-0.163849,0.399021,0.962583,-0.245499,-0.064009,0.095218,0.070566,1.931689,1.000000,0.018866,2.889706
10.390000,0.590296,-0.163855,0.399008,0.962573,-0.245538,-0.063952,0.095258,0.070566,1.931596,1.000000,0.018857,2.892536
10.395000,0.590487,-0.163860,0.398996,0.962563,-0.245578,-0.063896,0.095299,0.070566,1.931502,1.000000,0.018839,2.895376
10.400000,0.590678,-0.163866,0.398983,0.962552,-0.245617,-0.063839,0.095339,0.070566,1.931408,1.000000,0.018810,2.898161
10.405000,0.590869,-0.163872,0.398970,0.962542,-0.245657,-0.063783,0.095379,0.070566,1.931314,1.000000,0.018776,2.900957
10.410000,0.591060,-0.163877,0.398957,0.962532,-0.245697,-0.063726,0.095420,0.070566,1.931221,1.000000,0.018736,2.903764
10.415000,0.591259,-0.163886,0.398939,0.962521,-0.245736,-0.063670,0.095463,0.070566,1.931128,1.000000,0.018690,2.906587
10.420000,0.591459,-0.163895,0.398920,0.962510,-0.245776,-0.063613,0.095506,0.070566,1.931035,1.000000,0.018650,2.909408
10.425000,0.591658,-0.163903,0.398901,0.962500,-0.245816,-0.063557,0.095549,0.070566,1.930942,1.000000,0.018608,2.912241
10.430000,0.591858,-0.163912,0.398882,0.962489,-0.245855,-0.063500,0.095592,0.070566,1.930849,1.000000,0.018562,2.915083
10.435000,0.592057,-0.163921,0.398863,0.962478,-0.245895,-0.063444,0.095635,0.070566,1.930757,1.000000,0.018511,2.917934
10.440000,0.592257,-0.163929,0.398844,0.962468,-0.245935,-0.063387,0.095678,0.070566,1.930665,1.000000,0.018454,2.920797
10.445000,0.592456,-0.163938,0.398825,0.962457,-0.245974,-0.063331,0.095721,0.070566,1.930573,1.000000,0.018391,2.923670
10.450000,0.592650,-0.163946,0.398802,0.962447,-0.246012,-0.063279,0.095763,0.070566,1.930482,1.000000,0.018320,2.926592
10.455000,0.592844,-0.163955,0.398778,0.962436,-0.246049,-0.063227,0.095806,0.070566,1.930391,1.000000,0.018233,2.929512
10.460000,0.593038,-0.163963,0.398755,0.962426,-0.246086,-0.063175,0.095848,0.070566,1.930301,1.000000,0.018135,2.932445
10.465000,0.593232,-0.163971,0.398731,0.962416,-0.246123,-0.063123,0.095890,0.070566,1.930211,1.000000,0.018027,2.935405
10.470000,0.593425,-0.163979,0.398708,0.962405,-0.246161,-0.063071,0.095932,0.070566,1.930121,1.000000,0.017909,2.938377
10.475000,0.593619,-0.163988,0.398684,0.962395,-0.246198,-0.063019,0.095975,0.070566,1.930032,1.000000,0.017782,2.941362
10.480000,0.593813,-0.163996,0.398661,0.962385,-0.246235,-0.062967,0.096017,0.070566,1.929944,1.000000,0.017646,2.944379
10.485000,0.594003,-0.164002,0.398636,0.962375,-0.246271,-0.062918,0.096058,0.070566,1.929857,1.000000,0.017507,2.947371
10.490000,0.594192,-0.164007,0.398612,0.962365,-0.246307,-0.062868,0.096099,0.070566,1.929770,1.000000,0.017358,2.950388
10.495000,0.594382,-0.164013,0.398587,0.962354,-0.246343,-0.062819,0.096140,0.070566,1.929684,1.000000,0.017202,2.953400
10.500000,0.594571,-0.164018,0.398562,0.962344,-0.246379,-0.062769,0.096181,0.070566,1.929599,1.000000,0.017039,2.956418
10.505000,0.594761,-0.164024,0.398538,0.962334,-0.246414,-0.062719,0.096222,0.070566,1.929514,1.000000,0.016870,2.959448
10.510000,0.594951,-0.164029,0.398513,0.962324,-0.246450,-0.062670,0.096263,0.070566,1.929431,1.000000,0.016695,2.962488
10.515000,0.595140,-0.164035,0.398488,0.962314,-0.246486,-0.062620,0.096305,0.070566,1.929348,1.000000,0.016514,2.965538
10.520000,0.595330,-0.164040,0.398462,0.962304,-0.246521,-0.062571,0.096346,0.070566,1.929267,1.000000,0.016330,2.968592
10.525000,0.595519,-0.164045,0.398435,0.962294,-0.246557,-0.062523,0.096388,0.070566,1.929186,1.000000,0.016142,2.971662
10.530000,0.595709,-0.164050,0.398408,0.962284,-0.246592,-0.062474,0.096429,0.070566,1.929106,1.000000,0.015950,2.974748
10.535000,0.595898,-0.164054,0.398382,0.962274,-0.246627,-0.062425,0.096471,0.070566,1.929027,1.000000,0.015754,2.977845
10.540000,0.596088,-0.164059,0.398355,0.962264,-0.246663,-0.062377,0.096512,0.070566,1.928949,1.000000,0.015554,2.980954
10.545000,0.596278,-0.164064,0.398328,0.962254,-0.246698,-0.062328,0.096554,0.070566,1.928873,1.000000,0.015351,2.984080
10.550000,0.596467,-0.164069,0.398302,0.962244,-0.246733,-0.062279,0.096596,0.070566,1.928797,1.000000,0.015145,2.987216
10.555000,0.596669,-0.164077,0.398286,0.962233,-0.246775,-0.062216,0.096639,0.070566,1.928722,1.000000,0.014933,2.990335
10.560000,0.596871,-0.164085,0.398271,0.962222,-0.246816,-0.062153,0.096682,0.070566,1.928648,1.000000,0.014732,2.993475
10.565000,0.597073,-0.164093,0.398255,0.962211,-0.246857,-0.062090,0.096725,0.070566,1.928576,1.000000,0.014535,2.996625
10.570000,0.597275,-0.164101,0.398240,0.962200,-0.246899,-0.062027,0.096768,0.070566,1.928504,1.000000,0.014341,2.999788
10.575000,0.597477,-0.164109,0.398224,0.962189,-0.246940,-0.061964,0.096811,0.070566,1.928433,1.000000,0.014149,3.002970
10.580000,0.597679,-0.164117,0.398209,0.962179,-0.246982,-0.061901,0.096855,0.070566,1.928363,1.000000,0.013958,3.006167
10.585000,0.597893,-0.164130,0.398210,0.962167,-0.247031,-0.061819,0.096899,0.070566,1.928294,1.000000,0.013759,3.009392
10.590000,0.598107,-0.164143,0.398211,0.962155,-0.247080,-0.061737,0.096943,0.070566,1.928227,1.000000,0.013568,3.012623
10.595000,0.598321,-0.164156,0.398213,0.962143,-0.247130,-0.061654,0.096987,0.070566,1.928160,1.000000,0.013380,3.015866
10.600000,0.598535,-0.164170,0.398214,0.962131,-0.247179,-0.061572,0.097031,0.070566,1.928094,1.000000,0.013194,3.019121
10.605000,0.598749,-0.164183,0.398215,0.962119,-0.247228,-0.061489,0.097075,0.070566,1.928029,1.000000,0.013011,3.022390
10.610000,0.598964,-0.164196,0.398217,0.962108,-0.247277,-0.061406,0.097119,0.070566,1.927965,1.000000,0.012829,3.025676
10.615000,0.599178,-0.164209,0.398218,0.962096,-0.247326,-0.061323,0.097164,0.070566,1.927901,1.000000,0.012648,3.028974
10.620000,0.599388,-0.164225,0.398224,0.962084,-0.247377,-0.061237,0.097206,0.070566,1.927839,1.000000,0.012457,3.032340
10.625000,0.599598,-0.164240,0.398230,0.962072,-0.247427,-0.061151,0.097249,0.070566,1.927778,1.000000,0.012253,3.035683
10.630000,0.599808,-0.164255,0.398237,0.962061,-0.247477,-0.061064,0.097292,0.070566,1.927717,1.000000,0.012041,3.039037
10.635000,0.600017,-0.164270,0.398243,0.962049,-0.247527,-0.060978,0.097336,0.070566,1.927658,1.000000,0.011823,3.042402
10.640000,0.600227,-0.164286,0.398249,0.962037,-0.247577,-0.060891,0.097379,0.070566,1.927600,1.000000,0.011600,3.045807
10.645000,0.600437,-0.164301,0.398255,0.962025,-0.247627,-0.060804,0.097422,0.070566,1.927543,1.000000,0.011373,3.049225
10.650000,0.600647,-0.164316,0.398261,0.962013,-0.247677,-0.060718,0.097465,0.070566,1.927487,1.000000,0.011142,3.052655
10.655000,0.600861,-0.164332,0.398274,0.962001,-0.247730,-0.060623,0.097508,0.070566,1.927433,1.000000,0.010904,3.056086
10.660000,0.601074,-0.164348,0.398286,0.961989,-0.247783,-0.060529,0.097551,0.070566,1.927379,1.000000,0.010665,3.059533
10.665000,0.601288,-0.164365,0.398299,0.961977,-0.247836,-0.060435,0.097595,0.070566,1.927327,1.000000,0.010424,3.062991
10.670000,0.601501,-0.164381,0.398311,0.961965,-0.247889,-0.060340,0.097638,0.070566,1.927276,1.000000,0.010180,3.066459
10.675000,0.601715,-0.164397,0.398324,0.961953,-0.247942,-0.060246,0.097681,0.070566,1.927226,1.000000,0.009933,3.069938
10.680000,0.601928,-0.164413,0.398337,0.961941,-0.247995,-0.060151,0.097725,0.070566,1.927178,1.000000,0.009683,3.073428
10.685000,0.602142,-0.164429,0.398349,0.961929,-0.248047,-0.060056,0.097768,0.070566,1.927130,1.000000,0.009430,3.076933
10.690000,0.602356,-0.164441,0.398364,0.961917,-0.248100,-0.059960,0.097811,0.070566,1.927084,1.000000,0.009133,3.080340
10.695000,0.602571,-0.164453,0.398378,0.961905,-0.248153,-0.059864,0.097854,0.070566,1.927040,1.000000,0.008771,3.083797
10.700000,0.602786,-0.164465,0.398393,0.961893,-0.248206,-0.059768,0.097897,0.070566,1.926998,1.000000,0.008386,3.087268
10.705000,0.603000,-0.164477,0.398407,0.961881,-0.248259,-0.059672,0.097940,0.070566,1.926957,1.000000,0.007994,3.090760
10.710000,0.603215,-0.164489,0.398422,0.961869,-0.248312,-0.059576,0.097983,0.070566,1.926919,1.000000,0.007602,3.094263
10.715000,0.603429,-0.164501,0.398437,0.961857,-0.248365,-0.059480,0.098026,0.070566,1.926883,1.000000,0.007208,3.097777
10.720000,0.603644,-0.164513,0.398451,0.961845,-0.248417,-0.059383,0.098069,0.070566,1.926848,1.000000,0.006809,3.101305
10.725000,0.603859,-0.164516,0.398458,0.961833,-0.248467,-0.059294,0.098112,0.070566,1.926816,1.000000,0.006434,3.104646
10.730000,0.604074,-0.164519,0.398465,0.961821,-0.248517,-0.059205,0.098155,0.070566,1.926785,1.000000,0.006081,3.108065
10.735000,0.604289,-0.164523,0.398473,0.961809,-0.248567,-0.059116,0.098198,0.070566,1.926756,1.000000,0.005745,3.111471
10.740000,0.604504,-0.164526,0.398480,0.961798,-0.248616,-0.059027,0.098240,0.070566,1.926728,1.000000,0.005423,3.114884
10.745000,0.604719,-0.164529,0.398487,0.961786,-0.248666,-0.058939,0.098283,0.070566,1.926703,1.000000,0.005111,3.118309
10.750000,0.604934,-0.164532,0.398494,0.961774,-0.248716,-0.058850,0.098326,0.070566,1.926678,1.000000,0.004810,3.121768
10.755000,0.605148,-0.164526,0.398487,0.961763,-0.248760,-0.058774,0.098369,0.070566,1.926655,1.000000,0.004550,3.125045
10.760000,0.605362,-0.164520,0.398479,0.961751,-0.248804,-0.058699,0.098412,0.070566,1.926634,1.000000,0.004326,3.128399
10.765000,0.605576,-0.164514,0.398472,0.961740,-0.248849,-0.058624,0.098455,0.070566,1.926613,1.000000,0.004128,3.131756
10.770000,0.605790,-0.164507,0.398465,0.961729,-0.248894,-0.058549,0.098498,0.070566,1.926593,1.000000,0.003951,3.135123
10.775000,0.606004,-0.164501,0.398457,0.961717,-0.248938,-0.058474,0.098541,0.070566,1.926575,1.000000,0.003793,3.138500
10.780000,0.606218,-0.164495,0.398450,0.961706,-0.248983,-0.058399,0.098584,0.070566,1.926556,1.000000,0.003651,3.141888
10.785000,0.606432,-0.164488,0.398442,0.961694,-0.249028,-0.058324,0.098627,0.070566,1.926539,1.000000,0.003524,3.145286
10.790000,0.606645,-0.164474,0.398426,0.961683,-0.249069,-0.058258,0.098670,0.070566,1.926522,1.000000,0.003436,3.148520
10.795000,0.606857,-0.164459,0.398409,0.961672,-0.249110,-0.058192,0.098713,0.070566,1.926505,1.000000,0.003381,3.151825
10.800000,0.607070,-0.164445,0.398393,0.961661,-0.249151,-0.058126,0.098755,0.070566,1.926489,1.000000,0.003351,3.155142
10.805000,0.607283,-0.164431,0.398376,0.961650,-0.249192,-0.058060,0.098798,0.070566,1.926473,1.000000,0.003343,3.158470
10.810000,0.607495,-0.164416,0.398360,0.961639,-0.249233,-0.057995,0.098841,0.070566,1.926456,1.000000,0.003354,3.161807
10.815000,0.607708,-0.164402,0.398343,0.961628,-0.249274,-0.057929,0.098884,0.070566,1.926440,1.000000,0.003381,3.165155
10.820000,0.607920,-0.164387,0.398327,0.961617,-0.249316,-0.057864,0.098927,0.070566,1.926423,1.000000,0.003423,3.168512
10.825000,0.608138,-0.164370,0.398309,0.961606,-0.249357,-0.057797,0.098971,0.070566,1.926406,1.000000,0.003489,3.171783
10.830000,0.608356,-0.164352,0.398291,0.961594,-0.249399,-0.057731,0.099015,0.070566,1.926389,1.000000,0.003583,3.175073
10.835000,0.608574,-0.164334,0.398273,0.961583,-0.249440,-0.057665,0.099058,0.070566,1.926371,1.000000,0.003698,3.178372
10.840000,0.608792,-0.164317,0.398255,0.961572,-0.249482,-0.057599,0.099102,0.070566,1.926352,1.000000,0.003830,3.181682
10.845000,0.609010,-0.164299,0.398237,0.961560,-0.249523,-0.057533,0.099146,0.070566,1.926333,1.000000,0.003974,3.185028
10.850000,0.609228,-0.164282,0.398219,0.961549,-0.249565,-0.057467,0.099190,0.070566,1.926313,1.000000,0.004131,3.188387
10.855000,0.609445,-0.164264,0.398201,0.961538,-0.249606,-0.057401,0.099234,0.070566,1.926293,1.000000,0.004296,3.191756
10.860000,0.609661,-0.164243,0.398184,0.961526,-0.249647,-0.057335,0.099277,0.070566,1.926271,1.000000,0.004474,3.195057
10.865000,0.609877,-0.164222,0.398167,0.961515,-0.249689,-0.057268,0.099320,0.070566,1.926248,1.000000,0.004662,3.198394
10.870000,0.610093,-0.164202,0.398150,0.961504,-0.249730,-0.057202,0.099363,0.070566,1.926225,1.000000,0.004858,3.201740
10.875000,0.610309,-0.164181,0.398134,0.961493,-0.249771,-0.057136,0.099406,0.070566,1.926200,1.000000,0.005060,3.205085
10.880000,0.610525,-0.164160,0.398117,0.961481,-0.249813,-0.057070,0.099449,0.070566,1.926175,1.000000,0.005267,3.208426
10.885000,0.610741,-0.164139,0.398100,0.961470,-0.249854,-0.057004,0.099492,0.070566,1.926148,1.000000,0.005477,3.211777
10.890000,0.610957,-0.164118,0.398083,0.961459,-0.249895,-0.056938,0.099535,0.070566,1.926121,1.000000,0.005690,3.215144
10.895000,0.611174,-0.164091,0.398073,0.961448,-0.249938,-0.056868,0.099577,0.070566,1.926092,1.000000,0.005914,3.218349
10.900000,0.611391,-0.164064,0.398063,0.961436,-0.249981,-0.056798,0.099618,0.070566,1.926062,1.000000,0.006152,3.221629
10.905000,0.611608,-0.164036,0.398052,0.961425,-0.250024,-0.056728,0.099660,0.070566,1.926031,1.000000,0.006399,3.224918
10.910000,0.611825,-0.164009,0.398042,0.961414,-0.250066,-0.056658,0.099701,0.070566,1.925999,1.000000,0.006650,3.228218
10.915000,0.612042,-0.163982,0.398032,0.961402,-0.250109,-0.056588,0.099742,0.070566,1.925965,1.000000,0.006906,3.231527
10.920000,0.612259,-0.163954,0.398022,0.961391,-0.250152,-0.056518,0.099784,0.070566,1.925930,1.000000,0.007165,3.234845
10.925000,0.612470,-0.163908,0.397993,0.961381,-0.250186,-0.056470,0.099824,0.070566,1.925894,1.000000,0.007518,3.237750
10.930000,0.612681,-0.163862,0.397964,0.961371,-0.250219,-0.056421,0.099864,0.070566,1.925855,1.000000,0.007929,3.240807
10.935000,0.612892,-0.163815,0.397935,0.961361,-0.250253,-0.056373,0.099904,0.070566,1.925815,1.000000,0.008376,3.243876
10.940000,0.613103,-0.163768,0.397905,0.961351,-0.250286,-0.056325,0.099944,0.070566,1.925772,1.000000,0.008843,3.246940
10.945000,0.613314,-0.163722,0.397876,0.961341,-0.250320,-0.056276,0.099984,0.070566,1.925727,1.000000,0.009323,3.250006
10.950000,0.613525,-0.163675,0.397847,0.961331,-0.250353,-0.056228,0.100024,0.070566,1.925679,1.000000,0.009814,3.253080
10.955000,0.613736,-0.163629,0.397818,0.961321,-0.250387,-0.056180,0.100064,0.070566,1.925629,1.000000,0.010311,3.256175
10.960000,0.613943,-0.163548,0.397767,0.961312,-0.250408,-0.056159,0.100102,0.070566,1.925576,1.000000,0.010914,3.258472
10.965000,0.614150,-0.163467,0.397717,0.961304,-0.250429,-0.056139,0.100139,0.070566,1.925519,1.000000,0.011606,3.261055
10.970000,0.614357,-0.163385,0.397666,0.961296,-0.250451,-0.056119,0.100177,0.070566,1.925459,1.000000,0.012363,3.263652
10.975000,0.614563,-0.163304,0.397615,0.961288,-0.250472,-0.056099,0.100214,0.070566,1.925396,1.000000,0.013171,3.266257
10.980000,0.614770,-0.163222,0.397564,0.961279,-0.250493,-0.056079,0.100252,0.070566,1.925328,1.000000,0.014018,3.268870
10.985000,0.614977,-0.163141,0.397514,0.961271,-0.250514,-0.056059,0.100290,0.070566,1.925255,1.000000,0.014898,3.271491
10.990000,0.615184,-0.163059,0.397463,0.961263,-0.250535,-0.056039,0.100328,0.070566,1.925178,1.000000,0.015805,3.274122
10.995000,0.615393,-0.162937,0.397410,0.961256,-0.250550,-0.056032,0.100362,0.070566,1.925097,1.000000,0.016834,3.275718
11.000000,0.615602,-0.162815,0.397357,0.961249,-0.250565,-0.056026,0.100396,0.070566,1.925010,1.000000,0.017960,3.277677
11.005000,0.615811,-0.162692,0.397304,0.961242,-0.250579,-0.056019,0.100430,0.070566,1.924917,1.000000,0.019157,3.279653
11.010000,0.616021,-0.162570,0.397251,0.961235,-0.250594,-0.056012,0.100465,0.070566,1.924817,1.000000,0.020414,3.281638
11.015000,0.616230,-0.162447,0.397199,0.961228,-0.250608,-0.056006,0.100499,0.070566,1.924712,1.000000,0.021722,3.283631
11.020000,0.616439,-0.162325,0.397146,0.961221,-0.250623,-0.056000,0.100534,0.070566,1.924599,1.000000,0.023076,3.285629
11.025000,0.616649,-0.162202,0.397093,0.961214,-0.250637,-0.055994,0.100569,0.070566,1.924480,1.000000,0.024470,3.287634
11.030000,0.616842,-0.162031,0.397024,0.961210,-0.250636,-0.056020,0.100592,0.070566,1.924354,1.000000,0.026015,3.288452
11.035000,0.617034,-0.161859,0.396956,0.961206,-0.250634,-0.056048,0.100616,0.070566,1.924219,1.000000,0.027686,3.289676
11.040000,0.617227,-0.161687,0.396887,0.961203,-0.250632,-0.056075,0.100640,0.070566,1.924076,1.000000,0.029455,3.290906
11.045000,0.617420,-0.161515,0.396818,0.961199,-0.250630,-0.056103,0.100664,0.070566,1.923923,1.000000,0.031302,3.292143
11.050000,0.617613,-0.161343,0.396749,0.961196,-0.250627,-0.056132,0.100688,0.070566,1.923761,1.000000,0.033215,3.293391
11.055000,0.617806,-0.161171,0.396680,0.961192,-0.250624,-0.056161,0.100712,0.070566,1.923590,1.000000,0.035184,3.294662
11.060000,0.617998,-0.160999,0.396612,0.961189,-0.250621,-0.056190,0.100737,0.070566,1.923408,1.000000,0.037201,3.295940
11.065000,0.618181,-0.160754,0.396522,0.961191,-0.250597,-0.056259,0.100737,0.070566,1.923216,1.000000,0.039442,3.295398
11.070000,0.618364,-0.160507,0.396433,0.961193,-0.250572,-0.056330,0.100737,0.070566,1.923012,1.000000,0.041892,3.295484
11.075000,0.618546,-0.160261,0.396343,0.961196,-0.250546,-0.056402,0.100738,0.070566,1.922795,1.000000,0.044493,3.295586
11.080000,0.618729,-0.160015,0.396254,0.961199,-0.250519,-0.056473,0.100738,0.070566,1.922564,1.000000,0.047213,3.295694
11.085000,0.618912,-0.159768,0.396164,0.961201,-0.250492,-0.056546,0.100739,0.070566,1.922320,1.000000,0.050027,3.295814
11.090000,0.619094,-0.159522,0.396074,0.961204,-0.250464,-0.056619,0.100740,0.070566,1.922062,1.000000,0.052922,3.295941
11.095000,0.619280,-0.159193,0.395976,0.961213,-0.250418,-0.056722,0.100708,0.070566,1.921788,1.000000,0.056363,3.293962
11.100000,0.619466,-0.158864,0.395877,0.961223,-0.250372,-0.056825,0.100677,0.070566,1.921494,1.000000,0.060341,3.292708
11.105000,0.619651,-0.158534,0.395779,0.961232,-0.250325,-0.056929,0.100646,0.070566,1.921180,1.000000,0.064654,3.291472
11.110000,0.619837,-0.158204,0.395680,0.961241,-0.250279,-0.057033,0.100617,0.070566,1.920844,1.000000,0.069185,3.290244
11.115000,0.620022,-0.157874,0.395582,0.961249,-0.250234,-0.057136,0.100589,0.070566,1.920484,1.000000,0.073861,3.289023
11.120000,0.620208,-0.157544,0.395483,0.961258,-0.250189,-0.057240,0.100562,0.070566,1.920101,1.000000,0.078631,3.287810
11.125000,0.620394,-0.157214,0.395385,0.961266,-0.250145,-0.057343,0.100538,0.070566,1.919694,1.000000,0.083462,3.286604
11.130000,0.620570,-0.156811,0.395284,0.961279,-0.250088,-0.057470,0.100477,0.070566,1.919262,1.000000,0.088570,3.283523
11.135000,0.620746,-0.156407,0.395183,0.961292,-0.250032,-0.057598,0.100418,0.070566,1.918804,1.000000,0.093941,3.281089
11.140000,0.620922,-0.156003,0.395082,0.961305,-0.249978,-0.057725,0.100361,0.070566,1.918318,1.000000,0.099469,3.278671
11.145000,0.621098,-0.155599,0.394981,0.961317,-0.249925,-0.057851,0.100305,0.070566,1.917804,1.000000,0.105092,3.276261
11.150000,0.621274,-0.155195,0.394880,0.961328,-0.249873,-0.057977,0.100252,0.070566,1.917262,1.000000,0.110772,3.273864
11.155000,0.621450,-0.154791,0.394779,0.961339,-0.249823,-0.058102,0.100200,0.070566,1.916692,1.000000,0.116481,3.271474
11.160000,0.621626,-0.154387,0.394678,0.961349,-0.249774,-0.058226,0.100151,0.070566,1.916093,1.000000,0.122197,3.269091
11.165000,0.621780,-0.153911,0.394576,0.961364,-0.249713,-0.058380,0.100070,0.070566,1.915465,1.000000,0.128112,3.264866
11.170000,0.621935,-0.153433,0.394473,0.961378,-0.249654,-0.058534,0.099992,0.070566,1.914807,1.000000,0.134237,3.261275
11.175000,0.622089,-0.152956,0.394371,0.961392,-0.249596,-0.058688,0.099915,0.070566,1.914117,1.000000,0.140471,3.257701
11.180000,0.622243,-0.152479,0.394268,0.961405,-0.249540,-0.058840,0.099841,0.070566,1.913397,1.000000,0.146752,3.254134
11.185000,0.622398,-0.152002,0.394166,0.961417,-0.249486,-0.058991,0.099768,0.070566,1.912645,1.000000,0.153044,3.250573
11.190000,0.622552,-0.151524,0.394063,0.961429,-0.249433,-0.059141,0.099698,0.070566,1.911861,1.000000,0.159317,3.247020
11.195000,0.622706,-0.151047,0.393961,0.961440,-0.249383,-0.059290,0.099630,0.070566,1.911047,1.000000,0.165547,3.243474
11.200000,0.622854,-0.150482,0.393868,0.961454,-0.249326,-0.059462,0.099534,0.070566,1.910201,1.000000,0.171918,3.237640
11.205000,0.623001,-0.149916,0.393775,0.961468,-0.249271,-0.059632,0.099440,0.070566,1.909323,1.000000,0.178332,3.232593
11.210000,0.623148,-0.149350,0.393681,0.961480,-0.249218,-0.059801,0.099348,0.070566,1.908414,1.000000,0.184315,3.227564
11.215000,0.623295,-0.148784,0.393588,0.961492,-0.249167,-0.059968,0.099257,0.070566,1.907476,1.000000,0.190024,3.222542
11.220000,0.623442,-0.148217,0.393495,0.961504,-0.249120,-0.060133,0.099168,0.070566,1.906510,1.000000,0.195579,3.217527
11.225000,0.623589,-0.147651,0.393402,0.961514,-0.249075,-0.060294,0.099080,0.070566,1.905517,1.000000,0.201165,3.212518
11.230000,0.623737,-0.147085,0.393309,0.961524,-0.249034,-0.060452,0.098994,0.070566,1.904495,1.000000,0.206757,3.207518
11.235000,0.623886,-0.146463,0.393244,0.961535,-0.249001,-0.060600,0.098877,0.070566,1.903446,1.000000,0.212364,3.200975
11.240000,0.624036,-0.145840,0.393179,0.961546,-0.248971,-0.060745,0.098761,0.070566,1.902368,1.000000,0.218066,3.194964
11.245000,0.624185,-0.145216,0.393114,0.961555,-0.248944,-0.060886,0.098647,0.070566,1.901262,1.000000,0.223796,3.188970
11.250000,0.624335,-0.144593,0.393049,0.961564,-0.248920,-0.061024,0.098534,0.070566,1.900127,1.000000,0.229532,3.182982
11.255000,0.624484,-0.143970,0.392985,0.961573,-0.248898,-0.061158,0.098423,0.070566,1.898963,1.000000,0.235253,3.177001
11.260000,0.624634,-0.143347,0.392920,0.961581,-0.248878,-0.061290,0.098314,0.070566,1.897771,1.000000,0.240945,3.171030
11.265000,0.624781,-0.142699,0.392886,0.961590,-0.248867,-0.061406,0.098182,0.070566,1.896551,1.000000,0.246617,3.164321
11.270000,0.624928,-0.142051,0.392853,0.961598,-0.248858,-0.061518,0.098051,0.070566,1.895302,1.000000,0.252299,3.157871
11.275000,0.625075,-0.141403,0.392819,0.961606,-0.248850,-0.061628,0.097921,0.070566,1.894025,1.000000,0.257954,3.151429
11.280000,0.625221,-0.140755,0.392786,0.961614,-0.248845,-0.061734,0.097792,0.070566,1.892720,1.000000,0.263562,3.144991
11.285000,0.625368,-0.140106,0.392753,0.961621,-0.248842,-0.061837,0.097664,0.070566,1.891387,1.000000,0.269110,3.138559
11.290000,0.625515,-0.139458,0.392719,0.961629,-0.248840,-0.061937,0.097536,0.070566,1.890026,1.000000,0.274586,3.132134
11.295000,0.625662,-0.138810,0.392686,0.961635,-0.248839,-0.062034,0.097409,0.070566,1.888638,1.000000,0.279981,3.125720
11.300000,0.625813,-0.138117,0.392666,0.961645,-0.248845,-0.062129,0.097238,0.070566,1.887224,1.000000,0.285338,3.118101
11.305000,0.625964,-0.137423,0.392645,0.961655,-0.248852,-0.062220,0.097065,0.070566,1.885783,1.000000,0.290773,3.110898
11.310000,0.626114,-0.136729,0.392625,0.961664,-0.248860,-0.062309,0.096892,0.070566,1.884315,1.000000,0.296201,3.103708
11.315000,0.626265,-0.136036,0.392604,0.961674,-0.248870,-0.062395,0.096720,0.070566,1.882819,1.000000,0.301593,3.096525
11.320000,0.626416,-0.135342,0.392584,0.961683,-0.248880,-0.062479,0.096547,0.070566,1.881297,1.000000,0.306928,3.089347
11.325000,0.626567,-0.134648,0.392563,0.961692,-0.248891,-0.062560,0.096373,0.070566,1.879748,1.000000,0.312191,3.082176
11.330000,0.626718,-0.133954,0.392543,0.961701,-0.248903,-0.062639,0.096199,0.070566,1.878174,1.000000,0.317371,3.075012
11.335000,0.626873,-0.133224,0.392519,0.961716,-0.248922,-0.062717,0.095954,0.070566,1.876574,1.000000,0.322520,3.066921
11.340000,0.627027,-0.132493,0.392494,0.961730,-0.248941,-0.062794,0.095706,0.070566,1.874947,1.000000,0.327751,3.059155
11.345000,0.627182,-0.131762,0.392470,0.961745,-0.248961,-0.062869,0.095456,0.070566,1.873295,1.000000,0.332966,3.051403
11.350000,0.627336,-0.131031,0.392445,0.961761,-0.248980,-0.062941,0.095204,0.070566,1.871617,1.000000,0.338124,3.043656
11.355000,0.627491,-0.130300,0.392420,0.961776,-0.248999,-0.063012,0.094951,0.070566,1.869913,1.000000,0.343201,3.035917
11.360000,0.627645,-0.129569,0.392396,0.961792,-0.249018,-0.063081,0.094696,0.070566,1.868184,1.000000,0.348180,3.028185
11.365000,0.627800,-0.128838,0.392371,0.961808,-0.249037,-0.063149,0.094438,0.070566,1.866431,1.000000,0.353050,3.020459
11.370000,0.627954,-0.128085,0.392344,0.961829,-0.249060,-0.063219,0.094115,0.070566,1.864654,1.000000,0.357852,3.012162
11.375000,0.628108,-0.127331,0.392316,0.961851,-0.249081,-0.063288,0.093788,0.070566,1.862853,1.000000,0.362660,3.004066
11.380000,0.628261,-0.126578,0.392289,0.961873,-0.249101,-0.063356,0.093458,0.070566,1.861027,1.000000,0.367401,2.995979
11.385000,0.628415,-0.125824,0.392261,0.961896,-0.249120,-0.063423,0.093126,0.070566,1.859179,1.000000,0.372047,2.987899
11.390000,0.628569,-0.125070,0.392233,0.961920,-0.249137,-0.063489,0.092790,0.070566,1.857307,1.000000,0.376580,2.979831
11.395000,0.628723,-0.124317,0.392206,0.961944,-0.249152,-0.063554,0.092452,0.070566,1.855414,1.000000,0.380989,2.971769
11.400000,0.628877,-0.123563,0.392178,0.961969,-0.249167,-0.063619,0.092111,0.070566,1.853498,1.000000,0.385264,2.963713
11.405000,0.629027,-0.122796,0.392149,0.962002,-0.249181,-0.063691,0.091681,0.070566,1.851562,1.000000,0.389487,2.955327
11.410000,0.629177,-0.122030,0.392120,0.962035,-0.249192,-0.063762,0.091246,0.070566,1.849605,1.000000,0.393686,2.947063
11.415000,0.629327,-0.121263,0.392090,0.962070,-0.249200,-0.063834,0.090807,0.070566,1.847627,1.000000,0.397800,2.938807
11.420000,0.629476,-0.120496,0.392061,0.962106,-0.249205,-0.063904,0.090365,0.070566,1.845628,1.000000,0.401800,2.930556
11.425000,0.629626,-0.119730,0.392032,0.962142,-0.249206,-0.063975,0.089920,0.070566,1.843610,1.000000,0.405664,2.922312
11.430000,0.629776,-0.118963,0.392003,0.962180,-0.249205,-0.064045,0.089472,0.070566,1.841574,1.000000,0.409381,2.914074
11.435000,0.629921,-0.118181,0.391973,0.962224,-0.249198,-0.064125,0.088956,0.070566,1.839519,1.000000,0.413001,2.905423
11.440000,0.630066,-0.117398,0.391943,0.962270,-0.249187,-0.064205,0.088435,0.070566,1.837446,1.000000,0.416579,2.896924
11.445000,0.630210,-0.116615,0.391913,0.962316,-0.249172,-0.064285,0.087911,0.070566,1.835355,1.000000,0.420049,2.888433
11.450000,0.630355,-0.115833,0.391883,0.962364,-0.249152,-0.064364,0.087385,0.070566,1.833248,1.000000,0.423387,2.879948
11.455000,0.630500,-0.115050,0.391853,0.962413,-0.249128,-0.064444,0.086856,0.070566,1.831124,1.000000,0.426576,2.871470
11.460000,0.630645,-0.114267,0.391823,0.962462,-0.249101,-0.064525,0.086325,0.070566,1.828985,1.000000,0.429609,2.862997
11.465000,0.630790,-0.113485,0.391793,0.962513,-0.249069,-0.064605,0.085791,0.070566,1.826832,1.000000,0.432481,2.854531
11.470000,0.630933,-0.112666,0.391766,0.962567,-0.249030,-0.064695,0.085227,0.070566,1.824665,1.000000,0.435172,2.845121
11.475000,0.631075,-0.111847,0.391738,0.962622,-0.248986,-0.064785,0.084660,0.070566,1.822484,1.000000,0.437860,2.836036
11.480000,0.631218,-0.111028,0.391710,0.962678,-0.248938,-0.064876,0.084091,0.070566,1.820290,1.000000,0.440453,2.826962
11.485000,0.631361,-0.110209,0.391683,0.962735,-0.248887,-0.064968,0.083521,0.070566,1.818084,1.000000,0.442930,2.817915
11.490000,0.631503,-0.109390,0.391655,0.962793,-0.248831,-0.065060,0.082948,0.070566,1.815865,1.000000,0.445276,2.808881
11.495000,0.631646,-0.108571,0.391628,0.962851,-0.248772,-0.065153,0.082374,0.070566,1.813636,1.000000,0.447481,2.799853
11.500000,0.631789,-0.107752,0.391600,0.962910,-0.248709,-0.065246,0.081798,0.070566,1.811395,1.000000,0.449542,2.790834
11.505000,0.631927,-0.106898,0.391572,0.962972,-0.248638,-0.065353,0.081200,0.070566,1.809146,1.000000,0.451432,2.780939
11.510000,0.632065,-0.106044,0.391544,0.963034,-0.248562,-0.065461,0.080600,0.070566,1.806886,1.000000,0.453325,2.771348
11.515000,0.632203,-0.105191,0.391515,0.963098,-0.248483,-0.065570,0.079998,0.070566,1.804618,1.000000,0.455133,2.761756
11.520000,0.632341,-0.104337,0.391487,0.963161,-0.248401,-0.065680,0.079395,0.070566,1.802341,1.000000,0.456830,2.752151
11.525000,0.632479,-0.103483,0.391459,0.963225,-0.248315,-0.065791,0.078791,0.070566,1.800056,1.000000,0.458422,2.742579
11.530000,0.632618,-0.102629,0.391430,0.963290,-0.248226,-0.065903,0.078187,0.070566,1.797763,1.000000,0.459897,2.733029
11.535000,0.632756,-0.101775,0.391402,0.963355,-0.248133,-0.066017,0.077581,0.070566,1.795463,1.000000,0.461246,2.723486
11.540000,0.632886,-0.100908,0.391371,0.963419,-0.248036,-0.066146,0.076982,0.070566,1.793157,1.000000,0.462443,2.713618
11.545000,0.633016,-0.100041,0.391340,0.963484,-0.247935,-0.066276,0.076383,0.070566,1.790845,1.000000,0.463555,2.703870
11.550000,0.633145,-0.099174,0.391308,0.963549,-0.247831,-0.066408,0.075783,0.070566,1.788528,1.000000,0.464557,2.694132
11.555000,0.633275,-0.098307,0.391277,0.963614,-0.247725,-0.066540,0.075182,0.070566,1.786206,1.000000,0.465445,2.684397
11.560000,0.633405,-0.097440,0.391246,0.963680,-0.247615,-0.066675,0.074581,0.070566,1.783881,1.000000,0.466216,2.674667
11.565000,0.633534,-0.096573,0.391214,0.963746,-0.247503,-0.066810,0.073979,0.070566,1.781552,1.000000,0.466871,2.664945
11.570000,0.633664,-0.095706,0.391183,0.963812,-0.247388,-0.066947,0.073377,0.070566,1.779219,1.000000,0.467412,2.655228
11.575000,0.633785,-0.094828,0.391150,0.963875,-0.247270,-0.067099,0.072801,0.070566,1.776885,1.000000,0.467796,2.645255
11.580000,0.633906,-0.093951,0.391117,0.963939,-0.247150,-0.067252,0.072226,0.070566,1.774549,1.000000,0.468079,2.635380
11.585000,0.634028,-0.093074,0.391083,0.964002,-0.247028,-0.067407,0.071650,0.070566,1.772212,1.000000,0.468259,2.625535
11.590000,0.634149,-0.092196,0.391050,0.964066,-0.246903,-0.067564,0.071074,0.070566,1.769875,1.000000,0.468335,2.615702
11.595000,0.634270,-0.091319,0.391017,0.964129,-0.246776,-0.067722,0.070498,0.070566,1.767537,1.000000,0.468310,2.605875
11.600000,0.634391,-0.090441,0.390984,0.964193,-0.246646,-0.067882,0.069922,0.070566,1.765200,1.000000,0.468183,2.596036
11.605000,0.634504,-0.089547,0.390947,0.964253,-0.246515,-0.068060,0.069388,0.070566,1.762864,1.000000,0.467892,2.585782
11.610000,0.634618,-0.088652,0.390911,0.964312,-0.246383,-0.068241,0.068855,0.070566,1.760530,1.000000,0.467531,2.575681
11.615000,0.634731,-0.087757,0.390874,0.964371,-0.246248,-0.068424,0.068322,0.070566,1.758198,1.000000,0.467085,2.565592
11.620000,0.634844,-0.086863,0.390838,0.964431,-0.246112,-0.068609,0.067790,0.070566,1.755868,1.000000,0.466559,2.555513
11.625000,0.634958,-0.085968,0.390801,0.964490,-0.245974,-0.068796,0.067258,0.070566,1.753541,1.000000,0.465956,2.545451
11.630000,0.635071,-0.085073,0.390765,0.964549,-0.245834,-0.068984,0.066726,0.070566,1.751217,1.000000,0.465282,2.535420
11.635000,0.635184,-0.084178,0.390728,0.964608,-0.245691,-0.069175,0.066194,0.070566,1.748897,1.000000,0.464535,2.525399
11.640000,0.635286,-0.083293,0.390693,0.964660,-0.245554,-0.069377,0.065727,0.070566,1.746581,1.000000,0.463681,2.515600
11.645000,0.635388,-0.082408,0.390658,0.964712,-0.245416,-0.069581,0.065262,0.070566,1.744270,1.000000,0.462653,2.505716
11.650000,0.635490,-0.081523,0.390623,0.964764,-0.245276,-0.069788,0.064797,0.070566,1.741964,1.000000,0.461515,2.495840
11.655000,0.635592,-0.080638,0.390587,0.964816,-0.245135,-0.069997,0.064333,0.070566,1.739664,1.000000,0.460291,2.485974
11.660000,0.635693,-0.079754,0.390552,0.964868,-0.244991,-0.070208,0.063869,0.070566,1.737371,1.000000,0.458994,2.476123
11.665000,0.635795,-0.078869,0.390517,0.964921,-0.244844,-0.070421,0.063406,0.070566,1.735084,1.000000,0.457633,2.466281
11.670000,0.635897,-0.077984,0.390482,0.964973,-0.244696,-0.070636,0.062943,0.070566,1.732804,1.000000,0.456212,2.456448
11.675000,0.635983,-0.077118,0.390448,0.965016,-0.244555,-0.070866,0.062568,0.070566,1.730531,1.000000,0.454711,2.447072
11.680000,0.636070,-0.076252,0.390414,0.965059,-0.244413,-0.071099,0.062196,0.070566,1.728267,1.000000,0.453000,2.437553
11.685000,0.636156,-0.075386,0.390381,0.965102,-0.244268,-0.071334,0.061824,0.070566,1.726011,1.000000,0.451176,2.428040
11.690000,0.636242,-0.074521,0.390347,0.965145,-0.244121,-0.071571,0.061454,0.070566,1.723765,1.000000,0.449270,2.418521
11.695000,0.636329,-0.073655,0.390313,0.965189,-0.243972,-0.071811,0.061083,0.070566,1.721528,1.000000,0.447303,2.409010
11.700000,0.636415,-0.072789,0.390279,0.965233,-0.243820,-0.072053,0.060713,0.070566,1.719302,1.000000,0.445286,2.399508
11.705000,0.636501,-0.071923,0.390246,0.965277,-0.243666,-0.072297,0.060344,0.070566,1.717086,1.000000,0.443231,2.390031
11.710000,0.636573,-0.071057,0.390208,0.965312,-0.243516,-0.072563,0.060064,0.070566,1.714880,1.000000,0.441075,2.380549
11.715000,0.636644,-0.070191,0.390170,0.965347,-0.243364,-0.072831,0.059788,0.070566,1.712685,1.000000,0.438807,2.371082
11.720000,0.636715,-0.069325,0.390132,0.965383,-0.243209,-0.073102,0.059513,0.070566,1.710502,1.000000,0.436474,2.361614
11.725000,0.636786,-0.068458,0.390094,0.965418,-0.243053,-0.073376,0.059239,0.070566,1.708330,1.000000,0.434097,2.352150
11.730000,0.636857,-0.067592,0.390056,0.965454,-0.242894,-0.073652,0.058966,0.070566,1.706171,1.000000,0.431692,2.342694
11.735000,0.636928,-0.066726,0.390017,0.965490,-0.242732,-0.073930,0.058694,0.070566,1.704024,1.000000,0.429268,2.333256
11.740000,0.636999,-0.065859,0.389979,0.965526,-0.242568,-0.074210,0.058422,0.070566,1.701888,1.000000,0.426832,2.323838
11.745000,0.637054,-0.065017,0.389933,0.965557,-0.242409,-0.074497,0.058205,0.070566,1.699765,1.000000,0.424401,2.315037
11.750000,0.637108,-0.064175,0.389886,0.965588,-0.242247,-0.074786,0.057991,0.070566,1.697654,1.000000,0.421819,2.306023
11.755000,0.637162,-0.063334,0.389839,0.965619,-0.242084,-0.075077,0.057777,0.070566,1.695557,1.000000,0.419170,2.296983
11.760000,0.637216,-0.062492,0.389792,0.965651,-0.241918,-0.075370,0.057564,0.070566,1.693473,1.000000,0.416483,2.287951
11.765000,0.637270,-0.061650,0.389745,0.965683,-0.241749,-0.075665,0.057352,0.070566,1.691402,1.000000,0.413772,2.278930
11.770000,0.637324,-0.060808,0.389698,0.965715,-0.241579,-0.075961,0.057140,0.070566,1.689345,1.000000,0.411054,2.269957
11.775000,0.637363,-0.059971,0.389638,0.965746,-0.241404,-0.076268,0.056942,0.070566,1.687302,1.000000,0.408331,2.261137
11.780000,0.637401,-0.059135,0.389577,0.965777,-0.241226,-0.076577,0.056746,0.070566,1.685272,1.000000,0.405575,2.252277
11.785000,0.637440,-0.058298,0.389516,0.965809,-0.241047,-0.076887,0.056549,0.070566,1.683256,1.000000,0.402799,2.243399
11.790000,0.637479,-0.057461,0.389455,0.965841,-0.240866,-0.077199,0.056354,0.070566,1.681254,1.000000,0.400011,2.234524
11.795000,0.637517,-0.056624,0.389395,0.965873,-0.240683,-0.077511,0.056159,0.070566,1.679266,1.000000,0.397213,2.225659
11.800000,0.637556,-0.055787,0.389334,0.965905,-0.240498,-0.077825,0.055964,0.070566,1.677292,1.000000,0.394404,2.216814
11.805000,0.637594,-0.054950,0.389273,0.965937,-0.240311,-0.078140,0.055770,0.070566,1.675332,1.000000,0.391593,2.207985
11.810000,0.637622,-0.054109,0.389202,0.965969,-0.240122,-0.078460,0.055586,0.070566,1.673386,1.000000,0.388767,2.199073
11.815000,0.637650,-0.053267,0.389130,0.966001,-0.239930,-0.078782,0.055402,0.070566,1.671454,1.000000,0.385957,2.190195
11.820000,0.637678,-0.052426,0.389059,0.966033,-0.239737,-0.079104,0.055219,0.070566,1.669536,1.000000,0.383159,2.181314
11.825000,0.637706,-0.051584,0.388988,0.966065,-0.239543,-0.079427,0.055036,0.070566,1.667632,1.000000,0.380377,2.172443
11.830000,0.637734,-0.050743,0.388916,0.966097,-0.239346,-0.079752,0.054853,0.070566,1.665742,1.000000,0.377613,2.163583
11.835000,0.637762,-0.049901,0.388845,0.966130,-0.239149,-0.080077,0.054670,0.070566,1.663866,1.000000,0.374868,2.154741
11.840000,0.637790,-0.049060,0.388774,0.966162,-0.238949,-0.080402,0.054488,0.070566,1.662003,1.000000,0.372144,2.145909
11.845000,0.637808,-0.048208,0.388692,0.966195,-0.238746,-0.080736,0.054312,0.070566,1.660154,1.000000,0.369411,2.136859
11.850000,0.637825,-0.047357,0.388610,0.966227,-0.238541,-0.081070,0.054136,0.070566,1.658319,1.000000,0.366730,2.127903
11.855000,0.637843,-0.046505,0.388529,0.966260,-0.238334,-0.081406,0.053961,0.070566,1.656497,1.000000,0.364081,2.118961
11.860000,0.637861,-0.045653,0.388447,0.966292,-0.238127,-0.081741,0.053787,0.070566,1.654688,1.000000,0.361460,2.110030
11.865000,0.637879,-0.044801,0.388365,0.966325,-0.237918,-0.082078,0.053613,0.070566,1.652892,1.000000,0.358866,2.101104
11.870000,0.637897,-0.043949,0.388284,0.966358,-0.237708,-0.082415,0.053439,0.070566,1.651109,1.000000,0.356296,2.092184
11.875000,0.637915,-0.043098,0.388202,0.966390,-0.237497,-0.082753,0.053266,0.070566,1.649338,1.000000,0.353753,2.083275
11.880000,0.637927,-0.042218,0.388113,0.966424,-0.237276,-0.083105,0.053088,0.070566,1.647581,1.000000,0.351177,2.073725
11.885000,0.637940,-0.041339,0.388024,0.966458,-0.237054,-0.083459,0.052911,0.070566,1.645836,1.000000,0.348728,2.064412
11.890000,0.637953,-0.040459,0.387935,0.966491,-0.236831,-0.083814,0.052734,0.070566,1.644104,1.000000,0.346341,2.055116
11.895000,0.637966,-0.039579,0.387846,0.966525,-0.236607,-0.084168,0.052558,0.070566,1.642383,1.000000,0.344001,2.045833
11.895900,0.637968,-0.039410,0.387829,0.966531,-0.236564,-0.084237,0.052524,0.070566,1.642073,1.000000,0.344456,2.050010
