{
  "skill_name": "rectangle_2",
  "match_ms": 107.098,
  "j_end": 243,
  "s": 0.86826029,
  "t": [
    0.94203399,
    0.14220976,
    0.78131003
  ],
  "R": [
    [
      -0.97610283,
      -0.21647856,
      0.01898147
    ],
    [
      -0.21642636,
      0.97628721,
      0.00478701
    ],
    [
      -0.01956765,
      0.00056453,
      -0.99980838
    ]
  ]
}
