{
  "skill_name": "arc2_5",
  "match_ms": 3234.326,
  "j_end": 748,
  "s": 1.242615,
  "t": [
    -0.08208307,
    0.01874618,
    -0.07264167
  ],
  "R": [
    [
      0.8588442,
      0.51107973,
      -0.03441158
    ],
    [
      -0.50985445,
      0.85939021,
      0.03868994
    ],
    [
      0.04934661,
      -0.01568373,
      0.99865857
    ]
  ]
}
