{
  "skill_name": "circle1_5",
  "match_ms": 1413.477,
  "j_end": 533,
  "s": 0.74343008,
  "t": [
    0.21460302,
    -0.12646807,
    0.08032891
  ],
  "R": [
    [
      0.5411971,
      0.8401713,
      0.03489822
    ],
    [
      -0.83418552,
      0.53118339,
      0.14825224
    ],
    [
      0.10601992,
      -0.10934528,
      0.98833364
    ]
  ]
}
