{
  "skill_name": "line1_1",
  "match_ms": 730.174,
  "j_end": 368,
  "s": 1.03444971,
  "t": [
    -0.03691188,
    0.05036414,
    0.00962342
  ],
  "R": [
    [
      0.98553635,
      0.09453086,
      0.14064855
    ],
    [
      -0.08586391,
      0.99408663,
      -0.06647677
    ],
    [
      -0.14610095,
      0.05343864,
      0.9878253
    ]
  ]
}
