{
  "skill_name": "line2_2",
  "match_ms": 1898.551,
  "j_end": 503,
  "s": 0.65949899,
  "t": [
    0.27079567,
    -0.02868308,
    0.11249389
  ],
  "R": [
    [
      0.82124194,
      0.38010493,
      -0.42553721
    ],
    [
      -0.54453743,
      0.7448633,
      -0.38556148
    ],
    [
      0.17041323,
      0.54836019,
      0.81869434
    ]
  ]
}
