{
  "skill_name": "rectangle_2",
  "match_ms": 357.705,
  "j_end": 513,
  "s": 1.05980055,
  "t": [
    0.02365042,
    0.05711131,
    0.04276647
  ],
  "R": [
    [
      0.68299534,
      0.7296541,
      0.0335002
    ],
    [
      -0.72613235,
      0.68323279,
      -0.0769725
    ],
    [
      -0.07905174,
      0.02824628,
      0.99647026
    ]
  ]
}
