{
  "skill_name": "rectangle_1",
  "match_ms": 124.186,
  "j_end": 228,
  "s": 1.26088522,
  "t": [
    -0.05162182,
    0.08429907,
    -0.118185
  ],
  "R": [
    [
      0.99130486,
      0.13000328,
      -0.02034247
    ],
    [
      -0.13029231,
      0.9913825,
      -0.01358881
    ],
    [
      0.01840058,
      0.01612112,
      0.99970072
    ]
  ]
}
