{
  "skill_name": "eight_1",
  "match_ms": 199.754,
  "j_end": 228,
  "s": 1.21918395,
  "t": [
    -0.06085896,
    -0.09050631,
    0.90803655
  ],
  "R": [
    [
      0.95438326,
      0.29835922,
      0.01159212
    ],
    [
      0.29837539,
      -0.95444853,
      0.00034907
    ],
    [
      0.01116823,
      0.00312566,
      -0.99993275
    ]
  ]
}
