{
  "skill_name": "circle_2",
  "match_ms": 283.563,
  "j_end": 513,
  "s": 0.87324675,
  "t": [
    0.06187376,
    -0.04176384,
    0.14140828
  ],
  "R": [
    [
      0.93484621,
      0.35253373,
      -0.04221999
    ],
    [
      -0.35457404,
      0.93313518,
      -0.05946411
    ],
    [
      0.01843386,
      0.07055991,
      0.9973372
    ]
  ]
}
