{
  "skill_name": "arc2_5",
  "match_ms": 3130.421,
  "j_end": 738,
  "s": 1.15383709,
  "t": [
    -0.06387663,
    -0.02739551,
    -0.05360901
  ],
  "R": [
    [
      0.71772668,
      -0.69604775,
      -0.0196454
    ],
    [
      0.69449013,
      0.71759729,
      -0.05232192
    ],
    [
      0.05051604,
      0.0239093,
      0.99843702
    ]
  ]
}
