{
  "skill_name": "arc1_3",
  "match_ms": 2956.032,
  "j_end": 848,
  "s": 0.76566613,
  "t": [
    0.06688125,
    -0.1284971,
    0.15751245
  ],
  "R": [
    [
      0.52374316,
      0.84941332,
      -0.06473105
    ],
    [
      -0.8365806,
      0.5271869,
      0.14901973
    ],
    [
      0.1607047,
      -0.02389533,
      0.98671324
    ]
  ]
}
