{
  "skill_name": "arc2_1",
  "match_ms": 2582.084,
  "j_end": 673,
  "s": 1.10985625,
  "t": [
    -0.01401154,
    -0.00425454,
    -0.08660371
  ],
  "R": [
    [
      0.99028922,
      -0.04818666,
      -0.13040437
    ],
    [
      0.04877699,
      0.9988088,
      0.0013348
    ],
    [
      0.13018471,
      -0.00768257,
      0.99145999
    ]
  ]
}
