{
  "skill_name": "sw1_5",
  "match_ms": 643.581,
  "j_end": 208,
  "s": 0.85994945,
  "t": [
    0.16828863,
    -0.02160939,
    0.82981531
  ],
  "R": [
    [
      0.99705258,
      -0.0165233,
      -0.07492091
    ],
    [
      -0.02063044,
      -0.99830709,
      -0.05438143
    ],
    [
      -0.07389551,
      0.0557668,
      -0.99570554
    ]
  ]
}
