{
  "skill_name": "sw2_1",
  "match_ms": 1242.194,
  "j_end": 313,
  "s": 0.77572613,
  "t": [
    0.22689176,
    -0.1132879,
    0.7842953
  ],
  "R": [
    [
      0.96593381,
      0.25506512,
      -0.04374535
    ],
    [
      0.25492884,
      -0.96692013,
      -0.00876013
    ],
    [
      -0.04453266,
      -0.00269024,
      -0.99900431
    ]
  ]
}
