time,x,y,z,qx,qy,qz,qw,alpha,tank_energy,passivity_lambda,passivity_power,autonomy_wrench_norm
0.000000,0.633437,-0.049938,0.405702,0.903257,-0.426936,-0.042502,0.006807,0.040927,2.000000,1.000000,0.000000,0.000000
0.005000,0.633438,-0.049942,0.405706,0.903256,-0.426939,-0.042494,0.006810,0.077760,1.999984,1.000000,0.006336,2.586247
0.010000,0.633439,-0.049952,0.405719,0.903252,-0.426949,-0.042471,0.006816,0.111046,1.999933,1.000000,0.012708,2.578318
0.015000,0.633438,-0.049967,0.405740,0.903246,-0.426964,-0.042437,0.006825,0.141003,1.999854,1.000000,0.017683,2.559713
0.020000,0.633435,-0.049986,0.405767,0.903239,-0.426983,-0.042397,0.006834,0.167964,1.999754,1.000000,0.021630,2.541844
0.025000,0.633431,-0.050006,0.405801,0.903230,-0.427006,-0.042353,0.006844,0.192350,1.999636,1.000000,0.024906,2.535368
0.030000,0.633423,-0.050027,0.405839,0.903221,-0.427031,-0.042306,0.006853,0.214298,1.999504,1.000000,0.027448,2.519825
0.035000,0.633413,-0.050049,0.405881,0.903210,-0.427058,-0.042258,0.006862,0.234164,1.999360,1.000000,0.029677,2.513974
0.040000,0.633402,-0.050071,0.405928,0.903199,-0.427086,-0.042209,0.006870,0.252044,1.999206,1.000000,0.031388,2.499575
0.045000,0.633390,-0.050093,0.405978,0.903188,-0.427114,-0.042157,0.006876,0.268136,1.999046,1.000000,0.032696,2.485636
0.050000,0.633377,-0.050115,0.406031,0.903178,-0.427142,-0.042104,0.006881,0.282714,1.998879,1.000000,0.033765,2.479874
0.055000,0.633364,-0.050136,0.406087,0.903167,-0.427169,-0.042050,0.006884,0.295833,1.998709,1.000000,0.034414,2.467290
0.060000,0.633351,-0.050155,0.406145,0.903158,-0.427194,-0.041995,0.006886,0.307641,1.998536,1.000000,0.034808,2.456277
0.065000,0.633339,-0.050173,0.406205,0.903150,-0.427217,-0.041941,0.006885,0.318339,1.998361,1.000000,0.034985,2.451486
0.070000,0.633326,-0.050189,0.406266,0.903142,-0.427238,-0.041886,0.006883,0.327968,1.998187,1.000000,0.034817,2.441656
0.075000,0.633315,-0.050204,0.406328,0.903136,-0.427257,-0.041832,0.006878,0.336634,1.998014,1.000000,0.034417,2.432224
0.080000,0.633304,-0.050216,0.406391,0.903131,-0.427272,-0.041779,0.006872,0.344480,1.997843,1.000000,0.033881,2.427093
0.085000,0.633293,-0.050226,0.406454,0.903128,-0.427285,-0.041727,0.006863,0.351542,1.997676,1.000000,0.033228,2.418901
0.090000,0.633284,-0.050233,0.406517,0.903125,-0.427295,-0.041677,0.006853,0.357919,1.997511,1.000000,0.032591,2.412947
0.095000,0.633275,-0.050238,0.406579,0.903124,-0.427302,-0.041628,0.006840,0.363659,1.997350,1.000000,0.031900,2.406201
0.100000,0.633267,-0.050240,0.406640,0.903124,-0.427307,-0.041581,0.006824,0.368824,1.997193,1.000000,0.031110,2.399900
0.105000,0.633259,-0.050239,0.406700,0.903125,-0.427309,-0.041537,0.006806,0.373470,1.997040,1.000000,0.030229,2.394004
0.110000,0.633251,-0.050235,0.406759,0.903128,-0.427308,-0.041495,0.006785,0.377652,1.996891,1.000000,0.029277,2.388959
0.115000,0.633244,-0.050227,0.406815,0.903132,-0.427304,-0.041456,0.006761,0.381415,1.996747,1.000000,0.028263,2.384353
0.120000,0.633238,-0.050216,0.406870,0.903137,-0.427297,-0.041420,0.006736,0.384775,1.996609,1.000000,0.027171,2.378339
0.125000,0.633232,-0.050201,0.406922,0.903143,-0.427287,-0.041386,0.006708,0.387799,1.996476,1.000000,0.026067,2.374951
0.130000,0.633227,-0.050182,0.406972,0.903151,-0.427274,-0.041356,0.006678,0.390472,1.996349,1.000000,0.024880,2.368635
0.135000,0.633222,-0.050160,0.407019,0.903160,-0.427258,-0.041328,0.006646,0.392877,1.996227,1.000000,0.023709,2.366646
0.140000,0.633218,-0.050133,0.407063,0.903171,-0.427239,-0.041303,0.006613,0.395042,1.996112,1.000000,0.022524,2.365075
0.145000,0.633215,-0.050102,0.407104,0.903183,-0.427216,-0.041282,0.006578,0.396930,1.996002,1.000000,0.021317,2.359558
0.150000,0.633212,-0.050067,0.407142,0.903196,-0.427191,-0.041263,0.006543,0.398630,1.995898,1.000000,0.020345,2.359126
0.155000,0.633210,-0.050028,0.407178,0.903210,-0.427163,-0.041246,0.006509,0.400160,1.995798,1.000000,0.019522,2.359205
0.160000,0.633208,-0.049986,0.407211,0.903225,-0.427132,-0.041231,0.006475,0.401462,1.995702,1.000000,0.018741,2.354273
0.165000,0.633207,-0.049940,0.407242,0.903242,-0.427099,-0.041218,0.006443,0.402634,1.995609,1.000000,0.018053,2.355295
0.170000,0.633206,-0.049891,0.407270,0.903259,-0.427064,-0.041206,0.006412,0.403594,1.995521,1.000000,0.017361,2.349737
0.175000,0.633206,-0.049837,0.407295,0.903278,-0.427026,-0.041196,0.006384,0.404459,1.995435,1.000000,0.016764,2.351759
0.180000,0.633207,-0.049780,0.407318,0.903298,-0.426986,-0.041187,0.006357,0.405237,1.995352,1.000000,0.016182,2.354152
0.185000,0.633208,-0.049718,0.407339,0.903318,-0.426943,-0.041180,0.006332,0.405820,1.995272,1.000000,0.015541,2.348184
0.190000,0.633209,-0.049653,0.407356,0.903340,-0.426898,-0.041175,0.006309,0.406345,1.995195,1.000000,0.014984,2.351429
0.195000,0.633211,-0.049584,0.407371,0.903363,-0.426850,-0.041172,0.006289,0.406670,1.995121,1.000000,0.014368,2.342959
0.200000,0.633212,-0.049510,0.407384,0.903386,-0.426800,-0.041171,0.006270,0.406963,1.995050,1.000000,0.013895,2.345984
0.205000,0.633215,-0.049432,0.407393,0.903411,-0.426748,-0.041172,0.006254,0.407227,1.994980,1.000000,0.013504,2.349394
0.210000,0.633218,-0.049350,0.407400,0.903437,-0.426693,-0.041175,0.006240,0.407280,1.994913,1.000000,0.013090,2.339261
0.215000,0.633221,-0.049264,0.407405,0.903464,-0.426635,-0.041179,0.006229,0.407328,1.994847,1.000000,0.012841,2.343229
0.220000,0.633224,-0.049174,0.407406,0.903492,-0.426575,-0.041185,0.006219,0.407146,1.994783,1.000000,0.012600,2.330666
0.225000,0.633228,-0.049079,0.407405,0.903522,-0.426512,-0.041193,0.006211,0.406983,1.994718,1.000000,0.012720,2.335363
0.230000,0.633232,-0.048980,0.407403,0.903552,-0.426447,-0.041203,0.006204,0.406571,1.994653,1.000000,0.012824,2.318766
0.235000,0.633237,-0.048876,0.407398,0.903584,-0.426378,-0.041215,0.006197,0.406200,1.994587,1.000000,0.013146,2.322575
0.240000,0.633242,-0.048767,0.407392,0.903618,-0.426305,-0.041228,0.006190,0.405866,1.994519,1.000000,0.013576,2.326680
0.245000,0.633248,-0.048654,0.407384,0.903653,-0.426230,-0.041242,0.006183,0.405257,1.994448,1.000000,0.013917,2.307672
0.250000,0.633255,-0.048537,0.407374,0.903690,-0.426151,-0.041258,0.006176,0.404709,1.994376,1.000000,0.014505,2.312093
0.255000,0.633263,-0.048415,0.407362,0.903728,-0.426069,-0.041275,0.006168,0.403862,1.994301,1.000000,0.014954,2.290223
0.260000,0.633271,-0.048290,0.407348,0.903767,-0.425984,-0.041293,0.006161,0.403099,1.994222,1.000000,0.015658,2.295195
0.265000,0.633280,-0.048160,0.407333,0.903807,-0.425897,-0.041311,0.006155,0.402013,1.994141,1.000000,0.016171,2.269124
0.270000,0.633289,-0.048027,0.407316,0.903849,-0.425807,-0.041330,0.006148,0.401035,1.994056,1.000000,0.016975,2.273282
0.275000,0.633299,-0.047890,0.407297,0.903891,-0.425714,-0.041350,0.006143,0.399710,1.993969,1.000000,0.017518,2.244193
0.280000,0.633310,-0.047750,0.407277,0.903935,-0.425620,-0.041370,0.006138,0.398517,1.993877,1.000000,0.018387,2.248716
0.285000,0.633321,-0.047607,0.407255,0.903980,-0.425523,-0.041390,0.006134,0.396955,1.993782,1.000000,0.018929,2.217057
0.290000,0.633333,-0.047461,0.407232,0.904025,-0.425425,-0.041411,0.006131,0.395549,1.993683,1.000000,0.019806,2.221976
0.295000,0.633344,-0.047311,0.407207,0.904071,-0.425325,-0.041433,0.006129,0.393756,1.993582,1.000000,0.020282,2.187732
0.300000,0.633356,-0.047159,0.407180,0.904118,-0.425223,-0.041455,0.006128,0.392143,1.993476,1.000000,0.021163,2.191785
0.305000,0.633369,-0.047004,0.407152,0.904165,-0.425120,-0.041478,0.006128,0.390129,1.993368,1.000000,0.021635,2.154659
0.310000,0.633381,-0.046847,0.407122,0.904213,-0.425015,-0.041501,0.006129,0.388317,1.993255,1.000000,0.022558,2.159113
0.315000,0.633393,-0.046686,0.407091,0.904262,-0.424909,-0.041525,0.006131,0.386098,1.993140,1.000000,0.022985,2.120304
0.320000,0.633406,-0.046524,0.407058,0.904311,-0.424802,-0.041550,0.006134,0.384100,1.993021,1.000000,0.023924,2.124961
0.325000,0.633418,-0.046359,0.407025,0.904361,-0.424694,-0.041575,0.006138,0.381694,1.992899,1.000000,0.024326,2.085279
0.330000,0.633431,-0.046192,0.406989,0.904411,-0.424585,-0.041600,0.006144,0.378908,1.992776,1.000000,0.024631,2.044500
0.335000,0.633444,-0.046024,0.406953,0.904461,-0.424475,-0.041626,0.006150,0.376401,1.992649,1.000000,0.025472,2.048027
0.340000,0.633456,-0.045853,0.406915,0.904512,-0.424364,-0.041652,0.006158,0.373521,1.992520,1.000000,0.025723,2.006629
0.345000,0.633469,-0.045680,0.406876,0.904563,-0.424252,-0.041679,0.006167,0.370930,1.992387,1.000000,0.026596,2.010445
0.350000,0.633482,-0.045506,0.406836,0.904615,-0.424140,-0.041706,0.006177,0.367980,1.992253,1.000000,0.026856,1.970081
0.355000,0.633494,-0.045330,0.406795,0.904667,-0.424026,-0.041733,0.006188,0.364718,1.992118,1.000000,0.027050,1.930244
0.360000,0.633507,-0.045153,0.406753,0.904719,-0.423912,-0.041761,0.006200,0.361783,1.991978,1.000000,0.027891,1.934292
0.365000,0.633520,-0.044974,0.406709,0.904771,-0.423798,-0.041788,0.006213,0.358553,1.991838,1.000000,0.028021,1.895096
0.370000,0.633533,-0.044794,0.406665,0.904824,-0.423683,-0.041816,0.006227,0.354877,1.991699,1.000000,0.027883,1.842838
0.375000,0.633546,-0.044612,0.406620,0.904876,-0.423567,-0.041845,0.006242,0.350843,1.991560,1.000000,0.027728,1.794110
0.380000,0.633558,-0.044430,0.406573,0.904930,-0.423450,-0.041873,0.006258,0.347213,1.991418,1.000000,0.028402,1.796614
0.385000,0.633571,-0.044246,0.406526,0.904983,-0.423333,-0.041902,0.006275,0.343267,1.991277,1.000000,0.028306,1.752410
0.390000,0.633584,-0.044061,0.406478,0.905036,-0.423215,-0.041932,0.006293,0.339088,1.991136,1.000000,0.028197,1.711322
0.395000,0.633597,-0.043875,0.406429,0.905090,-0.423097,-0.041961,0.006311,0.334749,1.990995,1.000000,0.028133,1.674320
0.400000,0.633611,-0.043688,0.406380,0.905144,-0.422979,-0.041991,0.006331,0.330314,1.990855,1.000000,0.028010,1.639461
0.405000,0.633624,-0.043500,0.406329,0.905198,-0.422859,-0.042021,0.006351,0.325838,1.990715,1.000000,0.027934,1.608036
0.410000,0.633637,-0.043311,0.406278,0.905253,-0.422739,-0.042052,0.006372,0.321370,1.990575,1.000000,0.027903,1.579852
0.415000,0.633651,-0.043122,0.406226,0.905307,-0.422619,-0.042083,0.006393,0.316952,1.990436,1.000000,0.027932,1.554754
0.420000,0.633664,-0.042931,0.406173,0.905362,-0.422498,-0.042114,0.006415,0.312614,1.990296,1.000000,0.028007,1.532300
0.425000,0.633678,-0.042740,0.406120,0.905417,-0.422376,-0.042145,0.006438,0.308384,1.990155,1.000000,0.028128,1.512283
0.430000,0.633692,-0.042547,0.406066,0.905473,-0.422254,-0.042177,0.006461,0.304283,1.990014,1.000000,0.028311,1.494598
0.435000,0.633706,-0.042354,0.406012,0.905529,-0.422131,-0.042209,0.006484,0.300326,1.989872,1.000000,0.028508,1.477871
0.440000,0.633721,-0.042160,0.405958,0.905585,-0.422007,-0.042240,0.006507,0.296525,1.989728,1.000000,0.028792,1.462927
0.445000,0.633735,-0.041965,0.405903,0.905641,-0.421882,-0.042272,0.006530,0.292688,1.989584,1.000000,0.028868,1.436784
0.450000,0.633750,-0.041768,0.405848,0.905698,-0.421756,-0.042303,0.006552,0.289056,1.989438,1.000000,0.029280,1.425969
0.455000,0.633766,-0.041571,0.405793,0.905756,-0.421629,-0.042334,0.006574,0.285477,1.989291,1.000000,0.029524,1.406739
0.460000,0.633782,-0.041372,0.405738,0.905814,-0.421501,-0.042365,0.006596,0.282121,1.989141,1.000000,0.030057,1.399242
0.465000,0.633798,-0.041172,0.405683,0.905872,-0.421372,-0.042395,0.006617,0.278864,1.988990,1.000000,0.030443,1.385124
0.470000,0.633815,-0.040971,0.405629,0.905932,-0.421241,-0.042425,0.006637,0.275829,1.988836,1.000000,0.030999,1.378416
0.475000,0.633832,-0.040769,0.405574,0.905991,-0.421109,-0.042454,0.006656,0.272913,1.988679,1.000000,0.031468,1.366770
0.480000,0.633850,-0.040565,0.405520,0.906052,-0.420976,-0.042483,0.006674,0.270134,1.988520,1.000000,0.032006,1.357013
0.485000,0.633868,-0.040360,0.405466,0.906113,-0.420842,-0.042511,0.006691,0.267497,1.988358,1.000000,0.032585,1.348636
0.490000,0.633887,-0.040154,0.405413,0.906174,-0.420706,-0.042538,0.006707,0.265009,1.988193,1.000000,0.033228,1.341793
0.495000,0.633907,-0.039946,0.405360,0.906237,-0.420569,-0.042564,0.006723,0.262668,1.988025,1.000000,0.033913,1.336004
0.500000,0.633926,-0.039737,0.405308,0.906300,-0.420430,-0.042590,0.006737,0.260472,1.987853,1.000000,0.034616,1.330942
0.505000,0.633947,-0.039526,0.405256,0.906363,-0.420290,-0.042614,0.006750,0.258419,1.987677,1.000000,0.035288,1.324978
0.510000,0.633968,-0.039313,0.405206,0.906428,-0.420149,-0.042638,0.006762,0.256501,1.987499,1.000000,0.036014,1.319803
0.515000,0.633989,-0.039099,0.405156,0.906493,-0.420005,-0.042660,0.006772,0.254687,1.987316,1.000000,0.036751,1.313669
0.520000,0.634011,-0.038883,0.405107,0.906559,-0.419860,-0.042682,0.006782,0.253001,1.987130,1.000000,0.037556,1.309775
0.525000,0.634033,-0.038665,0.405058,0.906626,-0.419714,-0.042703,0.006790,0.251416,1.986939,1.000000,0.038358,1.305127
0.530000,0.634056,-0.038446,0.405011,0.906694,-0.419565,-0.042722,0.006796,0.249932,1.986745,1.000000,0.039187,1.301150
0.535000,0.634080,-0.038224,0.404965,0.906762,-0.419415,-0.042741,0.006801,0.248561,1.986547,1.000000,0.039961,1.296409
0.540000,0.634103,-0.038000,0.404919,0.906832,-0.419263,-0.042759,0.006805,0.247282,1.986344,1.000000,0.040784,1.291459
0.545000,0.634128,-0.037774,0.404875,0.906902,-0.419109,-0.042775,0.006807,0.246090,1.986138,1.000000,0.041651,1.286990
0.550000,0.634153,-0.037546,0.404831,0.906974,-0.418953,-0.042791,0.006807,0.244983,1.985927,1.000000,0.042541,1.282905
0.555000,0.634178,-0.037315,0.404789,0.907046,-0.418794,-0.042805,0.006805,0.243955,1.985711,1.000000,0.043445,1.279081
0.560000,0.634204,-0.037081,0.404748,0.907120,-0.418633,-0.042818,0.006801,0.243003,1.985491,1.000000,0.044383,1.275781
0.565000,0.634231,-0.036845,0.404708,0.907194,-0.418471,-0.042831,0.006796,0.242114,1.985266,1.000000,0.045334,1.272815
0.570000,0.634258,-0.036606,0.404669,0.907270,-0.418306,-0.042842,0.006789,0.241293,1.985037,1.000000,0.046227,1.269263
0.575000,0.634285,-0.036365,0.404631,0.907347,-0.418138,-0.042852,0.006780,0.240242,1.984807,1.000000,0.046480,1.248724
0.580000,0.634313,-0.036120,0.404594,0.907425,-0.417969,-0.042861,0.006770,0.239293,1.984571,1.000000,0.047492,1.248337
0.585000,0.634341,-0.035873,0.404558,0.907503,-0.417797,-0.042870,0.006757,0.238440,1.984330,1.000000,0.048540,1.248521
0.590000,0.634369,-0.035622,0.404524,0.907583,-0.417622,-0.042877,0.006743,0.237673,1.984084,1.000000,0.049615,1.248883
0.595000,0.634398,-0.035368,0.404490,0.907665,-0.417445,-0.042884,0.006727,0.236984,1.983833,1.000000,0.050711,1.249382
0.600000,0.634426,-0.035111,0.404458,0.907747,-0.417266,-0.042890,0.006709,0.236366,1.983576,1.000000,0.051830,1.250107
0.605000,0.634456,-0.034851,0.404426,0.907830,-0.417085,-0.042894,0.006690,0.235812,1.983313,1.000000,0.052845,1.249450
0.610000,0.634485,-0.034587,0.404396,0.907915,-0.416900,-0.042898,0.006668,0.235315,1.983046,1.000000,0.053901,1.249207
0.615000,0.634514,-0.034320,0.404367,0.908000,-0.416714,-0.042901,0.006645,0.234870,1.982773,1.000000,0.054967,1.248981
0.620000,0.634544,-0.034049,0.404339,0.908087,-0.416525,-0.042903,0.006620,0.234473,1.982495,1.000000,0.056017,1.248577
0.625000,0.634573,-0.033774,0.404311,0.908175,-0.416334,-0.042904,0.006593,0.234119,1.982212,1.000000,0.057105,1.248816
0.630000,0.634602,-0.033495,0.404285,0.908264,-0.416140,-0.042905,0.006565,0.233803,1.981923,1.000000,0.058141,1.248518
0.635000,0.634632,-0.033213,0.404260,0.908354,-0.415944,-0.042904,0.006535,0.233522,1.981630,1.000000,0.059191,1.248672
0.640000,0.634661,-0.032927,0.404235,0.908445,-0.415746,-0.042904,0.006504,0.233274,1.981331,1.000000,0.060123,1.248007
0.645000,0.634690,-0.032637,0.404211,0.908537,-0.415545,-0.042902,0.006470,0.233055,1.981028,1.000000,0.061061,1.247590
0.650000,0.634718,-0.032344,0.404188,0.908630,-0.415342,-0.042900,0.006435,0.232862,1.980720,1.000000,0.061975,1.247034
0.655000,0.634747,-0.032046,0.404165,0.908725,-0.415137,-0.042898,0.006398,0.232695,1.980408,1.000000,0.062878,1.246690
0.660000,0.634775,-0.031744,0.404143,0.908820,-0.414929,-0.042896,0.006360,0.232550,1.980091,1.000000,0.063768,1.246474
0.665000,0.634802,-0.031438,0.404122,0.908916,-0.414719,-0.042893,0.006320,0.232426,1.979769,1.000000,0.064653,1.246511
0.670000,0.634829,-0.031128,0.404101,0.909013,-0.414508,-0.042889,0.006279,0.232322,1.979444,1.000000,0.065512,1.246621
0.675000,0.634856,-0.030813,0.404080,0.909111,-0.414294,-0.042886,0.006236,0.232237,1.979115,1.000000,0.066150,1.245284
0.680000,0.634882,-0.030495,0.404059,0.909210,-0.414078,-0.042883,0.006191,0.232168,1.978783,1.000000,0.066826,1.244477
0.685000,0.634907,-0.030172,0.404038,0.909309,-0.413860,-0.042879,0.006144,0.232115,1.978447,1.000000,0.067489,1.243846
0.690000,0.634931,-0.029844,0.404018,0.909410,-0.413640,-0.042875,0.006096,0.232078,1.978109,1.000000,0.068105,1.243102
0.695000,0.634955,-0.029513,0.403997,0.909511,-0.413418,-0.042871,0.006047,0.232056,1.977767,1.000000,0.068731,1.242895
0.700000,0.634978,-0.029176,0.403977,0.909614,-0.413194,-0.042868,0.005995,0.232049,1.977422,1.000000,0.069312,1.242747
0.705000,0.635000,-0.028835,0.403956,0.909717,-0.412969,-0.042864,0.005943,0.232053,1.977075,1.000000,0.069623,1.241222
0.710000,0.635021,-0.028490,0.403934,0.909820,-0.412741,-0.042861,0.005888,0.232072,1.976727,1.000000,0.069955,1.240514
0.715000,0.635041,-0.028139,0.403912,0.909925,-0.412511,-0.042859,0.005832,0.232107,1.976378,1.000000,0.070272,1.240285
0.720000,0.635059,-0.027784,0.403890,0.910030,-0.412280,-0.042857,0.005773,0.232153,1.976027,1.000000,0.070505,1.239691
0.725000,0.635077,-0.027423,0.403866,0.910136,-0.412047,-0.042856,0.005714,0.232218,1.975674,1.000000,0.070741,1.239961
0.730000,0.635093,-0.027057,0.403842,0.910243,-0.411811,-0.042856,0.005652,0.232294,1.975321,1.000000,0.070923,1.240054
0.735000,0.635107,-0.026687,0.403817,0.910351,-0.411575,-0.042856,0.005590,0.232392,1.974967,1.000000,0.071108,1.241070
0.740000,0.635121,-0.026311,0.403791,0.910459,-0.411336,-0.042858,0.005526,0.232504,1.974613,1.000000,0.071004,1.240857
0.745000,0.635132,-0.025930,0.403764,0.910567,-0.411096,-0.042860,0.005460,0.232630,1.974260,1.000000,0.070910,1.241336
0.750000,0.635143,-0.025543,0.403735,0.910677,-0.410855,-0.042863,0.005393,0.232773,1.973907,1.000000,0.070774,1.242161
0.755000,0.635152,-0.025151,0.403706,0.910787,-0.410611,-0.042867,0.005325,0.232936,1.973556,1.000000,0.070621,1.243583
0.760000,0.635159,-0.024754,0.403674,0.910897,-0.410366,-0.042872,0.005255,0.233120,1.973204,1.000000,0.070463,1.245666
0.765000,0.635165,-0.024351,0.403642,0.911008,-0.410120,-0.042878,0.005184,0.233330,1.972854,1.000000,0.070260,1.248170
0.770000,0.635169,-0.023944,0.403607,0.911120,-0.409872,-0.042884,0.005112,0.233569,1.972505,1.000000,0.070045,1.251354
0.775000,0.635171,-0.023530,0.403571,0.911232,-0.409623,-0.042891,0.005040,0.233843,1.972158,1.000000,0.069615,1.254104
0.780000,0.635172,-0.023111,0.403534,0.911345,-0.409372,-0.042898,0.004966,0.234159,1.971813,1.000000,0.069195,1.257871
0.785000,0.635172,-0.022687,0.403494,0.911458,-0.409120,-0.042906,0.004891,0.234483,1.971471,1.000000,0.068641,1.260195
0.790000,0.635170,-0.022257,0.403453,0.911572,-0.408866,-0.042914,0.004815,0.234864,1.971131,1.000000,0.068190,1.265728
0.795000,0.635166,-0.021821,0.403409,0.911687,-0.408610,-0.042923,0.004738,0.235258,1.970794,1.000000,0.067581,1.269441
0.800000,0.635161,-0.021380,0.403364,0.911802,-0.408353,-0.042931,0.004660,0.235732,1.970459,1.000000,0.067190,1.277860
0.805000,0.635154,-0.020933,0.403317,0.911918,-0.408095,-0.042939,0.004582,0.236227,1.970127,1.000000,0.066554,1.283381
0.810000,0.635146,-0.020481,0.403267,0.912034,-0.407835,-0.042947,0.004502,0.236835,1.969798,1.000000,0.066027,1.293681
0.815000,0.635136,-0.020022,0.403216,0.912150,-0.407574,-0.042955,0.004422,0.237476,1.969472,1.000000,0.065248,1.300527
0.820000,0.635125,-0.019559,0.403162,0.912268,-0.407312,-0.042963,0.004341,0.238161,1.969151,1.000000,0.064428,1.308519
0.825000,0.635112,-0.019089,0.403106,0.912385,-0.407048,-0.042971,0.004259,0.238896,1.968834,1.000000,0.063546,1.317665
0.830000,0.635097,-0.018613,0.403048,0.912504,-0.406783,-0.042980,0.004176,0.239694,1.968521,1.000000,0.062637,1.328283
0.835000,0.635080,-0.018132,0.402988,0.912622,-0.406516,-0.042988,0.004093,0.240565,1.968213,1.000000,0.061665,1.340328
0.840000,0.635061,-0.017645,0.402926,0.912742,-0.406249,-0.042998,0.004009,0.241524,1.967910,1.000000,0.060689,1.354258
0.845000,0.635040,-0.017152,0.402861,0.912861,-0.405980,-0.043008,0.003924,0.242588,1.967612,1.000000,0.059579,1.368606
0.850000,0.635017,-0.016654,0.402794,0.912981,-0.405709,-0.043018,0.003838,0.243774,1.967320,1.000000,0.058519,1.385621
0.855000,0.634992,-0.016149,0.402725,0.913102,-0.405438,-0.043029,0.003752,0.245107,1.967033,1.000000,0.057496,1.405464
0.860000,0.634965,-0.015639,0.402655,0.913223,-0.405165,-0.043040,0.003665,0.246612,1.966750,1.000000,0.056502,1.428542
0.865000,0.634936,-0.015123,0.402582,0.913344,-0.404890,-0.043052,0.003577,0.248322,1.966473,1.000000,0.055510,1.455282
0.870000,0.634905,-0.014601,0.402507,0.913466,-0.404614,-0.043064,0.003488,0.250276,1.966200,1.000000,0.054590,1.486635
0.875000,0.634871,-0.014073,0.402430,0.913589,-0.404337,-0.043076,0.003399,0.252035,1.965939,1.000000,0.052343,1.489557
0.880000,0.634836,-0.013540,0.402352,0.913712,-0.404059,-0.043087,0.003309,0.254103,1.965683,1.000000,0.051272,1.524964
0.885000,0.634799,-0.013001,0.402273,0.913835,-0.403779,-0.043099,0.003218,0.256533,1.965432,1.000000,0.050417,1.567233
0.890000,0.634760,-0.012457,0.402192,0.913959,-0.403498,-0.043109,0.003128,0.258719,1.965191,1.000000,0.048256,1.572025
0.895000,0.634719,-0.011907,0.402111,0.914084,-0.403215,-0.043118,0.003038,0.261354,1.964955,1.000000,0.047516,1.622117
0.900000,0.634675,-0.011353,0.402030,0.914209,-0.402932,-0.043126,0.002948,0.264505,1.964721,1.000000,0.047026,1.681787
0.905000,0.634630,-0.010793,0.401948,0.914334,-0.402648,-0.043131,0.002858,0.267342,1.964498,1.000000,0.044903,1.688324
0.910000,0.634583,-0.010227,0.401866,0.914460,-0.402362,-0.043134,0.002769,0.270806,1.964279,1.000000,0.044257,1.758264
0.915000,0.634534,-0.009657,0.401785,0.914586,-0.402076,-0.043134,0.002681,0.273923,1.964071,1.000000,0.041830,1.765410
0.920000,0.634483,-0.009082,0.401704,0.914713,-0.401788,-0.043132,0.002593,0.277786,1.963867,1.000000,0.041232,1.848366
0.925000,0.634431,-0.008501,0.401623,0.914840,-0.401500,-0.043126,0.002506,0.282473,1.963665,1.000000,0.040974,1.946178
0.930000,0.634376,-0.007916,0.401544,0.914967,-0.401211,-0.043116,0.002420,0.286691,1.963474,1.000000,0.038551,1.955900
0.935000,0.634320,-0.007326,0.401466,0.915095,-0.400922,-0.043103,0.002334,0.291850,1.963286,1.000000,0.038364,2.068297
0.940000,0.634263,-0.006730,0.401390,0.915222,-0.400634,-0.043085,0.002249,0.296493,1.963109,1.000000,0.036041,2.079615
0.945000,0.634204,-0.006130,0.401315,0.915350,-0.400345,-0.043062,0.002165,0.302169,1.962934,1.000000,0.035914,2.207409
0.950000,0.634145,-0.005525,0.401242,0.915477,-0.400057,-0.043032,0.002082,0.307277,1.962770,1.000000,0.033517,2.220576
0.955000,0.634084,-0.004916,0.401171,0.915605,-0.399769,-0.042997,0.002000,0.311875,1.962619,1.000000,0.030801,2.232777
0.960000,0.634022,-0.004302,0.401102,0.915732,-0.399482,-0.042956,0.001919,0.317265,1.962475,1.000000,0.029791,2.347588
0.965000,0.633960,-0.003683,0.401034,0.915859,-0.399196,-0.042908,0.001838,0.322116,1.962343,1.000000,0.027088,2.362532
0.970000,0.633897,-0.003060,0.400969,0.915986,-0.398910,-0.042855,0.001759,0.327659,1.962219,1.000000,0.025723,2.475597
0.975000,0.633833,-0.002433,0.400905,0.916113,-0.398625,-0.042795,0.001680,0.332647,1.962109,1.000000,0.022869,2.492017
0.980000,0.633769,-0.001802,0.400844,0.916240,-0.398341,-0.042729,0.001602,0.338254,1.962008,1.000000,0.021104,2.604368
0.985000,0.633704,-0.001166,0.400784,0.916367,-0.398057,-0.042656,0.001525,0.343301,1.961922,1.000000,0.018048,2.622116
0.990000,0.633638,-0.000526,0.400726,0.916493,-0.397775,-0.042578,0.001449,0.347842,1.961852,1.000000,0.014528,2.638836
0.995000,0.633571,0.000118,0.400671,0.916619,-0.397494,-0.042495,0.001374,0.352932,1.961798,1.000000,0.011733,2.746285
1.000000,0.633503,0.000766,0.400617,0.916745,-0.397213,-0.042406,0.001300,0.357513,1.961761,1.000000,0.008131,2.765591
1.005000,0.633434,0.001418,0.400565,0.916871,-0.396934,-0.042311,0.001226,0.362468,1.961740,1.000000,0.004879,2.861222
1.010000,0.633364,0.002073,0.400515,0.916996,-0.396655,-0.042211,0.001154,0.366927,1.961738,1.000000,0.001015,2.881830
1.015000,0.633292,0.002732,0.400466,0.917121,-0.396378,-0.042106,0.001082,0.370940,1.961754,1.000000,-0.003322,2.899273
1.020000,0.633220,0.003394,0.400419,0.917245,-0.396103,-0.041996,0.001011,0.375196,1.961787,1.000000,-0.007598,2.978966
1.025000,0.633146,0.004059,0.400374,0.917369,-0.395828,-0.041882,0.000941,0.379027,1.961837,1.000000,-0.012102,2.998551
1.030000,0.633072,0.004728,0.400330,0.917492,-0.395554,-0.041763,0.000871,0.382940,1.961907,1.000000,-0.016811,3.063037
1.035000,0.632996,0.005400,0.400288,0.917615,-0.395282,-0.041639,0.000802,0.386461,1.961995,1.000000,-0.021639,3.083535
1.040000,0.632918,0.006074,0.400247,0.917738,-0.395011,-0.041512,0.000734,0.389630,1.962103,1.000000,-0.026739,3.103662
1.045000,0.632840,0.006752,0.400207,0.917860,-0.394742,-0.041381,0.000666,0.392794,1.962234,1.000000,-0.032305,3.151307
1.050000,0.632760,0.007432,0.400168,0.917981,-0.394473,-0.041246,0.000599,0.395641,1.962386,1.000000,-0.037752,3.169044
1.055000,0.632679,0.008115,0.400131,0.918102,-0.394206,-0.041107,0.000531,0.398204,1.962561,1.000000,-0.043397,3.186471
1.060000,0.632597,0.008800,0.400095,0.918223,-0.393940,-0.040964,0.000464,0.400705,1.962760,1.000000,-0.049329,3.224351
1.065000,0.632513,0.009488,0.400059,0.918343,-0.393676,-0.040818,0.000397,0.402957,1.962981,1.000000,-0.055143,3.243206
1.070000,0.632429,0.010178,0.400025,0.918462,-0.393412,-0.040669,0.000330,0.404983,1.963227,1.000000,-0.061116,3.261955
1.075000,0.632343,0.010871,0.399991,0.918581,-0.393150,-0.040516,0.000263,0.406918,1.963497,1.000000,-0.067356,3.292925
1.080000,0.632256,0.011565,0.399958,0.918700,-0.392890,-0.040360,0.000195,0.408659,1.963792,1.000000,-0.073471,3.308556
1.085000,0.632168,0.012261,0.399926,0.918818,-0.392630,-0.040201,0.000128,0.410227,1.964111,1.000000,-0.079594,3.324353
1.090000,0.632080,0.012959,0.399894,0.918935,-0.392371,-0.040038,0.000060,0.411693,1.964455,1.000000,-0.085861,3.346638
1.095000,0.631990,0.013659,0.399863,0.919052,-0.392114,-0.039872,-0.000008,0.413013,1.964824,1.000000,-0.092058,3.363538
1.100000,0.631900,0.014360,0.399833,0.919169,-0.391858,-0.039703,-0.000076,0.414201,1.965218,1.000000,-0.098341,3.380694
1.105000,0.631808,0.015063,0.399804,0.919285,-0.391603,-0.039530,-0.000145,0.415289,1.965638,1.000000,-0.104722,3.400450
1.110000,0.631716,0.015767,0.399775,0.919400,-0.391349,-0.039354,-0.000214,0.416268,1.966083,1.000000,-0.111102,3.418575
1.115000,0.631623,0.016472,0.399747,0.919515,-0.391097,-0.039176,-0.000284,0.417149,1.966553,1.000000,-0.117335,3.433522
1.120000,0.631530,0.017178,0.399719,0.919630,-0.390845,-0.038994,-0.000354,0.417938,1.967047,1.000000,-0.123534,3.448759
1.125000,0.631436,0.017886,0.399692,0.919744,-0.390595,-0.038809,-0.000425,0.418649,1.967567,1.000000,-0.129723,3.464744
1.130000,0.631341,0.018594,0.399665,0.919858,-0.390346,-0.038620,-0.000496,0.419273,1.968111,1.000000,-0.135850,3.479478
1.135000,0.631246,0.019302,0.399639,0.919971,-0.390098,-0.038429,-0.000567,0.419836,1.968680,1.000000,-0.142038,3.496334
1.140000,0.631151,0.020012,0.399613,0.920083,-0.389852,-0.038234,-0.000640,0.420342,1.969274,1.000000,-0.148275,3.513648
1.145000,0.631055,0.020721,0.399588,0.920195,-0.389606,-0.038037,-0.000712,0.420782,1.969893,1.000000,-0.154493,3.529791
1.150000,0.630959,0.021432,0.399564,0.920307,-0.389362,-0.037836,-0.000786,0.421179,1.970536,1.000000,-0.160682,3.546776
1.155000,0.630863,0.022142,0.399540,0.920418,-0.389119,-0.037633,-0.000860,0.421536,1.971204,1.000000,-0.166847,3.564225
1.160000,0.630766,0.022852,0.399516,0.920529,-0.388877,-0.037427,-0.000934,0.421852,1.971897,1.000000,-0.172969,3.581491
1.165000,0.630669,0.023563,0.399493,0.920639,-0.388637,-0.037218,-0.001010,0.422136,1.972615,1.000000,-0.179107,3.599883
1.170000,0.630573,0.024273,0.399470,0.920748,-0.388397,-0.037007,-0.001085,0.422392,1.973356,1.000000,-0.185234,3.618684
1.175000,0.630475,0.024984,0.399448,0.920857,-0.388159,-0.036793,-0.001162,0.422633,1.974123,1.000000,-0.191404,3.639136
1.180000,0.630378,0.025694,0.399426,0.920965,-0.387922,-0.036576,-0.001239,0.422850,1.974914,1.000000,-0.197508,3.658898
1.185000,0.630281,0.026403,0.399405,0.921073,-0.387687,-0.036357,-0.001317,0.423045,1.975730,1.000000,-0.203702,3.679451
1.190000,0.630184,0.027113,0.399384,0.921180,-0.387452,-0.036136,-0.001396,0.423249,1.976571,1.000000,-0.210062,3.703911
1.195000,0.630086,0.027821,0.399363,0.921287,-0.387219,-0.035912,-0.001475,0.423434,1.977437,1.000000,-0.216240,3.725484
1.200000,0.629989,0.028530,0.399343,0.921393,-0.386987,-0.035687,-0.001556,0.423600,1.978327,1.000000,-0.222417,3.747458
1.205000,0.629892,0.029237,0.399323,0.921498,-0.386756,-0.035459,-0.001637,0.423796,1.979244,1.000000,-0.228878,3.775477
1.210000,0.629795,0.029944,0.399304,0.921603,-0.386527,-0.035230,-0.001719,0.423973,1.980185,1.000000,-0.235014,3.798475
1.215000,0.629698,0.030651,0.399285,0.921708,-0.386299,-0.034999,-0.001802,0.424131,1.981151,1.000000,-0.241408,3.823009
1.220000,0.629601,0.031356,0.399266,0.921811,-0.386072,-0.034766,-0.001886,0.424334,1.982145,1.000000,-0.248225,3.855295
1.225000,0.629505,0.032061,0.399248,0.921915,-0.385846,-0.034532,-0.001971,0.424516,1.983165,1.000000,-0.254605,3.880925
1.230000,0.629408,0.032765,0.399230,0.922017,-0.385622,-0.034296,-0.002057,0.424681,1.984209,1.000000,-0.260960,3.906877
1.235000,0.629312,0.033468,0.399212,0.922119,-0.385398,-0.034060,-0.002144,0.424894,1.985281,1.000000,-0.267786,3.941476
1.240000,0.629216,0.034170,0.399195,0.922220,-0.385176,-0.033822,-0.002232,0.425087,1.986379,1.000000,-0.274080,3.968441
1.245000,0.629120,0.034871,0.399177,0.922321,-0.384955,-0.033583,-0.002321,0.425260,1.987501,1.000000,-0.280406,3.995864
1.250000,0.629025,0.035572,0.399161,0.922421,-0.384736,-0.033343,-0.002411,0.425483,1.988652,1.000000,-0.287522,4.033580
1.255000,0.628929,0.036271,0.399144,0.922521,-0.384517,-0.033103,-0.002503,0.425683,1.989830,1.000000,-0.294074,4.063361
1.260000,0.628835,0.036969,0.399128,0.922619,-0.384300,-0.032862,-0.002595,0.425863,1.991033,1.000000,-0.300639,4.093504
1.265000,0.628740,0.037667,0.399111,0.922718,-0.384084,-0.032620,-0.002688,0.426088,1.992265,1.000000,-0.307741,4.132240
1.270000,0.628646,0.038364,0.399096,0.922815,-0.383870,-0.032378,-0.002783,0.426291,1.993523,1.000000,-0.314270,4.163372
1.275000,0.628552,0.039059,0.399080,0.922912,-0.383656,-0.032136,-0.002878,0.426473,1.994807,1.000000,-0.320794,4.194787
1.280000,0.628459,0.039754,0.399065,0.923008,-0.383444,-0.031893,-0.002975,0.426693,1.996119,1.000000,-0.327820,4.233999
1.285000,0.628366,0.040448,0.399049,0.923104,-0.383233,-0.031650,-0.003072,0.426891,1.997457,1.000000,-0.334324,4.266580
1.290000,0.628274,0.041140,0.399035,0.923199,-0.383024,-0.031408,-0.003171,0.427069,1.998822,1.000000,-0.340862,4.299587
1.295000,0.628182,0.041832,0.399020,0.923293,-0.382815,-0.031165,-0.003271,0.427276,2.000214,1.000000,-0.347867,4.339445
1.300000,0.628090,0.042523,0.399005,0.923387,-0.382608,-0.030923,-0.003372,0.427462,2.001632,1.000000,-0.354380,4.373352
1.305000,0.627999,0.043213,0.398991,0.923480,-0.382402,-0.030681,-0.003474,0.427630,2.003077,1.000000,-0.360876,4.407467
1.310000,0.627909,0.043902,0.398977,0.923572,-0.382197,-0.030440,-0.003577,0.427819,2.004549,1.000000,-0.367743,4.447104
1.315000,0.627819,0.044590,0.398963,0.923664,-0.381994,-0.030199,-0.003681,0.427988,2.006046,1.000000,-0.374192,4.481936
1.320000,0.627729,0.045277,0.398950,0.923755,-0.381792,-0.029958,-0.003786,0.428141,2.007568,1.000000,-0.380305,4.515798
1.325000,0.627640,0.045963,0.398936,0.923845,-0.381591,-0.029719,-0.003892,0.428306,2.009116,1.000000,-0.386690,4.553928
1.330000,0.627551,0.046648,0.398923,0.923935,-0.381392,-0.029480,-0.003998,0.428454,2.010688,1.000000,-0.392726,4.588523
1.335000,0.627463,0.047332,0.398910,0.924023,-0.381194,-0.029241,-0.004106,0.428587,2.012284,1.000000,-0.398693,4.623177
1.340000,0.627376,0.048015,0.398898,0.924111,-0.380998,-0.029004,-0.004214,0.428720,2.013904,1.000000,-0.404762,4.659950
1.345000,0.627289,0.048697,0.398886,0.924199,-0.380802,-0.028768,-0.004323,0.428840,2.015548,1.000000,-0.410645,4.695039
1.350000,0.627203,0.049378,0.398873,0.924285,-0.380608,-0.028532,-0.004433,0.428948,2.017215,1.000000,-0.416549,4.730564
1.355000,0.627117,0.050057,0.398862,0.924371,-0.380416,-0.028298,-0.004543,0.429049,2.018905,1.000000,-0.422143,4.765785
1.360000,0.627032,0.050736,0.398850,0.924457,-0.380225,-0.028065,-0.004654,0.429140,2.020616,1.000000,-0.427643,4.800743
1.365000,0.626947,0.051413,0.398839,0.924541,-0.380035,-0.027832,-0.004766,0.429222,2.022350,1.000000,-0.433051,4.835712
1.370000,0.626863,0.052088,0.398828,0.924625,-0.379846,-0.027602,-0.004878,0.429292,2.024105,1.000000,-0.438341,4.870197
1.375000,0.626779,0.052763,0.398817,0.924708,-0.379659,-0.027372,-0.004990,0.429355,2.025881,1.000000,-0.443638,4.905378
1.380000,0.626696,0.053436,0.398807,0.924790,-0.379474,-0.027144,-0.005103,0.429412,2.027678,1.000000,-0.448912,4.940789
1.385000,0.626613,0.054108,0.398797,0.924872,-0.379289,-0.026917,-0.005217,0.429463,2.029496,1.000000,-0.454262,4.977158
1.390000,0.626531,0.054779,0.398787,0.924953,-0.379106,-0.026692,-0.005331,0.429501,2.031335,1.000000,-0.459501,5.012492
1.395000,0.626449,0.055448,0.398778,0.925033,-0.378925,-0.026468,-0.005445,0.429536,2.033196,1.000000,-0.464838,5.049230
1.400000,0.626368,0.056116,0.398768,0.925112,-0.378744,-0.026246,-0.005560,0.429567,2.035078,1.000000,-0.470166,5.086237
1.405000,0.626288,0.056782,0.398759,0.925191,-0.378565,-0.026026,-0.005676,0.429587,2.036981,1.000000,-0.475364,5.122105
1.410000,0.626208,0.057448,0.398751,0.925269,-0.378387,-0.025807,-0.005792,0.429605,2.038905,1.000000,-0.480634,5.159289
1.415000,0.626128,0.058112,0.398742,0.925347,-0.378210,-0.025591,-0.005909,0.429621,2.040850,1.000000,-0.485840,5.196409
1.420000,0.626049,0.058775,0.398734,0.925424,-0.378035,-0.025376,-0.006026,0.429630,2.042816,1.000000,-0.491290,5.234482
1.425000,0.625971,0.059436,0.398726,0.925500,-0.377860,-0.025163,-0.006144,0.429638,2.044805,1.000000,-0.496847,5.273549
1.430000,0.625893,0.060097,0.398719,0.925576,-0.377687,-0.024952,-0.006263,0.429646,2.046816,1.000000,-0.502439,5.312863
1.435000,0.625816,0.060757,0.398712,0.925651,-0.377515,-0.024743,-0.006382,0.429653,2.048849,1.000000,-0.508039,5.352368
1.440000,0.625739,0.061415,0.398705,0.925726,-0.377343,-0.024537,-0.006502,0.429659,2.050905,1.000000,-0.513635,5.391965
1.445000,0.625662,0.062073,0.398698,0.925799,-0.377173,-0.024332,-0.006623,0.429664,2.052983,1.000000,-0.519220,5.431594
1.450000,0.625587,0.062729,0.398692,0.925873,-0.377004,-0.024130,-0.006745,0.429677,2.055084,1.000000,-0.524908,5.472608
1.455000,0.625511,0.063385,0.398686,0.925946,-0.376836,-0.023930,-0.006867,0.429688,2.057207,1.000000,-0.530470,5.512665
1.460000,0.625436,0.064040,0.398681,0.926018,-0.376668,-0.023732,-0.006990,0.429697,2.059352,1.000000,-0.536026,5.552776
1.465000,0.625362,0.064693,0.398676,0.926089,-0.376502,-0.023536,-0.007114,0.429721,2.061520,1.000000,-0.541795,5.595531
1.470000,0.625288,0.065346,0.398671,0.926161,-0.376337,-0.023342,-0.007238,0.429741,2.063711,1.000000,-0.547327,5.635957
1.475000,0.625215,0.065999,0.398667,0.926231,-0.376173,-0.023151,-0.007363,0.429760,2.065923,1.000000,-0.552856,5.676368
1.480000,0.625142,0.066650,0.398663,0.926301,-0.376009,-0.022961,-0.007489,0.429797,2.068159,1.000000,-0.558698,5.720502
1.485000,0.625070,0.067300,0.398660,0.926371,-0.375847,-0.022774,-0.007615,0.429830,2.070417,1.000000,-0.564202,5.761238
1.490000,0.624998,0.067950,0.398657,0.926440,-0.375685,-0.022589,-0.007742,0.429860,2.072696,1.000000,-0.569307,5.800365
1.495000,0.624927,0.068599,0.398654,0.926508,-0.375525,-0.022406,-0.007870,0.429911,2.074996,1.000000,-0.574738,5.844006
1.500000,0.624856,0.069247,0.398652,0.926576,-0.375365,-0.022225,-0.007997,0.429956,2.077317,1.000000,-0.579711,5.883511
1.505000,0.624786,0.069894,0.398651,0.926643,-0.375207,-0.022047,-0.008125,0.429997,2.079657,1.000000,-0.584620,5.922778
1.510000,0.624716,0.070541,0.398650,0.926710,-0.375050,-0.021870,-0.008253,0.430054,2.082018,1.000000,-0.589839,5.965914
1.515000,0.624647,0.071186,0.398650,0.926776,-0.374893,-0.021695,-0.008381,0.430105,2.084398,1.000000,-0.594681,6.005411
1.520000,0.624578,0.071830,0.398650,0.926842,-0.374737,-0.021523,-0.008509,0.430152,2.086797,1.000000,-0.599521,6.044899
1.525000,0.624509,0.072474,0.398651,0.926907,-0.374583,-0.021352,-0.008637,0.430210,2.089216,1.000000,-0.604236,6.086112
1.530000,0.624441,0.073116,0.398652,0.926972,-0.374429,-0.021183,-0.008766,0.430263,2.091652,1.000000,-0.608590,6.124327
1.535000,0.624373,0.073758,0.398654,0.927036,-0.374276,-0.021017,-0.008894,0.430310,2.094106,1.000000,-0.612906,6.162543
1.540000,0.624306,0.074398,0.398656,0.927100,-0.374125,-0.020852,-0.009022,0.430365,2.096577,1.000000,-0.617401,6.203204
1.545000,0.624239,0.075037,0.398659,0.927163,-0.373974,-0.020689,-0.009150,0.430414,2.099066,1.000000,-0.621643,6.241606
1.550000,0.624173,0.075675,0.398662,0.927226,-0.373824,-0.020528,-0.009277,0.430458,2.101571,1.000000,-0.625876,6.280031
1.555000,0.624106,0.076312,0.398666,0.927288,-0.373675,-0.020369,-0.009405,0.430504,2.104095,1.000000,-0.630406,6.321191
1.560000,0.624040,0.076948,0.398670,0.927350,-0.373526,-0.020212,-0.009532,0.430546,2.106636,1.000000,-0.634838,6.361203
1.565000,0.623975,0.077583,0.398675,0.927412,-0.373379,-0.020057,-0.009659,0.430583,2.109195,1.000000,-0.639292,6.401237
1.570000,0.623909,0.078217,0.398680,0.927473,-0.373232,-0.019904,-0.009786,0.430615,2.111772,1.000000,-0.643741,6.441053
1.575000,0.623844,0.078850,0.398686,0.927533,-0.373086,-0.019753,-0.009913,0.430644,2.114366,1.000000,-0.648230,6.481202
1.580000,0.623780,0.079482,0.398692,0.927594,-0.372941,-0.019604,-0.010040,0.430670,2.116979,1.000000,-0.652736,6.521424
1.585000,0.623715,0.080113,0.398699,0.927653,-0.372797,-0.019457,-0.010167,0.430694,2.119610,1.000000,-0.657261,6.561716
1.590000,0.623651,0.080743,0.398706,0.927713,-0.372653,-0.019312,-0.010293,0.430735,2.122261,1.000000,-0.662353,6.607708
1.595000,0.623587,0.081372,0.398713,0.927772,-0.372510,-0.019169,-0.010420,0.430773,2.124931,1.000000,-0.667059,6.649429
1.600000,0.623523,0.082001,0.398721,0.927831,-0.372367,-0.019028,-0.010546,0.430807,2.127619,1.000000,-0.671794,6.691004
1.605000,0.623460,0.082629,0.398729,0.927889,-0.372225,-0.018889,-0.010672,0.430839,2.130327,1.000000,-0.676612,6.733069
1.610000,0.623396,0.083255,0.398737,0.927947,-0.372083,-0.018752,-0.010798,0.430868,2.133054,1.000000,-0.681445,6.774863
1.615000,0.623333,0.083882,0.398746,0.928005,-0.371942,-0.018617,-0.010924,0.430894,2.135801,1.000000,-0.686343,6.816867
1.620000,0.623270,0.084507,0.398755,0.928062,-0.371802,-0.018484,-0.011050,0.430919,2.138567,1.000000,-0.691294,6.859170
1.625000,0.623207,0.085132,0.398764,0.928119,-0.371662,-0.018352,-0.011176,0.430941,2.141352,1.000000,-0.695990,6.900170
1.630000,0.623145,0.085757,0.398773,0.928176,-0.371523,-0.018223,-0.011301,0.430961,2.144156,1.000000,-0.700655,6.941106
1.635000,0.623082,0.086380,0.398783,0.928233,-0.371384,-0.018095,-0.011426,0.430980,2.146979,1.000000,-0.705337,6.982306
1.640000,0.623020,0.087003,0.398793,0.928289,-0.371246,-0.017969,-0.011551,0.430997,2.149820,1.000000,-0.710006,7.023364
1.645000,0.622958,0.087625,0.398804,0.928345,-0.371108,-0.017844,-0.011676,0.431012,2.152680,1.000000,-0.714693,7.064479
1.650000,0.622896,0.088247,0.398814,0.928400,-0.370971,-0.017722,-0.011800,0.431027,2.155559,1.000000,-0.719418,7.105921
1.655000,0.622834,0.088868,0.398825,0.928456,-0.370835,-0.017601,-0.011924,0.431041,2.158456,1.000000,-0.724132,7.147151
1.660000,0.622772,0.089489,0.398836,0.928511,-0.370698,-0.017481,-0.012048,0.431053,2.161373,1.000000,-0.728869,7.188590
1.665000,0.622710,0.090109,0.398848,0.928565,-0.370563,-0.017363,-0.012171,0.431065,2.164308,1.000000,-0.733658,7.230430
1.670000,0.622649,0.090728,0.398859,0.928620,-0.370427,-0.017247,-0.012294,0.431077,2.167263,1.000000,-0.738434,7.271986
1.675000,0.622587,0.091347,0.398871,0.928674,-0.370292,-0.017132,-0.012416,0.431087,2.170237,1.000000,-0.743244,7.313658
1.680000,0.622525,0.091966,0.398883,0.928728,-0.370158,-0.017018,-0.012538,0.431098,2.173230,1.000000,-0.748111,7.355784
1.685000,0.622464,0.092584,0.398895,0.928782,-0.370023,-0.016906,-0.012660,0.431107,2.176243,1.000000,-0.752962,7.397567
1.690000,0.622402,0.093201,0.398907,0.928836,-0.369890,-0.016796,-0.012781,0.431116,2.179275,1.000000,-0.757806,7.439173
1.695000,0.622340,0.093818,0.398919,0.928890,-0.369756,-0.016686,-0.012902,0.431126,2.182328,1.000000,-0.762997,7.483043
1.700000,0.622279,0.094435,0.398932,0.928943,-0.369622,-0.016579,-0.013023,0.431134,2.185401,1.000000,-0.768234,7.526510
1.705000,0.622217,0.095052,0.398944,0.928996,-0.369489,-0.016472,-0.013143,0.431142,2.188496,1.000000,-0.773591,7.570319
1.710000,0.622155,0.095668,0.398957,0.929049,-0.369356,-0.016367,-0.013263,0.431150,2.191612,1.000000,-0.779040,7.614517
1.715000,0.622093,0.096284,0.398970,0.929102,-0.369223,-0.016263,-0.013383,0.431158,2.194751,1.000000,-0.784511,7.658445
1.720000,0.622031,0.096900,0.398982,0.929155,-0.369091,-0.016160,-0.013503,0.431165,2.197911,1.000000,-0.790029,7.702401
1.725000,0.621969,0.097516,0.398995,0.929207,-0.368958,-0.016059,-0.013622,0.431172,2.201094,1.000000,-0.795720,7.747465
1.730000,0.621906,0.098132,0.399008,0.929260,-0.368826,-0.015959,-0.013741,0.431178,2.204299,1.000000,-0.801457,7.792302
1.735000,0.621844,0.098747,0.399021,0.929312,-0.368693,-0.015860,-0.013859,0.431184,2.207528,1.000000,-0.807230,7.837026
1.740000,0.621781,0.099363,0.399034,0.929365,-0.368561,-0.015762,-0.013978,0.431190,2.210780,1.000000,-0.813074,7.881950
1.745000,0.621718,0.099979,0.399048,0.929417,-0.368429,-0.015665,-0.014096,0.431195,2.214055,1.000000,-0.818955,7.926742
1.750000,0.621655,0.100595,0.399061,0.929469,-0.368297,-0.015570,-0.014214,0.431200,2.217355,1.000000,-0.824919,7.971807
1.755000,0.621591,0.101211,0.399074,0.929521,-0.368165,-0.015475,-0.014331,0.431204,2.220678,1.000000,-0.830935,8.016957
1.760000,0.621528,0.101827,0.399087,0.929573,-0.368033,-0.015382,-0.014448,0.431208,2.224025,1.000000,-0.837010,8.062406
1.765000,0.621464,0.102443,0.399100,0.929625,-0.367901,-0.015289,-0.014565,0.431211,2.227397,1.000000,-0.843110,8.107747
1.770000,0.621399,0.103060,0.399114,0.929677,-0.367769,-0.015197,-0.014681,0.431214,2.230793,1.000000,-0.849235,8.152905
1.775000,0.621334,0.103677,0.399127,0.929729,-0.367637,-0.015106,-0.014797,0.431216,2.234214,1.000000,-0.855423,8.198279
1.780000,0.621269,0.104294,0.399140,0.929781,-0.367505,-0.015016,-0.014913,0.431218,2.237660,1.000000,-0.861655,8.243716
1.785000,0.621204,0.104911,0.399153,0.929833,-0.367373,-0.014927,-0.015028,0.431218,2.241130,1.000000,-0.867901,8.288905
1.790000,0.621138,0.105529,0.399167,0.929884,-0.367241,-0.014839,-0.015143,0.431219,2.244626,1.000000,-0.874218,8.334423
1.795000,0.621071,0.106147,0.399180,0.929936,-0.367109,-0.014751,-0.015257,0.431219,2.248149,1.000000,-0.881037,8.382807
1.800000,0.621004,0.106765,0.399193,0.929988,-0.366976,-0.014663,-0.015371,0.431219,2.251699,1.000000,-0.887957,8.430883
1.805000,0.620937,0.107384,0.399207,0.930039,-0.366844,-0.014577,-0.015485,0.431218,2.255278,1.000000,-0.895019,8.479345
1.810000,0.620869,0.108003,0.399220,0.930091,-0.366711,-0.014491,-0.015599,0.431217,2.258885,1.000000,-0.902147,8.527699
1.815000,0.620801,0.108623,0.399233,0.930143,-0.366578,-0.014406,-0.015712,0.431215,2.262520,1.000000,-0.909305,8.575637
1.820000,0.620732,0.109244,0.399247,0.930195,-0.366445,-0.014321,-0.015825,0.431213,2.266184,1.000000,-0.916575,8.623966
1.825000,0.620662,0.109865,0.399260,0.930247,-0.366311,-0.014237,-0.015938,0.431212,2.269878,1.000000,-0.923912,8.672377
1.830000,0.620592,0.110487,0.399273,0.930299,-0.366177,-0.014153,-0.016051,0.431209,2.273602,1.000000,-0.931626,8.722637
1.835000,0.620521,0.111110,0.399286,0.930351,-0.366043,-0.014070,-0.016163,0.431207,2.277358,1.000000,-0.939504,8.773165
1.840000,0.620449,0.111733,0.399300,0.930403,-0.365909,-0.013987,-0.016275,0.431205,2.281145,1.000000,-0.947496,8.823734
1.845000,0.620377,0.112358,0.399313,0.930456,-0.365774,-0.013904,-0.016387,0.431202,2.284964,1.000000,-0.955562,8.874086
1.850000,0.620304,0.112983,0.399326,0.930508,-0.365639,-0.013822,-0.016499,0.431199,2.288816,1.000000,-0.963743,8.924724
1.855000,0.620230,0.113609,0.399340,0.930560,-0.365503,-0.013740,-0.016610,0.431197,2.292701,1.000000,-0.972005,8.975419
1.860000,0.620156,0.114237,0.399353,0.930613,-0.365368,-0.013659,-0.016721,0.431195,2.296619,1.000000,-0.980339,9.026170
1.865000,0.620081,0.114865,0.399366,0.930666,-0.365231,-0.013577,-0.016832,0.431192,2.300571,1.000000,-0.988624,9.076527
1.870000,0.620005,0.115495,0.399380,0.930718,-0.365095,-0.013496,-0.016943,0.431190,2.304555,1.000000,-0.996985,9.127104
1.875000,0.619928,0.116125,0.399393,0.930771,-0.364958,-0.013415,-0.017053,0.431188,2.308574,1.000000,-1.005395,9.177714
1.880000,0.619850,0.116757,0.399406,0.930824,-0.364820,-0.013334,-0.017162,0.431186,2.312626,1.000000,-1.013838,9.228218
1.885000,0.619771,0.117389,0.399420,0.930877,-0.364683,-0.013253,-0.017272,0.431184,2.316712,1.000000,-1.022337,9.278865
1.890000,0.619691,0.118023,0.399433,0.930930,-0.364545,-0.013172,-0.017380,0.431182,2.320832,1.000000,-1.030875,9.329516
1.895000,0.619611,0.118657,0.399446,0.930984,-0.364406,-0.013091,-0.017489,0.431180,2.324987,1.000000,-1.039739,9.381874
1.900000,0.619529,0.119293,0.399460,0.931037,-0.364268,-0.013010,-0.017597,0.431178,2.329178,1.000000,-1.048714,9.434306
1.905000,0.619446,0.119929,0.399473,0.931091,-0.364128,-0.012928,-0.017704,0.431177,2.333405,1.000000,-1.057778,9.486777
1.910000,0.619363,0.120567,0.399486,0.931144,-0.363989,-0.012847,-0.017811,0.431175,2.337669,1.000000,-1.066901,9.539162
1.915000,0.619278,0.121206,0.399500,0.931198,-0.363848,-0.012766,-0.017918,0.431173,2.341969,1.000000,-1.076098,9.591676
1.920000,0.619192,0.121847,0.399513,0.931252,-0.363708,-0.012684,-0.018024,0.431171,2.346307,1.000000,-1.085350,9.644195
1.925000,0.619105,0.122488,0.399526,0.931306,-0.363567,-0.012602,-0.018130,0.431170,2.350681,1.000000,-1.094636,9.696602
1.930000,0.619017,0.123130,0.399540,0.931361,-0.363425,-0.012519,-0.018236,0.431168,2.355094,1.000000,-1.104308,9.751020
1.935000,0.618928,0.123774,0.399553,0.931415,-0.363283,-0.012437,-0.018341,0.431167,2.359546,1.000000,-1.114059,9.805159
1.940000,0.618837,0.124419,0.399566,0.931470,-0.363140,-0.012354,-0.018446,0.431165,2.364037,1.000000,-1.123891,9.859156
1.945000,0.618745,0.125065,0.399579,0.931525,-0.362996,-0.012270,-0.018550,0.431163,2.368567,1.000000,-1.133834,9.913416
1.950000,0.618653,0.125713,0.399593,0.931580,-0.362852,-0.012187,-0.018654,0.431161,2.373138,1.000000,-1.143876,9.967882
1.955000,0.618558,0.126362,0.399606,0.931636,-0.362708,-0.012103,-0.018758,0.431159,2.377749,1.000000,-1.153954,10.022188
1.960000,0.618463,0.127012,0.399619,0.931691,-0.362563,-0.012018,-0.018861,0.431158,2.382401,1.000000,-1.164094,10.076620
1.965000,0.618366,0.127663,0.399633,0.931747,-0.362417,-0.011933,-0.018964,0.431156,2.387092,1.000000,-1.174052,10.130028
1.970000,0.618268,0.128316,0.399646,0.931803,-0.362270,-0.011847,-0.019067,0.431154,2.391823,1.000000,-1.184006,10.183299
1.975000,0.618169,0.128970,0.399659,0.931859,-0.362123,-0.011760,-0.019169,0.431152,2.396594,1.000000,-1.194000,10.236825
1.980000,0.618068,0.129625,0.399672,0.931915,-0.361976,-0.011673,-0.019271,0.431151,2.401406,1.000000,-1.204031,10.290523
1.985000,0.617966,0.130281,0.399686,0.931972,-0.361828,-0.011585,-0.019372,0.431149,2.406257,1.000000,-1.214049,10.344070
1.990000,0.617863,0.130938,0.399699,0.932028,-0.361679,-0.011496,-0.019473,0.431147,2.411149,1.000000,-1.224083,10.397759
1.995000,0.617758,0.131596,0.399712,0.932085,-0.361530,-0.011407,-0.019573,0.431145,2.416081,1.000000,-1.234094,10.451209
2.000000,0.617652,0.132256,0.399725,0.932142,-0.361381,-0.011317,-0.019673,0.431143,2.421053,1.000000,-1.244198,10.505321
2.005000,0.617544,0.132916,0.399738,0.932199,-0.361231,-0.011226,-0.019772,0.431141,2.426065,1.000000,-1.254354,10.559566
2.010000,0.617435,0.133578,0.399752,0.932257,-0.361080,-0.011134,-0.019871,0.431140,2.431119,1.000000,-1.264528,10.613738
2.015000,0.617325,0.134241,0.399765,0.932314,-0.360928,-0.011041,-0.019969,0.431138,2.436213,1.000000,-1.274700,10.667790
2.020000,0.617213,0.134904,0.399777,0.932372,-0.360777,-0.010947,-0.020067,0.431136,2.441348,1.000000,-1.284899,10.722005
2.025000,0.617099,0.135569,0.399790,0.932430,-0.360624,-0.010852,-0.020164,0.431135,2.446523,1.000000,-1.295106,10.776231
2.030000,0.616984,0.136234,0.399803,0.932488,-0.360471,-0.010757,-0.020261,0.431133,2.451740,1.000000,-1.305297,10.830340
2.035000,0.616868,0.136901,0.399816,0.932547,-0.360317,-0.010660,-0.020358,0.431131,2.456998,1.000000,-1.315735,10.885982
2.040000,0.616750,0.137568,0.399828,0.932605,-0.360163,-0.010563,-0.020454,0.431130,2.462298,1.000000,-1.326218,10.941514
2.045000,0.616630,0.138236,0.399841,0.932664,-0.360008,-0.010465,-0.020550,0.431128,2.467640,1.000000,-1.336719,10.996901
2.050000,0.616509,0.138906,0.399853,0.932723,-0.359853,-0.010365,-0.020645,0.431126,2.473024,1.000000,-1.347262,11.052472
2.055000,0.616387,0.139576,0.399865,0.932782,-0.359697,-0.010265,-0.020741,0.431125,2.478451,1.000000,-1.357820,11.108015
2.060000,0.616262,0.140247,0.399877,0.932842,-0.359540,-0.010163,-0.020835,0.431123,2.483919,1.000000,-1.368359,11.163345
2.065000,0.616137,0.140919,0.399889,0.932901,-0.359382,-0.010061,-0.020930,0.431121,2.489429,1.000000,-1.378634,11.217590
2.070000,0.616009,0.141591,0.399900,0.932961,-0.359224,-0.009958,-0.021024,0.431120,2.494980,1.000000,-1.388848,11.271888
2.075000,0.615881,0.142264,0.399912,0.933021,-0.359066,-0.009853,-0.021118,0.431117,2.500572,1.000000,-1.398964,11.325856
2.080000,0.615750,0.142938,0.399923,0.933081,-0.358907,-0.009747,-0.021211,0.431115,2.506204,1.000000,-1.409066,11.380174
2.085000,0.615618,0.143613,0.399934,0.933142,-0.358747,-0.009640,-0.021304,0.431113,2.511876,1.000000,-1.419074,11.434189
2.090000,0.615484,0.144288,0.399945,0.933202,-0.358587,-0.009532,-0.021397,0.431110,2.517588,1.000000,-1.428982,11.487699
2.095000,0.615349,0.144964,0.399955,0.933263,-0.358427,-0.009423,-0.021490,0.431107,2.523339,1.000000,-1.438914,11.541764
2.100000,0.615213,0.145640,0.399966,0.933324,-0.358266,-0.009312,-0.021582,0.431104,2.529131,1.000000,-1.448753,11.595848
2.105000,0.615074,0.146316,0.399976,0.933385,-0.358104,-0.009200,-0.021673,0.431100,2.534961,1.000000,-1.458449,11.649226
2.110000,0.614934,0.146993,0.399986,0.933446,-0.357942,-0.009087,-0.021765,0.431096,2.540830,1.000000,-1.468172,11.703344
2.115000,0.614793,0.147671,0.399996,0.933507,-0.357779,-0.008972,-0.021856,0.431093,2.546737,1.000000,-1.477788,11.757175
2.120000,0.614650,0.148348,0.400005,0.933569,-0.357616,-0.008857,-0.021946,0.431087,2.552683,1.000000,-1.487239,11.810000
2.125000,0.614505,0.149026,0.400014,0.933630,-0.357452,-0.008740,-0.022037,0.431081,2.558667,1.000000,-1.496762,11.863865
2.130000,0.614359,0.149704,0.400024,0.933692,-0.357288,-0.008621,-0.022127,0.431076,2.564689,1.000000,-1.506276,11.918091
2.135000,0.614211,0.150382,0.400032,0.933754,-0.357124,-0.008502,-0.022217,0.431068,2.570748,1.000000,-1.515624,11.971436
2.140000,0.614062,0.151061,0.400041,0.933816,-0.356959,-0.008381,-0.022306,0.431061,2.576845,1.000000,-1.525099,12.026092
2.145000,0.613911,0.151739,0.400049,0.933878,-0.356793,-0.008259,-0.022396,0.431055,2.582980,1.000000,-1.534482,12.080450
2.150000,0.613759,0.152418,0.400057,0.933941,-0.356627,-0.008135,-0.022485,0.431045,2.589152,1.000000,-1.543638,12.133150
2.155000,0.613605,0.153096,0.400065,0.934003,-0.356461,-0.008010,-0.022575,0.431036,2.595361,1.000000,-1.552957,12.187513
2.160000,0.613449,0.153775,0.400072,0.934066,-0.356294,-0.007885,-0.022664,0.431027,2.601607,1.000000,-1.562232,12.241990
2.165000,0.613292,0.154453,0.400079,0.934129,-0.356126,-0.007757,-0.022753,0.431015,2.607889,1.000000,-1.571235,12.294479
2.170000,0.613133,0.155132,0.400086,0.934191,-0.355958,-0.007629,-0.022842,0.431004,2.614207,1.000000,-1.579945,12.346731
2.175000,0.612973,0.155810,0.400092,0.934254,-0.355790,-0.007499,-0.022931,0.430993,2.620559,1.000000,-1.588449,12.398812
2.180000,0.612812,0.156488,0.400098,0.934317,-0.355622,-0.007368,-0.023019,0.430978,2.626943,1.000000,-1.596553,12.448558
2.185000,0.612649,0.157166,0.400104,0.934380,-0.355453,-0.007236,-0.023108,0.430964,2.633361,1.000000,-1.604832,12.500644
2.190000,0.612484,0.157844,0.400109,0.934444,-0.355284,-0.007102,-0.023196,0.430952,2.639811,1.000000,-1.613037,12.553095
2.195000,0.612318,0.158521,0.400114,0.934507,-0.355114,-0.006967,-0.023284,0.430935,2.646293,1.000000,-1.620847,12.602969
2.200000,0.612150,0.159198,0.400119,0.934570,-0.354945,-0.006830,-0.023372,0.430919,2.652808,1.000000,-1.628885,12.655412
2.205000,0.611982,0.159874,0.400123,0.934634,-0.354775,-0.006693,-0.023460,0.430904,2.659353,1.000000,-1.636482,12.706368
2.210000,0.611811,0.160549,0.400127,0.934697,-0.354604,-0.006553,-0.023548,0.430885,2.665927,1.000000,-1.643611,12.754685
2.215000,0.611640,0.161224,0.400131,0.934760,-0.354434,-0.006413,-0.023636,0.430867,2.672530,1.000000,-1.650928,12.805678
2.220000,0.611466,0.161899,0.400134,0.934824,-0.354263,-0.006271,-0.023724,0.430851,2.679162,1.000000,-1.658065,12.856476
2.225000,0.611292,0.162572,0.400137,0.934887,-0.354092,-0.006128,-0.023811,0.430830,2.685821,1.000000,-1.664786,12.904613
2.230000,0.611116,0.163245,0.400140,0.934951,-0.353921,-0.005983,-0.023899,0.430811,2.692508,1.000000,-1.671738,12.955408
2.235000,0.610939,0.163917,0.400142,0.935014,-0.353750,-0.005837,-0.023986,0.430795,2.699223,1.000000,-1.678658,13.006855
2.240000,0.610761,0.164588,0.400144,0.935078,-0.353578,-0.005690,-0.024074,0.430774,2.705964,1.000000,-1.685231,13.055930
2.245000,0.610581,0.165258,0.400146,0.935141,-0.353406,-0.005542,-0.024162,0.430755,2.712733,1.000000,-1.692022,13.107354
2.250000,0.610400,0.165928,0.400147,0.935205,-0.353234,-0.005392,-0.024249,0.430738,2.719528,1.000000,-1.698730,13.158831
2.255000,0.610218,0.166596,0.400148,0.935269,-0.353062,-0.005241,-0.024337,0.430718,2.726350,1.000000,-1.705159,13.208495
2.260000,0.610034,0.167264,0.400149,0.935332,-0.352890,-0.005089,-0.024425,0.430700,2.733197,1.000000,-1.711745,13.259946
2.265000,0.609850,0.167930,0.400149,0.935396,-0.352717,-0.004936,-0.024514,0.430684,2.740071,1.000000,-1.718214,13.311113
2.270000,0.609664,0.168596,0.400150,0.935460,-0.352544,-0.004782,-0.024602,0.430667,2.746969,1.000000,-1.724257,13.360186
2.275000,0.609477,0.169260,0.400149,0.935523,-0.352371,-0.004627,-0.024691,0.430652,2.753892,1.000000,-1.730330,13.410376
2.280000,0.609288,0.169924,0.400149,0.935587,-0.352198,-0.004470,-0.024780,0.430638,2.760839,1.000000,-1.736337,13.460840
2.285000,0.609099,0.170586,0.400148,0.935650,-0.352025,-0.004313,-0.024869,0.430626,2.767809,1.000000,-1.742239,13.511186
2.290000,0.608908,0.171247,0.400147,0.935714,-0.351852,-0.004154,-0.024958,0.430614,2.774803,1.000000,-1.748079,13.561664
2.295000,0.608717,0.171907,0.400145,0.935777,-0.351678,-0.003994,-0.025048,0.430604,2.781820,1.000000,-1.753838,13.612070
2.300000,0.608524,0.172566,0.400143,0.935841,-0.351505,-0.003834,-0.025138,0.430597,2.788861,1.000000,-1.759629,13.663315
2.305000,0.608330,0.173224,0.400141,0.935904,-0.351331,-0.003672,-0.025228,0.430590,2.795922,1.000000,-1.764864,13.711986
2.310000,0.608135,0.173881,0.400139,0.935967,-0.351157,-0.003509,-0.025318,0.430584,2.803005,1.000000,-1.769950,13.760645
2.315000,0.607939,0.174536,0.400137,0.936031,-0.350984,-0.003346,-0.025409,0.430583,2.810108,1.000000,-1.775101,13.811004
2.320000,0.607742,0.175190,0.400134,0.936094,-0.350810,-0.003181,-0.025500,0.430582,2.817230,1.000000,-1.779940,13.859691
2.325000,0.607544,0.175842,0.400131,0.936157,-0.350637,-0.003015,-0.025591,0.430581,2.824372,1.000000,-1.784672,13.908184
2.330000,0.607346,0.176493,0.400127,0.936220,-0.350463,-0.002849,-0.025683,0.430585,2.831533,1.000000,-1.789594,13.959040
2.335000,0.607146,0.177143,0.400123,0.936283,-0.350289,-0.002682,-0.025774,0.430589,2.838713,1.000000,-1.794167,14.007606
2.340000,0.606945,0.177791,0.400120,0.936346,-0.350116,-0.002513,-0.025867,0.430592,2.845910,1.000000,-1.798464,14.055283
2.345000,0.606744,0.178438,0.400115,0.936409,-0.349942,-0.002344,-0.025959,0.430602,2.853126,1.000000,-1.802944,14.105669
2.350000,0.606542,0.179083,0.400111,0.936471,-0.349769,-0.002174,-0.026052,0.430610,2.860357,1.000000,-1.807003,14.153446
2.355000,0.606338,0.179727,0.400106,0.936534,-0.349596,-0.002004,-0.026145,0.430617,2.867605,1.000000,-1.810991,14.201167
2.360000,0.606134,0.180369,0.400102,0.936596,-0.349422,-0.001832,-0.026238,0.430630,2.874870,1.000000,-1.815191,14.251400
2.365000,0.605930,0.181010,0.400097,0.936658,-0.349249,-0.001660,-0.026332,0.430641,2.882150,1.000000,-1.819027,14.299133
2.370000,0.605724,0.181649,0.400091,0.936720,-0.349076,-0.001487,-0.026426,0.430650,2.889445,1.000000,-1.822804,14.346622
2.375000,0.605518,0.182287,0.400086,0.936782,-0.348903,-0.001314,-0.026520,0.430664,2.896757,1.000000,-1.826970,14.397159
2.380000,0.605311,0.182923,0.400080,0.936844,-0.348731,-0.001140,-0.026615,0.430675,2.904085,1.000000,-1.830953,14.445842
2.385000,0.605103,0.183558,0.400074,0.936906,-0.348558,-0.000966,-0.026711,0.430686,2.911428,1.000000,-1.834995,14.494617
2.390000,0.604895,0.184191,0.400068,0.936968,-0.348385,-0.000791,-0.026807,0.430697,2.918789,1.000000,-1.839156,14.544261
2.395000,0.604686,0.184823,0.400061,0.937029,-0.348212,-0.000616,-0.026903,0.430708,2.926165,1.000000,-1.843214,14.592866
2.400000,0.604476,0.185454,0.400055,0.937091,-0.348040,-0.000440,-0.027000,0.430717,2.933558,1.000000,-1.847258,14.641045
2.405000,0.604266,0.186083,0.400048,0.937152,-0.347868,-0.000264,-0.027098,0.430725,2.940967,1.000000,-1.851223,14.688670
2.410000,0.604055,0.186711,0.400041,0.937213,-0.347695,-0.000088,-0.027196,0.430731,2.948391,1.000000,-1.855276,14.736756
2.415000,0.603843,0.187337,0.400034,0.937274,-0.347523,0.000088,-0.027294,0.430737,2.955832,1.000000,-1.859376,14.784968
2.420000,0.603631,0.187963,0.400027,0.937335,-0.347351,0.000264,-0.027393,0.430740,2.963289,1.000000,-1.863336,14.831684
2.425000,0.603418,0.188586,0.400019,0.937395,-0.347180,0.000440,-0.027493,0.430742,2.970762,1.000000,-1.867473,14.879576
2.430000,0.603204,0.189209,0.400011,0.937456,-0.347008,0.000617,-0.027593,0.430744,2.978252,1.000000,-1.871636,14.927453
2.435000,0.602990,0.189831,0.400003,0.937516,-0.346837,0.000793,-0.027694,0.430746,2.985759,1.000000,-1.875802,14.975085
2.440000,0.602776,0.190451,0.399995,0.937576,-0.346666,0.000970,-0.027795,0.430748,2.993282,1.000000,-1.879888,15.022306
2.445000,0.602560,0.191070,0.399987,0.937636,-0.346495,0.001146,-0.027897,0.430746,3.000820,1.000000,-1.883792,15.067629
2.450000,0.602345,0.191688,0.399978,0.937696,-0.346324,0.001322,-0.027999,0.430744,3.008375,1.000000,-1.887948,15.114927
2.455000,0.602128,0.192305,0.399970,0.937755,-0.346154,0.001498,-0.028102,0.430741,3.015947,1.000000,-1.892081,15.161936
2.460000,0.601911,0.192920,0.399961,0.937815,-0.345984,0.001674,-0.028205,0.430720,3.023530,1.000000,-1.895261,15.199505
2.465000,0.601694,0.193535,0.399952,0.937874,-0.345815,0.001850,-0.028309,0.430701,3.031131,1.000000,-1.899598,15.246171
2.470000,0.601476,0.194148,0.399943,0.937933,-0.345645,0.002025,-0.028413,0.430684,3.038750,1.000000,-1.903971,15.293185
2.475000,0.601258,0.194761,0.399933,0.937991,-0.345476,0.002201,-0.028518,0.430669,3.046387,1.000000,-1.908463,15.340985
2.480000,0.601039,0.195373,0.399924,0.938050,-0.345308,0.002375,-0.028624,0.430624,3.054035,1.000000,-1.911476,15.373962
2.485000,0.600820,0.195983,0.399914,0.938108,-0.345139,0.002550,-0.028730,0.430584,3.061702,1.000000,-1.916317,15.421425
2.490000,0.600600,0.196593,0.399904,0.938166,-0.344971,0.002724,-0.028836,0.430548,3.069388,1.000000,-1.921132,15.468906
2.495000,0.600380,0.197203,0.399893,0.938224,-0.344804,0.002897,-0.028943,0.430483,3.077087,1.000000,-1.924315,15.500465
2.500000,0.600159,0.197811,0.399883,0.938282,-0.344636,0.003070,-0.029051,0.430425,3.084806,1.000000,-1.929449,15.547773
2.505000,0.599938,0.198419,0.399872,0.938339,-0.344469,0.003243,-0.029159,0.430372,3.092546,1.000000,-1.934567,15.595507
2.510000,0.599717,0.199026,0.399862,0.938396,-0.344303,0.003414,-0.029268,0.430300,3.100299,1.000000,-1.937892,15.628797
2.515000,0.599495,0.199632,0.399850,0.938453,-0.344136,0.003586,-0.029378,0.430235,3.108071,1.000000,-1.942536,15.674154
2.520000,0.599272,0.200238,0.399839,0.938510,-0.343971,0.003757,-0.029487,0.430176,3.115861,1.000000,-1.947019,15.719797
2.525000,0.599050,0.200843,0.399828,0.938566,-0.343805,0.003927,-0.029597,0.430112,3.123667,1.000000,-1.950797,15.759770
2.530000,0.598827,0.201447,0.399816,0.938622,-0.343641,0.004098,-0.029708,0.430054,3.131490,1.000000,-1.955174,15.805368
2.535000,0.598603,0.202051,0.399805,0.938678,-0.343476,0.004267,-0.029818,0.430002,3.139330,1.000000,-1.959480,15.851294
2.540000,0.598380,0.202653,0.399793,0.938734,-0.343312,0.004437,-0.029929,0.429956,3.147187,1.000000,-1.963726,15.897448
2.545000,0.598156,0.203255,0.399781,0.938789,-0.343149,0.004606,-0.030040,0.429914,3.155060,1.000000,-1.967355,15.941211
2.550000,0.597932,0.203856,0.399768,0.938844,-0.342986,0.004775,-0.030151,0.429876,3.162946,1.000000,-1.970788,15.985105
2.555000,0.597708,0.204456,0.399756,0.938899,-0.342824,0.004943,-0.030262,0.429842,3.170845,1.000000,-1.974042,16.029029
2.560000,0.597483,0.205055,0.399744,0.938954,-0.342662,0.005111,-0.030373,0.429817,3.178759,1.000000,-1.977449,16.075787
2.565000,0.597258,0.205653,0.399731,0.939008,-0.342501,0.005279,-0.030484,0.429794,3.186685,1.000000,-1.980411,16.119772
2.570000,0.597033,0.206249,0.399718,0.939062,-0.342340,0.005446,-0.030594,0.429774,3.194622,1.000000,-1.983309,16.163955
2.575000,0.596808,0.206845,0.399705,0.939116,-0.342180,0.005613,-0.030705,0.429762,3.202571,1.000000,-1.986100,16.209911
2.580000,0.596583,0.207439,0.399692,0.939169,-0.342020,0.005780,-0.030815,0.429751,3.210529,1.000000,-1.988356,16.252821
2.585000,0.596358,0.208033,0.399679,0.939223,-0.341861,0.005946,-0.030925,0.429741,3.218496,1.000000,-1.990471,16.295570
2.590000,0.596132,0.208625,0.399665,0.939276,-0.341703,0.006111,-0.031035,0.429732,3.226470,1.000000,-1.992474,16.338229
2.595000,0.595906,0.209216,0.399651,0.939328,-0.341545,0.006276,-0.031145,0.429728,3.234454,1.000000,-1.994604,16.383058
2.600000,0.595681,0.209805,0.399637,0.939381,-0.341388,0.006441,-0.031254,0.429725,3.242445,1.000000,-1.996400,16.425695
2.605000,0.595455,0.210393,0.399623,0.939433,-0.341231,0.006605,-0.031363,0.429722,3.250443,1.000000,-1.998136,16.468193
2.610000,0.595229,0.210980,0.399609,0.939485,-0.341074,0.006768,-0.031472,0.429732,3.258449,1.000000,-2.000016,16.515492
2.615000,0.595003,0.211565,0.399594,0.939537,-0.340919,0.006931,-0.031580,0.429742,3.266459,1.000000,-2.000882,16.555910
2.620000,0.594777,0.212149,0.399579,0.939588,-0.340764,0.007094,-0.031688,0.429751,3.274471,1.000000,-2.001586,16.595754
2.625000,0.594551,0.212731,0.399564,0.939639,-0.340609,0.007255,-0.031796,0.429787,3.282493,1.000000,-2.003665,16.650633
2.630000,0.594324,0.213312,0.399548,0.939690,-0.340455,0.007416,-0.031903,0.429820,3.290516,1.000000,-2.003898,16.690673
2.635000,0.594098,0.213891,0.399532,0.939741,-0.340302,0.007577,-0.032010,0.429849,3.298540,1.000000,-2.004132,16.730388
2.640000,0.593872,0.214468,0.399515,0.939791,-0.340149,0.007737,-0.032116,0.429915,3.306573,1.000000,-2.006372,16.790912
2.645000,0.593646,0.215043,0.399499,0.939841,-0.339996,0.007896,-0.032222,0.429975,3.314603,1.000000,-2.005504,16.827898
2.650000,0.593421,0.215617,0.399482,0.939891,-0.339845,0.008054,-0.032327,0.430028,3.322630,1.000000,-2.004480,16.864271
2.655000,0.593195,0.216189,0.399464,0.939941,-0.339693,0.008212,-0.032432,0.430108,3.330659,1.000000,-2.004985,16.917567
2.660000,0.592969,0.216758,0.399446,0.939990,-0.339543,0.008369,-0.032536,0.430180,3.338682,1.000000,-2.003444,16.954116
2.665000,0.592744,0.217326,0.399428,0.940040,-0.339393,0.008526,-0.032640,0.430245,3.346698,1.000000,-2.001887,16.990203
2.670000,0.592518,0.217892,0.399408,0.940089,-0.339243,0.008681,-0.032743,0.430302,3.354708,1.000000,-2.000279,17.025688
2.675000,0.592293,0.218456,0.399389,0.940137,-0.339094,0.008835,-0.032845,0.430353,3.362712,1.000000,-1.998715,17.061555
2.680000,0.592068,0.219017,0.399369,0.940186,-0.338945,0.008988,-0.032948,0.430335,3.370694,1.000000,-1.993544,17.060916
2.685000,0.591843,0.219578,0.399348,0.940234,-0.338797,0.009140,-0.033050,0.430318,3.378671,1.000000,-1.992268,17.094688
2.690000,0.591618,0.220136,0.399326,0.940282,-0.338649,0.009291,-0.033152,0.430303,3.386643,1.000000,-1.990749,17.128655
2.695000,0.591393,0.220692,0.399304,0.940330,-0.338502,0.009440,-0.033254,0.430142,3.394575,1.000000,-1.981662,17.082940
2.700000,0.591168,0.221247,0.399280,0.940378,-0.338356,0.009586,-0.033356,0.429997,3.402507,1.000000,-1.981427,17.115278
2.705000,0.590943,0.221801,0.399256,0.940426,-0.338210,0.009731,-0.033459,0.429665,3.410392,1.000000,-1.970693,17.039408
2.710000,0.590717,0.222354,0.399231,0.940473,-0.338064,0.009873,-0.033562,0.429367,3.418283,1.000000,-1.971793,17.069830
2.715000,0.590491,0.222906,0.399205,0.940520,-0.337919,0.010013,-0.033665,0.428913,3.426135,1.000000,-1.962754,16.999746
2.720000,0.590265,0.223457,0.399178,0.940566,-0.337774,0.010150,-0.033769,0.428504,3.433995,1.000000,-1.964409,17.028238
2.725000,0.590038,0.224007,0.399149,0.940613,-0.337630,0.010285,-0.033872,0.428004,3.441831,1.000000,-1.958708,16.986986
2.730000,0.589811,0.224556,0.399120,0.940659,-0.337487,0.010417,-0.033976,0.427470,3.449659,1.000000,-1.956510,16.973521
2.735000,0.589583,0.225104,0.399090,0.940705,-0.337344,0.010547,-0.034078,0.426924,3.457489,1.000000,-1.956525,16.982148
2.740000,0.589354,0.225651,0.399058,0.940751,-0.337203,0.010675,-0.034179,0.426378,3.465325,1.000000,-1.957692,17.007744
2.745000,0.589124,0.226196,0.399026,0.940796,-0.337063,0.010801,-0.034277,0.425865,3.473174,1.000000,-1.960332,17.058855
2.750000,0.588893,0.226737,0.398993,0.940840,-0.336926,0.010926,-0.034372,0.425404,3.481037,1.000000,-1.963140,17.125801
2.755000,0.588662,0.227276,0.398958,0.940884,-0.336790,0.011050,-0.034464,0.425041,3.488921,1.000000,-1.967450,17.224125
2.760000,0.588429,0.227811,0.398923,0.940927,-0.336656,0.011173,-0.034551,0.424856,3.496839,1.000000,-1.974679,17.374625
2.765000,0.588196,0.228341,0.398888,0.940970,-0.336525,0.011297,-0.034634,0.424688,3.504748,1.000000,-1.972471,17.449195
2.770000,0.587963,0.228866,0.398851,0.941012,-0.336395,0.011421,-0.034712,0.424716,3.512688,1.000000,-1.978847,17.624941
2.775000,0.587728,0.229386,0.398814,0.941053,-0.336267,0.011546,-0.034786,0.424741,3.520607,1.000000,-1.973863,17.703098
2.780000,0.587494,0.229901,0.398777,0.941094,-0.336140,0.011672,-0.034856,0.424763,3.528505,1.000000,-1.968641,17.780491
2.785000,0.587258,0.230410,0.398738,0.941135,-0.336015,0.011797,-0.034921,0.424909,3.536410,1.000000,-1.969173,17.929237
2.790000,0.587022,0.230914,0.398699,0.941175,-0.335891,0.011923,-0.034983,0.425040,3.544285,1.000000,-1.961869,18.009949
2.795000,0.586786,0.231411,0.398660,0.941215,-0.335769,0.012049,-0.035042,0.425168,3.552132,1.000000,-1.955053,18.096447
2.800000,0.586549,0.231903,0.398619,0.941255,-0.335648,0.012175,-0.035097,0.425282,3.559950,1.000000,-1.947569,18.177830
2.805000,0.586311,0.232388,0.398578,0.941294,-0.335529,0.012301,-0.035150,0.425386,3.567738,1.000000,-1.940101,18.260989
2.810000,0.586072,0.232868,0.398537,0.941332,-0.335411,0.012426,-0.035200,0.425397,3.575478,1.000000,-1.928692,18.296991
2.815000,0.585832,0.233342,0.398494,0.941370,-0.335294,0.012551,-0.035249,0.425407,3.583190,1.000000,-1.921549,18.377685
2.820000,0.585592,0.233810,0.398451,0.941408,-0.335178,0.012675,-0.035296,0.425416,3.590873,1.000000,-1.913870,18.459719
2.825000,0.585351,0.234273,0.398406,0.941445,-0.335064,0.012798,-0.035341,0.425350,3.598507,1.000000,-1.902326,18.497821
2.830000,0.585108,0.234730,0.398362,0.941482,-0.334951,0.012920,-0.035385,0.425289,3.606113,1.000000,-1.894847,18.579330
2.835000,0.584866,0.235181,0.398316,0.941519,-0.334840,0.013042,-0.035428,0.425235,3.613687,1.000000,-1.886863,18.661339
2.840000,0.584622,0.235626,0.398269,0.941554,-0.334730,0.013163,-0.035470,0.425206,3.621233,1.000000,-1.879346,18.755230
2.845000,0.584377,0.236066,0.398222,0.941590,-0.334621,0.013284,-0.035511,0.425180,3.628742,1.000000,-1.870375,18.837382
2.850000,0.584132,0.236500,0.398174,0.941625,-0.334513,0.013404,-0.035551,0.425157,3.636214,1.000000,-1.860823,18.916786
2.855000,0.583886,0.236927,0.398126,0.941660,-0.334406,0.013524,-0.035590,0.425242,3.643668,1.000000,-1.855523,19.060667
2.860000,0.583640,0.237348,0.398077,0.941694,-0.334301,0.013644,-0.035628,0.425319,3.651075,1.000000,-1.843901,19.141172
2.865000,0.583393,0.237763,0.398027,0.941728,-0.334197,0.013764,-0.035664,0.425388,3.658435,1.000000,-1.832428,19.219631
2.870000,0.583146,0.238172,0.397977,0.941761,-0.334093,0.013884,-0.035700,0.425534,3.665766,1.000000,-1.824574,19.348799
2.875000,0.582898,0.238575,0.397926,0.941795,-0.333991,0.014004,-0.035735,0.425664,3.673046,1.000000,-1.812260,19.428297
2.880000,0.582649,0.238971,0.397875,0.941828,-0.333889,0.014123,-0.035769,0.425782,3.680278,1.000000,-1.800288,19.505042
2.885000,0.582400,0.239362,0.397823,0.941860,-0.333788,0.014242,-0.035804,0.425849,3.687453,1.000000,-1.786771,19.555176
2.890000,0.582150,0.239747,0.397771,0.941893,-0.333688,0.014360,-0.035838,0.425910,3.694584,1.000000,-1.775571,19.629064
2.895000,0.581900,0.240127,0.397717,0.941925,-0.333588,0.014477,-0.035872,0.425964,3.701669,1.000000,-1.764310,19.701483
2.900000,0.581648,0.240501,0.397663,0.941957,-0.333490,0.014593,-0.035907,0.425874,3.708684,1.000000,-1.748035,19.687077
2.905000,0.581396,0.240871,0.397609,0.941988,-0.333392,0.014707,-0.035943,0.425794,3.715665,1.000000,-1.739489,19.757931
2.910000,0.581143,0.241235,0.397553,0.942019,-0.333295,0.014820,-0.035980,0.425721,3.722611,1.000000,-1.730614,19.828273
2.915000,0.580890,0.241596,0.397497,0.942050,-0.333198,0.014932,-0.036017,0.425533,3.729497,1.000000,-1.716543,19.816962
2.920000,0.580635,0.241952,0.397440,0.942081,-0.333102,0.015042,-0.036056,0.425363,3.736353,1.000000,-1.708805,19.882213
2.925000,0.580380,0.242303,0.397382,0.942111,-0.333008,0.015151,-0.036095,0.425211,3.743177,1.000000,-1.700486,19.947183
2.930000,0.580124,0.242651,0.397324,0.942141,-0.332914,0.015258,-0.036135,0.425063,3.749964,1.000000,-1.691498,20.004778
2.935000,0.579867,0.242994,0.397265,0.942171,-0.332821,0.015365,-0.036176,0.424930,3.756718,1.000000,-1.683004,20.069034
2.940000,0.579609,0.243333,0.397205,0.942200,-0.332729,0.015471,-0.036217,0.424810,3.763437,1.000000,-1.674476,20.132524
2.945000,0.579351,0.243667,0.397145,0.942229,-0.332638,0.015577,-0.036258,0.424807,3.770140,1.000000,-1.669552,20.262747
2.950000,0.579093,0.243997,0.397084,0.942257,-0.332547,0.015682,-0.036300,0.424804,3.776799,1.000000,-1.658530,20.322035
2.955000,0.578834,0.244323,0.397023,0.942286,-0.332457,0.015788,-0.036341,0.424802,3.783413,1.000000,-1.647697,20.380162
2.960000,0.578575,0.244643,0.396961,0.942314,-0.332369,0.015893,-0.036382,0.424941,3.790008,1.000000,-1.641626,20.529406
2.965000,0.578316,0.244959,0.396899,0.942341,-0.332280,0.015999,-0.036423,0.425066,3.796550,1.000000,-1.628711,20.588687
2.970000,0.578057,0.245271,0.396837,0.942369,-0.332193,0.016105,-0.036463,0.425178,3.803041,1.000000,-1.616625,20.646621
2.975000,0.577797,0.245577,0.396774,0.942396,-0.332106,0.016211,-0.036503,0.425391,3.809505,1.000000,-1.608651,20.777819
2.980000,0.577537,0.245879,0.396711,0.942423,-0.332019,0.016318,-0.036543,0.425583,3.815914,1.000000,-1.595758,20.836851
2.985000,0.577277,0.246177,0.396648,0.942450,-0.331934,0.016424,-0.036582,0.425756,3.822270,1.000000,-1.582504,20.887616
2.990000,0.577017,0.246470,0.396584,0.942477,-0.331848,0.016531,-0.036621,0.425984,3.828584,1.000000,-1.571488,20.986767
2.995000,0.576757,0.246758,0.396521,0.942503,-0.331764,0.016639,-0.036660,0.426189,3.834840,1.000000,-1.557164,21.038656
3.000000,0.576497,0.247042,0.396457,0.942529,-0.331680,0.016746,-0.036699,0.426373,3.841040,1.000000,-1.543385,21.089776
3.005000,0.576237,0.247321,0.396393,0.942555,-0.331596,0.016854,-0.036738,0.426582,3.847193,1.000000,-1.531304,21.169123
3.010000,0.575977,0.247596,0.396329,0.942581,-0.331514,0.016962,-0.036776,0.426769,3.853291,1.000000,-1.518251,21.220757
3.015000,0.575718,0.247867,0.396265,0.942605,-0.331434,0.017071,-0.036815,0.426938,3.859339,1.000000,-1.506396,21.271724
3.020000,0.575458,0.248134,0.396200,0.942629,-0.331356,0.017179,-0.036855,0.427106,3.865339,1.000000,-1.494084,21.323206
3.025000,0.575199,0.248396,0.396136,0.942652,-0.331282,0.017288,-0.036894,0.427258,3.871287,1.000000,-1.480948,21.364263
3.030000,0.574940,0.248656,0.396072,0.942673,-0.331210,0.017398,-0.036934,0.427394,3.877182,1.000000,-1.467938,21.404947
3.035000,0.574682,0.248911,0.396008,0.942694,-0.331141,0.017508,-0.036975,0.427520,3.883026,1.000000,-1.455224,21.447988
3.040000,0.574425,0.249162,0.395945,0.942714,-0.331074,0.017619,-0.037016,0.427634,3.888819,1.000000,-1.442602,21.488794
3.045000,0.574168,0.249410,0.395881,0.942732,-0.331011,0.017730,-0.037058,0.427736,3.894562,1.000000,-1.430252,21.529541
3.050000,0.573913,0.249655,0.395818,0.942750,-0.330949,0.017842,-0.037100,0.427839,3.900258,1.000000,-1.418439,21.577992
3.055000,0.573658,0.249896,0.395756,0.942767,-0.330891,0.017955,-0.037142,0.427931,3.905900,1.000000,-1.404528,21.608497
3.060000,0.573404,0.250134,0.395694,0.942783,-0.330835,0.018069,-0.037185,0.428034,3.911487,1.000000,-1.390400,21.652296
3.065000,0.573152,0.250367,0.395632,0.942798,-0.330781,0.018185,-0.037228,0.428126,3.917013,1.000000,-1.375109,21.683481
3.070000,0.572901,0.250598,0.395571,0.942811,-0.330730,0.018302,-0.037271,0.428209,3.922478,1.000000,-1.359719,21.714657
3.075000,0.572651,0.250824,0.395511,0.942824,-0.330682,0.018421,-0.037314,0.428303,3.927883,1.000000,-1.344706,21.758956
3.080000,0.572403,0.251047,0.395452,0.942836,-0.330636,0.018541,-0.037357,0.428387,3.933225,1.000000,-1.328976,21.790520
3.085000,0.572156,0.251266,0.395394,0.942848,-0.330592,0.018662,-0.037400,0.428463,3.938499,1.000000,-1.311533,21.811473
3.090000,0.571911,0.251481,0.395337,0.942858,-0.330551,0.018786,-0.037443,0.428549,3.943703,1.000000,-1.293576,21.845157
3.095000,0.571668,0.251693,0.395281,0.942867,-0.330513,0.018911,-0.037486,0.428626,3.948831,1.000000,-1.274391,21.866938
3.100000,0.571427,0.251900,0.395226,0.942875,-0.330477,0.019038,-0.037528,0.428696,3.953882,1.000000,-1.254966,21.888721
3.105000,0.571188,0.252103,0.395172,0.942883,-0.330444,0.019168,-0.037570,0.428775,3.958857,1.000000,-1.235693,21.922325
3.110000,0.570952,0.252302,0.395119,0.942889,-0.330414,0.019299,-0.037612,0.428847,3.963751,1.000000,-1.215750,21.944486
3.115000,0.570717,0.252496,0.395068,0.942894,-0.330386,0.019431,-0.037653,0.428911,3.968566,1.000000,-1.195932,21.966763
3.120000,0.570485,0.252687,0.395017,0.942899,-0.330361,0.019565,-0.037694,0.428987,3.973298,1.000000,-1.174271,21.988905
3.125000,0.570255,0.252873,0.394969,0.942902,-0.330339,0.019702,-0.037735,0.429056,3.977938,1.000000,-1.150856,21.999424
3.130000,0.570027,0.253054,0.394921,0.942904,-0.330319,0.019840,-0.037774,0.429117,3.982482,1.000000,-1.126796,22.010018
3.135000,0.569802,0.253231,0.394875,0.942906,-0.330303,0.019980,-0.037813,0.429194,3.986931,1.000000,-1.102582,22.035353
3.140000,0.569580,0.253402,0.394831,0.942906,-0.330290,0.020122,-0.037850,0.429263,3.991279,1.000000,-1.077442,22.046397
3.145000,0.569360,0.253569,0.394788,0.942905,-0.330279,0.020265,-0.037887,0.429325,3.995527,1.000000,-1.052305,22.057514
3.150000,0.569144,0.253730,0.394746,0.942903,-0.330272,0.020410,-0.037923,0.429407,3.999677,1.000000,-1.027453,22.087118
3.155000,0.568930,0.253887,0.394706,0.942900,-0.330268,0.020557,-0.037958,0.429481,4.003719,1.000000,-1.000115,22.088315
3.160000,0.568719,0.254038,0.394667,0.942895,-0.330268,0.020705,-0.037992,0.429548,4.007650,1.000000,-0.971988,22.089984
3.165000,0.568512,0.254184,0.394630,0.942890,-0.330270,0.020855,-0.038025,0.429640,4.011469,1.000000,-0.943576,22.114171
3.170000,0.568307,0.254324,0.394595,0.942883,-0.330277,0.021006,-0.038057,0.429723,4.015170,1.000000,-0.913998,22.116426
3.175000,0.568106,0.254458,0.394560,0.942875,-0.330286,0.021159,-0.038087,0.429798,4.018753,1.000000,-0.884490,22.118673
3.180000,0.567909,0.254587,0.394528,0.942865,-0.330300,0.021313,-0.038117,0.429901,4.022220,1.000000,-0.855215,22.146150
3.185000,0.567714,0.254709,0.394496,0.942855,-0.330317,0.021467,-0.038145,0.429994,4.025566,1.000000,-0.825188,22.149038
3.190000,0.567524,0.254826,0.394467,0.942843,-0.330337,0.021623,-0.038172,0.430078,4.028790,1.000000,-0.794240,22.144090
3.195000,0.567337,0.254937,0.394438,0.942830,-0.330361,0.021780,-0.038199,0.430189,4.031891,1.000000,-0.762806,22.164678
3.200000,0.567154,0.255042,0.394411,0.942816,-0.330389,0.021938,-0.038223,0.430289,4.034861,1.000000,-0.730330,22.160728
3.205000,0.566974,0.255141,0.394386,0.942800,-0.330420,0.022097,-0.038247,0.430379,4.037702,1.000000,-0.698006,22.156815
3.210000,0.566799,0.255233,0.394362,0.942783,-0.330455,0.022256,-0.038270,0.430492,4.040417,1.000000,-0.666104,22.174813
3.215000,0.566628,0.255320,0.394339,0.942764,-0.330494,0.022416,-0.038292,0.430593,4.043001,1.000000,-0.634013,22.171562
3.220000,0.566460,0.255400,0.394318,0.942745,-0.330536,0.022576,-0.038314,0.430684,4.045459,1.000000,-0.602454,22.168418
3.225000,0.566297,0.255475,0.394298,0.942724,-0.330582,0.022737,-0.038335,0.430789,4.047790,1.000000,-0.570499,22.173788
3.230000,0.566138,0.255543,0.394279,0.942702,-0.330631,0.022898,-0.038356,0.430883,4.049991,1.000000,-0.537849,22.164216
3.235000,0.565984,0.255605,0.394262,0.942679,-0.330684,0.023059,-0.038376,0.430968,4.052061,1.000000,-0.505110,22.154859
3.240000,0.565834,0.255661,0.394246,0.942654,-0.330741,0.023220,-0.038396,0.431056,4.054001,1.000000,-0.472367,22.154128
3.245000,0.565688,0.255711,0.394231,0.942628,-0.330801,0.023381,-0.038416,0.431136,4.055809,1.000000,-0.439520,22.145322
3.250000,0.565547,0.255755,0.394217,0.942601,-0.330864,0.023542,-0.038436,0.431208,4.057486,1.000000,-0.406866,22.136862
3.255000,0.565411,0.255792,0.394204,0.942573,-0.330931,0.023703,-0.038456,0.431275,4.059031,1.000000,-0.373583,22.122584
3.260000,0.565279,0.255824,0.394192,0.942543,-0.331002,0.023864,-0.038475,0.431336,4.060442,1.000000,-0.339863,22.106942
3.265000,0.565153,0.255848,0.394182,0.942512,-0.331077,0.024024,-0.038494,0.431390,4.061718,1.000000,-0.305954,22.091740
3.270000,0.565031,0.255866,0.394172,0.942480,-0.331155,0.024184,-0.038512,0.431436,4.062858,1.000000,-0.272033,22.074234
3.275000,0.564913,0.255878,0.394163,0.942446,-0.331237,0.024344,-0.038530,0.431477,4.063863,1.000000,-0.238232,22.059493
3.280000,0.564801,0.255883,0.394155,0.942411,-0.331323,0.024504,-0.038548,0.431514,4.064733,1.000000,-0.204600,22.045371
3.285000,0.564694,0.255882,0.394149,0.942375,-0.331412,0.024662,-0.038565,0.431541,4.065469,1.000000,-0.171288,22.026787
3.290000,0.564591,0.255875,0.394142,0.942337,-0.331506,0.024820,-0.038582,0.431565,4.066072,1.000000,-0.137657,22.005986
3.295000,0.564494,0.255860,0.394137,0.942298,-0.331603,0.024978,-0.038599,0.431586,4.066539,1.000000,-0.103748,21.986090
3.300000,0.564401,0.255840,0.394133,0.942258,-0.331703,0.025134,-0.038615,0.431599,4.066871,1.000000,-0.069852,21.961893
3.305000,0.564314,0.255812,0.394129,0.942216,-0.331808,0.025290,-0.038631,0.431611,4.067068,1.000000,-0.036068,21.942402
3.310000,0.564232,0.255778,0.394126,0.942173,-0.331917,0.025445,-0.038646,0.431621,4.067130,1.000000,-0.002470,21.923507
3.315000,0.564155,0.255738,0.394124,0.942129,-0.332029,0.025599,-0.038661,0.431626,4.067040,1.000000,0.030770,21.901802
3.320000,0.564082,0.255691,0.394123,0.942083,-0.332145,0.025753,-0.038675,0.431631,4.066786,1.000000,0.063641,21.883425
3.325000,0.564015,0.255637,0.394122,0.942036,-0.332265,0.025905,-0.038689,0.431635,4.066368,1.000000,0.096512,21.861124
3.330000,0.563953,0.255577,0.394122,0.941988,-0.332388,0.026056,-0.038703,0.431638,4.065785,1.000000,0.129328,21.838467
3.335000,0.563896,0.255510,0.394123,0.941938,-0.332516,0.026205,-0.038715,0.431640,4.065040,1.000000,0.161962,21.816927
3.340000,0.563845,0.255437,0.394124,0.941887,-0.332647,0.026354,-0.038728,0.431642,4.064131,1.000000,0.194322,21.796393
3.345000,0.563798,0.255358,0.394126,0.941835,-0.332782,0.026502,-0.038740,0.431647,4.063063,1.000000,0.226359,21.777916
3.350000,0.563756,0.255271,0.394129,0.941782,-0.332920,0.026648,-0.038751,0.431651,4.061835,1.000000,0.257924,21.757930
3.355000,0.563719,0.255179,0.394132,0.941727,-0.333062,0.026792,-0.038762,0.431655,4.060452,1.000000,0.288987,21.738762
3.360000,0.563687,0.255080,0.394136,0.941671,-0.333208,0.026935,-0.038772,0.431664,4.058913,1.000000,0.319888,21.719421
3.365000,0.563660,0.254975,0.394140,0.941613,-0.333357,0.027077,-0.038782,0.431672,4.057222,1.000000,0.350492,21.697025
3.370000,0.563638,0.254864,0.394146,0.941555,-0.333510,0.027217,-0.038791,0.431679,4.055378,1.000000,0.380741,21.675512
3.375000,0.563621,0.254747,0.394152,0.941495,-0.333667,0.027355,-0.038800,0.431687,4.053385,1.000000,0.410577,21.655310
3.380000,0.563609,0.254623,0.394158,0.941434,-0.333826,0.027492,-0.038808,0.431694,4.051244,1.000000,0.439874,21.634356
3.385000,0.563601,0.254493,0.394166,0.941372,-0.333990,0.027627,-0.038816,0.431701,4.048959,1.000000,0.468301,21.614499
3.390000,0.563598,0.254358,0.394173,0.941309,-0.334156,0.027760,-0.038824,0.431688,4.046546,1.000000,0.491547,21.582326
3.395000,0.563598,0.254218,0.394181,0.941244,-0.334325,0.027890,-0.038834,0.431677,4.044030,1.000000,0.511025,21.559995
3.400000,0.563601,0.254074,0.394188,0.941179,-0.334496,0.028019,-0.038847,0.431667,4.041423,1.000000,0.528089,21.538757
3.405000,0.563607,0.253926,0.394195,0.941113,-0.334671,0.028145,-0.038862,0.431591,4.038741,1.000000,0.543188,21.472300
3.410000,0.563616,0.253774,0.394202,0.941045,-0.334847,0.028269,-0.038880,0.431522,4.035976,1.000000,0.559853,21.451074
3.415000,0.563628,0.253618,0.394209,0.940977,-0.335026,0.028391,-0.038901,0.431460,4.033126,1.000000,0.577059,21.431492
3.420000,0.563642,0.253458,0.394216,0.940908,-0.335208,0.028511,-0.038923,0.431252,4.030208,1.000000,0.589665,21.309893
3.425000,0.563658,0.253294,0.394223,0.940838,-0.335392,0.028629,-0.038948,0.431065,4.027215,1.000000,0.605165,21.288903
3.430000,0.563677,0.253127,0.394230,0.940767,-0.335579,0.028746,-0.038973,0.430897,4.024142,1.000000,0.621234,21.270013
3.435000,0.563698,0.252955,0.394238,0.940694,-0.335768,0.028861,-0.039000,0.430988,4.020955,1.000000,0.645717,21.413731
3.440000,0.563722,0.252778,0.394246,0.940621,-0.335960,0.028976,-0.039028,0.431070,4.017668,1.000000,0.665629,21.397094
3.445000,0.563748,0.252597,0.394256,0.940546,-0.336156,0.029090,-0.039057,0.431143,4.014283,1.000000,0.684839,21.379512
3.450000,0.563777,0.252412,0.394266,0.940471,-0.336354,0.029204,-0.039087,0.431218,4.010803,1.000000,0.703758,21.367972
3.455000,0.563808,0.252222,0.394278,0.940394,-0.336555,0.029316,-0.039117,0.431286,4.007231,1.000000,0.721936,21.350825
3.460000,0.563842,0.252028,0.394290,0.940316,-0.336759,0.029428,-0.039148,0.431346,4.003569,1.000000,0.739627,21.334243
3.465000,0.563877,0.251829,0.394304,0.940237,-0.336966,0.029539,-0.039179,0.431407,3.999819,1.000000,0.757025,21.321989
3.470000,0.563914,0.251627,0.394319,0.940158,-0.337175,0.029648,-0.039212,0.431462,3.995985,1.000000,0.773751,21.305825
3.475000,0.563954,0.251421,0.394335,0.940077,-0.337386,0.029757,-0.039244,0.431512,3.992069,1.000000,0.789983,21.290696
3.480000,0.563995,0.251211,0.394353,0.939996,-0.337600,0.029864,-0.039278,0.431560,3.988073,1.000000,0.805823,21.278378
3.485000,0.564038,0.250998,0.394372,0.939913,-0.337816,0.029970,-0.039312,0.431604,3.983999,1.000000,0.821013,21.263602
3.490000,0.564082,0.250781,0.394393,0.939830,-0.338034,0.030075,-0.039346,0.431643,3.979851,1.000000,0.835687,21.249628
3.495000,0.564128,0.250561,0.394416,0.939746,-0.338254,0.030178,-0.039381,0.431681,3.975631,1.000000,0.849929,21.236951
3.500000,0.564175,0.250337,0.394441,0.939661,-0.338476,0.030281,-0.039417,0.431715,3.971342,1.000000,0.863577,21.222717
3.505000,0.564224,0.250111,0.394467,0.939576,-0.338700,0.030382,-0.039453,0.431746,3.966986,1.000000,0.876746,21.209455
3.510000,0.564274,0.249882,0.394496,0.939490,-0.338926,0.030482,-0.039490,0.431776,3.962565,1.000000,0.889491,21.198100
3.515000,0.564325,0.249649,0.394527,0.939403,-0.339153,0.030581,-0.039527,0.431803,3.958083,1.000000,0.901626,21.185105
3.520000,0.564377,0.249414,0.394560,0.939316,-0.339381,0.030679,-0.039565,0.431828,3.953541,1.000000,0.913270,21.172883
3.525000,0.564430,0.249177,0.394596,0.939228,-0.339611,0.030775,-0.039604,0.431854,3.948942,1.000000,0.924531,21.163061
3.530000,0.564484,0.248937,0.394634,0.939139,-0.339842,0.030870,-0.039643,0.431877,3.944289,1.000000,0.935174,21.150122
3.535000,0.564539,0.248694,0.394674,0.939050,-0.340075,0.030964,-0.039683,0.431897,3.939584,1.000000,0.945389,21.137961
3.540000,0.564594,0.248449,0.394717,0.938961,-0.340308,0.031057,-0.039724,0.431920,3.934828,1.000000,0.955323,21.128818
3.545000,0.564650,0.248203,0.394763,0.938871,-0.340543,0.031148,-0.039765,0.431941,3.930025,1.000000,0.964663,21.116956
3.550000,0.564707,0.247954,0.394812,0.938781,-0.340779,0.031239,-0.039807,0.431959,3.925177,1.000000,0.973561,21.105634
3.555000,0.564764,0.247703,0.394863,0.938690,-0.341016,0.031328,-0.039850,0.431981,3.920284,1.000000,0.982201,21.097512
3.560000,0.564821,0.247450,0.394917,0.938599,-0.341253,0.031415,-0.039894,0.432000,3.915351,1.000000,0.990249,21.086523
3.565000,0.564879,0.247195,0.394974,0.938507,-0.341492,0.031502,-0.039938,0.432017,3.910378,1.000000,0.997843,21.074300
3.570000,0.564936,0.246939,0.395034,0.938416,-0.341731,0.031587,-0.039983,0.432037,3.905368,1.000000,1.005240,21.064894
3.575000,0.564994,0.246681,0.395096,0.938323,-0.341971,0.031670,-0.040029,0.432054,3.900323,1.000000,1.012220,21.053060
3.580000,0.565052,0.246422,0.395162,0.938231,-0.342211,0.031753,-0.040076,0.432070,3.895243,1.000000,1.019342,21.041450
3.585000,0.565110,0.246160,0.395231,0.938138,-0.342453,0.031836,-0.040124,0.432086,3.890126,1.000000,1.026545,21.031651
3.590000,0.565169,0.245898,0.395304,0.938044,-0.342695,0.031920,-0.040173,0.432101,3.884975,1.000000,1.033393,21.020316
3.595000,0.565228,0.245633,0.395379,0.937951,-0.342938,0.032004,-0.040224,0.432115,3.879791,1.000000,1.039898,21.006100
3.600000,0.565288,0.245368,0.395458,0.937857,-0.343181,0.032090,-0.040275,0.432130,3.874574,1.000000,1.046304,20.994326
3.605000,0.565349,0.245100,0.395539,0.937762,-0.343425,0.032176,-0.040328,0.432144,3.869327,1.000000,1.052302,20.980644
3.610000,0.565410,0.244832,0.395624,0.937667,-0.343669,0.032264,-0.040383,0.432156,3.864050,1.000000,1.057972,20.967237
3.615000,0.565471,0.244561,0.395711,0.937572,-0.343915,0.032352,-0.040438,0.432167,3.858747,1.000000,1.063344,20.954112
3.620000,0.565532,0.244290,0.395802,0.937476,-0.344161,0.032441,-0.040496,0.432181,3.853415,1.000000,1.069241,20.943528
3.625000,0.565594,0.244017,0.395895,0.937380,-0.344408,0.032532,-0.040554,0.432193,3.848052,1.000000,1.075532,20.930640
3.630000,0.565656,0.243741,0.395991,0.937282,-0.344656,0.032625,-0.040612,0.432204,3.842655,1.000000,1.082712,20.914274
3.635000,0.565717,0.243464,0.396089,0.937185,-0.344906,0.032720,-0.040671,0.432218,3.837219,1.000000,1.091106,20.901047
3.640000,0.565778,0.243185,0.396189,0.937086,-0.345158,0.032817,-0.040728,0.432232,3.831740,1.000000,1.099964,20.885068
3.645000,0.565838,0.242903,0.396292,0.936986,-0.345413,0.032916,-0.040784,0.432243,3.826216,1.000000,1.108953,20.869307
3.650000,0.565897,0.242619,0.396397,0.936886,-0.345670,0.033016,-0.040838,0.432259,3.820646,1.000000,1.118031,20.856877
3.655000,0.565955,0.242332,0.396503,0.936784,-0.345929,0.033118,-0.040891,0.432273,3.815033,1.000000,1.126563,20.841325
3.660000,0.566012,0.242043,0.396611,0.936682,-0.346190,0.033221,-0.040942,0.432285,3.809378,1.000000,1.134604,20.825988
3.665000,0.566067,0.241751,0.396721,0.936578,-0.346454,0.033325,-0.040992,0.432302,3.803685,1.000000,1.142167,20.812506
3.670000,0.566120,0.241458,0.396832,0.936474,-0.346721,0.033428,-0.041039,0.432316,3.797957,1.000000,1.148702,20.796010
3.675000,0.566170,0.241162,0.396944,0.936368,-0.346990,0.033529,-0.041084,0.432329,3.792198,1.000000,1.154634,20.779773
3.680000,0.566217,0.240864,0.397058,0.936262,-0.347262,0.033628,-0.041127,0.432345,3.786410,1.000000,1.160328,20.766309
3.685000,0.566260,0.240565,0.397172,0.936155,-0.347537,0.033724,-0.041167,0.432360,3.780595,1.000000,1.165455,20.750177
3.690000,0.566299,0.240264,0.397287,0.936047,-0.347814,0.033817,-0.041205,0.432373,3.774756,1.000000,1.170175,20.734008
3.695000,0.566334,0.239961,0.397403,0.935938,-0.348094,0.033907,-0.041240,0.432388,3.768894,1.000000,1.174699,20.719920
3.700000,0.566365,0.239657,0.397519,0.935828,-0.348376,0.033993,-0.041273,0.432401,3.763010,1.000000,1.178953,20.702949
3.705000,0.566391,0.239351,0.397637,0.935718,-0.348662,0.034075,-0.041304,0.432413,3.757106,1.000000,1.183034,20.686400
3.710000,0.566413,0.239043,0.397756,0.935606,-0.348950,0.034153,-0.041331,0.432426,3.751181,1.000000,1.186995,20.671307
3.715000,0.566429,0.238734,0.397875,0.935494,-0.349241,0.034227,-0.041356,0.432438,3.745237,1.000000,1.190583,20.654854
3.720000,0.566441,0.238423,0.397996,0.935381,-0.349535,0.034297,-0.041378,0.432448,3.739277,1.000000,1.193829,20.638326
3.725000,0.566447,0.238111,0.398117,0.935267,-0.349831,0.034363,-0.041397,0.432459,3.733301,1.000000,1.196808,20.622754
3.730000,0.566449,0.237797,0.398239,0.935152,-0.350131,0.034425,-0.041413,0.432469,3.727312,1.000000,1.199375,20.606259
3.735000,0.566445,0.237483,0.398362,0.935036,-0.350433,0.034482,-0.041427,0.432478,3.721310,1.000000,1.201790,20.587837
3.740000,0.566435,0.237167,0.398486,0.934919,-0.350738,0.034536,-0.041438,0.432487,3.715297,1.000000,1.204194,20.570281
3.745000,0.566420,0.236849,0.398610,0.934801,-0.351046,0.034584,-0.041446,0.432495,3.709272,1.000000,1.206379,20.551998
3.750000,0.566399,0.236531,0.398735,0.934683,-0.351356,0.034629,-0.041451,0.432503,3.703237,1.000000,1.208327,20.533782
3.755000,0.566372,0.236211,0.398862,0.934563,-0.351670,0.034668,-0.041454,0.432510,3.697192,1.000000,1.210070,20.516367
3.760000,0.566339,0.235890,0.398988,0.934442,-0.351987,0.034704,-0.041453,0.432517,3.691140,1.000000,1.211470,20.498231
3.765000,0.566301,0.235568,0.399116,0.934321,-0.352306,0.034734,-0.041450,0.432524,3.685082,1.000000,1.212655,20.478348
3.770000,0.566256,0.235245,0.399244,0.934199,-0.352628,0.034761,-0.041443,0.432529,3.679019,1.000000,1.213766,20.458562
3.775000,0.566205,0.234921,0.399373,0.934075,-0.352954,0.034782,-0.041434,0.432536,3.672950,1.000000,1.214784,20.439587
3.780000,0.566147,0.234596,0.399502,0.933951,-0.353282,0.034799,-0.041422,0.432541,3.666877,1.000000,1.215524,20.419757
3.785000,0.566084,0.234270,0.399632,0.933826,-0.353614,0.034812,-0.041407,0.432547,3.660801,1.000000,1.215980,20.399786
3.790000,0.566013,0.233942,0.399763,0.933700,-0.353949,0.034820,-0.041389,0.432553,3.654723,1.000000,1.216234,20.380739
3.795000,0.565937,0.233614,0.399894,0.933572,-0.354286,0.034823,-0.041368,0.432558,3.648645,1.000000,1.216143,20.360827
3.800000,0.565854,0.233285,0.400026,0.933444,-0.354626,0.034823,-0.041345,0.432563,3.642569,1.000000,1.215766,20.339927
3.805000,0.565765,0.232955,0.400158,0.933315,-0.354970,0.034817,-0.041319,0.432569,3.636495,1.000000,1.215364,20.320075
3.810000,0.565669,0.232624,0.400291,0.933185,-0.355316,0.034808,-0.041290,0.432574,3.630424,1.000000,1.214718,20.299257
3.815000,0.565567,0.232292,0.400425,0.933054,-0.355666,0.034794,-0.041258,0.432579,3.624356,1.000000,1.213851,20.278399
3.820000,0.565458,0.231960,0.400558,0.932921,-0.356018,0.034776,-0.041224,0.432585,3.618293,1.000000,1.212949,20.258638
3.825000,0.565343,0.231626,0.400693,0.932788,-0.356373,0.034753,-0.041188,0.432591,3.612235,1.000000,1.211866,20.237819
3.830000,0.565221,0.231292,0.400828,0.932654,-0.356732,0.034727,-0.041148,0.432596,3.606184,1.000000,1.210639,20.216875
3.835000,0.565093,0.230957,0.400963,0.932519,-0.357093,0.034698,-0.041107,0.432602,3.600139,1.000000,1.209241,20.196749
3.840000,0.564958,0.230621,0.401099,0.932382,-0.357458,0.034665,-0.041062,0.432608,3.594101,1.000000,1.207642,20.175511
3.845000,0.564817,0.230284,0.401235,0.932244,-0.357825,0.034628,-0.041015,0.432613,3.588073,1.000000,1.205848,20.154198
3.850000,0.564669,0.229947,0.401371,0.932106,-0.358196,0.034588,-0.040965,0.432619,3.582053,1.000000,1.203951,20.134195
3.855000,0.564514,0.229609,0.401508,0.931966,-0.358569,0.034545,-0.040913,0.432625,3.576045,1.000000,1.201728,20.112919
3.860000,0.564353,0.229270,0.401645,0.931825,-0.358946,0.034499,-0.040858,0.432631,3.570048,1.000000,1.199226,20.091486
3.865000,0.564185,0.228931,0.401783,0.931683,-0.359326,0.034451,-0.040801,0.432638,3.564064,1.000000,1.196583,20.071493
3.870000,0.564012,0.228591,0.401920,0.931540,-0.359708,0.034400,-0.040741,0.432644,3.558095,1.000000,1.193525,20.048682
3.875000,0.563831,0.228250,0.402057,0.931396,-0.360094,0.034346,-0.040679,0.432650,3.552142,1.000000,1.190349,20.025777
3.880000,0.563644,0.227909,0.402195,0.931250,-0.360483,0.034290,-0.040614,0.432658,3.546205,1.000000,1.187161,20.004546
3.885000,0.563451,0.227567,0.402333,0.931104,-0.360874,0.034232,-0.040547,0.432665,3.540283,1.000000,1.184720,19.981606
3.890000,0.563252,0.227224,0.402471,0.930956,-0.361269,0.034173,-0.040476,0.432672,3.534367,1.000000,1.184033,19.958561
3.895000,0.563048,0.226880,0.402609,0.930807,-0.361667,0.034111,-0.040403,0.432678,3.528451,1.000000,1.184429,19.935366
3.900000,0.562839,0.226535,0.402748,0.930656,-0.362068,0.034049,-0.040325,0.432686,3.522530,1.000000,1.185381,19.914219
3.905000,0.562625,0.226188,0.402888,0.930505,-0.362471,0.033986,-0.040245,0.432694,3.516606,1.000000,1.186102,19.889393
3.910000,0.562408,0.225840,0.403028,0.930353,-0.362877,0.033923,-0.040161,0.432701,3.510679,1.000000,1.186820,19.864404
3.915000,0.562186,0.225492,0.403169,0.930200,-0.363285,0.033859,-0.040074,0.432711,3.504747,1.000000,1.187606,19.841802
3.920000,0.561960,0.225142,0.403311,0.930046,-0.363695,0.033794,-0.039983,0.432720,3.498814,1.000000,1.187651,19.816873
3.925000,0.561731,0.224791,0.403454,0.929891,-0.364108,0.033729,-0.039890,0.432728,3.492883,1.000000,1.186905,19.791867
3.930000,0.561498,0.224440,0.403596,0.929735,-0.364522,0.033664,-0.039794,0.432740,3.486956,1.000000,1.185709,19.769547
3.935000,0.561262,0.224087,0.403739,0.929578,-0.364938,0.033599,-0.039696,0.432750,3.481040,1.000000,1.183804,19.743579
3.940000,0.561022,0.223735,0.403883,0.929421,-0.365354,0.033534,-0.039595,0.432760,3.475130,1.000000,1.182804,19.717138
3.945000,0.560778,0.223381,0.404026,0.929265,-0.365768,0.033469,-0.039491,0.432773,3.469221,1.000000,1.183269,19.693632
3.950000,0.560530,0.223027,0.404169,0.929110,-0.366179,0.033403,-0.039385,0.432785,3.463307,1.000000,1.184680,19.667292
3.955000,0.560279,0.222671,0.404312,0.928957,-0.366586,0.033339,-0.039276,0.432795,3.457383,1.000000,1.187065,19.640754
3.960000,0.560024,0.222314,0.404455,0.928805,-0.366989,0.033274,-0.039164,0.432809,3.451443,1.000000,1.190490,19.616734
3.965000,0.559765,0.221956,0.404598,0.928654,-0.367387,0.033210,-0.039048,0.432821,3.445485,1.000000,1.194425,19.590299
3.970000,0.559502,0.221596,0.404740,0.928506,-0.367781,0.033147,-0.038930,0.432832,3.439507,1.000000,1.198807,19.561919
3.975000,0.559235,0.221234,0.404882,0.928359,-0.368169,0.033084,-0.038808,0.432845,3.433504,1.000000,1.203944,19.535549
3.980000,0.558964,0.220870,0.405023,0.928214,-0.368553,0.033023,-0.038684,0.432857,3.427475,1.000000,1.209386,19.507295
3.985000,0.558689,0.220504,0.405165,0.928071,-0.368933,0.032962,-0.038556,0.432868,3.421418,1.000000,1.215115,19.478694
3.990000,0.558409,0.220135,0.405306,0.927930,-0.369307,0.032903,-0.038426,0.432880,3.415331,1.000000,1.221236,19.451873
3.995000,0.558126,0.219764,0.405446,0.927790,-0.369676,0.032845,-0.038293,0.432892,3.409214,1.000000,1.227398,19.423293
4.000000,0.557838,0.219391,0.405586,0.927652,-0.370041,0.032788,-0.038158,0.432902,3.403065,1.000000,1.233661,19.394521
4.005000,0.557547,0.219015,0.405725,0.927516,-0.370401,0.032733,-0.038021,0.432914,3.396885,1.000000,1.240122,19.365559
4.010000,0.557251,0.218636,0.405864,0.927381,-0.370757,0.032679,-0.037881,0.432924,3.390672,1.000000,1.246662,19.335116
4.015000,0.556951,0.218255,0.406003,0.927249,-0.371108,0.032627,-0.037740,0.432934,3.384427,1.000000,1.253236,19.304238
4.020000,0.556647,0.217870,0.406141,0.927117,-0.371455,0.032577,-0.037597,0.432945,3.378149,1.000000,1.259927,19.274511
4.025000,0.556338,0.217483,0.406278,0.926988,-0.371797,0.032529,-0.037452,0.432955,3.371837,1.000000,1.266485,19.243472
4.030000,0.556026,0.217093,0.406415,0.926860,-0.372134,0.032482,-0.037306,0.432963,3.365493,1.000000,1.272966,19.212293
4.035000,0.555709,0.216700,0.406552,0.926733,-0.372468,0.032438,-0.037159,0.432971,3.359117,1.000000,1.279340,19.181011
4.040000,0.555389,0.216304,0.406688,0.926608,-0.372797,0.032396,-0.037011,0.432980,3.352710,1.000000,1.285661,19.149303
4.045000,0.555064,0.215905,0.406823,0.926485,-0.373122,0.032357,-0.036862,0.432988,3.346272,1.000000,1.291868,19.116313
4.050000,0.554735,0.215502,0.406958,0.926363,-0.373443,0.032319,-0.036712,0.432996,3.339803,1.000000,1.297941,19.082994
4.055000,0.554402,0.215097,0.407092,0.926242,-0.373760,0.032285,-0.036561,0.433004,3.333304,1.000000,1.303947,19.050579
4.060000,0.554065,0.214689,0.407226,0.926123,-0.374073,0.032253,-0.036410,0.433011,3.326776,1.000000,1.309719,19.017244
4.065000,0.553725,0.214278,0.407359,0.926005,-0.374382,0.032223,-0.036259,0.433017,3.320219,1.000000,1.315287,18.983736
4.070000,0.553380,0.213863,0.407492,0.925888,-0.374687,0.032196,-0.036107,0.433024,3.313635,1.000000,1.320688,18.950949
4.075000,0.553031,0.213446,0.407624,0.925773,-0.374988,0.032172,-0.035955,0.433031,3.307026,1.000000,1.325778,18.915046
4.080000,0.552679,0.213026,0.407755,0.925659,-0.375286,0.032151,-0.035804,0.433036,3.300392,1.000000,1.330807,18.878886
4.085000,0.552322,0.212602,0.407886,0.925546,-0.375580,0.032134,-0.035652,0.433042,3.293733,1.000000,1.335758,18.843384
4.090000,0.551962,0.212176,0.408016,0.925435,-0.375871,0.032119,-0.035501,0.433048,3.287050,1.000000,1.340471,18.807236
4.095000,0.551598,0.211746,0.408146,0.925324,-0.376158,0.032107,-0.035350,0.433053,3.280344,1.000000,1.344932,18.770757
4.100000,0.551231,0.211314,0.408275,0.925215,-0.376442,0.032099,-0.035199,0.433058,3.273616,1.000000,1.349191,18.734951
4.105000,0.550860,0.210878,0.408404,0.925106,-0.376722,0.032094,-0.035048,0.433063,3.266869,1.000000,1.353272,18.694797
4.110000,0.550485,0.210439,0.408532,0.924999,-0.376999,0.032092,-0.034898,0.433068,3.260101,1.000000,1.357370,18.654429
4.115000,0.550107,0.209998,0.408660,0.924893,-0.377274,0.032095,-0.034749,0.433073,3.253312,1.000000,1.361447,18.614813
4.120000,0.549726,0.209553,0.408787,0.924788,-0.377545,0.032101,-0.034600,0.433078,3.246504,1.000000,1.365309,18.574527
4.125000,0.549341,0.209105,0.408914,0.924683,-0.377813,0.032111,-0.034452,0.433082,3.239677,1.000000,1.368930,18.533842
4.130000,0.548954,0.208654,0.409040,0.924580,-0.378078,0.032125,-0.034305,0.433087,3.232833,1.000000,1.372383,18.494025
4.135000,0.548563,0.208201,0.409166,0.924477,-0.378341,0.032143,-0.034159,0.433092,3.225973,1.000000,1.375504,18.453440
4.140000,0.548169,0.207744,0.409292,0.924376,-0.378600,0.032166,-0.034013,0.433096,3.219098,1.000000,1.378442,18.409269
4.145000,0.547772,0.207285,0.409417,0.924275,-0.378857,0.032192,-0.033869,0.433102,3.212208,1.000000,1.381458,18.366229
4.150000,0.547372,0.206822,0.409541,0.924175,-0.379111,0.032222,-0.033726,0.433107,3.205304,1.000000,1.384283,18.322269
4.155000,0.546969,0.206357,0.409665,0.924076,-0.379362,0.032257,-0.033583,0.433111,3.198387,1.000000,1.386908,18.277972
4.160000,0.546564,0.205888,0.409789,0.923977,-0.379611,0.032296,-0.033442,0.433117,3.191456,1.000000,1.389434,18.234839
4.165000,0.546156,0.205417,0.409912,0.923880,-0.379857,0.032340,-0.033302,0.433123,3.184514,1.000000,1.391629,18.190588
4.170000,0.545745,0.204943,0.410035,0.923783,-0.380101,0.032387,-0.033163,0.433127,3.177562,1.000000,1.393547,18.146094
4.175000,0.545332,0.204466,0.410157,0.923687,-0.380342,0.032439,-0.033025,0.433134,3.170601,1.000000,1.395397,18.100851
4.180000,0.544917,0.203987,0.410278,0.923591,-0.380581,0.032495,-0.032888,0.433141,3.163631,1.000000,1.397036,18.054315
4.185000,0.544499,0.203505,0.410399,0.923497,-0.380817,0.032555,-0.032753,0.433146,3.156654,1.000000,1.398461,18.007493
4.190000,0.544079,0.203020,0.410520,0.923403,-0.381051,0.032620,-0.032618,0.433155,3.149670,1.000000,1.399849,17.962324
4.195000,0.543657,0.202532,0.410639,0.923309,-0.381282,0.032689,-0.032486,0.433162,3.142680,1.000000,1.400874,17.915476
4.200000,0.543233,0.202042,0.410758,0.923217,-0.381511,0.032761,-0.032354,0.433168,3.135686,1.000000,1.401667,17.868525
4.205000,0.542806,0.201550,0.410876,0.923125,-0.381738,0.032838,-0.032224,0.433178,3.128688,1.000000,1.402437,17.823581
4.210000,0.542378,0.201055,0.410994,0.923034,-0.381962,0.032919,-0.032095,0.433187,3.121687,1.000000,1.402841,17.775618
4.215000,0.541948,0.200557,0.411110,0.922943,-0.382184,0.033004,-0.031967,0.433195,3.114686,1.000000,1.403007,17.727482
4.220000,0.541516,0.200057,0.411226,0.922853,-0.382404,0.033093,-0.031840,0.433202,3.107684,1.000000,1.402918,17.679188
4.225000,0.541083,0.199555,0.411341,0.922764,-0.382622,0.033186,-0.031715,0.433212,3.100682,1.000000,1.402846,17.633257
4.230000,0.540648,0.199051,0.411455,0.922676,-0.382837,0.033282,-0.031592,0.433221,3.093683,1.000000,1.402347,17.584966
4.235000,0.540211,0.198544,0.411568,0.922588,-0.383050,0.033383,-0.031469,0.433230,3.086686,1.000000,1.401586,17.536564
4.240000,0.539774,0.198036,0.411680,0.922501,-0.383260,0.033487,-0.031348,0.433242,3.079693,1.000000,1.400841,17.490699
4.245000,0.539334,0.197525,0.411791,0.922414,-0.383469,0.033595,-0.031229,0.433253,3.072706,1.000000,1.399673,17.442000
4.250000,0.538894,0.197012,0.411901,0.922328,-0.383675,0.033706,-0.031110,0.433263,3.065725,1.000000,1.398230,17.393155
4.255000,0.538452,0.196498,0.412009,0.922243,-0.383879,0.033821,-0.030993,0.433277,3.058751,1.000000,1.396815,17.346896
4.260000,0.538010,0.195982,0.412117,0.922159,-0.384081,0.033939,-0.030877,0.433289,3.051786,1.000000,1.394956,17.298106
4.265000,0.537566,0.195464,0.412223,0.922075,-0.384281,0.034061,-0.030763,0.433300,3.044831,1.000000,1.392845,17.249193
4.270000,0.537121,0.194944,0.412328,0.921991,-0.384478,0.034186,-0.030650,0.433315,3.037886,1.000000,1.390769,17.202814
4.275000,0.536676,0.194423,0.412432,0.921909,-0.384674,0.034314,-0.030538,0.433328,3.030953,1.000000,1.388289,17.155102
4.280000,0.536230,0.193900,0.412534,0.921827,-0.384867,0.034445,-0.030427,0.433339,3.024033,1.000000,1.385391,17.107069
4.285000,0.535783,0.193376,0.412635,0.921746,-0.385058,0.034579,-0.030318,0.433355,3.017128,1.000000,1.382446,17.061486
4.290000,0.535335,0.192851,0.412734,0.921665,-0.385247,0.034715,-0.030210,0.433368,3.010239,1.000000,1.379035,17.013541
4.295000,0.534887,0.192324,0.412831,0.921586,-0.385434,0.034855,-0.030103,0.433381,3.003368,1.000000,1.375365,16.965485
4.300000,0.534438,0.191797,0.412928,0.921506,-0.385618,0.034996,-0.029997,0.433396,2.996515,1.000000,1.371708,16.919771
4.305000,0.533989,0.191268,0.413022,0.921428,-0.385800,0.035141,-0.029893,0.433410,2.989682,1.000000,1.367646,16.871808
4.310000,0.533540,0.190739,0.413115,0.921350,-0.385981,0.035288,-0.029789,0.433422,2.982870,1.000000,1.363391,16.824907
4.315000,0.533090,0.190208,0.413206,0.921273,-0.386159,0.035437,-0.029687,0.433437,2.976079,1.000000,1.359029,16.779996
4.320000,0.532640,0.189677,0.413295,0.921197,-0.386335,0.035588,-0.029586,0.433451,2.969311,1.000000,1.354240,16.733116
4.325000,0.532190,0.189146,0.413383,0.921121,-0.386509,0.035742,-0.029486,0.433463,2.962568,1.000000,1.349203,16.686126
4.330000,0.531740,0.188614,0.413468,0.921046,-0.386681,0.035897,-0.029386,0.433476,2.955850,1.000000,1.344069,16.640235
4.335000,0.531290,0.188081,0.413552,0.920972,-0.386851,0.036054,-0.029288,0.433488,2.949159,1.000000,1.338657,16.593289
4.340000,0.530841,0.187548,0.413634,0.920898,-0.387019,0.036213,-0.029191,0.433499,2.942496,1.000000,1.333068,16.546319
4.345000,0.530391,0.187015,0.413714,0.920825,-0.387185,0.036374,-0.029094,0.433506,2.935861,1.000000,1.327258,16.499246
4.350000,0.529941,0.186481,0.413792,0.920752,-0.387349,0.036537,-0.028998,0.433512,2.929256,1.000000,1.321290,16.453351
4.355000,0.529492,0.185948,0.413868,0.920681,-0.387511,0.036701,-0.028903,0.433518,2.922680,1.000000,1.315094,16.407360
4.360000,0.529043,0.185414,0.413942,0.920610,-0.387671,0.036867,-0.028809,0.433523,2.916137,1.000000,1.308700,16.361279
4.365000,0.528594,0.184881,0.414014,0.920539,-0.387830,0.037035,-0.028715,0.433530,2.909626,1.000000,1.302230,16.315956
4.370000,0.528146,0.184348,0.414084,0.920469,-0.387986,0.037204,-0.028622,0.433535,2.903147,1.000000,1.295590,16.269947
4.375000,0.527699,0.183815,0.414152,0.920400,-0.388141,0.037374,-0.028530,0.433540,2.896702,1.000000,1.288857,16.223960
4.380000,0.527252,0.183282,0.414219,0.920331,-0.388294,0.037545,-0.028438,0.433547,2.890290,1.000000,1.282159,16.181757
4.385000,0.526805,0.182750,0.414283,0.920263,-0.388445,0.037718,-0.028347,0.433553,2.883913,1.000000,1.275041,16.138195
4.390000,0.526359,0.182218,0.414345,0.920196,-0.388594,0.037892,-0.028256,0.433559,2.877572,1.000000,1.267646,16.094505
4.395000,0.525914,0.181687,0.414405,0.920129,-0.388741,0.038067,-0.028165,0.433566,2.871269,1.000000,1.260194,16.052064
4.400000,0.525470,0.181156,0.414463,0.920063,-0.388887,0.038243,-0.028075,0.433573,2.865003,1.000000,1.252501,16.008445
4.405000,0.525026,0.180626,0.414520,0.919998,-0.389031,0.038419,-0.027985,0.433579,2.858777,1.000000,1.244683,15.964793
4.410000,0.524583,0.180097,0.414574,0.919933,-0.389174,0.038597,-0.027895,0.433587,2.852589,1.000000,1.236868,15.922178
4.415000,0.524141,0.179569,0.414626,0.919868,-0.389315,0.038775,-0.027806,0.433593,2.846440,1.000000,1.228869,15.881438
4.420000,0.523700,0.179042,0.414676,0.919804,-0.389454,0.038954,-0.027716,0.433600,2.840333,1.000000,1.220553,15.840505
4.425000,0.523259,0.178516,0.414725,0.919741,-0.389591,0.039133,-0.027627,0.433606,2.834267,1.000000,1.212088,15.800235
4.430000,0.522820,0.177991,0.414771,0.919679,-0.389727,0.039312,-0.027538,0.433612,2.828244,1.000000,1.203422,15.759379
4.435000,0.522381,0.177468,0.414816,0.919617,-0.389862,0.039491,-0.027449,0.433618,2.822265,1.000000,1.194638,15.718504
4.440000,0.521943,0.176945,0.414858,0.919555,-0.389995,0.039671,-0.027360,0.433623,2.816330,1.000000,1.185788,15.677843
4.445000,0.521506,0.176424,0.414899,0.919494,-0.390126,0.039851,-0.027271,0.433628,2.810439,1.000000,1.176875,15.638660
4.450000,0.521069,0.175905,0.414937,0.919434,-0.390256,0.040031,-0.027181,0.433632,2.804593,1.000000,1.167807,15.599516
4.455000,0.520634,0.175387,0.414974,0.919374,-0.390384,0.040210,-0.027092,0.433636,2.798793,1.000000,1.158615,15.560252
4.460000,0.520200,0.174871,0.415009,0.919315,-0.390512,0.040390,-0.027002,0.433639,2.793039,1.000000,1.149361,15.521207
4.465000,0.519766,0.174356,0.415042,0.919256,-0.390637,0.040569,-0.026912,0.433641,2.787332,1.000000,1.140031,15.482111
4.470000,0.519333,0.173843,0.415073,0.919198,-0.390762,0.040748,-0.026822,0.433643,2.781671,1.000000,1.130617,15.442586
4.475000,0.518902,0.173332,0.415103,0.919141,-0.390885,0.040927,-0.026731,0.433645,2.776057,1.000000,1.121224,15.403500
4.480000,0.518471,0.172822,0.415131,0.919084,-0.391006,0.041106,-0.026640,0.433646,2.770490,1.000000,1.111893,15.364435
4.485000,0.518041,0.172314,0.415157,0.919027,-0.391127,0.041284,-0.026549,0.433647,2.764970,1.000000,1.102554,15.325406
4.490000,0.517612,0.171808,0.415181,0.918971,-0.391246,0.041462,-0.026456,0.433648,2.759496,1.000000,1.093198,15.286010
4.495000,0.517185,0.171304,0.415204,0.918915,-0.391365,0.041640,-0.026364,0.433648,2.754069,1.000000,1.083910,15.247053
4.500000,0.516758,0.170801,0.415226,0.918860,-0.391482,0.041818,-0.026270,0.433648,2.748688,1.000000,1.074677,15.208145
4.505000,0.516332,0.170300,0.415245,0.918805,-0.391598,0.041995,-0.026176,0.433648,2.743353,1.000000,1.065485,15.168987
4.510000,0.515907,0.169801,0.415264,0.918750,-0.391713,0.042172,-0.026082,0.433647,2.738063,1.000000,1.056393,15.130151
4.515000,0.515483,0.169304,0.415280,0.918696,-0.391827,0.042348,-0.025986,0.433647,2.732819,1.000000,1.047364,15.091065
4.520000,0.515061,0.168809,0.415296,0.918643,-0.391940,0.042524,-0.025890,0.433646,2.727620,1.000000,1.038420,15.051878
4.525000,0.514639,0.168315,0.415310,0.918590,-0.392052,0.042700,-0.025793,0.433646,2.722465,1.000000,1.029592,15.012880
4.530000,0.514218,0.167823,0.415322,0.918537,-0.392163,0.042876,-0.025694,0.433645,2.717354,1.000000,1.020876,14.973932
4.535000,0.513799,0.167332,0.415333,0.918484,-0.392273,0.043050,-0.025595,0.433645,2.712286,1.000000,1.012280,14.935027
4.540000,0.513380,0.166844,0.415343,0.918432,-0.392382,0.043225,-0.025495,0.433644,2.707261,1.000000,1.003807,14.896159
4.545000,0.512962,0.166356,0.415352,0.918381,-0.392490,0.043399,-0.025394,0.433644,2.702278,1.000000,0.995507,14.857444
4.550000,0.512545,0.165871,0.415360,0.918329,-0.392598,0.043573,-0.025292,0.433644,2.697335,1.000000,0.987239,14.819072
4.555000,0.512130,0.165387,0.415367,0.918278,-0.392705,0.043746,-0.025189,0.433644,2.692434,1.000000,0.979081,14.780606
4.560000,0.511715,0.164904,0.415372,0.918227,-0.392811,0.043918,-0.025085,0.433644,2.687574,1.000000,0.971015,14.742122
4.565000,0.511300,0.164423,0.415376,0.918177,-0.392916,0.044090,-0.024980,0.433644,2.682753,1.000000,0.963090,14.703837
4.570000,0.510887,0.163943,0.415379,0.918127,-0.393021,0.044261,-0.024873,0.433645,2.677972,1.000000,0.955295,14.665427
4.575000,0.510475,0.163465,0.415382,0.918077,-0.393124,0.044431,-0.024766,0.433645,2.673229,1.000000,0.947647,14.627126
4.580000,0.510063,0.162988,0.415383,0.918028,-0.393227,0.044600,-0.024657,0.433645,2.668524,1.000000,0.940164,14.589089
4.585000,0.509652,0.162512,0.415383,0.917979,-0.393330,0.044768,-0.024547,0.433646,2.663856,1.000000,0.932738,14.551044
4.590000,0.509241,0.162038,0.415382,0.917930,-0.393431,0.044936,-0.024435,0.433647,2.659224,1.000000,0.925461,14.513082
4.595000,0.508832,0.161564,0.415381,0.917882,-0.393532,0.045103,-0.024323,0.433647,2.654629,1.000000,0.918340,14.475209
4.600000,0.508423,0.161092,0.415378,0.917833,-0.393632,0.045268,-0.024209,0.433648,2.650069,1.000000,0.911378,14.437624
4.605000,0.508014,0.160621,0.415375,0.917786,-0.393732,0.045433,-0.024094,0.433649,2.645543,1.000000,0.904523,14.399841
4.610000,0.507606,0.160151,0.415370,0.917738,-0.393831,0.045597,-0.023978,0.433650,2.641051,1.000000,0.897779,14.362088
4.615000,0.507199,0.159682,0.415365,0.917691,-0.393929,0.045760,-0.023861,0.433651,2.636592,1.000000,0.891189,14.324508
4.620000,0.506792,0.159214,0.415360,0.917644,-0.394027,0.045922,-0.023742,0.433653,2.632166,1.000000,0.884715,14.286629
4.625000,0.506386,0.158746,0.415353,0.917597,-0.394124,0.046083,-0.023623,0.433654,2.627772,1.000000,0.878408,14.248930
4.630000,0.505980,0.158280,0.415346,0.917551,-0.394220,0.046243,-0.023502,0.433657,2.623409,1.000000,0.872291,14.211970
4.635000,0.505575,0.157814,0.415339,0.917505,-0.394316,0.046402,-0.023380,0.433659,2.619076,1.000000,0.866253,14.174371
4.640000,0.505170,0.157349,0.415331,0.917459,-0.394411,0.046561,-0.023257,0.433661,2.614773,1.000000,0.860289,14.136736
4.645000,0.504765,0.156884,0.415322,0.917414,-0.394505,0.046718,-0.023133,0.433665,2.610499,1.000000,0.854519,14.100103
4.650000,0.504361,0.156421,0.415313,0.917369,-0.394599,0.046874,-0.023008,0.433669,2.606254,1.000000,0.848753,14.062174
4.655000,0.503958,0.155957,0.415303,0.917324,-0.394692,0.047029,-0.022883,0.433672,2.602038,1.000000,0.843152,14.024406
4.660000,0.503554,0.155495,0.415293,0.917279,-0.394785,0.047184,-0.022756,0.433678,2.597848,1.000000,0.837756,13.987780
4.665000,0.503151,0.155032,0.415282,0.917235,-0.394876,0.047337,-0.022628,0.433683,2.593686,1.000000,0.832410,13.950138
4.670000,0.502749,0.154570,0.415271,0.917191,-0.394968,0.047489,-0.022499,0.433687,2.589550,1.000000,0.827164,13.912552
4.675000,0.502346,0.154109,0.415260,0.917147,-0.395059,0.047641,-0.022369,0.433694,2.585440,1.000000,0.822103,13.876055
4.680000,0.501944,0.153647,0.415248,0.917104,-0.395149,0.047791,-0.022239,0.433699,2.581355,1.000000,0.817079,13.838596
4.685000,0.501542,0.153186,0.415236,0.917060,-0.395238,0.047940,-0.022107,0.433705,2.577295,1.000000,0.811999,13.800366
4.690000,0.501140,0.152725,0.415224,0.917018,-0.395327,0.048088,-0.021975,0.433711,2.573260,1.000000,0.807100,13.763053
4.695000,0.500738,0.152264,0.415211,0.916975,-0.395415,0.048235,-0.021842,0.433717,2.569250,1.000000,0.802259,13.724958
4.700000,0.500337,0.151803,0.415198,0.916932,-0.395503,0.048381,-0.021708,0.433723,2.565264,1.000000,0.797534,13.686937
4.705000,0.499935,0.151343,0.415185,0.916890,-0.395591,0.048526,-0.021574,0.433729,2.561300,1.000000,0.792964,13.649643
4.710000,0.499534,0.150882,0.415172,0.916848,-0.395677,0.048670,-0.021438,0.433735,2.557360,1.000000,0.788440,13.611771
4.715000,0.499133,0.150421,0.415158,0.916807,-0.395763,0.048813,-0.021303,0.433740,2.553441,1.000000,0.783986,13.573905
4.720000,0.498732,0.149959,0.415145,0.916766,-0.395849,0.048955,-0.021166,0.433744,2.549546,1.000000,0.779574,13.535303
4.725000,0.498330,0.149498,0.415131,0.916725,-0.395934,0.049096,-0.021029,0.433750,2.545671,1.000000,0.775287,13.497299
4.730000,0.497929,0.149036,0.415118,0.916684,-0.396018,0.049236,-0.020892,0.433755,2.541818,1.000000,0.771028,13.458808
4.735000,0.497528,0.148574,0.415104,0.916643,-0.396102,0.049374,-0.020754,0.433759,2.537987,1.000000,0.766800,13.420278
4.740000,0.497126,0.148112,0.415090,0.916603,-0.396185,0.049512,-0.020615,0.433764,2.534176,1.000000,0.762650,13.382130
4.745000,0.496725,0.147650,0.415076,0.916563,-0.396268,0.049649,-0.020476,0.433768,2.530386,1.000000,0.758539,13.343718
4.750000,0.496323,0.147187,0.415063,0.916523,-0.396350,0.049784,-0.020337,0.433772,2.526616,1.000000,0.754489,13.305289
4.755000,0.495922,0.146723,0.415049,0.916484,-0.396431,0.049919,-0.020198,0.433775,2.522866,1.000000,0.750528,13.266439
4.760000,0.495520,0.146259,0.415035,0.916445,-0.396512,0.050053,-0.020058,0.433779,2.519136,1.000000,0.746606,13.227437
4.765000,0.495119,0.145795,0.415022,0.916406,-0.396592,0.050186,-0.019919,0.433782,2.515426,1.000000,0.742713,13.188373
4.770000,0.494717,0.145330,0.415009,0.916367,-0.396672,0.050317,-0.019779,0.433786,2.511734,1.000000,0.738866,13.149603
4.775000,0.494315,0.144864,0.414996,0.916329,-0.396751,0.050448,-0.019639,0.433789,2.508062,1.000000,0.735029,13.110681
4.780000,0.493913,0.144398,0.414983,0.916290,-0.396829,0.050579,-0.019499,0.433792,2.504410,1.000000,0.731191,13.071646
4.785000,0.493511,0.143931,0.414970,0.916253,-0.396907,0.050708,-0.019360,0.433794,2.500776,1.000000,0.727364,13.032048
4.790000,0.493109,0.143464,0.414958,0.916215,-0.396984,0.050836,-0.019220,0.433797,2.497162,1.000000,0.723552,12.992451
4.795000,0.492707,0.142996,0.414946,0.916178,-0.397061,0.050964,-0.019081,0.433799,2.493566,1.000000,0.719742,12.952719
4.800000,0.492305,0.142527,0.414934,0.916141,-0.397137,0.051091,-0.018942,0.433801,2.489990,1.000000,0.715924,12.912868
4.805000,0.491903,0.142058,0.414922,0.916104,-0.397212,0.051217,-0.018803,0.433802,2.486433,1.000000,0.712120,12.873246
4.810000,0.491500,0.141588,0.414911,0.916067,-0.397287,0.051342,-0.018665,0.433803,2.482895,1.000000,0.708304,12.833524
4.815000,0.491098,0.141117,0.414901,0.916031,-0.397361,0.051466,-0.018527,0.433804,2.479376,1.000000,0.704447,12.793378
4.820000,0.490695,0.140645,0.414890,0.915995,-0.397434,0.051589,-0.018389,0.433804,2.475876,1.000000,0.700600,12.752691
4.825000,0.490293,0.140173,0.414880,0.915959,-0.397507,0.051712,-0.018252,0.433804,2.472396,1.000000,0.696774,12.711955
4.830000,0.489890,0.139700,0.414871,0.915923,-0.397579,0.051834,-0.018115,0.433802,2.468935,1.000000,0.692906,12.670573
4.835000,0.489487,0.139226,0.414862,0.915888,-0.397651,0.051955,-0.017979,0.433801,2.465493,1.000000,0.689072,12.629880
4.840000,0.489085,0.138752,0.414853,0.915853,-0.397722,0.052075,-0.017844,0.433800,2.462070,1.000000,0.685226,12.589153
4.845000,0.488682,0.138276,0.414845,0.915818,-0.397793,0.052195,-0.017709,0.433799,2.458667,1.000000,0.681359,12.548383
4.850000,0.488279,0.137800,0.414837,0.915784,-0.397863,0.052313,-0.017575,0.433796,2.455284,1.000000,0.677428,12.507074
4.855000,0.487876,0.137323,0.414831,0.915749,-0.397932,0.052431,-0.017441,0.433794,2.451920,1.000000,0.673549,12.463497
4.860000,0.487473,0.136845,0.414824,0.915715,-0.398001,0.052549,-0.017308,0.433792,2.448575,1.000000,0.669768,12.419925
4.865000,0.487070,0.136366,0.414819,0.915681,-0.398069,0.052666,-0.017176,0.433789,2.445249,1.000000,0.666017,12.376021
4.870000,0.486667,0.135886,0.414814,0.915648,-0.398137,0.052782,-0.017045,0.433786,2.441941,1.000000,0.662316,12.332526
4.875000,0.486265,0.135405,0.414809,0.915614,-0.398204,0.052899,-0.016914,0.433784,2.438653,1.000000,0.658612,12.288883
4.880000,0.485862,0.134923,0.414806,0.915581,-0.398271,0.053014,-0.016785,0.433781,2.435382,1.000000,0.654898,12.245187
4.885000,0.485459,0.134441,0.414803,0.915548,-0.398337,0.053129,-0.016656,0.433779,2.432131,1.000000,0.651184,12.201668
4.890000,0.485057,0.133957,0.414801,0.915515,-0.398402,0.053244,-0.016528,0.433777,2.428898,1.000000,0.647505,12.156166
4.895000,0.484654,0.133472,0.414800,0.915482,-0.398467,0.053358,-0.016401,0.433776,2.425683,1.000000,0.643883,12.110924
4.900000,0.484252,0.132986,0.414799,0.915450,-0.398532,0.053472,-0.016275,0.433774,2.422486,1.000000,0.640278,12.065658
4.905000,0.483850,0.132499,0.414800,0.915418,-0.398595,0.053585,-0.016150,0.433773,2.419307,1.000000,0.636554,12.020183
4.910000,0.483448,0.132011,0.414801,0.915386,-0.398659,0.053698,-0.016026,0.433772,2.416149,1.000000,0.632361,11.975001
4.915000,0.483046,0.131522,0.414803,0.915354,-0.398721,0.053811,-0.015904,0.433772,2.413013,1.000000,0.627765,11.929700
4.920000,0.482644,0.131033,0.414805,0.915323,-0.398783,0.053923,-0.015783,0.433771,2.409900,1.000000,0.622864,11.884165
4.925000,0.482242,0.130543,0.414808,0.915292,-0.398843,0.054034,-0.015663,0.433771,2.406813,1.000000,0.617795,11.839391
4.930000,0.481839,0.130052,0.414811,0.915261,-0.398903,0.054145,-0.015546,0.433772,2.403752,1.000000,0.612495,11.794504
4.935000,0.481437,0.129561,0.414815,0.915231,-0.398962,0.054255,-0.015430,0.433772,2.400717,1.000000,0.607009,11.749469
4.940000,0.481034,0.129069,0.414819,0.915201,-0.399021,0.054365,-0.015316,0.433772,2.397711,1.000000,0.601386,11.704584
4.945000,0.480631,0.128577,0.414824,0.915171,-0.399078,0.054474,-0.015204,0.433772,2.394733,1.000000,0.595638,11.659663
4.950000,0.480228,0.128084,0.414829,0.915142,-0.399135,0.054583,-0.015094,0.433773,2.391785,1.000000,0.589746,11.614617
4.955000,0.479825,0.127591,0.414835,0.915112,-0.399191,0.054691,-0.014986,0.433773,2.388865,1.000000,0.583802,11.570189
4.960000,0.479421,0.127098,0.414841,0.915084,-0.399246,0.054799,-0.014879,0.433774,2.385976,1.000000,0.577719,11.525698
4.965000,0.479017,0.126604,0.414847,0.915055,-0.399301,0.054906,-0.014775,0.433775,2.383118,1.000000,0.571548,11.481152
4.970000,0.478613,0.126110,0.414854,0.915027,-0.399355,0.055012,-0.014672,0.433775,2.380291,1.000000,0.565308,11.436563
4.975000,0.478208,0.125616,0.414862,0.914999,-0.399408,0.055118,-0.014572,0.433776,2.377495,1.000000,0.559011,11.392301
4.980000,0.477803,0.125121,0.414870,0.914971,-0.399461,0.055223,-0.014473,0.433777,2.374731,1.000000,0.552632,11.347764
4.985000,0.477397,0.124627,0.414879,0.914944,-0.399512,0.055327,-0.014376,0.433778,2.371999,1.000000,0.546184,11.303115
4.990000,0.476992,0.124132,0.414888,0.914917,-0.399564,0.055431,-0.014281,0.433780,2.369299,1.000000,0.539725,11.258432
4.995000,0.476586,0.123637,0.414898,0.914890,-0.399614,0.055534,-0.014188,0.433782,2.366632,1.000000,0.533183,11.213393
5.000000,0.476179,0.123142,0.414908,0.914863,-0.399664,0.055637,-0.014097,0.433783,2.363998,1.000000,0.526558,11.168235
5.005000,0.475772,0.122647,0.414919,0.914837,-0.399714,0.055739,-0.014007,0.433786,2.361397,1.000000,0.519928,11.123720
5.010000,0.475365,0.122152,0.414930,0.914810,-0.399762,0.055840,-0.013919,0.433789,2.358829,1.000000,0.513239,11.078734
5.015000,0.474958,0.121657,0.414942,0.914785,-0.399810,0.055941,-0.013833,0.433791,2.356295,1.000000,0.506513,11.033648
5.020000,0.474550,0.121162,0.414954,0.914759,-0.399858,0.056041,-0.013749,0.433795,2.353795,1.000000,0.499797,10.989269
5.025000,0.474142,0.120667,0.414967,0.914734,-0.399905,0.056140,-0.013666,0.433799,2.351327,1.000000,0.493140,10.943760
5.030000,0.473734,0.120172,0.414980,0.914708,-0.399951,0.056239,-0.013585,0.433802,2.348893,1.000000,0.486427,10.898053
5.035000,0.473325,0.119676,0.414994,0.914683,-0.399997,0.056337,-0.013506,0.433806,2.346493,1.000000,0.479724,10.852998
5.040000,0.472916,0.119181,0.415008,0.914659,-0.400043,0.056435,-0.013429,0.433810,2.344127,1.000000,0.472981,10.807496
5.045000,0.472507,0.118686,0.415023,0.914634,-0.400087,0.056532,-0.013353,0.433814,2.341794,1.000000,0.466218,10.761894
5.050000,0.472098,0.118192,0.415038,0.914610,-0.400131,0.056628,-0.013278,0.433818,2.339495,1.000000,0.459457,10.716592
5.055000,0.471689,0.117697,0.415053,0.914586,-0.400175,0.056724,-0.013206,0.433822,2.337230,1.000000,0.452679,10.671168
5.060000,0.471279,0.117203,0.415070,0.914563,-0.400218,0.056818,-0.013135,0.433825,2.334997,1.000000,0.446028,10.626809
5.065000,0.470870,0.116708,0.415086,0.914539,-0.400261,0.056913,-0.013065,0.433827,2.332799,1.000000,0.439287,10.582356
5.070000,0.470460,0.116214,0.415103,0.914516,-0.400303,0.057006,-0.012997,0.433830,2.330634,1.000000,0.432563,10.538095
5.075000,0.470050,0.115721,0.415120,0.914493,-0.400344,0.057099,-0.012931,0.433832,2.328503,1.000000,0.425884,10.493775
5.080000,0.469640,0.115227,0.415138,0.914470,-0.400385,0.057191,-0.012867,0.433833,2.326405,1.000000,0.419256,10.449141
5.085000,0.469231,0.114734,0.415156,0.914447,-0.400426,0.057282,-0.012803,0.433834,2.324339,1.000000,0.412719,10.404910
5.090000,0.468821,0.114242,0.415175,0.914425,-0.400466,0.057372,-0.012742,0.433835,2.322307,1.000000,0.406263,10.360724
5.095000,0.468412,0.113749,0.415194,0.914403,-0.400506,0.057461,-0.012681,0.433835,2.320305,1.000000,0.400050,10.317481
5.100000,0.468003,0.113257,0.415214,0.914381,-0.400545,0.057550,-0.012622,0.433835,2.318334,1.000000,0.393816,10.273855
5.105000,0.467594,0.112766,0.415234,0.914359,-0.400584,0.057638,-0.012565,0.433834,2.316395,1.000000,0.387633,10.230711
5.110000,0.467185,0.112274,0.415255,0.914337,-0.400623,0.057725,-0.012508,0.433833,2.314486,1.000000,0.381494,10.187528
5.115000,0.466777,0.111783,0.415276,0.914316,-0.400662,0.057811,-0.012454,0.433831,2.312608,1.000000,0.375385,10.143922
5.120000,0.466369,0.111293,0.415298,0.914294,-0.400700,0.057896,-0.012400,0.433829,2.310760,1.000000,0.369358,10.100914
5.125000,0.465962,0.110803,0.415321,0.914273,-0.400738,0.057979,-0.012348,0.433827,2.308941,1.000000,0.363498,10.056926
5.130000,0.465555,0.110314,0.415343,0.914252,-0.400776,0.058062,-0.012296,0.433824,2.307152,1.000000,0.357682,10.012538
5.135000,0.465149,0.109825,0.415367,0.914231,-0.400813,0.058144,-0.012246,0.433821,2.305392,1.000000,0.351966,9.968786
5.140000,0.464744,0.109336,0.415391,0.914210,-0.400850,0.058225,-0.012197,0.433818,2.303660,1.000000,0.346287,9.925047
5.145000,0.464339,0.108848,0.415415,0.914189,-0.400887,0.058305,-0.012150,0.433814,2.301956,1.000000,0.340664,9.880921
5.150000,0.463935,0.108360,0.415440,0.914169,-0.400924,0.058384,-0.012103,0.433811,2.300280,1.000000,0.335142,9.837396
5.155000,0.463532,0.107873,0.415465,0.914148,-0.400961,0.058461,-0.012057,0.433807,2.298631,1.000000,0.329729,9.793815
5.160000,0.463130,0.107387,0.415491,0.914128,-0.400997,0.058538,-0.012012,0.433803,2.297009,1.000000,0.324487,9.748594
5.165000,0.462729,0.106900,0.415517,0.914108,-0.401034,0.058613,-0.011969,0.433799,2.295413,1.000000,0.319373,9.703977
5.170000,0.462329,0.106415,0.415543,0.914088,-0.401070,0.058687,-0.011926,0.433796,2.293841,1.000000,0.314353,9.659359
5.175000,0.461930,0.105929,0.415571,0.914068,-0.401107,0.058760,-0.011884,0.433791,2.292295,1.000000,0.309403,9.614363
5.180000,0.461533,0.105444,0.415598,0.914048,-0.401143,0.058832,-0.011842,0.433787,2.290773,1.000000,0.304556,9.569922
5.185000,0.461136,0.104960,0.415626,0.914028,-0.401179,0.058902,-0.011802,0.433783,2.289275,1.000000,0.299766,9.525564
5.190000,0.460741,0.104476,0.415655,0.914008,-0.401215,0.058972,-0.011762,0.433778,2.287802,1.000000,0.295011,9.480775
5.195000,0.460347,0.103992,0.415683,0.913988,-0.401252,0.059040,-0.011723,0.433773,2.286350,1.000000,0.290574,9.435935
5.200000,0.459954,0.103509,0.415713,0.913968,-0.401288,0.059107,-0.011685,0.433769,2.284921,1.000000,0.286230,9.391165
5.205000,0.459563,0.103026,0.415742,0.913949,-0.401324,0.059173,-0.011648,0.433765,2.283512,1.000000,0.281982,9.346401
5.210000,0.459173,0.102543,0.415773,0.913929,-0.401360,0.059237,-0.011611,0.433759,2.282125,1.000000,0.277774,9.301035
5.215000,0.458784,0.102061,0.415803,0.913910,-0.401396,0.059301,-0.011575,0.433754,2.280759,1.000000,0.273647,9.256455
5.220000,0.458398,0.101579,0.415835,0.913890,-0.401432,0.059363,-0.011540,0.433749,2.279413,1.000000,0.269570,9.211906
5.225000,0.458012,0.101098,0.415866,0.913871,-0.401468,0.059424,-0.011506,0.433742,2.278088,1.000000,0.265509,9.166517
5.230000,0.457629,0.100616,0.415898,0.913851,-0.401504,0.059484,-0.011472,0.433735,2.276781,1.000000,0.261714,9.122369
5.235000,0.457247,0.100136,0.415931,0.913832,-0.401540,0.059542,-0.011439,0.433729,2.275494,1.000000,0.257932,9.078261
5.240000,0.456867,0.099655,0.415963,0.913813,-0.401576,0.059599,-0.011407,0.433719,2.274226,1.000000,0.254135,9.033144
5.245000,0.456489,0.099176,0.415997,0.913794,-0.401613,0.059655,-0.011375,0.433711,2.272976,1.000000,0.250407,8.989256
5.250000,0.456112,0.098696,0.416031,0.913775,-0.401649,0.059709,-0.011344,0.433703,2.271745,1.000000,0.246703,8.945344
5.255000,0.455737,0.098217,0.416065,0.913756,-0.401685,0.059761,-0.011314,0.433692,2.270532,1.000000,0.242988,8.900422
5.260000,0.455364,0.097738,0.416099,0.913737,-0.401721,0.059813,-0.011285,0.433682,2.269338,1.000000,0.239342,8.856740
5.265000,0.454993,0.097260,0.416134,0.913718,-0.401758,0.059862,-0.011256,0.433673,2.268162,1.000000,0.235784,8.812114
5.270000,0.454623,0.096782,0.416170,0.913699,-0.401795,0.059911,-0.011228,0.433661,2.267003,1.000000,0.232229,8.766639
5.275000,0.454256,0.096305,0.416206,0.913680,-0.401831,0.059957,-0.011201,0.433651,2.265862,1.000000,0.228744,8.722283
5.280000,0.453890,0.095827,0.416242,0.913661,-0.401868,0.060002,-0.011174,0.433642,2.264739,1.000000,0.225293,8.677999
5.285000,0.453526,0.095351,0.416278,0.913642,-0.401905,0.060045,-0.011148,0.433632,2.263632,1.000000,0.221863,8.633497
5.290000,0.453164,0.094874,0.416315,0.913624,-0.401943,0.060087,-0.011123,0.433623,2.262543,1.000000,0.218476,8.589443
5.295000,0.452804,0.094398,0.416353,0.913605,-0.401980,0.060127,-0.011098,0.433615,2.261470,1.000000,0.215190,8.544593
5.300000,0.452446,0.093922,0.416390,0.913586,-0.402018,0.060165,-0.011074,0.433605,2.260414,1.000000,0.211893,8.498992
5.305000,0.452090,0.093447,0.416428,0.913567,-0.402056,0.060201,-0.011050,0.433596,2.259373,1.000000,0.208649,8.454391
5.310000,0.451736,0.092971,0.416467,0.913548,-0.402094,0.060236,-0.011027,0.433587,2.258349,1.000000,0.205447,8.409843
5.315000,0.451383,0.092496,0.416506,0.913530,-0.402132,0.060268,-0.011005,0.433580,2.257341,1.000000,0.202284,8.365312
5.320000,0.451033,0.092022,0.416545,0.913511,-0.402171,0.060299,-0.010983,0.433570,2.256349,1.000000,0.199119,8.320215
5.325000,0.450684,0.091547,0.416584,0.913492,-0.402210,0.060328,-0.010961,0.433562,2.255372,1.000000,0.195988,8.275944
5.330000,0.450337,0.091073,0.416623,0.913473,-0.402249,0.060355,-0.010940,0.433554,2.254411,1.000000,0.192929,8.233960
5.335000,0.449992,0.090598,0.416663,0.913455,-0.402288,0.060379,-0.010920,0.433545,2.253465,1.000000,0.189768,8.191588
5.340000,0.449649,0.090125,0.416703,0.913436,-0.402328,0.060401,-0.010901,0.433538,2.252535,1.000000,0.186559,8.149783
5.345000,0.449308,0.089651,0.416744,0.913417,-0.402368,0.060421,-0.010882,0.433531,2.251622,1.000000,0.183275,8.108114
5.350000,0.448968,0.089178,0.416784,0.913399,-0.402408,0.060439,-0.010864,0.433524,2.250725,1.000000,0.179962,8.066363
5.355000,0.448630,0.088705,0.416825,0.913380,-0.402448,0.060454,-0.010846,0.433517,2.249844,1.000000,0.176640,8.024974
5.360000,0.448294,0.088232,0.416865,0.913361,-0.402489,0.060467,-0.010830,0.433511,2.248980,1.000000,0.173327,7.983584
5.365000,0.447960,0.087760,0.416906,0.913343,-0.402530,0.060478,-0.010814,0.433506,2.248132,1.000000,0.170100,7.943978
5.370000,0.447627,0.087288,0.416947,0.913324,-0.402571,0.060486,-0.010798,0.433501,2.247301,1.000000,0.166775,7.904492
5.375000,0.447296,0.086816,0.416988,0.913306,-0.402612,0.060491,-0.010784,0.433497,2.246486,1.000000,0.163401,7.864967
5.380000,0.446966,0.086345,0.417029,0.913288,-0.402654,0.060494,-0.010770,0.433493,2.245688,1.000000,0.159983,7.825696
5.385000,0.446638,0.085874,0.417071,0.913269,-0.402696,0.060495,-0.010757,0.433490,2.244907,1.000000,0.156524,7.786446
5.390000,0.446311,0.085404,0.417112,0.913251,-0.402738,0.060492,-0.010745,0.433487,2.244144,1.000000,0.152995,7.747372
5.395000,0.445986,0.084934,0.417153,0.913233,-0.402780,0.060487,-0.010734,0.433486,2.243399,1.000000,0.149439,7.708753
5.400000,0.445663,0.084464,0.417195,0.913215,-0.402822,0.060480,-0.010724,0.433485,2.242671,1.000000,0.146047,7.669207
5.405000,0.445341,0.083995,0.417237,0.913197,-0.402865,0.060470,-0.010714,0.433484,2.241960,1.000000,0.142608,7.629774
5.410000,0.445020,0.083527,0.417278,0.913179,-0.402907,0.060457,-0.010705,0.433485,2.241266,1.000000,0.139154,7.590900
5.415000,0.444701,0.083059,0.417320,0.913161,-0.402950,0.060443,-0.010697,0.433485,2.240589,1.000000,0.135672,7.551740
5.420000,0.444383,0.082591,0.417362,0.913144,-0.402993,0.060425,-0.010690,0.433486,2.239930,1.000000,0.132184,7.512621
5.425000,0.444067,0.082124,0.417403,0.913126,-0.403036,0.060405,-0.010684,0.433489,2.239288,1.000000,0.128701,7.474059
5.430000,0.443752,0.081657,0.417445,0.913108,-0.403079,0.060383,-0.010679,0.433491,2.238663,1.000000,0.125193,7.435174
5.435000,0.443439,0.081191,0.417487,0.913091,-0.403123,0.060359,-0.010674,0.433493,2.238056,1.000000,0.121788,7.397240
5.440000,0.443126,0.080725,0.417529,0.913074,-0.403166,0.060332,-0.010671,0.433495,2.237466,1.000000,0.118318,7.359369
5.445000,0.442816,0.080260,0.417571,0.913056,-0.403209,0.060303,-0.010668,0.433499,2.236893,1.000000,0.114818,7.322074
5.450000,0.442506,0.079796,0.417613,0.913039,-0.403253,0.060272,-0.010666,0.433502,2.236338,1.000000,0.111269,7.284480
5.455000,0.442198,0.079332,0.417655,0.913022,-0.403296,0.060238,-0.010666,0.433505,2.235801,1.000000,0.107677,7.246992
5.460000,0.441892,0.078868,0.417698,0.913005,-0.403340,0.060202,-0.010666,0.433509,2.235282,1.000000,0.104063,7.209995
5.465000,0.441586,0.078406,0.417740,0.912989,-0.403383,0.060165,-0.010667,0.433513,2.234779,1.000000,0.100673,7.174161
5.470000,0.441282,0.077944,0.417783,0.912972,-0.403427,0.060125,-0.010669,0.433516,2.234294,1.000000,0.097184,7.138337
5.475000,0.440979,0.077482,0.417825,0.912956,-0.403470,0.060083,-0.010672,0.433520,2.233827,1.000000,0.093639,7.102885
5.480000,0.440678,0.077022,0.417868,0.912940,-0.403513,0.060039,-0.010676,0.433524,2.233377,1.000000,0.090039,7.067332
5.485000,0.440377,0.076562,0.417911,0.912923,-0.403556,0.059993,-0.010681,0.433527,2.232945,1.000000,0.086386,7.031840
5.490000,0.440078,0.076103,0.417954,0.912907,-0.403599,0.059946,-0.010687,0.433531,2.232532,1.000000,0.082725,6.996624
5.495000,0.439780,0.075645,0.417997,0.912892,-0.403642,0.059896,-0.010694,0.433534,2.232137,1.000000,0.079111,6.961424
5.500000,0.439483,0.075188,0.418040,0.912876,-0.403686,0.059846,-0.010702,0.433537,2.231759,1.000000,0.075651,6.925656
5.505000,0.439187,0.074731,0.418084,0.912860,-0.403729,0.059795,-0.010709,0.433539,2.231399,1.000000,0.072101,6.890064
5.510000,0.438892,0.074276,0.418127,0.912844,-0.403773,0.059744,-0.010717,0.433542,2.231057,1.000000,0.068465,6.854611
5.515000,0.438597,0.073821,0.418170,0.912828,-0.403816,0.059692,-0.010725,0.433544,2.230733,1.000000,0.064741,6.819195
5.520000,0.438304,0.073367,0.418213,0.912812,-0.403860,0.059639,-0.010734,0.433545,2.230428,1.000000,0.060948,6.783800
5.525000,0.438011,0.072914,0.418256,0.912795,-0.403904,0.059585,-0.010742,0.433546,2.230142,1.000000,0.057103,6.748691
5.530000,0.437719,0.072463,0.418299,0.912779,-0.403948,0.059531,-0.010751,0.433547,2.229876,1.000000,0.053198,6.713599
5.535000,0.437427,0.072012,0.418341,0.912763,-0.403993,0.059476,-0.010761,0.433547,2.229628,1.000000,0.049325,6.678103
5.540000,0.437136,0.071563,0.418383,0.912747,-0.404037,0.059420,-0.010770,0.433546,2.229401,1.000000,0.045438,6.643088
5.545000,0.436846,0.071115,0.418424,0.912731,-0.404081,0.059364,-0.010780,0.433546,2.229192,1.000000,0.041519,6.608116
5.550000,0.436557,0.070668,0.418465,0.912715,-0.404125,0.059308,-0.010791,0.433543,2.229004,1.000000,0.037568,6.572790
5.555000,0.436268,0.070222,0.418506,0.912699,-0.404169,0.059251,-0.010802,0.433541,2.228835,1.000000,0.033602,6.538130
5.560000,0.435981,0.069777,0.418546,0.912683,-0.404214,0.059193,-0.010813,0.433538,2.228686,1.000000,0.029628,6.503356
5.565000,0.435693,0.069334,0.418586,0.912667,-0.404258,0.059135,-0.010825,0.433533,2.228557,1.000000,0.025629,6.467972
5.570000,0.435406,0.068892,0.418626,0.912651,-0.404302,0.059077,-0.010837,0.433528,2.228448,1.000000,0.021602,6.433581
5.575000,0.435120,0.068451,0.418665,0.912635,-0.404347,0.059018,-0.010850,0.433524,2.228360,1.000000,0.017524,6.399366
5.580000,0.434835,0.068012,0.418704,0.912619,-0.404391,0.058959,-0.010863,0.433516,2.228291,1.000000,0.013401,6.364562
5.585000,0.434550,0.067574,0.418742,0.912603,-0.404436,0.058899,-0.010877,0.433509,2.228244,1.000000,0.009271,6.330718
5.590000,0.434265,0.067137,0.418780,0.912587,-0.404481,0.058838,-0.010891,0.433503,2.228217,1.000000,0.005142,6.296871
5.595000,0.433981,0.066702,0.418817,0.912571,-0.404526,0.058777,-0.010906,0.433497,2.228211,1.000000,0.001014,6.263030
5.600000,0.433697,0.066267,0.418854,0.912555,-0.404571,0.058716,-0.010921,0.433488,2.228222,1.000000,-0.003129,6.228582
5.605000,0.433413,0.065834,0.418890,0.912538,-0.404616,0.058654,-0.010937,0.433480,2.228251,1.000000,-0.007301,6.194750
5.610000,0.433130,0.065403,0.418926,0.912522,-0.404661,0.058591,-0.010953,0.433473,2.228295,1.000000,-0.011504,6.161082
5.615000,0.432847,0.064972,0.418961,0.912506,-0.404706,0.058528,-0.010969,0.433462,2.228357,1.000000,-0.015709,6.126847
5.620000,0.432564,0.064543,0.418996,0.912490,-0.404751,0.058464,-0.010986,0.433452,2.228436,1.000000,-0.019900,6.093445
5.625000,0.432282,0.064115,0.419030,0.912474,-0.404797,0.058399,-0.011003,0.433443,2.228531,1.000000,-0.024072,6.059976
5.630000,0.431999,0.063688,0.419063,0.912457,-0.404842,0.058333,-0.011021,0.433432,2.228643,1.000000,-0.028231,6.026028
5.635000,0.431717,0.063263,0.419096,0.912441,-0.404888,0.058267,-0.011040,0.433422,2.228771,1.000000,-0.032385,5.993450
5.640000,0.431435,0.062838,0.419128,0.912425,-0.404934,0.058199,-0.011058,0.433412,2.228917,1.000000,-0.036559,5.961050
5.645000,0.431153,0.062415,0.419159,0.912409,-0.404979,0.058132,-0.011078,0.433401,2.229078,1.000000,-0.040720,5.928303
5.650000,0.430871,0.061993,0.419190,0.912393,-0.405025,0.058063,-0.011098,0.433390,2.229257,1.000000,-0.044871,5.896297
5.655000,0.430589,0.061572,0.419220,0.912376,-0.405071,0.057994,-0.011118,0.433381,2.229452,1.000000,-0.049008,5.864133
5.660000,0.430307,0.061151,0.419250,0.912360,-0.405117,0.057924,-0.011139,0.433370,2.229663,1.000000,-0.053139,5.831743
5.665000,0.430025,0.060732,0.419279,0.912344,-0.405163,0.057854,-0.011160,0.433360,2.229891,1.000000,-0.057267,5.800050
5.670000,0.429743,0.060314,0.419308,0.912328,-0.405208,0.057783,-0.011182,0.433351,2.230136,1.000000,-0.061489,5.768664
5.675000,0.429462,0.059897,0.419336,0.912312,-0.405254,0.057711,-0.011205,0.433341,2.230398,1.000000,-0.065711,5.737165
5.680000,0.429180,0.059481,0.419364,0.912296,-0.405300,0.057639,-0.011228,0.433332,2.230677,1.000000,-0.069937,5.706303
5.685000,0.428898,0.059066,0.419391,0.912280,-0.405346,0.057566,-0.011251,0.433324,2.230972,1.000000,-0.074185,5.675429
5.690000,0.428615,0.058651,0.419417,0.912264,-0.405392,0.057493,-0.011275,0.433315,2.231285,1.000000,-0.078431,5.644560
5.695000,0.428333,0.058237,0.419443,0.912247,-0.405438,0.057419,-0.011299,0.433307,2.231614,1.000000,-0.082677,5.614258
5.700000,0.428050,0.057824,0.419469,0.912231,-0.405484,0.057345,-0.011324,0.433300,2.231961,1.000000,-0.086946,5.584010
5.705000,0.427767,0.057412,0.419494,0.912215,-0.405530,0.057270,-0.011350,0.433292,2.232325,1.000000,-0.091246,5.553169
5.710000,0.427484,0.057001,0.419518,0.912199,-0.405576,0.057194,-0.011376,0.433285,2.232706,1.000000,-0.095552,5.522856
5.715000,0.427200,0.056590,0.419542,0.912183,-0.405622,0.057118,-0.011403,0.433279,2.233104,1.000000,-0.099893,5.492810
5.720000,0.426916,0.056180,0.419566,0.912167,-0.405668,0.057040,-0.011430,0.433273,2.233520,1.000000,-0.104230,5.462945
5.725000,0.426631,0.055771,0.419588,0.912151,-0.405714,0.056962,-0.011457,0.433267,2.233953,1.000000,-0.108553,5.433534
5.730000,0.426346,0.055362,0.419611,0.912135,-0.405761,0.056884,-0.011485,0.433262,2.234403,1.000000,-0.112861,5.404107
5.735000,0.426061,0.054953,0.419632,0.912119,-0.405807,0.056804,-0.011514,0.433257,2.234870,1.000000,-0.117153,5.374831
5.740000,0.425775,0.054546,0.419653,0.912103,-0.405853,0.056724,-0.011543,0.433253,2.235355,1.000000,-0.121339,5.346395
5.745000,0.425489,0.054138,0.419673,0.912087,-0.405899,0.056643,-0.011572,0.433249,2.235856,1.000000,-0.125541,5.318091
5.750000,0.425202,0.053732,0.419692,0.912072,-0.405945,0.056562,-0.011602,0.433245,2.236373,1.000000,-0.129741,5.290035
5.755000,0.424914,0.053325,0.419711,0.912056,-0.405991,0.056479,-0.011633,0.433242,2.236908,1.000000,-0.133930,5.262320
5.760000,0.424627,0.052920,0.419729,0.912040,-0.406037,0.056396,-0.011664,0.433239,2.237459,1.000000,-0.138118,5.234810
5.765000,0.424338,0.052514,0.419747,0.912024,-0.406083,0.056313,-0.011696,0.433237,2.238027,1.000000,-0.142303,5.207616
5.770000,0.424049,0.052109,0.419763,0.912009,-0.406129,0.056229,-0.011728,0.433235,2.238612,1.000000,-0.146473,5.180725
5.775000,0.423760,0.051705,0.419780,0.911993,-0.406175,0.056144,-0.011761,0.433233,2.239213,1.000000,-0.150458,5.154464
5.780000,0.423470,0.051301,0.419795,0.911978,-0.406220,0.056059,-0.011795,0.433231,2.239830,1.000000,-0.154431,5.128439
5.785000,0.423180,0.050897,0.419810,0.911962,-0.406265,0.055973,-0.011829,0.433230,2.240462,1.000000,-0.158382,5.102885
5.790000,0.422889,0.050494,0.419824,0.911947,-0.406310,0.055888,-0.011863,0.433230,2.241111,1.000000,-0.162321,5.077499
5.795000,0.422598,0.050091,0.419838,0.911932,-0.406355,0.055802,-0.011899,0.433229,2.241775,1.000000,-0.166258,5.052357
5.800000,0.422307,0.049689,0.419851,0.911917,-0.406399,0.055716,-0.011935,0.433229,2.242454,1.000000,-0.170187,5.027739
5.805000,0.422015,0.049287,0.419864,0.911902,-0.406444,0.055630,-0.011971,0.433230,2.243149,1.000000,-0.173916,5.002234
5.810000,0.421723,0.048885,0.419876,0.911887,-0.406487,0.055544,-0.012008,0.433230,2.243859,1.000000,-0.177580,4.977011
5.815000,0.421431,0.048484,0.419888,0.911873,-0.406531,0.055459,-0.012046,0.433231,2.244583,1.000000,-0.181188,4.952332
5.820000,0.421138,0.048083,0.419899,0.911858,-0.406574,0.055373,-0.012083,0.433232,2.245322,1.000000,-0.184753,4.927857
5.825000,0.420845,0.047683,0.419910,0.911844,-0.406617,0.055288,-0.012121,0.433233,2.246074,1.000000,-0.188300,4.903658
5.830000,0.420552,0.047283,0.419920,0.911829,-0.406660,0.055203,-0.012159,0.433235,2.246841,1.000000,-0.191823,4.880033
5.835000,0.420258,0.046883,0.419930,0.911815,-0.406702,0.055119,-0.012197,0.433237,2.247622,1.000000,-0.195322,4.856694
5.840000,0.419964,0.046483,0.419940,0.911801,-0.406744,0.055035,-0.012235,0.433238,2.248416,1.000000,-0.198585,4.832381
5.845000,0.419670,0.046084,0.419950,0.911787,-0.406785,0.054951,-0.012274,0.433240,2.249223,1.000000,-0.201743,4.808707
5.850000,0.419376,0.045685,0.419959,0.911773,-0.406826,0.054869,-0.012311,0.433243,2.250043,1.000000,-0.204812,4.785305
5.855000,0.419082,0.045286,0.419967,0.911759,-0.406867,0.054787,-0.012349,0.433245,2.250874,1.000000,-0.207831,4.762205
5.860000,0.418788,0.044888,0.419976,0.911746,-0.406907,0.054705,-0.012386,0.433247,2.251718,1.000000,-0.210808,4.739700
5.865000,0.418493,0.044489,0.419984,0.911732,-0.406947,0.054625,-0.012423,0.433250,2.252573,1.000000,-0.213738,4.717510
5.870000,0.418199,0.044091,0.419992,0.911719,-0.406987,0.054545,-0.012459,0.433252,2.253440,1.000000,-0.216623,4.695348
5.875000,0.417905,0.043694,0.419999,0.911706,-0.407026,0.054467,-0.012495,0.433255,2.254317,1.000000,-0.219177,4.672902
5.880000,0.417610,0.043296,0.420007,0.911693,-0.407064,0.054389,-0.012530,0.433257,2.255204,1.000000,-0.221624,4.650815
5.885000,0.417316,0.042899,0.420014,0.911680,-0.407102,0.054313,-0.012564,0.433260,2.256101,1.000000,-0.224023,4.629385
5.890000,0.417022,0.042502,0.420021,0.911667,-0.407139,0.054238,-0.012597,0.433262,2.257008,1.000000,-0.226376,4.608553
5.895000,0.416728,0.042105,0.420028,0.911655,-0.407176,0.054164,-0.012630,0.433265,2.257924,1.000000,-0.228683,4.588096
5.900000,0.416435,0.041708,0.420034,0.911642,-0.407212,0.054092,-0.012661,0.433267,2.258849,1.000000,-0.230963,4.568013
5.905000,0.416141,0.041312,0.420041,0.911630,-0.407248,0.054021,-0.012691,0.433270,2.259783,1.000000,-0.233224,4.548451
5.910000,0.415848,0.040916,0.420047,0.911618,-0.407283,0.053952,-0.012720,0.433272,2.260724,1.000000,-0.235111,4.528677
5.915000,0.415556,0.040520,0.420054,0.911606,-0.407318,0.053885,-0.012748,0.433274,2.261673,1.000000,-0.236923,4.509317
5.920000,0.415263,0.040125,0.420060,0.911595,-0.407351,0.053819,-0.012775,0.433276,2.262630,1.000000,-0.238676,4.490388
5.925000,0.414972,0.039730,0.420067,0.911583,-0.407385,0.053755,-0.012800,0.433277,2.263593,1.000000,-0.240389,4.471938
5.930000,0.414680,0.039335,0.420073,0.911572,-0.407417,0.053693,-0.012824,0.433279,2.264563,1.000000,-0.242088,4.454123
5.935000,0.414389,0.038941,0.420080,0.911561,-0.407449,0.053633,-0.012846,0.433279,2.265540,1.000000,-0.243770,4.436822
5.940000,0.414099,0.038547,0.420087,0.911550,-0.407480,0.053575,-0.012867,0.433280,2.266523,1.000000,-0.245439,4.420094
5.945000,0.413809,0.038154,0.420094,0.911540,-0.407511,0.053519,-0.012886,0.433280,2.267512,1.000000,-0.246690,4.401831
5.950000,0.413520,0.037762,0.420100,0.911529,-0.407541,0.053464,-0.012903,0.433281,2.268505,1.000000,-0.247868,4.383893
5.955000,0.413231,0.037370,0.420108,0.911519,-0.407570,0.053412,-0.012919,0.433280,2.269503,1.000000,-0.248985,4.366253
5.960000,0.412944,0.036978,0.420115,0.911509,-0.407599,0.053362,-0.012933,0.433280,2.270505,1.000000,-0.250082,4.349334
5.965000,0.412657,0.036588,0.420122,0.911499,-0.407627,0.053315,-0.012945,0.433279,2.271512,1.000000,-0.251164,4.333046
5.970000,0.412370,0.036198,0.420130,0.911489,-0.407654,0.053269,-0.012956,0.433277,2.272523,1.000000,-0.252209,4.316990
5.975000,0.412085,0.035809,0.420138,0.911480,-0.407681,0.053225,-0.012964,0.433274,2.273537,1.000000,-0.252932,4.300336
5.980000,0.411800,0.035421,0.420146,0.911470,-0.407707,0.053184,-0.012971,0.433273,2.274554,1.000000,-0.253608,4.284116
5.985000,0.411516,0.035034,0.420154,0.911461,-0.407732,0.053145,-0.012975,0.433268,2.275573,1.000000,-0.254225,4.268012
5.990000,0.411233,0.034648,0.420163,0.911452,-0.407757,0.053108,-0.012978,0.433265,2.276596,1.000000,-0.254951,4.252689
5.995000,0.410951,0.034263,0.420172,0.911444,-0.407781,0.053073,-0.012979,0.433261,2.277621,1.000000,-0.255810,4.237817
6.000000,0.410670,0.033880,0.420181,0.911435,-0.407805,0.053039,-0.012978,0.433255,2.278650,1.000000,-0.256731,4.223007
6.005000,0.410389,0.033498,0.420190,0.911426,-0.407828,0.053006,-0.012976,0.433250,2.279682,1.000000,-0.257701,4.209066
6.010000,0.410108,0.033118,0.420199,0.911418,-0.407851,0.052974,-0.012973,0.433245,2.280718,1.000000,-0.258415,4.194846
6.015000,0.409829,0.032740,0.420208,0.911410,-0.407874,0.052943,-0.012967,0.433237,2.281756,1.000000,-0.259069,4.180654
6.020000,0.409550,0.032364,0.420217,0.911402,-0.407896,0.052913,-0.012961,0.433230,2.282797,1.000000,-0.259704,4.167334
6.025000,0.409271,0.031990,0.420227,0.911394,-0.407918,0.052884,-0.012952,0.433223,2.283840,1.000000,-0.260290,4.154410
6.030000,0.408993,0.031618,0.420237,0.911386,-0.407940,0.052856,-0.012942,0.433215,2.284886,1.000000,-0.260833,4.141514
6.035000,0.408716,0.031248,0.420248,0.911378,-0.407962,0.052829,-0.012931,0.433207,2.285933,1.000000,-0.261384,4.129479
6.036100,0.408606,0.031101,0.420252,0.911375,-0.407970,0.052818,-0.012926,0.433199,2.286163,1.000000,-0.260938,4.125246
