{
  "skill_name": "recip_line_1",
  "match_ms": 401.381,
  "j_end": 458,
  "s": 0.98900564,
  "t": [
    0.01045297,
    0.08541009,
    0.0614777
  ],
  "R": [
    [
      0.99801452,
      0.0420279,
      -0.04691128
    ],
    [
      -0.04989383,
      0.98210674,
      -0.18159558
    ],
    [
      0.0384398,
      0.18357561,
      0.98225372
    ]
  ]
}
