{
  "skill_name": "circle3_2",
  "match_ms": 1560.026,
  "j_end": 378,
  "s": 0.9587545,
  "t": [
    0.0838393,
    -0.13858636,
    0.0308955
  ],
  "R": [
    [
      0.87137708,
      -0.48411436,
      0.07959446
    ],
    [
      0.48006567,
      0.8748072,
      0.06518677
    ],
    [
      -0.10118766,
      -0.01859169,
      0.99469362
    ]
  ]
}
