{
  "skill_name": "arc2_2",
  "match_ms": 2548.231,
  "j_end": 688,
  "s": 1.0068435,
  "t": [
    -0.0261299,
    0.03393098,
    -0.03771253
  ],
  "R": [
    [
      0.80594796,
      -0.59030393,
      -0.04460002
    ],
    [
      0.58700749,
      0.80664891,
      -0.0688458
    ],
    [
      0.0766165,
      0.02930559,
      0.99662987
    ]
  ]
}
