{
  "skill_name": "circle2_1",
  "match_ms": 1256.162,
  "j_end": 198,
  "s": 1.39206989,
  "t": [
    -0.08411579,
    -0.01511775,
    -0.09447227
  ],
  "R": [
    [
      0.51271531,
      -0.77878444,
      0.36141086
    ],
    [
      0.79760233,
      0.58783965,
      0.13518534
    ],
    [
      -0.31773187,
      0.21895055,
      0.92255467
    ]
  ]
}
