{
  "skill_name": "lc1_5",
  "match_ms": 3988.378,
  "j_end": 798,
  "s": 0.79454019,
  "t": [
    0.08506443,
    -0.04587588,
    0.01956684
  ],
  "R": [
    [
      0.76830896,
      0.63896848,
      -0.03769105
    ],
    [
      -0.63423279,
      0.76791093,
      0.08978627
    ],
    [
      0.08631396,
      -0.0450787,
      0.99524761
    ]
  ]
}
