{
  "skill_name": "arc1_3",
  "match_ms": 3332.991,
  "j_end": 948,
  "s": 0.82505787,
  "t": [
    0.11853575,
    0.08376752,
    0.06260051
  ],
  "R": [
    [
      0.88415374,
      -0.41598122,
      -0.21267767
    ],
    [
      0.39537822,
      0.90873193,
      -0.13372485
    ],
    [
      0.24889402,
      0.03414521,
      0.96792865
    ]
  ]
}
