{
  "skill_name": "circle3_1",
  "match_ms": 1528.752,
  "j_end": 348,
  "s": 0.93793397,
  "t": [
    -0.1764915,
    -0.01318943,
    0.62553555
  ],
  "R": [
    [
      0.17302066,
      -0.25655326,
      0.9509176
    ],
    [
      0.40245163,
      0.89961511,
      0.1694855
    ],
    [
      -0.8989419,
      0.35337385,
      0.25890228
    ]
  ]
}
