{
  "skill_name": "circle1_3",
  "match_ms": 1153.99,
  "j_end": 468,
  "s": 0.63823665,
  "t": [
    0.35616943,
    0.00048688,
    0.65983651
  ],
  "R": [
    [
      0.60202382,
      0.47777749,
      -0.63976244
    ],
    [
      0.7042106,
      -0.69536535,
      0.14336829
    ],
    [
      -0.37637049,
      -0.53683862,
      -0.75508248
    ]
  ]
}
