time,x,y,z,qx,qy,qz,qw,alpha,tank_energy,passivity_lambda,passivity_power,autonomy_wrench_norm
0.000000,0.434984,0.046398,0.402791,0.956398,-0.291930,-0.003253,0.008312,0.018602,2.000000,1.000000,0.000000,0.000000
0.005000,0.434984,0.046398,0.402791,0.956398,-0.291930,-0.003253,0.008312,0.035344,2.000000,1.000000,0.000098,0.673069
0.010000,0.434984,0.046399,0.402792,0.956398,-0.291929,-0.003253,0.008312,0.050412,1.999999,1.000000,0.000184,0.662556
0.015000,0.434984,0.046401,0.402792,0.956399,-0.291928,-0.003253,0.008312,0.063972,1.999998,1.000000,0.000239,0.652206
0.020000,0.434983,0.046403,0.402793,0.956399,-0.291927,-0.003253,0.008312,0.076177,1.999997,1.000000,0.000273,0.642001
0.025000,0.434983,0.046405,0.402794,0.956399,-0.291926,-0.003253,0.008313,0.087160,1.999995,1.000000,0.000291,0.631947
0.030000,0.434982,0.046408,0.402795,0.956400,-0.291925,-0.003252,0.008313,0.097046,1.999994,1.000000,0.000299,0.622046
0.035000,0.434982,0.046410,0.402796,0.956400,-0.291924,-0.003252,0.008314,0.105942,1.999992,1.000000,0.000300,0.612384
0.040000,0.434982,0.046413,0.402798,0.956400,-0.291923,-0.003251,0.008315,0.113949,1.999991,1.000000,0.000295,0.602962
0.045000,0.434981,0.046415,0.402799,0.956400,-0.291923,-0.003251,0.008315,0.121155,1.999989,1.000000,0.000286,0.593727
0.050000,0.434981,0.046417,0.402801,0.956400,-0.291922,-0.003250,0.008316,0.127641,1.999988,1.000000,0.000275,0.584644
0.055000,0.434980,0.046419,0.402802,0.956400,-0.291922,-0.003249,0.008317,0.133478,1.999987,1.000000,0.000262,0.575819
0.060000,0.434980,0.046421,0.402804,0.956400,-0.291922,-0.003248,0.008318,0.138731,1.999985,1.000000,0.000248,0.567350
0.065000,0.434979,0.046423,0.402805,0.956400,-0.291922,-0.003247,0.008319,0.143459,1.999984,1.000000,0.000235,0.559142
0.070000,0.434979,0.046424,0.402807,0.956400,-0.291923,-0.003246,0.008320,0.147714,1.999983,1.000000,0.000221,0.551119
0.075000,0.434978,0.046425,0.402808,0.956400,-0.291924,-0.003245,0.008321,0.151544,1.999982,1.000000,0.000208,0.543454
0.080000,0.434978,0.046426,0.402810,0.956399,-0.291925,-0.003244,0.008323,0.154990,1.999981,1.000000,0.000195,0.536099
0.085000,0.434977,0.046427,0.402812,0.956399,-0.291927,-0.003243,0.008324,0.158092,1.999980,1.000000,0.000183,0.529072
0.090000,0.434977,0.046427,0.402813,0.956398,-0.291929,-0.003241,0.008325,0.160884,1.999979,1.000000,0.000172,0.522435
0.095000,0.434976,0.046427,0.402815,0.956397,-0.291932,-0.003240,0.008326,0.163396,1.999978,1.000000,0.000162,0.516171
0.100000,0.434976,0.046427,0.402816,0.956396,-0.291935,-0.003239,0.008328,0.165658,1.999978,1.000000,0.000153,0.510220
0.105000,0.434975,0.046426,0.402818,0.956395,-0.291938,-0.003238,0.008329,0.167693,1.999977,1.000000,0.000146,0.504447
0.110000,0.434975,0.046426,0.402819,0.956394,-0.291942,-0.003237,0.008331,0.169525,1.999976,1.000000,0.000141,0.498989
0.115000,0.434974,0.046424,0.402821,0.956393,-0.291946,-0.003235,0.008332,0.171173,1.999975,1.000000,0.000137,0.493827
0.120000,0.434974,0.046423,0.402822,0.956392,-0.291951,-0.003234,0.008334,0.172657,1.999975,1.000000,0.000135,0.488926
0.125000,0.434973,0.046421,0.402823,0.956390,-0.291956,-0.003233,0.008336,0.173993,1.999974,1.000000,0.000135,0.484280
0.130000,0.434973,0.046419,0.402824,0.956388,-0.291961,-0.003232,0.008337,0.175194,1.999973,1.000000,0.000137,0.479921
0.135000,0.434972,0.046417,0.402826,0.956387,-0.291967,-0.003231,0.008339,0.176276,1.999973,1.000000,0.000141,0.475896
0.140000,0.434972,0.046414,0.402827,0.956385,-0.291973,-0.003230,0.008341,0.177250,1.999972,1.000000,0.000147,0.471897
0.145000,0.434971,0.046411,0.402828,0.956383,-0.291979,-0.003229,0.008343,0.178126,1.999971,1.000000,0.000155,0.468257
0.150000,0.434971,0.046408,0.402829,0.956381,-0.291986,-0.003228,0.008345,0.178915,1.999970,1.000000,0.000165,0.464945
0.155000,0.434970,0.046404,0.402830,0.956378,-0.291994,-0.003227,0.008346,0.179624,1.999969,1.000000,0.000177,0.461956
0.160000,0.434970,0.046400,0.402831,0.956376,-0.292001,-0.003226,0.008348,0.180263,1.999968,1.000000,0.000191,0.459309
0.165000,0.434969,0.046396,0.402832,0.956374,-0.292009,-0.003225,0.008350,0.180838,1.999967,1.000000,0.000208,0.457019
0.170000,0.434969,0.046391,0.402832,0.956371,-0.292018,-0.003224,0.008352,0.181356,1.999966,1.000000,0.000230,0.455089
0.175000,0.434969,0.046386,0.402833,0.956368,-0.292027,-0.003223,0.008354,0.181821,1.999965,1.000000,0.000256,0.453473
0.180000,0.434968,0.046381,0.402834,0.956365,-0.292036,-0.003222,0.008356,0.182241,1.999964,1.000000,0.000286,0.452264
0.185000,0.434968,0.046375,0.402835,0.956362,-0.292046,-0.003221,0.008358,0.182618,1.999962,1.000000,0.000321,0.451428
0.190000,0.434968,0.046368,0.402836,0.956359,-0.292057,-0.003220,0.008360,0.182957,1.999960,1.000000,0.000362,0.450967
0.195000,0.434968,0.046361,0.402837,0.956355,-0.292069,-0.003219,0.008363,0.183263,1.999958,1.000000,0.000408,0.450885
0.200000,0.434968,0.046352,0.402837,0.956351,-0.292082,-0.003218,0.008365,0.183538,1.999956,1.000000,0.000460,0.451192
0.205000,0.434968,0.046344,0.402838,0.956347,-0.292095,-0.003217,0.008367,0.183786,1.999953,1.000000,0.000517,0.451880
0.210000,0.434968,0.046334,0.402839,0.956343,-0.292109,-0.003216,0.008369,0.184009,1.999951,1.000000,0.000581,0.452945
0.215000,0.434968,0.046323,0.402840,0.956338,-0.292124,-0.003215,0.008372,0.184209,1.999947,1.000000,0.000652,0.454378
0.220000,0.434969,0.046312,0.402841,0.956333,-0.292140,-0.003214,0.008374,0.184390,1.999944,1.000000,0.000730,0.456182
0.225000,0.434969,0.046300,0.402842,0.956328,-0.292157,-0.003213,0.008377,0.184553,1.999940,1.000000,0.000815,0.458354
0.230000,0.434970,0.046286,0.402843,0.956323,-0.292175,-0.003211,0.008379,0.184699,1.999935,1.000000,0.000907,0.460879
0.235000,0.434970,0.046272,0.402843,0.956317,-0.292194,-0.003210,0.008381,0.184831,1.999931,1.000000,0.001007,0.463758
0.240000,0.434971,0.046257,0.402844,0.956311,-0.292214,-0.003209,0.008384,0.184949,1.999925,1.000000,0.001114,0.466975
0.245000,0.434972,0.046241,0.402845,0.956304,-0.292235,-0.003208,0.008386,0.185056,1.999919,1.000000,0.001227,0.470472
0.250000,0.434973,0.046223,0.402846,0.956297,-0.292258,-0.003206,0.008389,0.185152,1.999912,1.000000,0.001349,0.474263
0.255000,0.434974,0.046205,0.402847,0.956290,-0.292281,-0.003205,0.008391,0.185238,1.999905,1.000000,0.001480,0.478342
0.260000,0.434976,0.046185,0.402848,0.956283,-0.292306,-0.003204,0.008394,0.185316,1.999897,1.000000,0.001620,0.482693
0.265000,0.434977,0.046164,0.402848,0.956275,-0.292332,-0.003202,0.008397,0.185386,1.999889,1.000000,0.001769,0.487369
0.270000,0.434979,0.046142,0.402849,0.956266,-0.292359,-0.003201,0.008399,0.185450,1.999879,1.000000,0.001928,0.492324
0.275000,0.434981,0.046119,0.402850,0.956257,-0.292388,-0.003199,0.008402,0.185506,1.999869,1.000000,0.002096,0.497166
0.280000,0.434983,0.046094,0.402851,0.956248,-0.292418,-0.003197,0.008405,0.185558,1.999858,1.000000,0.002280,0.502248
0.285000,0.434985,0.046067,0.402852,0.956239,-0.292449,-0.003194,0.008409,0.185604,1.999846,1.000000,0.002479,0.507558
0.290000,0.434988,0.046039,0.402853,0.956229,-0.292482,-0.003191,0.008413,0.185645,1.999832,1.000000,0.002692,0.513113
0.295000,0.434991,0.046009,0.402855,0.956218,-0.292517,-0.003187,0.008418,0.185683,1.999818,1.000000,0.002917,0.518855
0.300000,0.434995,0.045978,0.402856,0.956207,-0.292553,-0.003183,0.008423,0.185716,1.999803,1.000000,0.003154,0.524780
0.305000,0.434999,0.045945,0.402857,0.956195,-0.292590,-0.003178,0.008429,0.185747,1.999786,1.000000,0.003402,0.530874
0.310000,0.435003,0.045909,0.402859,0.956183,-0.292630,-0.003172,0.008435,0.185774,1.999768,1.000000,0.003653,0.536384
0.315000,0.435008,0.045872,0.402861,0.956171,-0.292670,-0.003165,0.008442,0.185798,1.999749,1.000000,0.003927,0.542121
0.320000,0.435013,0.045833,0.402863,0.956158,-0.292713,-0.003158,0.008449,0.185821,1.999728,1.000000,0.004217,0.548004
0.325000,0.435019,0.045792,0.402865,0.956144,-0.292758,-0.003149,0.008458,0.185841,1.999706,1.000000,0.004524,0.554008
0.330000,0.435025,0.045748,0.402867,0.956130,-0.292804,-0.003140,0.008467,0.185859,1.999682,1.000000,0.004844,0.560161
0.335000,0.435032,0.045702,0.402869,0.956115,-0.292853,-0.003130,0.008477,0.185875,1.999657,1.000000,0.005179,0.566445
0.340000,0.435039,0.045654,0.402872,0.956099,-0.292903,-0.003119,0.008487,0.185890,1.999630,1.000000,0.005527,0.572839
0.345000,0.435046,0.045604,0.402875,0.956083,-0.292956,-0.003108,0.008498,0.185903,1.999601,1.000000,0.005875,0.578428
0.350000,0.435055,0.045551,0.402878,0.956066,-0.293011,-0.003095,0.008510,0.185915,1.999570,1.000000,0.006247,0.584223
0.355000,0.435063,0.045495,0.402881,0.956049,-0.293068,-0.003081,0.008522,0.185925,1.999537,1.000000,0.006637,0.590118
0.360000,0.435072,0.045437,0.402884,0.956030,-0.293127,-0.003067,0.008536,0.185935,1.999503,1.000000,0.007044,0.596079
0.365000,0.435082,0.045376,0.402887,0.956011,-0.293189,-0.003051,0.008550,0.185944,1.999466,1.000000,0.007465,0.602089
0.370000,0.435092,0.045313,0.402891,0.955992,-0.293253,-0.003035,0.008565,0.185952,1.999427,1.000000,0.007899,0.608162
0.375000,0.435103,0.045247,0.402894,0.955971,-0.293320,-0.003017,0.008581,0.185959,1.999386,1.000000,0.008346,0.614403
0.380000,0.435115,0.045178,0.402898,0.955950,-0.293389,-0.002999,0.008597,0.185965,1.999343,1.000000,0.008788,0.619567
0.385000,0.435127,0.045106,0.402902,0.955928,-0.293461,-0.002980,0.008615,0.185971,1.999297,1.000000,0.009257,0.624948
0.390000,0.435139,0.045031,0.402907,0.955905,-0.293535,-0.002959,0.008633,0.185976,1.999249,1.000000,0.009743,0.630386
0.395000,0.435152,0.044953,0.402911,0.955881,-0.293613,-0.002938,0.008652,0.185981,1.999199,1.000000,0.010245,0.635860
0.400000,0.435166,0.044872,0.402916,0.955856,-0.293693,-0.002915,0.008671,0.185986,1.999146,1.000000,0.010759,0.641372
0.405000,0.435181,0.044787,0.402921,0.955830,-0.293776,-0.002892,0.008692,0.185990,1.999090,1.000000,0.011284,0.646926
0.410000,0.435196,0.044700,0.402926,0.955804,-0.293862,-0.002867,0.008714,0.185993,1.999032,1.000000,0.011820,0.652541
0.415000,0.435211,0.044609,0.402931,0.955776,-0.293951,-0.002842,0.008736,0.185996,1.998971,1.000000,0.012342,0.657000
0.420000,0.435228,0.044515,0.402936,0.955748,-0.294043,-0.002815,0.008759,0.185999,1.998908,1.000000,0.012891,0.661781
0.425000,0.435244,0.044417,0.402942,0.955719,-0.294138,-0.002788,0.008783,0.186002,1.998841,1.000000,0.013456,0.666607
0.430000,0.435262,0.044316,0.402948,0.955688,-0.294236,-0.002759,0.008807,0.186004,1.998772,1.000000,0.014031,0.671444
0.435000,0.435280,0.044212,0.402954,0.955657,-0.294337,-0.002729,0.008832,0.186007,1.998700,1.000000,0.014616,0.676312
0.440000,0.435299,0.044104,0.402961,0.955625,-0.294441,-0.002698,0.008858,0.186009,1.998625,1.000000,0.015209,0.681224
0.445000,0.435319,0.043992,0.402968,0.955592,-0.294548,-0.002666,0.008884,0.186011,1.998547,1.000000,0.015793,0.685213
0.450000,0.435339,0.043877,0.402975,0.955557,-0.294659,-0.002633,0.008911,0.186012,1.998466,1.000000,0.016393,0.689387
0.455000,0.435360,0.043758,0.402983,0.955522,-0.294773,-0.002598,0.008938,0.186014,1.998382,1.000000,0.017004,0.693636
0.460000,0.435381,0.043636,0.402991,0.955486,-0.294890,-0.002563,0.008965,0.186015,1.998295,1.000000,0.017624,0.697932
0.465000,0.435404,0.043510,0.403000,0.955449,-0.295010,-0.002526,0.008993,0.186017,1.998205,1.000000,0.018252,0.702373
0.470000,0.435426,0.043380,0.403009,0.955410,-0.295133,-0.002488,0.009021,0.186018,1.998111,1.000000,0.018884,0.706846
0.475000,0.435450,0.043246,0.403019,0.955371,-0.295260,-0.002449,0.009049,0.186019,1.998015,1.000000,0.019514,0.711316
0.480000,0.435474,0.043109,0.403029,0.955331,-0.295389,-0.002409,0.009077,0.186020,1.997915,1.000000,0.020129,0.714839
0.485000,0.435499,0.042969,0.403040,0.955290,-0.295522,-0.002367,0.009105,0.186021,1.997812,1.000000,0.020752,0.718575
0.490000,0.435524,0.042824,0.403051,0.955247,-0.295658,-0.002325,0.009134,0.186022,1.997707,1.000000,0.021380,0.722371
0.495000,0.435550,0.042676,0.403062,0.955204,-0.295797,-0.002282,0.009162,0.186023,1.997598,1.000000,0.022008,0.726212
0.500000,0.435577,0.042524,0.403074,0.955160,-0.295939,-0.002237,0.009189,0.186023,1.997485,1.000000,0.022636,0.730106
0.505000,0.435605,0.042368,0.403087,0.955115,-0.296084,-0.002192,0.009217,0.186024,1.997370,1.000000,0.023262,0.734046
0.510000,0.435633,0.042209,0.403100,0.955069,-0.296232,-0.002146,0.009244,0.186025,1.997252,1.000000,0.023885,0.738063
0.515000,0.435662,0.042046,0.403113,0.955022,-0.296383,-0.002098,0.009270,0.186026,1.997130,1.000000,0.024475,0.740759
0.520000,0.435691,0.041880,0.403127,0.954974,-0.296537,-0.002050,0.009296,0.186026,1.997006,1.000000,0.025076,0.743730
0.525000,0.435722,0.041710,0.403142,0.954925,-0.296693,-0.002000,0.009322,0.186027,1.996879,1.000000,0.025680,0.746752
0.530000,0.435753,0.041536,0.403157,0.954876,-0.296853,-0.001950,0.009348,0.186027,1.996748,1.000000,0.026278,0.749782
0.535000,0.435784,0.041359,0.403173,0.954825,-0.297015,-0.001898,0.009373,0.186028,1.996615,1.000000,0.026873,0.752852
0.540000,0.435817,0.041177,0.403190,0.954773,-0.297180,-0.001845,0.009397,0.186028,1.996479,1.000000,0.027466,0.756081
0.545000,0.435850,0.040993,0.403207,0.954721,-0.297348,-0.001790,0.009421,0.186029,1.996340,1.000000,0.028058,0.759445
0.550000,0.435883,0.040805,0.403226,0.954668,-0.297519,-0.001735,0.009444,0.186030,1.996198,1.000000,0.028582,0.761048
0.555000,0.435918,0.040613,0.403244,0.954614,-0.297692,-0.001678,0.009466,0.186030,1.996053,1.000000,0.029120,0.762951
0.560000,0.435953,0.040417,0.403264,0.954559,-0.297868,-0.001619,0.009488,0.186030,1.995906,1.000000,0.029660,0.764905
0.565000,0.435988,0.040218,0.403285,0.954503,-0.298047,-0.001559,0.009510,0.186031,1.995756,1.000000,0.030191,0.766886
0.570000,0.436025,0.040015,0.403307,0.954446,-0.298228,-0.001497,0.009531,0.186031,1.995604,1.000000,0.030715,0.768920
0.575000,0.436062,0.039808,0.403330,0.954388,-0.298413,-0.001433,0.009551,0.186032,1.995448,1.000000,0.031235,0.771157
0.580000,0.436100,0.039598,0.403354,0.954330,-0.298599,-0.001368,0.009571,0.186032,1.995291,1.000000,0.031746,0.773470
0.585000,0.436138,0.039385,0.403379,0.954270,-0.298789,-0.001301,0.009590,0.186033,1.995131,1.000000,0.032201,0.774639
0.590000,0.436177,0.039167,0.403406,0.954210,-0.298981,-0.001232,0.009608,0.186033,1.994969,1.000000,0.032661,0.776080
0.595000,0.436216,0.038946,0.403434,0.954149,-0.299176,-0.001161,0.009625,0.186033,1.994804,1.000000,0.033109,0.777568
0.600000,0.436257,0.038722,0.403463,0.954087,-0.299373,-0.001088,0.009642,0.186034,1.994637,1.000000,0.033543,0.779107
0.605000,0.436297,0.038494,0.403493,0.954024,-0.299573,-0.001013,0.009657,0.186034,1.994468,1.000000,0.033965,0.780754
0.610000,0.436339,0.038262,0.403525,0.953960,-0.299776,-0.000936,0.009672,0.186035,1.994298,1.000000,0.034375,0.782605
0.615000,0.436380,0.038028,0.403558,0.953896,-0.299981,-0.000858,0.009686,0.186035,1.994125,1.000000,0.034712,0.783578
0.620000,0.436423,0.037789,0.403593,0.953830,-0.300189,-0.000776,0.009699,0.186035,1.993951,1.000000,0.035048,0.784836
0.625000,0.436465,0.037547,0.403630,0.953764,-0.300399,-0.000693,0.009711,0.186036,1.993775,1.000000,0.035387,0.786187
0.630000,0.436509,0.037302,0.403668,0.953697,-0.300611,-0.000609,0.009721,0.186036,1.993597,1.000000,0.035687,0.787596
0.635000,0.436552,0.037054,0.403707,0.953629,-0.300826,-0.000522,0.009730,0.186037,1.993418,1.000000,0.035959,0.789093
0.640000,0.436596,0.036803,0.403748,0.953561,-0.301043,-0.000435,0.009737,0.186037,1.993238,1.000000,0.036209,0.790763
0.645000,0.436640,0.036549,0.403790,0.953491,-0.301262,-0.000346,0.009741,0.186037,1.993056,1.000000,0.036441,0.792600
0.650000,0.436683,0.036292,0.403834,0.953421,-0.301484,-0.000256,0.009744,0.186038,1.992874,1.000000,0.036558,0.793988
0.655000,0.436728,0.036032,0.403879,0.953351,-0.301708,-0.000166,0.009744,0.186038,1.992692,1.000000,0.036678,0.795630
0.660000,0.436772,0.035769,0.403926,0.953279,-0.301935,-0.000074,0.009742,0.186039,1.992508,1.000000,0.036788,0.797384
0.665000,0.436816,0.035503,0.403974,0.953206,-0.302163,0.000019,0.009737,0.186039,1.992325,1.000000,0.036880,0.799296
0.670000,0.436861,0.035235,0.404023,0.953133,-0.302394,0.000112,0.009731,0.186039,1.992141,1.000000,0.036960,0.801315
0.675000,0.436905,0.034963,0.404074,0.953059,-0.302627,0.000207,0.009722,0.186040,1.991956,1.000000,0.037019,0.803520
0.680000,0.436950,0.034689,0.404126,0.952985,-0.302863,0.000302,0.009710,0.186040,1.991772,1.000000,0.037064,0.805852
0.685000,0.436995,0.034411,0.404180,0.952909,-0.303101,0.000398,0.009696,0.186041,1.991587,1.000000,0.037006,0.808520
0.690000,0.437039,0.034131,0.404234,0.952833,-0.303341,0.000495,0.009680,0.186041,1.991403,1.000000,0.036953,0.811336
0.695000,0.437084,0.033848,0.404290,0.952756,-0.303583,0.000593,0.009661,0.186041,1.991219,1.000000,0.036883,0.814255
0.700000,0.437129,0.033562,0.404347,0.952678,-0.303828,0.000691,0.009640,0.186042,1.991036,1.000000,0.036793,0.817284
0.705000,0.437174,0.033273,0.404405,0.952599,-0.304075,0.000789,0.009616,0.186042,1.990853,1.000000,0.036691,0.820480
0.710000,0.437219,0.032981,0.404465,0.952520,-0.304325,0.000888,0.009590,0.186043,1.990671,1.000000,0.036574,0.823967
0.715000,0.437264,0.032687,0.404525,0.952439,-0.304577,0.000988,0.009561,0.186043,1.990489,1.000000,0.036445,0.827581
0.720000,0.437310,0.032389,0.404586,0.952358,-0.304831,0.001087,0.009530,0.186043,1.990308,1.000000,0.036261,0.832233
0.725000,0.437355,0.032088,0.404648,0.952276,-0.305088,0.001187,0.009497,0.186044,1.990129,1.000000,0.036070,0.836913
0.730000,0.437400,0.031785,0.404711,0.952193,-0.305347,0.001287,0.009461,0.186044,1.989950,1.000000,0.035860,0.841815
0.735000,0.437445,0.031478,0.404775,0.952110,-0.305609,0.001386,0.009422,0.186045,1.989772,1.000000,0.035635,0.846887
0.740000,0.437490,0.031169,0.404839,0.952025,-0.305873,0.001485,0.009382,0.186045,1.989596,1.000000,0.035390,0.852153
0.745000,0.437536,0.030857,0.404903,0.951940,-0.306139,0.001584,0.009338,0.186045,1.989421,1.000000,0.035128,0.857613
0.750000,0.437581,0.030542,0.404968,0.951853,-0.306408,0.001683,0.009293,0.186046,1.989247,1.000000,0.034858,0.863278
0.755000,0.437627,0.030224,0.405033,0.951766,-0.306679,0.001781,0.009245,0.186046,1.989075,1.000000,0.034573,0.870221
0.760000,0.437672,0.029903,0.405099,0.951679,-0.306952,0.001878,0.009196,0.186047,1.988904,1.000000,0.034278,0.877159
0.765000,0.437718,0.029580,0.405165,0.951590,-0.307227,0.001974,0.009144,0.186047,1.988734,1.000000,0.033955,0.884254
0.770000,0.437764,0.029255,0.405231,0.951501,-0.307505,0.002069,0.009090,0.186048,1.988567,1.000000,0.033626,0.891478
0.775000,0.437811,0.028926,0.405297,0.951411,-0.307785,0.002162,0.009034,0.186048,1.988401,1.000000,0.033277,0.898944
0.780000,0.437858,0.028596,0.405363,0.951320,-0.308066,0.002254,0.008977,0.186048,1.988237,1.000000,0.032921,0.906559
0.785000,0.437905,0.028262,0.405429,0.951228,-0.308350,0.002345,0.008917,0.186049,1.988075,1.000000,0.032486,0.914968
0.790000,0.437952,0.027927,0.405494,0.951136,-0.308635,0.002434,0.008857,0.186049,1.987915,1.000000,0.032049,0.923505
0.795000,0.438000,0.027588,0.405560,0.951043,-0.308923,0.002522,0.008794,0.186050,1.987758,1.000000,0.031597,0.932244
0.800000,0.438048,0.027248,0.405625,0.950949,-0.309212,0.002607,0.008730,0.186050,1.987602,1.000000,0.031128,0.941202
0.805000,0.438097,0.026905,0.405690,0.950855,-0.309504,0.002691,0.008665,0.186051,1.987450,1.000000,0.030647,0.950340
0.810000,0.438147,0.026559,0.405754,0.950760,-0.309797,0.002773,0.008599,0.186051,1.987299,1.000000,0.030147,0.959744
0.815000,0.438197,0.026211,0.405818,0.950664,-0.310093,0.002852,0.008532,0.186052,1.987152,1.000000,0.029637,0.969293
0.820000,0.438247,0.025861,0.405881,0.950567,-0.310390,0.002930,0.008463,0.186052,1.987007,1.000000,0.029020,0.979395
0.825000,0.438298,0.025508,0.405943,0.950470,-0.310689,0.003006,0.008394,0.186052,1.986866,1.000000,0.028407,0.989633
0.830000,0.438350,0.025153,0.406005,0.950372,-0.310991,0.003079,0.008323,0.186053,1.986727,1.000000,0.027775,1.000246
0.835000,0.438402,0.024795,0.406066,0.950273,-0.311294,0.003151,0.008252,0.186053,1.986592,1.000000,0.027131,1.011075
0.840000,0.438455,0.024435,0.406126,0.950173,-0.311599,0.003220,0.008181,0.186054,1.986460,1.000000,0.026457,1.022069
0.845000,0.438508,0.024073,0.406186,0.950073,-0.311906,0.003287,0.008108,0.186054,1.986332,1.000000,0.025761,1.033235
0.850000,0.438562,0.023708,0.406244,0.949972,-0.312214,0.003352,0.008035,0.186055,1.986207,1.000000,0.025043,1.044618
0.855000,0.438617,0.023341,0.406302,0.949870,-0.312525,0.003415,0.007962,0.186055,1.986086,1.000000,0.024305,1.056334
0.860000,0.438672,0.022971,0.406359,0.949767,-0.312838,0.003476,0.007888,0.186056,1.985968,1.000000,0.023549,1.068211
0.865000,0.438728,0.022599,0.406414,0.949664,-0.313152,0.003534,0.007814,0.186056,1.985855,1.000000,0.022761,1.080378
0.870000,0.438784,0.022225,0.406469,0.949560,-0.313469,0.003589,0.007740,0.186057,1.985746,1.000000,0.021960,1.092681
0.875000,0.438841,0.021848,0.406522,0.949456,-0.313786,0.003643,0.007665,0.186057,1.985640,1.000000,0.021128,1.105399
0.880000,0.438899,0.021470,0.406575,0.949350,-0.314106,0.003694,0.007590,0.186058,1.985539,1.000000,0.020282,1.118278
0.885000,0.438957,0.021089,0.406626,0.949244,-0.314428,0.003742,0.007514,0.186058,1.985443,1.000000,0.019399,1.131346
0.890000,0.439016,0.020706,0.406676,0.949138,-0.314751,0.003788,0.007439,0.186059,1.985350,1.000000,0.018508,1.144468
0.895000,0.439076,0.020321,0.406725,0.949030,-0.315075,0.003832,0.007363,0.186059,1.985263,1.000000,0.017590,1.157807
0.900000,0.439136,0.019934,0.406773,0.948923,-0.315401,0.003873,0.007288,0.186060,1.985180,1.000000,0.016650,1.171353
0.905000,0.439196,0.019546,0.406821,0.948814,-0.315728,0.003912,0.007212,0.186060,1.985102,1.000000,0.015691,1.185111
0.910000,0.439258,0.019155,0.406867,0.948705,-0.316057,0.003949,0.007136,0.186061,1.985028,1.000000,0.014707,1.199198
0.915000,0.439320,0.018763,0.406911,0.948595,-0.316387,0.003983,0.007060,0.186061,1.984960,1.000000,0.013709,1.213412
0.920000,0.439382,0.018369,0.406955,0.948485,-0.316719,0.004015,0.006985,0.186062,1.984897,1.000000,0.012671,1.227831
0.925000,0.439445,0.017974,0.406998,0.948375,-0.317051,0.004044,0.006909,0.186062,1.984839,1.000000,0.011535,1.242113
0.930000,0.439509,0.017576,0.407041,0.948263,-0.317385,0.004072,0.006834,0.186063,1.984788,1.000000,0.010385,1.256717
0.935000,0.439573,0.017178,0.407082,0.948152,-0.317720,0.004097,0.006759,0.186063,1.984742,1.000000,0.009225,1.271487
0.940000,0.439638,0.016778,0.407123,0.948040,-0.318056,0.004120,0.006685,0.186064,1.984702,1.000000,0.008042,1.286573
0.945000,0.439704,0.016376,0.407162,0.947927,-0.318393,0.004142,0.006611,0.186065,1.984668,1.000000,0.006842,1.301896
0.950000,0.439770,0.015973,0.407202,0.947814,-0.318731,0.004161,0.006537,0.186065,1.984640,1.000000,0.005619,1.317361
0.955000,0.439837,0.015568,0.407240,0.947700,-0.319069,0.004179,0.006464,0.186066,1.984619,1.000000,0.004249,1.332459
0.960000,0.439905,0.015162,0.407279,0.947586,-0.319409,0.004195,0.006392,0.186066,1.984605,1.000000,0.002888,1.347822
0.965000,0.439973,0.014755,0.407316,0.947472,-0.319750,0.004210,0.006320,0.186067,1.984597,1.000000,0.001500,1.363472
0.970000,0.440042,0.014345,0.407354,0.947357,-0.320092,0.004223,0.006249,0.186067,1.984597,1.000000,0.000104,1.379270
0.975000,0.440112,0.013935,0.407392,0.947241,-0.320434,0.004235,0.006180,0.186068,1.984603,1.000000,-0.001327,1.395379
0.980000,0.440183,0.013523,0.407429,0.947125,-0.320777,0.004246,0.006111,0.186068,1.984614,1.000000,-0.002768,1.411646
0.985000,0.440254,0.013110,0.407466,0.947009,-0.321122,0.004256,0.006042,0.186069,1.984631,1.000000,-0.004233,1.428263
0.990000,0.440326,0.012695,0.407504,0.946893,-0.321466,0.004265,0.005975,0.186070,1.984654,1.000000,-0.005737,1.444240
0.995000,0.440399,0.012279,0.407542,0.946776,-0.321812,0.004273,0.005909,0.186070,1.984683,1.000000,-0.007258,1.460495
1.000000,0.440472,0.011862,0.407580,0.946658,-0.322158,0.004280,0.005843,0.186071,1.984719,1.000000,-0.008795,1.476927
1.005000,0.440547,0.011443,0.407618,0.946540,-0.322505,0.004286,0.005779,0.186071,1.984760,1.000000,-0.010346,1.493550
1.010000,0.440622,0.011024,0.407658,0.946422,-0.322852,0.004292,0.005715,0.186072,1.984808,1.000000,-0.011917,1.510417
1.015000,0.440698,0.010603,0.407697,0.946304,-0.323200,0.004297,0.005653,0.186073,1.984862,1.000000,-0.013499,1.527440
1.020000,0.440775,0.010181,0.407738,0.946185,-0.323548,0.004302,0.005591,0.186073,1.984923,1.000000,-0.015107,1.544743
1.025000,0.440853,0.009757,0.407779,0.946067,-0.323897,0.004305,0.005530,0.186074,1.984990,1.000000,-0.016714,1.561784
1.030000,0.440931,0.009333,0.407822,0.945947,-0.324245,0.004309,0.005471,0.186074,1.985063,1.000000,-0.018350,1.579047
1.035000,0.441011,0.008908,0.407865,0.945828,-0.324594,0.004312,0.005412,0.186075,1.985144,1.000000,-0.019992,1.596465
1.040000,0.441091,0.008482,0.407910,0.945708,-0.324944,0.004314,0.005353,0.186076,1.985230,1.000000,-0.021651,1.614155
1.045000,0.441173,0.008055,0.407956,0.945589,-0.325293,0.004316,0.005296,0.186076,1.985324,1.000000,-0.023320,1.632053
1.050000,0.441255,0.007627,0.408003,0.945469,-0.325642,0.004318,0.005240,0.186077,1.985424,1.000000,-0.025005,1.650130
1.055000,0.441338,0.007199,0.408052,0.945348,-0.325992,0.004320,0.005184,0.186078,1.985531,1.000000,-0.026706,1.668412
1.060000,0.441422,0.006770,0.408102,0.945228,-0.326341,0.004321,0.005129,0.186078,1.985645,1.000000,-0.028488,1.687455
1.065000,0.441507,0.006340,0.408154,0.945108,-0.326691,0.004322,0.005074,0.186079,1.985766,1.000000,-0.030286,1.706634
1.070000,0.441593,0.005909,0.408208,0.944987,-0.327040,0.004323,0.005020,0.186079,1.985895,1.000000,-0.032099,1.725927
1.075000,0.441679,0.005478,0.408264,0.944867,-0.327389,0.004324,0.004967,0.186080,1.986031,1.000000,-0.033944,1.745422
1.080000,0.441767,0.005046,0.408321,0.944746,-0.327739,0.004324,0.004914,0.186081,1.986174,1.000000,-0.035804,1.765053
1.085000,0.441855,0.004613,0.408381,0.944625,-0.328088,0.004325,0.004861,0.186081,1.986325,1.000000,-0.037694,1.784768
1.090000,0.441944,0.004180,0.408442,0.944504,-0.328437,0.004325,0.004809,0.186082,1.986484,1.000000,-0.039603,1.804610
1.095000,0.442034,0.003746,0.408506,0.944382,-0.328787,0.004326,0.004758,0.186083,1.986650,1.000000,-0.041580,1.825224
1.100000,0.442124,0.003312,0.408571,0.944261,-0.329136,0.004326,0.004706,0.186083,1.986824,1.000000,-0.043579,1.845953
1.105000,0.442216,0.002877,0.408639,0.944139,-0.329485,0.004327,0.004655,0.186084,1.987007,1.000000,-0.045604,1.866795
1.110000,0.442307,0.002441,0.408709,0.944018,-0.329835,0.004327,0.004604,0.186085,1.987197,1.000000,-0.047661,1.887799
1.115000,0.442400,0.002005,0.408781,0.943896,-0.330184,0.004328,0.004554,0.186085,1.987396,1.000000,-0.049743,1.908887
1.120000,0.442493,0.001567,0.408854,0.943774,-0.330534,0.004328,0.004503,0.186086,1.987604,1.000000,-0.051862,1.930111
1.125000,0.442587,0.001129,0.408930,0.943651,-0.330883,0.004329,0.004453,0.186087,1.987819,1.000000,-0.053914,1.951240
1.130000,0.442681,0.000691,0.409008,0.943529,-0.331233,0.004330,0.004402,0.186088,1.988043,1.000000,-0.056003,1.972502
1.135000,0.442776,0.000252,0.409088,0.943406,-0.331583,0.004330,0.004351,0.186088,1.988275,1.000000,-0.058110,1.993864
1.140000,0.442872,-0.000188,0.409170,0.943283,-0.331933,0.004331,0.004300,0.186089,1.988516,1.000000,-0.060236,2.015389
1.145000,0.442967,-0.000628,0.409254,0.943160,-0.332283,0.004331,0.004249,0.186090,1.988766,1.000000,-0.062395,2.037059
1.150000,0.443063,-0.001069,0.409340,0.943037,-0.332634,0.004331,0.004198,0.186090,1.989024,1.000000,-0.064614,2.058759
1.155000,0.443160,-0.001511,0.409428,0.942913,-0.332984,0.004331,0.004147,0.186091,1.989291,1.000000,-0.066895,2.080526
1.160000,0.443256,-0.001953,0.409518,0.942789,-0.333336,0.004330,0.004096,0.186092,1.989567,1.000000,-0.069139,2.101878
1.165000,0.443352,-0.002396,0.409609,0.942665,-0.333687,0.004328,0.004045,0.186093,1.989853,1.000000,-0.071430,2.123395
1.170000,0.443448,-0.002840,0.409703,0.942541,-0.334040,0.004326,0.003994,0.186093,1.990147,1.000000,-0.073743,2.144950
1.175000,0.443544,-0.003284,0.409798,0.942416,-0.334393,0.004323,0.003944,0.186094,1.990451,1.000000,-0.076080,2.166726
1.180000,0.443640,-0.003728,0.409895,0.942290,-0.334746,0.004319,0.003893,0.186095,1.990764,1.000000,-0.078432,2.188586
1.185000,0.443736,-0.004173,0.409994,0.942165,-0.335100,0.004314,0.003843,0.186096,1.991087,1.000000,-0.080804,2.210437
1.190000,0.443832,-0.004618,0.410095,0.942039,-0.335454,0.004308,0.003793,0.186096,1.991419,1.000000,-0.083191,2.232352
1.195000,0.443927,-0.005063,0.410197,0.941913,-0.335809,0.004302,0.003743,0.186097,1.991761,1.000000,-0.085642,2.254032
1.200000,0.444022,-0.005509,0.410302,0.941786,-0.336164,0.004295,0.003694,0.186098,1.992113,1.000000,-0.088092,2.275886
1.205000,0.444117,-0.005955,0.410408,0.941660,-0.336520,0.004287,0.003644,0.186099,1.992475,1.000000,-0.090545,2.297781
1.210000,0.444211,-0.006402,0.410516,0.941533,-0.336875,0.004279,0.003595,0.186100,1.992847,1.000000,-0.093009,2.319777
1.215000,0.444306,-0.006849,0.410626,0.941406,-0.337231,0.004270,0.003547,0.186100,1.993228,1.000000,-0.095473,2.341810
1.220000,0.444400,-0.007295,0.410738,0.941278,-0.337587,0.004261,0.003498,0.186101,1.993619,1.000000,-0.097948,2.364072
1.225000,0.444494,-0.007743,0.410852,0.941151,-0.337943,0.004252,0.003450,0.186102,1.994021,1.000000,-0.100426,2.386415
1.230000,0.444588,-0.008190,0.410968,0.941023,-0.338299,0.004243,0.003402,0.186103,1.994432,1.000000,-0.102876,2.408082
1.235000,0.444682,-0.008638,0.411086,0.940895,-0.338655,0.004233,0.003354,0.186103,1.994853,1.000000,-0.105316,2.429927
1.240000,0.444775,-0.009085,0.411205,0.940767,-0.339011,0.004223,0.003307,0.186104,1.995283,1.000000,-0.107748,2.451900
1.245000,0.444869,-0.009533,0.411326,0.940639,-0.339367,0.004213,0.003259,0.186105,1.995724,1.000000,-0.110174,2.474028
1.250000,0.444962,-0.009981,0.411449,0.940511,-0.339722,0.004204,0.003212,0.186106,1.996174,1.000000,-0.112597,2.496173
1.255000,0.445056,-0.010428,0.411574,0.940383,-0.340078,0.004194,0.003165,0.186107,1.996634,1.000000,-0.115024,2.518387
1.260000,0.445149,-0.010876,0.411701,0.940255,-0.340432,0.004184,0.003118,0.186108,1.997103,1.000000,-0.117444,2.540647
1.265000,0.445243,-0.011324,0.411830,0.940126,-0.340787,0.004175,0.003071,0.186109,1.997582,1.000000,-0.119720,2.562393
1.270000,0.445336,-0.011771,0.411960,0.939998,-0.341141,0.004165,0.003025,0.186110,1.998070,1.000000,-0.121975,2.584260
1.275000,0.445430,-0.012219,0.412092,0.939870,-0.341494,0.004156,0.002978,0.186110,1.998567,1.000000,-0.124221,2.606166
1.280000,0.445523,-0.012666,0.412225,0.939742,-0.341846,0.004146,0.002931,0.186111,1.999072,1.000000,-0.126445,2.628143
1.285000,0.445617,-0.013113,0.412360,0.939614,-0.342198,0.004137,0.002884,0.186112,1.999587,1.000000,-0.128657,2.650285
1.290000,0.445711,-0.013559,0.412497,0.939487,-0.342549,0.004128,0.002838,0.186113,2.000110,1.000000,-0.130855,2.672583
1.295000,0.445804,-0.014005,0.412635,0.939359,-0.342898,0.004119,0.002791,0.186114,2.000642,1.000000,-0.132918,2.694269
1.300000,0.445898,-0.014450,0.412774,0.939232,-0.343247,0.004111,0.002743,0.186115,2.001182,1.000000,-0.134963,2.716191
1.305000,0.445992,-0.014895,0.412914,0.939105,-0.343595,0.004102,0.002696,0.186116,2.001730,1.000000,-0.136971,2.738143
1.310000,0.446086,-0.015339,0.413056,0.938978,-0.343941,0.004094,0.002648,0.186117,2.002287,1.000000,-0.138965,2.760268
1.315000,0.446180,-0.015783,0.413199,0.938852,-0.344286,0.004086,0.002600,0.186118,2.002851,1.000000,-0.140924,2.782391
1.320000,0.446275,-0.016226,0.413344,0.938726,-0.344630,0.004079,0.002552,0.186118,2.003423,1.000000,-0.142880,2.804585
1.325000,0.446370,-0.016668,0.413489,0.938601,-0.344973,0.004071,0.002504,0.186119,2.004002,1.000000,-0.144809,2.826850
1.330000,0.446464,-0.017109,0.413636,0.938475,-0.345313,0.004065,0.002456,0.186120,2.004590,1.000000,-0.146649,2.848050
1.335000,0.446560,-0.017549,0.413783,0.938351,-0.345652,0.004059,0.002407,0.186121,2.005184,1.000000,-0.148428,2.869556
1.340000,0.446655,-0.017989,0.413932,0.938227,-0.345990,0.004054,0.002358,0.186122,2.005785,1.000000,-0.150162,2.891159
1.345000,0.446751,-0.018427,0.414082,0.938103,-0.346325,0.004050,0.002309,0.186123,2.006394,1.000000,-0.151866,2.912922
1.350000,0.446848,-0.018864,0.414233,0.937980,-0.346659,0.004047,0.002260,0.186124,2.007009,1.000000,-0.153539,2.934724
1.355000,0.446945,-0.019301,0.414385,0.937858,-0.346990,0.004045,0.002211,0.186125,2.007630,1.000000,-0.155201,2.956691
1.360000,0.447043,-0.019736,0.414537,0.937736,-0.347319,0.004044,0.002161,0.186126,2.008259,1.000000,-0.156838,2.978669
1.365000,0.447141,-0.020170,0.414691,0.937615,-0.347646,0.004044,0.002112,0.186127,2.008893,1.000000,-0.158311,2.999143
1.370000,0.447239,-0.020603,0.414846,0.937494,-0.347971,0.004046,0.002062,0.186128,2.009533,1.000000,-0.159709,3.019934
1.375000,0.447339,-0.021035,0.415001,0.937375,-0.348294,0.004048,0.002012,0.186129,2.010179,1.000000,-0.161062,3.040877
1.380000,0.447439,-0.021465,0.415158,0.937256,-0.348614,0.004052,0.001962,0.186130,2.010830,1.000000,-0.162363,3.061924
1.385000,0.447540,-0.021894,0.415315,0.937138,-0.348931,0.004057,0.001912,0.186131,2.011486,1.000000,-0.163635,3.083120
1.390000,0.447641,-0.022321,0.415473,0.937021,-0.349245,0.004063,0.001862,0.186132,2.012147,1.000000,-0.164878,3.104479
1.395000,0.447743,-0.022747,0.415631,0.936904,-0.349557,0.004071,0.001812,0.186133,2.012813,1.000000,-0.166100,3.125855
1.400000,0.447847,-0.023171,0.415791,0.936789,-0.349867,0.004079,0.001762,0.186134,2.013483,1.000000,-0.167014,3.145853
1.405000,0.447950,-0.023593,0.415951,0.936675,-0.350173,0.004089,0.001712,0.186135,2.014156,1.000000,-0.167871,3.166075
1.410000,0.448055,-0.024013,0.416111,0.936561,-0.350477,0.004099,0.001662,0.186137,2.014833,1.000000,-0.168678,3.186486
1.415000,0.448160,-0.024432,0.416272,0.936449,-0.350777,0.004109,0.001611,0.186138,2.015513,1.000000,-0.169432,3.206882
1.420000,0.448266,-0.024848,0.416433,0.936337,-0.351075,0.004120,0.001561,0.186139,2.016195,1.000000,-0.170262,3.227449
1.425000,0.448372,-0.025262,0.416594,0.936226,-0.351370,0.004131,0.001510,0.186140,2.016882,1.000000,-0.171133,3.248099
1.430000,0.448479,-0.025674,0.416755,0.936117,-0.351662,0.004142,0.001461,0.186141,2.017572,1.000000,-0.172028,3.268848
1.435000,0.448586,-0.026084,0.416917,0.936008,-0.351952,0.004153,0.001412,0.186142,2.018264,1.000000,-0.172577,3.287934
1.440000,0.448693,-0.026491,0.417079,0.935900,-0.352240,0.004163,0.001363,0.186143,2.018959,1.000000,-0.173079,3.307321
1.445000,0.448800,-0.026896,0.417240,0.935792,-0.352524,0.004171,0.001315,0.186144,2.019655,1.000000,-0.173506,3.326848
1.450000,0.448907,-0.027298,0.417401,0.935686,-0.352806,0.004179,0.001267,0.186145,2.020353,1.000000,-0.173858,3.346390
1.455000,0.449015,-0.027697,0.417563,0.935581,-0.353085,0.004186,0.001220,0.186147,2.021052,1.000000,-0.174157,3.366087
1.460000,0.449122,-0.028093,0.417723,0.935477,-0.353361,0.004191,0.001173,0.186148,2.021752,1.000000,-0.174387,3.385773
1.465000,0.449230,-0.028486,0.417884,0.935374,-0.353634,0.004196,0.001127,0.186149,2.022452,1.000000,-0.174331,3.403490
1.470000,0.449338,-0.028875,0.418044,0.935272,-0.353904,0.004199,0.001081,0.186150,2.023152,1.000000,-0.174169,3.421475
1.475000,0.449446,-0.029262,0.418203,0.935171,-0.354171,0.004200,0.001036,0.186151,2.023851,1.000000,-0.173925,3.439596
1.480000,0.449554,-0.029645,0.418362,0.935071,-0.354434,0.004201,0.000991,0.186152,2.024548,1.000000,-0.173588,3.457807
1.485000,0.449662,-0.030024,0.418521,0.934973,-0.354693,0.004200,0.000947,0.186154,2.025244,1.000000,-0.173179,3.476066
1.490000,0.449771,-0.030399,0.418679,0.934876,-0.354950,0.004197,0.000904,0.186155,2.025938,1.000000,-0.172703,3.494444
1.495000,0.449880,-0.030771,0.418836,0.934780,-0.355202,0.004193,0.000862,0.186156,2.026631,1.000000,-0.172168,3.512837
1.500000,0.449989,-0.031139,0.418993,0.934685,-0.355451,0.004188,0.000820,0.186157,2.027320,1.000000,-0.171354,3.529451
1.505000,0.450098,-0.031503,0.419148,0.934592,-0.355696,0.004181,0.000780,0.186158,2.028005,1.000000,-0.170443,3.546323
1.510000,0.450207,-0.031863,0.419303,0.934500,-0.355937,0.004173,0.000740,0.186160,2.028687,1.000000,-0.169448,3.563366
1.515000,0.450317,-0.032218,0.419458,0.934410,-0.356175,0.004164,0.000701,0.186161,2.029365,1.000000,-0.168358,3.580372
1.520000,0.450427,-0.032570,0.419611,0.934321,-0.356408,0.004153,0.000664,0.186162,2.030038,1.000000,-0.167212,3.597494
1.525000,0.450537,-0.032917,0.419763,0.934234,-0.356637,0.004140,0.000627,0.186164,2.030706,1.000000,-0.165998,3.614704
1.530000,0.450648,-0.033259,0.419915,0.934148,-0.356862,0.004127,0.000592,0.186165,2.031370,1.000000,-0.164738,3.631951
1.535000,0.450759,-0.033598,0.420066,0.934063,-0.357083,0.004112,0.000558,0.186166,2.032027,1.000000,-0.163179,3.647300
1.540000,0.450870,-0.033931,0.420215,0.933981,-0.357300,0.004095,0.000526,0.186167,2.032678,1.000000,-0.161530,3.662935
1.545000,0.450982,-0.034260,0.420364,0.933899,-0.357513,0.004077,0.000494,0.186169,2.033322,1.000000,-0.159790,3.678698
1.550000,0.451093,-0.034584,0.420512,0.933820,-0.357721,0.004058,0.000464,0.186170,2.033959,1.000000,-0.157967,3.694441
1.555000,0.451205,-0.034903,0.420658,0.933742,-0.357924,0.004037,0.000435,0.186172,2.034588,1.000000,-0.156088,3.710322
1.560000,0.451318,-0.035217,0.420803,0.933666,-0.358123,0.004014,0.000408,0.186173,2.035210,1.000000,-0.154146,3.726184
1.565000,0.451431,-0.035527,0.420948,0.933591,-0.358318,0.003990,0.000382,0.186174,2.035824,1.000000,-0.152175,3.742310
1.570000,0.451544,-0.035831,0.421091,0.933518,-0.358508,0.003965,0.000358,0.186176,2.036429,1.000000,-0.149971,3.756083
1.575000,0.451657,-0.036130,0.421232,0.933447,-0.358694,0.003938,0.000336,0.186177,2.037026,1.000000,-0.147685,3.770137
1.580000,0.451771,-0.036424,0.421373,0.933377,-0.358875,0.003910,0.000315,0.186178,2.037612,1.000000,-0.145308,3.784289
1.585000,0.451885,-0.036713,0.421512,0.933310,-0.359051,0.003881,0.000296,0.186180,2.038190,1.000000,-0.142863,3.798361
1.590000,0.452000,-0.036997,0.421650,0.933244,-0.359222,0.003851,0.000279,0.186181,2.038757,1.000000,-0.140360,3.812521
1.595000,0.452115,-0.037275,0.421787,0.933180,-0.359389,0.003819,0.000264,0.186183,2.039314,1.000000,-0.137811,3.826711
1.600000,0.452231,-0.037548,0.421922,0.933118,-0.359551,0.003786,0.000251,0.186184,2.039861,1.000000,-0.135230,3.841087
1.605000,0.452347,-0.037816,0.422057,0.933057,-0.359708,0.003753,0.000240,0.186186,2.040397,1.000000,-0.132432,3.853579
1.610000,0.452463,-0.038078,0.422190,0.932999,-0.359860,0.003718,0.000232,0.186187,2.040921,1.000000,-0.129566,3.866467
1.615000,0.452580,-0.038335,0.422321,0.932942,-0.360008,0.003681,0.000225,0.186189,2.041434,1.000000,-0.126621,3.879303
1.620000,0.452698,-0.038587,0.422451,0.932887,-0.360150,0.003644,0.000221,0.186190,2.041935,1.000000,-0.123632,3.892225
1.625000,0.452816,-0.038833,0.422580,0.932834,-0.360288,0.003605,0.000218,0.186191,2.042423,1.000000,-0.120599,3.905253
1.630000,0.452935,-0.039073,0.422707,0.932783,-0.360421,0.003565,0.000219,0.186193,2.042900,1.000000,-0.117541,3.918238
1.635000,0.453054,-0.039308,0.422832,0.932734,-0.360549,0.003525,0.000221,0.186194,2.043364,1.000000,-0.114291,3.929745
1.640000,0.453173,-0.039538,0.422956,0.932686,-0.360672,0.003482,0.000226,0.186196,2.043814,1.000000,-0.110979,3.941425
1.645000,0.453294,-0.039762,0.423078,0.932641,-0.360790,0.003438,0.000233,0.186198,2.044251,1.000000,-0.107616,3.953226
1.650000,0.453414,-0.039980,0.423198,0.932597,-0.360903,0.003393,0.000243,0.186199,2.044675,1.000000,-0.104215,3.964981
1.655000,0.453535,-0.040193,0.423316,0.932555,-0.361011,0.003347,0.000255,0.186201,2.045085,1.000000,-0.100796,3.976874
1.660000,0.453657,-0.040400,0.423432,0.932515,-0.361115,0.003299,0.000269,0.186202,2.045481,1.000000,-0.097362,3.988706
1.665000,0.453779,-0.040602,0.423546,0.932477,-0.361214,0.003249,0.000287,0.186204,2.045863,1.000000,-0.093935,4.000666
1.670000,0.453902,-0.040798,0.423658,0.932441,-0.361308,0.003199,0.000307,0.186206,2.046232,1.000000,-0.090373,4.010533
1.675000,0.454026,-0.040989,0.423768,0.932407,-0.361397,0.003147,0.000329,0.186207,2.046585,1.000000,-0.086764,4.020724
1.680000,0.454150,-0.041175,0.423875,0.932374,-0.361482,0.003093,0.000354,0.186209,2.046925,1.000000,-0.083115,4.031040
1.685000,0.454274,-0.041355,0.423980,0.932343,-0.361561,0.003038,0.000382,0.186210,2.047249,1.000000,-0.079445,4.041279
1.690000,0.454400,-0.041530,0.424083,0.932314,-0.361637,0.002982,0.000413,0.186212,2.047559,1.000000,-0.075768,4.051636
1.695000,0.454526,-0.041699,0.424183,0.932287,-0.361707,0.002924,0.000447,0.186214,2.047855,1.000000,-0.072092,4.061948
1.700000,0.454652,-0.041864,0.424280,0.932262,-0.361773,0.002864,0.000484,0.186216,2.048135,1.000000,-0.068436,4.072406
1.705000,0.454780,-0.042023,0.424375,0.932238,-0.361835,0.002804,0.000524,0.186217,2.048401,1.000000,-0.064664,4.080889
1.710000,0.454908,-0.042176,0.424467,0.932215,-0.361894,0.002742,0.000567,0.186219,2.048651,1.000000,-0.060628,4.089742
1.715000,0.455037,-0.042324,0.424557,0.932193,-0.361950,0.002679,0.000612,0.186221,2.048883,1.000000,-0.056232,4.098515
1.720000,0.455168,-0.042466,0.424643,0.932173,-0.362004,0.002615,0.000658,0.186223,2.049098,1.000000,-0.051547,4.107201
1.725000,0.455300,-0.042603,0.424726,0.932153,-0.362055,0.002552,0.000706,0.186224,2.049293,1.000000,-0.046629,4.116017
1.730000,0.455435,-0.042733,0.424807,0.932134,-0.362105,0.002488,0.000755,0.186226,2.049468,1.000000,-0.041526,4.124878
1.735000,0.455572,-0.042858,0.424884,0.932115,-0.362153,0.002425,0.000804,0.186228,2.049623,1.000000,-0.036270,4.133897
1.740000,0.455712,-0.042977,0.424958,0.932097,-0.362199,0.002363,0.000855,0.186230,2.049755,1.000000,-0.030770,4.141304
1.745000,0.455855,-0.043089,0.425028,0.932080,-0.362244,0.002302,0.000905,0.186232,2.049865,1.000000,-0.025100,4.149064
1.750000,0.456000,-0.043195,0.425095,0.932063,-0.362287,0.002241,0.000957,0.186233,2.049952,1.000000,-0.019303,4.156693
1.755000,0.456149,-0.043295,0.425159,0.932047,-0.362329,0.002182,0.001009,0.186235,2.050016,1.000000,-0.013418,4.164377
1.760000,0.456301,-0.043389,0.425219,0.932031,-0.362370,0.002123,0.001061,0.186237,2.050056,1.000000,-0.007469,4.171995
1.765000,0.456456,-0.043477,0.425275,0.932016,-0.362410,0.002066,0.001114,0.186239,2.050072,1.000000,-0.001482,4.179849
1.770000,0.456614,-0.043559,0.425328,0.932001,-0.362449,0.002010,0.001168,0.186241,2.050062,1.000000,0.004527,4.187621
1.775000,0.456776,-0.043635,0.425377,0.931986,-0.362487,0.001955,0.001223,0.186243,2.050022,1.000000,0.010554,4.194643
1.780000,0.456942,-0.043704,0.425422,0.931972,-0.362524,0.001901,0.001279,0.186245,2.049952,1.000000,0.016603,4.201925
1.785000,0.457111,-0.043768,0.425464,0.931958,-0.362560,0.001849,0.001336,0.186247,2.049852,1.000000,0.022645,4.209045
1.790000,0.457283,-0.043826,0.425501,0.931944,-0.362595,0.001798,0.001394,0.186249,2.049721,1.000000,0.028665,4.216284
1.795000,0.457460,-0.043878,0.425535,0.931931,-0.362629,0.001748,0.001454,0.186251,2.049561,1.000000,0.034646,4.223497
1.800000,0.457640,-0.043924,0.425564,0.931917,-0.362663,0.001700,0.001515,0.186253,2.049370,1.000000,0.040576,4.230930
1.805000,0.457823,-0.043965,0.425589,0.931905,-0.362697,0.001652,0.001578,0.186255,2.049150,1.000000,0.046488,4.237798
1.810000,0.458011,-0.044000,0.425611,0.931892,-0.362729,0.001606,0.001642,0.186257,2.048901,1.000000,0.052339,4.244893
1.815000,0.458201,-0.044030,0.425628,0.931879,-0.362761,0.001561,0.001708,0.186259,2.048622,1.000000,0.058112,4.251895
1.820000,0.458395,-0.044054,0.425641,0.931867,-0.362793,0.001516,0.001776,0.186261,2.048315,1.000000,0.063786,4.258801
1.825000,0.458593,-0.044073,0.425649,0.931855,-0.362824,0.001472,0.001846,0.186263,2.047980,1.000000,0.069361,4.265868
1.830000,0.458794,-0.044086,0.425654,0.931843,-0.362855,0.001429,0.001918,0.186265,2.047618,1.000000,0.074820,4.272940
1.835000,0.458998,-0.044095,0.425654,0.931831,-0.362885,0.001387,0.001992,0.186267,2.047228,1.000000,0.080162,4.280203
1.840000,0.459205,-0.044098,0.425649,0.931819,-0.362915,0.001345,0.002068,0.186269,2.046812,1.000000,0.085417,4.286195
1.845000,0.459416,-0.044097,0.425640,0.931808,-0.362944,0.001303,0.002147,0.186272,2.046370,1.000000,0.090589,4.292454
1.850000,0.459629,-0.044091,0.425627,0.931796,-0.362972,0.001262,0.002228,0.186274,2.045902,1.000000,0.095651,4.298663
1.855000,0.459845,-0.044080,0.425609,0.931785,-0.363001,0.001222,0.002311,0.186276,2.045410,1.000000,0.100594,4.305130
1.860000,0.460064,-0.044065,0.425586,0.931774,-0.363028,0.001181,0.002397,0.186278,2.044893,1.000000,0.105403,4.311501
1.865000,0.460286,-0.044045,0.425559,0.931764,-0.363055,0.001141,0.002485,0.186281,2.044353,1.000000,0.110072,4.318043
1.870000,0.460511,-0.044021,0.425527,0.931753,-0.363082,0.001100,0.002576,0.186283,2.043789,1.000000,0.114594,4.324487
1.875000,0.460738,-0.043992,0.425490,0.931743,-0.363108,0.001060,0.002670,0.186285,2.043204,1.000000,0.119000,4.329274
1.880000,0.460967,-0.043960,0.425449,0.931732,-0.363134,0.001020,0.002766,0.186288,2.042596,1.000000,0.123337,4.334452
1.885000,0.461199,-0.043923,0.425403,0.931723,-0.363158,0.000980,0.002865,0.186290,2.041968,1.000000,0.127563,4.339610
1.890000,0.461433,-0.043883,0.425352,0.931713,-0.363182,0.000939,0.002966,0.186292,2.041318,1.000000,0.131682,4.344995
1.895000,0.461670,-0.043838,0.425296,0.931704,-0.363205,0.000898,0.003070,0.186294,2.040648,1.000000,0.135914,4.350225
1.900000,0.461909,-0.043789,0.425236,0.931695,-0.363226,0.000854,0.003175,0.186297,2.039956,1.000000,0.140161,4.355576
1.905000,0.462150,-0.043737,0.425171,0.931687,-0.363246,0.000809,0.003280,0.186299,2.039244,1.000000,0.144233,4.360844
1.910000,0.462394,-0.043681,0.425101,0.931679,-0.363265,0.000762,0.003386,0.186302,2.038512,1.000000,0.148065,4.365095
1.915000,0.462640,-0.043621,0.425028,0.931672,-0.363282,0.000713,0.003493,0.186304,2.037762,1.000000,0.151724,4.369425
1.920000,0.462889,-0.043558,0.424949,0.931666,-0.363298,0.000662,0.003602,0.186307,2.036993,1.000000,0.155206,4.373670
1.925000,0.463139,-0.043492,0.424867,0.931660,-0.363312,0.000610,0.003713,0.186309,2.036208,1.000000,0.158532,4.378114
1.930000,0.463392,-0.043422,0.424781,0.931654,-0.363326,0.000557,0.003825,0.186312,2.035407,1.000000,0.161690,4.382534
1.935000,0.463647,-0.043350,0.424690,0.931649,-0.363338,0.000503,0.003939,0.186314,2.034590,1.000000,0.164696,4.387188
1.940000,0.463904,-0.043275,0.424596,0.931644,-0.363349,0.000447,0.004055,0.186317,2.033759,1.000000,0.167536,4.391721
1.945000,0.464162,-0.043197,0.424497,0.931640,-0.363359,0.000391,0.004173,0.186319,2.032914,1.000000,0.170300,4.395605
1.950000,0.464422,-0.043116,0.424395,0.931636,-0.363368,0.000334,0.004293,0.186322,2.032055,1.000000,0.172973,4.399452
1.955000,0.464684,-0.043033,0.424289,0.931632,-0.363375,0.000276,0.004416,0.186325,2.031184,1.000000,0.175542,4.403422
1.960000,0.464948,-0.042947,0.424180,0.931629,-0.363381,0.000218,0.004541,0.186327,2.030300,1.000000,0.177989,4.407276
1.965000,0.465213,-0.042859,0.424066,0.931627,-0.363386,0.000159,0.004668,0.186330,2.029404,1.000000,0.180311,4.411252
1.970000,0.465479,-0.042769,0.423950,0.931625,-0.363390,0.000101,0.004797,0.186332,2.028496,1.000000,0.182519,4.415442
1.975000,0.465747,-0.042676,0.423830,0.931623,-0.363393,0.000042,0.004929,0.186335,2.027578,1.000000,0.184663,4.417954
1.980000,0.466017,-0.042581,0.423707,0.931622,-0.363394,-0.000017,0.005063,0.186338,2.026650,1.000000,0.186798,4.420854
1.985000,0.466287,-0.042483,0.423581,0.931621,-0.363393,-0.000076,0.005200,0.186340,2.025711,1.000000,0.188860,4.423702
1.990000,0.466559,-0.042384,0.423452,0.931621,-0.363391,-0.000134,0.005339,0.186343,2.024762,1.000000,0.190693,4.426820
1.995000,0.466832,-0.042282,0.423320,0.931622,-0.363388,-0.000193,0.005480,0.186346,2.023805,1.000000,0.192301,4.429793
2.000000,0.467106,-0.042179,0.423185,0.931623,-0.363384,-0.000251,0.005624,0.186349,2.022840,1.000000,0.193749,4.432966
2.005000,0.467382,-0.042074,0.423049,0.931624,-0.363378,-0.000309,0.005771,0.186352,2.021868,1.000000,0.195051,4.435985
2.010000,0.467658,-0.041967,0.422910,0.931625,-0.363372,-0.000366,0.005920,0.186355,2.020891,1.000000,0.196311,4.437360
2.015000,0.467936,-0.041859,0.422769,0.931627,-0.363364,-0.000423,0.006072,0.186358,2.019907,1.000000,0.197591,4.438841
2.020000,0.468215,-0.041749,0.422626,0.931630,-0.363354,-0.000480,0.006226,0.186361,2.018916,1.000000,0.198854,4.440433
2.025000,0.468495,-0.041638,0.422481,0.931633,-0.363343,-0.000536,0.006383,0.186364,2.017920,1.000000,0.200096,4.442265
2.030000,0.468776,-0.041525,0.422334,0.931637,-0.363330,-0.000592,0.006543,0.186367,2.016917,1.000000,0.201284,4.443871
2.035000,0.469059,-0.041411,0.422186,0.931642,-0.363316,-0.000647,0.006704,0.186370,2.015908,1.000000,0.202433,4.445674
2.040000,0.469342,-0.041295,0.422035,0.931647,-0.363300,-0.000702,0.006868,0.186373,2.014894,1.000000,0.203526,4.447378
2.045000,0.469627,-0.041177,0.421884,0.931652,-0.363282,-0.000756,0.007034,0.186376,2.013874,1.000000,0.204704,4.448181
2.050000,0.469912,-0.041058,0.421731,0.931658,-0.363263,-0.000810,0.007203,0.186379,2.012849,1.000000,0.205919,4.448960
2.055000,0.470199,-0.040938,0.421577,0.931665,-0.363242,-0.000863,0.007373,0.186382,2.011817,1.000000,0.207149,4.449855
2.060000,0.470487,-0.040816,0.421421,0.931673,-0.363218,-0.000915,0.007545,0.186385,2.010779,1.000000,0.208362,4.450592
2.065000,0.470776,-0.040692,0.421265,0.931681,-0.363193,-0.000966,0.007719,0.186388,2.009735,1.000000,0.209558,4.451486
2.070000,0.471066,-0.040566,0.421108,0.931690,-0.363166,-0.001017,0.007895,0.186392,2.008685,1.000000,0.210741,4.452629
2.075000,0.471357,-0.040439,0.420950,0.931700,-0.363137,-0.001067,0.008073,0.186394,2.007629,1.000000,0.211878,4.453492
2.080000,0.471649,-0.040310,0.420791,0.931711,-0.363106,-0.001116,0.008252,0.186398,2.006568,1.000000,0.213094,4.453410
2.085000,0.471942,-0.040179,0.420632,0.931722,-0.363073,-0.001165,0.008433,0.186401,2.005500,1.000000,0.214350,4.453362
2.090000,0.472236,-0.040046,0.420472,0.931734,-0.363039,-0.001213,0.008615,0.186405,2.004426,1.000000,0.215632,4.453599
2.095000,0.472530,-0.039912,0.420312,0.931746,-0.363002,-0.001260,0.008799,0.186408,2.003345,1.000000,0.216896,4.453633
2.100000,0.472825,-0.039775,0.420151,0.931759,-0.362963,-0.001307,0.008984,0.186412,2.002258,1.000000,0.218151,4.453846
2.105000,0.473121,-0.039636,0.419991,0.931774,-0.362922,-0.001353,0.009171,0.186415,2.001165,1.000000,0.219372,4.453888
2.110000,0.473417,-0.039496,0.419830,0.931788,-0.362879,-0.001399,0.009359,0.186418,2.000067,1.000000,0.220561,4.454020
2.115000,0.473714,-0.039353,0.419670,0.931804,-0.362834,-0.001444,0.009548,0.186421,1.998962,1.000000,0.221772,4.452920
2.120000,0.474011,-0.039209,0.419510,0.931820,-0.362787,-0.001489,0.009738,0.186425,1.997851,1.000000,0.223034,4.451751
2.125000,0.474309,-0.039062,0.419350,0.931837,-0.362738,-0.001533,0.009930,0.186428,1.996733,1.000000,0.224333,4.450830
2.130000,0.474607,-0.038912,0.419191,0.931855,-0.362686,-0.001578,0.010122,0.186432,1.995609,1.000000,0.225625,4.449768
2.135000,0.474906,-0.038761,0.419032,0.931874,-0.362632,-0.001621,0.010316,0.186435,1.994479,1.000000,0.226924,4.448999
2.140000,0.475205,-0.038607,0.418873,0.931893,-0.362577,-0.001665,0.010510,0.186439,1.993342,1.000000,0.228192,4.447989
2.145000,0.475504,-0.038451,0.418715,0.931914,-0.362519,-0.001708,0.010706,0.186443,1.992199,1.000000,0.229475,4.445946
2.150000,0.475804,-0.038293,0.418558,0.931935,-0.362458,-0.001752,0.010902,0.186447,1.991050,1.000000,0.230803,4.443896
2.155000,0.476104,-0.038132,0.418401,0.931957,-0.362396,-0.001795,0.011099,0.186451,1.989893,1.000000,0.232163,4.442205
2.160000,0.476404,-0.037969,0.418245,0.931979,-0.362331,-0.001839,0.011297,0.186454,1.988730,1.000000,0.233512,4.440321
2.165000,0.476704,-0.037803,0.418090,0.932003,-0.362263,-0.001882,0.011496,0.186458,1.987560,1.000000,0.234836,4.438309
2.170000,0.477004,-0.037634,0.417936,0.932027,-0.362194,-0.001926,0.011696,0.186462,1.986384,1.000000,0.236156,4.436568
2.175000,0.477304,-0.037463,0.417783,0.932053,-0.362122,-0.001971,0.011896,0.186465,1.985201,1.000000,0.237443,4.434711
2.180000,0.477604,-0.037290,0.417630,0.932079,-0.362048,-0.002016,0.012097,0.186469,1.984011,1.000000,0.238806,4.432266
2.185000,0.477905,-0.037113,0.417479,0.932105,-0.361972,-0.002061,0.012300,0.186473,1.982815,1.000000,0.240060,4.429704
2.190000,0.478205,-0.036935,0.417328,0.932132,-0.361895,-0.002106,0.012503,0.186477,1.981613,1.000000,0.241158,4.427373
2.195000,0.478505,-0.036754,0.417179,0.932160,-0.361818,-0.002152,0.012707,0.186481,1.980406,1.000000,0.242157,4.424842
2.200000,0.478804,-0.036570,0.417030,0.932187,-0.361741,-0.002198,0.012911,0.186486,1.979194,1.000000,0.243158,4.422658
2.205000,0.479104,-0.036384,0.416883,0.932213,-0.361664,-0.002245,0.013117,0.186490,1.977977,1.000000,0.244162,4.420259
2.210000,0.479403,-0.036195,0.416737,0.932240,-0.361589,-0.002291,0.013323,0.186493,1.976755,1.000000,0.245183,4.417866
2.215000,0.479701,-0.036003,0.416592,0.932266,-0.361513,-0.002338,0.013530,0.186498,1.975527,1.000000,0.246341,4.414855
2.220000,0.479999,-0.035808,0.416448,0.932292,-0.361439,-0.002385,0.013737,0.186501,1.974293,1.000000,0.247560,4.411616
2.225000,0.480297,-0.035611,0.416306,0.932317,-0.361365,-0.002431,0.013944,0.186506,1.973053,1.000000,0.248856,4.408643
2.230000,0.480594,-0.035411,0.416165,0.932342,-0.361292,-0.002477,0.014151,0.186510,1.971807,1.000000,0.250181,4.405494
2.235000,0.480891,-0.035207,0.416025,0.932367,-0.361220,-0.002523,0.014358,0.186514,1.970553,1.000000,0.251556,4.402691
2.240000,0.481188,-0.035001,0.415886,0.932391,-0.361148,-0.002568,0.014566,0.186519,1.969293,1.000000,0.252935,4.399600
2.245000,0.481483,-0.034792,0.415749,0.932415,-0.361077,-0.002613,0.014773,0.186523,1.968026,1.000000,0.254336,4.396705
2.250000,0.481779,-0.034579,0.415614,0.932439,-0.361008,-0.002657,0.014980,0.186528,1.966752,1.000000,0.255774,4.392870
2.255000,0.482074,-0.034364,0.415480,0.932462,-0.360938,-0.002700,0.015187,0.186532,1.965470,1.000000,0.257273,4.389264
2.260000,0.482368,-0.034145,0.415347,0.932485,-0.360870,-0.002742,0.015394,0.186536,1.964181,1.000000,0.258830,4.385981
2.265000,0.482662,-0.033923,0.415217,0.932508,-0.360801,-0.002783,0.015600,0.186540,1.962884,1.000000,0.260387,4.382435
2.270000,0.482956,-0.033699,0.415088,0.932531,-0.360734,-0.002822,0.015807,0.186545,1.961579,1.000000,0.261974,4.379207
2.275000,0.483249,-0.033471,0.414961,0.932553,-0.360667,-0.002860,0.016013,0.186549,1.960266,1.000000,0.263540,4.375643
2.280000,0.483542,-0.033239,0.414836,0.932575,-0.360601,-0.002897,0.016219,0.186554,1.958945,1.000000,0.265118,4.372357
2.285000,0.483834,-0.033005,0.414713,0.932597,-0.360535,-0.002931,0.016424,0.186559,1.957616,1.000000,0.266729,4.368463
2.290000,0.484126,-0.032767,0.414591,0.932618,-0.360469,-0.002964,0.016630,0.186564,1.956279,1.000000,0.268373,4.364917
2.295000,0.484418,-0.032527,0.414472,0.932639,-0.360405,-0.002995,0.016835,0.186569,1.954934,1.000000,0.270004,4.361138
2.300000,0.484709,-0.032283,0.414355,0.932660,-0.360340,-0.003024,0.017039,0.186574,1.953581,1.000000,0.271652,4.357787
2.305000,0.485000,-0.032036,0.414241,0.932681,-0.360276,-0.003050,0.017244,0.186579,1.952220,1.000000,0.273270,4.354181
2.310000,0.485290,-0.031786,0.414128,0.932702,-0.360213,-0.003075,0.017448,0.186583,1.950850,1.000000,0.274856,4.350471
2.315000,0.485580,-0.031533,0.414018,0.932722,-0.360150,-0.003097,0.017651,0.186588,1.949472,1.000000,0.276542,4.347289
2.320000,0.485869,-0.031277,0.413910,0.932743,-0.360087,-0.003117,0.017855,0.186593,1.948086,1.000000,0.278167,4.343875
2.325000,0.486158,-0.031017,0.413805,0.932762,-0.360026,-0.003135,0.018057,0.186598,1.946692,1.000000,0.279776,4.340828
2.330000,0.486445,-0.030755,0.413702,0.932782,-0.359964,-0.003151,0.018259,0.186603,1.945290,1.000000,0.281318,4.337448
2.335000,0.486732,-0.030489,0.413601,0.932801,-0.359904,-0.003166,0.018461,0.186608,1.943880,1.000000,0.282830,4.334354
2.340000,0.487017,-0.030221,0.413502,0.932820,-0.359844,-0.003179,0.018661,0.186613,1.942463,1.000000,0.284271,4.331001
2.345000,0.487301,-0.029949,0.413406,0.932839,-0.359785,-0.003190,0.018862,0.186619,1.941039,1.000000,0.285685,4.328063
2.350000,0.487584,-0.029675,0.413313,0.932858,-0.359726,-0.003200,0.019061,0.186624,1.939608,1.000000,0.287083,4.324574
2.355000,0.487866,-0.029397,0.413221,0.932876,-0.359668,-0.003208,0.019260,0.186629,1.938170,1.000000,0.288430,4.321007
2.360000,0.488146,-0.029117,0.413132,0.932894,-0.359611,-0.003215,0.019458,0.186634,1.936725,1.000000,0.289757,4.317798
2.365000,0.488425,-0.028834,0.413046,0.932912,-0.359554,-0.003221,0.019655,0.186639,1.935274,1.000000,0.291017,4.314403
2.370000,0.488702,-0.028547,0.412961,0.932929,-0.359498,-0.003226,0.019851,0.186645,1.933817,1.000000,0.292251,4.311397
2.375000,0.488977,-0.028258,0.412879,0.932946,-0.359443,-0.003230,0.020046,0.186650,1.932354,1.000000,0.293397,4.308000
2.380000,0.489251,-0.027967,0.412798,0.932963,-0.359388,-0.003233,0.020240,0.186656,1.930885,1.000000,0.294504,4.304903
2.385000,0.489522,-0.027672,0.412720,0.932980,-0.359334,-0.003235,0.020433,0.186661,1.929410,1.000000,0.295538,4.300812
2.390000,0.489792,-0.027375,0.412644,0.932996,-0.359281,-0.003236,0.020625,0.186668,1.927931,1.000000,0.296576,4.297180
2.395000,0.490060,-0.027076,0.412570,0.933012,-0.359228,-0.003236,0.020816,0.186673,1.926447,1.000000,0.297474,4.293249
2.400000,0.490325,-0.026774,0.412498,0.933028,-0.359176,-0.003235,0.021006,0.186678,1.924959,1.000000,0.298263,4.289467
2.405000,0.490589,-0.026470,0.412427,0.933043,-0.359124,-0.003233,0.021195,0.186684,1.923466,1.000000,0.298999,4.286069
2.410000,0.490851,-0.026163,0.412359,0.933059,-0.359073,-0.003230,0.021383,0.186689,1.921971,1.000000,0.299648,4.282218
2.415000,0.491110,-0.025855,0.412292,0.933074,-0.359022,-0.003226,0.021571,0.186696,1.920472,1.000000,0.300281,4.278731
2.420000,0.491368,-0.025544,0.412226,0.933089,-0.358972,-0.003220,0.021758,0.186701,1.918970,1.000000,0.300864,4.274654
2.425000,0.491624,-0.025232,0.412162,0.933104,-0.358922,-0.003213,0.021944,0.186707,1.917466,1.000000,0.301428,4.271063
2.430000,0.491877,-0.024917,0.412100,0.933119,-0.358872,-0.003205,0.022129,0.186713,1.915958,1.000000,0.301925,4.267082
2.435000,0.492129,-0.024601,0.412038,0.933134,-0.358823,-0.003196,0.022313,0.186720,1.914449,1.000000,0.302412,4.263416
2.440000,0.492378,-0.024283,0.411978,0.933148,-0.358774,-0.003187,0.022496,0.186726,1.912936,1.000000,0.302840,4.259402
2.445000,0.492625,-0.023963,0.411919,0.933162,-0.358726,-0.003176,0.022678,0.186733,1.911422,1.000000,0.303265,4.255767
2.450000,0.492870,-0.023642,0.411861,0.933176,-0.358678,-0.003164,0.022858,0.186739,1.909906,1.000000,0.303634,4.251784
2.455000,0.493112,-0.023319,0.411804,0.933190,-0.358630,-0.003152,0.023038,0.186745,1.908388,1.000000,0.304035,4.247814
2.460000,0.493352,-0.022994,0.411748,0.933204,-0.358583,-0.003138,0.023216,0.186751,1.906868,1.000000,0.304448,4.244278
2.465000,0.493590,-0.022667,0.411692,0.933218,-0.358535,-0.003124,0.023393,0.186757,1.905346,1.000000,0.304829,4.240292
2.470000,0.493826,-0.022339,0.411638,0.933231,-0.358488,-0.003108,0.023569,0.186764,1.903821,1.000000,0.305258,4.236676
2.475000,0.494059,-0.022010,0.411584,0.933245,-0.358442,-0.003092,0.023743,0.186770,1.902295,1.000000,0.305657,4.232690
2.480000,0.494289,-0.021678,0.411530,0.933259,-0.358395,-0.003076,0.023915,0.186777,1.900767,1.000000,0.306071,4.229113
2.485000,0.494518,-0.021346,0.411477,0.933272,-0.358348,-0.003059,0.024085,0.186783,1.899236,1.000000,0.306483,4.225369
2.490000,0.494744,-0.021011,0.411425,0.933286,-0.358301,-0.003041,0.024254,0.186791,1.897704,1.000000,0.306916,4.222091
2.495000,0.494968,-0.020676,0.411372,0.933300,-0.358254,-0.003023,0.024420,0.186797,1.896169,1.000000,0.307300,4.218433
2.500000,0.495189,-0.020339,0.411320,0.933313,-0.358208,-0.003004,0.024584,0.186803,1.894633,1.000000,0.307647,4.214681
2.505000,0.495409,-0.020001,0.411269,0.933327,-0.358161,-0.002984,0.024746,0.186810,1.893094,1.000000,0.307997,4.211359
2.510000,0.495626,-0.019661,0.411217,0.933341,-0.358114,-0.002964,0.024906,0.186817,1.891555,1.000000,0.308293,4.207745
2.515000,0.495841,-0.019320,0.411167,0.933355,-0.358067,-0.002943,0.025064,0.186824,1.890013,1.000000,0.308593,4.204592
2.520000,0.496053,-0.018978,0.411116,0.933369,-0.358020,-0.002922,0.025220,0.186830,1.888471,1.000000,0.308839,4.201455
2.525000,0.496264,-0.018635,0.411066,0.933383,-0.357973,-0.002900,0.025374,0.186838,1.886927,1.000000,0.309031,4.198617
2.530000,0.496472,-0.018292,0.411016,0.933396,-0.357926,-0.002877,0.025525,0.186845,1.885382,1.000000,0.309131,4.195374
2.535000,0.496678,-0.017947,0.410966,0.933410,-0.357879,-0.002854,0.025675,0.186853,1.883837,1.000000,0.309210,4.192569
2.540000,0.496882,-0.017601,0.410917,0.933424,-0.357833,-0.002830,0.025823,0.186860,1.882292,1.000000,0.309210,4.189369
2.545000,0.497083,-0.017255,0.410868,0.933438,-0.357786,-0.002805,0.025968,0.186866,1.880747,1.000000,0.309173,4.186308
2.550000,0.497283,-0.016908,0.410819,0.933452,-0.357739,-0.002780,0.026112,0.186874,1.879202,1.000000,0.309132,4.183704
2.555000,0.497480,-0.016560,0.410770,0.933466,-0.357693,-0.002754,0.026254,0.186881,1.877658,1.000000,0.309029,4.181205
2.560000,0.497675,-0.016212,0.410722,0.933480,-0.357646,-0.002728,0.026394,0.186888,1.876114,1.000000,0.308850,4.179044
2.565000,0.497867,-0.015863,0.410674,0.933494,-0.357600,-0.002701,0.026532,0.186895,1.874571,1.000000,0.308548,4.176528
2.570000,0.498057,-0.015514,0.410626,0.933508,-0.357553,-0.002674,0.026669,0.186904,1.873030,1.000000,0.308191,4.174517
2.575000,0.498245,-0.015165,0.410579,0.933522,-0.357507,-0.002646,0.026804,0.186911,1.871492,1.000000,0.307706,4.172019
2.580000,0.498430,-0.014816,0.410532,0.933536,-0.357461,-0.002617,0.026938,0.186919,1.869955,1.000000,0.307164,4.169908
2.585000,0.498614,-0.014467,0.410485,0.933550,-0.357415,-0.002588,0.027070,0.186927,1.868422,1.000000,0.306521,4.167352
2.590000,0.498795,-0.014118,0.410439,0.933564,-0.357369,-0.002557,0.027201,0.186936,1.866892,1.000000,0.305906,4.165371
2.595000,0.498973,-0.013769,0.410392,0.933578,-0.357322,-0.002525,0.027330,0.186944,1.865365,1.000000,0.305204,4.162922
2.600000,0.499150,-0.013421,0.410346,0.933592,-0.357276,-0.002493,0.027458,0.186951,1.863842,1.000000,0.304465,4.160580
2.605000,0.499324,-0.013073,0.410301,0.933606,-0.357230,-0.002459,0.027585,0.186959,1.862323,1.000000,0.303731,4.158735
2.610000,0.499495,-0.012725,0.410255,0.933620,-0.357184,-0.002425,0.027710,0.186967,1.860807,1.000000,0.302923,4.156352
2.615000,0.499665,-0.012378,0.410210,0.933634,-0.357137,-0.002389,0.027833,0.186975,1.859295,1.000000,0.302122,4.154423
2.620000,0.499832,-0.012031,0.410165,0.933648,-0.357091,-0.002353,0.027956,0.186983,1.857788,1.000000,0.301262,4.152072
2.625000,0.499996,-0.011685,0.410121,0.933663,-0.357044,-0.002316,0.028076,0.186992,1.856285,1.000000,0.300447,4.150115
2.630000,0.500159,-0.011339,0.410076,0.933677,-0.356997,-0.002278,0.028196,0.187000,1.854786,1.000000,0.299585,4.147670
2.635000,0.500318,-0.010993,0.410032,0.933691,-0.356951,-0.002239,0.028313,0.187009,1.853291,1.000000,0.298741,4.145608
2.640000,0.500476,-0.010649,0.409988,0.933706,-0.356904,-0.002199,0.028429,0.187018,1.851800,1.000000,0.297851,4.143063
2.645000,0.500631,-0.010304,0.409945,0.933721,-0.356857,-0.002159,0.028544,0.187025,1.850314,1.000000,0.296954,4.140653
2.650000,0.500783,-0.009961,0.409901,0.933735,-0.356809,-0.002118,0.028656,0.187034,1.848833,1.000000,0.296088,4.138762
2.655000,0.500933,-0.009618,0.409858,0.933750,-0.356762,-0.002076,0.028767,0.187042,1.847356,1.000000,0.295180,4.136081
2.660000,0.501080,-0.009275,0.409816,0.933765,-0.356715,-0.002034,0.028877,0.187051,1.845883,1.000000,0.294313,4.133905
2.665000,0.501225,-0.008933,0.409773,0.933780,-0.356667,-0.001990,0.028985,0.187059,1.844415,1.000000,0.293410,4.131224
2.670000,0.501367,-0.008592,0.409731,0.933794,-0.356620,-0.001947,0.029091,0.187069,1.842951,1.000000,0.292552,4.129058
2.675000,0.501506,-0.008251,0.409689,0.933809,-0.356573,-0.001903,0.029196,0.187078,1.841491,1.000000,0.291665,4.126421
2.680000,0.501643,-0.007911,0.409647,0.933824,-0.356525,-0.001858,0.029299,0.187088,1.840036,1.000000,0.290832,4.124394
2.685000,0.501777,-0.007571,0.409606,0.933839,-0.356478,-0.001813,0.029401,0.187097,1.838585,1.000000,0.289970,4.121843
2.690000,0.501908,-0.007232,0.409565,0.933854,-0.356430,-0.001768,0.029501,0.187105,1.837138,1.000000,0.289131,4.119216
2.695000,0.502037,-0.006893,0.409525,0.933870,-0.356383,-0.001722,0.029599,0.187114,1.835695,1.000000,0.288335,4.117122
2.700000,0.502162,-0.006555,0.409484,0.933885,-0.356335,-0.001676,0.029696,0.187122,1.834257,1.000000,0.287513,4.114578
2.705000,0.502285,-0.006217,0.409444,0.933900,-0.356288,-0.001630,0.029791,0.187132,1.832822,1.000000,0.286744,4.112594
2.710000,0.502404,-0.005879,0.409404,0.933915,-0.356240,-0.001584,0.029885,0.187141,1.831391,1.000000,0.285941,4.110008
2.715000,0.502521,-0.005543,0.409365,0.933930,-0.356193,-0.001538,0.029977,0.187151,1.829964,1.000000,0.285188,4.107931
2.720000,0.502634,-0.005206,0.409325,0.933945,-0.356146,-0.001492,0.030067,0.187161,1.828541,1.000000,0.284407,4.105303
2.725000,0.502745,-0.004870,0.409286,0.933961,-0.356098,-0.001446,0.030157,0.187171,1.827121,1.000000,0.283688,4.103680
2.730000,0.502852,-0.004534,0.409247,0.933976,-0.356051,-0.001400,0.030244,0.187181,1.825706,1.000000,0.282860,4.101457
2.735000,0.502957,-0.004199,0.409208,0.933991,-0.356004,-0.001354,0.030331,0.187192,1.824294,1.000000,0.282019,4.099876
2.740000,0.503058,-0.003865,0.409170,0.934007,-0.355956,-0.001308,0.030416,0.187201,1.822887,1.000000,0.281110,4.097741
2.745000,0.503156,-0.003531,0.409131,0.934022,-0.355909,-0.001261,0.030500,0.187210,1.821485,1.000000,0.280178,4.095461
2.750000,0.503252,-0.003198,0.409092,0.934037,-0.355862,-0.001214,0.030583,0.187220,1.820087,1.000000,0.279294,4.093749
2.755000,0.503344,-0.002865,0.409054,0.934053,-0.355814,-0.001167,0.030665,0.187230,1.818694,1.000000,0.278393,4.091548
2.760000,0.503434,-0.002533,0.409016,0.934068,-0.355767,-0.001119,0.030745,0.187240,1.817304,1.000000,0.277543,4.090563
2.765000,0.503520,-0.002202,0.408977,0.934084,-0.355719,-0.001071,0.030825,0.187250,1.815920,1.000000,0.276610,4.088853
2.770000,0.503604,-0.001872,0.408939,0.934099,-0.355672,-0.001022,0.030904,0.187261,1.814540,1.000000,0.275706,4.087647
2.775000,0.503684,-0.001542,0.408900,0.934115,-0.355624,-0.000973,0.030981,0.187271,1.813164,1.000000,0.274763,4.085875
2.780000,0.503762,-0.001213,0.408861,0.934130,-0.355577,-0.000924,0.031057,0.187283,1.811793,1.000000,0.273879,4.084754
2.785000,0.503836,-0.000885,0.408822,0.934146,-0.355529,-0.000875,0.031133,0.187293,1.810427,1.000000,0.272969,4.083045
2.790000,0.503908,-0.000557,0.408783,0.934162,-0.355482,-0.000826,0.031207,0.187302,1.809065,1.000000,0.272065,4.081201
2.795000,0.503976,-0.000230,0.408743,0.934177,-0.355434,-0.000776,0.031279,0.187313,1.807707,1.000000,0.271216,4.080040
2.800000,0.504042,0.000096,0.408703,0.934193,-0.355386,-0.000727,0.031351,0.187323,1.806354,1.000000,0.270336,4.078357
2.805000,0.504104,0.000422,0.408663,0.934209,-0.355339,-0.000677,0.031422,0.187334,1.805005,1.000000,0.269516,4.077315
2.810000,0.504164,0.000746,0.408622,0.934225,-0.355291,-0.000627,0.031491,0.187345,1.803661,1.000000,0.268667,4.075585
2.815000,0.504221,0.001070,0.408581,0.934241,-0.355243,-0.000576,0.031559,0.187356,1.802320,1.000000,0.267879,4.074402
2.820000,0.504274,0.001394,0.408539,0.934257,-0.355195,-0.000526,0.031626,0.187367,1.800983,1.000000,0.267073,4.072634
2.825000,0.504325,0.001717,0.408497,0.934273,-0.355147,-0.000475,0.031691,0.187379,1.799650,1.000000,0.266349,4.071135
2.830000,0.504373,0.002039,0.408454,0.934289,-0.355099,-0.000425,0.031756,0.187390,1.798321,1.000000,0.265635,4.069064
2.835000,0.504418,0.002361,0.408411,0.934305,-0.355050,-0.000373,0.031819,0.187400,1.796995,1.000000,0.264953,4.066871
2.840000,0.504461,0.002682,0.408367,0.934322,-0.355002,-0.000322,0.031880,0.187411,1.795672,1.000000,0.264361,4.065321
2.845000,0.504501,0.003003,0.408323,0.934338,-0.354953,-0.000271,0.031942,0.187422,1.794352,1.000000,0.263798,4.063095
2.850000,0.504539,0.003323,0.408279,0.934355,-0.354903,-0.000220,0.032003,0.187434,1.793035,1.000000,0.263385,4.061502
2.855000,0.504575,0.003644,0.408235,0.934372,-0.354853,-0.000169,0.032065,0.187444,1.791719,1.000000,0.263041,4.059341
2.860000,0.504610,0.003964,0.408191,0.934389,-0.354802,-0.000120,0.032128,0.187457,1.790405,1.000000,0.262846,4.057057
2.865000,0.504644,0.004285,0.408147,0.934407,-0.354750,-0.000070,0.032191,0.187468,1.789092,1.000000,0.262740,4.054186
2.870000,0.504677,0.004605,0.408104,0.934425,-0.354698,-0.000021,0.032254,0.187481,1.787778,1.000000,0.262782,4.051881
2.875000,0.504709,0.004926,0.408060,0.934443,-0.354644,0.000027,0.032318,0.187492,1.786464,1.000000,0.262869,4.048938
2.880000,0.504740,0.005247,0.408017,0.934461,-0.354591,0.000076,0.032382,0.187506,1.785150,1.000000,0.263084,4.046754
2.885000,0.504770,0.005569,0.407974,0.934479,-0.354536,0.000124,0.032446,0.187517,1.783834,1.000000,0.263317,4.043913
2.890000,0.504800,0.005891,0.407932,0.934498,-0.354481,0.000172,0.032509,0.187528,1.782517,1.000000,0.263588,4.040912
2.895000,0.504829,0.006214,0.407890,0.934517,-0.354426,0.000219,0.032573,0.187540,1.781198,1.000000,0.263940,4.037413
2.900000,0.504858,0.006537,0.407848,0.934535,-0.354370,0.000267,0.032635,0.187552,1.779878,1.000000,0.264357,4.033486
2.905000,0.504887,0.006862,0.407806,0.934555,-0.354314,0.000315,0.032698,0.187565,1.778555,1.000000,0.264899,4.030276
2.910000,0.504915,0.007186,0.407764,0.934574,-0.354257,0.000363,0.032760,0.187576,1.777229,1.000000,0.265446,4.026319
2.915000,0.504943,0.007512,0.407723,0.934593,-0.354200,0.000411,0.032820,0.187590,1.775900,1.000000,0.266082,4.022956
2.920000,0.504970,0.007839,0.407682,0.934613,-0.354143,0.000459,0.032881,0.187602,1.774569,1.000000,0.266710,4.018933
2.925000,0.504998,0.008167,0.407642,0.934633,-0.354085,0.000507,0.032940,0.187615,1.773233,1.000000,0.267425,4.015673
2.930000,0.505025,0.008496,0.407601,0.934653,-0.354027,0.000556,0.032998,0.187628,1.771895,1.000000,0.268141,4.012077
2.935000,0.505051,0.008825,0.407561,0.934673,-0.353968,0.000604,0.033056,0.187639,1.770552,1.000000,0.268848,4.008297
2.940000,0.505078,0.009156,0.407521,0.934693,-0.353910,0.000653,0.033112,0.187652,1.769206,1.000000,0.269614,4.005222
2.945000,0.505104,0.009488,0.407482,0.934713,-0.353851,0.000703,0.033168,0.187663,1.767856,1.000000,0.270337,4.001493
2.950000,0.505130,0.009821,0.407443,0.934734,-0.353792,0.000752,0.033223,0.187677,1.766503,1.000000,0.271117,3.998481
2.955000,0.505156,0.010155,0.407404,0.934754,-0.353733,0.000803,0.033277,0.187689,1.765145,1.000000,0.271839,3.994691
2.960000,0.505182,0.010490,0.407366,0.934775,-0.353673,0.000853,0.033330,0.187703,1.763784,1.000000,0.272607,3.991541
2.965000,0.505207,0.010826,0.407328,0.934795,-0.353614,0.000904,0.033382,0.187715,1.762419,1.000000,0.273354,3.988661
2.970000,0.505232,0.011164,0.407291,0.934816,-0.353554,0.000956,0.033434,0.187730,1.761050,1.000000,0.274100,3.986412
2.975000,0.505257,0.011502,0.407255,0.934837,-0.353494,0.001008,0.033485,0.187742,1.759678,1.000000,0.274754,3.983447
2.980000,0.505281,0.011841,0.407219,0.934857,-0.353435,0.001060,0.033535,0.187754,1.758303,1.000000,0.275364,3.980403
2.985000,0.505305,0.012181,0.407184,0.934878,-0.353375,0.001114,0.033584,0.187768,1.756925,1.000000,0.275999,3.978089
2.990000,0.505328,0.012522,0.407149,0.934899,-0.353315,0.001167,0.033633,0.187780,1.755543,1.000000,0.276537,3.974877
2.995000,0.505351,0.012863,0.407116,0.934920,-0.353255,0.001222,0.033681,0.187794,1.754159,1.000000,0.277110,3.972552
3.000000,0.505374,0.013206,0.407083,0.934941,-0.353194,0.001277,0.033728,0.187806,1.752773,1.000000,0.277593,3.969502
3.005000,0.505396,0.013549,0.407052,0.934962,-0.353134,0.001333,0.033775,0.187821,1.751383,1.000000,0.278099,3.967197
3.010000,0.505417,0.013893,0.407021,0.934983,-0.353074,0.001390,0.033821,0.187834,1.749992,1.000000,0.278516,3.964118
3.015000,0.505438,0.014237,0.406991,0.935004,-0.353013,0.001448,0.033867,0.187849,1.748598,1.000000,0.278953,3.961703
3.020000,0.505459,0.014582,0.406962,0.935025,-0.352953,0.001506,0.033912,0.187862,1.747203,1.000000,0.279308,3.958530
3.025000,0.505479,0.014928,0.406935,0.935046,-0.352892,0.001566,0.033956,0.187878,1.745805,1.000000,0.279698,3.955976
3.030000,0.505498,0.015274,0.406908,0.935068,-0.352831,0.001625,0.034000,0.187891,1.744406,1.000000,0.280032,3.952641
3.035000,0.505517,0.015621,0.406883,0.935089,-0.352770,0.001686,0.034042,0.187904,1.743006,1.000000,0.280365,3.949166
3.040000,0.505534,0.015969,0.406859,0.935111,-0.352709,0.001747,0.034084,0.187918,1.741603,1.000000,0.280762,3.946443
3.045000,0.505551,0.016317,0.406836,0.935132,-0.352648,0.001808,0.034125,0.187931,1.740198,1.000000,0.281097,3.942850
3.050000,0.505568,0.016665,0.406814,0.935154,-0.352586,0.001869,0.034165,0.187946,1.738792,1.000000,0.281479,3.939963
3.055000,0.505583,0.017015,0.406793,0.935175,-0.352525,0.001931,0.034205,0.187959,1.737384,1.000000,0.281781,3.936243
3.060000,0.505597,0.017364,0.406774,0.935197,-0.352463,0.001993,0.034243,0.187974,1.735975,1.000000,0.282116,3.933197
3.065000,0.505610,0.017715,0.406756,0.935219,-0.352402,0.002054,0.034279,0.187988,1.734564,1.000000,0.282364,3.929522
3.070000,0.505622,0.018065,0.406739,0.935240,-0.352340,0.002116,0.034315,0.188004,1.733151,1.000000,0.282628,3.926498
3.075000,0.505634,0.018417,0.406723,0.935262,-0.352278,0.002178,0.034350,0.188018,1.731738,1.000000,0.282801,3.922690
3.080000,0.505644,0.018768,0.406709,0.935284,-0.352216,0.002240,0.034384,0.188030,1.730324,1.000000,0.282916,3.918563
3.085000,0.505653,0.019120,0.406696,0.935306,-0.352155,0.002302,0.034417,0.188045,1.728910,1.000000,0.283065,3.915210
3.090000,0.505661,0.019473,0.406684,0.935328,-0.352093,0.002364,0.034449,0.188058,1.727495,1.000000,0.283121,3.910986
3.095000,0.505668,0.019825,0.406674,0.935350,-0.352030,0.002427,0.034480,0.188074,1.726079,1.000000,0.283213,3.907516
3.100000,0.505674,0.020178,0.406665,0.935372,-0.351968,0.002489,0.034510,0.188087,1.724664,1.000000,0.283207,3.903175
3.105000,0.505679,0.020531,0.406657,0.935394,-0.351906,0.002551,0.034539,0.188103,1.723248,1.000000,0.283227,3.899513
3.110000,0.505683,0.020884,0.406650,0.935417,-0.351843,0.002613,0.034567,0.188117,1.721833,1.000000,0.283146,3.894901
3.115000,0.505685,0.021237,0.406645,0.935439,-0.351781,0.002675,0.034594,0.188133,1.720418,1.000000,0.283087,3.890854
3.120000,0.505687,0.021591,0.406641,0.935462,-0.351718,0.002737,0.034620,0.188148,1.719003,1.000000,0.282940,3.886001
3.125000,0.505688,0.021944,0.406639,0.935484,-0.351655,0.002799,0.034645,0.188164,1.717589,1.000000,0.282823,3.881794
3.130000,0.505687,0.022298,0.406637,0.935507,-0.351592,0.002860,0.034669,0.188179,1.716176,1.000000,0.282623,3.876809
3.135000,0.505686,0.022651,0.406637,0.935529,-0.351529,0.002922,0.034692,0.188192,1.714765,1.000000,0.282373,3.871885
3.140000,0.505683,0.023004,0.406638,0.935552,-0.351466,0.002983,0.034714,0.188208,1.713354,1.000000,0.282141,3.867703
3.145000,0.505680,0.023357,0.406640,0.935575,-0.351403,0.003045,0.034736,0.188221,1.711945,1.000000,0.281796,3.862504
3.150000,0.505675,0.023710,0.406643,0.935598,-0.351339,0.003106,0.034756,0.188237,1.710537,1.000000,0.281481,3.858047
3.155000,0.505670,0.024063,0.406648,0.935621,-0.351275,0.003167,0.034775,0.188251,1.709132,1.000000,0.281064,3.852608
3.160000,0.505663,0.024415,0.406653,0.935644,-0.351212,0.003228,0.034794,0.188268,1.707728,1.000000,0.280676,3.847839
3.165000,0.505656,0.024767,0.406660,0.935667,-0.351148,0.003289,0.034811,0.188282,1.706327,1.000000,0.280191,3.843139
3.170000,0.505647,0.025119,0.406667,0.935690,-0.351084,0.003349,0.034828,0.188299,1.704928,1.000000,0.279663,3.838908
3.175000,0.505638,0.025470,0.406676,0.935713,-0.351020,0.003410,0.034844,0.188314,1.703532,1.000000,0.279007,3.833804
3.180000,0.505627,0.025821,0.406686,0.935737,-0.350956,0.003470,0.034859,0.188331,1.702140,1.000000,0.278342,3.829161
3.185000,0.505616,0.026171,0.406697,0.935760,-0.350892,0.003530,0.034874,0.188346,1.700751,1.000000,0.277577,3.823752
3.190000,0.505604,0.026520,0.406708,0.935783,-0.350827,0.003589,0.034888,0.188360,1.699366,1.000000,0.276760,3.818131
3.195000,0.505591,0.026868,0.406721,0.935807,-0.350763,0.003649,0.034901,0.188376,1.697985,1.000000,0.275981,3.813314
3.200000,0.505577,0.027216,0.406734,0.935830,-0.350699,0.003708,0.034914,0.188390,1.696609,1.000000,0.275084,3.807908
3.205000,0.505562,0.027562,0.406748,0.935853,-0.350634,0.003766,0.034926,0.188406,1.695236,1.000000,0.274181,3.803145
3.210000,0.505547,0.027908,0.406763,0.935877,-0.350570,0.003824,0.034937,0.188421,1.693869,1.000000,0.273163,3.797448
3.215000,0.505530,0.028253,0.406779,0.935900,-0.350506,0.003882,0.034948,0.188437,1.692507,1.000000,0.272165,3.792434
3.220000,0.505513,0.028596,0.406795,0.935924,-0.350441,0.003939,0.034958,0.188452,1.691150,1.000000,0.271067,3.786492
3.225000,0.505495,0.028939,0.406812,0.935947,-0.350377,0.003996,0.034968,0.188469,1.689799,1.000000,0.269988,3.781098
3.230000,0.505476,0.029280,0.406830,0.935971,-0.350312,0.004052,0.034977,0.188485,1.688453,1.000000,0.268824,3.774902
3.235000,0.505457,0.029620,0.406848,0.935995,-0.350247,0.004108,0.034985,0.188502,1.687113,1.000000,0.267681,3.769751
3.240000,0.505437,0.029959,0.406867,0.936018,-0.350183,0.004163,0.034993,0.188517,1.685779,1.000000,0.266428,3.763791
3.245000,0.505416,0.030296,0.406886,0.936042,-0.350118,0.004217,0.035000,0.188531,1.684451,1.000000,0.265104,3.757388
3.250000,0.505394,0.030633,0.406905,0.936066,-0.350053,0.004271,0.035007,0.188547,1.683130,1.000000,0.263818,3.751786
3.255000,0.505372,0.030967,0.406925,0.936089,-0.349989,0.004323,0.035013,0.188562,1.681816,1.000000,0.262434,3.745147
3.260000,0.505349,0.031301,0.406945,0.936113,-0.349924,0.004375,0.035019,0.188578,1.680509,1.000000,0.261090,3.739216
3.265000,0.505325,0.031633,0.406966,0.936137,-0.349859,0.004426,0.035024,0.188593,1.679208,1.000000,0.259661,3.732347
3.270000,0.505301,0.031963,0.406986,0.936161,-0.349795,0.004477,0.035028,0.188610,1.677915,1.000000,0.258269,3.726180
3.275000,0.505276,0.032292,0.407007,0.936184,-0.349730,0.004526,0.035032,0.188625,1.676629,1.000000,0.256799,3.719163
3.280000,0.505251,0.032619,0.407027,0.936208,-0.349665,0.004574,0.035036,0.188642,1.675350,1.000000,0.255367,3.712723
3.285000,0.505225,0.032945,0.407048,0.936232,-0.349600,0.004622,0.035038,0.188658,1.674078,1.000000,0.253869,3.705495
3.290000,0.505199,0.033269,0.407069,0.936256,-0.349535,0.004668,0.035041,0.188675,1.672814,1.000000,0.252400,3.698674
3.295000,0.505172,0.033592,0.407089,0.936280,-0.349470,0.004714,0.035042,0.188691,1.671558,1.000000,0.250875,3.691129
3.300000,0.505145,0.033913,0.407110,0.936304,-0.349405,0.004758,0.035043,0.188705,1.670309,1.000000,0.249326,3.683293
3.305000,0.505117,0.034232,0.407130,0.936328,-0.349340,0.004801,0.035044,0.188721,1.669067,1.000000,0.247844,3.675812
3.310000,0.505089,0.034550,0.407151,0.936352,-0.349275,0.004844,0.035044,0.188736,1.667834,1.000000,0.246320,3.667359
3.315000,0.505061,0.034867,0.407171,0.936377,-0.349209,0.004885,0.035043,0.188752,1.666608,1.000000,0.244869,3.659564
3.320000,0.505032,0.035182,0.407191,0.936401,-0.349144,0.004925,0.035041,0.188767,1.665389,1.000000,0.243373,3.650898
3.325000,0.505003,0.035495,0.407210,0.936425,-0.349078,0.004964,0.035039,0.188784,1.664177,1.000000,0.241939,3.642848
3.330000,0.504974,0.035807,0.407229,0.936450,-0.349012,0.005002,0.035035,0.188799,1.662973,1.000000,0.240460,3.633953
3.335000,0.504945,0.036118,0.407248,0.936474,-0.348946,0.005039,0.035032,0.188816,1.661776,1.000000,0.239031,3.625525
3.340000,0.504915,0.036427,0.407267,0.936499,-0.348880,0.005075,0.035027,0.188832,1.660586,1.000000,0.237564,3.616367
3.345000,0.504886,0.036734,0.407285,0.936524,-0.348813,0.005110,0.035022,0.188846,1.659404,1.000000,0.236090,3.606917
3.350000,0.504856,0.037040,0.407303,0.936548,-0.348747,0.005144,0.035015,0.188862,1.658229,1.000000,0.234690,3.598245
3.355000,0.504826,0.037345,0.407320,0.936573,-0.348680,0.005177,0.035009,0.188876,1.657061,1.000000,0.233235,3.588538
3.360000,0.504795,0.037648,0.407337,0.936598,-0.348613,0.005209,0.035001,0.188892,1.655900,1.000000,0.231850,3.579547
3.365000,0.504765,0.037951,0.407354,0.936623,-0.348546,0.005240,0.034993,0.188907,1.654746,1.000000,0.230416,3.569606
3.370000,0.504735,0.038251,0.407370,0.936649,-0.348479,0.005270,0.034984,0.188924,1.653599,1.000000,0.229048,3.560279
3.375000,0.504704,0.038551,0.407385,0.936674,-0.348412,0.005299,0.034974,0.188939,1.652459,1.000000,0.227637,3.550064
3.380000,0.504674,0.038849,0.407401,0.936699,-0.348344,0.005328,0.034963,0.188956,1.651326,1.000000,0.226285,3.540363
3.385000,0.504644,0.039146,0.407415,0.936725,-0.348277,0.005355,0.034952,0.188971,1.650200,1.000000,0.224899,3.529921
3.390000,0.504613,0.039442,0.407429,0.936750,-0.348209,0.005381,0.034940,0.188988,1.649081,1.000000,0.223569,3.520008
3.395000,0.504583,0.039736,0.407443,0.936776,-0.348141,0.005407,0.034927,0.189004,1.647968,1.000000,0.222212,3.509418
3.400000,0.504552,0.040030,0.407456,0.936802,-0.348072,0.005432,0.034914,0.189018,1.646863,1.000000,0.220847,3.498484
3.405000,0.504522,0.040322,0.407469,0.936827,-0.348004,0.005456,0.034900,0.189034,1.645764,1.000000,0.219559,3.488264
3.410000,0.504491,0.040613,0.407481,0.936853,-0.347936,0.005478,0.034885,0.189048,1.644671,1.000000,0.218229,3.477144
3.415000,0.504460,0.040903,0.407493,0.936879,-0.347867,0.005501,0.034870,0.189064,1.643585,1.000000,0.216963,3.466708
3.420000,0.504430,0.041192,0.407504,0.936905,-0.347798,0.005522,0.034853,0.189079,1.642505,1.000000,0.215652,3.455420
3.425000,0.504399,0.041480,0.407514,0.936931,-0.347730,0.005542,0.034836,0.189095,1.641432,1.000000,0.214395,3.444725
3.430000,0.504368,0.041768,0.407524,0.936957,-0.347661,0.005562,0.034819,0.189110,1.640365,1.000000,0.213101,3.433283
3.435000,0.504337,0.042054,0.407533,0.936983,-0.347592,0.005581,0.034800,0.189127,1.639305,1.000000,0.211857,3.422376
3.440000,0.504306,0.042339,0.407542,0.937010,-0.347523,0.005599,0.034780,0.189142,1.638251,1.000000,0.210586,3.410335
3.445000,0.504274,0.042623,0.407549,0.937036,-0.347454,0.005617,0.034760,0.189159,1.637203,1.000000,0.209392,3.398815
3.450000,0.504243,0.042906,0.407556,0.937062,-0.347385,0.005634,0.034738,0.189174,1.636161,1.000000,0.208191,3.386692
3.455000,0.504210,0.043189,0.407562,0.937088,-0.347316,0.005649,0.034716,0.189188,1.635125,1.000000,0.206998,3.374343
3.460000,0.504178,0.043471,0.407567,0.937115,-0.347246,0.005665,0.034692,0.189203,1.634095,1.000000,0.205879,3.362695
3.465000,0.504145,0.043752,0.407572,0.937141,-0.347177,0.005679,0.034668,0.189217,1.633071,1.000000,0.204728,3.350241
3.470000,0.504112,0.044032,0.407575,0.937168,-0.347108,0.005692,0.034642,0.189233,1.632052,1.000000,0.203642,3.338406
3.475000,0.504078,0.044312,0.407578,0.937195,-0.347038,0.005705,0.034616,0.189247,1.631039,1.000000,0.202537,3.324744
3.480000,0.504043,0.044591,0.407580,0.937221,-0.346969,0.005717,0.034588,0.189264,1.630030,1.000000,0.201561,3.311791
3.485000,0.504008,0.044870,0.407581,0.937248,-0.346899,0.005728,0.034559,0.189278,1.629027,1.000000,0.200601,3.298202
3.490000,0.503973,0.045148,0.407580,0.937275,-0.346829,0.005738,0.034530,0.189294,1.628028,1.000000,0.199720,3.285114
3.495000,0.503936,0.045426,0.407579,0.937302,-0.346759,0.005747,0.034499,0.189309,1.627034,1.000000,0.198838,3.271457
3.500000,0.503899,0.045704,0.407577,0.937329,-0.346689,0.005755,0.034467,0.189322,1.626044,1.000000,0.197974,3.257640
3.505000,0.503862,0.045982,0.407573,0.937356,-0.346619,0.005763,0.034434,0.189337,1.625058,1.000000,0.197189,3.243813
3.510000,0.503823,0.046259,0.407569,0.937383,-0.346548,0.005770,0.034399,0.189351,1.624077,1.000000,0.196423,3.229330
3.515000,0.503784,0.046537,0.407563,0.937411,-0.346478,0.005775,0.034364,0.189366,1.623098,1.000000,0.195748,3.215465
3.520000,0.503743,0.046815,0.407557,0.937438,-0.346407,0.005780,0.034327,0.189380,1.622123,1.000000,0.195068,3.200956
3.525000,0.503702,0.047092,0.407549,0.937466,-0.346336,0.005784,0.034290,0.189395,1.621152,1.000000,0.194458,3.187021
3.530000,0.503660,0.047370,0.407540,0.937493,-0.346265,0.005788,0.034251,0.189409,1.620183,1.000000,0.193835,3.172477
3.535000,0.503617,0.047648,0.407530,0.937521,-0.346194,0.005790,0.034211,0.189425,1.619217,1.000000,0.193270,3.158421
3.540000,0.503573,0.047927,0.407519,0.937549,-0.346122,0.005792,0.034170,0.189439,1.618254,1.000000,0.192687,3.143757
3.545000,0.503528,0.048206,0.407506,0.937577,-0.346051,0.005793,0.034129,0.189455,1.617294,1.000000,0.192162,3.129603
3.550000,0.503482,0.048485,0.407493,0.937605,-0.345979,0.005794,0.034086,0.189469,1.616337,1.000000,0.191623,3.114960
3.555000,0.503435,0.048765,0.407478,0.937633,-0.345907,0.005794,0.034043,0.189482,1.615382,1.000000,0.191091,3.100204
3.560000,0.503387,0.049045,0.407462,0.937661,-0.345835,0.005794,0.033999,0.189497,1.614430,1.000000,0.190618,3.086062
3.565000,0.503338,0.049325,0.407445,0.937689,-0.345763,0.005793,0.033954,0.189510,1.613481,1.000000,0.190118,3.071320
3.570000,0.503287,0.049606,0.407427,0.937718,-0.345691,0.005791,0.033909,0.189525,1.612533,1.000000,0.189668,3.057137
3.575000,0.503236,0.049888,0.407407,0.937746,-0.345618,0.005790,0.033862,0.189538,1.611588,1.000000,0.189181,3.042746
3.580000,0.503183,0.050170,0.407387,0.937774,-0.345546,0.005787,0.033816,0.189553,1.610646,1.000000,0.188713,3.028828
3.585000,0.503129,0.050453,0.407365,0.937803,-0.345474,0.005785,0.033769,0.189566,1.609705,1.000000,0.188207,3.014419
3.590000,0.503073,0.050737,0.407342,0.937831,-0.345401,0.005782,0.033721,0.189581,1.608768,1.000000,0.187732,3.000471
3.595000,0.503017,0.051021,0.407317,0.937860,-0.345329,0.005780,0.033673,0.189595,1.607832,1.000000,0.187226,2.986086
3.600000,0.502959,0.051305,0.407292,0.937888,-0.345257,0.005777,0.033624,0.189607,1.606900,1.000000,0.186712,2.971644
3.605000,0.502899,0.051591,0.407265,0.937916,-0.345184,0.005773,0.033576,0.189621,1.605970,1.000000,0.186238,2.957794
3.610000,0.502839,0.051877,0.407237,0.937945,-0.345112,0.005770,0.033527,0.189634,1.605042,1.000000,0.185715,2.943619
3.615000,0.502776,0.052163,0.407208,0.937973,-0.345039,0.005767,0.033478,0.189648,1.604117,1.000000,0.185213,2.929948
3.620000,0.502713,0.052450,0.407178,0.938002,-0.344967,0.005763,0.033428,0.189660,1.603194,1.000000,0.184669,2.915816
3.625000,0.502648,0.052738,0.407146,0.938030,-0.344895,0.005759,0.033379,0.189675,1.602274,1.000000,0.184152,2.902202
3.630000,0.502581,0.053026,0.407113,0.938058,-0.344824,0.005756,0.033329,0.189688,1.601357,1.000000,0.183597,2.888148
3.635000,0.502512,0.053315,0.407079,0.938086,-0.344752,0.005752,0.033279,0.189702,1.600443,1.000000,0.183066,2.874548
3.640000,0.502443,0.053605,0.407043,0.938114,-0.344680,0.005748,0.033229,0.189715,1.599531,1.000000,0.182499,2.860559
3.645000,0.502371,0.053895,0.407006,0.938142,-0.344609,0.005744,0.033179,0.189727,1.598622,1.000000,0.181918,2.846543
3.650000,0.502298,0.054186,0.406968,0.938170,-0.344538,0.005740,0.033129,0.189740,1.597716,1.000000,0.181378,2.833082
3.655000,0.502223,0.054477,0.406928,0.938198,-0.344467,0.005735,0.033079,0.189752,1.596813,1.000000,0.180801,2.819144
3.660000,0.502146,0.054769,0.406887,0.938226,-0.344396,0.005731,0.033029,0.189765,1.595913,1.000000,0.180253,2.805724
3.665000,0.502067,0.055062,0.406845,0.938253,-0.344326,0.005726,0.032978,0.189777,1.595015,1.000000,0.179665,2.791893
3.670000,0.501987,0.055355,0.406801,0.938281,-0.344256,0.005721,0.032928,0.189791,1.594121,1.000000,0.179098,2.778558
3.675000,0.501905,0.055649,0.406755,0.938308,-0.344186,0.005715,0.032877,0.189803,1.593229,1.000000,0.178478,2.764523
3.680000,0.501820,0.055943,0.406708,0.938336,-0.344117,0.005709,0.032825,0.189817,1.592341,1.000000,0.177905,2.750979
3.685000,0.501734,0.056238,0.406660,0.938363,-0.344048,0.005702,0.032774,0.189829,1.591455,1.000000,0.177307,2.737089
3.690000,0.501645,0.056534,0.406609,0.938390,-0.343980,0.005695,0.032722,0.189843,1.590572,1.000000,0.176733,2.723650
3.695000,0.501554,0.056830,0.406557,0.938416,-0.343912,0.005686,0.032669,0.189855,1.589693,1.000000,0.176123,2.709891
3.700000,0.501461,0.057127,0.406503,0.938443,-0.343845,0.005677,0.032617,0.189866,1.588816,1.000000,0.175496,2.696134
3.705000,0.501366,0.057425,0.406447,0.938469,-0.343778,0.005666,0.032563,0.189879,1.587943,1.000000,0.174886,2.682878
3.710000,0.501268,0.057723,0.406390,0.938495,-0.343713,0.005655,0.032510,0.189890,1.587072,1.000000,0.174196,2.668548
3.715000,0.501168,0.058021,0.406330,0.938521,-0.343647,0.005643,0.032455,0.189903,1.586206,1.000000,0.173562,2.654783
3.720000,0.501065,0.058321,0.406269,0.938546,-0.343583,0.005629,0.032400,0.189914,1.585342,1.000000,0.172906,2.640688
3.725000,0.500960,0.058621,0.406205,0.938572,-0.343519,0.005614,0.032344,0.189927,1.584482,1.000000,0.172274,2.627036
3.730000,0.500852,0.058921,0.406140,0.938597,-0.343457,0.005597,0.032288,0.189938,1.583625,1.000000,0.171607,2.613085
3.735000,0.500741,0.059222,0.406072,0.938621,-0.343395,0.005579,0.032231,0.189951,1.582771,1.000000,0.170952,2.599559
3.740000,0.500627,0.059524,0.406002,0.938646,-0.343333,0.005559,0.032173,0.189963,1.581921,1.000000,0.170256,2.585766
3.745000,0.500511,0.059826,0.405930,0.938670,-0.343273,0.005538,0.032115,0.189973,1.581074,1.000000,0.169517,2.571712
3.750000,0.500392,0.060129,0.405856,0.938694,-0.343213,0.005515,0.032056,0.189985,1.580231,1.000000,0.168801,2.558168
3.755000,0.500270,0.060432,0.405780,0.938718,-0.343154,0.005492,0.031996,0.189996,1.579392,1.000000,0.168044,2.544296
3.760000,0.500145,0.060736,0.405702,0.938741,-0.343096,0.005467,0.031935,0.190007,1.578556,1.000000,0.167298,2.530865
3.765000,0.500017,0.061040,0.405621,0.938765,-0.343038,0.005440,0.031874,0.190018,1.577724,1.000000,0.166510,2.517178
3.770000,0.499887,0.061345,0.405538,0.938788,-0.342981,0.005413,0.031812,0.190030,1.576896,1.000000,0.165730,2.503938
3.775000,0.499753,0.061650,0.405453,0.938811,-0.342925,0.005384,0.031750,0.190041,1.576073,1.000000,0.164907,2.490437
3.780000,0.499617,0.061955,0.405366,0.938833,-0.342869,0.005355,0.031687,0.190053,1.575253,1.000000,0.164110,2.477309
3.785000,0.499478,0.062260,0.405277,0.938856,-0.342814,0.005325,0.031623,0.190064,1.574437,1.000000,0.163261,2.463958
3.790000,0.499337,0.062566,0.405187,0.938878,-0.342759,0.005295,0.031559,0.190074,1.573626,1.000000,0.162385,2.450670
3.795000,0.499192,0.062872,0.405094,0.938900,-0.342705,0.005264,0.031494,0.190085,1.572819,1.000000,0.161516,2.437831
3.800000,0.499045,0.063178,0.404999,0.938923,-0.342650,0.005234,0.031429,0.190095,1.572017,1.000000,0.160603,2.424708
3.805000,0.498896,0.063484,0.404902,0.938945,-0.342597,0.005203,0.031363,0.190106,1.571219,1.000000,0.159699,2.412011
3.810000,0.498744,0.063791,0.404804,0.938967,-0.342543,0.005173,0.031297,0.190116,1.570426,1.000000,0.158757,2.399076
3.815000,0.498589,0.064097,0.404704,0.938988,-0.342489,0.005143,0.031230,0.190127,1.569637,1.000000,0.157834,2.385986
3.820000,0.498432,0.064404,0.404603,0.939010,-0.342436,0.005114,0.031163,0.190137,1.568853,1.000000,0.156889,2.372762
3.825000,0.498273,0.064710,0.404499,0.939032,-0.342383,0.005084,0.031096,0.190149,1.568074,1.000000,0.155963,2.359921
3.830000,0.498111,0.065017,0.404395,0.939054,-0.342330,0.005056,0.031028,0.190159,1.567300,1.000000,0.155014,2.346891
3.835000,0.497947,0.065323,0.404289,0.939076,-0.342277,0.005028,0.030959,0.190170,1.566530,1.000000,0.154079,2.334178
3.840000,0.497780,0.065630,0.404182,0.939097,-0.342224,0.005001,0.030890,0.190180,1.565765,1.000000,0.153124,2.321307
3.845000,0.497611,0.065937,0.404073,0.939119,-0.342171,0.004975,0.030821,0.190189,1.565005,1.000000,0.152131,2.307672
3.850000,0.497440,0.066244,0.403963,0.939141,-0.342118,0.004950,0.030751,0.190200,1.564250,1.000000,0.151194,2.294556
3.855000,0.497266,0.066550,0.403852,0.939162,-0.342065,0.004925,0.030681,0.190209,1.563499,1.000000,0.150251,2.281205
3.860000,0.497089,0.066857,0.403740,0.939184,-0.342012,0.004900,0.030610,0.190219,1.562753,1.000000,0.149342,2.268219
3.865000,0.496910,0.067165,0.403627,0.939206,-0.341960,0.004876,0.030538,0.190229,1.562012,1.000000,0.148422,2.255045
3.870000,0.496728,0.067472,0.403513,0.939227,-0.341908,0.004853,0.030466,0.190239,1.561275,1.000000,0.147526,2.242215
3.875000,0.496543,0.067779,0.403398,0.939249,-0.341856,0.004830,0.030393,0.190249,1.560543,1.000000,0.146617,2.229242
3.880000,0.496356,0.068086,0.403282,0.939270,-0.341804,0.004807,0.030319,0.190259,1.559815,1.000000,0.145730,2.215730
3.885000,0.496166,0.068394,0.403165,0.939291,-0.341752,0.004785,0.030244,0.190268,1.559092,1.000000,0.144865,2.202211
3.890000,0.495973,0.068702,0.403048,0.939313,-0.341700,0.004763,0.030168,0.190277,1.558373,1.000000,0.144012,2.188702
3.895000,0.495778,0.069010,0.402930,0.939334,-0.341649,0.004742,0.030092,0.190293,1.557658,1.000000,0.143257,2.176386
3.900000,0.495580,0.069318,0.402811,0.939355,-0.341598,0.004720,0.030014,0.190307,1.556947,1.000000,0.142437,2.163091
3.905000,0.495378,0.069626,0.402692,0.939376,-0.341547,0.004699,0.029935,0.190322,1.556239,1.000000,0.141641,2.150205
3.910000,0.495174,0.069935,0.402572,0.939397,-0.341497,0.004678,0.029854,0.190336,1.555537,1.000000,0.140825,2.137128
3.915000,0.494968,0.070244,0.402452,0.939418,-0.341446,0.004658,0.029773,0.190351,1.554837,1.000000,0.140053,2.123794
3.920000,0.494758,0.070553,0.402332,0.939439,-0.341396,0.004637,0.029690,0.190364,1.554142,1.000000,0.139272,2.110342
3.925000,0.494545,0.070862,0.402212,0.939460,-0.341347,0.004617,0.029606,0.190378,1.553451,1.000000,0.138518,2.097188
3.930000,0.494330,0.071172,0.402092,0.939480,-0.341298,0.004596,0.029520,0.190391,1.552763,1.000000,0.137755,2.083883
3.935000,0.494111,0.071482,0.401971,0.939501,-0.341249,0.004576,0.029433,0.190402,1.552080,1.000000,0.136989,2.070595
3.940000,0.493890,0.071791,0.401851,0.939521,-0.341200,0.004556,0.029344,0.190415,1.551400,1.000000,0.136250,2.057714
3.945000,0.493665,0.072102,0.401731,0.939542,-0.341152,0.004536,0.029254,0.190426,1.550724,1.000000,0.135491,2.044662
3.950000,0.493438,0.072412,0.401611,0.939562,-0.341104,0.004516,0.029162,0.190438,1.550052,1.000000,0.134718,2.031493
3.955000,0.493207,0.072722,0.401492,0.939582,-0.341057,0.004496,0.029068,0.190449,1.549383,1.000000,0.133933,2.018153
3.960000,0.492973,0.073033,0.401373,0.939602,-0.341011,0.004475,0.028972,0.190461,1.548719,1.000000,0.133182,2.005118
3.965000,0.492736,0.073343,0.401254,0.939622,-0.340965,0.004454,0.028875,0.190472,1.548058,1.000000,0.132459,1.991932
3.970000,0.492496,0.073654,0.401136,0.939641,-0.340920,0.004432,0.028774,0.190484,1.547401,1.000000,0.131757,1.979061
3.975000,0.492252,0.073965,0.401019,0.939661,-0.340875,0.004409,0.028671,0.190494,1.546747,1.000000,0.131013,1.966066
3.980000,0.492006,0.074276,0.400902,0.939680,-0.340831,0.004387,0.028564,0.190506,1.546098,1.000000,0.130240,1.953294
3.985000,0.491757,0.074588,0.400785,0.939700,-0.340787,0.004364,0.028455,0.190516,1.545452,1.000000,0.129397,1.940266
3.990000,0.491504,0.074899,0.400670,0.939719,-0.340744,0.004340,0.028342,0.190526,1.544811,1.000000,0.128504,1.927298
3.995000,0.491249,0.075211,0.400554,0.939738,-0.340701,0.004316,0.028225,0.190536,1.544174,1.000000,0.127590,1.914687
4.000000,0.490990,0.075523,0.400440,0.939757,-0.340660,0.004292,0.028105,0.190546,1.543542,1.000000,0.126614,1.901847
4.005000,0.490729,0.075834,0.400326,0.939775,-0.340620,0.004266,0.027981,0.190556,1.542915,1.000000,0.125616,1.889308
4.010000,0.490465,0.076146,0.400213,0.939793,-0.340580,0.004240,0.027854,0.190566,1.542293,1.000000,0.124565,1.876637
4.015000,0.490197,0.076457,0.400100,0.939811,-0.340542,0.004214,0.027722,0.190576,1.541677,1.000000,0.123467,1.863898
4.020000,0.489927,0.076768,0.399989,0.939829,-0.340504,0.004186,0.027586,0.190586,1.541066,1.000000,0.122313,1.851076
4.025000,0.489653,0.077079,0.399877,0.939846,-0.340468,0.004158,0.027447,0.190596,1.540462,1.000000,0.121126,1.838482
4.030000,0.489377,0.077390,0.399767,0.939863,-0.340433,0.004128,0.027303,0.190606,1.539863,1.000000,0.119891,1.825799
4.035000,0.489097,0.077699,0.399657,0.939880,-0.340400,0.004098,0.027155,0.190614,1.539271,1.000000,0.118605,1.813032
4.040000,0.488815,0.078008,0.399548,0.939896,-0.340367,0.004067,0.027002,0.190624,1.538685,1.000000,0.117305,1.800617
4.045000,0.488529,0.078316,0.399440,0.939912,-0.340336,0.004035,0.026846,0.190633,1.538106,1.000000,0.115951,1.788037
4.050000,0.488240,0.078624,0.399333,0.939928,-0.340305,0.004002,0.026685,0.190643,1.537534,1.000000,0.114568,1.775454
4.055000,0.487949,0.078930,0.399226,0.939943,-0.340276,0.003968,0.026520,0.190652,1.536969,1.000000,0.113107,1.762720
4.060000,0.487654,0.079235,0.399120,0.939958,-0.340249,0.003933,0.026350,0.190662,1.536411,1.000000,0.111612,1.750236
4.065000,0.487357,0.079538,0.399015,0.939972,-0.340222,0.003897,0.026176,0.190671,1.535861,1.000000,0.110060,1.737583
4.070000,0.487056,0.079840,0.398910,0.939987,-0.340198,0.003861,0.025998,0.190681,1.535319,1.000000,0.108478,1.725100
4.075000,0.486753,0.080140,0.398807,0.940000,-0.340174,0.003823,0.025814,0.190690,1.534785,1.000000,0.106853,1.712526
4.080000,0.486446,0.080439,0.398704,0.940014,-0.340151,0.003784,0.025627,0.190698,1.534259,1.000000,0.105191,1.699977
4.085000,0.486137,0.080735,0.398601,0.940027,-0.340130,0.003745,0.025434,0.190708,1.533741,1.000000,0.103538,1.688230
4.090000,0.485824,0.081029,0.398500,0.940039,-0.340110,0.003705,0.025237,0.190716,1.533232,1.000000,0.101768,1.676134
4.095000,0.485509,0.081321,0.398399,0.940052,-0.340092,0.003664,0.025036,0.190726,1.532732,1.000000,0.099955,1.664315
4.100000,0.485190,0.081610,0.398299,0.940063,-0.340075,0.003623,0.024830,0.190735,1.532242,1.000000,0.098074,1.652254
4.105000,0.484869,0.081896,0.398200,0.940075,-0.340060,0.003581,0.024619,0.190745,1.531760,1.000000,0.096166,1.640424
4.110000,0.484545,0.082179,0.398101,0.940085,-0.340046,0.003538,0.024403,0.190754,1.531289,1.000000,0.094213,1.628444
4.115000,0.484217,0.082459,0.398003,0.940096,-0.340034,0.003494,0.024183,0.190764,1.530827,1.000000,0.092240,1.616681
4.120000,0.483887,0.082735,0.397906,0.940106,-0.340022,0.003450,0.023958,0.190773,1.530375,1.000000,0.090304,1.605792
4.125000,0.483555,0.083008,0.397809,0.940115,-0.340013,0.003406,0.023729,0.190783,1.529933,1.000000,0.088213,1.594889
4.130000,0.483218,0.083276,0.397712,0.940124,-0.340006,0.003361,0.023497,0.190793,1.529502,1.000000,0.086037,1.583886
4.135000,0.482879,0.083539,0.397617,0.940131,-0.340001,0.003314,0.023263,0.190801,1.529082,1.000000,0.083874,1.572763
4.140000,0.482535,0.083796,0.397522,0.940138,-0.340000,0.003266,0.023028,0.190810,1.528672,1.000000,0.081678,1.561921
4.145000,0.482187,0.084048,0.397428,0.940143,-0.340002,0.003216,0.022791,0.190819,1.528275,1.000000,0.078982,1.550812
4.150000,0.481835,0.084295,0.397335,0.940146,-0.340011,0.003164,0.022554,0.190829,1.527892,1.000000,0.076009,1.539932
4.155000,0.481479,0.084535,0.397242,0.940146,-0.340026,0.003110,0.022315,0.190837,1.527524,1.000000,0.073053,1.530406
4.160000,0.481119,0.084770,0.397150,0.940144,-0.340049,0.003055,0.022076,0.190847,1.527171,1.000000,0.069906,1.520827
4.165000,0.480755,0.084999,0.397059,0.940139,-0.340079,0.002999,0.021836,0.190856,1.526834,1.000000,0.066670,1.511068
4.170000,0.480388,0.085221,0.396970,0.940131,-0.340117,0.002941,0.021594,0.190866,1.526513,1.000000,0.063403,1.501411
4.175000,0.480018,0.085437,0.396881,0.940120,-0.340162,0.002884,0.021352,0.190876,1.526209,1.000000,0.060127,1.491634
4.180000,0.479645,0.085648,0.396793,0.940107,-0.340215,0.002825,0.021108,0.190884,1.525921,1.000000,0.056850,1.481740
4.185000,0.479268,0.085852,0.396707,0.940090,-0.340275,0.002767,0.020864,0.190893,1.525649,1.000000,0.053640,1.473387
4.190000,0.478889,0.086049,0.396621,0.940071,-0.340343,0.002708,0.020618,0.190902,1.525393,1.000000,0.050299,1.464533
4.195000,0.478508,0.086240,0.396537,0.940049,-0.340419,0.002649,0.020372,0.190911,1.525154,1.000000,0.046916,1.455875
4.200000,0.478123,0.086424,0.396454,0.940025,-0.340502,0.002591,0.020126,0.190920,1.524933,1.000000,0.043494,1.446973
4.205000,0.477737,0.086601,0.396373,0.939997,-0.340594,0.002533,0.019878,0.190930,1.524728,1.000000,0.040067,1.438228
4.210000,0.477348,0.086771,0.396293,0.939966,-0.340693,0.002475,0.019630,0.190939,1.524541,1.000000,0.036637,1.429302
4.215000,0.476957,0.086934,0.396214,0.939933,-0.340800,0.002417,0.019381,0.190948,1.524370,1.000000,0.033221,1.420488
4.220000,0.476564,0.087090,0.396136,0.939897,-0.340914,0.002360,0.019131,0.190957,1.524217,1.000000,0.029850,1.413223
4.225000,0.476169,0.087239,0.396060,0.939858,-0.341037,0.002303,0.018880,0.190967,1.524080,1.000000,0.026378,1.405789
4.230000,0.475772,0.087381,0.395985,0.939815,-0.341167,0.002247,0.018629,0.190977,1.523961,1.000000,0.022863,1.398262
4.235000,0.475373,0.087515,0.395912,0.939770,-0.341305,0.002192,0.018377,0.190985,1.523860,1.000000,0.019314,1.390597
4.240000,0.474973,0.087641,0.395840,0.939722,-0.341452,0.002138,0.018125,0.190994,1.523777,1.000000,0.015764,1.383160
4.245000,0.474575,0.087770,0.395774,0.939678,-0.341589,0.002046,0.017839,0.191002,1.523682,1.000000,0.021209,1.375489
4.250000,0.474182,0.087898,0.395719,0.939637,-0.341717,0.001913,0.017519,0.191012,1.523573,1.000000,0.022575,1.368000
4.255000,0.473793,0.088021,0.395676,0.939597,-0.341846,0.001762,0.017184,0.191020,1.523465,1.000000,0.021692,1.361726
4.260000,0.473407,0.088134,0.395645,0.939555,-0.341981,0.001604,0.016843,0.191030,1.523366,1.000000,0.019169,1.355392
4.265000,0.473023,0.088236,0.395623,0.939509,-0.342124,0.001447,0.016504,0.191039,1.523283,1.000000,0.015661,1.348926
4.270000,0.472642,0.088326,0.395609,0.939459,-0.342278,0.001294,0.016168,0.191048,1.523218,1.000000,0.011755,1.342556
4.275000,0.472262,0.088405,0.395603,0.939405,-0.342442,0.001147,0.015836,0.191057,1.523174,1.000000,0.007687,1.336115
4.280000,0.471882,0.088472,0.395603,0.939347,-0.342617,0.001006,0.015509,0.191065,1.523150,1.000000,0.003567,1.329577
4.285000,0.471503,0.088529,0.395608,0.939284,-0.342803,0.000871,0.015186,0.191074,1.523147,1.000000,-0.000536,1.323281
4.290000,0.471124,0.088575,0.395618,0.939217,-0.343000,0.000741,0.014867,0.191082,1.523161,1.000000,-0.004650,1.317433
4.295000,0.470745,0.088611,0.395632,0.939147,-0.343207,0.000617,0.014551,0.191091,1.523191,1.000000,-0.008771,1.311715
4.300000,0.470366,0.088638,0.395649,0.939072,-0.343425,0.000498,0.014238,0.191100,1.523238,1.000000,-0.012878,1.305849
4.305000,0.469987,0.088655,0.395669,0.938994,-0.343653,0.000382,0.013927,0.191109,1.523301,1.000000,-0.016958,1.300165
4.310000,0.469607,0.088663,0.395692,0.938911,-0.343890,0.000271,0.013618,0.191117,1.523381,1.000000,-0.021003,1.294385
4.315000,0.469228,0.088662,0.395717,0.938825,-0.344136,0.000162,0.013311,0.191127,1.523476,1.000000,-0.025015,1.288756
4.320000,0.468849,0.088652,0.395744,0.938736,-0.344391,0.000056,0.013005,0.191135,1.523588,1.000000,-0.028985,1.283081
4.325000,0.468470,0.088634,0.395772,0.938644,-0.344655,-0.000047,0.012700,0.191145,1.523715,1.000000,-0.032946,1.278461
4.330000,0.468091,0.088607,0.395801,0.938548,-0.344927,-0.000148,0.012395,0.191153,1.523858,1.000000,-0.036920,1.273700
4.335000,0.467713,0.088572,0.395831,0.938448,-0.345208,-0.000247,0.012091,0.191161,1.524017,1.000000,-0.040890,1.268880
4.340000,0.467335,0.088528,0.395862,0.938346,-0.345496,-0.000343,0.011788,0.191170,1.524192,1.000000,-0.044850,1.264301
4.345000,0.466958,0.088476,0.395893,0.938241,-0.345792,-0.000437,0.011485,0.191177,1.524383,1.000000,-0.048787,1.259622
4.350000,0.466582,0.088416,0.395925,0.938133,-0.346095,-0.000530,0.011182,0.191186,1.524589,1.000000,-0.052701,1.255163
4.355000,0.466207,0.088347,0.395957,0.938021,-0.346406,-0.000620,0.010879,0.191194,1.524811,1.000000,-0.056613,1.251522
4.360000,0.465833,0.088271,0.395990,0.937907,-0.346724,-0.000708,0.010576,0.191203,1.525048,1.000000,-0.060407,1.247802
4.365000,0.465461,0.088186,0.396022,0.937791,-0.347048,-0.000792,0.010273,0.191211,1.525301,1.000000,-0.064138,1.243999
4.370000,0.465091,0.088093,0.396055,0.937672,-0.347378,-0.000873,0.009970,0.191220,1.525568,1.000000,-0.067802,1.240285
4.375000,0.464723,0.087992,0.396088,0.937550,-0.347714,-0.000951,0.009666,0.191228,1.525849,1.000000,-0.071384,1.236527
4.380000,0.464357,0.087884,0.396121,0.937427,-0.348055,-0.001024,0.009361,0.191235,1.526145,1.000000,-0.074901,1.232788
4.385000,0.463993,0.087768,0.396154,0.937301,-0.348401,-0.001094,0.009055,0.191244,1.526454,1.000000,-0.078348,1.229276
4.390000,0.463632,0.087645,0.396187,0.937174,-0.348751,-0.001160,0.008748,0.191251,1.526778,1.000000,-0.081796,1.226674
4.395000,0.463274,0.087514,0.396219,0.937044,-0.349106,-0.001222,0.008441,0.191259,1.527115,1.000000,-0.085212,1.224155
4.400000,0.462918,0.087376,0.396251,0.936913,-0.349466,-0.001281,0.008132,0.191267,1.527465,1.000000,-0.088586,1.221634
4.405000,0.462564,0.087231,0.396283,0.936780,-0.349829,-0.001336,0.007823,0.191275,1.527829,1.000000,-0.091927,1.219364
4.410000,0.462213,0.087079,0.396315,0.936645,-0.350197,-0.001387,0.007512,0.191283,1.528206,1.000000,-0.095207,1.217077
4.415000,0.461865,0.086920,0.396346,0.936508,-0.350569,-0.001436,0.007201,0.191291,1.528597,1.000000,-0.098438,1.214959
4.420000,0.461519,0.086755,0.396376,0.936370,-0.350945,-0.001481,0.006888,0.191299,1.529000,1.000000,-0.101605,1.212880
4.425000,0.461176,0.086583,0.396405,0.936230,-0.351324,-0.001523,0.006575,0.191306,1.529415,1.000000,-0.104725,1.211505
4.430000,0.460835,0.086404,0.396434,0.936088,-0.351707,-0.001563,0.006261,0.191314,1.529843,1.000000,-0.107816,1.210330
4.435000,0.460496,0.086220,0.396462,0.935944,-0.352094,-0.001600,0.005946,0.191321,1.530283,1.000000,-0.110843,1.209110
4.440000,0.460161,0.086029,0.396489,0.935800,-0.352484,-0.001634,0.005630,0.191328,1.530735,1.000000,-0.113830,1.208152
4.445000,0.459827,0.085832,0.396516,0.935653,-0.352877,-0.001666,0.005313,0.191335,1.531199,1.000000,-0.116762,1.207252
4.450000,0.459496,0.085629,0.396541,0.935505,-0.353273,-0.001696,0.004996,0.191343,1.531675,1.000000,-0.119655,1.206631
4.455000,0.459168,0.085421,0.396566,0.935356,-0.353673,-0.001724,0.004678,0.191351,1.532162,1.000000,-0.122477,1.206031
4.460000,0.458842,0.085207,0.396589,0.935205,-0.354075,-0.001749,0.004359,0.191358,1.532660,1.000000,-0.125193,1.206067
4.465000,0.458518,0.084988,0.396612,0.935053,-0.354481,-0.001773,0.004040,0.191366,1.533168,1.000000,-0.127855,1.206087
4.470000,0.458197,0.084763,0.396634,0.934900,-0.354888,-0.001795,0.003720,0.191374,1.533688,1.000000,-0.130474,1.206333
4.475000,0.457878,0.084534,0.396655,0.934745,-0.355299,-0.001814,0.003399,0.191381,1.534217,1.000000,-0.133026,1.206636
4.480000,0.457561,0.084299,0.396674,0.934589,-0.355711,-0.001832,0.003079,0.191387,1.534757,1.000000,-0.135531,1.207100
4.485000,0.457248,0.084060,0.396693,0.934432,-0.356126,-0.001848,0.002758,0.191394,1.535306,1.000000,-0.137990,1.207831
4.490000,0.456936,0.083816,0.396711,0.934274,-0.356544,-0.001863,0.002436,0.191401,1.535865,1.000000,-0.140293,1.208597
4.495000,0.456627,0.083567,0.396727,0.934115,-0.356961,-0.001876,0.002115,0.191408,1.536432,1.000000,-0.141978,1.209705
4.500000,0.456320,0.083314,0.396743,0.933957,-0.357376,-0.001888,0.001793,0.191415,1.537005,1.000000,-0.143228,1.210793
4.505000,0.456015,0.083055,0.396758,0.933800,-0.357788,-0.001898,0.001473,0.191422,1.537582,1.000000,-0.144222,1.212067
4.510000,0.455712,0.082792,0.396772,0.933644,-0.358195,-0.001907,0.001154,0.191428,1.538162,1.000000,-0.145045,1.213409
4.515000,0.455410,0.082523,0.396786,0.933490,-0.358598,-0.001916,0.000837,0.191436,1.538745,1.000000,-0.145782,1.215035
4.520000,0.455109,0.082249,0.396798,0.933337,-0.358995,-0.001924,0.000522,0.191442,1.539332,1.000000,-0.146440,1.216719
4.525000,0.454809,0.081970,0.396810,0.933187,-0.359387,-0.001931,0.000209,0.191448,1.539920,1.000000,-0.146938,1.217505
4.530000,0.454511,0.081685,0.396822,0.933038,-0.359773,-0.001938,-0.000101,0.191455,1.540510,1.000000,-0.147429,1.218661
4.535000,0.454213,0.081394,0.396833,0.932891,-0.360153,-0.001943,-0.000408,0.191461,1.541102,1.000000,-0.147906,1.219900
4.540000,0.453915,0.081097,0.396844,0.932746,-0.360527,-0.001949,-0.000713,0.191468,1.541697,1.000000,-0.148396,1.221386
4.545000,0.453618,0.080794,0.396855,0.932604,-0.360895,-0.001953,-0.001015,0.191474,1.542293,1.000000,-0.148887,1.222926
4.550000,0.453322,0.080486,0.396866,0.932463,-0.361258,-0.001956,-0.001314,0.191480,1.542891,1.000000,-0.149406,1.224703
4.555000,0.453026,0.080171,0.396877,0.932324,-0.361614,-0.001959,-0.001610,0.191486,1.543491,1.000000,-0.149909,1.226496
4.560000,0.452729,0.079852,0.396887,0.932188,-0.361964,-0.001961,-0.001903,0.191493,1.544093,1.000000,-0.150260,1.227844
4.565000,0.452433,0.079527,0.396897,0.932054,-0.362308,-0.001963,-0.002194,0.191499,1.544697,1.000000,-0.150618,1.229315
4.570000,0.452136,0.079197,0.396905,0.931922,-0.362645,-0.001963,-0.002483,0.191506,1.545301,1.000000,-0.151014,1.231044
4.575000,0.451838,0.078863,0.396914,0.931793,-0.362975,-0.001961,-0.002770,0.191512,1.545908,1.000000,-0.151425,1.232815
4.580000,0.451539,0.078524,0.396921,0.931665,-0.363299,-0.001959,-0.003056,0.191517,1.546516,1.000000,-0.151864,1.234722
4.585000,0.451240,0.078181,0.396927,0.931540,-0.363617,-0.001955,-0.003340,0.191523,1.547126,1.000000,-0.152340,1.236845
4.590000,0.450940,0.077834,0.396932,0.931418,-0.363929,-0.001951,-0.003622,0.191529,1.547738,1.000000,-0.152819,1.238919
4.595000,0.450638,0.077483,0.396937,0.931297,-0.364234,-0.001945,-0.003903,0.191535,1.548352,1.000000,-0.153256,1.240972
4.600000,0.450336,0.077129,0.396941,0.931179,-0.364534,-0.001937,-0.004182,0.191540,1.548967,1.000000,-0.153722,1.243118
4.605000,0.450032,0.076771,0.396944,0.931062,-0.364828,-0.001928,-0.004460,0.191546,1.549585,1.000000,-0.154225,1.245515
4.610000,0.449728,0.076409,0.396947,0.930948,-0.365117,-0.001918,-0.004737,0.191552,1.550204,1.000000,-0.154732,1.247924
4.615000,0.449422,0.076044,0.396951,0.930835,-0.365400,-0.001905,-0.005013,0.191558,1.550826,1.000000,-0.155252,1.250422
4.620000,0.449116,0.075675,0.396954,0.930724,-0.365678,-0.001892,-0.005287,0.191563,1.551449,1.000000,-0.155774,1.252951
4.625000,0.448809,0.075304,0.396957,0.930615,-0.365951,-0.001876,-0.005560,0.191568,1.552075,1.000000,-0.156319,1.255687
4.630000,0.448502,0.074928,0.396960,0.930508,-0.366219,-0.001859,-0.005831,0.191573,1.552703,1.000000,-0.156719,1.258007
4.635000,0.448193,0.074550,0.396964,0.930403,-0.366483,-0.001841,-0.006102,0.191578,1.553332,1.000000,-0.157114,1.260345
4.640000,0.447885,0.074169,0.396968,0.930299,-0.366741,-0.001820,-0.006370,0.191584,1.553963,1.000000,-0.157512,1.262823
4.645000,0.447575,0.073785,0.396973,0.930198,-0.366995,-0.001798,-0.006638,0.191589,1.554595,1.000000,-0.157905,1.265354
4.650000,0.447266,0.073399,0.396978,0.930097,-0.367244,-0.001774,-0.006904,0.191594,1.555229,1.000000,-0.158311,1.268094
4.655000,0.446956,0.073010,0.396984,0.929999,-0.367488,-0.001748,-0.007169,0.191599,1.555864,1.000000,-0.158692,1.270818
4.660000,0.446646,0.072619,0.396990,0.929902,-0.367729,-0.001721,-0.007432,0.191604,1.556501,1.000000,-0.159062,1.273611
4.665000,0.446335,0.072225,0.396997,0.929806,-0.367965,-0.001692,-0.007695,0.191609,1.557140,1.000000,-0.159356,1.276816
4.670000,0.446025,0.071830,0.397005,0.929712,-0.368197,-0.001663,-0.007955,0.191614,1.557779,1.000000,-0.159669,1.280161
4.675000,0.445714,0.071433,0.397014,0.929620,-0.368425,-0.001632,-0.008215,0.191619,1.558420,1.000000,-0.159985,1.283656
4.680000,0.445404,0.071034,0.397023,0.929528,-0.368650,-0.001600,-0.008473,0.191623,1.559062,1.000000,-0.160285,1.287140
4.685000,0.445093,0.070634,0.397033,0.929438,-0.368871,-0.001567,-0.008730,0.191628,1.559705,1.000000,-0.160588,1.290766
4.690000,0.444783,0.070232,0.397044,0.929350,-0.369088,-0.001533,-0.008985,0.191633,1.560349,1.000000,-0.160866,1.294325
4.695000,0.444473,0.069828,0.397056,0.929262,-0.369302,-0.001498,-0.009238,0.191638,1.560995,1.000000,-0.161213,1.299168
4.700000,0.444163,0.069424,0.397069,0.929176,-0.369512,-0.001462,-0.009489,0.191642,1.561642,1.000000,-0.161559,1.303891
4.705000,0.443854,0.069018,0.397082,0.929091,-0.369720,-0.001426,-0.009739,0.191647,1.562291,1.000000,-0.161916,1.308830
4.710000,0.443546,0.068610,0.397096,0.929007,-0.369924,-0.001388,-0.009986,0.191651,1.562941,1.000000,-0.162255,1.313759
4.715000,0.443239,0.068202,0.397111,0.928925,-0.370125,-0.001350,-0.010232,0.191655,1.563592,1.000000,-0.162573,1.318638
4.720000,0.442932,0.067792,0.397127,0.928843,-0.370324,-0.001312,-0.010476,0.191660,1.564244,1.000000,-0.162892,1.323651
4.725000,0.442626,0.067382,0.397143,0.928762,-0.370520,-0.001274,-0.010718,0.191664,1.564898,1.000000,-0.163209,1.328764
4.730000,0.442322,0.066970,0.397160,0.928682,-0.370712,-0.001235,-0.010958,0.191668,1.565553,1.000000,-0.163395,1.333671
4.735000,0.442019,0.066558,0.397178,0.928604,-0.370903,-0.001197,-0.011197,0.191672,1.566208,1.000000,-0.163573,1.338632
4.740000,0.441717,0.066145,0.397197,0.928526,-0.371090,-0.001158,-0.011434,0.191677,1.566864,1.000000,-0.163749,1.343725
4.745000,0.441417,0.065731,0.397217,0.928449,-0.371275,-0.001120,-0.011669,0.191681,1.567521,1.000000,-0.163901,1.348755
4.750000,0.441119,0.065316,0.397237,0.928373,-0.371457,-0.001082,-0.011903,0.191685,1.568178,1.000000,-0.164044,1.353818
4.755000,0.440823,0.064901,0.397259,0.928298,-0.371637,-0.001045,-0.012135,0.191689,1.568836,1.000000,-0.164176,1.358897
4.760000,0.440529,0.064486,0.397282,0.928224,-0.371815,-0.001008,-0.012366,0.191694,1.569494,1.000000,-0.164320,1.364195
4.765000,0.440237,0.064070,0.397305,0.928151,-0.371990,-0.000971,-0.012595,0.191698,1.570153,1.000000,-0.164426,1.369825
4.770000,0.439948,0.063654,0.397330,0.928078,-0.372163,-0.000935,-0.012822,0.191701,1.570812,1.000000,-0.164531,1.375475
4.775000,0.439661,0.063237,0.397355,0.928007,-0.372334,-0.000899,-0.013048,0.191705,1.571472,1.000000,-0.164642,1.381245
4.780000,0.439377,0.062820,0.397382,0.927936,-0.372503,-0.000864,-0.013272,0.191709,1.572132,1.000000,-0.164732,1.386929
4.785000,0.439096,0.062402,0.397410,0.927865,-0.372670,-0.000830,-0.013495,0.191713,1.572792,1.000000,-0.164823,1.392693
4.790000,0.438817,0.061985,0.397439,0.927796,-0.372836,-0.000797,-0.013716,0.191716,1.573453,1.000000,-0.164913,1.398519
4.795000,0.438542,0.061567,0.397469,0.927727,-0.372999,-0.000765,-0.013935,0.191720,1.574114,1.000000,-0.165016,1.404533
4.800000,0.438270,0.061148,0.397500,0.927658,-0.373161,-0.000734,-0.014152,0.191724,1.574777,1.000000,-0.165311,1.412735
4.805000,0.438000,0.060729,0.397532,0.927590,-0.373322,-0.000704,-0.014367,0.191728,1.575440,1.000000,-0.165627,1.420736
4.810000,0.437734,0.060310,0.397566,0.927523,-0.373482,-0.000675,-0.014580,0.191731,1.576105,1.000000,-0.165961,1.428727
4.815000,0.437472,0.059890,0.397601,0.927455,-0.373641,-0.000648,-0.014791,0.191734,1.576771,1.000000,-0.166299,1.436668
4.820000,0.437212,0.059469,0.397636,0.927388,-0.373799,-0.000623,-0.015000,0.191738,1.577439,1.000000,-0.166659,1.444717
4.825000,0.436956,0.059048,0.397673,0.927322,-0.373956,-0.000599,-0.015207,0.191741,1.578108,1.000000,-0.167038,1.452859
4.830000,0.436703,0.058626,0.397711,0.927255,-0.374112,-0.000577,-0.015411,0.191745,1.578778,1.000000,-0.167441,1.461138
4.835000,0.436454,0.058203,0.397750,0.927189,-0.374267,-0.000558,-0.015613,0.191748,1.579451,1.000000,-0.167898,1.470459
4.840000,0.436208,0.057779,0.397789,0.927123,-0.374422,-0.000540,-0.015812,0.191752,1.580125,1.000000,-0.168385,1.479676
4.845000,0.435966,0.057354,0.397830,0.927058,-0.374576,-0.000525,-0.016010,0.191755,1.580801,1.000000,-0.168899,1.488919
4.850000,0.435727,0.056928,0.397872,0.926992,-0.374730,-0.000512,-0.016204,0.191758,1.581480,1.000000,-0.169454,1.498349
4.855000,0.435492,0.056501,0.397914,0.926927,-0.374884,-0.000502,-0.016396,0.191761,1.582161,1.000000,-0.170027,1.507761
4.860000,0.435261,0.056073,0.397957,0.926861,-0.375037,-0.000494,-0.016586,0.191764,1.582844,1.000000,-0.170613,1.517127
4.865000,0.435033,0.055643,0.398001,0.926796,-0.375190,-0.000489,-0.016773,0.191768,1.583529,1.000000,-0.171266,1.527566
4.870000,0.434809,0.055212,0.398046,0.926731,-0.375342,-0.000487,-0.016957,0.191770,1.584218,1.000000,-0.171962,1.537974
4.875000,0.434589,0.054780,0.398091,0.926666,-0.375494,-0.000488,-0.017139,0.191774,1.584909,1.000000,-0.172702,1.548499
4.880000,0.434373,0.054346,0.398137,0.926601,-0.375646,-0.000491,-0.017318,0.191777,1.585603,1.000000,-0.173470,1.559015
4.885000,0.434160,0.053910,0.398184,0.926536,-0.375798,-0.000498,-0.017494,0.191780,1.586301,1.000000,-0.174275,1.569629
4.890000,0.433952,0.053473,0.398231,0.926471,-0.375950,-0.000507,-0.017668,0.191783,1.587001,1.000000,-0.175102,1.580188
4.895000,0.433748,0.053033,0.398279,0.926406,-0.376102,-0.000520,-0.017839,0.191786,1.587706,1.000000,-0.175975,1.590769
4.900000,0.433548,0.052592,0.398327,0.926342,-0.376254,-0.000535,-0.018007,0.191789,1.588414,1.000000,-0.176968,1.602380
4.905000,0.433352,0.052148,0.398375,0.926277,-0.376405,-0.000553,-0.018172,0.191792,1.589126,1.000000,-0.178045,1.614054
4.910000,0.433160,0.051702,0.398424,0.926212,-0.376557,-0.000574,-0.018333,0.191795,1.589843,1.000000,-0.179178,1.625713
4.915000,0.432973,0.051253,0.398474,0.926147,-0.376709,-0.000596,-0.018491,0.191797,1.590564,1.000000,-0.180351,1.637307
4.920000,0.432791,0.050802,0.398523,0.926082,-0.376861,-0.000621,-0.018645,0.191800,1.591290,1.000000,-0.181579,1.648982
4.925000,0.432613,0.050347,0.398573,0.926017,-0.377012,-0.000648,-0.018795,0.191803,1.592021,1.000000,-0.182856,1.660727
4.930000,0.432440,0.049890,0.398623,0.925952,-0.377164,-0.000677,-0.018942,0.191805,1.592758,1.000000,-0.184188,1.672599
4.935000,0.432271,0.049429,0.398672,0.925888,-0.377316,-0.000709,-0.019086,0.191808,1.593500,1.000000,-0.185607,1.685262
4.940000,0.432107,0.048966,0.398722,0.925823,-0.377468,-0.000743,-0.019226,0.191811,1.594247,1.000000,-0.187080,1.697819
4.945000,0.431947,0.048499,0.398771,0.925758,-0.377620,-0.000780,-0.019363,0.191813,1.595001,1.000000,-0.188603,1.710386
4.950000,0.431792,0.048029,0.398820,0.925693,-0.377772,-0.000819,-0.019495,0.191816,1.595761,1.000000,-0.190182,1.723138
4.955000,0.431641,0.047555,0.398870,0.925628,-0.377924,-0.000861,-0.019624,0.191819,1.596528,1.000000,-0.191784,1.735872
4.960000,0.431494,0.047079,0.398920,0.925563,-0.378077,-0.000904,-0.019749,0.191821,1.597301,1.000000,-0.193405,1.748617
4.965000,0.431351,0.046599,0.398970,0.925498,-0.378231,-0.000949,-0.019871,0.191824,1.598081,1.000000,-0.195051,1.761442
4.970000,0.431212,0.046116,0.399022,0.925432,-0.378385,-0.000995,-0.019988,0.191826,1.598867,1.000000,-0.196767,1.774976
4.975000,0.431076,0.045630,0.399075,0.925366,-0.378539,-0.001043,-0.020101,0.191829,1.599660,1.000000,-0.198515,1.788455
4.980000,0.430944,0.045140,0.399129,0.925300,-0.378695,-0.001092,-0.020210,0.191831,1.600461,1.000000,-0.200293,1.801975
4.985000,0.430815,0.044647,0.399183,0.925234,-0.378850,-0.001142,-0.020314,0.191834,1.601269,1.000000,-0.202108,1.815629
4.990000,0.430689,0.044151,0.399239,0.925168,-0.379007,-0.001194,-0.020415,0.191836,1.602084,1.000000,-0.203942,1.829267
4.995000,0.430567,0.043651,0.399296,0.925101,-0.379164,-0.001247,-0.020511,0.191838,1.602906,1.000000,-0.205809,1.842994
5.000000,0.430448,0.043148,0.399354,0.925035,-0.379321,-0.001302,-0.020603,0.191841,1.603736,1.000000,-0.207701,1.856693
5.005000,0.430332,0.042642,0.399412,0.924968,-0.379479,-0.001358,-0.020691,0.191843,1.604573,1.000000,-0.209583,1.869997
5.010000,0.430220,0.042133,0.399471,0.924901,-0.379636,-0.001417,-0.020776,0.191845,1.605419,1.000000,-0.211504,1.883433
5.015000,0.430111,0.041620,0.399530,0.924835,-0.379794,-0.001478,-0.020857,0.191847,1.606272,1.000000,-0.213466,1.896963
5.020000,0.430005,0.041104,0.399589,0.924768,-0.379952,-0.001541,-0.020934,0.191850,1.607133,1.000000,-0.215470,1.910601
5.025000,0.429903,0.040584,0.399648,0.924702,-0.380109,-0.001606,-0.021008,0.191852,1.608002,1.000000,-0.217496,1.924169
5.030000,0.429805,0.040061,0.399707,0.924635,-0.380267,-0.001674,-0.021079,0.191854,1.608879,1.000000,-0.219555,1.937783
5.035000,0.429710,0.039535,0.399766,0.924569,-0.380424,-0.001744,-0.021147,0.191856,1.609764,1.000000,-0.221547,1.950490
5.040000,0.429620,0.039007,0.399824,0.924503,-0.380581,-0.001816,-0.021212,0.191858,1.610657,1.000000,-0.223572,1.963457
5.045000,0.429533,0.038475,0.399882,0.924437,-0.380737,-0.001891,-0.021275,0.191861,1.611559,1.000000,-0.225607,1.976403
5.050000,0.429449,0.037940,0.399940,0.924371,-0.380893,-0.001969,-0.021336,0.191863,1.612468,1.000000,-0.227653,1.989332
5.055000,0.429370,0.037402,0.399997,0.924305,-0.381049,-0.002049,-0.021394,0.191865,1.613386,1.000000,-0.229712,2.002252
5.060000,0.429295,0.036862,0.400053,0.924239,-0.381205,-0.002132,-0.021450,0.191867,1.614312,1.000000,-0.231800,2.015321
5.065000,0.429223,0.036319,0.400109,0.924174,-0.381361,-0.002218,-0.021505,0.191869,1.615247,1.000000,-0.233909,2.028489
5.070000,0.429155,0.035773,0.400164,0.924108,-0.381516,-0.002306,-0.021557,0.191871,1.616190,1.000000,-0.235989,2.041309
5.075000,0.429092,0.035225,0.400218,0.924043,-0.381671,-0.002398,-0.021609,0.191873,1.617141,1.000000,-0.238083,2.054267
5.080000,0.429032,0.034674,0.400272,0.923977,-0.381826,-0.002492,-0.021659,0.191875,1.618101,1.000000,-0.240309,2.067164
5.085000,0.428976,0.034121,0.400324,0.923912,-0.381981,-0.002589,-0.021709,0.191877,1.619071,1.000000,-0.242887,2.080080
5.090000,0.428922,0.033566,0.400374,0.923846,-0.382136,-0.002686,-0.021760,0.191879,1.620052,1.000000,-0.245696,2.093013
5.095000,0.428872,0.033007,0.400423,0.923780,-0.382292,-0.002785,-0.021813,0.191881,1.621044,1.000000,-0.248662,2.106126
5.100000,0.428824,0.032446,0.400470,0.923714,-0.382448,-0.002885,-0.021868,0.191883,1.622049,1.000000,-0.251704,2.119230
5.105000,0.428778,0.031881,0.400514,0.923647,-0.382605,-0.002985,-0.021925,0.191885,1.623066,1.000000,-0.255060,2.134282
5.110000,0.428734,0.031314,0.400556,0.923580,-0.382763,-0.003086,-0.021983,0.191886,1.624097,1.000000,-0.258454,2.149170
5.115000,0.428692,0.030743,0.400596,0.923512,-0.382921,-0.003188,-0.022043,0.191888,1.625142,1.000000,-0.261859,2.163942
5.120000,0.428651,0.030170,0.400633,0.923444,-0.383081,-0.003291,-0.022103,0.191890,1.626201,1.000000,-0.265274,2.178762
5.125000,0.428612,0.029593,0.400668,0.923376,-0.383242,-0.003395,-0.022164,0.191892,1.627273,1.000000,-0.268692,2.193652
5.130000,0.428575,0.029013,0.400700,0.923307,-0.383403,-0.003500,-0.022226,0.191894,1.628359,1.000000,-0.272114,2.208701
5.135000,0.428538,0.028430,0.400729,0.923238,-0.383566,-0.003607,-0.022289,0.191896,1.629458,1.000000,-0.275512,2.223713
5.140000,0.428503,0.027844,0.400756,0.923168,-0.383729,-0.003715,-0.022352,0.191897,1.630572,1.000000,-0.278957,2.239257
5.145000,0.428469,0.027255,0.400780,0.923097,-0.383893,-0.003824,-0.022415,0.191899,1.631699,1.000000,-0.282384,2.254724
5.150000,0.428435,0.026664,0.400802,0.923027,-0.384059,-0.003934,-0.022478,0.191901,1.632840,1.000000,-0.285809,2.270329
5.155000,0.428403,0.026069,0.400821,0.922955,-0.384225,-0.004046,-0.022541,0.191903,1.633994,1.000000,-0.289219,2.286014
5.160000,0.428371,0.025472,0.400837,0.922884,-0.384392,-0.004160,-0.022603,0.191904,1.635162,1.000000,-0.292592,2.301618
5.165000,0.428340,0.024872,0.400851,0.922812,-0.384560,-0.004275,-0.022665,0.191906,1.636344,1.000000,-0.295943,2.317284
5.170000,0.428309,0.024269,0.400862,0.922739,-0.384729,-0.004392,-0.022727,0.191907,1.637539,1.000000,-0.299271,2.333017
5.175000,0.428279,0.023664,0.400871,0.922666,-0.384899,-0.004510,-0.022788,0.191909,1.638746,1.000000,-0.302322,2.347310
5.180000,0.428250,0.023056,0.400876,0.922593,-0.385070,-0.004630,-0.022849,0.191911,1.639965,1.000000,-0.305323,2.361811
5.185000,0.428221,0.022447,0.400880,0.922519,-0.385242,-0.004752,-0.022909,0.191913,1.641196,1.000000,-0.308267,2.376411
5.190000,0.428192,0.021835,0.400881,0.922445,-0.385414,-0.004875,-0.022969,0.191914,1.642439,1.000000,-0.311145,2.390981
5.195000,0.428164,0.021222,0.400879,0.922371,-0.385586,-0.005000,-0.023028,0.191916,1.643694,1.000000,-0.313958,2.405533
5.200000,0.428136,0.020607,0.400875,0.922296,-0.385760,-0.005126,-0.023087,0.191917,1.644959,1.000000,-0.316710,2.420065
5.205000,0.428108,0.019990,0.400869,0.922221,-0.385933,-0.005254,-0.023145,0.191919,1.646234,1.000000,-0.319185,2.433341
5.210000,0.428080,0.019372,0.400860,0.922146,-0.386108,-0.005383,-0.023202,0.191921,1.647520,1.000000,-0.321597,2.446893
5.215000,0.428053,0.018753,0.400849,0.922071,-0.386283,-0.005514,-0.023259,0.191922,1.648814,1.000000,-0.323911,2.460390
5.220000,0.428026,0.018133,0.400836,0.921995,-0.386458,-0.005646,-0.023315,0.191924,1.650118,1.000000,-0.326146,2.473933
5.225000,0.427999,0.017513,0.400820,0.921919,-0.386634,-0.005780,-0.023371,0.191925,1.651431,1.000000,-0.328304,2.487515
5.230000,0.427972,0.016891,0.400803,0.921843,-0.386810,-0.005915,-0.023426,0.191927,1.652752,1.000000,-0.330370,2.501241
5.235000,0.427945,0.016270,0.400783,0.921766,-0.386987,-0.006051,-0.023480,0.191928,1.654080,1.000000,-0.332313,2.514934
5.240000,0.427918,0.015648,0.400762,0.921690,-0.387164,-0.006189,-0.023533,0.191930,1.655416,1.000000,-0.333961,2.527544
5.245000,0.427891,0.015026,0.400739,0.921613,-0.387341,-0.006328,-0.023585,0.191931,1.656758,1.000000,-0.335486,2.540277
5.250000,0.427865,0.014404,0.400715,0.921536,-0.387519,-0.006469,-0.023635,0.191932,1.658106,1.000000,-0.336904,2.553182
5.255000,0.427838,0.013783,0.400689,0.921459,-0.387697,-0.006612,-0.023684,0.191934,1.659460,1.000000,-0.338208,2.566153
5.260000,0.427812,0.013162,0.400661,0.921381,-0.387876,-0.006756,-0.023730,0.191935,1.660818,1.000000,-0.339388,2.579064
5.265000,0.427786,0.012542,0.400633,0.921304,-0.388055,-0.006901,-0.023775,0.191937,1.662181,1.000000,-0.340463,2.592023
5.270000,0.427761,0.011923,0.400603,0.921226,-0.388234,-0.007048,-0.023818,0.191938,1.663547,1.000000,-0.341442,2.605050
5.275000,0.427735,0.011306,0.400573,0.921148,-0.388413,-0.007197,-0.023860,0.191939,1.664917,1.000000,-0.342095,2.616761
5.280000,0.427710,0.010689,0.400541,0.921070,-0.388592,-0.007347,-0.023898,0.191941,1.666289,1.000000,-0.342632,2.628635
5.285000,0.427685,0.010075,0.400509,0.920992,-0.388772,-0.007499,-0.023935,0.191942,1.667663,1.000000,-0.343051,2.640548
5.290000,0.427661,0.009462,0.400476,0.920914,-0.388952,-0.007652,-0.023970,0.191943,1.669038,1.000000,-0.343355,2.652444
5.295000,0.427636,0.008851,0.400442,0.920836,-0.389132,-0.007807,-0.024002,0.191945,1.670414,1.000000,-0.343575,2.664501
5.300000,0.427612,0.008242,0.400409,0.920758,-0.389312,-0.007963,-0.024032,0.191946,1.671791,1.000000,-0.343704,2.676614
5.305000,0.427589,0.007635,0.400374,0.920680,-0.389492,-0.008120,-0.024060,0.191947,1.673169,1.000000,-0.343735,2.688702
5.310000,0.427565,0.007031,0.400340,0.920601,-0.389672,-0.008279,-0.024085,0.191948,1.674544,1.000000,-0.343291,2.698433
5.315000,0.427542,0.006430,0.400305,0.920523,-0.389852,-0.008439,-0.024108,0.191950,1.675918,1.000000,-0.342745,2.708566
5.320000,0.427519,0.005831,0.400270,0.920445,-0.390032,-0.008601,-0.024129,0.191951,1.677289,1.000000,-0.342085,2.718825
5.325000,0.427496,0.005236,0.400236,0.920367,-0.390212,-0.008764,-0.024147,0.191952,1.678658,1.000000,-0.341308,2.729059
5.330000,0.427473,0.004644,0.400201,0.920288,-0.390392,-0.008929,-0.024164,0.191953,1.680023,1.000000,-0.340436,2.739347
5.335000,0.427450,0.004055,0.400167,0.920210,-0.390571,-0.009095,-0.024177,0.191955,1.681384,1.000000,-0.339471,2.749636
5.340000,0.427428,0.003470,0.400132,0.920132,-0.390750,-0.009262,-0.024189,0.191956,1.682741,1.000000,-0.338449,2.760142
5.345000,0.427406,0.002889,0.400098,0.920054,-0.390929,-0.009430,-0.024198,0.191957,1.684094,1.000000,-0.337078,2.768893
5.350000,0.427384,0.002311,0.400065,0.919976,-0.391108,-0.009600,-0.024205,0.191958,1.685440,1.000000,-0.335611,2.777874
5.355000,0.427361,0.001738,0.400032,0.919898,-0.391287,-0.009771,-0.024209,0.191959,1.686780,1.000000,-0.334047,2.786901
5.360000,0.427339,0.001168,0.399999,0.919821,-0.391465,-0.009944,-0.024211,0.191960,1.688114,1.000000,-0.332402,2.795995
5.365000,0.427316,0.000603,0.399967,0.919743,-0.391643,-0.010117,-0.024211,0.191961,1.689441,1.000000,-0.330689,2.805177
5.370000,0.427294,0.000043,0.399936,0.919665,-0.391821,-0.010292,-0.024208,0.191963,1.690761,1.000000,-0.328915,2.814434
5.375000,0.427270,-0.000513,0.399905,0.919588,-0.391999,-0.010468,-0.024203,0.191964,1.692073,1.000000,-0.326905,2.822500
5.380000,0.427247,-0.001065,0.399875,0.919510,-0.392176,-0.010646,-0.024195,0.191965,1.693377,1.000000,-0.324808,2.830728
5.385000,0.427223,-0.001611,0.399845,0.919433,-0.392353,-0.010825,-0.024185,0.191966,1.694673,1.000000,-0.322634,2.839021
5.390000,0.427198,-0.002153,0.399816,0.919356,-0.392530,-0.011005,-0.024173,0.191967,1.695959,1.000000,-0.320391,2.847287
5.395000,0.427172,-0.002690,0.399788,0.919278,-0.392706,-0.011187,-0.024159,0.191968,1.697237,1.000000,-0.318119,2.855797
5.400000,0.427146,-0.003221,0.399761,0.919201,-0.392883,-0.011371,-0.024142,0.191969,1.698505,1.000000,-0.315804,2.864348
5.405000,0.427118,-0.003748,0.399734,0.919124,-0.393059,-0.011555,-0.024123,0.191970,1.699764,1.000000,-0.313450,2.872919
5.410000,0.427090,-0.004269,0.399708,0.919047,-0.393235,-0.011742,-0.024101,0.191971,1.701012,1.000000,-0.310764,2.879354
5.415000,0.427059,-0.004785,0.399682,0.918970,-0.393410,-0.011930,-0.024078,0.191972,1.702250,1.000000,-0.307994,2.886142
5.420000,0.427028,-0.005295,0.399658,0.918893,-0.393585,-0.012120,-0.024053,0.191973,1.703476,1.000000,-0.305156,2.893039
5.425000,0.426994,-0.005800,0.399633,0.918817,-0.393760,-0.012312,-0.024027,0.191973,1.704691,1.000000,-0.302265,2.899963
5.430000,0.426959,-0.006299,0.399610,0.918740,-0.393935,-0.012507,-0.023998,0.191974,1.705894,1.000000,-0.299348,2.907030
5.435000,0.426921,-0.006792,0.399586,0.918663,-0.394110,-0.012704,-0.023969,0.191975,1.707085,1.000000,-0.296405,2.914100
5.440000,0.426882,-0.007279,0.399564,0.918586,-0.394284,-0.012903,-0.023937,0.191976,1.708265,1.000000,-0.293471,2.921422
5.445000,0.426840,-0.007761,0.399541,0.918510,-0.394457,-0.013104,-0.023904,0.191977,1.709432,1.000000,-0.290367,2.927495
5.450000,0.426796,-0.008236,0.399519,0.918433,-0.394631,-0.013307,-0.023870,0.191978,1.710587,1.000000,-0.287216,2.933811
5.455000,0.426749,-0.008706,0.399498,0.918357,-0.394803,-0.013513,-0.023835,0.191979,1.711729,1.000000,-0.284034,2.940174
5.460000,0.426699,-0.009169,0.399476,0.918281,-0.394976,-0.013721,-0.023799,0.191979,1.712859,1.000000,-0.280843,2.946634
5.465000,0.426647,-0.009627,0.399455,0.918204,-0.395148,-0.013932,-0.023762,0.191980,1.713975,1.000000,-0.277658,2.953188
5.470000,0.426591,-0.010078,0.399434,0.918128,-0.395320,-0.014145,-0.023723,0.191981,1.715079,1.000000,-0.274486,2.959826
5.475000,0.426532,-0.010524,0.399413,0.918052,-0.395491,-0.014361,-0.023684,0.191982,1.716170,1.000000,-0.271344,2.966635
5.480000,0.426471,-0.010964,0.399392,0.917976,-0.395662,-0.014578,-0.023644,0.191982,1.717249,1.000000,-0.268230,2.972999
5.485000,0.426406,-0.011398,0.399371,0.917900,-0.395832,-0.014797,-0.023601,0.191983,1.718316,1.000000,-0.265309,2.979612
5.490000,0.426338,-0.011827,0.399351,0.917825,-0.396001,-0.015016,-0.023558,0.191984,1.719371,1.000000,-0.262499,2.986210
5.495000,0.426267,-0.012252,0.399330,0.917750,-0.396170,-0.015236,-0.023511,0.191985,1.720416,1.000000,-0.259778,2.993054
5.500000,0.426193,-0.012671,0.399310,0.917675,-0.396338,-0.015455,-0.023463,0.191985,1.721449,1.000000,-0.257106,2.999929
5.505000,0.426116,-0.013085,0.399289,0.917600,-0.396504,-0.015675,-0.023413,0.191986,1.722472,1.000000,-0.254481,3.006979
5.510000,0.426035,-0.013495,0.399269,0.917526,-0.396670,-0.015894,-0.023361,0.191986,1.723485,1.000000,-0.251893,3.014112
5.515000,0.425952,-0.013901,0.399248,0.917453,-0.396835,-0.016113,-0.023307,0.191987,1.724487,1.000000,-0.249420,3.021717
5.520000,0.425865,-0.014301,0.399227,0.917379,-0.396999,-0.016332,-0.023251,0.191988,1.725480,1.000000,-0.246993,3.029432
5.525000,0.425775,-0.014697,0.399206,0.917306,-0.397162,-0.016550,-0.023194,0.191988,1.726463,1.000000,-0.244611,3.037215
5.530000,0.425681,-0.015089,0.399185,0.917234,-0.397324,-0.016768,-0.023135,0.191989,1.727437,1.000000,-0.242282,3.045187
5.535000,0.425583,-0.015477,0.399163,0.917161,-0.397485,-0.016986,-0.023075,0.191989,1.728402,1.000000,-0.239994,3.053179
5.540000,0.425481,-0.015860,0.399140,0.917090,-0.397645,-0.017204,-0.023013,0.191990,1.729357,1.000000,-0.237764,3.061437
5.545000,0.425376,-0.016239,0.399118,0.917018,-0.397803,-0.017421,-0.022950,0.191990,1.730304,1.000000,-0.235599,3.069516
5.550000,0.425266,-0.016614,0.399094,0.916947,-0.397961,-0.017638,-0.022886,0.191991,1.731242,1.000000,-0.233493,3.077850
5.555000,0.425153,-0.016985,0.399071,0.916876,-0.398118,-0.017855,-0.022820,0.191991,1.732172,1.000000,-0.231437,3.086232
5.560000,0.425035,-0.017353,0.399046,0.916806,-0.398274,-0.018071,-0.022754,0.191992,1.733094,1.000000,-0.229443,3.094829
5.565000,0.424913,-0.017716,0.399021,0.916736,-0.398429,-0.018287,-0.022687,0.191992,1.734009,1.000000,-0.227503,3.103556
5.570000,0.424786,-0.018076,0.398996,0.916667,-0.398583,-0.018502,-0.022619,0.191992,1.734915,1.000000,-0.225542,3.112377
5.575000,0.424655,-0.018432,0.398970,0.916598,-0.398736,-0.018718,-0.022548,0.191993,1.735813,1.000000,-0.223450,3.121332
5.580000,0.424521,-0.018784,0.398944,0.916529,-0.398887,-0.018935,-0.022475,0.191993,1.736703,1.000000,-0.221213,3.129801
5.585000,0.424384,-0.019133,0.398919,0.916462,-0.399036,-0.019152,-0.022398,0.191993,1.737583,1.000000,-0.218948,3.138626
5.590000,0.424244,-0.019478,0.398895,0.916395,-0.399183,-0.019370,-0.022318,0.191994,1.738454,1.000000,-0.216668,3.147458
5.595000,0.424101,-0.019819,0.398871,0.916329,-0.399329,-0.019590,-0.022234,0.191994,1.739316,1.000000,-0.214416,3.156598
5.600000,0.423956,-0.020157,0.398848,0.916264,-0.399472,-0.019810,-0.022148,0.191994,1.740170,1.000000,-0.212192,3.165747
5.605000,0.423809,-0.020491,0.398826,0.916199,-0.399614,-0.020030,-0.022058,0.191994,1.741014,1.000000,-0.210023,3.175168
5.610000,0.423660,-0.020821,0.398806,0.916136,-0.399753,-0.020252,-0.021965,0.191995,1.741850,1.000000,-0.207906,3.184665
5.615000,0.423508,-0.021148,0.398786,0.916073,-0.399891,-0.020474,-0.021870,0.191995,1.742678,1.000000,-0.205866,3.194143
5.620000,0.423355,-0.021472,0.398768,0.916011,-0.400026,-0.020696,-0.021772,0.191995,1.743498,1.000000,-0.203888,3.203771
5.625000,0.423200,-0.021793,0.398750,0.915950,-0.400160,-0.020919,-0.021672,0.191995,1.744310,1.000000,-0.201976,3.213536
5.630000,0.423043,-0.022110,0.398735,0.915890,-0.400292,-0.021142,-0.021570,0.191995,1.745114,1.000000,-0.200141,3.223532
5.635000,0.422884,-0.022425,0.398720,0.915830,-0.400422,-0.021365,-0.021466,0.191995,1.745911,1.000000,-0.198374,3.233584
5.640000,0.422723,-0.022736,0.398707,0.915771,-0.400551,-0.021588,-0.021361,0.191995,1.746702,1.000000,-0.196688,3.243922
5.645000,0.422561,-0.023045,0.398696,0.915713,-0.400677,-0.021812,-0.021254,0.191995,1.747486,1.000000,-0.195072,3.254272
5.650000,0.422397,-0.023351,0.398686,0.915655,-0.400802,-0.022035,-0.021146,0.191996,1.748263,1.000000,-0.193390,3.262645
5.655000,0.422232,-0.023654,0.398677,0.915599,-0.400925,-0.022258,-0.021036,0.191996,1.749033,1.000000,-0.191753,3.271354
5.660000,0.422065,-0.023955,0.398670,0.915543,-0.401046,-0.022481,-0.020926,0.191996,1.749797,1.000000,-0.190166,3.280314
5.665000,0.421896,-0.024253,0.398665,0.915487,-0.401166,-0.022705,-0.020816,0.191995,1.750555,1.000000,-0.188556,3.289371
5.670000,0.421725,-0.024548,0.398661,0.915433,-0.401283,-0.022928,-0.020705,0.191995,1.751306,1.000000,-0.186907,3.298603
5.675000,0.421553,-0.024840,0.398659,0.915379,-0.401399,-0.023153,-0.020595,0.191995,1.752051,1.000000,-0.185283,3.308001
5.680000,0.421379,-0.025130,0.398658,0.915326,-0.401513,-0.023377,-0.020486,0.191995,1.752789,1.000000,-0.183729,3.317504
5.685000,0.421203,-0.025416,0.398659,0.915273,-0.401626,-0.023603,-0.020378,0.191995,1.753521,1.000000,-0.182028,3.324236
5.690000,0.421024,-0.025700,0.398662,0.915221,-0.401737,-0.023828,-0.020272,0.191995,1.754245,1.000000,-0.180342,3.331410
5.695000,0.420844,-0.025981,0.398666,0.915169,-0.401846,-0.024054,-0.020169,0.191995,1.754964,1.000000,-0.178699,3.338915
5.700000,0.420660,-0.026259,0.398671,0.915118,-0.401954,-0.024280,-0.020068,0.191994,1.755675,1.000000,-0.177096,3.346410
5.705000,0.420474,-0.026534,0.398677,0.915067,-0.402061,-0.024506,-0.019970,0.191994,1.756381,1.000000,-0.175559,3.354181
5.710000,0.420286,-0.026806,0.398685,0.915017,-0.402166,-0.024732,-0.019875,0.191994,1.757080,1.000000,-0.174081,3.361994
5.715000,0.420094,-0.027076,0.398695,0.914967,-0.402270,-0.024958,-0.019783,0.191994,1.757773,1.000000,-0.172391,3.366358
5.720000,0.419900,-0.027343,0.398706,0.914918,-0.402372,-0.025183,-0.019695,0.191993,1.758459,1.000000,-0.170670,3.371337
5.725000,0.419702,-0.027607,0.398718,0.914869,-0.402473,-0.025409,-0.019611,0.191993,1.759138,1.000000,-0.168929,3.376470
5.730000,0.419500,-0.027867,0.398731,0.914821,-0.402572,-0.025634,-0.019531,0.191993,1.759810,1.000000,-0.167189,3.381778
5.735000,0.419296,-0.028125,0.398745,0.914773,-0.402670,-0.025859,-0.019455,0.191992,1.760475,1.000000,-0.165457,3.387163
5.740000,0.419087,-0.028380,0.398761,0.914726,-0.402767,-0.026083,-0.019383,0.191992,1.761133,1.000000,-0.163748,3.392767
5.745000,0.418875,-0.028631,0.398778,0.914679,-0.402862,-0.026307,-0.019315,0.191991,1.761785,1.000000,-0.162058,3.398405
5.750000,0.418659,-0.028880,0.398796,0.914632,-0.402956,-0.026530,-0.019252,0.191991,1.762429,1.000000,-0.160111,3.399916
5.755000,0.418440,-0.029125,0.398815,0.914586,-0.403048,-0.026753,-0.019194,0.191991,1.763065,1.000000,-0.158163,3.402016
5.760000,0.418217,-0.029367,0.398835,0.914541,-0.403138,-0.026977,-0.019141,0.191990,1.763693,1.000000,-0.156229,3.404382
5.765000,0.417990,-0.029606,0.398854,0.914497,-0.403226,-0.027201,-0.019093,0.191989,1.764314,1.000000,-0.154306,3.406809
5.770000,0.417760,-0.029841,0.398873,0.914453,-0.403312,-0.027425,-0.019050,0.191989,1.764927,1.000000,-0.152401,3.409406
5.775000,0.417526,-0.030073,0.398892,0.914410,-0.403396,-0.027649,-0.019012,0.191988,1.765533,1.000000,-0.150511,3.412114
5.780000,0.417289,-0.030301,0.398911,0.914368,-0.403478,-0.027874,-0.018980,0.191988,1.766131,1.000000,-0.148642,3.414927
5.785000,0.417048,-0.030526,0.398930,0.914326,-0.403558,-0.028098,-0.018954,0.191987,1.766720,1.000000,-0.146419,3.413157
5.790000,0.416804,-0.030748,0.398948,0.914285,-0.403635,-0.028323,-0.018932,0.191986,1.767300,1.000000,-0.144118,3.412083
5.795000,0.416557,-0.030965,0.398966,0.914246,-0.403710,-0.028547,-0.018917,0.191986,1.767871,1.000000,-0.141751,3.411278
5.800000,0.416307,-0.031178,0.398984,0.914207,-0.403781,-0.028770,-0.018907,0.191985,1.768432,1.000000,-0.139311,3.410442
5.805000,0.416053,-0.031388,0.399001,0.914170,-0.403851,-0.028993,-0.018903,0.191984,1.768984,1.000000,-0.136794,3.409860
5.810000,0.415797,-0.031593,0.399019,0.914133,-0.403917,-0.029214,-0.018905,0.191984,1.769525,1.000000,-0.134187,3.409290
5.815000,0.415538,-0.031794,0.399037,0.914098,-0.403982,-0.029433,-0.018911,0.191983,1.770055,1.000000,-0.131497,3.408893
5.820000,0.415275,-0.031990,0.399055,0.914063,-0.404043,-0.029650,-0.018923,0.191982,1.770574,1.000000,-0.128279,3.403629
5.825000,0.415010,-0.032182,0.399074,0.914030,-0.404101,-0.029865,-0.018940,0.191981,1.771079,1.000000,-0.124859,3.399163
5.830000,0.414742,-0.032369,0.399095,0.913999,-0.404155,-0.030077,-0.018963,0.191980,1.771569,1.000000,-0.121262,3.394812
5.835000,0.414471,-0.032550,0.399116,0.913969,-0.404205,-0.030285,-0.018991,0.191979,1.772045,1.000000,-0.117514,3.390544
5.840000,0.414197,-0.032726,0.399139,0.913942,-0.404252,-0.030490,-0.019023,0.191978,1.772506,1.000000,-0.113632,3.386427
5.845000,0.413921,-0.032896,0.399164,0.913915,-0.404294,-0.030691,-0.019061,0.191978,1.772951,1.000000,-0.109637,3.382368
5.850000,0.413641,-0.033060,0.399191,0.913891,-0.404332,-0.030889,-0.019102,0.191977,1.773380,1.000000,-0.105546,3.378497
5.855000,0.413359,-0.033219,0.399220,0.913868,-0.404367,-0.031082,-0.019148,0.191976,1.773791,1.000000,-0.101140,3.371786
5.860000,0.413075,-0.033371,0.399251,0.913847,-0.404397,-0.031271,-0.019198,0.191975,1.774185,1.000000,-0.096606,3.365637
5.865000,0.412787,-0.033517,0.399285,0.913829,-0.404421,-0.031455,-0.019252,0.191974,1.774560,1.000000,-0.091953,3.359510
5.870000,0.412498,-0.033656,0.399321,0.913813,-0.404441,-0.031634,-0.019309,0.191973,1.774916,1.000000,-0.087198,3.353523
5.875000,0.412205,-0.033789,0.399361,0.913799,-0.404457,-0.031809,-0.019369,0.191972,1.775254,1.000000,-0.082355,3.347590
5.880000,0.411910,-0.033915,0.399403,0.913787,-0.404467,-0.031978,-0.019432,0.191971,1.775571,1.000000,-0.077464,3.341762
5.885000,0.411613,-0.034034,0.399449,0.913777,-0.404472,-0.032141,-0.019498,0.191969,1.775870,1.000000,-0.072705,3.333854
5.890000,0.411314,-0.034148,0.399499,0.913770,-0.404474,-0.032299,-0.019566,0.191968,1.776149,1.000000,-0.068141,3.326315
5.895000,0.411013,-0.034255,0.399554,0.913764,-0.404471,-0.032451,-0.019635,0.191967,1.776411,1.000000,-0.063707,3.318942
5.900000,0.410710,-0.034356,0.399613,0.913761,-0.404464,-0.032596,-0.019705,0.191966,1.776656,1.000000,-0.059368,3.311534
5.905000,0.410405,-0.034452,0.399678,0.913759,-0.404452,-0.032736,-0.019777,0.191965,1.776883,1.000000,-0.055035,3.304295
5.910000,0.410099,-0.034541,0.399748,0.913760,-0.404437,-0.032869,-0.019849,0.191964,1.777093,1.000000,-0.050631,3.297046
5.915000,0.409791,-0.034625,0.399823,0.913762,-0.404417,-0.032995,-0.019922,0.191963,1.777285,1.000000,-0.046173,3.289940
5.920000,0.409481,-0.034702,0.399904,0.913767,-0.404392,-0.033116,-0.019995,0.191961,1.777459,1.000000,-0.041617,3.280948
5.925000,0.409171,-0.034773,0.399989,0.913775,-0.404362,-0.033231,-0.020069,0.191960,1.777614,1.000000,-0.036981,3.272332
5.930000,0.408858,-0.034838,0.400080,0.913785,-0.404326,-0.033340,-0.020144,0.191959,1.777751,1.000000,-0.032299,3.263767
5.935000,0.408544,-0.034896,0.400175,0.913798,-0.404285,-0.033444,-0.020220,0.191957,1.777870,1.000000,-0.027587,3.255291
5.940000,0.408229,-0.034946,0.400275,0.913813,-0.404239,-0.033541,-0.020295,0.191956,1.777969,1.000000,-0.022861,3.246912
5.945000,0.407912,-0.034990,0.400380,0.913831,-0.404187,-0.033634,-0.020371,0.191955,1.778050,1.000000,-0.018133,3.238493
5.950000,0.407594,-0.035027,0.400490,0.913851,-0.404130,-0.033720,-0.020448,0.191953,1.778111,1.000000,-0.013409,3.230246
5.955000,0.407274,-0.035057,0.400605,0.913874,-0.404067,-0.033802,-0.020524,0.191952,1.778154,1.000000,-0.008637,3.221042
5.960000,0.406953,-0.035080,0.400724,0.913900,-0.403999,-0.033878,-0.020601,0.191951,1.778178,1.000000,-0.003871,3.212093
5.965000,0.406630,-0.035095,0.400848,0.913928,-0.403925,-0.033949,-0.020678,0.191949,1.778182,1.000000,0.000874,3.203130
5.970000,0.406305,-0.035103,0.400976,0.913959,-0.403845,-0.034015,-0.020754,0.191948,1.778165,1.000000,0.005590,3.194268
5.975000,0.405979,-0.035104,0.401108,0.913993,-0.403759,-0.034076,-0.020830,0.191957,1.778123,1.000000,0.010277,3.187396
5.980000,0.405652,-0.035098,0.401245,0.914030,-0.403668,-0.034132,-0.020906,0.191965,1.778059,1.000000,0.014905,3.178633
5.985000,0.405323,-0.035084,0.401385,0.914069,-0.403571,-0.034183,-0.020982,0.191973,1.777972,1.000000,0.019459,3.169902
5.990000,0.404992,-0.035062,0.401530,0.914110,-0.403469,-0.034230,-0.021057,0.191979,1.777862,1.000000,0.023975,3.159156
5.995000,0.404660,-0.035034,0.401678,0.914155,-0.403361,-0.034272,-0.021131,0.191985,1.777730,1.000000,0.028485,3.148740
6.000000,0.404326,-0.034997,0.401830,0.914202,-0.403246,-0.034310,-0.021206,0.191990,1.777575,1.000000,0.032953,3.138330
6.005000,0.403991,-0.034954,0.401985,0.914252,-0.403125,-0.034343,-0.021279,0.191995,1.777399,1.000000,0.037364,3.127989
6.010000,0.403654,-0.034902,0.402143,0.914306,-0.402999,-0.034372,-0.021352,0.191999,1.777200,1.000000,0.041700,3.117669
6.015000,0.403315,-0.034844,0.402305,0.914361,-0.402866,-0.034397,-0.021425,0.192003,1.776980,1.000000,0.045946,3.107388
6.020000,0.402974,-0.034777,0.402469,0.914420,-0.402728,-0.034417,-0.021496,0.192006,1.776740,1.000000,0.050090,3.097126
6.025000,0.402632,-0.034704,0.402636,0.914481,-0.402583,-0.034434,-0.021567,0.192009,1.776479,1.000000,0.054160,3.084346
6.030000,0.402288,-0.034623,0.402806,0.914546,-0.402432,-0.034446,-0.021637,0.192012,1.776198,1.000000,0.058220,3.071950
6.035000,0.401943,-0.034534,0.402978,0.914613,-0.402274,-0.034455,-0.021707,0.192014,1.775896,1.000000,0.062221,3.059578
6.040000,0.401596,-0.034437,0.403152,0.914683,-0.402111,-0.034460,-0.021777,0.192017,1.775575,1.000000,0.066132,3.047260
6.045000,0.401247,-0.034333,0.403329,0.914756,-0.401941,-0.034461,-0.021845,0.192019,1.775235,1.000000,0.069948,3.034972
6.050000,0.400896,-0.034222,0.403507,0.914832,-0.401764,-0.034458,-0.021913,0.192020,1.774876,1.000000,0.073666,3.022699
6.055000,0.400544,-0.034103,0.403687,0.914911,-0.401582,-0.034452,-0.021981,0.192022,1.774499,1.000000,0.077380,3.008437
6.060000,0.400190,-0.033976,0.403869,0.914992,-0.401393,-0.034442,-0.022048,0.192024,1.774103,1.000000,0.081037,2.994444
6.065000,0.399834,-0.033842,0.404052,0.915077,-0.401198,-0.034429,-0.022115,0.192025,1.773689,1.000000,0.084616,2.980495
6.070000,0.399477,-0.033700,0.404236,0.915164,-0.400997,-0.034412,-0.022182,0.192027,1.773258,1.000000,0.088100,2.966542
6.075000,0.399118,-0.033550,0.404421,0.915254,-0.400790,-0.034391,-0.022248,0.192028,1.772810,1.000000,0.091482,2.952661
6.080000,0.398758,-0.033393,0.404607,0.915346,-0.400577,-0.034368,-0.022314,0.192030,1.772345,1.000000,0.094749,2.938759
6.085000,0.398396,-0.033228,0.404794,0.915442,-0.400358,-0.034340,-0.022380,0.192031,1.771864,1.000000,0.097907,2.924899
6.090000,0.398033,-0.033056,0.404981,0.915539,-0.400134,-0.034309,-0.022445,0.192032,1.771368,1.000000,0.100940,2.907495
6.095000,0.397668,-0.032877,0.405169,0.915640,-0.399903,-0.034276,-0.022510,0.192033,1.770857,1.000000,0.103963,2.890539
6.100000,0.397302,-0.032689,0.405356,0.915743,-0.399666,-0.034239,-0.022576,0.192035,1.770331,1.000000,0.106955,2.873656
6.105000,0.396935,-0.032494,0.405544,0.915849,-0.399422,-0.034201,-0.022642,0.192036,1.769791,1.000000,0.109856,2.856753
6.110000,0.396566,-0.032291,0.405732,0.915958,-0.399172,-0.034161,-0.022711,0.192038,1.769236,1.000000,0.112631,2.839924
6.115000,0.396197,-0.032081,0.405919,0.916069,-0.398916,-0.034119,-0.022780,0.192039,1.768668,1.000000,0.115264,2.823075
6.120000,0.395826,-0.031863,0.406107,0.916184,-0.398653,-0.034076,-0.022851,0.192040,1.768087,1.000000,0.117755,2.806306
6.125000,0.395455,-0.031637,0.406295,0.916301,-0.398384,-0.034031,-0.022923,0.192042,1.767495,1.000000,0.120026,2.785771
6.130000,0.395083,-0.031404,0.406482,0.916420,-0.398108,-0.033985,-0.022997,0.192043,1.766892,1.000000,0.122271,2.765798
6.135000,0.394710,-0.031163,0.406669,0.916543,-0.397825,-0.033938,-0.023072,0.192044,1.766278,1.000000,0.124447,2.745896
6.140000,0.394336,-0.030915,0.406855,0.916668,-0.397537,-0.033890,-0.023150,0.192045,1.765653,1.000000,0.126540,2.725995
6.145000,0.393961,-0.030659,0.407042,0.916795,-0.397242,-0.033840,-0.023228,0.192047,1.765018,1.000000,0.128536,2.706159
6.150000,0.393586,-0.030395,0.407227,0.916925,-0.396942,-0.033788,-0.023308,0.192048,1.764374,1.000000,0.130428,2.686351
6.155000,0.393210,-0.030124,0.407412,0.917058,-0.396635,-0.033735,-0.023388,0.192049,1.763721,1.000000,0.132211,2.666629
6.160000,0.392833,-0.029846,0.407597,0.917193,-0.396323,-0.033680,-0.023470,0.192050,1.763058,1.000000,0.133940,2.644498
6.165000,0.392455,-0.029560,0.407780,0.917330,-0.396006,-0.033624,-0.023554,0.192052,1.762388,1.000000,0.135634,2.622775
6.170000,0.392077,-0.029266,0.407963,0.917469,-0.395683,-0.033566,-0.023638,0.192053,1.761709,1.000000,0.137262,2.601063
6.175000,0.391698,-0.028964,0.408144,0.917611,-0.395354,-0.033506,-0.023724,0.192054,1.761023,1.000000,0.138811,2.579465
6.180000,0.391318,-0.028655,0.408325,0.917754,-0.395020,-0.033445,-0.023812,0.192055,1.760329,1.000000,0.140260,2.557862
6.185000,0.390938,-0.028338,0.408504,0.917900,-0.394682,-0.033382,-0.023901,0.192057,1.759628,1.000000,0.141610,2.536369
6.190000,0.390558,-0.028014,0.408681,0.918048,-0.394338,-0.033318,-0.023991,0.192058,1.758921,1.000000,0.142844,2.514868
6.195000,0.390177,-0.027682,0.408858,0.918197,-0.393990,-0.033251,-0.024083,0.192059,1.758209,1.000000,0.143849,2.490043
6.200000,0.389795,-0.027342,0.409033,0.918349,-0.393637,-0.033183,-0.024176,0.192060,1.757492,1.000000,0.144853,2.465737
6.205000,0.389414,-0.026995,0.409206,0.918502,-0.393278,-0.033114,-0.024270,0.192061,1.756770,1.000000,0.145793,2.441513
6.210000,0.389032,-0.026639,0.409377,0.918658,-0.392915,-0.033043,-0.024367,0.192062,1.756043,1.000000,0.146650,2.417348
6.215000,0.388650,-0.026276,0.409547,0.918815,-0.392546,-0.032971,-0.024464,0.192063,1.755313,1.000000,0.147419,2.393252
6.220000,0.388267,-0.025905,0.409715,0.918975,-0.392173,-0.032897,-0.024564,0.192064,1.754580,1.000000,0.148084,2.369212
6.225000,0.387885,-0.025527,0.409881,0.919136,-0.391796,-0.032822,-0.024664,0.192065,1.753844,1.000000,0.148510,2.342720
6.230000,0.387502,-0.025140,0.410045,0.919299,-0.391413,-0.032745,-0.024766,0.192066,1.753106,1.000000,0.148895,2.316603
6.235000,0.387120,-0.024746,0.410207,0.919464,-0.391025,-0.032667,-0.024869,0.192067,1.752367,1.000000,0.149211,2.290639
6.240000,0.386737,-0.024344,0.410366,0.919631,-0.390632,-0.032588,-0.024973,0.192068,1.751626,1.000000,0.149435,2.264727
6.245000,0.386355,-0.023934,0.410524,0.919800,-0.390235,-0.032507,-0.025078,0.192069,1.750885,1.000000,0.149562,2.238906
6.250000,0.385972,-0.023516,0.410679,0.919970,-0.389832,-0.032425,-0.025184,0.192070,1.750143,1.000000,0.149586,2.213241
6.255000,0.385590,-0.023091,0.410832,0.920143,-0.389425,-0.032341,-0.025290,0.192071,1.749402,1.000000,0.149499,2.187647
6.260000,0.385207,-0.022658,0.410983,0.920317,-0.389013,-0.032256,-0.025397,0.192072,1.748661,1.000000,0.149333,2.161361
6.265000,0.384825,-0.022218,0.411131,0.920493,-0.388596,-0.032169,-0.025504,0.192073,1.747922,1.000000,0.149069,2.135325
6.270000,0.384444,-0.021771,0.411278,0.920671,-0.388174,-0.032080,-0.025610,0.192074,1.747184,1.000000,0.148702,2.109442
6.275000,0.384063,-0.021316,0.411421,0.920851,-0.387748,-0.031990,-0.025717,0.192075,1.746448,1.000000,0.148226,2.083753
6.280000,0.383682,-0.020854,0.411563,0.921033,-0.387317,-0.031897,-0.025823,0.192075,1.745715,1.000000,0.147672,2.058243
6.285000,0.383302,-0.020385,0.411702,0.921216,-0.386881,-0.031802,-0.025929,0.192076,1.744985,1.000000,0.147025,2.033023
6.290000,0.382922,-0.019909,0.411838,0.921401,-0.386441,-0.031706,-0.026034,0.192077,1.744259,1.000000,0.146282,2.008053
6.295000,0.382544,-0.019427,0.411972,0.921588,-0.385996,-0.031606,-0.026138,0.192078,1.743538,1.000000,0.145310,1.981256
6.300000,0.382166,-0.018937,0.412104,0.921777,-0.385546,-0.031505,-0.026241,0.192079,1.742821,1.000000,0.144310,1.955169
6.305000,0.381788,-0.018441,0.412233,0.921968,-0.385091,-0.031402,-0.026344,0.192079,1.742110,1.000000,0.143251,1.929570
6.310000,0.381412,-0.017938,0.412360,0.922161,-0.384631,-0.031296,-0.026445,0.192080,1.741403,1.000000,0.142182,1.904599
6.315000,0.381037,-0.017428,0.412484,0.922355,-0.384166,-0.031188,-0.026546,0.192080,1.740703,1.000000,0.141082,1.880217
6.320000,0.380663,-0.016912,0.412606,0.922552,-0.383696,-0.031078,-0.026645,0.192080,1.740007,1.000000,0.139936,1.856445
6.325000,0.380289,-0.016389,0.412725,0.922750,-0.383221,-0.030965,-0.026743,0.192079,1.739318,1.000000,0.138759,1.833344
6.330000,0.379917,-0.015859,0.412842,0.922950,-0.382741,-0.030850,-0.026839,0.192078,1.738636,1.000000,0.137185,1.807687
6.335000,0.379546,-0.015323,0.412956,0.923153,-0.382256,-0.030733,-0.026935,0.192076,1.737962,1.000000,0.135680,1.783265
6.340000,0.379176,-0.014780,0.413067,0.923357,-0.381765,-0.030614,-0.027029,0.192073,1.737296,1.000000,0.134179,1.759639
6.345000,0.378808,-0.014230,0.413176,0.923563,-0.381268,-0.030494,-0.027121,0.192068,1.736636,1.000000,0.132658,1.736767
6.350000,0.378441,-0.013674,0.413282,0.923772,-0.380766,-0.030371,-0.027212,0.192063,1.735985,1.000000,0.131139,1.714768
6.355000,0.378074,-0.013111,0.413385,0.923982,-0.380258,-0.030247,-0.027302,0.192055,1.735341,1.000000,0.129581,1.693512
6.360000,0.377710,-0.012542,0.413486,0.924195,-0.379745,-0.030121,-0.027389,0.192046,1.734705,1.000000,0.127990,1.673015
6.365000,0.377346,-0.011966,0.413584,0.924410,-0.379226,-0.029993,-0.027475,0.192037,1.734079,1.000000,0.126007,1.648350
6.370000,0.376984,-0.011384,0.413680,0.924626,-0.378702,-0.029863,-0.027558,0.192028,1.733464,1.000000,0.123660,1.620283
6.375000,0.376623,-0.010796,0.413773,0.924845,-0.378173,-0.029732,-0.027639,0.192019,1.732862,1.000000,0.121232,1.592295
6.380000,0.376264,-0.010201,0.413863,0.925065,-0.377638,-0.029599,-0.027717,0.192012,1.732272,1.000000,0.118704,1.564425
6.385000,0.375906,-0.009601,0.413951,0.925287,-0.377098,-0.029464,-0.027792,0.192004,1.731695,1.000000,0.116066,1.536638
6.390000,0.375549,-0.008994,0.414036,0.925512,-0.376553,-0.029327,-0.027864,0.191998,1.731131,1.000000,0.113339,1.509013
6.395000,0.375194,-0.008382,0.414118,0.925737,-0.376003,-0.029189,-0.027934,0.191992,1.730582,1.000000,0.110432,1.480446
6.400000,0.374840,-0.007763,0.414198,0.925965,-0.375447,-0.029048,-0.028000,0.191986,1.730048,1.000000,0.107460,1.452272
6.405000,0.374488,-0.007140,0.414275,0.926195,-0.374887,-0.028906,-0.028063,0.191981,1.729529,1.000000,0.104390,1.424256
6.410000,0.374138,-0.006510,0.414350,0.926426,-0.374322,-0.028762,-0.028123,0.191976,1.729025,1.000000,0.101219,1.396365
6.415000,0.373788,-0.005875,0.414422,0.926659,-0.373751,-0.028616,-0.028179,0.191971,1.728538,1.000000,0.098014,1.368822
6.420000,0.373441,-0.005235,0.414491,0.926894,-0.373176,-0.028468,-0.028231,0.191967,1.728067,1.000000,0.094729,1.341444
6.425000,0.373095,-0.004590,0.414558,0.927130,-0.372596,-0.028318,-0.028280,0.191962,1.727612,1.000000,0.091352,1.314356
6.430000,0.372750,-0.003939,0.414622,0.927368,-0.372011,-0.028166,-0.028325,0.191958,1.727176,1.000000,0.087790,1.286305
6.435000,0.372407,-0.003284,0.414684,0.927608,-0.371422,-0.028013,-0.028367,0.191954,1.726757,1.000000,0.084177,1.258630
6.440000,0.372066,-0.002623,0.414742,0.927849,-0.370827,-0.027857,-0.028405,0.191950,1.726356,1.000000,0.080537,1.231449
6.445000,0.371726,-0.001958,0.414799,0.928092,-0.370227,-0.027700,-0.028439,0.191947,1.725974,1.000000,0.076828,1.204574
6.450000,0.371388,-0.001287,0.414852,0.928337,-0.369623,-0.027540,-0.028469,0.191943,1.725611,1.000000,0.073051,1.177998
6.455000,0.371051,-0.000612,0.414904,0.928583,-0.369014,-0.027378,-0.028495,0.191940,1.725266,1.000000,0.069270,1.151995
6.460000,0.370717,0.000067,0.414952,0.928831,-0.368400,-0.027215,-0.028517,0.191937,1.724941,1.000000,0.065436,1.126359
6.465000,0.370383,0.000751,0.414998,0.929081,-0.367782,-0.027050,-0.028535,0.191933,1.724632,1.000000,0.061933,1.102145
6.470000,0.370052,0.001440,0.415042,0.929331,-0.367159,-0.026882,-0.028549,0.191930,1.724342,1.000000,0.058369,1.078373
6.475000,0.369722,0.002132,0.415083,0.929583,-0.366533,-0.026712,-0.028558,0.191927,1.724070,1.000000,0.054757,1.054988
6.480000,0.369394,0.002828,0.415121,0.929836,-0.365902,-0.026541,-0.028562,0.191924,1.723815,1.000000,0.051100,1.032048
6.485000,0.369067,0.003528,0.415157,0.930091,-0.365268,-0.026367,-0.028562,0.191920,1.723580,1.000000,0.047408,1.009568
6.490000,0.368743,0.004231,0.415190,0.930346,-0.364630,-0.026191,-0.028558,0.191917,1.723362,1.000000,0.043729,0.987677
6.495000,0.368420,0.004938,0.415220,0.930603,-0.363988,-0.026013,-0.028548,0.191914,1.723163,1.000000,0.040010,0.966281
6.500000,0.368098,0.005648,0.415248,0.930860,-0.363342,-0.025834,-0.028535,0.191911,1.722982,1.000000,0.036503,0.946252
6.505000,0.367779,0.006360,0.415274,0.931119,-0.362694,-0.025652,-0.028516,0.191907,1.722818,1.000000,0.033000,0.926740
6.510000,0.367461,0.007076,0.415296,0.931378,-0.362042,-0.025468,-0.028493,0.191904,1.722671,1.000000,0.029436,0.907721
6.515000,0.367145,0.007794,0.415316,0.931638,-0.361387,-0.025282,-0.028464,0.191900,1.722543,1.000000,0.025887,0.889302
6.520000,0.366830,0.008515,0.415334,0.931899,-0.360729,-0.025095,-0.028431,0.191895,1.722432,1.000000,0.022350,0.871768
6.525000,0.366517,0.009238,0.415348,0.932161,-0.360068,-0.024906,-0.028394,0.191888,1.722338,1.000000,0.018761,0.855709
6.528000,0.366331,0.009673,0.415356,0.932319,-0.359670,-0.024791,-0.028369,0.191879,1.722287,1.000000,0.017079,0.848586
