time,x,y,z,qx,qy,qz,qw,alpha,tank_energy,passivity_lambda,passivity_power,autonomy_wrench_norm
0.000000,0.434984,0.046398,0.402791,0.956398,-0.291930,-0.003253,0.008312,0.018602,2.000000,1.000000,0.000000,0.000000
0.005000,0.434984,0.046398,0.402791,0.956398,-0.291930,-0.003253,0.008312,0.035344,2.000000,1.000000,0.000019,0.302697
0.010000,0.434984,0.046399,0.402791,0.956398,-0.291930,-0.003253,0.008312,0.050412,2.000000,1.000000,0.000062,0.424966
0.015000,0.434984,0.046400,0.402792,0.956398,-0.291929,-0.003253,0.008312,0.063972,1.999999,1.000000,0.000124,0.530835
0.020000,0.434984,0.046401,0.402792,0.956398,-0.291929,-0.003253,0.008312,0.076177,1.999998,1.000000,0.000198,0.622214
0.025000,0.434983,0.046403,0.402793,0.956399,-0.291928,-0.003253,0.008313,0.087160,1.999997,1.000000,0.000278,0.700770
0.030000,0.434983,0.046405,0.402794,0.956399,-0.291927,-0.003253,0.008313,0.097046,1.999995,1.000000,0.000358,0.768015
0.035000,0.434982,0.046408,0.402795,0.956399,-0.291926,-0.003252,0.008314,0.105942,1.999993,1.000000,0.000435,0.825367
0.040000,0.434982,0.046410,0.402797,0.956400,-0.291925,-0.003252,0.008314,0.113949,1.999991,1.000000,0.000506,0.874031
0.045000,0.434981,0.046413,0.402798,0.956400,-0.291924,-0.003251,0.008315,0.121155,1.999988,1.000000,0.000569,0.914967
0.050000,0.434981,0.046416,0.402800,0.956400,-0.291924,-0.003250,0.008316,0.127641,1.999985,1.000000,0.000622,0.949046
0.055000,0.434980,0.046419,0.402802,0.956400,-0.291923,-0.003250,0.008317,0.133478,1.999982,1.000000,0.000665,0.977247
0.060000,0.434979,0.046422,0.402805,0.956400,-0.291923,-0.003248,0.008318,0.138731,1.999978,1.000000,0.000702,1.000484
0.065000,0.434978,0.046425,0.402807,0.956400,-0.291923,-0.003247,0.008320,0.143459,1.999975,1.000000,0.000736,1.019240
0.070000,0.434977,0.046428,0.402810,0.956400,-0.291923,-0.003246,0.008321,0.147714,1.999971,1.000000,0.000766,1.033947
0.075000,0.434976,0.046431,0.402813,0.956400,-0.291924,-0.003244,0.008323,0.151544,1.999967,1.000000,0.000792,1.045325
0.080000,0.434975,0.046434,0.402816,0.956400,-0.291925,-0.003242,0.008324,0.154990,1.999963,1.000000,0.000815,1.053828
0.085000,0.434974,0.046437,0.402819,0.956399,-0.291926,-0.003239,0.008326,0.158092,1.999959,1.000000,0.000834,1.059883
0.090000,0.434973,0.046439,0.402822,0.956399,-0.291928,-0.003237,0.008328,0.160884,1.999955,1.000000,0.000849,1.063985
0.095000,0.434972,0.046441,0.402826,0.956398,-0.291930,-0.003234,0.008330,0.163396,1.999950,1.000000,0.000861,1.066421
0.100000,0.434971,0.046443,0.402830,0.956397,-0.291933,-0.003231,0.008332,0.165658,1.999946,1.000000,0.000869,1.067368
0.105000,0.434970,0.046445,0.402834,0.956396,-0.291936,-0.003227,0.008334,0.167693,1.999942,1.000000,0.000875,1.067002
0.110000,0.434968,0.046446,0.402838,0.956395,-0.291940,-0.003224,0.008337,0.169525,1.999937,1.000000,0.000878,1.065757
0.115000,0.434967,0.046447,0.402842,0.956394,-0.291944,-0.003220,0.008339,0.171173,1.999933,1.000000,0.000879,1.063898
0.120000,0.434966,0.046447,0.402846,0.956392,-0.291949,-0.003217,0.008342,0.172657,1.999928,1.000000,0.000878,1.061515
0.125000,0.434965,0.046448,0.402850,0.956390,-0.291955,-0.003213,0.008344,0.173993,1.999924,1.000000,0.000876,1.058742
0.130000,0.434963,0.046447,0.402854,0.956389,-0.291960,-0.003210,0.008347,0.175194,1.999920,1.000000,0.000873,1.055796
0.135000,0.434962,0.046447,0.402858,0.956387,-0.291967,-0.003206,0.008349,0.176276,1.999915,1.000000,0.000871,1.052898
0.140000,0.434961,0.046446,0.402862,0.956384,-0.291974,-0.003203,0.008352,0.177250,1.999911,1.000000,0.000869,1.049818
0.145000,0.434960,0.046445,0.402866,0.956382,-0.291982,-0.003200,0.008355,0.178126,1.999906,1.000000,0.000869,1.046856
0.150000,0.434958,0.046443,0.402869,0.956380,-0.291990,-0.003197,0.008358,0.178915,1.999902,1.000000,0.000871,1.044057
0.155000,0.434957,0.046440,0.402872,0.956377,-0.291999,-0.003195,0.008361,0.179624,1.999898,1.000000,0.000884,1.041490
0.160000,0.434956,0.046438,0.402875,0.956374,-0.292008,-0.003193,0.008364,0.180263,1.999893,1.000000,0.000908,1.039257
0.165000,0.434955,0.046434,0.402877,0.956371,-0.292018,-0.003190,0.008367,0.180838,1.999888,1.000000,0.000945,1.037452
0.170000,0.434954,0.046431,0.402880,0.956368,-0.292028,-0.003188,0.008370,0.181356,1.999883,1.000000,0.001000,1.036128
0.175000,0.434953,0.046426,0.402883,0.956364,-0.292040,-0.003186,0.008373,0.181821,1.999878,1.000000,0.001072,1.035246
0.180000,0.434953,0.046421,0.402885,0.956360,-0.292052,-0.003184,0.008376,0.182241,1.999872,1.000000,0.001162,1.035017
0.185000,0.434952,0.046415,0.402888,0.956356,-0.292066,-0.003182,0.008379,0.182618,1.999866,1.000000,0.001272,1.035420
0.190000,0.434951,0.046407,0.402890,0.956352,-0.292080,-0.003179,0.008383,0.182957,1.999859,1.000000,0.001402,1.036489
0.195000,0.434951,0.046399,0.402893,0.956347,-0.292096,-0.003177,0.008386,0.183263,1.999852,1.000000,0.001554,1.038254
0.200000,0.434951,0.046390,0.402895,0.956342,-0.292113,-0.003175,0.008390,0.183538,1.999843,1.000000,0.001729,1.040771
0.205000,0.434951,0.046379,0.402898,0.956336,-0.292132,-0.003173,0.008393,0.183786,1.999834,1.000000,0.001928,1.044032
0.210000,0.434951,0.046367,0.402900,0.956330,-0.292152,-0.003170,0.008397,0.184009,1.999823,1.000000,0.002150,1.048053
0.215000,0.434951,0.046354,0.402903,0.956323,-0.292173,-0.003168,0.008401,0.184209,1.999812,1.000000,0.002399,1.052819
0.220000,0.434951,0.046339,0.402905,0.956316,-0.292196,-0.003166,0.008404,0.184390,1.999799,1.000000,0.002675,1.058362
0.225000,0.434952,0.046323,0.402908,0.956309,-0.292220,-0.003163,0.008408,0.184553,1.999784,1.000000,0.002979,1.064678
0.230000,0.434952,0.046305,0.402910,0.956301,-0.292246,-0.003161,0.008412,0.184699,1.999768,1.000000,0.003310,1.071746
0.235000,0.434953,0.046286,0.402913,0.956292,-0.292274,-0.003158,0.008416,0.184831,1.999750,1.000000,0.003669,1.079577
0.240000,0.434954,0.046265,0.402915,0.956283,-0.292304,-0.003156,0.008420,0.184949,1.999730,1.000000,0.004057,1.088141
0.245000,0.434956,0.046242,0.402918,0.956274,-0.292335,-0.003153,0.008424,0.185056,1.999708,1.000000,0.004469,1.097308
0.250000,0.434957,0.046218,0.402920,0.956264,-0.292368,-0.003150,0.008428,0.185152,1.999684,1.000000,0.004920,1.107107
0.255000,0.434959,0.046191,0.402923,0.956253,-0.292403,-0.003147,0.008433,0.185238,1.999658,1.000000,0.005407,1.117535
0.260000,0.434962,0.046163,0.402925,0.956242,-0.292440,-0.003143,0.008438,0.185316,1.999629,1.000000,0.005929,1.128558
0.265000,0.434965,0.046132,0.402928,0.956230,-0.292478,-0.003138,0.008443,0.185386,1.999597,1.000000,0.006488,1.140315
0.270000,0.434968,0.046100,0.402931,0.956217,-0.292519,-0.003133,0.008449,0.185450,1.999562,1.000000,0.007082,1.152692
0.275000,0.434972,0.046065,0.402934,0.956204,-0.292561,-0.003127,0.008456,0.185506,1.999525,1.000000,0.007692,1.164860
0.280000,0.434976,0.046028,0.402937,0.956191,-0.292606,-0.003120,0.008464,0.185558,1.999484,1.000000,0.008342,1.177449
0.285000,0.434981,0.045989,0.402940,0.956176,-0.292652,-0.003112,0.008472,0.185604,1.999440,1.000000,0.009030,1.190556
0.290000,0.434986,0.045947,0.402944,0.956162,-0.292701,-0.003104,0.008480,0.185645,1.999392,1.000000,0.009756,1.204213
0.295000,0.434992,0.045903,0.402947,0.956146,-0.292751,-0.003094,0.008490,0.185683,1.999340,1.000000,0.010515,1.218289
0.300000,0.434998,0.045857,0.402951,0.956130,-0.292804,-0.003084,0.008500,0.185716,1.999285,1.000000,0.011302,1.232768
0.305000,0.435005,0.045808,0.402955,0.956113,-0.292859,-0.003073,0.008510,0.185747,1.999225,1.000000,0.012120,1.247630
0.310000,0.435012,0.045757,0.402959,0.956095,-0.292916,-0.003061,0.008522,0.185774,1.999161,1.000000,0.012939,1.261314
0.315000,0.435020,0.045703,0.402963,0.956077,-0.292975,-0.003049,0.008534,0.185798,1.999094,1.000000,0.013802,1.275265
0.320000,0.435028,0.045647,0.402967,0.956058,-0.293037,-0.003035,0.008546,0.185821,1.999021,1.000000,0.014706,1.289554
0.325000,0.435037,0.045588,0.402971,0.956039,-0.293100,-0.003021,0.008560,0.185841,1.998944,1.000000,0.015645,1.304099
0.330000,0.435047,0.045526,0.402976,0.956018,-0.293167,-0.003006,0.008574,0.185859,1.998862,1.000000,0.016618,1.318988
0.335000,0.435057,0.045462,0.402981,0.955997,-0.293235,-0.002990,0.008589,0.185875,1.998776,1.000000,0.017623,1.334168
0.340000,0.435067,0.045395,0.402985,0.955975,-0.293306,-0.002973,0.008604,0.185890,1.998684,1.000000,0.018656,1.349601
0.345000,0.435078,0.045325,0.402990,0.955953,-0.293380,-0.002956,0.008620,0.185903,1.998587,1.000000,0.019677,1.363387
0.350000,0.435090,0.045253,0.402995,0.955929,-0.293456,-0.002937,0.008636,0.185915,1.998485,1.000000,0.020744,1.377354
0.355000,0.435102,0.045177,0.403001,0.955905,-0.293534,-0.002918,0.008653,0.185925,1.998377,1.000000,0.021849,1.391540
0.360000,0.435115,0.045099,0.403006,0.955880,-0.293615,-0.002897,0.008671,0.185935,1.998263,1.000000,0.022990,1.405875
0.365000,0.435129,0.045018,0.403012,0.955854,-0.293699,-0.002876,0.008689,0.185944,1.998144,1.000000,0.024156,1.420314
0.370000,0.435142,0.044934,0.403018,0.955827,-0.293786,-0.002854,0.008708,0.185952,1.998019,1.000000,0.025350,1.434892
0.375000,0.435157,0.044847,0.403024,0.955800,-0.293875,-0.002831,0.008727,0.185959,1.997888,1.000000,0.026575,1.449868
0.380000,0.435172,0.044757,0.403031,0.955772,-0.293966,-0.002807,0.008746,0.185965,1.997751,1.000000,0.027771,1.462646
0.385000,0.435188,0.044664,0.403038,0.955742,-0.294061,-0.002782,0.008766,0.185971,1.997608,1.000000,0.029011,1.475551
0.390000,0.435204,0.044567,0.403045,0.955712,-0.294158,-0.002756,0.008786,0.185976,1.997458,1.000000,0.030289,1.488574
0.395000,0.435221,0.044468,0.403052,0.955682,-0.294258,-0.002730,0.008807,0.185981,1.997302,1.000000,0.031594,1.501682
0.400000,0.435239,0.044365,0.403060,0.955650,-0.294361,-0.002702,0.008828,0.185986,1.997139,1.000000,0.032921,1.514866
0.405000,0.435257,0.044259,0.403068,0.955617,-0.294467,-0.002673,0.008849,0.185990,1.996970,1.000000,0.034270,1.528152
0.410000,0.435275,0.044150,0.403076,0.955583,-0.294575,-0.002644,0.008871,0.185993,1.996794,1.000000,0.035637,1.541571
0.415000,0.435295,0.044037,0.403085,0.955549,-0.294687,-0.002613,0.008893,0.185996,1.996611,1.000000,0.036961,1.552636
0.420000,0.435314,0.043921,0.403094,0.955514,-0.294801,-0.002582,0.008915,0.185999,1.996422,1.000000,0.038330,1.564073
0.425000,0.435335,0.043802,0.403104,0.955477,-0.294919,-0.002549,0.008937,0.186002,1.996225,1.000000,0.039730,1.575598
0.430000,0.435356,0.043680,0.403114,0.955440,-0.295039,-0.002515,0.008960,0.186004,1.996022,1.000000,0.041144,1.587149
0.435000,0.435378,0.043554,0.403124,0.955402,-0.295162,-0.002480,0.008983,0.186007,1.995811,1.000000,0.042574,1.598761
0.440000,0.435400,0.043424,0.403135,0.955363,-0.295289,-0.002445,0.009005,0.186009,1.995593,1.000000,0.044016,1.610484
0.445000,0.435423,0.043291,0.403146,0.955322,-0.295418,-0.002408,0.009028,0.186011,1.995368,1.000000,0.045423,1.620332
0.450000,0.435446,0.043155,0.403158,0.955281,-0.295550,-0.002370,0.009052,0.186012,1.995136,1.000000,0.046853,1.630302
0.455000,0.435471,0.043015,0.403170,0.955239,-0.295686,-0.002331,0.009075,0.186014,1.994897,1.000000,0.048300,1.640436
0.460000,0.435495,0.042871,0.403183,0.955196,-0.295824,-0.002291,0.009098,0.186015,1.994651,1.000000,0.049759,1.650685
0.465000,0.435521,0.042725,0.403196,0.955152,-0.295966,-0.002250,0.009121,0.186017,1.994397,1.000000,0.051232,1.661273
0.470000,0.435547,0.042574,0.403210,0.955108,-0.296110,-0.002207,0.009145,0.186018,1.994136,1.000000,0.052708,1.671939
0.475000,0.435573,0.042420,0.403224,0.955062,-0.296257,-0.002164,0.009167,0.186019,1.993867,1.000000,0.054167,1.682590
0.480000,0.435600,0.042263,0.403239,0.955015,-0.296408,-0.002120,0.009190,0.186020,1.993591,1.000000,0.055584,1.691326
0.485000,0.435628,0.042102,0.403254,0.954967,-0.296561,-0.002075,0.009213,0.186021,1.993309,1.000000,0.057005,1.700246
0.490000,0.435656,0.041938,0.403270,0.954919,-0.296717,-0.002029,0.009235,0.186022,1.993019,1.000000,0.058429,1.709294
0.495000,0.435685,0.041771,0.403286,0.954869,-0.296875,-0.001982,0.009257,0.186023,1.992722,1.000000,0.059849,1.718454
0.500000,0.435715,0.041600,0.403302,0.954819,-0.297037,-0.001935,0.009278,0.186023,1.992418,1.000000,0.061262,1.727730
0.505000,0.435745,0.041425,0.403319,0.954768,-0.297201,-0.001886,0.009299,0.186024,1.992107,1.000000,0.062667,1.737123
0.510000,0.435776,0.041248,0.403337,0.954716,-0.297367,-0.001837,0.009320,0.186025,1.991789,1.000000,0.064059,1.746688
0.515000,0.435808,0.041067,0.403354,0.954663,-0.297537,-0.001787,0.009339,0.186026,1.991464,1.000000,0.065370,1.753591
0.520000,0.435840,0.040882,0.403372,0.954609,-0.297708,-0.001736,0.009359,0.186026,1.991133,1.000000,0.066686,1.760691
0.525000,0.435873,0.040695,0.403391,0.954555,-0.297883,-0.001684,0.009378,0.186027,1.990795,1.000000,0.068003,1.767895
0.530000,0.435906,0.040504,0.403410,0.954500,-0.298059,-0.001632,0.009396,0.186027,1.990451,1.000000,0.069302,1.775124
0.535000,0.435941,0.040309,0.403429,0.954444,-0.298239,-0.001578,0.009414,0.186028,1.990100,1.000000,0.070589,1.782437
0.540000,0.435976,0.040112,0.403449,0.954387,-0.298420,-0.001523,0.009431,0.186028,1.989743,1.000000,0.071872,1.790140
0.545000,0.436011,0.039911,0.403470,0.954329,-0.298605,-0.001468,0.009448,0.186029,1.989380,1.000000,0.073148,1.798154
0.550000,0.436047,0.039707,0.403491,0.954271,-0.298791,-0.001411,0.009464,0.186030,1.989010,1.000000,0.074271,1.802604
0.555000,0.436084,0.039500,0.403512,0.954211,-0.298980,-0.001354,0.009479,0.186030,1.988636,1.000000,0.075397,1.807154
0.560000,0.436121,0.039290,0.403535,0.954151,-0.299171,-0.001295,0.009494,0.186030,1.988255,1.000000,0.076520,1.811823
0.565000,0.436160,0.039076,0.403558,0.954091,-0.299364,-0.001234,0.009508,0.186031,1.987869,1.000000,0.077619,1.816546
0.570000,0.436198,0.038859,0.403582,0.954029,-0.299560,-0.001173,0.009522,0.186031,1.987478,1.000000,0.078703,1.821403
0.575000,0.436238,0.038639,0.403606,0.953967,-0.299758,-0.001110,0.009535,0.186032,1.987081,1.000000,0.079774,1.826745
0.580000,0.436278,0.038415,0.403632,0.953904,-0.299958,-0.001045,0.009548,0.186032,1.986679,1.000000,0.080825,1.832253
0.585000,0.436318,0.038189,0.403658,0.953840,-0.300161,-0.000980,0.009560,0.186033,1.986273,1.000000,0.081753,1.835482
0.590000,0.436359,0.037959,0.403686,0.953776,-0.300365,-0.000912,0.009571,0.186033,1.985862,1.000000,0.082673,1.838928
0.595000,0.436401,0.037726,0.403714,0.953711,-0.300572,-0.000843,0.009581,0.186033,1.985446,1.000000,0.083565,1.842487
0.600000,0.436443,0.037490,0.403743,0.953645,-0.300781,-0.000773,0.009591,0.186034,1.985026,1.000000,0.084421,1.846155
0.605000,0.436486,0.037252,0.403774,0.953578,-0.300992,-0.000701,0.009600,0.186034,1.984602,1.000000,0.085252,1.850088
0.610000,0.436530,0.037010,0.403805,0.953511,-0.301206,-0.000627,0.009609,0.186035,1.984173,1.000000,0.086055,1.854499
0.615000,0.436573,0.036765,0.403838,0.953443,-0.301421,-0.000551,0.009616,0.186035,1.983742,1.000000,0.086707,1.857149
0.620000,0.436618,0.036517,0.403872,0.953374,-0.301638,-0.000474,0.009623,0.186035,1.983307,1.000000,0.087332,1.860156
0.625000,0.436663,0.036266,0.403907,0.953304,-0.301857,-0.000394,0.009629,0.186036,1.982869,1.000000,0.087933,1.863373
0.630000,0.436708,0.036012,0.403944,0.953234,-0.302079,-0.000313,0.009635,0.186036,1.982429,1.000000,0.088481,1.866730
0.635000,0.436754,0.035755,0.403981,0.953163,-0.302302,-0.000230,0.009639,0.186037,1.981986,1.000000,0.088989,1.870282
0.640000,0.436800,0.035495,0.404021,0.953092,-0.302527,-0.000145,0.009642,0.186037,1.981540,1.000000,0.089462,1.874257
0.645000,0.436847,0.035233,0.404061,0.953020,-0.302755,-0.000058,0.009645,0.186037,1.981092,1.000000,0.089899,1.878612
0.650000,0.436894,0.034968,0.404103,0.952947,-0.302984,0.000030,0.009647,0.186038,1.980643,1.000000,0.090092,1.882073
0.655000,0.436941,0.034700,0.404146,0.952873,-0.303215,0.000121,0.009647,0.186038,1.980194,1.000000,0.090262,1.885929
0.660000,0.436989,0.034429,0.404191,0.952799,-0.303447,0.000213,0.009647,0.186039,1.979743,1.000000,0.090419,1.890058
0.665000,0.437037,0.034155,0.404237,0.952725,-0.303682,0.000308,0.009646,0.186039,1.979292,1.000000,0.090546,1.894548
0.670000,0.437086,0.033879,0.404285,0.952649,-0.303919,0.000403,0.009644,0.186039,1.978841,1.000000,0.090656,1.899298
0.675000,0.437135,0.033600,0.404335,0.952573,-0.304157,0.000501,0.009642,0.186040,1.978389,1.000000,0.090730,1.904487
0.680000,0.437185,0.033319,0.404386,0.952497,-0.304396,0.000600,0.009639,0.186040,1.977936,1.000000,0.090783,1.909962
0.685000,0.437236,0.033035,0.404438,0.952419,-0.304637,0.000700,0.009635,0.186041,1.977485,1.000000,0.090634,1.916151
0.690000,0.437288,0.032749,0.404493,0.952342,-0.304880,0.000802,0.009630,0.186041,1.977034,1.000000,0.090473,1.922728
0.695000,0.437340,0.032460,0.404548,0.952263,-0.305125,0.000905,0.009625,0.186041,1.976584,1.000000,0.090283,1.929553
0.700000,0.437393,0.032169,0.404606,0.952185,-0.305370,0.001008,0.009619,0.186042,1.976136,1.000000,0.090055,1.936626
0.705000,0.437446,0.031875,0.404665,0.952105,-0.305618,0.001113,0.009612,0.186042,1.975688,1.000000,0.089811,1.944109
0.710000,0.437501,0.031579,0.404725,0.952025,-0.305867,0.001219,0.009605,0.186043,1.975242,1.000000,0.089547,1.952269
0.715000,0.437556,0.031281,0.404787,0.951945,-0.306117,0.001325,0.009597,0.186043,1.974798,1.000000,0.089266,1.960735
0.720000,0.437612,0.030980,0.404851,0.951864,-0.306369,0.001432,0.009589,0.186043,1.974355,1.000000,0.088891,1.971350
0.725000,0.437669,0.030677,0.404915,0.951782,-0.306622,0.001539,0.009579,0.186044,1.973914,1.000000,0.088498,1.982287
0.730000,0.437727,0.030372,0.404981,0.951700,-0.306876,0.001647,0.009569,0.186044,1.973475,1.000000,0.088070,1.993767
0.735000,0.437786,0.030065,0.405049,0.951617,-0.307132,0.001754,0.009559,0.186045,1.973039,1.000000,0.087619,2.005632
0.740000,0.437846,0.029755,0.405117,0.951534,-0.307390,0.001862,0.009547,0.186045,1.972604,1.000000,0.087135,2.017970
0.745000,0.437906,0.029443,0.405186,0.951450,-0.307649,0.001969,0.009535,0.186045,1.972173,1.000000,0.086620,2.030754
0.750000,0.437967,0.029129,0.405257,0.951366,-0.307909,0.002077,0.009522,0.186046,1.971744,1.000000,0.086085,2.044033
0.755000,0.438029,0.028812,0.405328,0.951281,-0.308171,0.002183,0.009508,0.186046,1.971318,1.000000,0.085534,2.059967
0.760000,0.438092,0.028494,0.405401,0.951196,-0.308434,0.002289,0.009493,0.186047,1.970894,1.000000,0.084953,2.076226
0.765000,0.438156,0.028173,0.405474,0.951110,-0.308698,0.002395,0.009478,0.186047,1.970474,1.000000,0.084303,2.092846
0.770000,0.438221,0.027851,0.405547,0.951023,-0.308964,0.002499,0.009461,0.186048,1.970058,1.000000,0.083633,2.109786
0.775000,0.438286,0.027526,0.405621,0.950936,-0.309232,0.002603,0.009444,0.186048,1.969644,1.000000,0.082912,2.127297
0.780000,0.438352,0.027199,0.405696,0.950849,-0.309500,0.002705,0.009425,0.186048,1.969235,1.000000,0.082168,2.145150
0.785000,0.438419,0.026870,0.405771,0.950761,-0.309770,0.002806,0.009406,0.186049,1.968830,1.000000,0.081269,2.164680
0.790000,0.438486,0.026540,0.405846,0.950672,-0.310042,0.002906,0.009386,0.186049,1.968430,1.000000,0.080339,2.184684
0.795000,0.438554,0.026207,0.405921,0.950583,-0.310315,0.003004,0.009365,0.186050,1.968034,1.000000,0.079369,2.205179
0.800000,0.438623,0.025872,0.405996,0.950493,-0.310589,0.003101,0.009343,0.186050,1.967643,1.000000,0.078354,2.226183
0.805000,0.438693,0.025535,0.406072,0.950403,-0.310865,0.003197,0.009321,0.186051,1.967258,1.000000,0.077306,2.247628
0.810000,0.438763,0.025196,0.406147,0.950312,-0.311142,0.003291,0.009298,0.186051,1.966878,1.000000,0.076205,2.269690
0.815000,0.438834,0.024855,0.406222,0.950221,-0.311421,0.003383,0.009273,0.186052,1.966504,1.000000,0.075078,2.292108
0.820000,0.438905,0.024513,0.406296,0.950129,-0.311702,0.003474,0.009249,0.186052,1.966137,1.000000,0.073729,2.315732
0.825000,0.438978,0.024168,0.406371,0.950036,-0.311983,0.003563,0.009223,0.186052,1.965776,1.000000,0.072356,2.339743
0.830000,0.439050,0.023821,0.406445,0.949943,-0.312267,0.003650,0.009197,0.186053,1.965422,1.000000,0.070933,2.364668
0.835000,0.439124,0.023471,0.406518,0.949849,-0.312552,0.003736,0.009171,0.186053,1.965076,1.000000,0.069476,2.390086
0.840000,0.439197,0.023120,0.406591,0.949755,-0.312838,0.003820,0.009143,0.186054,1.964737,1.000000,0.067945,2.415908
0.845000,0.439272,0.022767,0.406663,0.949660,-0.313126,0.003902,0.009116,0.186054,1.964407,1.000000,0.066355,2.442124
0.850000,0.439347,0.022412,0.406735,0.949564,-0.313416,0.003982,0.009088,0.186055,1.964084,1.000000,0.064713,2.468875
0.855000,0.439422,0.022055,0.406805,0.949468,-0.313707,0.004061,0.009059,0.186055,1.963770,1.000000,0.063016,2.496378
0.860000,0.439498,0.021695,0.406875,0.949371,-0.314000,0.004138,0.009030,0.186056,1.963464,1.000000,0.061276,2.524302
0.865000,0.439574,0.021334,0.406945,0.949274,-0.314294,0.004213,0.009000,0.186056,1.963168,1.000000,0.059457,2.552898
0.870000,0.439651,0.020971,0.407013,0.949176,-0.314590,0.004286,0.008970,0.186057,1.962880,1.000000,0.057603,2.581835
0.875000,0.439728,0.020606,0.407080,0.949077,-0.314887,0.004357,0.008940,0.186057,1.962603,1.000000,0.055675,2.611760
0.880000,0.439806,0.020239,0.407147,0.948978,-0.315186,0.004426,0.008909,0.186058,1.962335,1.000000,0.053712,2.642045
0.885000,0.439884,0.019870,0.407212,0.948878,-0.315486,0.004494,0.008878,0.186058,1.962077,1.000000,0.051658,2.672794
0.890000,0.439962,0.019500,0.407277,0.948778,-0.315788,0.004560,0.008847,0.186059,1.961830,1.000000,0.049563,2.703695
0.895000,0.440041,0.019128,0.407340,0.948677,-0.316090,0.004624,0.008815,0.186059,1.961593,1.000000,0.047410,2.735100
0.900000,0.440120,0.018754,0.407403,0.948575,-0.316394,0.004686,0.008784,0.186060,1.961368,1.000000,0.045201,2.766978
0.905000,0.440199,0.018379,0.407464,0.948474,-0.316700,0.004746,0.008752,0.186060,1.961154,1.000000,0.042946,2.799377
0.910000,0.440279,0.018002,0.407525,0.948371,-0.317006,0.004804,0.008719,0.186061,1.960951,1.000000,0.040629,2.832542
0.915000,0.440359,0.017624,0.407585,0.948268,-0.317314,0.004861,0.008687,0.186061,1.960760,1.000000,0.038275,2.866024
0.920000,0.440439,0.017244,0.407644,0.948165,-0.317622,0.004916,0.008654,0.186062,1.960581,1.000000,0.035824,2.899969
0.925000,0.440519,0.016863,0.407701,0.948061,-0.317932,0.004970,0.008622,0.186062,1.960416,1.000000,0.033147,2.933697
0.930000,0.440600,0.016481,0.407758,0.947957,-0.318242,0.005022,0.008589,0.186063,1.960264,1.000000,0.030399,2.968104
0.935000,0.440681,0.016098,0.407815,0.947853,-0.318554,0.005073,0.008556,0.186063,1.960126,1.000000,0.027622,3.002879
0.940000,0.440762,0.015713,0.407870,0.947748,-0.318866,0.005122,0.008524,0.186064,1.960002,1.000000,0.024784,3.038434
0.945000,0.440843,0.015327,0.407925,0.947642,-0.319179,0.005171,0.008492,0.186065,1.959893,1.000000,0.021904,3.074525
0.950000,0.440925,0.014940,0.407979,0.947536,-0.319494,0.005218,0.008460,0.186065,1.959798,1.000000,0.018965,3.110976
0.955000,0.441007,0.014552,0.408033,0.947430,-0.319809,0.005265,0.008428,0.186066,1.959720,1.000000,0.015685,3.146712
0.960000,0.441089,0.014162,0.408086,0.947323,-0.320124,0.005310,0.008397,0.186066,1.959658,1.000000,0.012370,3.182920
0.965000,0.441171,0.013772,0.408139,0.947216,-0.320441,0.005356,0.008366,0.186067,1.959613,1.000000,0.008987,3.219787
0.970000,0.441254,0.013380,0.408191,0.947109,-0.320758,0.005401,0.008336,0.186067,1.959586,1.000000,0.005576,3.257027
0.975000,0.441337,0.012987,0.408244,0.947001,-0.321076,0.005445,0.008307,0.186068,1.959575,1.000000,0.002079,3.295011
0.980000,0.441420,0.012592,0.408296,0.946893,-0.321395,0.005490,0.008278,0.186068,1.959581,1.000000,-0.001442,3.333343
0.985000,0.441503,0.012197,0.408348,0.946785,-0.321714,0.005534,0.008250,0.186069,1.959601,1.000000,-0.005020,3.372537
0.990000,0.441587,0.011801,0.408400,0.946676,-0.322034,0.005578,0.008222,0.186070,1.959636,1.000000,-0.008721,3.410477
0.995000,0.441671,0.011403,0.408453,0.946567,-0.322355,0.005622,0.008195,0.186070,1.959686,1.000000,-0.012479,3.448823
1.000000,0.441755,0.011005,0.408506,0.946457,-0.322676,0.005667,0.008169,0.186071,1.959751,1.000000,-0.016281,3.487559
1.005000,0.441840,0.010605,0.408559,0.946348,-0.322997,0.005712,0.008143,0.186071,1.959831,1.000000,-0.020118,3.526780
1.010000,0.441925,0.010205,0.408612,0.946238,-0.323319,0.005757,0.008118,0.186072,1.959927,1.000000,-0.024002,3.566552
1.015000,0.442010,0.009804,0.408667,0.946127,-0.323642,0.005803,0.008094,0.186073,1.960039,1.000000,-0.027909,3.606725
1.020000,0.442095,0.009401,0.408722,0.946017,-0.323964,0.005849,0.008071,0.186073,1.960166,1.000000,-0.031876,3.647538
1.025000,0.442181,0.008999,0.408777,0.945906,-0.324287,0.005896,0.008048,0.186074,1.960310,1.000000,-0.035866,3.687899
1.030000,0.442267,0.008595,0.408834,0.945795,-0.324610,0.005944,0.008026,0.186074,1.960469,1.000000,-0.039924,3.728658
1.035000,0.442353,0.008191,0.408891,0.945684,-0.324933,0.005992,0.008005,0.186075,1.960645,1.000000,-0.043993,3.769752
1.040000,0.442440,0.007786,0.408950,0.945573,-0.325256,0.006041,0.007984,0.186076,1.960838,1.000000,-0.048097,3.811533
1.045000,0.442527,0.007380,0.409009,0.945461,-0.325580,0.006091,0.007964,0.186076,1.961046,1.000000,-0.052199,3.853773
1.050000,0.442614,0.006974,0.409070,0.945350,-0.325903,0.006141,0.007944,0.186077,1.961271,1.000000,-0.056288,3.896472
1.055000,0.442702,0.006568,0.409132,0.945239,-0.326225,0.006193,0.007924,0.186078,1.961513,1.000000,-0.060361,3.939628
1.060000,0.442791,0.006162,0.409196,0.945127,-0.326548,0.006246,0.007905,0.186078,1.961771,1.000000,-0.064564,3.984410
1.065000,0.442880,0.005755,0.409261,0.945016,-0.326869,0.006300,0.007886,0.186079,1.962047,1.000000,-0.068800,4.029692
1.070000,0.442969,0.005348,0.409327,0.944904,-0.327191,0.006356,0.007867,0.186079,1.962339,1.000000,-0.073051,4.075281
1.075000,0.443059,0.004941,0.409395,0.944793,-0.327511,0.006413,0.007848,0.186080,1.962649,1.000000,-0.077357,4.121356
1.080000,0.443149,0.004533,0.409465,0.944682,-0.327832,0.006471,0.007829,0.186081,1.962975,1.000000,-0.081679,4.167715
1.085000,0.443240,0.004126,0.409536,0.944570,-0.328151,0.006530,0.007810,0.186081,1.963320,1.000000,-0.086057,4.214314
1.090000,0.443331,0.003718,0.409609,0.944459,-0.328471,0.006591,0.007791,0.186082,1.963682,1.000000,-0.090460,4.261179
1.095000,0.443423,0.003310,0.409684,0.944348,-0.328789,0.006653,0.007772,0.186083,1.964061,1.000000,-0.095002,4.309720
1.100000,0.443514,0.002902,0.409760,0.944237,-0.329108,0.006716,0.007753,0.186083,1.964460,1.000000,-0.099601,4.358688
1.105000,0.443607,0.002493,0.409838,0.944125,-0.329426,0.006781,0.007733,0.186084,1.964877,1.000000,-0.104255,4.407964
1.110000,0.443699,0.002085,0.409917,0.944014,-0.329744,0.006846,0.007714,0.186085,1.965312,1.000000,-0.108966,4.457590
1.115000,0.443792,0.001676,0.409998,0.943903,-0.330061,0.006912,0.007695,0.186085,1.965767,1.000000,-0.113714,4.507457
1.120000,0.443884,0.001268,0.410081,0.943791,-0.330379,0.006979,0.007676,0.186086,1.966241,1.000000,-0.118523,4.557610
1.125000,0.443977,0.000859,0.410166,0.943680,-0.330696,0.007047,0.007657,0.186087,1.966733,1.000000,-0.123173,4.607636
1.130000,0.444070,0.000450,0.410252,0.943569,-0.331013,0.007115,0.007637,0.186088,1.967244,1.000000,-0.127848,4.657926
1.135000,0.444163,0.000041,0.410339,0.943457,-0.331329,0.007184,0.007618,0.186088,1.967774,1.000000,-0.132531,4.708411
1.140000,0.444256,-0.000368,0.410428,0.943345,-0.331646,0.007254,0.007598,0.186089,1.968323,1.000000,-0.137227,4.759331
1.145000,0.444349,-0.000777,0.410519,0.943234,-0.331962,0.007324,0.007577,0.186090,1.968890,1.000000,-0.141929,4.810548
1.150000,0.444441,-0.001186,0.410611,0.943122,-0.332278,0.007394,0.007557,0.186090,1.969476,1.000000,-0.146647,4.861885
1.155000,0.444534,-0.001595,0.410704,0.943011,-0.332594,0.007464,0.007536,0.186091,1.970081,1.000000,-0.151381,4.913335
1.160000,0.444627,-0.002003,0.410798,0.942899,-0.332909,0.007535,0.007514,0.186092,1.970705,1.000000,-0.155940,4.964014
1.165000,0.444719,-0.002411,0.410894,0.942787,-0.333224,0.007606,0.007493,0.186093,1.971347,1.000000,-0.160479,5.014880
1.170000,0.444812,-0.002820,0.410991,0.942675,-0.333539,0.007677,0.007470,0.186093,1.972007,1.000000,-0.164990,5.065886
1.175000,0.444905,-0.003227,0.411090,0.942564,-0.333853,0.007748,0.007448,0.186094,1.972684,1.000000,-0.169490,5.117420
1.180000,0.444997,-0.003635,0.411189,0.942452,-0.334167,0.007819,0.007424,0.186095,1.973380,1.000000,-0.173969,5.169097
1.185000,0.445090,-0.004042,0.411290,0.942341,-0.334480,0.007891,0.007401,0.186096,1.974094,1.000000,-0.178450,5.220805
1.190000,0.445182,-0.004449,0.411392,0.942230,-0.334792,0.007962,0.007377,0.186096,1.974826,1.000000,-0.182922,5.272613
1.195000,0.445274,-0.004855,0.411495,0.942118,-0.335104,0.008034,0.007352,0.186097,1.975576,1.000000,-0.187499,5.324033
1.200000,0.445367,-0.005261,0.411600,0.942007,-0.335415,0.008106,0.007327,0.186098,1.976344,1.000000,-0.192061,5.375704
1.205000,0.445459,-0.005667,0.411705,0.941896,-0.335726,0.008179,0.007302,0.186099,1.977131,1.000000,-0.196607,5.427527
1.210000,0.445552,-0.006072,0.411812,0.941785,-0.336036,0.008252,0.007276,0.186100,1.977936,1.000000,-0.201150,5.479533
1.215000,0.445645,-0.006477,0.411919,0.941674,-0.336345,0.008326,0.007250,0.186100,1.978758,1.000000,-0.205677,5.531687
1.220000,0.445737,-0.006882,0.412028,0.941564,-0.336653,0.008400,0.007224,0.186101,1.979599,1.000000,-0.210205,5.584388
1.225000,0.445830,-0.007286,0.412139,0.941453,-0.336960,0.008474,0.007198,0.186102,1.980459,1.000000,-0.214716,5.637217
1.230000,0.445923,-0.007690,0.412250,0.941343,-0.337267,0.008549,0.007171,0.186103,1.981336,1.000000,-0.219168,5.688742
1.235000,0.446016,-0.008093,0.412362,0.941233,-0.337573,0.008625,0.007144,0.186103,1.982230,1.000000,-0.223574,5.740395
1.240000,0.446110,-0.008496,0.412476,0.941123,-0.337878,0.008702,0.007117,0.186104,1.983143,1.000000,-0.227952,5.792417
1.245000,0.446203,-0.008898,0.412590,0.941013,-0.338181,0.008779,0.007089,0.186105,1.984072,1.000000,-0.232302,5.844741
1.250000,0.446297,-0.009300,0.412706,0.940904,-0.338484,0.008856,0.007062,0.186106,1.985019,1.000000,-0.236632,5.897168
1.255000,0.446391,-0.009702,0.412822,0.940795,-0.338786,0.008934,0.007034,0.186107,1.985984,1.000000,-0.240959,5.949697
1.260000,0.446486,-0.010103,0.412940,0.940686,-0.339087,0.009013,0.007006,0.186108,1.986966,1.000000,-0.245264,6.002401
1.265000,0.446580,-0.010503,0.413059,0.940577,-0.339387,0.009092,0.006977,0.186109,1.987964,1.000000,-0.249281,6.054091
1.270000,0.446675,-0.010903,0.413178,0.940469,-0.339685,0.009172,0.006949,0.186110,1.988977,1.000000,-0.253209,6.105872
1.275000,0.446770,-0.011302,0.413298,0.940361,-0.339983,0.009252,0.006920,0.186110,1.990007,1.000000,-0.257109,6.157740
1.280000,0.446865,-0.011700,0.413419,0.940253,-0.340279,0.009332,0.006890,0.186111,1.991052,1.000000,-0.260951,6.209705
1.285000,0.446961,-0.012098,0.413541,0.940146,-0.340574,0.009413,0.006861,0.186112,1.992112,1.000000,-0.264762,6.262142
1.290000,0.447057,-0.012494,0.413663,0.940039,-0.340868,0.009493,0.006831,0.186113,1.993188,1.000000,-0.268534,6.314871
1.295000,0.447153,-0.012890,0.413787,0.939932,-0.341160,0.009574,0.006801,0.186114,1.994277,1.000000,-0.272043,6.366455
1.300000,0.447250,-0.013285,0.413910,0.939826,-0.341451,0.009654,0.006770,0.186115,1.995381,1.000000,-0.275473,6.418300
1.305000,0.447347,-0.013679,0.414034,0.939720,-0.341741,0.009735,0.006739,0.186116,1.996498,1.000000,-0.278824,6.470292
1.310000,0.447444,-0.014072,0.414159,0.939614,-0.342029,0.009816,0.006708,0.186117,1.997628,1.000000,-0.282139,6.522615
1.315000,0.447541,-0.014464,0.414284,0.939509,-0.342315,0.009896,0.006676,0.186118,1.998772,1.000000,-0.285385,6.575015
1.320000,0.447639,-0.014855,0.414410,0.939405,-0.342600,0.009977,0.006644,0.186118,1.999928,1.000000,-0.288629,6.627584
1.325000,0.447737,-0.015244,0.414535,0.939301,-0.342884,0.010057,0.006612,0.186119,2.001098,1.000000,-0.291818,6.680239
1.330000,0.447836,-0.015633,0.414662,0.939197,-0.343165,0.010137,0.006579,0.186120,2.002279,1.000000,-0.294834,6.730883
1.335000,0.447935,-0.016020,0.414788,0.939094,-0.343445,0.010218,0.006546,0.186121,2.003473,1.000000,-0.297711,6.781754
1.340000,0.448035,-0.016406,0.414915,0.938992,-0.343723,0.010299,0.006513,0.186122,2.004677,1.000000,-0.300499,6.832937
1.345000,0.448135,-0.016791,0.415042,0.938890,-0.343999,0.010379,0.006480,0.186123,2.005893,1.000000,-0.303213,6.884408
1.350000,0.448236,-0.017174,0.415170,0.938789,-0.344274,0.010461,0.006447,0.186124,2.007120,1.000000,-0.305857,6.936059
1.355000,0.448337,-0.017556,0.415298,0.938688,-0.344546,0.010542,0.006413,0.186125,2.008357,1.000000,-0.308464,6.988012
1.360000,0.448439,-0.017937,0.415426,0.938589,-0.344816,0.010624,0.006380,0.186126,2.009604,1.000000,-0.311012,7.040081
1.365000,0.448542,-0.018316,0.415555,0.938489,-0.345083,0.010706,0.006346,0.186127,2.010860,1.000000,-0.313250,7.089159
1.370000,0.448645,-0.018694,0.415684,0.938391,-0.345349,0.010788,0.006313,0.186128,2.012125,1.000000,-0.315291,7.138328
1.375000,0.448750,-0.019070,0.415813,0.938293,-0.345612,0.010871,0.006279,0.186129,2.013398,1.000000,-0.317231,7.187952
1.380000,0.448855,-0.019445,0.415942,0.938197,-0.345873,0.010955,0.006245,0.186130,2.014678,1.000000,-0.319049,7.237718
1.385000,0.448961,-0.019818,0.416072,0.938101,-0.346131,0.011038,0.006211,0.186131,2.015966,1.000000,-0.320798,7.287940
1.390000,0.449068,-0.020189,0.416202,0.938006,-0.346386,0.011123,0.006177,0.186132,2.017260,1.000000,-0.322474,7.338447
1.395000,0.449176,-0.020559,0.416333,0.937911,-0.346639,0.011207,0.006143,0.186133,2.018561,1.000000,-0.324101,7.389091
1.400000,0.449285,-0.020926,0.416463,0.937818,-0.346889,0.011292,0.006109,0.186134,2.019866,1.000000,-0.325128,7.436863
1.405000,0.449395,-0.021292,0.416594,0.937726,-0.347137,0.011378,0.006075,0.186135,2.021175,1.000000,-0.325953,7.484779
1.410000,0.449506,-0.021656,0.416724,0.937634,-0.347382,0.011463,0.006041,0.186137,2.022487,1.000000,-0.326652,7.533030
1.415000,0.449617,-0.022018,0.416855,0.937544,-0.347623,0.011548,0.006007,0.186138,2.023802,1.000000,-0.327213,7.581350
1.420000,0.449730,-0.022377,0.416986,0.937454,-0.347862,0.011633,0.005973,0.186139,2.025118,1.000000,-0.327728,7.630078
1.425000,0.449843,-0.022734,0.417117,0.937366,-0.348098,0.011717,0.005938,0.186140,2.026437,1.000000,-0.328143,7.678883
1.430000,0.449958,-0.023089,0.417247,0.937278,-0.348332,0.011802,0.005904,0.186141,2.027757,1.000000,-0.328518,7.728041
1.435000,0.450073,-0.023441,0.417378,0.937192,-0.348562,0.011885,0.005870,0.186142,2.029076,1.000000,-0.328141,7.773733
1.440000,0.450189,-0.023791,0.417508,0.937107,-0.348789,0.011969,0.005835,0.186143,2.030393,1.000000,-0.327536,7.819670
1.445000,0.450306,-0.024138,0.417638,0.937022,-0.349013,0.012051,0.005800,0.186144,2.031707,1.000000,-0.326751,7.865811
1.450000,0.450423,-0.024482,0.417767,0.936939,-0.349234,0.012133,0.005765,0.186145,2.033017,1.000000,-0.325824,7.912105
1.455000,0.450542,-0.024823,0.417896,0.936857,-0.349451,0.012214,0.005730,0.186147,2.034324,1.000000,-0.324802,7.958647
1.460000,0.450661,-0.025162,0.418025,0.936777,-0.349666,0.012293,0.005695,0.186148,2.035626,1.000000,-0.323674,8.005282
1.465000,0.450781,-0.025497,0.418153,0.936697,-0.349877,0.012372,0.005660,0.186149,2.036922,1.000000,-0.321940,8.047860
1.470000,0.450901,-0.025829,0.418280,0.936619,-0.350084,0.012450,0.005624,0.186150,2.038210,1.000000,-0.319889,8.090482
1.475000,0.451023,-0.026158,0.418407,0.936542,-0.350288,0.012527,0.005588,0.186151,2.039489,1.000000,-0.317654,8.133412
1.480000,0.451146,-0.026483,0.418533,0.936466,-0.350488,0.012602,0.005552,0.186152,2.040759,1.000000,-0.315230,8.176424
1.485000,0.451269,-0.026805,0.418659,0.936392,-0.350685,0.012677,0.005516,0.186154,2.042019,1.000000,-0.312692,8.219684
1.490000,0.451393,-0.027124,0.418784,0.936319,-0.350877,0.012751,0.005480,0.186155,2.043269,1.000000,-0.310043,8.263090
1.495000,0.451518,-0.027439,0.418908,0.936247,-0.351066,0.012823,0.005444,0.186156,2.044507,1.000000,-0.307317,8.306668
1.500000,0.451644,-0.027750,0.419031,0.936177,-0.351251,0.012895,0.005408,0.186157,2.045733,1.000000,-0.304018,8.346542
1.505000,0.451771,-0.028057,0.419153,0.936108,-0.351432,0.012965,0.005373,0.186158,2.046946,1.000000,-0.300443,8.386527
1.510000,0.451899,-0.028361,0.419275,0.936041,-0.351609,0.013035,0.005337,0.186160,2.048143,1.000000,-0.296692,8.426771
1.515000,0.452028,-0.028660,0.419396,0.935975,-0.351782,0.013103,0.005301,0.186161,2.049325,1.000000,-0.292803,8.467067
1.520000,0.452158,-0.028956,0.419516,0.935910,-0.351953,0.013170,0.005266,0.186162,2.050491,1.000000,-0.288698,8.507638
1.525000,0.452289,-0.029247,0.419634,0.935846,-0.352122,0.013237,0.005230,0.186164,2.051640,1.000000,-0.284257,8.548268
1.530000,0.452421,-0.029534,0.419752,0.935782,-0.352289,0.013303,0.005194,0.186165,2.052770,1.000000,-0.279508,8.589135
1.535000,0.452555,-0.029817,0.419869,0.935719,-0.352456,0.013369,0.005158,0.186166,2.053878,1.000000,-0.273870,8.626029
1.540000,0.452690,-0.030094,0.419985,0.935656,-0.352620,0.013434,0.005122,0.186167,2.054963,1.000000,-0.267725,8.663089
1.545000,0.452827,-0.030367,0.420100,0.935594,-0.352784,0.013498,0.005084,0.186169,2.056022,1.000000,-0.261158,8.700289
1.550000,0.452966,-0.030635,0.420214,0.935532,-0.352946,0.013563,0.005047,0.186170,2.057054,1.000000,-0.254235,8.737597
1.555000,0.453107,-0.030897,0.420326,0.935470,-0.353107,0.013627,0.005008,0.186172,2.058058,1.000000,-0.247022,8.775073
1.560000,0.453249,-0.031154,0.420438,0.935409,-0.353267,0.013690,0.004969,0.186173,2.059032,1.000000,-0.239536,8.812668
1.565000,0.453394,-0.031406,0.420548,0.935348,-0.353426,0.013754,0.004930,0.186174,2.059975,1.000000,-0.231847,8.850727
1.570000,0.453541,-0.031653,0.420657,0.935288,-0.353584,0.013817,0.004890,0.186176,2.060886,1.000000,-0.223487,8.884150
1.575000,0.453690,-0.031893,0.420765,0.935228,-0.353740,0.013880,0.004850,0.186177,2.061763,1.000000,-0.214733,8.917471
1.580000,0.453841,-0.032128,0.420871,0.935169,-0.353895,0.013944,0.004809,0.186178,2.062603,1.000000,-0.205650,8.950846
1.585000,0.453995,-0.032357,0.420977,0.935110,-0.354049,0.014007,0.004768,0.186180,2.063407,1.000000,-0.196340,8.984200
1.590000,0.454151,-0.032580,0.421081,0.935051,-0.354202,0.014070,0.004727,0.186181,2.064172,1.000000,-0.186832,9.017594
1.595000,0.454309,-0.032797,0.421184,0.934993,-0.354353,0.014134,0.004686,0.186183,2.064900,1.000000,-0.177173,9.051236
1.600000,0.454471,-0.033008,0.421285,0.934936,-0.354502,0.014198,0.004644,0.186184,2.065588,1.000000,-0.167394,9.085144
1.605000,0.454634,-0.033213,0.421386,0.934879,-0.354651,0.014261,0.004603,0.186186,2.066236,1.000000,-0.157111,9.115377
1.610000,0.454800,-0.033412,0.421485,0.934822,-0.354798,0.014325,0.004563,0.186187,2.066842,1.000000,-0.146580,9.145758
1.615000,0.454969,-0.033605,0.421583,0.934766,-0.354944,0.014389,0.004522,0.186189,2.067405,1.000000,-0.135858,9.176191
1.620000,0.455140,-0.033791,0.421679,0.934710,-0.355088,0.014453,0.004481,0.186190,2.067925,1.000000,-0.125039,9.206825
1.625000,0.455314,-0.033971,0.421774,0.934655,-0.355231,0.014516,0.004442,0.186191,2.068402,1.000000,-0.114129,9.237522
1.630000,0.455491,-0.034145,0.421867,0.934601,-0.355372,0.014580,0.004402,0.186193,2.068835,1.000000,-0.103192,9.268307
1.635000,0.455669,-0.034312,0.421959,0.934547,-0.355512,0.014643,0.004364,0.186194,2.069223,1.000000,-0.091885,9.295922
1.640000,0.455851,-0.034473,0.422049,0.934493,-0.355651,0.014707,0.004326,0.186196,2.069565,1.000000,-0.080441,9.323616
1.645000,0.456034,-0.034627,0.422137,0.934440,-0.355788,0.014769,0.004288,0.186198,2.069861,1.000000,-0.068924,9.351394
1.650000,0.456221,-0.034776,0.422224,0.934388,-0.355923,0.014831,0.004252,0.186199,2.070111,1.000000,-0.057384,9.379261
1.655000,0.456409,-0.034917,0.422309,0.934336,-0.356057,0.014893,0.004217,0.186201,2.070315,1.000000,-0.045865,9.407258
1.660000,0.456600,-0.035053,0.422392,0.934285,-0.356190,0.014954,0.004183,0.186202,2.070473,1.000000,-0.034384,9.435309
1.665000,0.456793,-0.035182,0.422473,0.934234,-0.356321,0.015014,0.004150,0.186204,2.070585,1.000000,-0.022988,9.463463
1.670000,0.456988,-0.035305,0.422553,0.934183,-0.356451,0.015074,0.004119,0.186206,2.070651,1.000000,-0.011357,9.487541
1.675000,0.457186,-0.035422,0.422630,0.934134,-0.356579,0.015133,0.004088,0.186207,2.070670,1.000000,0.000368,9.511711
1.680000,0.457385,-0.035533,0.422705,0.934085,-0.356705,0.015192,0.004060,0.186209,2.070635,1.000000,0.012127,9.535956
1.685000,0.457587,-0.035637,0.422778,0.934036,-0.356830,0.015250,0.004033,0.186210,2.070541,1.000000,0.023844,9.560231
1.690000,0.457791,-0.035735,0.422848,0.933988,-0.356953,0.015307,0.004007,0.186212,2.070389,1.000000,0.035493,9.584574
1.695000,0.457998,-0.035828,0.422917,0.933941,-0.357074,0.015364,0.003983,0.186214,2.070179,1.000000,0.047039,9.609027
1.700000,0.458206,-0.035914,0.422983,0.933895,-0.357194,0.015420,0.003961,0.186216,2.069911,1.000000,0.058458,9.633611
1.705000,0.458416,-0.035994,0.423046,0.933849,-0.357312,0.015475,0.003941,0.186217,2.069585,1.000000,0.070138,9.654365
1.710000,0.458629,-0.036069,0.423108,0.933803,-0.357428,0.015530,0.003923,0.186219,2.069201,1.000000,0.081874,9.675146
1.715000,0.458843,-0.036137,0.423166,0.933759,-0.357542,0.015583,0.003906,0.186221,2.068758,1.000000,0.093587,9.695955
1.720000,0.459059,-0.036200,0.423222,0.933715,-0.357654,0.015636,0.003892,0.186223,2.068257,1.000000,0.105187,9.716554
1.725000,0.459277,-0.036256,0.423276,0.933672,-0.357765,0.015688,0.003879,0.186224,2.067697,1.000000,0.116662,9.737229
1.730000,0.459497,-0.036308,0.423327,0.933629,-0.357874,0.015739,0.003868,0.186226,2.067082,1.000000,0.127973,9.758251
1.735000,0.459718,-0.036353,0.423375,0.933588,-0.357980,0.015789,0.003859,0.186228,2.066410,1.000000,0.139111,9.779407
1.740000,0.459941,-0.036393,0.423420,0.933547,-0.358085,0.015838,0.003853,0.186230,2.065682,1.000000,0.150269,9.797496
1.745000,0.460165,-0.036427,0.423463,0.933506,-0.358188,0.015887,0.003849,0.186232,2.064898,1.000000,0.161393,9.815675
1.750000,0.460391,-0.036456,0.423503,0.933467,-0.358289,0.015934,0.003846,0.186233,2.064059,1.000000,0.172406,9.833777
1.755000,0.460619,-0.036479,0.423540,0.933428,-0.358388,0.015981,0.003846,0.186235,2.063166,1.000000,0.183255,9.851762
1.760000,0.460848,-0.036497,0.423573,0.933390,-0.358485,0.016026,0.003849,0.186237,2.062219,1.000000,0.193923,9.869847
1.765000,0.461078,-0.036510,0.423604,0.933353,-0.358580,0.016071,0.003854,0.186239,2.061219,1.000000,0.204388,9.888240
1.770000,0.461310,-0.036518,0.423632,0.933316,-0.358673,0.016115,0.003861,0.186241,2.060167,1.000000,0.214642,9.906691
1.775000,0.461543,-0.036521,0.423657,0.933280,-0.358764,0.016158,0.003870,0.186243,2.059065,1.000000,0.224666,9.923618
1.780000,0.461777,-0.036519,0.423679,0.933245,-0.358853,0.016201,0.003883,0.186245,2.057913,1.000000,0.234522,9.940641
1.785000,0.462012,-0.036512,0.423698,0.933211,-0.358941,0.016242,0.003898,0.186247,2.056713,1.000000,0.244161,9.957538
1.790000,0.462248,-0.036500,0.423714,0.933177,-0.359026,0.016284,0.003915,0.186249,2.055465,1.000000,0.253574,9.974456
1.795000,0.462486,-0.036484,0.423727,0.933144,-0.359110,0.016324,0.003935,0.186251,2.054170,1.000000,0.262752,9.991583
1.800000,0.462724,-0.036464,0.423737,0.933112,-0.359192,0.016365,0.003958,0.186253,2.052831,1.000000,0.271685,10.008961
1.805000,0.462964,-0.036439,0.423744,0.933080,-0.359272,0.016404,0.003984,0.186255,2.051447,1.000000,0.280479,10.025427
1.810000,0.463204,-0.036410,0.423747,0.933049,-0.359350,0.016443,0.004013,0.186257,2.050020,1.000000,0.289053,10.041994
1.815000,0.463445,-0.036377,0.423747,0.933019,-0.359427,0.016482,0.004044,0.186259,2.048550,1.000000,0.297390,10.058619
1.820000,0.463687,-0.036340,0.423744,0.932989,-0.359502,0.016520,0.004078,0.186261,2.047040,1.000000,0.305439,10.075008
1.825000,0.463930,-0.036299,0.423738,0.932960,-0.359575,0.016556,0.004115,0.186263,2.045490,1.000000,0.313215,10.091497
1.830000,0.464173,-0.036255,0.423729,0.932932,-0.359647,0.016593,0.004155,0.186265,2.043902,1.000000,0.320709,10.108289
1.835000,0.464416,-0.036207,0.423716,0.932904,-0.359717,0.016628,0.004198,0.186267,2.042278,1.000000,0.327923,10.125241
1.840000,0.464660,-0.036155,0.423699,0.932877,-0.359785,0.016663,0.004244,0.186269,2.040618,1.000000,0.334937,10.139834
1.845000,0.464904,-0.036100,0.423680,0.932850,-0.359852,0.016697,0.004292,0.186272,2.038924,1.000000,0.341768,10.154400
1.850000,0.465148,-0.036041,0.423657,0.932824,-0.359917,0.016731,0.004343,0.186274,2.037196,1.000000,0.348384,10.169148
1.855000,0.465393,-0.035980,0.423630,0.932799,-0.359980,0.016763,0.004397,0.186276,2.035436,1.000000,0.354767,10.184204
1.860000,0.465638,-0.035915,0.423600,0.932774,-0.360042,0.016794,0.004453,0.186278,2.033644,1.000000,0.361350,10.199339
1.865000,0.465883,-0.035847,0.423567,0.932751,-0.360101,0.016823,0.004511,0.186281,2.031818,1.000000,0.368097,10.214570
1.870000,0.466128,-0.035776,0.423530,0.932728,-0.360158,0.016851,0.004570,0.186283,2.029958,1.000000,0.374673,10.229881
1.875000,0.466374,-0.035702,0.423490,0.932706,-0.360212,0.016875,0.004630,0.186285,2.028067,1.000000,0.380992,10.241772
1.880000,0.466621,-0.035625,0.423447,0.932685,-0.360265,0.016898,0.004691,0.186288,2.026145,1.000000,0.386952,10.253753
1.885000,0.466867,-0.035546,0.423400,0.932665,-0.360315,0.016918,0.004753,0.186290,2.024195,1.000000,0.392526,10.266003
1.890000,0.467114,-0.035464,0.423351,0.932646,-0.360363,0.016936,0.004816,0.186292,2.022218,1.000000,0.397765,10.278469
1.895000,0.467362,-0.035379,0.423299,0.932628,-0.360409,0.016952,0.004880,0.186294,2.020215,1.000000,0.402682,10.290892
1.900000,0.467609,-0.035293,0.423243,0.932610,-0.360453,0.016966,0.004947,0.186297,2.018189,1.000000,0.407287,10.303271
1.905000,0.467857,-0.035204,0.423185,0.932593,-0.360495,0.016978,0.005014,0.186299,2.016141,1.000000,0.411607,10.315794
1.910000,0.468105,-0.035113,0.423124,0.932577,-0.360535,0.016989,0.005084,0.186302,2.014072,1.000000,0.415786,10.326005
1.915000,0.468353,-0.035020,0.423060,0.932562,-0.360573,0.016998,0.005156,0.186304,2.011982,1.000000,0.419876,10.336311
1.920000,0.468601,-0.034925,0.422992,0.932547,-0.360609,0.017005,0.005229,0.186307,2.009872,1.000000,0.423796,10.346399
1.925000,0.468849,-0.034828,0.422922,0.932534,-0.360643,0.017011,0.005304,0.186309,2.007743,1.000000,0.427541,10.356612
1.930000,0.469097,-0.034729,0.422849,0.932521,-0.360675,0.017015,0.005381,0.186312,2.005597,1.000000,0.431102,10.367124
1.935000,0.469345,-0.034629,0.422772,0.932509,-0.360705,0.017018,0.005460,0.186314,2.003433,1.000000,0.434273,10.377839
1.940000,0.469593,-0.034527,0.422693,0.932497,-0.360733,0.017019,0.005541,0.186317,2.001255,1.000000,0.436771,10.388620
1.945000,0.469842,-0.034423,0.422611,0.932487,-0.360759,0.017019,0.005625,0.186319,1.999067,1.000000,0.438919,10.397800
1.950000,0.470090,-0.034319,0.422527,0.932477,-0.360784,0.017017,0.005711,0.186322,1.996868,1.000000,0.440845,10.406980
1.955000,0.470338,-0.034213,0.422441,0.932467,-0.360807,0.017015,0.005799,0.186325,1.994660,1.000000,0.442569,10.416079
1.960000,0.470587,-0.034107,0.422352,0.932459,-0.360828,0.017012,0.005890,0.186327,1.992444,1.000000,0.444128,10.425278
1.965000,0.470835,-0.034000,0.422261,0.932450,-0.360848,0.017007,0.005984,0.186330,1.990221,1.000000,0.445540,10.434759
1.970000,0.471085,-0.033892,0.422167,0.932443,-0.360865,0.017002,0.006080,0.186332,1.987991,1.000000,0.446825,10.444368
1.975000,0.471334,-0.033784,0.422072,0.932436,-0.360881,0.016996,0.006179,0.186335,1.985755,1.000000,0.448120,10.450862
1.980000,0.471583,-0.033674,0.421974,0.932431,-0.360895,0.016990,0.006280,0.186338,1.983513,1.000000,0.449506,10.457423
1.985000,0.471833,-0.033564,0.421874,0.932426,-0.360906,0.016982,0.006383,0.186340,1.981263,1.000000,0.450924,10.464248
1.990000,0.472084,-0.033453,0.421773,0.932421,-0.360916,0.016974,0.006489,0.186343,1.979006,1.000000,0.452345,10.471320
1.995000,0.472335,-0.033342,0.421669,0.932418,-0.360923,0.016965,0.006596,0.186346,1.976742,1.000000,0.453738,10.478445
2.000000,0.472586,-0.033229,0.421563,0.932415,-0.360928,0.016956,0.006706,0.186349,1.974472,1.000000,0.455089,10.485644
2.005000,0.472837,-0.033116,0.421456,0.932414,-0.360931,0.016946,0.006817,0.186352,1.972195,1.000000,0.456394,10.492884
2.010000,0.473090,-0.033002,0.421346,0.932413,-0.360932,0.016935,0.006931,0.186355,1.969911,1.000000,0.457803,10.496418
2.015000,0.473342,-0.032887,0.421235,0.932412,-0.360931,0.016924,0.007046,0.186358,1.967620,1.000000,0.459420,10.500037
2.020000,0.473595,-0.032772,0.421122,0.932413,-0.360927,0.016912,0.007164,0.186361,1.965320,1.000000,0.461158,10.503902
2.025000,0.473849,-0.032655,0.421007,0.932415,-0.360920,0.016900,0.007282,0.186364,1.963011,1.000000,0.462975,10.507911
2.030000,0.474104,-0.032538,0.420890,0.932418,-0.360912,0.016887,0.007403,0.186367,1.960693,1.000000,0.464818,10.511805
2.035000,0.474359,-0.032419,0.420772,0.932421,-0.360901,0.016874,0.007525,0.186370,1.958366,1.000000,0.466679,10.515744
2.040000,0.474614,-0.032299,0.420653,0.932426,-0.360887,0.016861,0.007649,0.186373,1.956030,1.000000,0.468550,10.519883
2.045000,0.474871,-0.032179,0.420532,0.932431,-0.360872,0.016847,0.007774,0.186376,1.953684,1.000000,0.470669,10.521869
2.050000,0.475128,-0.032057,0.420410,0.932437,-0.360853,0.016833,0.007900,0.186379,1.951326,1.000000,0.472984,10.523839
2.055000,0.475386,-0.031933,0.420286,0.932444,-0.360833,0.016819,0.008028,0.186382,1.948957,1.000000,0.475397,10.525632
2.060000,0.475645,-0.031809,0.420161,0.932452,-0.360809,0.016805,0.008158,0.186385,1.946575,1.000000,0.477881,10.527505
2.065000,0.475905,-0.031683,0.420036,0.932462,-0.360784,0.016791,0.008288,0.186388,1.944181,1.000000,0.480414,10.529744
2.070000,0.476165,-0.031556,0.419909,0.932471,-0.360756,0.016777,0.008420,0.186392,1.941774,1.000000,0.482981,10.532111
2.075000,0.476426,-0.031427,0.419782,0.932482,-0.360725,0.016762,0.008553,0.186394,1.939354,1.000000,0.485540,10.534269
2.080000,0.476688,-0.031297,0.419654,0.932494,-0.360692,0.016748,0.008687,0.186398,1.936921,1.000000,0.488315,10.534126
2.085000,0.476951,-0.031165,0.419525,0.932507,-0.360657,0.016734,0.008822,0.186401,1.934473,1.000000,0.491267,10.534151
2.090000,0.477214,-0.031032,0.419396,0.932520,-0.360619,0.016719,0.008959,0.186405,1.932011,1.000000,0.494320,10.534380
2.095000,0.477479,-0.030896,0.419266,0.932535,-0.360579,0.016705,0.009096,0.186408,1.929533,1.000000,0.497420,10.534598
2.100000,0.477743,-0.030759,0.419136,0.932550,-0.360536,0.016690,0.009234,0.186412,1.927039,1.000000,0.500529,10.534763
2.105000,0.478009,-0.030620,0.419005,0.932567,-0.360490,0.016675,0.009373,0.186415,1.924530,1.000000,0.503639,10.535010
2.110000,0.478275,-0.030479,0.418875,0.932584,-0.360443,0.016660,0.009513,0.186418,1.922005,1.000000,0.506735,10.535459
2.115000,0.478542,-0.030337,0.418744,0.932602,-0.360393,0.016645,0.009655,0.186421,1.919465,1.000000,0.509927,10.532996
2.120000,0.478809,-0.030192,0.418613,0.932621,-0.360340,0.016629,0.009797,0.186425,1.916909,1.000000,0.513273,10.530370
2.125000,0.479077,-0.030045,0.418483,0.932641,-0.360285,0.016613,0.009940,0.186428,1.914335,1.000000,0.516710,10.527829
2.130000,0.479345,-0.029896,0.418352,0.932662,-0.360228,0.016597,0.010083,0.186432,1.911745,1.000000,0.520195,10.525462
2.135000,0.479614,-0.029744,0.418222,0.932684,-0.360168,0.016581,0.010228,0.186435,1.909136,1.000000,0.523774,10.523282
2.140000,0.479883,-0.029591,0.418092,0.932707,-0.360105,0.016564,0.010373,0.186439,1.906510,1.000000,0.527421,10.521043
2.145000,0.480153,-0.029434,0.417962,0.932731,-0.360040,0.016546,0.010519,0.186443,1.903865,1.000000,0.531220,10.516246
2.150000,0.480423,-0.029276,0.417833,0.932756,-0.359972,0.016528,0.010666,0.186447,1.901200,1.000000,0.535241,10.511558
2.155000,0.480693,-0.029115,0.417704,0.932781,-0.359902,0.016510,0.010813,0.186451,1.898515,1.000000,0.539413,10.507188
2.160000,0.480964,-0.028951,0.417575,0.932808,-0.359829,0.016490,0.010961,0.186454,1.895809,1.000000,0.543684,10.502891
2.165000,0.481235,-0.028784,0.417446,0.932836,-0.359753,0.016470,0.011109,0.186458,1.893081,1.000000,0.547981,10.498272
2.170000,0.481506,-0.028614,0.417317,0.932865,-0.359675,0.016449,0.011258,0.186462,1.890331,1.000000,0.552313,10.493759
2.175000,0.481777,-0.028442,0.417189,0.932894,-0.359594,0.016428,0.011407,0.186465,1.887560,1.000000,0.556668,10.489517
2.180000,0.482049,-0.028267,0.417062,0.932925,-0.359511,0.016405,0.011557,0.186469,1.884767,1.000000,0.561225,10.483646
2.185000,0.482320,-0.028088,0.416934,0.932957,-0.359425,0.016382,0.011708,0.186473,1.881950,1.000000,0.565912,10.477661
2.190000,0.482592,-0.027907,0.416807,0.932990,-0.359336,0.016358,0.011859,0.186477,1.879110,1.000000,0.570659,10.471605
2.195000,0.482863,-0.027722,0.416681,0.933023,-0.359245,0.016333,0.012010,0.186481,1.876246,1.000000,0.575437,10.465655
2.200000,0.483134,-0.027535,0.416555,0.933058,-0.359151,0.016307,0.012162,0.186486,1.873358,1.000000,0.580224,10.459955
2.205000,0.483405,-0.027344,0.416429,0.933094,-0.359054,0.016280,0.012315,0.186490,1.870446,1.000000,0.585002,10.454322
2.210000,0.483676,-0.027149,0.416304,0.933130,-0.358955,0.016253,0.012468,0.186493,1.867510,1.000000,0.589736,10.448687
2.215000,0.483947,-0.026952,0.416180,0.933168,-0.358853,0.016225,0.012621,0.186498,1.864550,1.000000,0.594642,10.441311
2.220000,0.484217,-0.026751,0.416056,0.933206,-0.358749,0.016197,0.012775,0.186501,1.861566,1.000000,0.599626,10.433674
2.225000,0.484487,-0.026547,0.415933,0.933246,-0.358642,0.016168,0.012929,0.186506,1.858556,1.000000,0.604644,10.426076
2.230000,0.484756,-0.026340,0.415810,0.933286,-0.358533,0.016138,0.013084,0.186510,1.855522,1.000000,0.609660,10.418663
2.235000,0.485026,-0.026129,0.415689,0.933327,-0.358421,0.016108,0.013239,0.186514,1.852462,1.000000,0.614658,10.411470
2.240000,0.485294,-0.025915,0.415568,0.933370,-0.358306,0.016078,0.013394,0.186519,1.849377,1.000000,0.619600,10.404197
2.245000,0.485562,-0.025697,0.415448,0.933413,-0.358189,0.016047,0.013550,0.186523,1.846268,1.000000,0.624461,10.396775
2.250000,0.485830,-0.025476,0.415330,0.933457,-0.358070,0.016016,0.013707,0.186528,1.843135,1.000000,0.629327,10.387999
2.255000,0.486097,-0.025252,0.415212,0.933502,-0.357948,0.015985,0.013863,0.186532,1.839977,1.000000,0.634229,10.379514
2.260000,0.486364,-0.025024,0.415095,0.933548,-0.357823,0.015954,0.014020,0.186536,1.836795,1.000000,0.639129,10.371159
2.265000,0.486630,-0.024793,0.414980,0.933595,-0.357696,0.015924,0.014178,0.186540,1.833588,1.000000,0.643982,10.362809
2.270000,0.486895,-0.024558,0.414866,0.933642,-0.357567,0.015894,0.014336,0.186545,1.830358,1.000000,0.648787,10.354583
2.275000,0.487160,-0.024320,0.414753,0.933691,-0.357435,0.015864,0.014494,0.186549,1.827103,1.000000,0.653502,10.346196
2.280000,0.487424,-0.024079,0.414641,0.933740,-0.357300,0.015835,0.014653,0.186554,1.823826,1.000000,0.658130,10.337825
2.285000,0.487688,-0.023835,0.414531,0.933790,-0.357164,0.015807,0.014812,0.186559,1.820525,1.000000,0.662759,10.328795
2.290000,0.487951,-0.023587,0.414423,0.933842,-0.357025,0.015779,0.014972,0.186564,1.817201,1.000000,0.667339,10.319820
2.295000,0.488214,-0.023336,0.414316,0.933893,-0.356884,0.015753,0.015131,0.186569,1.813854,1.000000,0.671856,10.310956
2.300000,0.488476,-0.023082,0.414211,0.933946,-0.356741,0.015728,0.015292,0.186574,1.810485,1.000000,0.676308,10.302438
2.305000,0.488737,-0.022825,0.414108,0.933999,-0.356595,0.015704,0.015452,0.186579,1.807094,1.000000,0.680676,10.293986
2.310000,0.488998,-0.022564,0.414006,0.934053,-0.356447,0.015681,0.015613,0.186583,1.803681,1.000000,0.684910,10.285265
2.315000,0.489258,-0.022301,0.413906,0.934108,-0.356297,0.015659,0.015775,0.186588,1.800247,1.000000,0.689238,10.277047
2.320000,0.489518,-0.022034,0.413809,0.934164,-0.356146,0.015639,0.015936,0.186593,1.796791,1.000000,0.693467,10.269032
2.325000,0.489776,-0.021764,0.413713,0.934220,-0.355992,0.015619,0.016098,0.186598,1.793315,1.000000,0.697582,10.261195
2.330000,0.490033,-0.021492,0.413619,0.934277,-0.355836,0.015601,0.016260,0.186603,1.789818,1.000000,0.701546,10.253263
2.335000,0.490289,-0.021216,0.413527,0.934334,-0.355679,0.015583,0.016422,0.186608,1.786302,1.000000,0.705350,10.245307
2.340000,0.490544,-0.020937,0.413437,0.934392,-0.355520,0.015567,0.016584,0.186613,1.782768,1.000000,0.709001,10.237452
2.345000,0.490798,-0.020656,0.413349,0.934451,-0.355359,0.015551,0.016747,0.186619,1.779215,1.000000,0.712507,10.229864
2.350000,0.491050,-0.020372,0.413263,0.934510,-0.355196,0.015536,0.016909,0.186624,1.775645,1.000000,0.715990,10.221769
2.355000,0.491301,-0.020085,0.413178,0.934570,-0.355031,0.015521,0.017071,0.186629,1.772058,1.000000,0.719344,10.213380
2.360000,0.491551,-0.019795,0.413096,0.934630,-0.354865,0.015507,0.017234,0.186634,1.768455,1.000000,0.722575,10.205106
2.365000,0.491798,-0.019502,0.413016,0.934691,-0.354698,0.015494,0.017396,0.186639,1.764836,1.000000,0.725681,10.197132
2.370000,0.492044,-0.019207,0.412937,0.934752,-0.354528,0.015481,0.017558,0.186645,1.761201,1.000000,0.728647,10.189339
2.375000,0.492288,-0.018909,0.412861,0.934814,-0.354357,0.015468,0.017719,0.186650,1.757553,1.000000,0.731432,10.181364
2.380000,0.492531,-0.018609,0.412786,0.934877,-0.354185,0.015456,0.017881,0.186656,1.753891,1.000000,0.734043,10.173345
2.385000,0.492771,-0.018307,0.412713,0.934940,-0.354010,0.015443,0.018042,0.186661,1.750216,1.000000,0.736553,10.163949
2.390000,0.493009,-0.018002,0.412642,0.935004,-0.353835,0.015431,0.018203,0.186668,1.746529,1.000000,0.739017,10.154646
2.395000,0.493246,-0.017694,0.412572,0.935068,-0.353657,0.015419,0.018364,0.186673,1.742830,1.000000,0.741391,10.145410
2.400000,0.493480,-0.017385,0.412504,0.935133,-0.353478,0.015407,0.018524,0.186678,1.739119,1.000000,0.743617,10.136507
2.405000,0.493712,-0.017073,0.412437,0.935198,-0.353297,0.015395,0.018684,0.186684,1.735398,1.000000,0.745524,10.127720
2.410000,0.493942,-0.016759,0.412372,0.935264,-0.353114,0.015383,0.018843,0.186689,1.731669,1.000000,0.747152,10.118648
2.415000,0.494170,-0.016443,0.412309,0.935330,-0.352930,0.015372,0.019003,0.186696,1.727932,1.000000,0.748598,10.109648
2.420000,0.494396,-0.016126,0.412246,0.935398,-0.352744,0.015361,0.019162,0.186701,1.724188,1.000000,0.749946,10.100164
2.425000,0.494621,-0.015807,0.412186,0.935465,-0.352556,0.015351,0.019322,0.186707,1.720437,1.000000,0.751208,10.090904
2.430000,0.494843,-0.015486,0.412126,0.935534,-0.352366,0.015341,0.019481,0.186713,1.716681,1.000000,0.752363,10.081534
2.435000,0.495062,-0.015164,0.412067,0.935603,-0.352175,0.015331,0.019640,0.186720,1.712918,1.000000,0.753417,10.072085
2.440000,0.495280,-0.014840,0.412010,0.935672,-0.351981,0.015322,0.019799,0.186726,1.709151,1.000000,0.754381,10.062648
2.445000,0.495496,-0.014514,0.411953,0.935742,-0.351786,0.015313,0.019957,0.186733,1.705380,1.000000,0.755260,10.053268
2.450000,0.495709,-0.014188,0.411898,0.935813,-0.351589,0.015304,0.020115,0.186739,1.701604,1.000000,0.756056,10.043909
2.455000,0.495921,-0.013860,0.411843,0.935885,-0.351390,0.015296,0.020273,0.186745,1.697824,1.000000,0.756886,10.034623
2.460000,0.496130,-0.013530,0.411789,0.935957,-0.351189,0.015288,0.020430,0.186751,1.694040,1.000000,0.757670,10.025456
2.465000,0.496337,-0.013199,0.411736,0.936029,-0.350987,0.015280,0.020587,0.186757,1.690252,1.000000,0.758364,10.016081
2.470000,0.496541,-0.012867,0.411684,0.936103,-0.350782,0.015273,0.020744,0.186764,1.686461,1.000000,0.758980,10.006719
2.475000,0.496744,-0.012534,0.411632,0.936177,-0.350576,0.015266,0.020899,0.186770,1.682667,1.000000,0.759517,9.997359
2.480000,0.496944,-0.012200,0.411582,0.936251,-0.350368,0.015260,0.021055,0.186777,1.678871,1.000000,0.759982,9.988087
2.485000,0.497142,-0.011865,0.411532,0.936326,-0.350158,0.015254,0.021209,0.186783,1.675072,1.000000,0.760433,9.979268
2.490000,0.497338,-0.011528,0.411483,0.936402,-0.349946,0.015249,0.021363,0.186791,1.671271,1.000000,0.760825,9.970718
2.495000,0.497531,-0.011191,0.411435,0.936478,-0.349733,0.015245,0.021517,0.186797,1.667468,1.000000,0.761141,9.962171
2.500000,0.497722,-0.010853,0.411388,0.936555,-0.349518,0.015242,0.021669,0.186803,1.663664,1.000000,0.761358,9.953375
2.505000,0.497912,-0.010513,0.411342,0.936632,-0.349302,0.015240,0.021821,0.186810,1.659860,1.000000,0.761518,9.944682
2.510000,0.498099,-0.010173,0.411297,0.936710,-0.349084,0.015238,0.021972,0.186817,1.656054,1.000000,0.761741,9.936221
2.515000,0.498284,-0.009832,0.411252,0.936788,-0.348864,0.015237,0.022122,0.186824,1.652246,1.000000,0.762022,9.927926
2.520000,0.498467,-0.009491,0.411208,0.936867,-0.348643,0.015237,0.022271,0.186830,1.648438,1.000000,0.762297,9.920440
2.525000,0.498647,-0.009148,0.411165,0.936946,-0.348420,0.015237,0.022419,0.186838,1.644628,1.000000,0.762441,9.912886
2.530000,0.498826,-0.008805,0.411122,0.937026,-0.348196,0.015237,0.022566,0.186845,1.640818,1.000000,0.762474,9.905328
2.535000,0.499003,-0.008462,0.411079,0.937106,-0.347971,0.015238,0.022711,0.186853,1.637007,1.000000,0.762413,9.897854
2.540000,0.499177,-0.008117,0.411037,0.937187,-0.347744,0.015239,0.022855,0.186860,1.633198,1.000000,0.762258,9.890407
2.545000,0.499349,-0.007772,0.410995,0.937268,-0.347516,0.015239,0.022998,0.186866,1.629389,1.000000,0.762043,9.883265
2.550000,0.499520,-0.007427,0.410953,0.937349,-0.347287,0.015240,0.023139,0.186874,1.625582,1.000000,0.761463,9.876395
2.555000,0.499688,-0.007082,0.410912,0.937430,-0.347059,0.015242,0.023279,0.186881,1.621778,1.000000,0.760399,9.870549
2.560000,0.499854,-0.006736,0.410871,0.937511,-0.346832,0.015243,0.023419,0.186888,1.617982,1.000000,0.758956,9.864743
2.565000,0.500017,-0.006391,0.410831,0.937591,-0.346607,0.015245,0.023556,0.186895,1.614193,1.000000,0.757327,9.859098
2.570000,0.500178,-0.006045,0.410790,0.937669,-0.346384,0.015247,0.023693,0.186904,1.610412,1.000000,0.755604,9.853649
2.575000,0.500338,-0.005700,0.410750,0.937747,-0.346164,0.015249,0.023827,0.186911,1.606641,1.000000,0.753802,9.848059
2.580000,0.500495,-0.005355,0.410711,0.937825,-0.345945,0.015251,0.023961,0.186919,1.602878,1.000000,0.751942,9.842366
2.585000,0.500649,-0.005010,0.410671,0.937901,-0.345729,0.015255,0.024092,0.186927,1.599125,1.000000,0.750041,9.836653
2.590000,0.500802,-0.004665,0.410632,0.937976,-0.345516,0.015258,0.024222,0.186936,1.595381,1.000000,0.748144,9.831225
2.595000,0.500952,-0.004321,0.410593,0.938051,-0.345304,0.015262,0.024350,0.186944,1.591647,1.000000,0.746178,9.825779
2.600000,0.501101,-0.003976,0.410554,0.938124,-0.345095,0.015267,0.024476,0.186951,1.587923,1.000000,0.744178,9.820560
2.605000,0.501247,-0.003633,0.410515,0.938197,-0.344888,0.015272,0.024600,0.186959,1.584209,1.000000,0.742145,9.815455
2.610000,0.501391,-0.003289,0.410477,0.938269,-0.344683,0.015278,0.024722,0.186967,1.580505,1.000000,0.740056,9.810139
2.615000,0.501533,-0.002946,0.410438,0.938340,-0.344481,0.015285,0.024842,0.186975,1.576812,1.000000,0.737933,9.804833
2.620000,0.501673,-0.002604,0.410400,0.938410,-0.344281,0.015292,0.024961,0.186983,1.573130,1.000000,0.735789,9.799612
2.625000,0.501811,-0.002262,0.410362,0.938480,-0.344082,0.015300,0.025077,0.186992,1.569458,1.000000,0.733637,9.794293
2.630000,0.501947,-0.001920,0.410325,0.938549,-0.343886,0.015308,0.025191,0.187000,1.565797,1.000000,0.731445,9.788861
2.635000,0.502080,-0.001579,0.410287,0.938616,-0.343692,0.015317,0.025303,0.187009,1.562147,1.000000,0.729214,9.783232
2.640000,0.502212,-0.001239,0.410250,0.938684,-0.343500,0.015327,0.025413,0.187018,1.558509,1.000000,0.726965,9.777580
2.645000,0.502342,-0.000899,0.410213,0.938750,-0.343310,0.015337,0.025522,0.187025,1.554881,1.000000,0.724735,9.772223
2.650000,0.502469,-0.000560,0.410176,0.938816,-0.343121,0.015348,0.025628,0.187034,1.551265,1.000000,0.722516,9.766959
2.655000,0.502595,-0.000221,0.410139,0.938881,-0.342935,0.015360,0.025732,0.187042,1.547660,1.000000,0.720225,9.761011
2.660000,0.502718,0.000117,0.410102,0.938946,-0.342750,0.015372,0.025834,0.187051,1.544066,1.000000,0.717902,9.755070
2.665000,0.502839,0.000454,0.410066,0.939009,-0.342567,0.015385,0.025934,0.187059,1.540485,1.000000,0.715564,9.749082
2.670000,0.502959,0.000791,0.410029,0.939072,-0.342386,0.015398,0.026033,0.187069,1.536915,1.000000,0.713235,9.743166
2.675000,0.503076,0.001127,0.409993,0.939135,-0.342207,0.015412,0.026129,0.187078,1.533356,1.000000,0.710927,9.737301
2.680000,0.503191,0.001463,0.409957,0.939197,-0.342029,0.015426,0.026223,0.187088,1.529809,1.000000,0.708667,9.731712
2.685000,0.503304,0.001797,0.409920,0.939258,-0.341853,0.015441,0.026316,0.187097,1.526273,1.000000,0.706435,9.726065
2.690000,0.503415,0.002131,0.409884,0.939319,-0.341679,0.015456,0.026407,0.187105,1.522748,1.000000,0.704159,9.720179
2.695000,0.503524,0.002465,0.409848,0.939379,-0.341506,0.015472,0.026496,0.187114,1.519235,1.000000,0.701844,9.714379
2.700000,0.503630,0.002798,0.409812,0.939438,-0.341335,0.015488,0.026583,0.187122,1.515733,1.000000,0.699533,9.708721
2.705000,0.503735,0.003130,0.409776,0.939497,-0.341165,0.015505,0.026668,0.187132,1.512243,1.000000,0.697245,9.703185
2.710000,0.503837,0.003461,0.409739,0.939555,-0.340998,0.015522,0.026752,0.187141,1.508764,1.000000,0.694965,9.697445
2.715000,0.503937,0.003792,0.409703,0.939613,-0.340831,0.015539,0.026834,0.187151,1.505297,1.000000,0.692717,9.691689
2.720000,0.504035,0.004122,0.409667,0.939670,-0.340666,0.015557,0.026915,0.187161,1.501840,1.000000,0.690503,9.685867
2.725000,0.504131,0.004452,0.409630,0.939727,-0.340503,0.015575,0.026994,0.187171,1.498395,1.000000,0.688310,9.681025
2.730000,0.504224,0.004780,0.409594,0.939783,-0.340340,0.015593,0.027071,0.187181,1.494960,1.000000,0.686059,9.676171
2.735000,0.504315,0.005108,0.409557,0.939839,-0.340180,0.015612,0.027147,0.187192,1.491537,1.000000,0.683816,9.671587
2.740000,0.504404,0.005436,0.409520,0.939894,-0.340021,0.015631,0.027221,0.187201,1.488125,1.000000,0.681579,9.666958
2.745000,0.504490,0.005763,0.409484,0.939949,-0.339863,0.015650,0.027294,0.187210,1.484724,1.000000,0.679333,9.661951
2.750000,0.504574,0.006089,0.409446,0.940003,-0.339707,0.015669,0.027366,0.187220,1.481335,1.000000,0.677120,9.657002
2.755000,0.504655,0.006414,0.409409,0.940056,-0.339551,0.015689,0.027436,0.187230,1.477956,1.000000,0.674960,9.652193
2.760000,0.504735,0.006739,0.409371,0.940110,-0.339397,0.015709,0.027504,0.187240,1.474588,1.000000,0.672821,9.648764
2.765000,0.504811,0.007063,0.409334,0.940162,-0.339245,0.015729,0.027572,0.187250,1.471230,1.000000,0.670603,9.645122
2.770000,0.504886,0.007386,0.409296,0.940215,-0.339094,0.015749,0.027638,0.187261,1.467884,1.000000,0.668351,9.641367
2.775000,0.504957,0.007709,0.409257,0.940266,-0.338944,0.015770,0.027702,0.187271,1.464549,1.000000,0.666099,9.637602
2.780000,0.505026,0.008031,0.409218,0.940318,-0.338795,0.015790,0.027766,0.187283,1.461226,1.000000,0.663885,9.634050
2.785000,0.505093,0.008352,0.409179,0.940369,-0.338648,0.015811,0.027828,0.187293,1.457913,1.000000,0.661698,9.630451
2.790000,0.505157,0.008673,0.409140,0.940419,-0.338501,0.015832,0.027889,0.187302,1.454611,1.000000,0.659520,9.626493
2.795000,0.505219,0.008992,0.409100,0.940469,-0.338356,0.015853,0.027949,0.187313,1.451320,1.000000,0.657365,9.622772
2.800000,0.505278,0.009312,0.409060,0.940519,-0.338212,0.015874,0.028007,0.187323,1.448040,1.000000,0.655242,9.619205
2.805000,0.505334,0.009630,0.409019,0.940569,-0.338069,0.015895,0.028065,0.187334,1.444770,1.000000,0.653167,9.615793
2.810000,0.505388,0.009948,0.408978,0.940618,-0.337927,0.015917,0.028121,0.187345,1.441510,1.000000,0.651118,9.612130
2.815000,0.505440,0.010265,0.408937,0.940666,-0.337786,0.015939,0.028176,0.187356,1.438261,1.000000,0.649110,9.608386
2.820000,0.505489,0.010582,0.408895,0.940714,-0.337646,0.015960,0.028230,0.187367,1.435021,1.000000,0.647159,9.604656
2.825000,0.505535,0.010898,0.408852,0.940762,-0.337507,0.015982,0.028283,0.187379,1.431791,1.000000,0.645310,9.600311
2.830000,0.505579,0.011213,0.408809,0.940810,-0.337368,0.016005,0.028335,0.187390,1.428570,1.000000,0.643576,9.595889
2.835000,0.505621,0.011528,0.408766,0.940857,-0.337231,0.016027,0.028385,0.187400,1.425358,1.000000,0.641919,9.591135
2.840000,0.505660,0.011842,0.408722,0.940905,-0.337094,0.016050,0.028434,0.187411,1.422153,1.000000,0.640364,9.586475
2.845000,0.505696,0.012156,0.408678,0.940951,-0.336958,0.016073,0.028482,0.187422,1.418956,1.000000,0.638888,9.581652
2.850000,0.505731,0.012470,0.408633,0.940998,-0.336823,0.016097,0.028529,0.187434,1.415766,1.000000,0.637507,9.576900
2.855000,0.505763,0.012783,0.408587,0.941044,-0.336688,0.016121,0.028574,0.187444,1.412582,1.000000,0.636224,9.572258
2.860000,0.505792,0.013096,0.408542,0.941091,-0.336554,0.016145,0.028618,0.187457,1.409405,1.000000,0.635046,9.566155
2.865000,0.505820,0.013409,0.408495,0.941137,-0.336421,0.016170,0.028661,0.187468,1.406233,1.000000,0.634046,9.559860
2.870000,0.505846,0.013721,0.408449,0.941182,-0.336288,0.016195,0.028703,0.187481,1.403066,1.000000,0.633296,9.553435
2.875000,0.505870,0.014034,0.408402,0.941228,-0.336155,0.016219,0.028746,0.187492,1.399901,1.000000,0.632827,9.546989
2.880000,0.505893,0.014347,0.408355,0.941274,-0.336022,0.016243,0.028788,0.187506,1.396738,1.000000,0.632652,9.540858
2.885000,0.505914,0.014660,0.408308,0.941319,-0.335890,0.016267,0.028831,0.187517,1.393575,1.000000,0.632716,9.534669
2.890000,0.505935,0.014973,0.408262,0.941365,-0.335758,0.016291,0.028874,0.187528,1.390411,1.000000,0.632950,9.528056
2.895000,0.505955,0.015287,0.408215,0.941410,-0.335626,0.016314,0.028917,0.187540,1.387246,1.000000,0.633341,9.519144
2.900000,0.505975,0.015602,0.408169,0.941455,-0.335494,0.016337,0.028960,0.187552,1.384078,1.000000,0.634006,9.510359
2.905000,0.505994,0.015917,0.408123,0.941501,-0.335362,0.016360,0.029002,0.187565,1.380906,1.000000,0.634897,9.501756
2.910000,0.506012,0.016233,0.408077,0.941546,-0.335231,0.016383,0.029045,0.187576,1.377730,1.000000,0.635938,9.492910
2.915000,0.506030,0.016550,0.408031,0.941591,-0.335100,0.016405,0.029087,0.187590,1.374547,1.000000,0.637106,9.483944
2.920000,0.506048,0.016868,0.407986,0.941636,-0.334969,0.016428,0.029129,0.187602,1.371359,1.000000,0.638386,9.474966
2.925000,0.506065,0.017187,0.407940,0.941680,-0.334838,0.016451,0.029170,0.187615,1.368163,1.000000,0.639782,9.466252
2.930000,0.506082,0.017507,0.407895,0.941725,-0.334708,0.016474,0.029210,0.187628,1.364960,1.000000,0.641307,9.458191
2.935000,0.506098,0.017828,0.407851,0.941769,-0.334578,0.016497,0.029250,0.187639,1.361750,1.000000,0.642843,9.449764
2.940000,0.506114,0.018150,0.407806,0.941814,-0.334449,0.016520,0.029290,0.187652,1.358532,1.000000,0.644415,9.441438
2.945000,0.506130,0.018473,0.407762,0.941858,-0.334320,0.016544,0.029329,0.187663,1.355305,1.000000,0.646002,9.433144
2.950000,0.506146,0.018797,0.407718,0.941902,-0.334192,0.016568,0.029367,0.187677,1.352071,1.000000,0.647602,9.424978
2.955000,0.506161,0.019122,0.407675,0.941945,-0.334064,0.016592,0.029404,0.187689,1.348829,1.000000,0.649168,9.416558
2.960000,0.506176,0.019448,0.407632,0.941989,-0.333937,0.016617,0.029441,0.187703,1.345579,1.000000,0.650713,9.408071
2.965000,0.506191,0.019776,0.407589,0.942032,-0.333810,0.016642,0.029477,0.187715,1.342322,1.000000,0.652297,9.401520
2.970000,0.506205,0.020104,0.407547,0.942075,-0.333684,0.016667,0.029513,0.187730,1.339056,1.000000,0.653790,9.395178
2.975000,0.506219,0.020434,0.407506,0.942118,-0.333559,0.016693,0.029548,0.187742,1.335783,1.000000,0.655189,9.388757
2.980000,0.506232,0.020764,0.407465,0.942161,-0.333434,0.016720,0.029582,0.187754,1.332504,1.000000,0.656483,9.382107
2.985000,0.506245,0.021096,0.407425,0.942203,-0.333310,0.016748,0.029617,0.187768,1.329218,1.000000,0.657711,9.375560
2.990000,0.506257,0.021428,0.407386,0.942246,-0.333186,0.016776,0.029651,0.187780,1.325926,1.000000,0.658856,9.368511
2.995000,0.506269,0.021761,0.407348,0.942288,-0.333063,0.016804,0.029684,0.187794,1.322629,1.000000,0.660006,9.361890
3.000000,0.506281,0.022095,0.407311,0.942329,-0.332940,0.016834,0.029717,0.187806,1.319326,1.000000,0.661157,9.355258
3.005000,0.506291,0.022430,0.407275,0.942371,-0.332818,0.016864,0.029749,0.187821,1.316017,1.000000,0.662328,9.348760
3.010000,0.506301,0.022766,0.407239,0.942412,-0.332697,0.016894,0.029781,0.187834,1.312702,1.000000,0.663481,9.342081
3.015000,0.506310,0.023103,0.407205,0.942453,-0.332576,0.016924,0.029813,0.187849,1.309382,1.000000,0.664612,9.335326
3.020000,0.506318,0.023441,0.407172,0.942494,-0.332456,0.016955,0.029843,0.187862,1.306056,1.000000,0.665694,9.328443
3.025000,0.506326,0.023779,0.407140,0.942535,-0.332336,0.016986,0.029873,0.187878,1.302725,1.000000,0.666705,9.321362
3.030000,0.506332,0.024118,0.407109,0.942575,-0.332218,0.017017,0.029903,0.187891,1.299389,1.000000,0.667652,9.314127
3.035000,0.506337,0.024458,0.407079,0.942615,-0.332099,0.017049,0.029931,0.187904,1.296049,1.000000,0.668501,9.306499
3.040000,0.506341,0.024799,0.407051,0.942655,-0.331981,0.017080,0.029959,0.187918,1.292704,1.000000,0.669294,9.298966
3.045000,0.506344,0.025140,0.407024,0.942695,-0.331864,0.017112,0.029987,0.187931,1.289357,1.000000,0.669992,9.291061
3.050000,0.506346,0.025482,0.406998,0.942735,-0.331748,0.017144,0.030014,0.187946,1.286005,1.000000,0.670625,9.283156
3.055000,0.506347,0.025825,0.406974,0.942774,-0.331632,0.017176,0.030040,0.187959,1.282651,1.000000,0.671171,9.274973
3.060000,0.506347,0.026168,0.406951,0.942813,-0.331516,0.017208,0.030065,0.187974,1.279294,1.000000,0.671645,9.266700
3.065000,0.506345,0.026512,0.406929,0.942852,-0.331401,0.017241,0.030090,0.187988,1.275936,1.000000,0.672036,9.258593
3.070000,0.506343,0.026856,0.406909,0.942891,-0.331286,0.017273,0.030115,0.188004,1.272575,1.000000,0.672337,9.250382
3.075000,0.506339,0.027201,0.406890,0.942930,-0.331172,0.017306,0.030138,0.188018,1.269213,1.000000,0.672554,9.242029
3.080000,0.506334,0.027546,0.406873,0.942969,-0.331059,0.017339,0.030162,0.188030,1.265851,1.000000,0.672627,9.232868
3.085000,0.506328,0.027891,0.406857,0.943007,-0.330946,0.017372,0.030184,0.188045,1.262489,1.000000,0.672637,9.223828
3.090000,0.506320,0.028237,0.406842,0.943045,-0.330833,0.017405,0.030206,0.188058,1.259127,1.000000,0.672556,9.214448
3.095000,0.506311,0.028583,0.406829,0.943083,-0.330721,0.017438,0.030228,0.188074,1.255765,1.000000,0.672420,9.205150
3.100000,0.506301,0.028929,0.406818,0.943121,-0.330610,0.017471,0.030248,0.188087,1.252404,1.000000,0.672183,9.195492
3.105000,0.506290,0.029275,0.406808,0.943159,-0.330498,0.017504,0.030269,0.188103,1.249045,1.000000,0.671872,9.185754
3.110000,0.506277,0.029622,0.406799,0.943196,-0.330388,0.017537,0.030288,0.188117,1.245688,1.000000,0.671454,9.175496
3.115000,0.506264,0.029968,0.406792,0.943234,-0.330277,0.017570,0.030308,0.188133,1.242333,1.000000,0.670938,9.164854
3.120000,0.506249,0.030315,0.406786,0.943271,-0.330167,0.017602,0.030326,0.188148,1.238981,1.000000,0.670346,9.154047
3.125000,0.506232,0.030662,0.406782,0.943308,-0.330058,0.017635,0.030344,0.188164,1.235632,1.000000,0.669683,9.143040
3.130000,0.506215,0.031008,0.406779,0.943345,-0.329949,0.017668,0.030362,0.188179,1.232287,1.000000,0.668957,9.131939
3.135000,0.506196,0.031354,0.406777,0.943382,-0.329840,0.017700,0.030378,0.188192,1.228946,1.000000,0.668105,9.120804
3.140000,0.506176,0.031701,0.406777,0.943419,-0.329732,0.017733,0.030395,0.188208,1.225609,1.000000,0.667162,9.109805
3.145000,0.506155,0.032047,0.406777,0.943455,-0.329624,0.017765,0.030411,0.188221,1.222277,1.000000,0.666081,9.098143
3.150000,0.506132,0.032392,0.406780,0.943492,-0.329517,0.017796,0.030426,0.188237,1.218952,1.000000,0.664930,9.086517
3.155000,0.506109,0.032738,0.406783,0.943528,-0.329410,0.017828,0.030441,0.188251,1.215632,1.000000,0.663665,9.074310
3.160000,0.506084,0.033083,0.406788,0.943564,-0.329303,0.017859,0.030455,0.188268,1.212318,1.000000,0.662326,9.061962
3.165000,0.506058,0.033428,0.406794,0.943600,-0.329197,0.017890,0.030469,0.188282,1.209012,1.000000,0.660883,9.051197
3.170000,0.506031,0.033772,0.406801,0.943636,-0.329091,0.017921,0.030482,0.188299,1.205713,1.000000,0.659237,9.040129
3.175000,0.506002,0.034115,0.406809,0.943672,-0.328986,0.017951,0.030495,0.188314,1.202423,1.000000,0.657430,9.028750
3.180000,0.505973,0.034458,0.406818,0.943707,-0.328881,0.017981,0.030508,0.188331,1.199143,1.000000,0.655459,9.016720
3.185000,0.505942,0.034800,0.406828,0.943743,-0.328777,0.018011,0.030521,0.188346,1.195873,1.000000,0.653388,9.004638
3.190000,0.505910,0.035141,0.406840,0.943778,-0.328673,0.018040,0.030533,0.188360,1.192614,1.000000,0.651196,8.992000
3.195000,0.505877,0.035481,0.406852,0.943813,-0.328569,0.018069,0.030545,0.188376,1.189366,1.000000,0.648946,8.979519
3.200000,0.505843,0.035821,0.406866,0.943848,-0.328466,0.018097,0.030557,0.188390,1.186129,1.000000,0.646545,8.967201
3.205000,0.505808,0.036159,0.406880,0.943883,-0.328363,0.018124,0.030568,0.188406,1.182905,1.000000,0.644013,8.954862
3.210000,0.505771,0.036496,0.406895,0.943917,-0.328261,0.018151,0.030580,0.188421,1.179694,1.000000,0.641349,8.942063
3.215000,0.505734,0.036832,0.406911,0.943952,-0.328159,0.018178,0.030591,0.188437,1.176497,1.000000,0.638599,8.929151
3.220000,0.505696,0.037167,0.406928,0.943986,-0.328058,0.018203,0.030602,0.188452,1.173313,1.000000,0.635745,8.915792
3.225000,0.505656,0.037501,0.406945,0.944021,-0.327957,0.018228,0.030612,0.188469,1.170144,1.000000,0.632893,8.901997
3.230000,0.505616,0.037833,0.406963,0.944055,-0.327856,0.018253,0.030622,0.188485,1.166989,1.000000,0.630226,8.888054
3.235000,0.505575,0.038165,0.406982,0.944089,-0.327756,0.018277,0.030632,0.188502,1.163847,1.000000,0.627702,8.874691
3.240000,0.505533,0.038495,0.407001,0.944123,-0.327655,0.018300,0.030641,0.188517,1.160717,1.000000,0.625159,8.861317
3.245000,0.505491,0.038823,0.407021,0.944157,-0.327555,0.018323,0.030649,0.188531,1.157601,1.000000,0.622447,8.846834
3.250000,0.505448,0.039151,0.407041,0.944191,-0.327455,0.018346,0.030656,0.188547,1.154498,1.000000,0.619637,8.832522
3.255000,0.505405,0.039477,0.407062,0.944225,-0.327356,0.018368,0.030662,0.188562,1.151410,1.000000,0.616661,8.817486
3.260000,0.505362,0.039802,0.407083,0.944259,-0.327256,0.018390,0.030667,0.188578,1.148337,1.000000,0.613575,8.802420
3.265000,0.505318,0.040125,0.407104,0.944292,-0.327158,0.018411,0.030671,0.188593,1.145280,1.000000,0.610355,8.786866
3.270000,0.505274,0.040447,0.407125,0.944326,-0.327059,0.018432,0.030675,0.188610,1.142240,1.000000,0.607048,8.771239
3.275000,0.505229,0.040767,0.407147,0.944359,-0.326961,0.018452,0.030677,0.188625,1.139216,1.000000,0.603652,8.755349
3.280000,0.505185,0.041086,0.407169,0.944393,-0.326864,0.018471,0.030679,0.188642,1.136210,1.000000,0.600169,8.739122
3.285000,0.505140,0.041403,0.407190,0.944426,-0.326767,0.018490,0.030680,0.188658,1.133221,1.000000,0.596614,8.722751
3.290000,0.505094,0.041719,0.407212,0.944459,-0.326671,0.018508,0.030680,0.188675,1.130251,1.000000,0.592942,8.705637
3.295000,0.505049,0.042033,0.407233,0.944492,-0.326575,0.018525,0.030680,0.188691,1.127299,1.000000,0.589215,8.688530
3.300000,0.505003,0.042345,0.407254,0.944524,-0.326479,0.018542,0.030679,0.188705,1.124366,1.000000,0.585387,8.670677
3.305000,0.504957,0.042656,0.407276,0.944557,-0.326384,0.018557,0.030677,0.188721,1.121453,1.000000,0.581525,8.652105
3.310000,0.504911,0.042965,0.407296,0.944589,-0.326290,0.018572,0.030674,0.188736,1.118559,1.000000,0.577618,8.632794
3.315000,0.504864,0.043272,0.407317,0.944622,-0.326196,0.018586,0.030671,0.188752,1.115684,1.000000,0.573703,8.613374
3.320000,0.504818,0.043577,0.407337,0.944654,-0.326103,0.018599,0.030667,0.188767,1.112829,1.000000,0.569763,8.593578
3.325000,0.504771,0.043881,0.407357,0.944686,-0.326010,0.018610,0.030663,0.188784,1.109994,1.000000,0.565810,8.573578
3.330000,0.504724,0.044183,0.407376,0.944717,-0.325918,0.018621,0.030658,0.188799,1.107179,1.000000,0.561837,8.553258
3.335000,0.504677,0.044484,0.407395,0.944749,-0.325826,0.018631,0.030652,0.188816,1.104384,1.000000,0.557826,8.532372
3.340000,0.504630,0.044782,0.407414,0.944781,-0.325734,0.018639,0.030646,0.188832,1.101609,1.000000,0.553818,8.511442
3.345000,0.504582,0.045079,0.407432,0.944812,-0.325644,0.018647,0.030639,0.188846,1.098854,1.000000,0.549769,8.489764
3.350000,0.504535,0.045374,0.407450,0.944843,-0.325553,0.018654,0.030632,0.188862,1.096120,1.000000,0.545747,8.468286
3.355000,0.504487,0.045668,0.407467,0.944874,-0.325463,0.018659,0.030625,0.188876,1.093405,1.000000,0.541686,8.445995
3.360000,0.504440,0.045960,0.407484,0.944905,-0.325374,0.018664,0.030617,0.188892,1.090711,1.000000,0.537648,8.423790
3.365000,0.504392,0.046250,0.407500,0.944936,-0.325285,0.018667,0.030608,0.188907,1.088037,1.000000,0.533590,8.400967
3.370000,0.504344,0.046538,0.407516,0.944967,-0.325196,0.018669,0.030600,0.188924,1.085384,1.000000,0.529556,8.377998
3.375000,0.504296,0.046825,0.407531,0.944998,-0.325108,0.018671,0.030590,0.188939,1.082751,1.000000,0.525523,8.354536
3.380000,0.504248,0.047110,0.407546,0.945028,-0.325020,0.018671,0.030581,0.188956,1.080137,1.000000,0.521495,8.330698
3.385000,0.504199,0.047394,0.407560,0.945058,-0.324933,0.018670,0.030571,0.188971,1.077544,1.000000,0.517494,8.306715
3.390000,0.504151,0.047675,0.407573,0.945089,-0.324846,0.018669,0.030561,0.188988,1.074971,1.000000,0.513514,8.282407
3.395000,0.504103,0.047956,0.407586,0.945119,-0.324760,0.018666,0.030551,0.189004,1.072418,1.000000,0.509579,8.258088
3.400000,0.504054,0.048234,0.407599,0.945148,-0.324674,0.018662,0.030540,0.189018,1.069884,1.000000,0.505624,8.232898
3.405000,0.504006,0.048511,0.407611,0.945178,-0.324589,0.018657,0.030529,0.189034,1.067371,1.000000,0.501746,8.207844
3.410000,0.503957,0.048787,0.407622,0.945208,-0.324504,0.018651,0.030518,0.189048,1.064876,1.000000,0.497897,8.182209
3.415000,0.503908,0.049061,0.407633,0.945237,-0.324420,0.018644,0.030506,0.189064,1.062400,1.000000,0.494114,8.156666
3.420000,0.503859,0.049334,0.407643,0.945267,-0.324336,0.018636,0.030494,0.189079,1.059944,1.000000,0.490358,8.130650
3.425000,0.503810,0.049605,0.407653,0.945296,-0.324252,0.018627,0.030482,0.189095,1.057506,1.000000,0.486650,8.104521
3.430000,0.503761,0.049875,0.407662,0.945325,-0.324169,0.018616,0.030470,0.189110,1.055086,1.000000,0.482980,8.078154
3.435000,0.503712,0.050143,0.407670,0.945354,-0.324086,0.018605,0.030458,0.189127,1.052685,1.000000,0.479347,8.051551
3.440000,0.503663,0.050410,0.407678,0.945383,-0.324004,0.018592,0.030445,0.189142,1.050302,1.000000,0.475795,8.023924
3.445000,0.503613,0.050676,0.407685,0.945412,-0.323922,0.018579,0.030432,0.189159,1.047936,1.000000,0.472348,7.995888
3.450000,0.503563,0.050941,0.407692,0.945440,-0.323841,0.018564,0.030419,0.189174,1.045587,1.000000,0.469009,7.967918
3.455000,0.503513,0.051204,0.407698,0.945469,-0.323760,0.018548,0.030406,0.189188,1.043255,1.000000,0.465717,7.939361
3.460000,0.503463,0.051466,0.407703,0.945497,-0.323679,0.018530,0.030392,0.189203,1.040939,1.000000,0.462513,7.911001
3.465000,0.503413,0.051728,0.407708,0.945525,-0.323599,0.018511,0.030378,0.189217,1.038639,1.000000,0.459350,7.882188
3.470000,0.503363,0.051988,0.407712,0.945553,-0.323520,0.018491,0.030364,0.189233,1.036354,1.000000,0.456253,7.853414
3.475000,0.503312,0.052247,0.407715,0.945581,-0.323440,0.018470,0.030350,0.189247,1.034085,1.000000,0.453223,7.822123
3.480000,0.503261,0.052506,0.407717,0.945609,-0.323361,0.018447,0.030335,0.189264,1.031831,1.000000,0.450376,7.790736
3.485000,0.503210,0.052763,0.407719,0.945637,-0.323283,0.018423,0.030320,0.189278,1.029590,1.000000,0.447670,7.759261
3.490000,0.503158,0.053020,0.407721,0.945665,-0.323205,0.018397,0.030305,0.189294,1.027363,1.000000,0.445073,7.727576
3.495000,0.503106,0.053277,0.407721,0.945692,-0.323127,0.018370,0.030289,0.189309,1.025148,1.000000,0.442580,7.695946
3.500000,0.503054,0.053532,0.407721,0.945720,-0.323050,0.018342,0.030273,0.189322,1.022946,1.000000,0.440120,7.663887
3.505000,0.503001,0.053788,0.407720,0.945747,-0.322973,0.018312,0.030257,0.189337,1.020756,1.000000,0.437726,7.630659
3.510000,0.502948,0.054042,0.407718,0.945774,-0.322896,0.018280,0.030240,0.189351,1.018578,1.000000,0.435426,7.597015
3.515000,0.502895,0.054297,0.407716,0.945802,-0.322820,0.018248,0.030223,0.189366,1.016411,1.000000,0.433229,7.563504
3.520000,0.502840,0.054551,0.407713,0.945829,-0.322744,0.018213,0.030206,0.189380,1.014255,1.000000,0.431098,7.529810
3.525000,0.502786,0.054805,0.407708,0.945856,-0.322669,0.018178,0.030188,0.189395,1.012109,1.000000,0.429037,7.496162
3.530000,0.502730,0.055058,0.407704,0.945883,-0.322594,0.018141,0.030169,0.189409,1.009973,1.000000,0.427027,7.462391
3.535000,0.502674,0.055311,0.407698,0.945909,-0.322519,0.018103,0.030150,0.189425,1.007848,1.000000,0.425061,7.428484
3.540000,0.502617,0.055565,0.407691,0.945936,-0.322445,0.018064,0.030131,0.189439,1.005732,1.000000,0.423159,7.394454
3.545000,0.502559,0.055818,0.407684,0.945963,-0.322371,0.018024,0.030111,0.189455,1.003625,1.000000,0.421320,7.360336
3.550000,0.502500,0.056070,0.407676,0.945989,-0.322298,0.017983,0.030090,0.189469,1.001528,1.000000,0.419541,7.326330
3.555000,0.502440,0.056323,0.407666,0.946015,-0.322225,0.017941,0.030069,0.189482,0.999439,1.000000,0.417787,7.292011
3.560000,0.502380,0.056576,0.407656,0.946042,-0.322152,0.017898,0.030048,0.189497,0.997359,1.000000,0.416082,7.257902
3.565000,0.502318,0.056829,0.407645,0.946068,-0.322080,0.017855,0.030026,0.189510,0.995287,1.000000,0.414396,7.223609
3.570000,0.502256,0.057081,0.407633,0.946094,-0.322007,0.017810,0.030004,0.189525,0.993224,1.000000,0.412746,7.189432
3.575000,0.502192,0.057334,0.407620,0.946120,-0.321936,0.017765,0.029981,0.189538,0.991168,1.000000,0.411131,7.155862
3.580000,0.502127,0.057587,0.407607,0.946146,-0.321864,0.017719,0.029958,0.189553,0.989121,1.000000,0.409526,7.122332
3.585000,0.502061,0.057839,0.407592,0.946172,-0.321794,0.017673,0.029934,0.189566,0.987082,1.000000,0.407928,7.088830
3.590000,0.501994,0.058092,0.407576,0.946197,-0.321723,0.017626,0.029910,0.189581,0.985051,1.000000,0.406330,7.055255
3.595000,0.501926,0.058345,0.407559,0.946223,-0.321653,0.017579,0.029886,0.189595,0.983028,1.000000,0.404743,7.021812
3.600000,0.501856,0.058598,0.407542,0.946248,-0.321583,0.017531,0.029861,0.189607,0.981012,1.000000,0.403145,6.988193
3.605000,0.501785,0.058851,0.407523,0.946273,-0.321514,0.017484,0.029836,0.189621,0.979005,1.000000,0.401565,6.954835
3.610000,0.501713,0.059105,0.407503,0.946298,-0.321445,0.017435,0.029811,0.189634,0.977006,1.000000,0.399994,6.921756
3.615000,0.501640,0.059358,0.407483,0.946323,-0.321376,0.017387,0.029785,0.189648,0.975014,1.000000,0.398435,6.888841
3.620000,0.501565,0.059611,0.407461,0.946348,-0.321308,0.017338,0.029759,0.189660,0.973030,1.000000,0.396872,6.855942
3.625000,0.501489,0.059865,0.407438,0.946373,-0.321241,0.017290,0.029733,0.189675,0.971054,1.000000,0.395311,6.823193
3.630000,0.501411,0.060119,0.407414,0.946397,-0.321174,0.017241,0.029706,0.189688,0.969086,1.000000,0.393740,6.790482
3.635000,0.501332,0.060372,0.407389,0.946422,-0.321107,0.017192,0.029679,0.189702,0.967126,1.000000,0.392154,6.757790
3.640000,0.501252,0.060626,0.407362,0.946446,-0.321041,0.017143,0.029652,0.189715,0.965174,1.000000,0.390562,6.725236
3.645000,0.501170,0.060880,0.407335,0.946470,-0.320975,0.017093,0.029625,0.189727,0.963229,1.000000,0.388985,6.692575
3.650000,0.501086,0.061134,0.407306,0.946494,-0.320910,0.017044,0.029597,0.189740,0.961293,1.000000,0.387456,6.660181
3.655000,0.501001,0.061389,0.407276,0.946518,-0.320845,0.016995,0.029568,0.189752,0.959364,1.000000,0.385926,6.627688
3.660000,0.500914,0.061643,0.407245,0.946541,-0.320781,0.016945,0.029540,0.189765,0.957443,1.000000,0.384402,6.595418
3.665000,0.500825,0.061898,0.407212,0.946564,-0.320717,0.016895,0.029511,0.189777,0.955529,1.000000,0.382862,6.563187
3.670000,0.500735,0.062153,0.407178,0.946588,-0.320654,0.016845,0.029481,0.189791,0.953623,1.000000,0.381312,6.531148
3.675000,0.500643,0.062407,0.407143,0.946611,-0.320592,0.016795,0.029451,0.189803,0.951725,1.000000,0.379780,6.498509
3.680000,0.500549,0.062663,0.407106,0.946633,-0.320530,0.016745,0.029420,0.189817,0.949835,1.000000,0.378319,6.465970
3.685000,0.500453,0.062918,0.407068,0.946656,-0.320469,0.016694,0.029389,0.189829,0.947952,1.000000,0.376888,6.433576
3.690000,0.500355,0.063174,0.407028,0.946678,-0.320409,0.016642,0.029357,0.189843,0.946076,1.000000,0.375457,6.401309
3.695000,0.500255,0.063430,0.406986,0.946700,-0.320349,0.016590,0.029324,0.189855,0.944207,1.000000,0.374013,6.369225
3.700000,0.500153,0.063686,0.406943,0.946722,-0.320291,0.016538,0.029291,0.189866,0.942345,1.000000,0.372529,6.337110
3.705000,0.500049,0.063942,0.406898,0.946744,-0.320233,0.016485,0.029256,0.189879,0.940491,1.000000,0.371019,6.305265
3.710000,0.499943,0.064199,0.406851,0.946765,-0.320176,0.016431,0.029221,0.189890,0.938645,1.000000,0.369473,6.271996
3.715000,0.499835,0.064456,0.406802,0.946786,-0.320119,0.016377,0.029185,0.189903,0.936806,1.000000,0.368012,6.238950
3.720000,0.499725,0.064713,0.406752,0.946807,-0.320064,0.016321,0.029148,0.189914,0.934975,1.000000,0.366573,6.206007
3.725000,0.499612,0.064971,0.406699,0.946827,-0.320010,0.016265,0.029110,0.189927,0.933151,1.000000,0.365129,6.173248
3.730000,0.499497,0.065229,0.406645,0.946848,-0.319956,0.016207,0.029071,0.189938,0.931334,1.000000,0.363660,6.140650
3.735000,0.499379,0.065487,0.406588,0.946867,-0.319904,0.016149,0.029031,0.189951,0.929525,1.000000,0.362154,6.108215
3.740000,0.499259,0.065746,0.406529,0.946887,-0.319852,0.016090,0.028990,0.189963,0.927723,1.000000,0.360606,6.075990
3.745000,0.499137,0.066004,0.406469,0.946906,-0.319802,0.016030,0.028948,0.189973,0.925930,1.000000,0.358984,6.043203
3.750000,0.499012,0.066264,0.406406,0.946926,-0.319752,0.015969,0.028905,0.189985,0.924144,1.000000,0.357353,6.010713
3.755000,0.498884,0.066523,0.406341,0.946944,-0.319704,0.015908,0.028860,0.189996,0.922367,1.000000,0.355681,5.978259
3.760000,0.498754,0.066783,0.406274,0.946963,-0.319656,0.015846,0.028815,0.190007,0.920599,1.000000,0.353974,5.946059
3.765000,0.498622,0.067043,0.406205,0.946981,-0.319609,0.015783,0.028769,0.190018,0.918839,1.000000,0.352221,5.914053
3.770000,0.498487,0.067303,0.406133,0.946999,-0.319564,0.015720,0.028722,0.190030,0.917088,1.000000,0.350426,5.882331
3.775000,0.498350,0.067563,0.406060,0.947017,-0.319519,0.015656,0.028674,0.190041,0.915346,1.000000,0.348582,5.850764
3.780000,0.498210,0.067824,0.405984,0.947034,-0.319475,0.015591,0.028625,0.190053,0.913613,1.000000,0.346709,5.819345
3.785000,0.498067,0.068085,0.405906,0.947051,-0.319431,0.015527,0.028576,0.190064,0.911890,1.000000,0.344766,5.788154
3.790000,0.497923,0.068345,0.405827,0.947068,-0.319389,0.015463,0.028526,0.190074,0.910177,1.000000,0.342758,5.757086
3.795000,0.497775,0.068606,0.405745,0.947085,-0.319347,0.015399,0.028475,0.190085,0.908474,1.000000,0.340717,5.726347
3.800000,0.497626,0.068867,0.405662,0.947101,-0.319306,0.015335,0.028424,0.190095,0.906781,1.000000,0.338626,5.695664
3.805000,0.497474,0.069128,0.405577,0.947117,-0.319266,0.015271,0.028372,0.190106,0.905099,1.000000,0.336510,5.665282
3.810000,0.497320,0.069388,0.405490,0.947133,-0.319226,0.015208,0.028320,0.190116,0.903428,1.000000,0.334363,5.635047
3.815000,0.497164,0.069649,0.405401,0.947149,-0.319186,0.015146,0.028268,0.190127,0.901767,1.000000,0.332207,5.603958
3.820000,0.497005,0.069910,0.405310,0.947165,-0.319148,0.015084,0.028215,0.190137,0.900117,1.000000,0.330051,5.573063
3.825000,0.496844,0.070170,0.405218,0.947180,-0.319109,0.015024,0.028162,0.190149,0.898478,1.000000,0.327895,5.542400
3.830000,0.496680,0.070431,0.405125,0.947196,-0.319071,0.014964,0.028109,0.190159,0.896850,1.000000,0.325742,5.511962
3.835000,0.496515,0.070691,0.405030,0.947211,-0.319034,0.014905,0.028055,0.190170,0.895233,1.000000,0.323579,5.481618
3.840000,0.496347,0.070952,0.404934,0.947226,-0.318997,0.014847,0.028002,0.190180,0.893626,1.000000,0.321421,5.451553
3.845000,0.496177,0.071212,0.404836,0.947240,-0.318960,0.014790,0.027948,0.190189,0.892031,1.000000,0.319223,5.419922
3.850000,0.496004,0.071473,0.404737,0.947255,-0.318924,0.014734,0.027893,0.190200,0.890446,1.000000,0.317105,5.388614
3.855000,0.495830,0.071733,0.404637,0.947270,-0.318889,0.014679,0.027838,0.190209,0.888872,1.000000,0.315021,5.357376
3.860000,0.495652,0.071993,0.404536,0.947284,-0.318853,0.014624,0.027783,0.190219,0.887308,1.000000,0.312966,5.326390
3.865000,0.495473,0.072254,0.404433,0.947298,-0.318819,0.014571,0.027727,0.190229,0.885754,1.000000,0.310923,5.295575
3.870000,0.495291,0.072515,0.404330,0.947312,-0.318784,0.014518,0.027670,0.190239,0.884211,1.000000,0.308887,5.264977
3.875000,0.495106,0.072775,0.404225,0.947326,-0.318751,0.014467,0.027613,0.190249,0.882678,1.000000,0.306854,5.234637
3.880000,0.494920,0.073036,0.404120,0.947339,-0.318718,0.014416,0.027556,0.190259,0.881155,1.000000,0.304838,5.202718
3.885000,0.494730,0.073297,0.404013,0.947353,-0.318685,0.014367,0.027497,0.190268,0.879642,1.000000,0.302896,5.171084
3.890000,0.494539,0.073558,0.403906,0.947366,-0.318653,0.014318,0.027438,0.190277,0.878139,1.000000,0.300976,5.139443
3.895000,0.494344,0.073819,0.403798,0.947379,-0.318621,0.014270,0.027377,0.190293,0.876645,1.000000,0.299104,5.108324
3.900000,0.494147,0.074081,0.403689,0.947392,-0.318590,0.014222,0.027316,0.190307,0.875160,1.000000,0.297238,5.077322
3.905000,0.493948,0.074343,0.403580,0.947405,-0.318560,0.014176,0.027254,0.190322,0.873685,1.000000,0.295383,5.046630
3.910000,0.493746,0.074605,0.403470,0.947417,-0.318531,0.014130,0.027190,0.190336,0.872219,1.000000,0.293522,5.016152
3.915000,0.493542,0.074867,0.403360,0.947429,-0.318502,0.014085,0.027125,0.190351,0.870762,1.000000,0.291707,4.984623
3.920000,0.493335,0.075129,0.403249,0.947441,-0.318473,0.014041,0.027059,0.190364,0.869315,1.000000,0.289916,4.953241
3.925000,0.493125,0.075392,0.403138,0.947453,-0.318446,0.013998,0.026992,0.190378,0.867876,1.000000,0.288129,4.921934
3.930000,0.492913,0.075655,0.403026,0.947465,-0.318419,0.013956,0.026923,0.190391,0.866446,1.000000,0.286352,4.890886
3.935000,0.492699,0.075918,0.402915,0.947476,-0.318393,0.013914,0.026853,0.190402,0.865025,1.000000,0.284555,4.859846
3.940000,0.492481,0.076182,0.402803,0.947488,-0.318367,0.013874,0.026781,0.190415,0.863614,1.000000,0.282760,4.829171
3.945000,0.492262,0.076446,0.402692,0.947498,-0.318343,0.013834,0.026707,0.190426,0.862211,1.000000,0.280945,4.798681
3.950000,0.492039,0.076709,0.402580,0.947509,-0.318319,0.013795,0.026632,0.190438,0.860818,1.000000,0.279091,4.767464
3.955000,0.491814,0.076974,0.402469,0.947520,-0.318296,0.013757,0.026555,0.190449,0.859434,1.000000,0.277250,4.736244
3.960000,0.491587,0.077238,0.402358,0.947530,-0.318274,0.013719,0.026475,0.190461,0.858059,1.000000,0.275412,4.705191
3.965000,0.491356,0.077503,0.402247,0.947540,-0.318253,0.013681,0.026393,0.190472,0.856693,1.000000,0.273559,4.674333
3.970000,0.491123,0.077768,0.402136,0.947549,-0.318233,0.013644,0.026309,0.190484,0.855337,1.000000,0.271678,4.643681
3.975000,0.490887,0.078033,0.402025,0.947558,-0.318214,0.013607,0.026223,0.190494,0.853990,1.000000,0.269768,4.613269
3.980000,0.490648,0.078299,0.401915,0.947567,-0.318197,0.013570,0.026134,0.190506,0.852653,1.000000,0.267803,4.582853
3.985000,0.490407,0.078564,0.401805,0.947576,-0.318180,0.013534,0.026042,0.190516,0.851327,1.000000,0.265773,4.552366
3.990000,0.490163,0.078830,0.401696,0.947584,-0.318165,0.013498,0.025948,0.190526,0.850010,1.000000,0.263697,4.521950
3.995000,0.489916,0.079095,0.401586,0.947592,-0.318151,0.013462,0.025851,0.190536,0.848704,1.000000,0.261587,4.491860
4.000000,0.489666,0.079361,0.401478,0.947599,-0.318138,0.013425,0.025751,0.190546,0.847409,1.000000,0.259409,4.461733
4.005000,0.489413,0.079626,0.401369,0.947607,-0.318127,0.013389,0.025647,0.190556,0.846126,1.000000,0.257121,4.431819
4.010000,0.489158,0.079891,0.401262,0.947613,-0.318117,0.013352,0.025542,0.190566,0.844853,1.000000,0.254743,4.402088
4.015000,0.488899,0.080156,0.401154,0.947619,-0.318110,0.013315,0.025434,0.190576,0.843594,1.000000,0.252269,4.371788
4.020000,0.488636,0.080420,0.401048,0.947625,-0.318104,0.013276,0.025324,0.190586,0.842346,1.000000,0.249830,4.341664
4.025000,0.488370,0.080683,0.400942,0.947629,-0.318100,0.013236,0.025212,0.190596,0.841111,1.000000,0.247446,4.311585
4.030000,0.488101,0.080945,0.400836,0.947633,-0.318099,0.013195,0.025099,0.190606,0.839887,1.000000,0.245147,4.281778
4.035000,0.487827,0.081206,0.400731,0.947637,-0.318099,0.013152,0.024985,0.190614,0.838675,1.000000,0.242881,4.251740
4.040000,0.487550,0.081465,0.400627,0.947640,-0.318101,0.013108,0.024868,0.190624,0.837474,1.000000,0.240687,4.222050
4.045000,0.487268,0.081724,0.400524,0.947643,-0.318104,0.013061,0.024751,0.190633,0.836284,1.000000,0.238530,4.192444
4.050000,0.486983,0.081980,0.400422,0.947645,-0.318109,0.013013,0.024632,0.190643,0.835105,1.000000,0.236313,4.162424
4.055000,0.486694,0.082235,0.400320,0.947646,-0.318116,0.012963,0.024512,0.190652,0.833937,1.000000,0.234080,4.132412
4.060000,0.486400,0.082488,0.400220,0.947647,-0.318125,0.012911,0.024390,0.190662,0.832780,1.000000,0.231868,4.102513
4.065000,0.486102,0.082739,0.400120,0.947648,-0.318135,0.012857,0.024268,0.190671,0.831634,1.000000,0.229686,4.072672
4.070000,0.485799,0.082988,0.400022,0.947648,-0.318147,0.012800,0.024144,0.190681,0.830499,1.000000,0.227517,4.042759
4.075000,0.485492,0.083234,0.399924,0.947647,-0.318160,0.012742,0.024019,0.190690,0.829375,1.000000,0.225386,4.013088
4.080000,0.485181,0.083478,0.399828,0.947646,-0.318174,0.012681,0.023893,0.190698,0.828262,1.000000,0.223264,3.983449
4.085000,0.484865,0.083719,0.399733,0.947645,-0.318190,0.012618,0.023766,0.190708,0.827159,1.000000,0.221092,3.955052
4.090000,0.484545,0.083958,0.399639,0.947643,-0.318207,0.012553,0.023638,0.190716,0.826067,1.000000,0.218772,3.926424
4.095000,0.484220,0.084193,0.399547,0.947641,-0.318227,0.012485,0.023508,0.190726,0.824989,1.000000,0.215640,3.898001
4.100000,0.483890,0.084425,0.399455,0.947637,-0.318250,0.012416,0.023378,0.190735,0.823930,1.000000,0.211755,3.869442
4.105000,0.483556,0.084654,0.399366,0.947632,-0.318279,0.012344,0.023246,0.190745,0.822891,1.000000,0.207480,3.840976
4.110000,0.483218,0.084879,0.399277,0.947625,-0.318312,0.012271,0.023112,0.190754,0.821874,1.000000,0.202996,3.812590
4.115000,0.482876,0.085102,0.399190,0.947616,-0.318350,0.012196,0.022976,0.190764,0.820880,1.000000,0.198399,3.784276
4.120000,0.482529,0.085322,0.399104,0.947606,-0.318393,0.012120,0.022838,0.190773,0.819909,1.000000,0.193724,3.758121
4.125000,0.482179,0.085538,0.399019,0.947594,-0.318442,0.012042,0.022698,0.190783,0.818961,1.000000,0.188809,3.731818
4.130000,0.481825,0.085750,0.398936,0.947580,-0.318496,0.011963,0.022556,0.190793,0.818039,1.000000,0.183762,3.705712
4.135000,0.481468,0.085960,0.398854,0.947565,-0.318555,0.011883,0.022411,0.190801,0.817143,1.000000,0.178584,3.679300
4.140000,0.481107,0.086165,0.398774,0.947547,-0.318620,0.011801,0.022265,0.190810,0.816273,1.000000,0.173353,3.653134
4.145000,0.480743,0.086367,0.398695,0.947528,-0.318690,0.011719,0.022116,0.190819,0.815429,1.000000,0.168046,3.626750
4.150000,0.480379,0.086576,0.398622,0.947515,-0.318748,0.011595,0.021929,0.190829,0.814518,1.000000,0.191564,3.600499
4.155000,0.480020,0.086789,0.398560,0.947507,-0.318793,0.011426,0.021701,0.190837,0.813533,1.000000,0.201343,3.577821
4.160000,0.479663,0.087001,0.398511,0.947500,-0.318836,0.011236,0.021455,0.190847,0.812526,1.000000,0.202901,3.555288
4.165000,0.479308,0.087205,0.398475,0.947493,-0.318883,0.011038,0.021203,0.190856,0.811527,1.000000,0.199346,3.532820
4.170000,0.478955,0.087402,0.398451,0.947483,-0.318936,0.010841,0.020951,0.190866,0.810555,1.000000,0.192746,3.510212
4.175000,0.478601,0.087589,0.398435,0.947469,-0.318998,0.010647,0.020703,0.190876,0.809621,1.000000,0.185006,3.487735
4.180000,0.478248,0.087767,0.398427,0.947453,-0.319070,0.010458,0.020458,0.190884,0.808727,1.000000,0.176808,3.464959
4.185000,0.477893,0.087937,0.398427,0.947432,-0.319151,0.010276,0.020218,0.190893,0.807873,1.000000,0.168578,3.444810
4.190000,0.477538,0.088098,0.398433,0.947409,-0.319243,0.010100,0.019983,0.190902,0.807061,1.000000,0.160204,3.424269
4.195000,0.477180,0.088251,0.398445,0.947381,-0.319344,0.009930,0.019751,0.190911,0.806291,1.000000,0.151863,3.403811
4.200000,0.476821,0.088396,0.398462,0.947350,-0.319455,0.009765,0.019524,0.190920,0.805562,1.000000,0.143590,3.383149
4.205000,0.476460,0.088533,0.398483,0.947315,-0.319576,0.009605,0.019298,0.190930,0.804874,1.000000,0.135421,3.362478
4.210000,0.476097,0.088663,0.398508,0.947278,-0.319706,0.009449,0.019075,0.190939,0.804227,1.000000,0.127355,3.341754
4.215000,0.475732,0.088786,0.398536,0.947237,-0.319845,0.009296,0.018854,0.190948,0.803620,1.000000,0.119378,3.320922
4.220000,0.475366,0.088901,0.398566,0.947192,-0.319993,0.009146,0.018633,0.190957,0.803052,1.000000,0.111503,3.303429
4.225000,0.474998,0.089009,0.398599,0.947145,-0.320149,0.008999,0.018414,0.190967,0.802524,1.000000,0.103492,3.285710
4.230000,0.474628,0.089109,0.398634,0.947095,-0.320314,0.008854,0.018195,0.190977,0.802036,1.000000,0.095418,3.268160
4.235000,0.474257,0.089203,0.398671,0.947042,-0.320488,0.008712,0.017977,0.190985,0.801589,1.000000,0.087268,3.250272
4.240000,0.473886,0.089289,0.398709,0.946986,-0.320669,0.008572,0.017759,0.190994,0.801182,1.000000,0.079098,3.232581
4.245000,0.473513,0.089367,0.398748,0.946927,-0.320858,0.008433,0.017542,0.191002,0.800817,1.000000,0.070895,3.214703
4.250000,0.473139,0.089438,0.398788,0.946866,-0.321055,0.008296,0.017324,0.191012,0.800492,1.000000,0.062689,3.196925
4.255000,0.472765,0.089502,0.398829,0.946802,-0.321259,0.008161,0.017106,0.191020,0.800208,1.000000,0.054520,3.181807
4.260000,0.472390,0.089559,0.398870,0.946735,-0.321471,0.008028,0.016887,0.191030,0.799965,1.000000,0.046209,3.166674
4.265000,0.472015,0.089608,0.398911,0.946665,-0.321691,0.007896,0.016669,0.191039,0.799764,1.000000,0.037808,3.151600
4.270000,0.471640,0.089649,0.398953,0.946593,-0.321917,0.007766,0.016450,0.191048,0.799606,1.000000,0.029331,3.136431
4.275000,0.471265,0.089683,0.398994,0.946518,-0.322151,0.007638,0.016230,0.191057,0.799490,1.000000,0.020835,3.121457
4.280000,0.470890,0.089709,0.399035,0.946441,-0.322391,0.007512,0.016010,0.191065,0.799416,1.000000,0.012332,3.106261
4.285000,0.470515,0.089728,0.399076,0.946362,-0.322638,0.007387,0.015790,0.191074,0.799385,1.000000,0.003846,3.091331
4.290000,0.470141,0.089739,0.399117,0.946280,-0.322892,0.007264,0.015568,0.191082,0.799394,1.000000,-0.004775,3.077448
4.295000,0.469768,0.089743,0.399157,0.946195,-0.323153,0.007143,0.015346,0.191091,0.799438,1.000000,-0.013479,3.063787
4.300000,0.469395,0.089739,0.399196,0.946109,-0.323420,0.007024,0.015124,0.191100,0.799517,1.000000,-0.022231,3.050125
4.305000,0.469023,0.089727,0.399235,0.946019,-0.323693,0.006907,0.014900,0.191109,0.799631,1.000000,-0.030997,3.036600
4.310000,0.468651,0.089708,0.399272,0.945928,-0.323973,0.006792,0.014676,0.191117,0.799780,1.000000,-0.039753,3.023182
4.315000,0.468281,0.089681,0.399309,0.945834,-0.324259,0.006679,0.014451,0.191127,0.799964,1.000000,-0.048481,3.009822
4.320000,0.467912,0.089646,0.399345,0.945738,-0.324552,0.006567,0.014225,0.191135,0.800183,1.000000,-0.057156,2.996679
4.325000,0.467544,0.089604,0.399381,0.945640,-0.324850,0.006458,0.013998,0.191145,0.800437,1.000000,-0.065871,2.985337
4.330000,0.467177,0.089555,0.399415,0.945540,-0.325154,0.006352,0.013770,0.191153,0.800725,1.000000,-0.074619,2.974271
4.335000,0.466812,0.089497,0.399448,0.945437,-0.325463,0.006248,0.013541,0.191161,0.801049,1.000000,-0.083360,2.963053
4.340000,0.466448,0.089432,0.399481,0.945332,-0.325779,0.006146,0.013312,0.191170,0.801407,1.000000,-0.092060,2.952105
4.345000,0.466086,0.089360,0.399512,0.945225,-0.326100,0.006048,0.013081,0.191177,0.801800,1.000000,-0.100704,2.941200
4.350000,0.465726,0.089280,0.399543,0.945117,-0.326426,0.005952,0.012849,0.191186,0.802227,1.000000,-0.109260,2.930497
4.355000,0.465368,0.089192,0.399572,0.945006,-0.326758,0.005859,0.012616,0.191194,0.802689,1.000000,-0.117875,2.921724
4.360000,0.465011,0.089097,0.399601,0.944893,-0.327095,0.005770,0.012382,0.191203,0.803185,1.000000,-0.126496,2.913116
4.365000,0.464657,0.088994,0.399629,0.944778,-0.327437,0.005684,0.012148,0.191211,0.803715,1.000000,-0.135059,2.904672
4.370000,0.464305,0.088884,0.399656,0.944661,-0.327784,0.005601,0.011912,0.191220,0.804280,1.000000,-0.143527,2.896235
4.375000,0.463955,0.088767,0.399683,0.944542,-0.328136,0.005522,0.011675,0.191228,0.804878,1.000000,-0.151879,2.888034
4.380000,0.463608,0.088642,0.399708,0.944422,-0.328492,0.005448,0.011437,0.191235,0.805509,1.000000,-0.160118,2.879894
4.385000,0.463263,0.088510,0.399733,0.944299,-0.328853,0.005376,0.011198,0.191244,0.806172,1.000000,-0.168199,2.872025
4.390000,0.462920,0.088371,0.399757,0.944175,-0.329218,0.005309,0.010958,0.191251,0.806869,1.000000,-0.176363,2.866352
4.395000,0.462580,0.088225,0.399781,0.944050,-0.329587,0.005245,0.010717,0.191259,0.807597,1.000000,-0.184461,2.860919
4.400000,0.462242,0.088072,0.399804,0.943922,-0.329961,0.005186,0.010475,0.191267,0.808358,1.000000,-0.192468,2.855723
4.405000,0.461907,0.087911,0.399826,0.943793,-0.330338,0.005131,0.010232,0.191275,0.809151,1.000000,-0.200356,2.850810
4.410000,0.461574,0.087744,0.399847,0.943663,-0.330720,0.005080,0.009988,0.191283,0.809974,1.000000,-0.208084,2.846067
4.415000,0.461245,0.087571,0.399868,0.943530,-0.331105,0.005032,0.009743,0.191291,0.810829,1.000000,-0.215635,2.841408
4.420000,0.460917,0.087391,0.399888,0.943397,-0.331493,0.004989,0.009497,0.191299,0.811712,1.000000,-0.223014,2.837041
4.425000,0.460592,0.087204,0.399908,0.943262,-0.331885,0.004950,0.009250,0.191306,0.812625,1.000000,-0.230298,2.834175
4.430000,0.460270,0.087012,0.399927,0.943125,-0.332280,0.004914,0.009002,0.191314,0.813567,1.000000,-0.237453,2.831649
4.435000,0.459951,0.086813,0.399946,0.942987,-0.332678,0.004882,0.008753,0.191321,0.814537,1.000000,-0.244443,2.829214
4.440000,0.459634,0.086608,0.399963,0.942848,-0.333080,0.004854,0.008503,0.191328,0.815535,1.000000,-0.251272,2.827097
4.445000,0.459320,0.086397,0.399981,0.942707,-0.333484,0.004830,0.008253,0.191335,0.816560,1.000000,-0.257950,2.825308
4.450000,0.459008,0.086181,0.399997,0.942566,-0.333890,0.004809,0.008001,0.191343,0.817611,1.000000,-0.264464,2.823888
4.455000,0.458699,0.085959,0.400013,0.942423,-0.334300,0.004791,0.007749,0.191351,0.818687,1.000000,-0.270791,2.822713
4.460000,0.458392,0.085732,0.400029,0.942279,-0.334712,0.004776,0.007495,0.191358,0.819788,1.000000,-0.276870,2.822686
4.465000,0.458088,0.085500,0.400044,0.942134,-0.335126,0.004765,0.007241,0.191366,0.820913,1.000000,-0.282802,2.822961
4.470000,0.457787,0.085263,0.400058,0.941987,-0.335542,0.004757,0.006987,0.191374,0.822061,1.000000,-0.288582,2.823501
4.475000,0.457488,0.085021,0.400072,0.941840,-0.335960,0.004752,0.006731,0.191381,0.823232,1.000000,-0.294200,2.824376
4.480000,0.457191,0.084774,0.400085,0.941692,-0.336380,0.004750,0.006476,0.191387,0.824425,1.000000,-0.299672,2.825587
4.485000,0.456897,0.084523,0.400098,0.941543,-0.336802,0.004750,0.006219,0.191394,0.825640,1.000000,-0.304982,2.827172
4.490000,0.456606,0.084268,0.400109,0.941393,-0.337225,0.004753,0.005962,0.191401,0.826875,1.000000,-0.310124,2.829043
4.495000,0.456317,0.084008,0.400121,0.941242,-0.337651,0.004759,0.005705,0.191408,0.828131,1.000000,-0.315091,2.831528
4.500000,0.456030,0.083745,0.400132,0.941091,-0.338077,0.004767,0.005448,0.191415,0.829406,1.000000,-0.319920,2.834197
4.505000,0.455746,0.083477,0.400142,0.940938,-0.338505,0.004777,0.005190,0.191422,0.830700,1.000000,-0.324605,2.837070
4.510000,0.455464,0.083206,0.400152,0.940785,-0.338934,0.004791,0.004932,0.191428,0.832012,1.000000,-0.329161,2.840306
4.515000,0.455184,0.082931,0.400162,0.940631,-0.339364,0.004806,0.004674,0.191436,0.833343,1.000000,-0.333600,2.843977
4.520000,0.454907,0.082652,0.400171,0.940477,-0.339795,0.004824,0.004416,0.191442,0.834690,1.000000,-0.337896,2.847981
4.525000,0.454632,0.082370,0.400180,0.940322,-0.340227,0.004845,0.004159,0.191448,0.836054,1.000000,-0.341881,2.850247
4.530000,0.454360,0.082085,0.400189,0.940166,-0.340659,0.004868,0.003901,0.191455,0.837434,1.000000,-0.345686,2.852852
4.535000,0.454091,0.081796,0.400197,0.940010,-0.341092,0.004894,0.003644,0.191461,0.838826,1.000000,-0.348530,2.855844
4.540000,0.453823,0.081505,0.400205,0.939855,-0.341521,0.004922,0.003387,0.191468,0.840228,1.000000,-0.350515,2.859192
4.545000,0.453558,0.081210,0.400214,0.939701,-0.341947,0.004952,0.003131,0.191474,0.841637,1.000000,-0.351961,2.862858
4.550000,0.453294,0.080912,0.400222,0.939548,-0.342368,0.004985,0.002877,0.191480,0.843050,1.000000,-0.352950,2.866864
4.555000,0.453032,0.080610,0.400230,0.939397,-0.342784,0.005018,0.002623,0.191486,0.844466,1.000000,-0.353629,2.871099
4.560000,0.452771,0.080306,0.400239,0.939247,-0.343196,0.005051,0.002372,0.191493,0.845884,1.000000,-0.353888,2.874335
4.565000,0.452510,0.079998,0.400248,0.939099,-0.343601,0.005085,0.002122,0.191499,0.847302,1.000000,-0.354035,2.877870
4.570000,0.452251,0.079687,0.400256,0.938953,-0.344001,0.005119,0.001874,0.191506,0.848721,1.000000,-0.354060,2.881812
4.575000,0.451991,0.079373,0.400265,0.938809,-0.344396,0.005153,0.001627,0.191512,0.850139,1.000000,-0.353879,2.886043
4.580000,0.451731,0.079056,0.400274,0.938667,-0.344784,0.005186,0.001382,0.191517,0.851557,1.000000,-0.353599,2.890589
4.585000,0.451470,0.078737,0.400282,0.938527,-0.345166,0.005219,0.001139,0.191523,0.852973,1.000000,-0.353285,2.895448
4.590000,0.451208,0.078416,0.400289,0.938388,-0.345541,0.005250,0.000897,0.191529,0.854388,1.000000,-0.352949,2.900386
4.595000,0.450945,0.078093,0.400296,0.938252,-0.345911,0.005281,0.000656,0.191535,0.855801,1.000000,-0.352509,2.905200
4.600000,0.450681,0.077767,0.400303,0.938118,-0.346275,0.005310,0.000416,0.191540,0.857213,1.000000,-0.352109,2.910370
4.605000,0.450415,0.077440,0.400309,0.937986,-0.346632,0.005339,0.000178,0.191546,0.858623,1.000000,-0.351764,2.915951
4.610000,0.450148,0.077112,0.400315,0.937856,-0.346984,0.005367,-0.000060,0.191552,0.860032,1.000000,-0.351455,2.921742
4.615000,0.449879,0.076781,0.400321,0.937727,-0.347330,0.005395,-0.000295,0.191558,0.861440,1.000000,-0.351197,2.927564
4.620000,0.449608,0.076449,0.400327,0.937601,-0.347671,0.005422,-0.000530,0.191563,0.862846,1.000000,-0.351036,2.933643
4.625000,0.449336,0.076115,0.400333,0.937476,-0.348006,0.005450,-0.000763,0.191568,0.864253,1.000000,-0.350992,2.940204
4.630000,0.449063,0.075780,0.400340,0.937353,-0.348336,0.005477,-0.000994,0.191573,0.865659,1.000000,-0.350759,2.945863
4.635000,0.448788,0.075442,0.400348,0.937232,-0.348660,0.005505,-0.001224,0.191578,0.867064,1.000000,-0.350562,2.951549
4.640000,0.448512,0.075103,0.400356,0.937113,-0.348980,0.005534,-0.001452,0.191584,0.868468,1.000000,-0.350420,2.957388
4.645000,0.448235,0.074762,0.400365,0.936995,-0.349294,0.005563,-0.001678,0.191589,0.869872,1.000000,-0.350350,2.963527
4.650000,0.447957,0.074419,0.400375,0.936879,-0.349604,0.005593,-0.001903,0.191594,0.871276,1.000000,-0.350351,2.969983
4.655000,0.447678,0.074074,0.400387,0.936765,-0.349908,0.005624,-0.002125,0.191599,0.872680,1.000000,-0.350395,2.976565
4.660000,0.447399,0.073728,0.400399,0.936652,-0.350208,0.005656,-0.002346,0.191604,0.874084,1.000000,-0.350468,2.983138
4.665000,0.447118,0.073379,0.400413,0.936541,-0.350503,0.005690,-0.002565,0.191609,0.875488,1.000000,-0.350497,2.990756
4.670000,0.446837,0.073030,0.400429,0.936431,-0.350794,0.005725,-0.002782,0.191614,0.876893,1.000000,-0.350608,2.998823
4.675000,0.446555,0.072678,0.400445,0.936323,-0.351080,0.005761,-0.002997,0.191619,0.878298,1.000000,-0.350763,3.007073
4.680000,0.446273,0.072325,0.400464,0.936216,-0.351363,0.005799,-0.003210,0.191623,0.879704,1.000000,-0.350976,3.015452
4.685000,0.445991,0.071970,0.400483,0.936111,-0.351640,0.005838,-0.003420,0.191628,0.881111,1.000000,-0.351310,3.024002
4.690000,0.445709,0.071613,0.400504,0.936007,-0.351914,0.005880,-0.003628,0.191633,0.882520,1.000000,-0.351720,3.032541
4.695000,0.445427,0.071254,0.400527,0.935904,-0.352184,0.005924,-0.003833,0.191638,0.883931,1.000000,-0.352347,3.043563
4.700000,0.445145,0.070894,0.400552,0.935803,-0.352449,0.005970,-0.004036,0.191642,0.885344,1.000000,-0.353087,3.054828
4.705000,0.444864,0.070531,0.400577,0.935703,-0.352711,0.006019,-0.004235,0.191647,0.886761,1.000000,-0.353914,3.066443
4.710000,0.444584,0.070166,0.400605,0.935605,-0.352969,0.006071,-0.004431,0.191651,0.888182,1.000000,-0.354786,3.078171
4.715000,0.444304,0.069799,0.400633,0.935508,-0.353223,0.006126,-0.004625,0.191655,0.889606,1.000000,-0.355663,3.089760
4.720000,0.444025,0.069430,0.400663,0.935412,-0.353474,0.006183,-0.004815,0.191660,0.891033,1.000000,-0.356571,3.101503
4.725000,0.443747,0.069060,0.400694,0.935317,-0.353721,0.006243,-0.005002,0.191664,0.892465,1.000000,-0.357527,3.113622
4.730000,0.443470,0.068687,0.400726,0.935223,-0.353964,0.006305,-0.005187,0.191668,0.893899,1.000000,-0.358329,3.125269
4.735000,0.443194,0.068313,0.400760,0.935131,-0.354204,0.006370,-0.005368,0.191672,0.895337,1.000000,-0.359172,3.137065
4.740000,0.442920,0.067936,0.400794,0.935040,-0.354440,0.006438,-0.005546,0.191677,0.896778,1.000000,-0.360046,3.149014
4.745000,0.442647,0.067558,0.400829,0.934950,-0.354673,0.006508,-0.005722,0.191681,0.898223,1.000000,-0.360927,3.160944
4.750000,0.442376,0.067178,0.400865,0.934861,-0.354903,0.006580,-0.005894,0.191685,0.899671,1.000000,-0.361802,3.172800
4.755000,0.442106,0.066796,0.400902,0.934774,-0.355129,0.006656,-0.006064,0.191689,0.901123,1.000000,-0.362690,3.184824
4.760000,0.441838,0.066412,0.400940,0.934687,-0.355352,0.006733,-0.006231,0.191694,0.902579,1.000000,-0.363604,3.197215
4.765000,0.441572,0.066027,0.400979,0.934602,-0.355572,0.006813,-0.006395,0.191698,0.904038,1.000000,-0.364534,3.210447
4.770000,0.441308,0.065641,0.401018,0.934518,-0.355789,0.006895,-0.006556,0.191701,0.905501,1.000000,-0.365504,3.223817
4.775000,0.441046,0.065252,0.401057,0.934435,-0.356003,0.006979,-0.006714,0.191705,0.906968,1.000000,-0.366499,3.237320
4.780000,0.440787,0.064862,0.401097,0.934352,-0.356214,0.007066,-0.006869,0.191709,0.908439,1.000000,-0.367481,3.250747
4.785000,0.440529,0.064471,0.401138,0.934271,-0.356422,0.007155,-0.007021,0.191713,0.909914,1.000000,-0.368458,3.264217
4.790000,0.440275,0.064078,0.401179,0.934191,-0.356628,0.007246,-0.007171,0.191716,0.911392,1.000000,-0.369449,3.277962
4.795000,0.440022,0.063683,0.401220,0.934112,-0.356830,0.007339,-0.007317,0.191720,0.912875,1.000000,-0.370448,3.292006
4.800000,0.439773,0.063287,0.401262,0.934033,-0.357031,0.007433,-0.007461,0.191724,0.914363,1.000000,-0.371825,3.310584
4.805000,0.439525,0.062889,0.401303,0.933956,-0.357229,0.007530,-0.007602,0.191728,0.915857,1.000000,-0.373268,3.329245
4.810000,0.439281,0.062490,0.401345,0.933879,-0.357424,0.007628,-0.007739,0.191731,0.917357,1.000000,-0.374747,3.348017
4.815000,0.439039,0.062089,0.401386,0.933803,-0.357618,0.007727,-0.007873,0.191734,0.918863,1.000000,-0.376218,3.366657
4.820000,0.438800,0.061687,0.401428,0.933727,-0.357810,0.007827,-0.008004,0.191738,0.920374,1.000000,-0.377705,3.385418
4.825000,0.438563,0.061283,0.401469,0.933653,-0.357999,0.007929,-0.008131,0.191741,0.921892,1.000000,-0.379222,3.404523
4.830000,0.438329,0.060877,0.401510,0.933579,-0.358187,0.008031,-0.008256,0.191745,0.923415,1.000000,-0.380753,3.423815
4.835000,0.438098,0.060470,0.401550,0.933505,-0.358373,0.008134,-0.008377,0.191748,0.924946,1.000000,-0.382415,3.445316
4.840000,0.437870,0.060061,0.401590,0.933433,-0.358557,0.008237,-0.008495,0.191752,0.926483,1.000000,-0.384129,3.466798
4.845000,0.437644,0.059650,0.401630,0.933361,-0.358740,0.008342,-0.008609,0.191755,0.928027,1.000000,-0.385900,3.488474
4.850000,0.437422,0.059237,0.401669,0.933289,-0.358921,0.008446,-0.008720,0.191758,0.929578,1.000000,-0.387724,3.510460
4.855000,0.437202,0.058823,0.401707,0.933218,-0.359100,0.008551,-0.008828,0.191761,0.931137,1.000000,-0.389572,3.532526
4.860000,0.436985,0.058406,0.401744,0.933148,-0.359278,0.008656,-0.008932,0.191764,0.932703,1.000000,-0.391417,3.554476
4.865000,0.436771,0.057988,0.401780,0.933078,-0.359454,0.008761,-0.009033,0.191768,0.934276,1.000000,-0.393412,3.578517
4.870000,0.436560,0.057568,0.401816,0.933009,-0.359629,0.008867,-0.009131,0.191770,0.935859,1.000000,-0.395515,3.602923
4.875000,0.436353,0.057145,0.401850,0.932940,-0.359803,0.008972,-0.009225,0.191774,0.937449,1.000000,-0.397684,3.627483
4.880000,0.436148,0.056721,0.401883,0.932871,-0.359975,0.009077,-0.009315,0.191777,0.939049,1.000000,-0.399899,3.652146
4.885000,0.435947,0.056294,0.401915,0.932803,-0.360146,0.009182,-0.009402,0.191780,0.940657,1.000000,-0.402154,3.676919
4.890000,0.435748,0.055866,0.401946,0.932736,-0.360317,0.009286,-0.009486,0.191783,0.942275,1.000000,-0.404433,3.701683
4.895000,0.435553,0.055435,0.401976,0.932668,-0.360486,0.009391,-0.009566,0.191786,0.943902,1.000000,-0.406729,3.726382
4.900000,0.435361,0.055002,0.402004,0.932602,-0.360654,0.009494,-0.009643,0.191789,0.945538,1.000000,-0.409229,3.753305
4.905000,0.435173,0.054567,0.402030,0.932535,-0.360821,0.009597,-0.009717,0.191792,0.947185,1.000000,-0.411835,3.780584
4.910000,0.434987,0.054130,0.402056,0.932469,-0.360987,0.009699,-0.009787,0.191795,0.948843,1.000000,-0.414499,3.807950
4.915000,0.434805,0.053690,0.402079,0.932403,-0.361153,0.009800,-0.009853,0.191797,0.950511,1.000000,-0.417185,3.835157
4.920000,0.434626,0.053249,0.402101,0.932338,-0.361318,0.009900,-0.009916,0.191800,0.952190,1.000000,-0.419916,3.862436
4.925000,0.434450,0.052804,0.402121,0.932272,-0.361482,0.009999,-0.009976,0.191803,0.953881,1.000000,-0.422707,3.890005
4.930000,0.434278,0.052358,0.402140,0.932207,-0.361645,0.010097,-0.010033,0.191805,0.955582,1.000000,-0.425544,3.917753
4.935000,0.434108,0.051909,0.402156,0.932142,-0.361808,0.010193,-0.010086,0.191808,0.957296,1.000000,-0.428562,3.947230
4.940000,0.433942,0.051458,0.402171,0.932078,-0.361971,0.010287,-0.010136,0.191811,0.959021,1.000000,-0.431644,3.976621
4.945000,0.433779,0.051005,0.402184,0.932013,-0.362133,0.010380,-0.010182,0.191813,0.960760,1.000000,-0.434798,4.006161
4.950000,0.433619,0.050549,0.402194,0.931949,-0.362294,0.010472,-0.010225,0.191816,0.962511,1.000000,-0.438029,4.036028
4.955000,0.433463,0.050091,0.402203,0.931885,-0.362456,0.010561,-0.010265,0.191819,0.964275,1.000000,-0.441295,4.065963
4.960000,0.433309,0.049630,0.402210,0.931821,-0.362617,0.010649,-0.010301,0.191821,0.966053,1.000000,-0.444580,4.095923
4.965000,0.433159,0.049167,0.402215,0.931757,-0.362777,0.010735,-0.010335,0.191824,0.967843,1.000000,-0.447886,4.125958
4.970000,0.433011,0.048701,0.402218,0.931693,-0.362937,0.010818,-0.010365,0.191826,0.969648,1.000000,-0.451401,4.157555
4.975000,0.432867,0.048233,0.402218,0.931630,-0.363097,0.010900,-0.010392,0.191829,0.971466,1.000000,-0.455014,4.189174
4.980000,0.432726,0.047762,0.402217,0.931566,-0.363257,0.010979,-0.010416,0.191831,0.973300,1.000000,-0.458759,4.221007
4.985000,0.432588,0.047289,0.402215,0.931503,-0.363416,0.011058,-0.010436,0.191834,0.975149,1.000000,-0.462595,4.253044
4.990000,0.432453,0.046814,0.402212,0.931439,-0.363576,0.011135,-0.010453,0.191836,0.977013,1.000000,-0.466464,4.285156
4.995000,0.432320,0.046336,0.402208,0.931376,-0.363735,0.011211,-0.010467,0.191838,0.978893,1.000000,-0.470341,4.317364
5.000000,0.432190,0.045855,0.402203,0.931313,-0.363895,0.011286,-0.010477,0.191841,0.980789,1.000000,-0.474208,4.349621
5.005000,0.432062,0.045372,0.402198,0.931249,-0.364055,0.011361,-0.010483,0.191843,0.982699,1.000000,-0.477982,4.381063
5.010000,0.431937,0.044887,0.402193,0.931186,-0.364215,0.011435,-0.010486,0.191845,0.984625,1.000000,-0.481764,4.412606
5.015000,0.431815,0.044400,0.402189,0.931122,-0.364375,0.011508,-0.010486,0.191847,0.986566,1.000000,-0.485570,4.444486
5.020000,0.431694,0.043911,0.402184,0.931058,-0.364536,0.011580,-0.010483,0.191850,0.988522,1.000000,-0.489370,4.476510
5.025000,0.431577,0.043419,0.402179,0.930995,-0.364696,0.011651,-0.010477,0.191852,0.990494,1.000000,-0.493141,4.508482
5.030000,0.431461,0.042925,0.402174,0.930931,-0.364856,0.011722,-0.010467,0.191854,0.992480,1.000000,-0.496885,4.540455
5.035000,0.431348,0.042430,0.402170,0.930868,-0.365016,0.011791,-0.010455,0.191856,0.994481,1.000000,-0.500353,4.570661
5.040000,0.431238,0.041932,0.402165,0.930804,-0.365176,0.011859,-0.010440,0.191858,0.996495,1.000000,-0.503766,4.601081
5.045000,0.431130,0.041433,0.402161,0.930741,-0.365337,0.011926,-0.010422,0.191861,0.998523,1.000000,-0.507131,4.631556
5.050000,0.431025,0.040932,0.402157,0.930677,-0.365496,0.011991,-0.010403,0.191863,1.000564,1.000000,-0.510440,4.661888
5.055000,0.430923,0.040430,0.402153,0.930614,-0.365656,0.012054,-0.010381,0.191865,1.002618,1.000000,-0.513730,4.692313
5.060000,0.430823,0.039926,0.402149,0.930551,-0.365816,0.012115,-0.010358,0.191867,1.004686,1.000000,-0.517034,4.723094
5.065000,0.430726,0.039420,0.402144,0.930488,-0.365975,0.012174,-0.010333,0.191869,1.006767,1.000000,-0.520327,4.753999
5.070000,0.430632,0.038914,0.402140,0.930424,-0.366135,0.012231,-0.010307,0.191871,1.008861,1.000000,-0.523486,4.784265
5.075000,0.430541,0.038406,0.402135,0.930361,-0.366294,0.012285,-0.010279,0.191873,1.010967,1.000000,-0.526614,4.814642
5.080000,0.430453,0.037896,0.402130,0.930298,-0.366454,0.012337,-0.010251,0.191875,1.013086,1.000000,-0.529708,4.844986
5.085000,0.430367,0.037386,0.402125,0.930235,-0.366613,0.012386,-0.010221,0.191877,1.015216,1.000000,-0.532771,4.875273
5.090000,0.430285,0.036874,0.402119,0.930172,-0.366772,0.012432,-0.010190,0.191879,1.017360,1.000000,-0.535833,4.905715
5.095000,0.430206,0.036361,0.402113,0.930109,-0.366932,0.012475,-0.010159,0.191881,1.019515,1.000000,-0.538911,4.936484
5.100000,0.430130,0.035848,0.402108,0.930045,-0.367092,0.012515,-0.010127,0.191883,1.021683,1.000000,-0.541981,4.967340
5.105000,0.430057,0.035333,0.402102,0.929982,-0.367252,0.012552,-0.010094,0.191885,1.023865,1.000000,-0.545562,5.002163
5.110000,0.429987,0.034818,0.402095,0.929919,-0.367412,0.012586,-0.010061,0.191886,1.026062,1.000000,-0.549238,5.037089
5.115000,0.429920,0.034301,0.402089,0.929855,-0.367573,0.012617,-0.010027,0.191888,1.028273,1.000000,-0.552956,5.071861
5.120000,0.429857,0.033783,0.402082,0.929791,-0.367735,0.012645,-0.009992,0.191890,1.030500,1.000000,-0.556719,5.106646
5.125000,0.429796,0.033264,0.402076,0.929727,-0.367897,0.012669,-0.009956,0.191892,1.032742,1.000000,-0.560550,5.141711
5.130000,0.429738,0.032744,0.402069,0.929663,-0.368059,0.012690,-0.009920,0.191894,1.034999,1.000000,-0.564441,5.177050
5.135000,0.429683,0.032223,0.402062,0.929598,-0.368222,0.012707,-0.009883,0.191896,1.037272,1.000000,-0.568362,5.212408
5.140000,0.429631,0.031700,0.402054,0.929534,-0.368386,0.012721,-0.009845,0.191897,1.039561,1.000000,-0.572439,5.248743
5.145000,0.429582,0.031177,0.402047,0.929469,-0.368551,0.012731,-0.009807,0.191899,1.041867,1.000000,-0.576581,5.285171
5.150000,0.429536,0.030652,0.402039,0.929403,-0.368716,0.012738,-0.009768,0.191901,1.044189,1.000000,-0.580804,5.321930
5.155000,0.429492,0.030126,0.402032,0.929338,-0.368882,0.012740,-0.009728,0.191903,1.046529,1.000000,-0.585073,5.358773
5.160000,0.429452,0.029599,0.402024,0.929272,-0.369049,0.012739,-0.009688,0.191904,1.048886,1.000000,-0.589369,5.395530
5.165000,0.429413,0.029071,0.402016,0.929206,-0.369216,0.012734,-0.009647,0.191906,1.051260,1.000000,-0.593706,5.432333
5.170000,0.429378,0.028541,0.402008,0.929140,-0.369384,0.012726,-0.009606,0.191907,1.053651,1.000000,-0.598106,5.469404
5.175000,0.429345,0.028010,0.402000,0.929073,-0.369553,0.012713,-0.009564,0.191909,1.056059,1.000000,-0.602099,5.503502
5.180000,0.429314,0.027479,0.401992,0.929007,-0.369722,0.012696,-0.009521,0.191911,1.058483,1.000000,-0.606041,5.537693
5.185000,0.429286,0.026946,0.401984,0.928940,-0.369892,0.012675,-0.009479,0.191913,1.060922,1.000000,-0.609957,5.572013
5.190000,0.429260,0.026412,0.401976,0.928873,-0.370062,0.012650,-0.009436,0.191914,1.063377,1.000000,-0.613851,5.606361
5.195000,0.429237,0.025877,0.401967,0.928806,-0.370232,0.012621,-0.009393,0.191916,1.065847,1.000000,-0.617710,5.640568
5.200000,0.429216,0.025341,0.401959,0.928739,-0.370402,0.012588,-0.009350,0.191917,1.068333,1.000000,-0.621561,5.674831
5.205000,0.429197,0.024804,0.401951,0.928672,-0.370573,0.012551,-0.009306,0.191919,1.070833,1.000000,-0.625023,5.706611
5.210000,0.429180,0.024267,0.401943,0.928604,-0.370744,0.012510,-0.009263,0.191921,1.073347,1.000000,-0.628398,5.738486
5.215000,0.429165,0.023729,0.401935,0.928537,-0.370916,0.012465,-0.009220,0.191922,1.075874,1.000000,-0.631694,5.770323
5.220000,0.429152,0.023190,0.401928,0.928470,-0.371087,0.012415,-0.009176,0.191924,1.078414,1.000000,-0.634928,5.802173
5.225000,0.429140,0.022651,0.401920,0.928403,-0.371258,0.012362,-0.009133,0.191925,1.080967,1.000000,-0.638230,5.834216
5.230000,0.429131,0.022111,0.401912,0.928335,-0.371429,0.012305,-0.009091,0.191927,1.083534,1.000000,-0.642186,5.866501
5.235000,0.429122,0.021571,0.401905,0.928268,-0.371601,0.012246,-0.009050,0.191928,1.086119,1.000000,-0.646619,5.898805
5.240000,0.429115,0.021029,0.401896,0.928200,-0.371773,0.012184,-0.009012,0.191930,1.088721,1.000000,-0.650992,5.928831
5.245000,0.429107,0.020487,0.401887,0.928132,-0.371945,0.012121,-0.008976,0.191931,1.091341,1.000000,-0.655437,5.958894
5.250000,0.429100,0.019943,0.401878,0.928064,-0.372117,0.012055,-0.008942,0.191932,1.093979,1.000000,-0.659917,5.989361
5.255000,0.429093,0.019399,0.401867,0.927996,-0.372290,0.011988,-0.008910,0.191934,1.096634,1.000000,-0.664338,6.019881
5.260000,0.429085,0.018854,0.401856,0.927928,-0.372463,0.011918,-0.008880,0.191935,1.099307,1.000000,-0.668658,6.050358
5.265000,0.429077,0.018308,0.401845,0.927860,-0.372636,0.011847,-0.008852,0.191937,1.101997,1.000000,-0.672866,6.080852
5.270000,0.429069,0.017761,0.401832,0.927792,-0.372809,0.011774,-0.008825,0.191938,1.104704,1.000000,-0.676975,6.111604
5.275000,0.429059,0.017214,0.401819,0.927723,-0.372981,0.011699,-0.008799,0.191939,1.107425,1.000000,-0.680541,6.139655
5.280000,0.429049,0.016666,0.401806,0.927655,-0.373154,0.011621,-0.008775,0.191941,1.110160,1.000000,-0.683882,6.167717
5.285000,0.429038,0.016117,0.401791,0.927587,-0.373327,0.011542,-0.008752,0.191942,1.112908,1.000000,-0.687016,6.195775
5.290000,0.429026,0.015569,0.401776,0.927519,-0.373499,0.011461,-0.008730,0.191943,1.115668,1.000000,-0.689964,6.223884
5.295000,0.429012,0.015020,0.401761,0.927451,-0.373671,0.011377,-0.008709,0.191945,1.118439,1.000000,-0.692770,6.252377
5.300000,0.428998,0.014472,0.401745,0.927383,-0.373843,0.011292,-0.008689,0.191946,1.121222,1.000000,-0.695401,6.280907
5.305000,0.428982,0.013923,0.401728,0.927315,-0.374014,0.011205,-0.008669,0.191947,1.124014,1.000000,-0.697857,6.309472
5.310000,0.428965,0.013375,0.401712,0.927247,-0.374185,0.011116,-0.008649,0.191948,1.126813,1.000000,-0.699412,6.333188
5.315000,0.428947,0.012827,0.401694,0.927180,-0.374355,0.011024,-0.008630,0.191950,1.129618,1.000000,-0.700677,6.357179
5.320000,0.428927,0.012280,0.401677,0.927113,-0.374525,0.010931,-0.008612,0.191951,1.132427,1.000000,-0.701689,6.381367
5.325000,0.428905,0.011734,0.401659,0.927046,-0.374694,0.010836,-0.008594,0.191952,1.135240,1.000000,-0.702456,6.405585
5.330000,0.428882,0.011189,0.401641,0.926979,-0.374862,0.010739,-0.008576,0.191953,1.138055,1.000000,-0.702999,6.429848
5.335000,0.428858,0.010645,0.401622,0.926912,-0.375030,0.010640,-0.008558,0.191955,1.140872,1.000000,-0.703341,6.454199
5.340000,0.428832,0.010103,0.401604,0.926846,-0.375197,0.010539,-0.008541,0.191956,1.143690,1.000000,-0.703531,6.478985
5.345000,0.428804,0.009562,0.401585,0.926780,-0.375363,0.010437,-0.008524,0.191957,1.146506,1.000000,-0.703013,6.500283
5.350000,0.428775,0.009023,0.401567,0.926714,-0.375529,0.010333,-0.008507,0.191958,1.149319,1.000000,-0.702186,6.521574
5.355000,0.428744,0.008486,0.401548,0.926648,-0.375694,0.010227,-0.008489,0.191959,1.152129,1.000000,-0.701098,6.542886
5.360000,0.428711,0.007951,0.401529,0.926583,-0.375858,0.010119,-0.008472,0.191960,1.154934,1.000000,-0.699797,6.564442
5.365000,0.428676,0.007418,0.401510,0.926518,-0.376022,0.010010,-0.008455,0.191961,1.157733,1.000000,-0.698291,6.586130
5.370000,0.428640,0.006888,0.401491,0.926453,-0.376185,0.009899,-0.008437,0.191963,1.160525,1.000000,-0.696608,6.608074
5.375000,0.428602,0.006360,0.401473,0.926389,-0.376348,0.009787,-0.008419,0.191964,1.163309,1.000000,-0.694348,6.627559
5.380000,0.428562,0.005835,0.401454,0.926324,-0.376509,0.009673,-0.008401,0.191965,1.166083,1.000000,-0.691767,6.647070
5.385000,0.428520,0.005313,0.401436,0.926260,-0.376671,0.009557,-0.008383,0.191966,1.168847,1.000000,-0.688918,6.666661
5.390000,0.428476,0.004794,0.401418,0.926196,-0.376831,0.009439,-0.008364,0.191967,1.171598,1.000000,-0.685839,6.686259
5.395000,0.428430,0.004278,0.401399,0.926132,-0.376992,0.009319,-0.008345,0.191968,1.174336,1.000000,-0.682612,6.706443
5.400000,0.428381,0.003766,0.401381,0.926069,-0.377151,0.009197,-0.008325,0.191969,1.177062,1.000000,-0.679201,6.726643
5.405000,0.428331,0.003257,0.401364,0.926005,-0.377310,0.009074,-0.008305,0.191970,1.179773,1.000000,-0.675625,6.746968
5.410000,0.428278,0.002752,0.401346,0.925942,-0.377469,0.008949,-0.008284,0.191971,1.182467,1.000000,-0.671204,6.762847
5.415000,0.428224,0.002251,0.401329,0.925879,-0.377627,0.008821,-0.008263,0.191972,1.185143,1.000000,-0.666396,6.778933
5.420000,0.428166,0.001754,0.401312,0.925816,-0.377784,0.008691,-0.008241,0.191973,1.187799,1.000000,-0.661297,6.795204
5.425000,0.428107,0.001261,0.401295,0.925754,-0.377941,0.008559,-0.008219,0.191973,1.190433,1.000000,-0.655968,6.811605
5.430000,0.428044,0.000773,0.401278,0.925691,-0.378097,0.008423,-0.008197,0.191974,1.193046,1.000000,-0.650466,6.828284
5.435000,0.427980,0.000289,0.401261,0.925629,-0.378253,0.008285,-0.008174,0.191975,1.195637,1.000000,-0.644813,6.845034
5.440000,0.427913,-0.000190,0.401245,0.925567,-0.378409,0.008145,-0.008151,0.191976,1.198205,1.000000,-0.639079,6.862384
5.445000,0.427843,-0.000664,0.401228,0.925505,-0.378563,0.008002,-0.008127,0.191977,1.200748,1.000000,-0.632827,6.877088
5.450000,0.427771,-0.001133,0.401212,0.925443,-0.378718,0.007856,-0.008103,0.191978,1.203266,1.000000,-0.626297,6.892024
5.455000,0.427696,-0.001597,0.401196,0.925382,-0.378872,0.007707,-0.008079,0.191979,1.205757,1.000000,-0.619563,6.907008
5.460000,0.427618,-0.002056,0.401180,0.925321,-0.379025,0.007555,-0.008055,0.191979,1.208221,1.000000,-0.612699,6.922283
5.465000,0.427538,-0.002509,0.401165,0.925259,-0.379178,0.007400,-0.008030,0.191980,1.210657,1.000000,-0.605736,6.937728
5.470000,0.427455,-0.002957,0.401149,0.925198,-0.379330,0.007242,-0.008004,0.191981,1.213065,1.000000,-0.598710,6.953427
5.475000,0.427369,-0.003400,0.401134,0.925138,-0.379482,0.007081,-0.007978,0.191982,1.215445,1.000000,-0.591650,6.969483
5.480000,0.427280,-0.003838,0.401119,0.925077,-0.379633,0.006917,-0.007952,0.191982,1.217796,1.000000,-0.584435,6.984679
5.485000,0.427190,-0.004270,0.401104,0.925017,-0.379783,0.006750,-0.007924,0.191983,1.220118,1.000000,-0.577162,7.000273
5.490000,0.427096,-0.004696,0.401089,0.924957,-0.379933,0.006581,-0.007897,0.191984,1.222411,1.000000,-0.569838,7.015871
5.495000,0.427000,-0.005117,0.401075,0.924897,-0.380082,0.006409,-0.007868,0.191985,1.224675,1.000000,-0.562673,7.032058
5.500000,0.426901,-0.005533,0.401061,0.924837,-0.380231,0.006234,-0.007838,0.191985,1.226911,1.000000,-0.556010,7.048265
5.505000,0.426801,-0.005944,0.401048,0.924778,-0.380378,0.006059,-0.007806,0.191986,1.229122,1.000000,-0.549686,7.064934
5.510000,0.426698,-0.006351,0.401035,0.924719,-0.380525,0.005883,-0.007772,0.191986,1.231308,1.000000,-0.543530,7.081756
5.515000,0.426594,-0.006753,0.401023,0.924661,-0.380670,0.005706,-0.007735,0.191987,1.233470,1.000000,-0.537640,7.099626
5.520000,0.426488,-0.007150,0.401012,0.924603,-0.380815,0.005528,-0.007697,0.191988,1.235609,1.000000,-0.531831,7.117824
5.525000,0.426380,-0.007543,0.401001,0.924545,-0.380959,0.005350,-0.007655,0.191988,1.237724,1.000000,-0.526073,7.136218
5.530000,0.426270,-0.007931,0.400990,0.924487,-0.381101,0.005171,-0.007612,0.191989,1.239817,1.000000,-0.520368,7.155027
5.535000,0.426159,-0.008315,0.400981,0.924430,-0.381243,0.004991,-0.007566,0.191989,1.241887,1.000000,-0.514694,7.173910
5.540000,0.426045,-0.008695,0.400971,0.924374,-0.381383,0.004811,-0.007518,0.191990,1.243934,1.000000,-0.509091,7.193428
5.545000,0.425930,-0.009071,0.400963,0.924318,-0.381523,0.004630,-0.007467,0.191990,1.245960,1.000000,-0.503562,7.212547
5.550000,0.425813,-0.009442,0.400955,0.924262,-0.381661,0.004448,-0.007414,0.191991,1.247963,1.000000,-0.498109,7.232236
5.555000,0.425695,-0.009809,0.400948,0.924207,-0.381798,0.004265,-0.007359,0.191991,1.249945,1.000000,-0.492704,7.252009
5.560000,0.425574,-0.010172,0.400941,0.924152,-0.381934,0.004082,-0.007302,0.191992,1.251905,1.000000,-0.487382,7.272320
5.565000,0.425452,-0.010531,0.400935,0.924097,-0.382069,0.003898,-0.007243,0.191992,1.253844,1.000000,-0.482132,7.292912
5.570000,0.425328,-0.010886,0.400929,0.924043,-0.382202,0.003712,-0.007181,0.191992,1.255762,1.000000,-0.476953,7.313743
5.575000,0.425202,-0.011237,0.400924,0.923990,-0.382335,0.003527,-0.007118,0.191993,1.257660,1.000000,-0.471856,7.334879
5.580000,0.425075,-0.011584,0.400920,0.923937,-0.382466,0.003340,-0.007052,0.191993,1.259537,1.000000,-0.466746,7.355084
5.585000,0.424945,-0.011927,0.400917,0.923884,-0.382596,0.003152,-0.006985,0.191993,1.261394,1.000000,-0.461817,7.375941
5.590000,0.424814,-0.012267,0.400914,0.923832,-0.382724,0.002964,-0.006917,0.191994,1.263232,1.000000,-0.457067,7.396817
5.595000,0.424681,-0.012603,0.400911,0.923780,-0.382851,0.002776,-0.006848,0.191994,1.265052,1.000000,-0.452537,7.418424
5.600000,0.424546,-0.012936,0.400910,0.923729,-0.382977,0.002588,-0.006778,0.191994,1.266853,1.000000,-0.448183,7.440035
5.605000,0.424409,-0.013265,0.400908,0.923679,-0.383102,0.002400,-0.006707,0.191994,1.268638,1.000000,-0.444039,7.462303
5.610000,0.424270,-0.013590,0.400907,0.923628,-0.383226,0.002212,-0.006636,0.191995,1.270407,1.000000,-0.440074,7.484737
5.615000,0.424128,-0.013913,0.400907,0.923578,-0.383348,0.002024,-0.006565,0.191995,1.272161,1.000000,-0.436352,7.507205
5.620000,0.423984,-0.014232,0.400907,0.923529,-0.383469,0.001837,-0.006494,0.191995,1.273900,1.000000,-0.432821,7.529966
5.625000,0.423838,-0.014549,0.400907,0.923480,-0.383589,0.001651,-0.006424,0.191995,1.275625,1.000000,-0.429478,7.553041
5.630000,0.423688,-0.014862,0.400908,0.923431,-0.383708,0.001465,-0.006353,0.191995,1.277338,1.000000,-0.426332,7.576670
5.635000,0.423536,-0.015173,0.400909,0.923383,-0.383826,0.001280,-0.006284,0.191995,1.279038,1.000000,-0.423355,7.600416
5.640000,0.423381,-0.015482,0.400910,0.923335,-0.383943,0.001095,-0.006215,0.191995,1.280727,1.000000,-0.420570,7.624851
5.645000,0.423223,-0.015787,0.400912,0.923288,-0.384059,0.000912,-0.006147,0.191995,1.282405,1.000000,-0.417938,7.649290
5.650000,0.423061,-0.016090,0.400913,0.923241,-0.384173,0.000730,-0.006080,0.191996,1.284072,1.000000,-0.415222,7.669818
5.655000,0.422897,-0.016391,0.400915,0.923194,-0.384287,0.000549,-0.006014,0.191996,1.285729,1.000000,-0.412583,7.690413
5.660000,0.422729,-0.016690,0.400918,0.923148,-0.384399,0.000369,-0.005950,0.191996,1.287375,1.000000,-0.410054,7.711575
5.665000,0.422557,-0.016986,0.400920,0.923102,-0.384510,0.000190,-0.005887,0.191995,1.289011,1.000000,-0.407621,7.732979
5.670000,0.422382,-0.017279,0.400922,0.923057,-0.384620,0.000013,-0.005825,0.191995,1.290638,1.000000,-0.405292,7.754771
5.675000,0.422203,-0.017571,0.400925,0.923012,-0.384728,-0.000163,-0.005765,0.191995,1.292256,1.000000,-0.403066,7.776980
5.680000,0.422021,-0.017860,0.400928,0.922967,-0.384836,-0.000337,-0.005707,0.191995,1.293865,1.000000,-0.400932,7.799402
5.685000,0.421835,-0.018148,0.400931,0.922923,-0.384942,-0.000510,-0.005651,0.191995,1.295465,1.000000,-0.398562,7.816308
5.690000,0.421645,-0.018433,0.400934,0.922880,-0.385046,-0.000681,-0.005596,0.191995,1.297055,1.000000,-0.396143,7.833253
5.695000,0.421451,-0.018716,0.400937,0.922837,-0.385150,-0.000851,-0.005544,0.191995,1.298635,1.000000,-0.393521,7.850974
5.700000,0.421253,-0.018996,0.400940,0.922795,-0.385252,-0.001020,-0.005495,0.191994,1.300204,1.000000,-0.390721,7.868698
5.705000,0.421051,-0.019274,0.400943,0.922753,-0.385352,-0.001187,-0.005449,0.191994,1.301762,1.000000,-0.387856,7.887036
5.710000,0.420845,-0.019549,0.400947,0.922711,-0.385452,-0.001353,-0.005405,0.191994,1.303308,1.000000,-0.384954,7.905510
5.715000,0.420635,-0.019822,0.400950,0.922670,-0.385550,-0.001517,-0.005365,0.191994,1.304841,1.000000,-0.381472,7.916997
5.720000,0.420420,-0.020092,0.400953,0.922630,-0.385647,-0.001681,-0.005328,0.191993,1.306359,1.000000,-0.377840,7.928808
5.725000,0.420201,-0.020359,0.400956,0.922590,-0.385742,-0.001845,-0.005295,0.191993,1.307863,1.000000,-0.374159,7.940913
5.730000,0.419977,-0.020623,0.400958,0.922551,-0.385835,-0.002009,-0.005267,0.191993,1.309352,1.000000,-0.370489,7.953484
5.735000,0.419750,-0.020884,0.400959,0.922512,-0.385927,-0.002172,-0.005242,0.191992,1.310827,1.000000,-0.366846,7.966175
5.740000,0.419518,-0.021142,0.400960,0.922474,-0.386017,-0.002335,-0.005221,0.191992,1.312287,1.000000,-0.363267,7.979447
5.745000,0.419282,-0.021397,0.400959,0.922437,-0.386105,-0.002499,-0.005204,0.191991,1.313733,1.000000,-0.359735,7.992727
5.750000,0.419043,-0.021648,0.400957,0.922400,-0.386192,-0.002662,-0.005191,0.191991,1.315163,1.000000,-0.355576,7.997723
5.755000,0.418799,-0.021897,0.400955,0.922364,-0.386276,-0.002824,-0.005183,0.191991,1.316576,1.000000,-0.351166,8.002764
5.760000,0.418552,-0.022142,0.400951,0.922329,-0.386359,-0.002987,-0.005179,0.191990,1.317971,1.000000,-0.346623,8.008347
5.765000,0.418301,-0.022384,0.400946,0.922295,-0.386440,-0.003150,-0.005180,0.191989,1.319347,1.000000,-0.341975,8.014142
5.770000,0.418046,-0.022622,0.400939,0.922261,-0.386518,-0.003312,-0.005185,0.191989,1.320705,1.000000,-0.337250,8.020261
5.775000,0.417787,-0.022856,0.400932,0.922228,-0.386595,-0.003474,-0.005195,0.191988,1.322043,1.000000,-0.332469,8.026721
5.780000,0.417525,-0.023087,0.400923,0.922196,-0.386670,-0.003636,-0.005209,0.191988,1.323363,1.000000,-0.327651,8.033344
5.785000,0.417259,-0.023313,0.400914,0.922165,-0.386743,-0.003797,-0.005228,0.191987,1.324660,1.000000,-0.322018,8.030838
5.790000,0.416990,-0.023536,0.400903,0.922134,-0.386814,-0.003956,-0.005251,0.191986,1.325934,1.000000,-0.316028,8.028372
5.795000,0.416718,-0.023754,0.400893,0.922105,-0.386883,-0.004115,-0.005279,0.191986,1.327184,1.000000,-0.309758,8.026528
5.800000,0.416442,-0.023968,0.400882,0.922076,-0.386950,-0.004271,-0.005311,0.191985,1.328408,1.000000,-0.303222,8.024691
5.805000,0.416163,-0.024177,0.400870,0.922048,-0.387014,-0.004426,-0.005347,0.191984,1.329605,1.000000,-0.296481,8.023364
5.810000,0.415881,-0.024381,0.400860,0.922020,-0.387077,-0.004578,-0.005388,0.191984,1.330775,1.000000,-0.289530,8.022152
5.815000,0.415595,-0.024580,0.400849,0.921994,-0.387138,-0.004727,-0.005432,0.191983,1.331917,1.000000,-0.282384,8.021253
5.820000,0.415307,-0.024774,0.400839,0.921968,-0.387197,-0.004874,-0.005481,0.191982,1.333026,1.000000,-0.274226,8.010671
5.825000,0.415015,-0.024963,0.400830,0.921943,-0.387253,-0.005018,-0.005533,0.191981,1.334103,1.000000,-0.265646,8.000301
5.830000,0.414721,-0.025145,0.400822,0.921920,-0.387306,-0.005158,-0.005590,0.191980,1.335144,1.000000,-0.256745,7.990283
5.835000,0.414424,-0.025322,0.400816,0.921898,-0.387355,-0.005294,-0.005650,0.191979,1.336149,1.000000,-0.247555,7.980351
5.840000,0.414125,-0.025493,0.400811,0.921877,-0.387402,-0.005427,-0.005714,0.191978,1.337117,1.000000,-0.238609,7.970884
5.845000,0.413823,-0.025658,0.400809,0.921858,-0.387445,-0.005555,-0.005781,0.191978,1.338051,1.000000,-0.230070,7.961441
5.850000,0.413518,-0.025818,0.400809,0.921839,-0.387487,-0.005679,-0.005851,0.191977,1.338952,1.000000,-0.221790,7.952444
5.855000,0.413212,-0.025973,0.400813,0.921821,-0.387526,-0.005798,-0.005922,0.191976,1.339818,1.000000,-0.213284,7.937862
5.860000,0.412904,-0.026122,0.400821,0.921805,-0.387563,-0.005913,-0.005996,0.191975,1.340650,1.000000,-0.204806,7.923594
5.865000,0.412594,-0.026265,0.400832,0.921789,-0.387597,-0.006022,-0.006071,0.191974,1.341449,1.000000,-0.196268,7.909478
5.870000,0.412283,-0.026404,0.400848,0.921775,-0.387627,-0.006126,-0.006149,0.191973,1.342213,1.000000,-0.187468,7.895573
5.875000,0.411970,-0.026536,0.400867,0.921763,-0.387654,-0.006225,-0.006227,0.191972,1.342941,1.000000,-0.178425,7.881918
5.880000,0.411656,-0.026663,0.400891,0.921752,-0.387677,-0.006319,-0.006307,0.191971,1.343633,1.000000,-0.169187,7.868384
5.885000,0.411340,-0.026784,0.400918,0.921743,-0.387696,-0.006409,-0.006388,0.191969,1.344287,1.000000,-0.159604,7.850846
5.890000,0.411023,-0.026898,0.400950,0.921736,-0.387711,-0.006493,-0.006470,0.191968,1.344902,1.000000,-0.149814,7.833355
5.895000,0.410706,-0.027007,0.400986,0.921730,-0.387721,-0.006573,-0.006554,0.191967,1.345477,1.000000,-0.139844,7.816255
5.900000,0.410387,-0.027108,0.401026,0.921727,-0.387726,-0.006647,-0.006638,0.191966,1.346012,1.000000,-0.129735,7.799195
5.905000,0.410067,-0.027204,0.401070,0.921725,-0.387727,-0.006717,-0.006723,0.191965,1.346507,1.000000,-0.119532,7.782409
5.910000,0.409745,-0.027292,0.401119,0.921726,-0.387723,-0.006781,-0.006809,0.191964,1.346961,1.000000,-0.109248,7.765728
5.915000,0.409423,-0.027373,0.401172,0.921728,-0.387714,-0.006841,-0.006895,0.191963,1.347374,1.000000,-0.098898,7.749251
5.920000,0.409100,-0.027448,0.401229,0.921733,-0.387701,-0.006895,-0.006982,0.191961,1.347745,1.000000,-0.088415,7.729122
5.925000,0.408776,-0.027515,0.401291,0.921740,-0.387682,-0.006945,-0.007070,0.191960,1.348074,1.000000,-0.077832,7.709137
5.930000,0.408451,-0.027576,0.401357,0.921749,-0.387659,-0.006991,-0.007158,0.191959,1.348360,1.000000,-0.067212,7.689402
5.935000,0.408125,-0.027628,0.401427,0.921760,-0.387630,-0.007031,-0.007246,0.191957,1.348604,1.000000,-0.056579,7.669735
5.940000,0.407798,-0.027674,0.401502,0.921773,-0.387596,-0.007067,-0.007334,0.191956,1.348806,1.000000,-0.045973,7.650304
5.945000,0.407470,-0.027712,0.401581,0.921788,-0.387557,-0.007098,-0.007422,0.191955,1.348966,1.000000,-0.035417,7.630918
5.950000,0.407141,-0.027742,0.401665,0.921806,-0.387513,-0.007124,-0.007511,0.191953,1.349084,1.000000,-0.024904,7.611801
5.955000,0.406811,-0.027765,0.401752,0.921826,-0.387464,-0.007146,-0.007599,0.191952,1.349159,1.000000,-0.014314,7.590885
5.960000,0.406480,-0.027781,0.401844,0.921848,-0.387410,-0.007164,-0.007688,0.191951,1.349192,1.000000,-0.003781,7.570130
5.965000,0.406149,-0.027789,0.401940,0.921872,-0.387350,-0.007178,-0.007776,0.191949,1.349181,1.000000,0.006639,7.549485
5.970000,0.405816,-0.027789,0.402040,0.921898,-0.387285,-0.007188,-0.007865,0.191948,1.349119,1.000000,0.016918,7.528929
5.975000,0.405482,-0.027782,0.402145,0.921927,-0.387215,-0.007194,-0.007953,0.191957,1.349006,1.000000,0.027041,7.508900
5.980000,0.405148,-0.027767,0.402253,0.921958,-0.387139,-0.007196,-0.008041,0.191965,1.348843,1.000000,0.036972,7.488904
5.985000,0.404812,-0.027745,0.402365,0.921991,-0.387058,-0.007194,-0.008129,0.191973,1.348631,1.000000,0.046675,7.469074
5.990000,0.404475,-0.027715,0.402481,0.922027,-0.386972,-0.007189,-0.008217,0.191979,1.348372,1.000000,0.056223,7.445096
5.995000,0.404138,-0.027678,0.402601,0.922064,-0.386881,-0.007180,-0.008304,0.191985,1.348065,1.000000,0.065683,7.421217
6.000000,0.403799,-0.027633,0.402725,0.922104,-0.386784,-0.007168,-0.008390,0.191990,1.347712,1.000000,0.074990,7.397363
6.005000,0.403460,-0.027581,0.402852,0.922147,-0.386681,-0.007153,-0.008477,0.191995,1.347312,1.000000,0.084112,7.373606
6.010000,0.403119,-0.027522,0.402982,0.922192,-0.386573,-0.007134,-0.008563,0.191999,1.346868,1.000000,0.093014,7.349912
6.015000,0.402777,-0.027455,0.403116,0.922239,-0.386459,-0.007113,-0.008648,0.192003,1.346381,1.000000,0.101653,7.326260
6.020000,0.402434,-0.027381,0.403253,0.922288,-0.386339,-0.007088,-0.008733,0.192006,1.345851,1.000000,0.110005,7.302656
6.025000,0.402090,-0.027300,0.403392,0.922340,-0.386214,-0.007061,-0.008817,0.192009,1.345280,1.000000,0.118129,7.273938
6.030000,0.401745,-0.027212,0.403535,0.922394,-0.386084,-0.007030,-0.008901,0.192012,1.344669,1.000000,0.126149,7.245304
6.035000,0.401399,-0.027117,0.403681,0.922451,-0.385947,-0.006997,-0.008985,0.192014,1.344019,1.000000,0.133978,7.216709
6.040000,0.401051,-0.027014,0.403829,0.922510,-0.385804,-0.006962,-0.009068,0.192017,1.343331,1.000000,0.141547,7.188234
6.045000,0.400703,-0.026905,0.403980,0.922571,-0.385656,-0.006924,-0.009151,0.192019,1.342606,1.000000,0.148848,7.159805
6.050000,0.400353,-0.026788,0.404133,0.922635,-0.385502,-0.006883,-0.009234,0.192020,1.341845,1.000000,0.155876,7.131429
6.055000,0.400003,-0.026665,0.404289,0.922701,-0.385342,-0.006840,-0.009317,0.192022,1.341049,1.000000,0.162835,7.098968
6.060000,0.399651,-0.026535,0.404446,0.922770,-0.385177,-0.006795,-0.009399,0.192024,1.340220,1.000000,0.169633,7.066533
6.065000,0.399298,-0.026397,0.404606,0.922841,-0.385005,-0.006747,-0.009482,0.192025,1.339357,1.000000,0.176207,7.034133
6.070000,0.398944,-0.026253,0.404767,0.922914,-0.384828,-0.006698,-0.009565,0.192027,1.338462,1.000000,0.182528,7.001786
6.075000,0.398589,-0.026102,0.404931,0.922990,-0.384646,-0.006646,-0.009649,0.192028,1.337536,1.000000,0.188570,6.969523
6.080000,0.398234,-0.025945,0.405096,0.923068,-0.384458,-0.006593,-0.009732,0.192030,1.336581,1.000000,0.194312,6.937303
6.085000,0.397877,-0.025781,0.405262,0.923148,-0.384264,-0.006537,-0.009816,0.192031,1.335599,1.000000,0.199766,6.905181
6.090000,0.397519,-0.025611,0.405430,0.923230,-0.384065,-0.006480,-0.009899,0.192032,1.334591,1.000000,0.204933,6.865775
6.095000,0.397161,-0.025434,0.405599,0.923315,-0.383861,-0.006421,-0.009984,0.192033,1.333557,1.000000,0.209991,6.826398
6.100000,0.396801,-0.025250,0.405769,0.923402,-0.383651,-0.006360,-0.010069,0.192035,1.332499,1.000000,0.214861,6.787071
6.105000,0.396441,-0.025060,0.405940,0.923491,-0.383435,-0.006298,-0.010154,0.192036,1.331417,1.000000,0.219510,6.747814
6.110000,0.396079,-0.024863,0.406111,0.923582,-0.383214,-0.006234,-0.010240,0.192038,1.330313,1.000000,0.223912,6.708633
6.115000,0.395717,-0.024660,0.406283,0.923675,-0.382987,-0.006168,-0.010327,0.192039,1.329188,1.000000,0.228057,6.669515
6.120000,0.395354,-0.024451,0.406456,0.923771,-0.382755,-0.006101,-0.010413,0.192040,1.328043,1.000000,0.231942,6.630490
6.125000,0.394990,-0.024236,0.406629,0.923869,-0.382518,-0.006032,-0.010500,0.192042,1.326881,1.000000,0.235478,6.583915
6.130000,0.394626,-0.024014,0.406802,0.923969,-0.382275,-0.005962,-0.010587,0.192043,1.325701,1.000000,0.238977,6.537474
6.135000,0.394260,-0.023785,0.406975,0.924071,-0.382027,-0.005891,-0.010675,0.192044,1.324504,1.000000,0.242365,6.491095
6.140000,0.393894,-0.023550,0.407148,0.924175,-0.381774,-0.005818,-0.010764,0.192045,1.323291,1.000000,0.245601,6.444822
6.145000,0.393527,-0.023309,0.407321,0.924281,-0.381515,-0.005744,-0.010853,0.192047,1.322063,1.000000,0.248631,6.398621
6.150000,0.393159,-0.023061,0.407493,0.924389,-0.381251,-0.005669,-0.010944,0.192048,1.320820,1.000000,0.251438,6.352585
6.155000,0.392790,-0.022807,0.407665,0.924500,-0.380982,-0.005592,-0.011034,0.192049,1.319564,1.000000,0.254001,6.306672
6.160000,0.392421,-0.022547,0.407836,0.924612,-0.380709,-0.005514,-0.011126,0.192050,1.318296,1.000000,0.256492,6.255925
6.165000,0.392050,-0.022279,0.408006,0.924726,-0.380430,-0.005435,-0.011218,0.192052,1.317015,1.000000,0.258915,6.205299
6.170000,0.391680,-0.022006,0.408175,0.924842,-0.380147,-0.005355,-0.011312,0.192053,1.315723,1.000000,0.261205,6.154776
6.175000,0.391308,-0.021726,0.408343,0.924959,-0.379859,-0.005274,-0.011406,0.192054,1.314420,1.000000,0.263328,6.104458
6.180000,0.390936,-0.021439,0.408510,0.925079,-0.379566,-0.005191,-0.011502,0.192055,1.313108,1.000000,0.265238,6.054211
6.185000,0.390564,-0.021146,0.408676,0.925200,-0.379269,-0.005107,-0.011599,0.192057,1.311786,1.000000,0.266928,6.004164
6.190000,0.390191,-0.020847,0.408840,0.925322,-0.378968,-0.005022,-0.011697,0.192058,1.310457,1.000000,0.268370,5.954175
6.195000,0.389818,-0.020541,0.409003,0.925447,-0.378662,-0.004936,-0.011796,0.192059,1.309123,1.000000,0.269417,5.897489
6.200000,0.389445,-0.020229,0.409164,0.925572,-0.378353,-0.004848,-0.011896,0.192060,1.307784,1.000000,0.270414,5.840876
6.205000,0.389072,-0.019911,0.409324,0.925700,-0.378038,-0.004760,-0.011998,0.192061,1.306441,1.000000,0.271291,5.784519
6.210000,0.388698,-0.019585,0.409482,0.925829,-0.377719,-0.004670,-0.012101,0.192062,1.305094,1.000000,0.272000,5.728252
6.215000,0.388324,-0.019254,0.409637,0.925960,-0.377396,-0.004580,-0.012206,0.192063,1.303744,1.000000,0.272531,5.672220
6.220000,0.387950,-0.018915,0.409791,0.926092,-0.377069,-0.004488,-0.012312,0.192064,1.302392,1.000000,0.272846,5.616280
6.225000,0.387576,-0.018571,0.409943,0.926226,-0.376737,-0.004396,-0.012419,0.192065,1.301041,1.000000,0.272721,5.555457
6.230000,0.387202,-0.018219,0.410093,0.926362,-0.376401,-0.004302,-0.012527,0.192066,1.299691,1.000000,0.272468,5.494762
6.235000,0.386828,-0.017861,0.410241,0.926499,-0.376061,-0.004208,-0.012637,0.192067,1.298343,1.000000,0.272079,5.434391
6.240000,0.386454,-0.017497,0.410386,0.926638,-0.375716,-0.004112,-0.012748,0.192068,1.296997,1.000000,0.271508,5.374199
6.245000,0.386080,-0.017126,0.410530,0.926779,-0.375367,-0.004016,-0.012860,0.192069,1.295655,1.000000,0.270740,5.314199
6.250000,0.385706,-0.016748,0.410671,0.926921,-0.375013,-0.003919,-0.012972,0.192070,1.294317,1.000000,0.269762,5.254591
6.255000,0.385333,-0.016364,0.410809,0.927064,-0.374655,-0.003821,-0.013086,0.192071,1.292986,1.000000,0.268557,5.195201
6.260000,0.384959,-0.015974,0.410946,0.927209,-0.374293,-0.003721,-0.013199,0.192072,1.291661,1.000000,0.267170,5.134468
6.265000,0.384586,-0.015578,0.411080,0.927356,-0.373926,-0.003621,-0.013314,0.192073,1.290343,1.000000,0.265574,5.074096
6.270000,0.384214,-0.015175,0.411211,0.927504,-0.373555,-0.003519,-0.013428,0.192074,1.289034,1.000000,0.263760,5.014102
6.275000,0.383842,-0.014767,0.411341,0.927654,-0.373179,-0.003416,-0.013543,0.192075,1.287736,1.000000,0.261716,4.954592
6.280000,0.383470,-0.014352,0.411468,0.927806,-0.372799,-0.003311,-0.013657,0.192075,1.286447,1.000000,0.259518,4.895525
6.285000,0.383100,-0.013931,0.411592,0.927958,-0.372416,-0.003205,-0.013771,0.192076,1.285171,1.000000,0.257136,4.837167
6.290000,0.382729,-0.013505,0.411714,0.928113,-0.372027,-0.003097,-0.013885,0.192077,1.283907,1.000000,0.254559,4.779407
6.295000,0.382360,-0.013073,0.411834,0.928269,-0.371635,-0.002988,-0.013999,0.192078,1.282658,1.000000,0.251564,4.718195
6.300000,0.381991,-0.012635,0.411951,0.928426,-0.371238,-0.002877,-0.014112,0.192079,1.281424,1.000000,0.248451,4.657963
6.305000,0.381624,-0.012191,0.412066,0.928585,-0.370836,-0.002764,-0.014225,0.192079,1.280206,1.000000,0.245221,4.598902
6.310000,0.381257,-0.011741,0.412179,0.928746,-0.370429,-0.002650,-0.014337,0.192080,1.279004,1.000000,0.241992,4.541353
6.315000,0.380891,-0.011286,0.412288,0.928909,-0.370018,-0.002534,-0.014449,0.192080,1.277818,1.000000,0.238716,4.485221
6.320000,0.380526,-0.010825,0.412396,0.929073,-0.369602,-0.002416,-0.014560,0.192080,1.276649,1.000000,0.235366,4.430572
6.325000,0.380163,-0.010358,0.412501,0.929239,-0.369181,-0.002297,-0.014671,0.192079,1.275497,1.000000,0.231969,4.377534
6.330000,0.379800,-0.009885,0.412603,0.929406,-0.368756,-0.002176,-0.014780,0.192078,1.274365,1.000000,0.227858,4.319671
6.335000,0.379439,-0.009407,0.412703,0.929576,-0.368325,-0.002053,-0.014890,0.192076,1.273253,1.000000,0.223812,4.263745
6.340000,0.379079,-0.008923,0.412801,0.929747,-0.367888,-0.001930,-0.014998,0.192073,1.272161,1.000000,0.219800,4.209748
6.345000,0.378720,-0.008433,0.412896,0.929920,-0.367446,-0.001805,-0.015105,0.192068,1.271090,1.000000,0.215770,4.157597
6.350000,0.378362,-0.007936,0.412988,0.930096,-0.366998,-0.001679,-0.015212,0.192063,1.270038,1.000000,0.211768,4.107519
6.355000,0.378006,-0.007434,0.413078,0.930273,-0.366545,-0.001551,-0.015318,0.192055,1.269006,1.000000,0.207705,4.059258
6.360000,0.377651,-0.006926,0.413165,0.930452,-0.366085,-0.001423,-0.015422,0.192046,1.267995,1.000000,0.203591,4.012790
6.365000,0.377298,-0.006412,0.413250,0.930634,-0.365621,-0.001294,-0.015526,0.192037,1.267009,1.000000,0.198682,3.956520
6.370000,0.376946,-0.005892,0.413333,0.930817,-0.365150,-0.001163,-0.015627,0.192028,1.266050,1.000000,0.193020,3.891814
6.375000,0.376596,-0.005367,0.413413,0.931002,-0.364675,-0.001032,-0.015727,0.192019,1.265120,1.000000,0.187180,3.827479
6.380000,0.376247,-0.004836,0.413490,0.931188,-0.364194,-0.000899,-0.015825,0.192012,1.264220,1.000000,0.181112,3.763421
6.385000,0.375900,-0.004299,0.413565,0.931376,-0.363708,-0.000764,-0.015920,0.192004,1.263352,1.000000,0.174805,3.699703
6.390000,0.375554,-0.003758,0.413638,0.931566,-0.363218,-0.000629,-0.016013,0.191998,1.262516,1.000000,0.168304,3.636366
6.395000,0.375210,-0.003211,0.413708,0.931758,-0.362722,-0.000491,-0.016104,0.191992,1.261714,1.000000,0.161440,3.571357
6.400000,0.374867,-0.002658,0.413776,0.931951,-0.362222,-0.000353,-0.016192,0.191986,1.260946,1.000000,0.154405,3.507022
6.405000,0.374526,-0.002101,0.413842,0.932146,-0.361717,-0.000213,-0.016277,0.191981,1.260215,1.000000,0.147150,3.443066
6.410000,0.374186,-0.001539,0.413906,0.932342,-0.361207,-0.000071,-0.016360,0.191976,1.259521,1.000000,0.139682,3.379549
6.415000,0.373848,-0.000972,0.413967,0.932540,-0.360692,0.000072,-0.016440,0.191971,1.258864,1.000000,0.132142,3.316863
6.420000,0.373511,-0.000400,0.414025,0.932739,-0.360172,0.000217,-0.016517,0.191967,1.258245,1.000000,0.124438,3.254704
6.425000,0.373176,0.000177,0.414082,0.932940,-0.359648,0.000363,-0.016591,0.191962,1.257666,1.000000,0.116538,3.193307
6.430000,0.372843,0.000759,0.414136,0.933143,-0.359119,0.000511,-0.016662,0.191958,1.257128,1.000000,0.108269,3.130183
6.435000,0.372511,0.001345,0.414188,0.933347,-0.358586,0.000660,-0.016730,0.191954,1.256632,1.000000,0.099847,3.067696
6.440000,0.372181,0.001935,0.414238,0.933552,-0.358048,0.000811,-0.016794,0.191950,1.256178,1.000000,0.091361,3.006437
6.445000,0.371852,0.002530,0.414285,0.933759,-0.357504,0.000964,-0.016856,0.191947,1.255767,1.000000,0.082719,2.945931
6.450000,0.371525,0.003130,0.414331,0.933967,-0.356957,0.001118,-0.016914,0.191943,1.255399,1.000000,0.073934,2.886279
6.455000,0.371199,0.003733,0.414374,0.934177,-0.356404,0.001274,-0.016970,0.191940,1.255075,1.000000,0.065143,2.828050
6.460000,0.370876,0.004341,0.414415,0.934388,-0.355847,0.001432,-0.017022,0.191937,1.254796,1.000000,0.056235,2.770717
6.465000,0.370553,0.004953,0.414453,0.934601,-0.355285,0.001591,-0.017070,0.191933,1.254558,1.000000,0.047936,2.716378
6.470000,0.370233,0.005569,0.414490,0.934815,-0.354719,0.001752,-0.017115,0.191930,1.254362,1.000000,0.039619,2.663493
6.475000,0.369914,0.006189,0.414524,0.935030,-0.354149,0.001915,-0.017157,0.191927,1.254207,1.000000,0.031199,2.611603
6.480000,0.369596,0.006812,0.414557,0.935246,-0.353575,0.002079,-0.017194,0.191924,1.254095,1.000000,0.022684,2.560792
6.485000,0.369281,0.007439,0.414587,0.935463,-0.352997,0.002245,-0.017228,0.191920,1.254025,1.000000,0.014099,2.511196
6.490000,0.368967,0.008069,0.414615,0.935681,-0.352415,0.002413,-0.017258,0.191917,1.253998,1.000000,0.005546,2.463046
6.495000,0.368654,0.008703,0.414640,0.935901,-0.351830,0.002583,-0.017284,0.191914,1.254011,1.000000,-0.003093,2.416130
6.500000,0.368344,0.009339,0.414664,0.936121,-0.351240,0.002754,-0.017307,0.191911,1.254057,1.000000,-0.011337,2.372054
6.505000,0.368035,0.009979,0.414685,0.936343,-0.350647,0.002927,-0.017325,0.191907,1.254135,1.000000,-0.019484,2.329516
6.510000,0.367727,0.010621,0.414704,0.936565,-0.350051,0.003101,-0.017340,0.191904,1.254247,1.000000,-0.027751,2.288206
6.515000,0.367422,0.011266,0.414721,0.936788,-0.349451,0.003277,-0.017350,0.191900,1.254391,1.000000,-0.035976,2.248398
6.520000,0.367118,0.011913,0.414735,0.937012,-0.348848,0.003455,-0.017357,0.191895,1.254568,1.000000,-0.044174,2.210749
6.525000,0.366815,0.012563,0.414748,0.937237,-0.348241,0.003634,-0.017359,0.191888,1.254778,1.000000,-0.052485,2.176766
6.528000,0.366635,0.012954,0.414754,0.937372,-0.347876,0.003742,-0.017359,0.191879,1.254916,1.000000,-0.057420,2.158624
