{
  "skill_name": "eight_1",
  "match_ms": 145.043,
  "j_end": 258,
  "s": 0.66894651,
  "t": [
    0.11157654,
    0.03135933,
    0.14070565
  ],
  "R": [
    [
      0.99963019,
      -0.01392639,
      0.02335675
    ],
    [
      0.01432042,
      0.9997565,
      -0.01678883
    ],
    [
      -0.02311726,
      0.0171171,
      0.99958621
    ]
  ]
}
