{
  "skill_name": "line1_2",
  "match_ms": 695.994,
  "j_end": 338,
  "s": 1.00833653,
  "t": [
    0.04041361,
    -0.01650487,
    0.02029543
  ],
  "R": [
    [
      0.79374154,
      0.60579752,
      0.05462363
    ],
    [
      -0.59728756,
      0.79325688,
      -0.11828398
    ],
    [
      -0.11498671,
      0.06126089,
      0.99147625
    ]
  ]
}
