{
  "skill_name": "line1_4",
  "match_ms": 860.121,
  "j_end": 453,
  "s": 1.03781426,
  "t": [
    0.78896107,
    -0.50532116,
    -0.06541235
  ],
  "R": [
    [
      -0.77968489,
      -0.60247932,
      -0.17061691
    ],
    [
      0.61979582,
      -0.70375893,
      -0.34724128
    ],
    [
      0.08913251,
      -0.37648643,
      0.92212438
    ]
  ]
}
