time,x,y,z,qx,qy,qz,qw,alpha,tank_energy,passivity_lambda,passivity_power,autonomy_wrench_norm
0.000000,0.468837,0.207957,0.392747,0.979130,-0.201092,0.020093,-0.021525,0.006794,2.000000,1.000000,0.000000,0.000000
0.005000,0.468837,0.207957,0.392747,0.979130,-0.201092,0.020093,-0.021525,0.012908,2.000000,1.000000,0.000004,0.184282
0.010000,0.468836,0.207957,0.392747,0.979130,-0.201093,0.020093,-0.021525,0.018411,2.000000,1.000000,0.000016,0.262212
0.015000,0.468836,0.207957,0.392747,0.979130,-0.201093,0.020092,-0.021524,0.023363,2.000000,1.000000,0.000033,0.331996
0.020000,0.468836,0.207958,0.392748,0.979130,-0.201093,0.020092,-0.021524,0.027821,2.000000,1.000000,0.000055,0.394514
0.025000,0.468835,0.207958,0.392748,0.979129,-0.201093,0.020092,-0.021523,0.031832,1.999999,1.000000,0.000082,0.450550
0.030000,0.468835,0.207959,0.392749,0.979129,-0.201094,0.020092,-0.021522,0.035443,1.999999,1.000000,0.000110,0.500807
0.035000,0.468834,0.207959,0.392750,0.979129,-0.201094,0.020093,-0.021521,0.038692,1.999998,1.000000,0.000140,0.545916
0.040000,0.468833,0.207960,0.392751,0.979129,-0.201094,0.020093,-0.021520,0.041617,1.999997,1.000000,0.000170,0.586438
0.045000,0.468832,0.207961,0.392752,0.979129,-0.201094,0.020093,-0.021519,0.044249,1.999996,1.000000,0.000199,0.622876
0.050000,0.468831,0.207962,0.392753,0.979129,-0.201094,0.020094,-0.021518,0.046618,1.999995,1.000000,0.000226,0.655702
0.055000,0.468830,0.207963,0.392754,0.979129,-0.201094,0.020094,-0.021517,0.048749,1.999994,1.000000,0.000252,0.685307
0.060000,0.468829,0.207965,0.392756,0.979129,-0.201094,0.020095,-0.021516,0.050668,1.999993,1.000000,0.000274,0.712056
0.065000,0.468828,0.207966,0.392757,0.979129,-0.201094,0.020095,-0.021514,0.052395,1.999991,1.000000,0.000294,0.736266
0.070000,0.468826,0.207968,0.392758,0.979129,-0.201094,0.020096,-0.021513,0.053949,1.999990,1.000000,0.000312,0.758226
0.075000,0.468825,0.207970,0.392760,0.979130,-0.201094,0.020096,-0.021511,0.055348,1.999988,1.000000,0.000326,0.778210
0.080000,0.468824,0.207972,0.392761,0.979130,-0.201094,0.020097,-0.021510,0.056607,1.999986,1.000000,0.000338,0.796445
0.085000,0.468822,0.207973,0.392763,0.979130,-0.201093,0.020097,-0.021508,0.057740,1.999985,1.000000,0.000345,0.813294
0.090000,0.468821,0.207976,0.392764,0.979130,-0.201093,0.020098,-0.021506,0.058760,1.999983,1.000000,0.000349,0.828854
0.095000,0.468820,0.207978,0.392766,0.979130,-0.201092,0.020098,-0.021505,0.059678,1.999981,1.000000,0.000348,0.843307
0.100000,0.468818,0.207980,0.392767,0.979130,-0.201092,0.020098,-0.021503,0.060504,1.999979,1.000000,0.000344,0.856814
0.105000,0.468817,0.207983,0.392768,0.979130,-0.201091,0.020098,-0.021501,0.061247,1.999978,1.000000,0.000336,0.869524
0.110000,0.468816,0.207985,0.392769,0.979131,-0.201090,0.020098,-0.021499,0.061916,1.999976,1.000000,0.000324,0.881584
0.115000,0.468814,0.207988,0.392770,0.979131,-0.201089,0.020098,-0.021497,0.062519,1.999974,1.000000,0.000308,0.893115
0.120000,0.468813,0.207991,0.392771,0.979131,-0.201088,0.020097,-0.021495,0.063061,1.999973,1.000000,0.000286,0.904652
0.125000,0.468812,0.207994,0.392771,0.979131,-0.201087,0.020096,-0.021493,0.063548,1.999972,1.000000,0.000258,0.915987
0.130000,0.468811,0.207997,0.392772,0.979132,-0.201086,0.020095,-0.021491,0.063987,1.999970,1.000000,0.000224,0.927205
0.135000,0.468810,0.208000,0.392772,0.979132,-0.201085,0.020093,-0.021489,0.064383,1.999969,1.000000,0.000185,0.938369
0.140000,0.468809,0.208003,0.392771,0.979132,-0.201084,0.020091,-0.021486,0.064738,1.999969,1.000000,0.000139,0.949525
0.145000,0.468808,0.208006,0.392770,0.979133,-0.201083,0.020089,-0.021484,0.065059,1.999968,1.000000,0.000089,0.960698
0.150000,0.468807,0.208010,0.392769,0.979133,-0.201081,0.020086,-0.021481,0.065347,1.999968,1.000000,0.000033,0.971897
0.155000,0.468807,0.208013,0.392767,0.979133,-0.201080,0.020083,-0.021478,0.065606,1.999968,1.000000,-0.000029,0.984204
0.160000,0.468806,0.208016,0.392765,0.979134,-0.201079,0.020078,-0.021476,0.065839,1.999968,1.000000,-0.000098,0.996617
0.165000,0.468806,0.208019,0.392762,0.979134,-0.201078,0.020073,-0.021473,0.066050,1.999969,1.000000,-0.000197,1.008895
0.170000,0.468805,0.208022,0.392758,0.979134,-0.201077,0.020067,-0.021470,0.066239,1.999970,1.000000,-0.000343,1.021030
0.175000,0.468805,0.208025,0.392753,0.979135,-0.201077,0.020060,-0.021467,0.066409,1.999972,1.000000,-0.000533,1.033045
0.180000,0.468806,0.208028,0.392747,0.979135,-0.201076,0.020050,-0.021464,0.066562,1.999974,1.000000,-0.000760,1.044957
0.185000,0.468806,0.208030,0.392739,0.979136,-0.201076,0.020039,-0.021460,0.066700,1.999978,1.000000,-0.001023,1.056783
0.190000,0.468808,0.208033,0.392728,0.979136,-0.201076,0.020025,-0.021456,0.066824,1.999983,1.000000,-0.001328,1.069385
0.195000,0.468810,0.208035,0.392716,0.979136,-0.201076,0.020009,-0.021452,0.066936,1.999989,1.000000,-0.001674,1.081927
0.200000,0.468812,0.208036,0.392701,0.979137,-0.201077,0.019989,-0.021447,0.067037,1.999997,1.000000,-0.002056,1.094425
0.205000,0.468815,0.208038,0.392683,0.979137,-0.201077,0.019967,-0.021442,0.067127,2.000006,1.000000,-0.002474,1.106894
0.210000,0.468819,0.208039,0.392663,0.979138,-0.201078,0.019941,-0.021436,0.067209,2.000017,1.000000,-0.002924,1.119337
0.215000,0.468824,0.208040,0.392639,0.979138,-0.201080,0.019912,-0.021429,0.067282,2.000030,1.000000,-0.003404,1.131760
0.220000,0.468830,0.208041,0.392613,0.979139,-0.201081,0.019878,-0.021422,0.067348,2.000045,1.000000,-0.003914,1.144226
0.225000,0.468837,0.208042,0.392583,0.979139,-0.201083,0.019841,-0.021414,0.067408,2.000062,1.000000,-0.004452,1.156672
0.230000,0.468844,0.208042,0.392549,0.979140,-0.201085,0.019800,-0.021405,0.067462,2.000081,1.000000,-0.005015,1.169116
0.235000,0.468853,0.208042,0.392512,0.979141,-0.201087,0.019754,-0.021395,0.067510,2.000103,1.000000,-0.005602,1.181560
0.240000,0.468863,0.208041,0.392471,0.979141,-0.201089,0.019705,-0.021384,0.067553,2.000127,1.000000,-0.006209,1.194006
0.245000,0.468874,0.208040,0.392426,0.979142,-0.201092,0.019651,-0.021373,0.067592,2.000153,1.000000,-0.006836,1.206462
0.250000,0.468887,0.208039,0.392378,0.979143,-0.201095,0.019592,-0.021360,0.067628,2.000182,1.000000,-0.007479,1.218932
0.255000,0.468900,0.208038,0.392325,0.979144,-0.201098,0.019529,-0.021347,0.067659,2.000214,1.000000,-0.008138,1.231202
0.260000,0.468915,0.208036,0.392269,0.979145,-0.201101,0.019462,-0.021332,0.067688,2.000248,1.000000,-0.008808,1.243481
0.265000,0.468931,0.208034,0.392209,0.979146,-0.201105,0.019390,-0.021317,0.067714,2.000285,1.000000,-0.009490,1.255778
0.270000,0.468948,0.208031,0.392145,0.979147,-0.201108,0.019313,-0.021300,0.067737,2.000325,1.000000,-0.010181,1.268095
0.275000,0.468966,0.208029,0.392077,0.979148,-0.201112,0.019232,-0.021283,0.067758,2.000367,1.000000,-0.010880,1.280419
0.280000,0.468986,0.208026,0.392005,0.979149,-0.201116,0.019146,-0.021265,0.067777,2.000413,1.000000,-0.011585,1.292762
0.285000,0.469007,0.208022,0.391929,0.979151,-0.201121,0.019056,-0.021245,0.067794,2.000461,1.000000,-0.012295,1.305131
0.290000,0.469029,0.208019,0.391849,0.979152,-0.201125,0.018962,-0.021224,0.067809,2.000512,1.000000,-0.012993,1.316807
0.295000,0.469052,0.208015,0.391765,0.979153,-0.201130,0.018863,-0.021203,0.067823,2.000566,1.000000,-0.013686,1.328482
0.300000,0.469077,0.208011,0.391678,0.979155,-0.201134,0.018760,-0.021180,0.067835,2.000622,1.000000,-0.014372,1.340186
0.305000,0.469103,0.208006,0.391587,0.979157,-0.201139,0.018652,-0.021156,0.067847,2.000681,1.000000,-0.015053,1.351916
0.310000,0.469130,0.208002,0.391493,0.979158,-0.201144,0.018541,-0.021131,0.067857,2.000743,1.000000,-0.015726,1.363652
0.315000,0.469159,0.207997,0.391395,0.979160,-0.201149,0.018426,-0.021106,0.067866,2.000808,1.000000,-0.016393,1.375386
0.320000,0.469188,0.207992,0.391293,0.979162,-0.201154,0.018307,-0.021079,0.067874,2.000875,1.000000,-0.017051,1.387149
0.325000,0.469219,0.207987,0.391189,0.979164,-0.201159,0.018184,-0.021051,0.067882,2.000945,1.000000,-0.017677,1.398073
0.330000,0.469251,0.207981,0.391081,0.979165,-0.201164,0.018057,-0.021022,0.067888,2.001018,1.000000,-0.018285,1.409025
0.335000,0.469283,0.207976,0.390970,0.979167,-0.201169,0.017927,-0.020992,0.067894,2.001092,1.000000,-0.018875,1.420003
0.340000,0.469317,0.207970,0.390856,0.979170,-0.201174,0.017794,-0.020961,0.067900,2.001170,1.000000,-0.019448,1.431011
0.345000,0.469352,0.207965,0.390739,0.979172,-0.201179,0.017657,-0.020929,0.067905,2.001249,1.000000,-0.020004,1.442043
0.350000,0.469388,0.207959,0.390620,0.979174,-0.201184,0.017518,-0.020896,0.067910,2.001330,1.000000,-0.020543,1.453082
0.355000,0.469425,0.207953,0.390498,0.979176,-0.201189,0.017376,-0.020862,0.067914,2.001414,1.000000,-0.021065,1.464149
0.360000,0.469463,0.207947,0.390373,0.979178,-0.201194,0.017231,-0.020827,0.067917,2.001499,1.000000,-0.021522,1.474256
0.365000,0.469503,0.207941,0.390247,0.979181,-0.201199,0.017084,-0.020792,0.067921,2.001587,1.000000,-0.021902,1.484375
0.370000,0.469543,0.207935,0.390118,0.979183,-0.201203,0.016937,-0.020754,0.067924,2.001675,1.000000,-0.022222,1.494503
0.375000,0.469586,0.207928,0.389988,0.979186,-0.201208,0.016789,-0.020716,0.067927,2.001765,1.000000,-0.022500,1.504656
0.380000,0.469630,0.207920,0.389856,0.979188,-0.201212,0.016641,-0.020675,0.067929,2.001856,1.000000,-0.022746,1.514834
0.385000,0.469676,0.207912,0.389722,0.979191,-0.201216,0.016493,-0.020634,0.067931,2.001947,1.000000,-0.022966,1.525013
0.390000,0.469723,0.207904,0.389587,0.979193,-0.201221,0.016346,-0.020591,0.067933,2.002040,1.000000,-0.023114,1.533987
0.395000,0.469773,0.207895,0.389451,0.979196,-0.201225,0.016199,-0.020546,0.067935,2.002133,1.000000,-0.023222,1.542986
0.400000,0.469824,0.207886,0.389313,0.979198,-0.201229,0.016054,-0.020500,0.067937,2.002226,1.000000,-0.023300,1.552003
0.405000,0.469877,0.207876,0.389175,0.979201,-0.201232,0.015910,-0.020452,0.067939,2.002319,1.000000,-0.023353,1.561021
0.410000,0.469932,0.207865,0.389036,0.979203,-0.201236,0.015768,-0.020403,0.067940,2.002413,1.000000,-0.023385,1.570063
0.415000,0.469988,0.207854,0.388896,0.979206,-0.201240,0.015627,-0.020352,0.067941,2.002506,1.000000,-0.023400,1.579125
0.420000,0.470046,0.207842,0.388755,0.979208,-0.201243,0.015487,-0.020300,0.067943,2.002600,1.000000,-0.023399,1.588203
0.425000,0.470106,0.207830,0.388613,0.979211,-0.201247,0.015350,-0.020246,0.067944,2.002694,1.000000,-0.023326,1.595858
0.430000,0.470168,0.207818,0.388471,0.979214,-0.201250,0.015214,-0.020192,0.067945,2.002787,1.000000,-0.023214,1.603533
0.435000,0.470231,0.207804,0.388329,0.979216,-0.201253,0.015080,-0.020135,0.067946,2.002879,1.000000,-0.023071,1.611226
0.440000,0.470296,0.207791,0.388187,0.979219,-0.201256,0.014949,-0.020078,0.067947,2.002971,1.000000,-0.022903,1.618949
0.445000,0.470362,0.207777,0.388044,0.979222,-0.201258,0.014820,-0.020019,0.067948,2.003062,1.000000,-0.022712,1.626694
0.450000,0.470430,0.207762,0.387902,0.979224,-0.201260,0.014694,-0.019960,0.067948,2.003153,1.000000,-0.022497,1.634460
0.455000,0.470500,0.207748,0.387759,0.979227,-0.201261,0.014571,-0.019901,0.067949,2.003242,1.000000,-0.022246,1.642236
0.460000,0.470572,0.207733,0.387617,0.979230,-0.201261,0.014450,-0.019841,0.067950,2.003330,1.000000,-0.021870,1.647868
0.465000,0.470646,0.207718,0.387475,0.979233,-0.201260,0.014334,-0.019782,0.067950,2.003416,1.000000,-0.021415,1.653518
0.470000,0.470722,0.207703,0.387334,0.979236,-0.201258,0.014221,-0.019723,0.067951,2.003501,1.000000,-0.020894,1.659184
0.475000,0.470800,0.207688,0.387194,0.979240,-0.201255,0.014112,-0.019664,0.067952,2.003583,1.000000,-0.020320,1.664878
0.480000,0.470881,0.207673,0.387055,0.979243,-0.201250,0.014007,-0.019606,0.067952,2.003663,1.000000,-0.019701,1.670605
0.485000,0.470964,0.207658,0.386917,0.979247,-0.201245,0.013907,-0.019548,0.067953,2.003740,1.000000,-0.019044,1.676348
0.490000,0.471049,0.207642,0.386781,0.979251,-0.201238,0.013811,-0.019490,0.067953,2.003814,1.000000,-0.018355,1.682107
0.495000,0.471136,0.207626,0.386645,0.979255,-0.201231,0.013719,-0.019433,0.067954,2.003885,1.000000,-0.017559,1.685565
0.500000,0.471227,0.207610,0.386512,0.979259,-0.201222,0.013632,-0.019376,0.067954,2.003953,1.000000,-0.016691,1.689029
0.505000,0.471320,0.207593,0.386380,0.979263,-0.201212,0.013550,-0.019319,0.067954,2.004018,1.000000,-0.015766,1.692505
0.510000,0.471415,0.207576,0.386250,0.979268,-0.201201,0.013473,-0.019263,0.067955,2.004078,1.000000,-0.014798,1.696003
0.515000,0.471514,0.207559,0.386121,0.979272,-0.201189,0.013401,-0.019207,0.067955,2.004135,1.000000,-0.013795,1.699562
0.520000,0.471615,0.207541,0.385995,0.979277,-0.201176,0.013335,-0.019152,0.067956,2.004188,1.000000,-0.012765,1.703135
0.525000,0.471719,0.207523,0.385872,0.979282,-0.201162,0.013274,-0.019097,0.067956,2.004236,1.000000,-0.011714,1.706721
0.530000,0.471825,0.207504,0.385750,0.979287,-0.201147,0.013218,-0.019043,0.067956,2.004280,1.000000,-0.010607,1.709051
0.535000,0.471935,0.207485,0.385631,0.979292,-0.201131,0.013167,-0.018988,0.067957,2.004319,1.000000,-0.009459,1.711371
0.540000,0.472047,0.207465,0.385514,0.979297,-0.201115,0.013122,-0.018934,0.067957,2.004354,1.000000,-0.008281,1.713704
0.545000,0.472162,0.207444,0.385400,0.979302,-0.201098,0.013082,-0.018881,0.067957,2.004384,1.000000,-0.007081,1.716048
0.550000,0.472281,0.207423,0.385288,0.979307,-0.201080,0.013048,-0.018827,0.067958,2.004409,1.000000,-0.005866,1.718444
0.555000,0.472402,0.207401,0.385179,0.979312,-0.201061,0.013019,-0.018774,0.067958,2.004430,1.000000,-0.004642,1.720859
0.560000,0.472525,0.207378,0.385073,0.979317,-0.201043,0.012996,-0.018721,0.067958,2.004445,1.000000,-0.003394,1.722278
0.565000,0.472652,0.207354,0.384969,0.979323,-0.201023,0.012978,-0.018668,0.067959,2.004456,1.000000,-0.002120,1.723702
0.570000,0.472782,0.207329,0.384868,0.979328,-0.201003,0.012966,-0.018615,0.067959,2.004461,1.000000,-0.000833,1.725118
0.575000,0.472915,0.207303,0.384771,0.979333,-0.200984,0.012960,-0.018562,0.067959,2.004461,1.000000,0.000463,1.726545
0.580000,0.473050,0.207276,0.384676,0.979338,-0.200963,0.012959,-0.018510,0.067960,2.004454,1.000000,0.001760,1.727983
0.585000,0.473189,0.207248,0.384583,0.979343,-0.200943,0.012963,-0.018457,0.067960,2.004441,1.000000,0.003054,1.729465
0.590000,0.473330,0.207218,0.384494,0.979348,-0.200923,0.012972,-0.018405,0.067960,2.004422,1.000000,0.004343,1.730983
0.595000,0.473475,0.207188,0.384408,0.979353,-0.200903,0.012987,-0.018353,0.067960,2.004396,1.000000,0.005639,1.731171
0.600000,0.473622,0.207156,0.384325,0.979358,-0.200882,0.013008,-0.018300,0.067961,2.004364,1.000000,0.006955,1.731368
0.605000,0.473773,0.207123,0.384244,0.979363,-0.200862,0.013033,-0.018248,0.067961,2.004325,1.000000,0.008276,1.731551
0.610000,0.473926,0.207088,0.384167,0.979367,-0.200842,0.013065,-0.018196,0.067961,2.004279,1.000000,0.009597,1.731745
0.615000,0.474083,0.207052,0.384093,0.979372,-0.200822,0.013101,-0.018144,0.067962,2.004227,1.000000,0.010912,1.731949
0.620000,0.474242,0.207015,0.384021,0.979376,-0.200803,0.013143,-0.018092,0.067962,2.004168,1.000000,0.012216,1.732184
0.625000,0.474405,0.206976,0.383953,0.979381,-0.200783,0.013190,-0.018040,0.067962,2.004103,1.000000,0.013508,1.732487
0.630000,0.474570,0.206936,0.383888,0.979385,-0.200764,0.013243,-0.017988,0.067962,2.004032,1.000000,0.014787,1.731904
0.635000,0.474739,0.206894,0.383825,0.979389,-0.200745,0.013300,-0.017937,0.067963,2.003954,1.000000,0.016069,1.731331
0.640000,0.474911,0.206850,0.383766,0.979393,-0.200727,0.013363,-0.017885,0.067963,2.003869,1.000000,0.017342,1.730765
0.645000,0.475086,0.206805,0.383709,0.979397,-0.200709,0.013430,-0.017834,0.067963,2.003779,1.000000,0.018603,1.730207
0.650000,0.475264,0.206758,0.383655,0.979400,-0.200691,0.013503,-0.017783,0.067963,2.003682,1.000000,0.019848,1.729662
0.655000,0.475445,0.206710,0.383604,0.979404,-0.200673,0.013581,-0.017732,0.067964,2.003579,1.000000,0.021075,1.729128
0.660000,0.475629,0.206660,0.383556,0.979407,-0.200657,0.013663,-0.017682,0.067964,2.003470,1.000000,0.022281,1.728683
0.665000,0.475816,0.206609,0.383511,0.979410,-0.200640,0.013750,-0.017632,0.067964,2.003355,1.000000,0.023456,1.727353
0.670000,0.476007,0.206556,0.383469,0.979413,-0.200624,0.013842,-0.017582,0.067965,2.003234,1.000000,0.024634,1.726033
0.675000,0.476200,0.206501,0.383429,0.979415,-0.200608,0.013938,-0.017532,0.067965,2.003107,1.000000,0.025814,1.724723
0.680000,0.476397,0.206445,0.383392,0.979418,-0.200593,0.014039,-0.017484,0.067965,2.002974,1.000000,0.026994,1.723421
0.685000,0.476597,0.206388,0.383358,0.979421,-0.200577,0.014143,-0.017436,0.067965,2.002836,1.000000,0.028176,1.722132
0.690000,0.476800,0.206329,0.383327,0.979423,-0.200562,0.014251,-0.017389,0.067966,2.002691,1.000000,0.029360,1.720854
0.695000,0.477006,0.206268,0.383298,0.979425,-0.200546,0.014362,-0.017343,0.067966,2.002541,1.000000,0.030545,1.719655
0.700000,0.477215,0.206206,0.383272,0.979428,-0.200531,0.014477,-0.017298,0.067966,2.002385,1.000000,0.031712,1.718397
0.705000,0.477428,0.206143,0.383249,0.979430,-0.200516,0.014595,-0.017255,0.067966,2.002223,1.000000,0.032883,1.717153
0.710000,0.477644,0.206079,0.383229,0.979432,-0.200501,0.014715,-0.017213,0.067967,2.002055,1.000000,0.034054,1.715921
0.715000,0.477863,0.206013,0.383212,0.979434,-0.200486,0.014838,-0.017172,0.067967,2.001881,1.000000,0.035220,1.714707
0.720000,0.478085,0.205945,0.383197,0.979436,-0.200471,0.014964,-0.017132,0.067967,2.001702,1.000000,0.036384,1.713507
0.725000,0.478311,0.205877,0.383185,0.979437,-0.200456,0.015091,-0.017094,0.067967,2.001516,1.000000,0.037545,1.712318
0.730000,0.478540,0.205807,0.383176,0.979439,-0.200441,0.015221,-0.017057,0.067968,2.001325,1.000000,0.038695,1.711599
0.735000,0.478772,0.205735,0.383169,0.979441,-0.200427,0.015352,-0.017022,0.067968,2.001128,1.000000,0.039832,1.710949
0.740000,0.479007,0.205663,0.383165,0.979442,-0.200412,0.015485,-0.016988,0.067968,2.000926,1.000000,0.040957,1.710315
0.745000,0.479246,0.205589,0.383164,0.979443,-0.200397,0.015619,-0.016956,0.067969,2.000718,1.000000,0.042072,1.709692
0.750000,0.479487,0.205513,0.383165,0.979445,-0.200383,0.015754,-0.016925,0.067969,2.000504,1.000000,0.043172,1.709085
0.755000,0.479732,0.205437,0.383169,0.979446,-0.200369,0.015890,-0.016895,0.067969,2.000285,1.000000,0.044261,1.708491
0.760000,0.479980,0.205359,0.383175,0.979447,-0.200354,0.016026,-0.016868,0.067969,2.000061,1.000000,0.045339,1.707913
0.765000,0.480230,0.205280,0.383184,0.979448,-0.200340,0.016163,-0.016841,0.067970,1.999831,1.000000,0.046368,1.706575
0.770000,0.480484,0.205199,0.383196,0.979449,-0.200326,0.016301,-0.016816,0.067970,1.999597,1.000000,0.047406,1.705354
0.775000,0.480741,0.205117,0.383210,0.979450,-0.200312,0.016440,-0.016793,0.067970,1.999357,1.000000,0.048444,1.704150
0.780000,0.481002,0.205034,0.383227,0.979451,-0.200299,0.016579,-0.016770,0.067970,1.999112,1.000000,0.049478,1.702961
0.785000,0.481265,0.204950,0.383246,0.979452,-0.200285,0.016719,-0.016750,0.067971,1.998862,1.000000,0.050502,1.701782
0.790000,0.481532,0.204864,0.383268,0.979453,-0.200271,0.016859,-0.016731,0.067971,1.998606,1.000000,0.051513,1.700612
0.795000,0.481802,0.204777,0.383292,0.979453,-0.200258,0.017000,-0.016713,0.067971,1.998346,1.000000,0.052513,1.699459
0.800000,0.482075,0.204689,0.383319,0.979454,-0.200244,0.017141,-0.016697,0.067971,1.998081,1.000000,0.053457,1.697627
0.805000,0.482352,0.204599,0.383348,0.979454,-0.200231,0.017282,-0.016682,0.067972,1.997811,1.000000,0.054405,1.695892
0.810000,0.482631,0.204508,0.383380,0.979455,-0.200218,0.017424,-0.016669,0.067972,1.997537,1.000000,0.055349,1.694199
0.815000,0.482915,0.204415,0.383414,0.979455,-0.200205,0.017566,-0.016657,0.067972,1.997258,1.000000,0.056282,1.692529
0.820000,0.483201,0.204321,0.383450,0.979455,-0.200192,0.017708,-0.016647,0.067972,1.996974,1.000000,0.057202,1.690887
0.825000,0.483491,0.204226,0.383490,0.979455,-0.200179,0.017851,-0.016638,0.067973,1.996686,1.000000,0.058107,1.689310
0.830000,0.483784,0.204129,0.383531,0.979455,-0.200167,0.017994,-0.016631,0.067973,1.996393,1.000000,0.058996,1.687757
0.835000,0.484080,0.204031,0.383575,0.979455,-0.200154,0.018137,-0.016624,0.067973,1.996096,1.000000,0.059878,1.686741
0.840000,0.484380,0.203931,0.383621,0.979455,-0.200142,0.018279,-0.016620,0.067974,1.995794,1.000000,0.060727,1.685735
0.845000,0.484682,0.203830,0.383670,0.979455,-0.200130,0.018422,-0.016617,0.067974,1.995488,1.000000,0.061545,1.684738
0.850000,0.484988,0.203728,0.383720,0.979455,-0.200119,0.018563,-0.016615,0.067974,1.995179,1.000000,0.062338,1.683765
0.855000,0.485297,0.203624,0.383773,0.979455,-0.200107,0.018704,-0.016615,0.067974,1.994865,1.000000,0.063105,1.682813
0.860000,0.485609,0.203519,0.383828,0.979454,-0.200096,0.018844,-0.016616,0.067975,1.994548,1.000000,0.063852,1.681950
0.865000,0.485923,0.203412,0.383885,0.979454,-0.200085,0.018983,-0.016619,0.067975,1.994227,1.000000,0.064576,1.681123
0.870000,0.486241,0.203304,0.383944,0.979453,-0.200074,0.019122,-0.016623,0.067975,1.993902,1.000000,0.065272,1.680914
0.875000,0.486561,0.203195,0.384004,0.979452,-0.200064,0.019258,-0.016628,0.067975,1.993574,1.000000,0.065930,1.680724
0.880000,0.486883,0.203085,0.384067,0.979452,-0.200054,0.019394,-0.016635,0.067976,1.993243,1.000000,0.066550,1.680547
0.885000,0.487209,0.202973,0.384131,0.979451,-0.200045,0.019528,-0.016643,0.067976,1.992909,1.000000,0.067139,1.680394
0.890000,0.487537,0.202860,0.384197,0.979450,-0.200035,0.019660,-0.016652,0.067976,1.992572,1.000000,0.067698,1.680263
0.895000,0.487867,0.202746,0.384264,0.979449,-0.200026,0.019791,-0.016663,0.067977,1.992233,1.000000,0.068232,1.680204
0.900000,0.488200,0.202630,0.384333,0.979448,-0.200018,0.019920,-0.016675,0.067977,1.991891,1.000000,0.068709,1.680143
0.905000,0.488536,0.202513,0.384403,0.979447,-0.200010,0.020048,-0.016688,0.067977,1.991546,1.000000,0.069161,1.680109
0.910000,0.488873,0.202395,0.384475,0.979445,-0.200002,0.020173,-0.016702,0.067977,1.991200,1.000000,0.069586,1.680100
0.915000,0.489214,0.202276,0.384547,0.979444,-0.199995,0.020297,-0.016717,0.067978,1.990851,1.000000,0.069980,1.680085
0.920000,0.489556,0.202155,0.384621,0.979443,-0.199988,0.020419,-0.016733,0.067978,1.990501,1.000000,0.070346,1.680095
0.925000,0.489901,0.202033,0.384697,0.979441,-0.199982,0.020539,-0.016751,0.067978,1.990149,1.000000,0.070685,1.680129
0.930000,0.490248,0.201910,0.384773,0.979440,-0.199975,0.020658,-0.016769,0.067978,1.989795,1.000000,0.070997,1.680199
0.935000,0.490598,0.201786,0.384850,0.979438,-0.199970,0.020775,-0.016789,0.067979,1.989440,1.000000,0.071259,1.680352
0.940000,0.490949,0.201660,0.384928,0.979436,-0.199964,0.020889,-0.016810,0.067979,1.989083,1.000000,0.071494,1.680536
0.945000,0.491303,0.201533,0.385007,0.979434,-0.199959,0.021003,-0.016832,0.067979,1.988726,1.000000,0.071702,1.680748
0.950000,0.491659,0.201405,0.385087,0.979433,-0.199955,0.021114,-0.016854,0.067979,1.988367,1.000000,0.071885,1.681027
0.955000,0.492017,0.201276,0.385167,0.979431,-0.199951,0.021223,-0.016878,0.067980,1.988008,1.000000,0.072045,1.681362
0.960000,0.492377,0.201145,0.385248,0.979429,-0.199947,0.021331,-0.016903,0.067980,1.987648,1.000000,0.072177,1.681728
0.965000,0.492740,0.201014,0.385330,0.979427,-0.199943,0.021437,-0.016929,0.067980,1.987288,1.000000,0.072284,1.682121
0.970000,0.493104,0.200881,0.385412,0.979424,-0.199941,0.021540,-0.016956,0.067981,1.986927,1.000000,0.072351,1.682722
0.975000,0.493470,0.200747,0.385495,0.979422,-0.199939,0.021643,-0.016983,0.067981,1.986565,1.000000,0.072404,1.683354
0.980000,0.493838,0.200612,0.385577,0.979419,-0.199939,0.021743,-0.017012,0.067981,1.986204,1.000000,0.072448,1.684014
0.985000,0.494208,0.200476,0.385661,0.979416,-0.199942,0.021841,-0.017042,0.067981,1.985842,1.000000,0.072489,1.684724
0.990000,0.494580,0.200340,0.385744,0.979412,-0.199947,0.021938,-0.017074,0.067982,1.985480,1.000000,0.072530,1.685513
0.995000,0.494954,0.200202,0.385828,0.979408,-0.199955,0.022033,-0.017107,0.067982,1.985118,1.000000,0.072567,1.686334
1.000000,0.495331,0.200065,0.385912,0.979403,-0.199966,0.022126,-0.017141,0.067982,1.984756,1.000000,0.072598,1.687183
1.005000,0.495709,0.199927,0.385995,0.979398,-0.199979,0.022218,-0.017177,0.067982,1.984394,1.000000,0.072621,1.688137
1.010000,0.496089,0.199788,0.386079,0.979392,-0.199995,0.022308,-0.017215,0.067983,1.984031,1.000000,0.072635,1.689121
1.015000,0.496471,0.199649,0.386163,0.979385,-0.200014,0.022396,-0.017255,0.067983,1.983669,1.000000,0.072640,1.690135
1.020000,0.496855,0.199511,0.386246,0.979378,-0.200036,0.022483,-0.017296,0.067983,1.983306,1.000000,0.072637,1.691178
1.025000,0.497241,0.199372,0.386329,0.979370,-0.200061,0.022568,-0.017339,0.067983,1.982944,1.000000,0.072630,1.692300
1.030000,0.497628,0.199234,0.386412,0.979362,-0.200089,0.022652,-0.017383,0.067984,1.982582,1.000000,0.072614,1.693453
1.035000,0.498018,0.199095,0.386495,0.979353,-0.200119,0.022734,-0.017429,0.067984,1.982219,1.000000,0.072587,1.694633
1.040000,0.498409,0.198957,0.386577,0.979343,-0.200152,0.022814,-0.017477,0.067984,1.981857,1.000000,0.072553,1.695768
1.045000,0.498803,0.198819,0.386659,0.979333,-0.200188,0.022894,-0.017526,0.067985,1.981495,1.000000,0.072516,1.696974
1.050000,0.499198,0.198682,0.386741,0.979323,-0.200227,0.022972,-0.017577,0.067985,1.981133,1.000000,0.072470,1.698208
1.055000,0.499595,0.198545,0.386822,0.979311,-0.200268,0.023048,-0.017629,0.067985,1.980772,1.000000,0.072416,1.699468
1.060000,0.499993,0.198409,0.386902,0.979300,-0.200312,0.023123,-0.017683,0.067985,1.980411,1.000000,0.072350,1.700753
1.065000,0.500393,0.198273,0.386982,0.979287,-0.200358,0.023197,-0.017738,0.067986,1.980050,1.000000,0.072274,1.702065
1.070000,0.500795,0.198138,0.387061,0.979275,-0.200407,0.023270,-0.017794,0.067986,1.979690,1.000000,0.072169,1.704176
1.075000,0.501198,0.198004,0.387140,0.979261,-0.200459,0.023341,-0.017852,0.067986,1.979330,1.000000,0.072036,1.706274
1.080000,0.501603,0.197870,0.387217,0.979247,-0.200513,0.023411,-0.017910,0.067986,1.978971,1.000000,0.071882,1.708269
1.085000,0.502009,0.197737,0.387294,0.979233,-0.200570,0.023479,-0.017970,0.067987,1.978613,1.000000,0.071706,1.710292
1.090000,0.502417,0.197604,0.387370,0.979218,-0.200630,0.023546,-0.018030,0.067987,1.978256,1.000000,0.071507,1.712342
1.095000,0.502825,0.197472,0.387445,0.979203,-0.200692,0.023611,-0.018091,0.067987,1.977899,1.000000,0.071284,1.714345
1.100000,0.503235,0.197341,0.387519,0.979187,-0.200757,0.023675,-0.018153,0.067988,1.977544,1.000000,0.071040,1.716329
1.105000,0.503646,0.197211,0.387592,0.979170,-0.200824,0.023737,-0.018216,0.067988,1.977191,1.000000,0.070770,1.718940
1.110000,0.504058,0.197081,0.387663,0.979153,-0.200894,0.023798,-0.018279,0.067988,1.976839,1.000000,0.070467,1.721578
1.115000,0.504471,0.196952,0.387734,0.979136,-0.200966,0.023858,-0.018343,0.067988,1.976488,1.000000,0.070142,1.724232
1.120000,0.504885,0.196824,0.387803,0.979118,-0.201041,0.023916,-0.018407,0.067989,1.976139,1.000000,0.069790,1.726914
1.125000,0.505300,0.196696,0.387871,0.979099,-0.201119,0.023973,-0.018472,0.067989,1.975792,1.000000,0.069412,1.729621
1.130000,0.505715,0.196569,0.387937,0.979080,-0.201199,0.024028,-0.018537,0.067989,1.975447,1.000000,0.069012,1.732343
1.135000,0.506132,0.196442,0.388002,0.979061,-0.201281,0.024082,-0.018602,0.067989,1.975104,1.000000,0.068590,1.735072
1.140000,0.506549,0.196316,0.388065,0.979041,-0.201366,0.024134,-0.018668,0.067990,1.974763,1.000000,0.068158,1.737153
1.145000,0.506967,0.196191,0.388128,0.979020,-0.201453,0.024185,-0.018734,0.067990,1.974424,1.000000,0.067723,1.739257
1.150000,0.507385,0.196066,0.388188,0.979000,-0.201542,0.024236,-0.018800,0.067990,1.974087,1.000000,0.067289,1.741363
1.155000,0.507804,0.195943,0.388247,0.978978,-0.201633,0.024285,-0.018866,0.067990,1.973753,1.000000,0.066848,1.743484
1.160000,0.508224,0.195819,0.388305,0.978957,-0.201726,0.024333,-0.018933,0.067991,1.973421,1.000000,0.066400,1.745628
1.165000,0.508644,0.195697,0.388361,0.978935,-0.201821,0.024381,-0.019001,0.067991,1.973091,1.000000,0.065943,1.747791
1.170000,0.509065,0.195575,0.388416,0.978912,-0.201917,0.024428,-0.019068,0.067991,1.972763,1.000000,0.065481,1.749949
1.175000,0.509486,0.195454,0.388469,0.978889,-0.202016,0.024474,-0.019136,0.067992,1.972438,1.000000,0.065024,1.751721
1.180000,0.509908,0.195333,0.388521,0.978866,-0.202116,0.024520,-0.019205,0.067992,1.972115,1.000000,0.064570,1.753511
1.185000,0.510331,0.195214,0.388572,0.978843,-0.202218,0.024565,-0.019273,0.067992,1.971794,1.000000,0.064117,1.755276
1.190000,0.510753,0.195095,0.388621,0.978819,-0.202322,0.024610,-0.019342,0.067992,1.971475,1.000000,0.063663,1.757017
1.195000,0.511176,0.194977,0.388669,0.978795,-0.202427,0.024655,-0.019412,0.067993,1.971159,1.000000,0.063207,1.758777
1.200000,0.511600,0.194861,0.388715,0.978770,-0.202533,0.024699,-0.019482,0.067993,1.970845,1.000000,0.062748,1.760554
1.205000,0.512023,0.194745,0.388760,0.978745,-0.202641,0.024743,-0.019552,0.067993,1.970533,1.000000,0.062296,1.762320
1.210000,0.512447,0.194630,0.388803,0.978720,-0.202750,0.024786,-0.019623,0.067994,1.970224,1.000000,0.061835,1.764249
1.215000,0.512871,0.194516,0.388846,0.978695,-0.202861,0.024830,-0.019694,0.067994,1.969917,1.000000,0.061369,1.766195
1.220000,0.513295,0.194403,0.388886,0.978669,-0.202973,0.024873,-0.019765,0.067994,1.969612,1.000000,0.060898,1.768125
1.225000,0.513719,0.194291,0.388926,0.978643,-0.203087,0.024917,-0.019837,0.067994,1.969310,1.000000,0.060426,1.769974
1.230000,0.514144,0.194180,0.388964,0.978616,-0.203202,0.024960,-0.019909,0.067995,1.969010,1.000000,0.059948,1.771841
1.235000,0.514568,0.194070,0.389000,0.978590,-0.203318,0.025003,-0.019981,0.067995,1.968712,1.000000,0.059466,1.773721
1.240000,0.514992,0.193961,0.389036,0.978563,-0.203435,0.025046,-0.020053,0.067995,1.968417,1.000000,0.058954,1.775443
1.245000,0.515417,0.193854,0.389069,0.978535,-0.203554,0.025089,-0.020126,0.067995,1.968125,1.000000,0.058440,1.777109
1.250000,0.515841,0.193747,0.389102,0.978508,-0.203674,0.025132,-0.020198,0.067996,1.967835,1.000000,0.057923,1.778792
1.255000,0.516266,0.193641,0.389133,0.978480,-0.203795,0.025175,-0.020271,0.067996,1.967547,1.000000,0.057402,1.780491
1.260000,0.516690,0.193536,0.389162,0.978452,-0.203917,0.025219,-0.020344,0.067996,1.967262,1.000000,0.056886,1.782063
1.265000,0.517114,0.193433,0.389191,0.978423,-0.204041,0.025262,-0.020418,0.067997,1.966980,1.000000,0.056367,1.783648
1.270000,0.517538,0.193330,0.389217,0.978395,-0.204166,0.025306,-0.020491,0.067997,1.966701,1.000000,0.055843,1.785248
1.275000,0.517963,0.193228,0.389243,0.978366,-0.204292,0.025351,-0.020564,0.067997,1.966424,1.000000,0.055293,1.785893
1.280000,0.518387,0.193127,0.389267,0.978336,-0.204419,0.025396,-0.020638,0.067997,1.966150,1.000000,0.054764,1.786439
1.285000,0.518811,0.193028,0.389290,0.978307,-0.204547,0.025442,-0.020711,0.067998,1.965878,1.000000,0.054251,1.787002
1.290000,0.519235,0.192929,0.389312,0.978277,-0.204676,0.025489,-0.020785,0.067998,1.965610,1.000000,0.053749,1.787580
1.295000,0.519660,0.192831,0.389332,0.978247,-0.204806,0.025538,-0.020859,0.067998,1.965343,1.000000,0.053258,1.788052
1.300000,0.520084,0.192735,0.389352,0.978217,-0.204937,0.025587,-0.020934,0.067998,1.965079,1.000000,0.052775,1.788496
1.305000,0.520509,0.192639,0.389370,0.978186,-0.205069,0.025637,-0.021008,0.067999,1.964817,1.000000,0.052297,1.788957
1.310000,0.520933,0.192545,0.389388,0.978155,-0.205202,0.025689,-0.021083,0.067999,1.964558,1.000000,0.051805,1.788942
1.315000,0.521358,0.192451,0.389404,0.978124,-0.205336,0.025742,-0.021158,0.067999,1.964301,1.000000,0.051333,1.788804
1.320000,0.521783,0.192359,0.389420,0.978093,-0.205470,0.025796,-0.021233,0.067999,1.964047,1.000000,0.050875,1.788683
1.325000,0.522208,0.192267,0.389434,0.978061,-0.205606,0.025852,-0.021309,0.068000,1.963795,1.000000,0.050426,1.788576
1.330000,0.522633,0.192177,0.389448,0.978030,-0.205742,0.025909,-0.021385,0.068000,1.963545,1.000000,0.049991,1.788424
1.335000,0.523059,0.192088,0.389461,0.977997,-0.205879,0.025968,-0.021461,0.068000,1.963297,1.000000,0.049567,1.788226
1.340000,0.523484,0.192000,0.389473,0.977965,-0.206017,0.026029,-0.021538,0.068001,1.963051,1.000000,0.049149,1.788043
1.345000,0.523910,0.191913,0.389484,0.977933,-0.206155,0.026091,-0.021614,0.068001,1.962807,1.000000,0.048763,1.787612
1.350000,0.524335,0.191827,0.389495,0.977900,-0.206294,0.026154,-0.021692,0.068001,1.962565,1.000000,0.048388,1.787020
1.355000,0.524761,0.191743,0.389505,0.977867,-0.206434,0.026219,-0.021769,0.068001,1.962325,1.000000,0.048022,1.786423
1.360000,0.525187,0.191659,0.389514,0.977834,-0.206574,0.026286,-0.021847,0.068002,1.962087,1.000000,0.047665,1.785837
1.365000,0.525613,0.191577,0.389522,0.977800,-0.206715,0.026354,-0.021926,0.068002,1.961851,1.000000,0.047315,1.785224
1.370000,0.526039,0.191496,0.389530,0.977767,-0.206857,0.026423,-0.022004,0.068002,1.961616,1.000000,0.046974,1.784522
1.375000,0.526466,0.191416,0.389538,0.977733,-0.206999,0.026494,-0.022083,0.068002,1.961383,1.000000,0.046636,1.783833
1.380000,0.526892,0.191337,0.389544,0.977699,-0.207142,0.026567,-0.022163,0.068003,1.961152,1.000000,0.046295,1.782811
1.385000,0.527318,0.191259,0.389551,0.977665,-0.207285,0.026641,-0.022242,0.068003,1.960922,1.000000,0.045969,1.781689
1.390000,0.527745,0.191183,0.389556,0.977630,-0.207429,0.026717,-0.022322,0.068003,1.960694,1.000000,0.045654,1.780521
1.395000,0.528171,0.191107,0.389562,0.977596,-0.207573,0.026795,-0.022402,0.068004,1.960467,1.000000,0.045348,1.779366
1.400000,0.528598,0.191033,0.389567,0.977561,-0.207717,0.026874,-0.022483,0.068004,1.960242,1.000000,0.045048,1.778216
1.405000,0.529024,0.190960,0.389571,0.977526,-0.207863,0.026955,-0.022564,0.068004,1.960019,1.000000,0.044755,1.776947
1.410000,0.529451,0.190888,0.389576,0.977491,-0.208008,0.027037,-0.022645,0.068004,1.959797,1.000000,0.044437,1.775833
1.415000,0.529878,0.190817,0.389580,0.977456,-0.208154,0.027121,-0.022726,0.068005,1.959576,1.000000,0.044118,1.774731
1.420000,0.530305,0.190747,0.389584,0.977420,-0.208301,0.027207,-0.022808,0.068005,1.959357,1.000000,0.043798,1.773577
1.425000,0.530732,0.190679,0.389588,0.977384,-0.208448,0.027295,-0.022890,0.068005,1.959140,1.000000,0.043477,1.772346
1.430000,0.531159,0.190611,0.389591,0.977348,-0.208596,0.027384,-0.022972,0.068005,1.958925,1.000000,0.043155,1.771129
1.435000,0.531586,0.190543,0.389595,0.977312,-0.208745,0.027476,-0.023054,0.068006,1.958711,1.000000,0.042831,1.769924
1.440000,0.532013,0.190477,0.389598,0.977276,-0.208894,0.027568,-0.023136,0.068006,1.958498,1.000000,0.042506,1.768622
1.445000,0.532440,0.190412,0.389601,0.977239,-0.209044,0.027663,-0.023218,0.068006,1.958288,1.000000,0.042196,1.767276
1.450000,0.532867,0.190347,0.389604,0.977202,-0.209194,0.027759,-0.023301,0.068007,1.958078,1.000000,0.041885,1.765942
1.455000,0.533295,0.190283,0.389607,0.977165,-0.209344,0.027856,-0.023383,0.068007,1.957871,1.000000,0.041572,1.764592
1.460000,0.533722,0.190220,0.389610,0.977128,-0.209495,0.027955,-0.023466,0.068007,1.957665,1.000000,0.041252,1.763131
1.465000,0.534149,0.190158,0.389613,0.977091,-0.209647,0.028056,-0.023549,0.068007,1.957460,1.000000,0.040929,1.761682
1.470000,0.534576,0.190097,0.389616,0.977053,-0.209799,0.028158,-0.023632,0.068008,1.957257,1.000000,0.040604,1.760244
1.475000,0.535004,0.190036,0.389618,0.977016,-0.209951,0.028262,-0.023715,0.068008,1.957056,1.000000,0.040275,1.758754
1.480000,0.535431,0.189976,0.389621,0.976978,-0.210104,0.028366,-0.023798,0.068008,1.956856,1.000000,0.039988,1.757003
1.485000,0.535858,0.189916,0.389624,0.976940,-0.210257,0.028473,-0.023882,0.068008,1.956658,1.000000,0.039707,1.755261
1.490000,0.536285,0.189857,0.389627,0.976902,-0.210410,0.028580,-0.023965,0.068009,1.956461,1.000000,0.039429,1.753528
1.495000,0.536712,0.189799,0.389630,0.976863,-0.210563,0.028688,-0.024050,0.068009,1.956266,1.000000,0.039155,1.751712
1.500000,0.537139,0.189742,0.389633,0.976825,-0.210716,0.028798,-0.024134,0.068009,1.956071,1.000000,0.038882,1.749896
1.505000,0.537565,0.189685,0.389636,0.976786,-0.210870,0.028909,-0.024218,0.068010,1.955878,1.000000,0.038608,1.748087
1.510000,0.537992,0.189630,0.389638,0.976748,-0.211023,0.029020,-0.024303,0.068010,1.955687,1.000000,0.038335,1.746259
1.515000,0.538418,0.189574,0.389642,0.976709,-0.211177,0.029133,-0.024388,0.068010,1.955497,1.000000,0.038088,1.744415
1.520000,0.538844,0.189520,0.389645,0.976670,-0.211331,0.029247,-0.024474,0.068010,1.955308,1.000000,0.037842,1.742581
1.525000,0.539270,0.189466,0.389648,0.976632,-0.211484,0.029361,-0.024559,0.068011,1.955120,1.000000,0.037597,1.740752
1.530000,0.539696,0.189413,0.389651,0.976593,-0.211638,0.029477,-0.024645,0.068011,1.954933,1.000000,0.037352,1.738880
1.535000,0.540121,0.189361,0.389654,0.976554,-0.211791,0.029593,-0.024732,0.068011,1.954748,1.000000,0.037106,1.736985
1.540000,0.540546,0.189310,0.389657,0.976515,-0.211944,0.029710,-0.024818,0.068011,1.954564,1.000000,0.036859,1.735098
1.545000,0.540971,0.189259,0.389660,0.976476,-0.212098,0.029827,-0.024905,0.068012,1.954381,1.000000,0.036610,1.733217
1.550000,0.541396,0.189209,0.389664,0.976437,-0.212251,0.029945,-0.024992,0.068012,1.954200,1.000000,0.036387,1.730930
1.555000,0.541820,0.189160,0.389667,0.976397,-0.212404,0.030064,-0.025080,0.068012,1.954019,1.000000,0.036172,1.728648
1.560000,0.542244,0.189111,0.389670,0.976358,-0.212557,0.030183,-0.025167,0.068013,1.953839,1.000000,0.035962,1.726371
1.565000,0.542668,0.189064,0.389673,0.976319,-0.212709,0.030304,-0.025255,0.068013,1.953661,1.000000,0.035755,1.724069
1.570000,0.543092,0.189017,0.389677,0.976280,-0.212862,0.030424,-0.025344,0.068013,1.953483,1.000000,0.035550,1.721715
1.575000,0.543515,0.188971,0.389680,0.976240,-0.213014,0.030546,-0.025432,0.068013,1.953307,1.000000,0.035347,1.719368
1.580000,0.543938,0.188925,0.389684,0.976201,-0.213166,0.030668,-0.025521,0.068014,1.953131,1.000000,0.035198,1.717245
1.585000,0.544361,0.188881,0.389688,0.976162,-0.213317,0.030791,-0.025610,0.068014,1.952956,1.000000,0.035047,1.715060
1.590000,0.544783,0.188837,0.389692,0.976122,-0.213469,0.030914,-0.025700,0.068014,1.952782,1.000000,0.034894,1.712849
1.595000,0.545205,0.188794,0.389696,0.976083,-0.213620,0.031037,-0.025789,0.068014,1.952608,1.000000,0.034737,1.710643
1.600000,0.545626,0.188751,0.389700,0.976044,-0.213771,0.031161,-0.025879,0.068015,1.952436,1.000000,0.034578,1.708433
1.605000,0.546047,0.188710,0.389704,0.976004,-0.213921,0.031285,-0.025969,0.068015,1.952264,1.000000,0.034408,1.706111
1.610000,0.546467,0.188669,0.389708,0.975965,-0.214072,0.031409,-0.026059,0.068015,1.952093,1.000000,0.034235,1.703795
1.615000,0.546886,0.188629,0.389712,0.975926,-0.214222,0.031533,-0.026149,0.068015,1.951923,1.000000,0.034088,1.702222
1.620000,0.547305,0.188590,0.389717,0.975886,-0.214372,0.031658,-0.026240,0.068016,1.951753,1.000000,0.033924,1.700619
1.625000,0.547724,0.188551,0.389721,0.975847,-0.214521,0.031782,-0.026330,0.068016,1.951585,1.000000,0.033749,1.698971
1.630000,0.548141,0.188513,0.389725,0.975808,-0.214670,0.031906,-0.026421,0.068016,1.951417,1.000000,0.033561,1.697326
1.635000,0.548558,0.188475,0.389730,0.975768,-0.214820,0.032030,-0.026511,0.068017,1.951250,1.000000,0.033361,1.695684
1.640000,0.548973,0.188439,0.389734,0.975729,-0.214969,0.032154,-0.026601,0.068017,1.951085,1.000000,0.033146,1.693940
1.645000,0.549389,0.188402,0.389738,0.975690,-0.215117,0.032277,-0.026692,0.068017,1.950920,1.000000,0.032919,1.692165
1.650000,0.549803,0.188367,0.389741,0.975650,-0.215266,0.032401,-0.026782,0.068017,1.950757,1.000000,0.032686,1.690259
1.655000,0.550216,0.188332,0.389745,0.975611,-0.215414,0.032524,-0.026872,0.068018,1.950594,1.000000,0.032447,1.688344
1.660000,0.550629,0.188297,0.389749,0.975572,-0.215562,0.032647,-0.026962,0.068018,1.950433,1.000000,0.032202,1.686332
1.665000,0.551041,0.188263,0.389752,0.975533,-0.215709,0.032770,-0.027051,0.068018,1.950273,1.000000,0.031950,1.684325
1.670000,0.551452,0.188229,0.389756,0.975493,-0.215857,0.032892,-0.027141,0.068018,1.950115,1.000000,0.031693,1.682320
1.675000,0.551862,0.188196,0.389759,0.975454,-0.216004,0.033015,-0.027231,0.068019,1.949958,1.000000,0.031434,1.680284
1.680000,0.552271,0.188163,0.389762,0.975415,-0.216151,0.033138,-0.027320,0.068019,1.949802,1.000000,0.031172,1.678206
1.685000,0.552680,0.188130,0.389765,0.975376,-0.216298,0.033261,-0.027409,0.068019,1.949647,1.000000,0.030953,1.675764
1.690000,0.553088,0.188098,0.389768,0.975337,-0.216444,0.033384,-0.027499,0.068019,1.949493,1.000000,0.030738,1.673323
1.695000,0.553495,0.188066,0.389771,0.975297,-0.216590,0.033507,-0.027588,0.068020,1.949341,1.000000,0.030519,1.670812
1.700000,0.553901,0.188035,0.389774,0.975258,-0.216736,0.033630,-0.027677,0.068020,1.949189,1.000000,0.030299,1.668284
1.705000,0.554307,0.188003,0.389777,0.975219,-0.216881,0.033753,-0.027766,0.068020,1.949039,1.000000,0.030080,1.665760
1.710000,0.554711,0.187973,0.389780,0.975180,-0.217026,0.033877,-0.027855,0.068020,1.948889,1.000000,0.029862,1.663233
1.715000,0.555115,0.187942,0.389783,0.975141,-0.217171,0.034001,-0.027944,0.068021,1.948741,1.000000,0.029648,1.660690
1.720000,0.555518,0.187912,0.389786,0.975102,-0.217315,0.034124,-0.028033,0.068021,1.948594,1.000000,0.029498,1.658147
1.725000,0.555920,0.187882,0.389789,0.975063,-0.217459,0.034248,-0.028123,0.068021,1.948447,1.000000,0.029352,1.655604
1.730000,0.556321,0.187852,0.389792,0.975024,-0.217602,0.034372,-0.028212,0.068022,1.948301,1.000000,0.029208,1.653068
1.735000,0.556721,0.187823,0.389795,0.974985,-0.217745,0.034496,-0.028301,0.068022,1.948155,1.000000,0.029064,1.650541
1.740000,0.557120,0.187794,0.389799,0.974946,-0.217887,0.034620,-0.028390,0.068022,1.948011,1.000000,0.028922,1.648015
1.745000,0.557518,0.187766,0.389802,0.974908,-0.218029,0.034744,-0.028480,0.068022,1.947867,1.000000,0.028781,1.645488
1.750000,0.557914,0.187738,0.389806,0.974869,-0.218170,0.034868,-0.028569,0.068023,1.947723,1.000000,0.028675,1.642968
1.755000,0.558310,0.187710,0.389809,0.974831,-0.218311,0.034992,-0.028659,0.068023,1.947581,1.000000,0.028574,1.640461
1.760000,0.558704,0.187683,0.389813,0.974792,-0.218451,0.035116,-0.028748,0.068023,1.947438,1.000000,0.028476,1.637953
1.765000,0.559098,0.187656,0.389817,0.974754,-0.218590,0.035239,-0.028838,0.068023,1.947296,1.000000,0.028381,1.635476
1.770000,0.559490,0.187630,0.389821,0.974716,-0.218729,0.035362,-0.028928,0.068024,1.947155,1.000000,0.028284,1.633105
1.775000,0.559880,0.187604,0.389825,0.974677,-0.218867,0.035486,-0.029018,0.068024,1.947014,1.000000,0.028189,1.630736
1.780000,0.560270,0.187579,0.389829,0.974639,-0.219004,0.035609,-0.029108,0.068024,1.946874,1.000000,0.028096,1.628368
1.785000,0.560659,0.187554,0.389834,0.974601,-0.219141,0.035732,-0.029198,0.068025,1.946733,1.000000,0.028061,1.626101
1.790000,0.561046,0.187530,0.389839,0.974564,-0.219277,0.035855,-0.029288,0.068025,1.946593,1.000000,0.028034,1.623919
1.795000,0.561431,0.187506,0.389843,0.974526,-0.219412,0.035978,-0.029379,0.068025,1.946453,1.000000,0.028009,1.621739
1.800000,0.561816,0.187483,0.389848,0.974488,-0.219547,0.036101,-0.029469,0.068025,1.946313,1.000000,0.027987,1.619559
1.805000,0.562199,0.187461,0.389853,0.974451,-0.219681,0.036223,-0.029560,0.068026,1.946174,1.000000,0.027969,1.617539
1.810000,0.562581,0.187439,0.389859,0.974413,-0.219814,0.036346,-0.029651,0.068026,1.946034,1.000000,0.027954,1.615536
1.815000,0.562961,0.187417,0.389864,0.974376,-0.219947,0.036468,-0.029741,0.068026,1.945894,1.000000,0.027940,1.613533
1.820000,0.563341,0.187396,0.389870,0.974339,-0.220079,0.036590,-0.029832,0.068026,1.945755,1.000000,0.027973,1.611694
1.825000,0.563718,0.187376,0.389876,0.974302,-0.220210,0.036712,-0.029923,0.068027,1.945615,1.000000,0.028010,1.609936
1.830000,0.564094,0.187357,0.389882,0.974265,-0.220341,0.036833,-0.030014,0.068027,1.945474,1.000000,0.028047,1.608181
1.835000,0.564469,0.187338,0.389888,0.974228,-0.220470,0.036954,-0.030105,0.068027,1.945334,1.000000,0.028084,1.606427
1.840000,0.564842,0.187319,0.389894,0.974192,-0.220599,0.037075,-0.030196,0.068027,1.945194,1.000000,0.028122,1.604662
1.845000,0.565214,0.187302,0.389901,0.974155,-0.220728,0.037196,-0.030287,0.068028,1.945053,1.000000,0.028159,1.602892
1.850000,0.565584,0.187285,0.389908,0.974119,-0.220855,0.037317,-0.030379,0.068028,1.944912,1.000000,0.028196,1.601125
1.855000,0.565953,0.187269,0.389915,0.974083,-0.220982,0.037437,-0.030470,0.068028,1.944771,1.000000,0.028257,1.599167
1.860000,0.566320,0.187253,0.389922,0.974047,-0.221108,0.037557,-0.030561,0.068028,1.944629,1.000000,0.028319,1.596911
1.865000,0.566686,0.187239,0.389929,0.974011,-0.221234,0.037677,-0.030652,0.068029,1.944487,1.000000,0.028383,1.594660
1.870000,0.567050,0.187224,0.389937,0.973975,-0.221358,0.037797,-0.030743,0.068029,1.944345,1.000000,0.028446,1.592412
1.875000,0.567413,0.187211,0.389945,0.973939,-0.221483,0.037917,-0.030834,0.068029,1.944203,1.000000,0.028504,1.589977
1.880000,0.567774,0.187198,0.389953,0.973903,-0.221606,0.038036,-0.030926,0.068030,1.944060,1.000000,0.028556,1.587417
1.885000,0.568133,0.187186,0.389961,0.973868,-0.221729,0.038156,-0.031017,0.068030,1.943917,1.000000,0.028608,1.584865
1.890000,0.568492,0.187175,0.389970,0.973832,-0.221851,0.038276,-0.031108,0.068030,1.943774,1.000000,0.028684,1.581685
1.895000,0.568848,0.187164,0.389979,0.973797,-0.221972,0.038396,-0.031199,0.068030,1.943630,1.000000,0.028765,1.578134
1.900000,0.569204,0.187154,0.389988,0.973762,-0.222093,0.038517,-0.031290,0.068031,1.943486,1.000000,0.028852,1.574590
1.905000,0.569557,0.187144,0.389998,0.973727,-0.222213,0.038638,-0.031381,0.068031,1.943341,1.000000,0.028945,1.571052
1.910000,0.569910,0.187136,0.390009,0.973692,-0.222333,0.038759,-0.031472,0.068031,1.943196,1.000000,0.029033,1.567164
1.915000,0.570261,0.187128,0.390020,0.973657,-0.222452,0.038881,-0.031564,0.068031,1.943051,1.000000,0.029119,1.563117
1.920000,0.570610,0.187120,0.390031,0.973622,-0.222570,0.039003,-0.031655,0.068032,1.942905,1.000000,0.029209,1.558804
1.925000,0.570958,0.187113,0.390043,0.973587,-0.222688,0.039127,-0.031746,0.068032,1.942759,1.000000,0.029297,1.554335
1.930000,0.571305,0.187107,0.390056,0.973552,-0.222805,0.039250,-0.031838,0.068032,1.942612,1.000000,0.029372,1.549491
1.935000,0.571650,0.187101,0.390070,0.973518,-0.222921,0.039375,-0.031929,0.068033,1.942465,1.000000,0.029449,1.544659
1.940000,0.571994,0.187096,0.390084,0.973483,-0.223037,0.039500,-0.032020,0.068033,1.942318,1.000000,0.029528,1.539838
1.945000,0.572337,0.187092,0.390099,0.973448,-0.223152,0.039627,-0.032112,0.068033,1.942170,1.000000,0.029581,1.534495
1.950000,0.572678,0.187088,0.390115,0.973414,-0.223267,0.039754,-0.032204,0.068033,1.942022,1.000000,0.029633,1.529146
1.955000,0.573018,0.187084,0.390132,0.973379,-0.223381,0.039882,-0.032295,0.068034,1.941874,1.000000,0.029710,1.524064
1.960000,0.573357,0.187081,0.390150,0.973345,-0.223495,0.040010,-0.032387,0.068034,1.941725,1.000000,0.029762,1.518607
1.965000,0.573694,0.187079,0.390169,0.973310,-0.223609,0.040140,-0.032478,0.068034,1.941576,1.000000,0.029798,1.512971
1.970000,0.574030,0.187076,0.390188,0.973276,-0.223722,0.040270,-0.032570,0.068035,1.941427,1.000000,0.029828,1.507353
1.975000,0.574364,0.187075,0.390208,0.973241,-0.223835,0.040401,-0.032661,0.068035,1.941278,1.000000,0.029838,1.501507
1.980000,0.574697,0.187073,0.390230,0.973207,-0.223947,0.040533,-0.032753,0.068035,1.941129,1.000000,0.029821,1.495313
1.985000,0.575028,0.187072,0.390252,0.973173,-0.224059,0.040666,-0.032844,0.068036,1.940980,1.000000,0.029800,1.489144
1.990000,0.575358,0.187070,0.390275,0.973138,-0.224171,0.040799,-0.032935,0.068036,1.940832,1.000000,0.029808,1.482865
1.995000,0.575686,0.187069,0.390299,0.973104,-0.224283,0.040933,-0.033026,0.068036,1.940683,1.000000,0.029778,1.476023
2.000000,0.576012,0.187069,0.390324,0.973070,-0.224394,0.041067,-0.033117,0.068036,1.940534,1.000000,0.029744,1.469211
2.005000,0.576338,0.187068,0.390350,0.973035,-0.224504,0.041202,-0.033208,0.068037,1.940386,1.000000,0.029707,1.462429
2.010000,0.576661,0.187067,0.390377,0.973001,-0.224614,0.041338,-0.033298,0.068037,1.940238,1.000000,0.029625,1.455058
2.015000,0.576983,0.187067,0.390405,0.972967,-0.224724,0.041474,-0.033389,0.068037,1.940090,1.000000,0.029533,1.447639
2.020000,0.577303,0.187066,0.390434,0.972932,-0.224834,0.041611,-0.033479,0.068038,1.939943,1.000000,0.029439,1.440254
2.025000,0.577622,0.187066,0.390464,0.972898,-0.224943,0.041748,-0.033570,0.068038,1.939796,1.000000,0.029333,1.433109
2.030000,0.577939,0.187065,0.390495,0.972864,-0.225052,0.041886,-0.033660,0.068038,1.939650,1.000000,0.029192,1.425689
2.035000,0.578254,0.187064,0.390527,0.972830,-0.225161,0.042024,-0.033750,0.068038,1.939505,1.000000,0.029040,1.418313
2.040000,0.578567,0.187063,0.390560,0.972796,-0.225269,0.042162,-0.033840,0.068039,1.939361,1.000000,0.028866,1.410805
2.045000,0.578879,0.187062,0.390594,0.972761,-0.225377,0.042301,-0.033929,0.068039,1.939218,1.000000,0.028641,1.402787
2.050000,0.579189,0.187061,0.390629,0.972727,-0.225485,0.042439,-0.034018,0.068039,1.939075,1.000000,0.028410,1.394821
2.055000,0.579497,0.187059,0.390664,0.972693,-0.225592,0.042578,-0.034107,0.068040,1.938935,1.000000,0.028174,1.386905
2.060000,0.579804,0.187057,0.390701,0.972659,-0.225700,0.042717,-0.034196,0.068040,1.938795,1.000000,0.027910,1.379129
2.065000,0.580108,0.187055,0.390738,0.972625,-0.225807,0.042855,-0.034285,0.068040,1.938657,1.000000,0.027622,1.371291
2.070000,0.580411,0.187052,0.390775,0.972591,-0.225913,0.042994,-0.034373,0.068040,1.938520,1.000000,0.027321,1.363513
2.075000,0.580712,0.187048,0.390814,0.972557,-0.226020,0.043133,-0.034461,0.068041,1.938385,1.000000,0.026997,1.355596
2.080000,0.581011,0.187044,0.390853,0.972523,-0.226126,0.043271,-0.034548,0.068041,1.938251,1.000000,0.026635,1.347360
2.085000,0.581308,0.187040,0.390892,0.972489,-0.226233,0.043409,-0.034636,0.068041,1.938120,1.000000,0.026267,1.339193
2.090000,0.581603,0.187035,0.390932,0.972455,-0.226339,0.043547,-0.034723,0.068042,1.937990,1.000000,0.025915,1.330650
2.095000,0.581897,0.187029,0.390973,0.972421,-0.226444,0.043685,-0.034809,0.068042,1.937862,1.000000,0.025537,1.321850
2.100000,0.582189,0.187022,0.391014,0.972387,-0.226550,0.043822,-0.034896,0.068042,1.937736,1.000000,0.025154,1.313037
2.105000,0.582479,0.187015,0.391055,0.972354,-0.226655,0.043960,-0.034982,0.068042,1.937612,1.000000,0.024774,1.304297
2.110000,0.582767,0.187007,0.391097,0.972320,-0.226759,0.044098,-0.035069,0.068043,1.937489,1.000000,0.024391,1.295573
2.115000,0.583054,0.186999,0.391140,0.972286,-0.226864,0.044235,-0.035155,0.068043,1.937369,1.000000,0.023989,1.286702
2.120000,0.583339,0.186989,0.391183,0.972252,-0.226968,0.044373,-0.035241,0.068043,1.937251,1.000000,0.023590,1.277909
2.125000,0.583622,0.186979,0.391227,0.972219,-0.227071,0.044511,-0.035326,0.068043,1.937135,1.000000,0.023218,1.268374
2.130000,0.583904,0.186969,0.391271,0.972185,-0.227175,0.044649,-0.035412,0.068044,1.937020,1.000000,0.022852,1.258814
2.135000,0.584184,0.186957,0.391316,0.972152,-0.227277,0.044787,-0.035498,0.068044,1.936908,1.000000,0.022493,1.249257
2.140000,0.584462,0.186945,0.391361,0.972118,-0.227379,0.044925,-0.035585,0.068044,1.936797,1.000000,0.022146,1.239786
2.145000,0.584739,0.186933,0.391407,0.972085,-0.227480,0.045064,-0.035671,0.068044,1.936688,1.000000,0.021811,1.230400
2.150000,0.585015,0.186920,0.391454,0.972052,-0.227581,0.045203,-0.035758,0.068045,1.936580,1.000000,0.021474,1.221033
2.155000,0.585289,0.186906,0.391501,0.972019,-0.227681,0.045342,-0.035844,0.068045,1.936474,1.000000,0.021146,1.211751
2.160000,0.585561,0.186892,0.391549,0.971986,-0.227781,0.045482,-0.035932,0.068045,1.936370,1.000000,0.020854,1.202473
2.165000,0.585832,0.186877,0.391598,0.971953,-0.227880,0.045622,-0.036019,0.068046,1.936267,1.000000,0.020572,1.193279
2.170000,0.586101,0.186862,0.391647,0.971920,-0.227978,0.045762,-0.036107,0.068046,1.936165,1.000000,0.020296,1.184147
2.175000,0.586369,0.186846,0.391698,0.971887,-0.228075,0.045903,-0.036195,0.068046,1.936065,1.000000,0.020029,1.175119
2.180000,0.586635,0.186830,0.391749,0.971854,-0.228172,0.046044,-0.036284,0.068046,1.935966,1.000000,0.019770,1.166199
2.185000,0.586899,0.186814,0.391800,0.971822,-0.228268,0.046185,-0.036373,0.068047,1.935869,1.000000,0.019516,1.157369
2.190000,0.587163,0.186797,0.391853,0.971789,-0.228363,0.046327,-0.036462,0.068047,1.935772,1.000000,0.019268,1.148640
2.195000,0.587424,0.186780,0.391906,0.971757,-0.228458,0.046468,-0.036552,0.068047,1.935677,1.000000,0.019080,1.140757
2.200000,0.587684,0.186763,0.391960,0.971725,-0.228552,0.046610,-0.036642,0.068047,1.935582,1.000000,0.018891,1.132994
2.205000,0.587942,0.186746,0.392014,0.971693,-0.228645,0.046751,-0.036732,0.068048,1.935489,1.000000,0.018700,1.125321
2.210000,0.588199,0.186728,0.392069,0.971661,-0.228737,0.046892,-0.036823,0.068048,1.935396,1.000000,0.018510,1.117774
2.215000,0.588454,0.186711,0.392124,0.971629,-0.228829,0.047033,-0.036914,0.068048,1.935305,1.000000,0.018321,1.110355
2.220000,0.588707,0.186693,0.392180,0.971597,-0.228920,0.047174,-0.037005,0.068048,1.935214,1.000000,0.018132,1.103059
2.225000,0.588958,0.186675,0.392237,0.971565,-0.229011,0.047313,-0.037097,0.068049,1.935124,1.000000,0.017941,1.095881
2.230000,0.589208,0.186658,0.392294,0.971534,-0.229100,0.047453,-0.037188,0.068049,1.935035,1.000000,0.017786,1.089639
2.235000,0.589455,0.186640,0.392351,0.971503,-0.229189,0.047592,-0.037280,0.068049,1.934947,1.000000,0.017625,1.083530
2.240000,0.589701,0.186621,0.392409,0.971472,-0.229278,0.047730,-0.037371,0.068049,1.934860,1.000000,0.017456,1.077546
2.245000,0.589945,0.186603,0.392467,0.971440,-0.229366,0.047867,-0.037463,0.068050,1.934773,1.000000,0.017283,1.071695
2.250000,0.590187,0.186585,0.392525,0.971410,-0.229453,0.048004,-0.037554,0.068050,1.934688,1.000000,0.017107,1.065986
2.255000,0.590427,0.186566,0.392584,0.971379,-0.229540,0.048140,-0.037645,0.068050,1.934603,1.000000,0.016928,1.060417
2.260000,0.590666,0.186548,0.392642,0.971348,-0.229627,0.048275,-0.037736,0.068050,1.934519,1.000000,0.016765,1.055767
2.265000,0.590902,0.186529,0.392701,0.971317,-0.229713,0.048409,-0.037827,0.068051,1.934436,1.000000,0.016594,1.051253
2.270000,0.591136,0.186510,0.392760,0.971287,-0.229799,0.048542,-0.037917,0.068051,1.934354,1.000000,0.016415,1.046876
2.275000,0.591369,0.186491,0.392818,0.971257,-0.229884,0.048674,-0.038007,0.068051,1.934272,1.000000,0.016229,1.042638
2.280000,0.591599,0.186471,0.392877,0.971226,-0.229970,0.048805,-0.038097,0.068051,1.934192,1.000000,0.016037,1.038542
2.285000,0.591828,0.186451,0.392935,0.971196,-0.230055,0.048934,-0.038186,0.068052,1.934112,1.000000,0.015841,1.034589
2.290000,0.592055,0.186431,0.392994,0.971166,-0.230139,0.049063,-0.038275,0.068052,1.934034,1.000000,0.015640,1.030781
2.295000,0.592280,0.186410,0.393052,0.971136,-0.230224,0.049191,-0.038363,0.068052,1.933957,1.000000,0.015430,1.026745
2.300000,0.592503,0.186389,0.393109,0.971106,-0.230308,0.049319,-0.038451,0.068053,1.933880,1.000000,0.015220,1.022854
2.305000,0.592724,0.186367,0.393167,0.971077,-0.230391,0.049445,-0.038538,0.068053,1.933805,1.000000,0.015011,1.019111
2.310000,0.592944,0.186346,0.393224,0.971047,-0.230475,0.049571,-0.038625,0.068053,1.933731,1.000000,0.014801,1.015518
2.315000,0.593162,0.186323,0.393281,0.971017,-0.230558,0.049697,-0.038712,0.068053,1.933658,1.000000,0.014588,1.012075
2.320000,0.593378,0.186301,0.393338,0.970988,-0.230640,0.049822,-0.038798,0.068054,1.933585,1.000000,0.014375,1.008784
2.325000,0.593593,0.186278,0.393394,0.970958,-0.230723,0.049946,-0.038885,0.068054,1.933514,1.000000,0.014163,1.005645
2.330000,0.593807,0.186254,0.393450,0.970929,-0.230805,0.050070,-0.038970,0.068054,1.933444,1.000000,0.013951,1.001696
2.335000,0.594019,0.186230,0.393506,0.970900,-0.230886,0.050194,-0.039056,0.068054,1.933375,1.000000,0.013748,0.997907
2.340000,0.594229,0.186206,0.393562,0.970871,-0.230968,0.050318,-0.039142,0.068055,1.933307,1.000000,0.013553,0.994282
2.345000,0.594438,0.186182,0.393618,0.970842,-0.231048,0.050443,-0.039227,0.068055,1.933240,1.000000,0.013365,0.990821
2.350000,0.594647,0.186157,0.393673,0.970813,-0.231128,0.050567,-0.039313,0.068055,1.933174,1.000000,0.013183,0.987534
2.355000,0.594853,0.186132,0.393728,0.970784,-0.231208,0.050691,-0.039398,0.068055,1.933109,1.000000,0.013007,0.984417
2.360000,0.595059,0.186107,0.393784,0.970755,-0.231288,0.050816,-0.039484,0.068056,1.933045,1.000000,0.012836,0.981470
2.365000,0.595263,0.186082,0.393839,0.970726,-0.231366,0.050941,-0.039569,0.068056,1.932981,1.000000,0.012703,0.978851
2.370000,0.595466,0.186056,0.393894,0.970697,-0.231445,0.051066,-0.039654,0.068056,1.932918,1.000000,0.012574,0.976406
2.375000,0.595668,0.186030,0.393949,0.970669,-0.231523,0.051191,-0.039740,0.068056,1.932856,1.000000,0.012448,0.974138
2.380000,0.595868,0.186004,0.394004,0.970640,-0.231600,0.051317,-0.039825,0.068057,1.932794,1.000000,0.012328,0.972047
2.385000,0.596067,0.185978,0.394059,0.970611,-0.231677,0.051442,-0.039911,0.068057,1.932733,1.000000,0.012211,0.970122
2.390000,0.596265,0.185951,0.394115,0.970583,-0.231754,0.051567,-0.039996,0.068057,1.932672,1.000000,0.012097,0.968367
2.395000,0.596462,0.185925,0.394170,0.970555,-0.231830,0.051693,-0.040082,0.068057,1.932612,1.000000,0.011988,0.966791
2.400000,0.596657,0.185898,0.394225,0.970526,-0.231905,0.051818,-0.040167,0.068058,1.932552,1.000000,0.011900,0.965815
2.405000,0.596851,0.185871,0.394280,0.970498,-0.231981,0.051944,-0.040252,0.068058,1.932493,1.000000,0.011813,0.965050
2.410000,0.597043,0.185845,0.394335,0.970470,-0.232055,0.052069,-0.040337,0.068058,1.932434,1.000000,0.011727,0.964470
2.415000,0.597234,0.185818,0.394390,0.970442,-0.232130,0.052194,-0.040423,0.068058,1.932376,1.000000,0.011642,0.964071
2.420000,0.597424,0.185791,0.394446,0.970414,-0.232203,0.052319,-0.040508,0.068059,1.932318,1.000000,0.011559,0.963852
2.425000,0.597612,0.185764,0.394501,0.970386,-0.232277,0.052444,-0.040593,0.068059,1.932261,1.000000,0.011475,0.963808
2.430000,0.597799,0.185737,0.394556,0.970358,-0.232350,0.052568,-0.040677,0.068059,1.932204,1.000000,0.011423,0.964418
2.435000,0.597984,0.185710,0.394611,0.970331,-0.232423,0.052692,-0.040762,0.068059,1.932147,1.000000,0.011372,0.965197
2.440000,0.598168,0.185683,0.394666,0.970303,-0.232495,0.052816,-0.040846,0.068060,1.932090,1.000000,0.011322,0.966146
2.445000,0.598350,0.185655,0.394721,0.970276,-0.232567,0.052939,-0.040930,0.068060,1.932033,1.000000,0.011271,0.967266
2.450000,0.598531,0.185628,0.394775,0.970248,-0.232639,0.053062,-0.041013,0.068060,1.931977,1.000000,0.011221,0.968554
2.455000,0.598710,0.185600,0.394830,0.970221,-0.232710,0.053184,-0.041097,0.068060,1.931921,1.000000,0.011171,0.970008
2.460000,0.598888,0.185573,0.394884,0.970194,-0.232782,0.053306,-0.041179,0.068061,1.931865,1.000000,0.011118,0.971593
2.465000,0.599064,0.185545,0.394939,0.970166,-0.232853,0.053427,-0.041262,0.068061,1.931810,1.000000,0.011108,0.974038
2.470000,0.599239,0.185517,0.394992,0.970139,-0.232924,0.053547,-0.041343,0.068061,1.931754,1.000000,0.011102,0.976617
2.475000,0.599412,0.185488,0.395046,0.970112,-0.232995,0.053666,-0.041424,0.068061,1.931699,1.000000,0.011099,0.979343
2.480000,0.599583,0.185459,0.395099,0.970085,-0.233066,0.053785,-0.041504,0.068062,1.931643,1.000000,0.011096,0.982232
2.485000,0.599752,0.185430,0.395152,0.970058,-0.233137,0.053902,-0.041584,0.068062,1.931587,1.000000,0.011094,0.985254
2.490000,0.599920,0.185400,0.395204,0.970031,-0.233208,0.054018,-0.041662,0.068062,1.931532,1.000000,0.011092,0.988407
2.495000,0.600086,0.185370,0.395256,0.970004,-0.233279,0.054134,-0.041740,0.068062,1.931476,1.000000,0.011088,0.991693
2.500000,0.600250,0.185339,0.395307,0.969977,-0.233350,0.054248,-0.041816,0.068063,1.931421,1.000000,0.011084,0.994912
2.505000,0.600413,0.185307,0.395357,0.969951,-0.233422,0.054361,-0.041892,0.068063,1.931365,1.000000,0.011087,0.998247
2.510000,0.600574,0.185274,0.395407,0.969924,-0.233494,0.054474,-0.041967,0.068063,1.931310,1.000000,0.011094,1.001695
2.515000,0.600733,0.185241,0.395457,0.969897,-0.233565,0.054586,-0.042041,0.068063,1.931254,1.000000,0.011103,1.005251
2.520000,0.600891,0.185207,0.395505,0.969870,-0.233637,0.054697,-0.042114,0.068064,1.931199,1.000000,0.011115,1.008921
2.525000,0.601047,0.185172,0.395553,0.969843,-0.233710,0.054807,-0.042186,0.068064,1.931143,1.000000,0.011129,1.012701
2.530000,0.601202,0.185136,0.395601,0.969817,-0.233782,0.054917,-0.042257,0.068064,1.931087,1.000000,0.011145,1.016600
2.535000,0.601356,0.185099,0.395648,0.969790,-0.233854,0.055026,-0.042328,0.068064,1.931031,1.000000,0.011143,1.019804
2.540000,0.601508,0.185061,0.395694,0.969763,-0.233927,0.055135,-0.042398,0.068065,1.930975,1.000000,0.011151,1.023122
2.545000,0.601659,0.185022,0.395739,0.969736,-0.234000,0.055244,-0.042467,0.068065,1.930920,1.000000,0.011168,1.026550
2.550000,0.601809,0.184982,0.395785,0.969710,-0.234073,0.055353,-0.042535,0.068065,1.930864,1.000000,0.011190,1.030082
2.555000,0.601958,0.184940,0.395829,0.969683,-0.234146,0.055463,-0.042603,0.068065,1.930808,1.000000,0.011220,1.033722
2.560000,0.602106,0.184898,0.395873,0.969656,-0.234219,0.055572,-0.042671,0.068066,1.930751,1.000000,0.011255,1.037471
2.565000,0.602253,0.184855,0.395917,0.969629,-0.234293,0.055682,-0.042738,0.068066,1.930695,1.000000,0.011296,1.041327
2.570000,0.602399,0.184810,0.395960,0.969602,-0.234366,0.055792,-0.042804,0.068066,1.930638,1.000000,0.011357,1.045094
2.575000,0.602544,0.184765,0.396002,0.969575,-0.234440,0.055902,-0.042870,0.068066,1.930581,1.000000,0.011430,1.048963
2.580000,0.602688,0.184718,0.396045,0.969547,-0.234514,0.056013,-0.042936,0.068067,1.930523,1.000000,0.011513,1.052932
2.585000,0.602832,0.184670,0.396086,0.969520,-0.234588,0.056124,-0.043001,0.068067,1.930465,1.000000,0.011604,1.056989
2.590000,0.602974,0.184620,0.396128,0.969493,-0.234662,0.056235,-0.043066,0.068067,1.930407,1.000000,0.011702,1.061134
2.595000,0.603116,0.184570,0.396169,0.969466,-0.234737,0.056346,-0.043131,0.068067,1.930348,1.000000,0.011809,1.065376
2.600000,0.603257,0.184518,0.396209,0.969438,-0.234812,0.056458,-0.043195,0.068068,1.930288,1.000000,0.011972,1.069933
2.605000,0.603397,0.184465,0.396249,0.969411,-0.234887,0.056569,-0.043258,0.068068,1.930228,1.000000,0.012153,1.074608
2.610000,0.603535,0.184411,0.396289,0.969383,-0.234962,0.056681,-0.043321,0.068068,1.930166,1.000000,0.012348,1.079371
2.615000,0.603673,0.184355,0.396328,0.969355,-0.235038,0.056791,-0.043384,0.068069,1.930104,1.000000,0.012555,1.084211
2.620000,0.603809,0.184298,0.396366,0.969328,-0.235114,0.056902,-0.043446,0.068069,1.930040,1.000000,0.012772,1.089134
2.625000,0.603944,0.184240,0.396404,0.969300,-0.235190,0.057012,-0.043507,0.068069,1.929975,1.000000,0.012999,1.094157
2.630000,0.604078,0.184180,0.396442,0.969272,-0.235266,0.057121,-0.043568,0.068069,1.929909,1.000000,0.013233,1.099257
2.635000,0.604211,0.184119,0.396479,0.969245,-0.235343,0.057230,-0.043628,0.068070,1.929842,1.000000,0.013532,1.104374
2.640000,0.604342,0.184055,0.396516,0.969217,-0.235421,0.057337,-0.043686,0.068070,1.929773,1.000000,0.013862,1.109544
2.645000,0.604472,0.183991,0.396552,0.969189,-0.235499,0.057444,-0.043744,0.068070,1.929702,1.000000,0.014212,1.114766
2.650000,0.604600,0.183924,0.396587,0.969161,-0.235578,0.057550,-0.043801,0.068070,1.929630,1.000000,0.014580,1.120039
2.655000,0.604727,0.183855,0.396622,0.969133,-0.235658,0.057654,-0.043856,0.068070,1.929555,1.000000,0.014960,1.125358
2.660000,0.604851,0.183785,0.396656,0.969105,-0.235738,0.057757,-0.043911,0.068071,1.929479,1.000000,0.015349,1.130745
2.665000,0.604974,0.183712,0.396690,0.969076,-0.235819,0.057859,-0.043964,0.068071,1.929401,1.000000,0.015748,1.136182
2.670000,0.605095,0.183638,0.396723,0.969048,-0.235900,0.057959,-0.044016,0.068071,1.929320,1.000000,0.016198,1.141001
2.675000,0.605214,0.183560,0.396755,0.969020,-0.235983,0.058058,-0.044066,0.068071,1.929238,1.000000,0.016693,1.145851
2.680000,0.605332,0.183481,0.396787,0.968991,-0.236067,0.058155,-0.044114,0.068072,1.929152,1.000000,0.017218,1.150742
2.685000,0.605447,0.183398,0.396817,0.968963,-0.236152,0.058251,-0.044161,0.068072,1.929064,1.000000,0.017763,1.155658
2.690000,0.605560,0.183313,0.396847,0.968934,-0.236239,0.058345,-0.044206,0.068072,1.928973,1.000000,0.018323,1.160597
2.695000,0.605671,0.183224,0.396877,0.968905,-0.236326,0.058438,-0.044249,0.068072,1.928880,1.000000,0.018893,1.165538
2.700000,0.605780,0.183133,0.396905,0.968876,-0.236415,0.058529,-0.044290,0.068073,1.928783,1.000000,0.019469,1.170489
2.705000,0.605886,0.183039,0.396933,0.968847,-0.236505,0.058618,-0.044330,0.068073,1.928684,1.000000,0.020066,1.173757
2.710000,0.605991,0.182941,0.396959,0.968817,-0.236597,0.058706,-0.044368,0.068073,1.928581,1.000000,0.020725,1.177032
2.715000,0.606094,0.182839,0.396985,0.968788,-0.236691,0.058793,-0.044403,0.068073,1.928475,1.000000,0.021426,1.180386
2.720000,0.606194,0.182733,0.397010,0.968757,-0.236787,0.058879,-0.044436,0.068074,1.928366,1.000000,0.022152,1.183751
2.725000,0.606293,0.182622,0.397035,0.968727,-0.236884,0.058963,-0.044467,0.068074,1.928252,1.000000,0.022896,1.187121
2.730000,0.606389,0.182508,0.397058,0.968696,-0.236984,0.059047,-0.044495,0.068074,1.928135,1.000000,0.023651,1.190506
2.735000,0.606484,0.182389,0.397081,0.968665,-0.237086,0.059129,-0.044522,0.068074,1.928014,1.000000,0.024417,1.193910
2.740000,0.606576,0.182266,0.397102,0.968633,-0.237190,0.059210,-0.044547,0.068075,1.927890,1.000000,0.025177,1.194802
2.745000,0.606667,0.182138,0.397123,0.968601,-0.237298,0.059291,-0.044569,0.068075,1.927762,1.000000,0.026002,1.195694
2.750000,0.606756,0.182004,0.397144,0.968567,-0.237412,0.059372,-0.044590,0.068075,1.927629,1.000000,0.026851,1.196570
2.755000,0.606844,0.181865,0.397163,0.968532,-0.237531,0.059453,-0.044609,0.068075,1.927492,1.000000,0.027706,1.197438
2.760000,0.606930,0.181722,0.397182,0.968496,-0.237656,0.059533,-0.044626,0.068076,1.927351,1.000000,0.028558,1.198309
2.765000,0.607015,0.181573,0.397200,0.968458,-0.237786,0.059614,-0.044643,0.068076,1.927206,1.000000,0.029372,1.199181
2.770000,0.607099,0.181419,0.397218,0.968419,-0.237921,0.059694,-0.044658,0.068076,1.927057,1.000000,0.030062,1.197412
2.775000,0.607184,0.181260,0.397235,0.968379,-0.238061,0.059776,-0.044672,0.068076,1.926905,1.000000,0.030773,1.195646
2.780000,0.607268,0.181096,0.397252,0.968338,-0.238205,0.059858,-0.044685,0.068077,1.926749,1.000000,0.031513,1.193881
2.785000,0.607354,0.180928,0.397269,0.968296,-0.238353,0.059940,-0.044697,0.068077,1.926589,1.000000,0.032283,1.192128
2.790000,0.607440,0.180755,0.397285,0.968253,-0.238505,0.060024,-0.044707,0.068077,1.926425,1.000000,0.033081,1.190391
2.795000,0.607528,0.180576,0.397302,0.968209,-0.238661,0.060108,-0.044717,0.068077,1.926258,1.000000,0.033904,1.188657
2.800000,0.607617,0.180393,0.397318,0.968164,-0.238822,0.060193,-0.044725,0.068078,1.926086,1.000000,0.034747,1.186925
2.805000,0.607708,0.180204,0.397334,0.968117,-0.238986,0.060279,-0.044731,0.068078,1.925910,1.000000,0.035511,1.183174
2.810000,0.607800,0.180010,0.397350,0.968070,-0.239155,0.060366,-0.044737,0.068078,1.925731,1.000000,0.036323,1.179429
2.815000,0.607894,0.179810,0.397366,0.968021,-0.239329,0.060454,-0.044741,0.068078,1.925547,1.000000,0.037167,1.175697
2.820000,0.607990,0.179603,0.397382,0.967971,-0.239507,0.060544,-0.044743,0.068078,1.925359,1.000000,0.038032,1.171977
2.825000,0.608088,0.179390,0.397398,0.967920,-0.239691,0.060634,-0.044745,0.068079,1.925167,1.000000,0.038910,1.168279
2.830000,0.608188,0.179170,0.397414,0.967868,-0.239879,0.060725,-0.044745,0.068079,1.924971,1.000000,0.039793,1.164594
2.835000,0.608290,0.178943,0.397429,0.967814,-0.240073,0.060817,-0.044744,0.068079,1.924770,1.000000,0.040676,1.160921
2.840000,0.608394,0.178709,0.397445,0.967759,-0.240272,0.060910,-0.044742,0.068079,1.924565,1.000000,0.041452,1.155918
2.845000,0.608500,0.178468,0.397459,0.967702,-0.240477,0.061003,-0.044739,0.068080,1.924356,1.000000,0.042238,1.150922
2.850000,0.608608,0.178220,0.397474,0.967644,-0.240688,0.061098,-0.044735,0.068080,1.924143,1.000000,0.043023,1.145957
2.855000,0.608719,0.177964,0.397488,0.967585,-0.240904,0.061192,-0.044730,0.068080,1.923927,1.000000,0.043800,1.141021
2.860000,0.608832,0.177700,0.397502,0.967523,-0.241126,0.061288,-0.044724,0.068080,1.923707,1.000000,0.044564,1.136143
2.865000,0.608947,0.177428,0.397516,0.967461,-0.241355,0.061383,-0.044718,0.068081,1.923483,1.000000,0.045308,1.131302
2.870000,0.609065,0.177148,0.397529,0.967397,-0.241589,0.061479,-0.044710,0.068081,1.923255,1.000000,0.046027,1.126490
2.875000,0.609185,0.176861,0.397542,0.967331,-0.241829,0.061575,-0.044702,0.068081,1.923024,1.000000,0.046602,1.120634
2.880000,0.609307,0.176565,0.397554,0.967263,-0.242076,0.061670,-0.044694,0.068081,1.922791,1.000000,0.047154,1.114792
2.885000,0.609431,0.176260,0.397565,0.967194,-0.242329,0.061766,-0.044685,0.068082,1.922555,1.000000,0.047680,1.109006
2.890000,0.609558,0.175947,0.397576,0.967124,-0.242588,0.061862,-0.044675,0.068082,1.922317,1.000000,0.048174,1.103277
2.895000,0.609687,0.175626,0.397586,0.967051,-0.242854,0.061957,-0.044665,0.068082,1.922076,1.000000,0.048632,1.097621
2.900000,0.609818,0.175296,0.397595,0.966977,-0.243126,0.062051,-0.044654,0.068082,1.921833,1.000000,0.049052,1.092037
2.905000,0.609952,0.174957,0.397604,0.966902,-0.243405,0.062145,-0.044643,0.068083,1.921588,1.000000,0.049428,1.086512
2.910000,0.610088,0.174610,0.397612,0.966824,-0.243690,0.062238,-0.044632,0.068083,1.921343,1.000000,0.049575,1.080143
2.915000,0.610226,0.174253,0.397619,0.966745,-0.243982,0.062331,-0.044621,0.068083,1.921096,1.000000,0.049677,1.073818
2.920000,0.610366,0.173888,0.397626,0.966665,-0.244281,0.062422,-0.044610,0.068083,1.920850,1.000000,0.049731,1.067593
2.925000,0.610508,0.173514,0.397631,0.966582,-0.244586,0.062512,-0.044598,0.068084,1.920603,1.000000,0.049734,1.061478
2.930000,0.610653,0.173131,0.397635,0.966498,-0.244899,0.062601,-0.044586,0.068084,1.920357,1.000000,0.049682,1.055480
2.935000,0.610800,0.172739,0.397639,0.966412,-0.245218,0.062689,-0.044574,0.068084,1.920111,1.000000,0.049576,1.049615
2.940000,0.610948,0.172337,0.397641,0.966324,-0.245544,0.062776,-0.044562,0.068084,1.919867,1.000000,0.049192,1.043278
2.945000,0.611100,0.171927,0.397642,0.966234,-0.245877,0.062861,-0.044549,0.068085,1.919626,1.000000,0.048750,1.037120
2.950000,0.611253,0.171507,0.397643,0.966143,-0.246216,0.062944,-0.044537,0.068085,1.919386,1.000000,0.048243,1.031120
2.955000,0.611408,0.171078,0.397641,0.966050,-0.246563,0.063026,-0.044524,0.068085,1.919150,1.000000,0.047665,1.025288
2.960000,0.611565,0.170639,0.397639,0.965954,-0.246918,0.063106,-0.044512,0.068085,1.918916,1.000000,0.047014,1.019646
2.965000,0.611724,0.170191,0.397635,0.965858,-0.247279,0.063184,-0.044499,0.068085,1.918686,1.000000,0.046288,1.014196
2.970000,0.611886,0.169733,0.397630,0.965759,-0.247647,0.063261,-0.044486,0.068086,1.918461,1.000000,0.045484,1.008905
2.975000,0.612049,0.169266,0.397623,0.965658,-0.248022,0.063335,-0.044474,0.068086,1.918240,1.000000,0.044494,1.003646
2.980000,0.612214,0.168790,0.397615,0.965556,-0.248404,0.063406,-0.044461,0.068086,1.918024,1.000000,0.043426,0.998624
2.985000,0.612381,0.168305,0.397606,0.965452,-0.248793,0.063476,-0.044449,0.068086,1.917814,1.000000,0.042275,0.993815
2.990000,0.612550,0.167810,0.397594,0.965346,-0.249190,0.063543,-0.044436,0.068087,1.917610,1.000000,0.041037,0.989189
2.995000,0.612721,0.167306,0.397582,0.965238,-0.249592,0.063608,-0.044424,0.068087,1.917412,1.000000,0.039716,0.984812
3.000000,0.612893,0.166793,0.397567,0.965128,-0.250002,0.063670,-0.044412,0.068087,1.917222,1.000000,0.038313,0.980685
3.005000,0.613067,0.166270,0.397551,0.965017,-0.250419,0.063730,-0.044400,0.068087,1.917038,1.000000,0.036837,0.976808
3.010000,0.613243,0.165739,0.397534,0.964904,-0.250842,0.063787,-0.044389,0.068088,1.916863,1.000000,0.035240,0.972809
3.015000,0.613420,0.165199,0.397514,0.964789,-0.251271,0.063841,-0.044378,0.068088,1.916696,1.000000,0.033570,0.969079
3.020000,0.613598,0.164651,0.397493,0.964672,-0.251707,0.063892,-0.044367,0.068088,1.916537,1.000000,0.031824,0.965621
3.025000,0.613778,0.164093,0.397471,0.964554,-0.252150,0.063941,-0.044357,0.068088,1.916388,1.000000,0.030005,0.962371
3.030000,0.613960,0.163528,0.397447,0.964434,-0.252598,0.063987,-0.044347,0.068089,1.916248,1.000000,0.028114,0.959399
3.035000,0.614142,0.162954,0.397422,0.964313,-0.253053,0.064031,-0.044338,0.068089,1.916118,1.000000,0.026154,0.956706
3.040000,0.614326,0.162372,0.397395,0.964189,-0.253513,0.064072,-0.044329,0.068089,1.915997,1.000000,0.024121,0.954271
3.045000,0.614511,0.161782,0.397366,0.964064,-0.253979,0.064110,-0.044320,0.068089,1.915888,1.000000,0.021944,0.951269
3.050000,0.614696,0.161184,0.397337,0.963938,-0.254451,0.064145,-0.044312,0.068089,1.915790,1.000000,0.019709,0.948569
3.055000,0.614883,0.160579,0.397306,0.963810,-0.254929,0.064178,-0.044305,0.068090,1.915703,1.000000,0.017417,0.946173
3.060000,0.615071,0.159966,0.397274,0.963680,-0.255411,0.064209,-0.044298,0.068090,1.915628,1.000000,0.015076,0.944062
3.065000,0.615259,0.159346,0.397241,0.963549,-0.255900,0.064238,-0.044292,0.068090,1.915564,1.000000,0.012683,0.942248
3.070000,0.615449,0.158719,0.397207,0.963417,-0.256393,0.064265,-0.044286,0.068090,1.915513,1.000000,0.010236,0.940743
3.075000,0.615639,0.158085,0.397172,0.963282,-0.256891,0.064289,-0.044281,0.068091,1.915474,1.000000,0.007737,0.939542
3.080000,0.615830,0.157444,0.397136,0.963147,-0.257394,0.064312,-0.044277,0.068091,1.915448,1.000000,0.005214,0.938009
3.085000,0.616021,0.156796,0.397100,0.963010,-0.257901,0.064332,-0.044273,0.068091,1.915435,1.000000,0.002649,0.936778
3.090000,0.616213,0.156143,0.397063,0.962872,-0.258413,0.064351,-0.044271,0.068091,1.915435,1.000000,0.000044,0.935849
3.095000,0.616406,0.155483,0.397025,0.962732,-0.258929,0.064368,-0.044269,0.068092,1.915445,1.000000,-0.002592,0.935208
3.100000,0.616599,0.154817,0.396987,0.962591,-0.259449,0.064383,-0.044269,0.068092,1.915466,1.000000,-0.005255,0.934844
3.105000,0.616792,0.154146,0.396949,0.962449,-0.259973,0.064397,-0.044269,0.068092,1.915498,1.000000,-0.007951,0.934783
3.110000,0.616985,0.153470,0.396910,0.962305,-0.260500,0.064409,-0.044270,0.068092,1.915540,1.000000,-0.010592,0.934708
3.115000,0.617178,0.152788,0.396872,0.962160,-0.261031,0.064420,-0.044272,0.068092,1.915593,1.000000,-0.013258,0.934879
3.120000,0.617372,0.152102,0.396833,0.962015,-0.261565,0.064429,-0.044276,0.068093,1.915656,1.000000,-0.015947,0.935322
3.125000,0.617565,0.151411,0.396794,0.961868,-0.262102,0.064437,-0.044280,0.068093,1.915731,1.000000,-0.018655,0.936048
3.130000,0.617758,0.150716,0.396755,0.961720,-0.262642,0.064444,-0.044286,0.068093,1.915816,1.000000,-0.021380,0.937050
3.135000,0.617951,0.150017,0.396717,0.961571,-0.263185,0.064449,-0.044293,0.068093,1.915912,1.000000,-0.024128,0.938288
3.140000,0.618144,0.149313,0.396679,0.961421,-0.263730,0.064452,-0.044301,0.068094,1.916020,1.000000,-0.026888,0.939809
3.145000,0.618336,0.148607,0.396641,0.961270,-0.264278,0.064455,-0.044310,0.068094,1.916139,1.000000,-0.029718,0.941336
3.150000,0.618527,0.147896,0.396603,0.961118,-0.264828,0.064457,-0.044321,0.068094,1.916269,1.000000,-0.032549,0.943141
3.155000,0.618718,0.147183,0.396566,0.960965,-0.265379,0.064457,-0.044332,0.068094,1.916410,1.000000,-0.035377,0.945216
3.160000,0.618909,0.146467,0.396529,0.960811,-0.265933,0.064457,-0.044345,0.068094,1.916563,1.000000,-0.038209,0.947581
3.165000,0.619099,0.145747,0.396494,0.960657,-0.266489,0.064456,-0.044359,0.068095,1.916727,1.000000,-0.041043,0.950231
3.170000,0.619288,0.145025,0.396459,0.960502,-0.267046,0.064454,-0.044373,0.068095,1.916902,1.000000,-0.043878,0.953121
3.175000,0.619476,0.144301,0.396424,0.960346,-0.267604,0.064451,-0.044389,0.068095,1.917089,1.000000,-0.046713,0.956284
3.180000,0.619663,0.143574,0.396391,0.960189,-0.268164,0.064448,-0.044406,0.068095,1.917287,1.000000,-0.049566,0.959534
3.185000,0.619850,0.142845,0.396359,0.960031,-0.268726,0.064445,-0.044424,0.068096,1.917497,1.000000,-0.052419,0.963064
3.190000,0.620036,0.142115,0.396327,0.959873,-0.269288,0.064441,-0.044443,0.068096,1.917718,1.000000,-0.055278,0.966865
3.195000,0.620220,0.141382,0.396297,0.959714,-0.269851,0.064436,-0.044463,0.068096,1.917951,1.000000,-0.058132,0.970945
3.200000,0.620404,0.140648,0.396267,0.959555,-0.270416,0.064432,-0.044484,0.068096,1.918195,1.000000,-0.060980,0.975300
3.205000,0.620587,0.139912,0.396239,0.959395,-0.270981,0.064427,-0.044506,0.068097,1.918450,1.000000,-0.063813,0.979895
3.210000,0.620769,0.139175,0.396212,0.959234,-0.271546,0.064423,-0.044529,0.068097,1.918716,1.000000,-0.066632,0.984729
3.215000,0.620949,0.138437,0.396187,0.959073,-0.272112,0.064418,-0.044553,0.068097,1.918994,1.000000,-0.069274,0.989292
3.220000,0.621128,0.137698,0.396162,0.958911,-0.272679,0.064413,-0.044578,0.068097,1.919281,1.000000,-0.071900,0.994085
3.225000,0.621307,0.136958,0.396139,0.958749,-0.273246,0.064408,-0.044603,0.068097,1.919580,1.000000,-0.074511,0.999087
3.230000,0.621483,0.136217,0.396117,0.958586,-0.273813,0.064403,-0.044630,0.068098,1.919888,1.000000,-0.077104,1.004312
3.235000,0.621659,0.135476,0.396096,0.958423,-0.274380,0.064397,-0.044658,0.068098,1.920207,1.000000,-0.079680,1.009757
3.240000,0.621833,0.134735,0.396077,0.958260,-0.274946,0.064392,-0.044687,0.068098,1.920536,1.000000,-0.082242,1.015416
3.245000,0.622006,0.133994,0.396059,0.958096,-0.275513,0.064387,-0.044716,0.068098,1.920876,1.000000,-0.084795,1.021285
3.250000,0.622177,0.133253,0.396042,0.957932,-0.276079,0.064382,-0.044747,0.068099,1.921225,1.000000,-0.087255,1.027162
3.255000,0.622347,0.132512,0.396027,0.957767,-0.276645,0.064377,-0.044779,0.068099,1.921584,1.000000,-0.089692,1.033238
3.260000,0.622516,0.131771,0.396013,0.957603,-0.277210,0.064371,-0.044811,0.068099,1.921953,1.000000,-0.092101,1.039482
3.265000,0.622683,0.131031,0.396000,0.957438,-0.277774,0.064366,-0.044844,0.068099,1.922331,1.000000,-0.094482,1.045898
3.270000,0.622848,0.130292,0.395989,0.957273,-0.278338,0.064361,-0.044878,0.068099,1.922719,1.000000,-0.096843,1.052501
3.275000,0.623012,0.129553,0.395979,0.957108,-0.278901,0.064356,-0.044913,0.068100,1.923116,1.000000,-0.099183,1.059287
3.280000,0.623174,0.128816,0.395970,0.956942,-0.279463,0.064352,-0.044948,0.068100,1.923523,1.000000,-0.101541,1.066632
3.285000,0.623334,0.128079,0.395963,0.956777,-0.280024,0.064347,-0.044984,0.068100,1.923939,1.000000,-0.103883,1.074154
3.290000,0.623493,0.127343,0.395957,0.956611,-0.280585,0.064342,-0.045020,0.068100,1.924364,1.000000,-0.106209,1.081850
3.295000,0.623650,0.126608,0.395953,0.956446,-0.281144,0.064337,-0.045057,0.068101,1.924799,1.000000,-0.108527,1.089728
3.300000,0.623806,0.125874,0.395949,0.956280,-0.281703,0.064333,-0.045093,0.068101,1.925243,1.000000,-0.110840,1.097799
3.305000,0.623959,0.125141,0.395947,0.956114,-0.282261,0.064328,-0.045130,0.068101,1.925696,1.000000,-0.113142,1.106036
3.310000,0.624111,0.124410,0.395946,0.955948,-0.282818,0.064323,-0.045167,0.068101,1.926158,1.000000,-0.115433,1.114433
3.315000,0.624261,0.123679,0.395946,0.955782,-0.283374,0.064319,-0.045204,0.068102,1.926630,1.000000,-0.117622,1.123196
3.320000,0.624410,0.122950,0.395947,0.955616,-0.283929,0.064314,-0.045240,0.068102,1.927109,1.000000,-0.119796,1.132075
3.325000,0.624556,0.122222,0.395950,0.955450,-0.284483,0.064309,-0.045276,0.068102,1.927598,1.000000,-0.121958,1.141088
3.330000,0.624700,0.121495,0.395953,0.955283,-0.285037,0.064303,-0.045312,0.068102,1.928095,1.000000,-0.124109,1.150233
3.335000,0.624842,0.120770,0.395957,0.955117,-0.285589,0.064297,-0.045347,0.068102,1.928600,1.000000,-0.126262,1.159548
3.340000,0.624982,0.120046,0.395961,0.954951,-0.286141,0.064290,-0.045381,0.068103,1.929115,1.000000,-0.128404,1.168990
3.345000,0.625121,0.119324,0.395967,0.954784,-0.286692,0.064283,-0.045414,0.068103,1.929638,1.000000,-0.130535,1.178556
3.350000,0.625257,0.118603,0.395973,0.954618,-0.287242,0.064276,-0.045447,0.068103,1.930168,1.000000,-0.132560,1.188413
3.355000,0.625391,0.117884,0.395980,0.954452,-0.287791,0.064267,-0.045479,0.068103,1.930707,1.000000,-0.134562,1.198333
3.360000,0.625523,0.117166,0.395987,0.954285,-0.288339,0.064258,-0.045510,0.068104,1.931254,1.000000,-0.136553,1.208353
3.365000,0.625654,0.116450,0.395995,0.954119,-0.288886,0.064249,-0.045540,0.068104,1.931809,1.000000,-0.138534,1.218467
3.370000,0.625782,0.115736,0.396003,0.953953,-0.289432,0.064238,-0.045570,0.068104,1.932372,1.000000,-0.140506,1.228678
3.375000,0.625908,0.115024,0.396011,0.953787,-0.289977,0.064226,-0.045598,0.068104,1.932942,1.000000,-0.142469,1.238982
3.380000,0.626032,0.114313,0.396019,0.953621,-0.290520,0.064214,-0.045626,0.068104,1.933521,1.000000,-0.144427,1.249375
3.385000,0.626154,0.113604,0.396028,0.953455,-0.291063,0.064201,-0.045652,0.068105,1.934107,1.000000,-0.146395,1.260310
3.390000,0.626275,0.112898,0.396037,0.953289,-0.291604,0.064188,-0.045677,0.068105,1.934701,1.000000,-0.148374,1.271370
3.395000,0.626394,0.112192,0.396045,0.953124,-0.292145,0.064174,-0.045701,0.068105,1.935303,1.000000,-0.150354,1.282509
3.400000,0.626511,0.111489,0.396054,0.952958,-0.292684,0.064159,-0.045724,0.068105,1.935913,1.000000,-0.152334,1.293724
3.405000,0.626626,0.110788,0.396062,0.952792,-0.293223,0.064144,-0.045746,0.068105,1.936531,1.000000,-0.154309,1.304992
3.410000,0.626740,0.110088,0.396071,0.952627,-0.293760,0.064128,-0.045766,0.068106,1.937157,1.000000,-0.156277,1.316302
3.415000,0.626852,0.109390,0.396079,0.952462,-0.294296,0.064111,-0.045785,0.068106,1.937791,1.000000,-0.158245,1.327681
3.420000,0.626963,0.108694,0.396086,0.952296,-0.294831,0.064094,-0.045803,0.068106,1.938432,1.000000,-0.160128,1.339248
3.425000,0.627072,0.107999,0.396094,0.952131,-0.295365,0.064077,-0.045820,0.068106,1.939080,1.000000,-0.162010,1.350872
3.430000,0.627179,0.107307,0.396100,0.951966,-0.295898,0.064058,-0.045835,0.068107,1.939737,1.000000,-0.163890,1.362551
3.435000,0.627285,0.106616,0.396106,0.951802,-0.296430,0.064039,-0.045849,0.068107,1.940400,1.000000,-0.165772,1.374284
3.440000,0.627390,0.105927,0.396111,0.951637,-0.296960,0.064019,-0.045861,0.068107,1.941071,1.000000,-0.167654,1.386067
3.445000,0.627493,0.105241,0.396116,0.951472,-0.297490,0.063999,-0.045872,0.068107,1.941750,1.000000,-0.169535,1.397903
3.450000,0.627594,0.104555,0.396119,0.951308,-0.298018,0.063977,-0.045882,0.068107,1.942436,1.000000,-0.171221,1.409559
3.455000,0.627695,0.103872,0.396122,0.951144,-0.298545,0.063955,-0.045891,0.068108,1.943128,1.000000,-0.172898,1.421248
3.460000,0.627794,0.103191,0.396123,0.950980,-0.299071,0.063931,-0.045898,0.068108,1.943827,1.000000,-0.174573,1.432997
3.465000,0.627891,0.102512,0.396123,0.950816,-0.299595,0.063906,-0.045904,0.068108,1.944532,1.000000,-0.176248,1.444809
3.470000,0.627988,0.101835,0.396122,0.950653,-0.300118,0.063881,-0.045909,0.068108,1.945245,1.000000,-0.177920,1.456654
3.475000,0.628082,0.101161,0.396120,0.950490,-0.300640,0.063853,-0.045912,0.068109,1.945964,1.000000,-0.179588,1.468528
3.480000,0.628176,0.100488,0.396116,0.950327,-0.301160,0.063825,-0.045914,0.068109,1.946689,1.000000,-0.181245,1.480392
3.485000,0.628268,0.099817,0.396110,0.950164,-0.301679,0.063795,-0.045915,0.068109,1.947421,1.000000,-0.182838,1.492882
3.490000,0.628359,0.099149,0.396103,0.950002,-0.302197,0.063764,-0.045914,0.068109,1.948159,1.000000,-0.184441,1.505393
3.495000,0.628449,0.098483,0.396094,0.949840,-0.302714,0.063730,-0.045912,0.068109,1.948904,1.000000,-0.186052,1.517922
3.500000,0.628538,0.097818,0.396083,0.949678,-0.303229,0.063696,-0.045908,0.068110,1.949655,1.000000,-0.187668,1.530469
3.505000,0.628625,0.097156,0.396069,0.949516,-0.303743,0.063659,-0.045902,0.068110,1.950413,1.000000,-0.189290,1.543035
3.510000,0.628710,0.096496,0.396054,0.949355,-0.304255,0.063620,-0.045894,0.068110,1.951177,1.000000,-0.190917,1.555618
3.515000,0.628795,0.095839,0.396037,0.949194,-0.304767,0.063580,-0.045885,0.068110,1.951948,1.000000,-0.192549,1.568218
3.520000,0.628878,0.095183,0.396017,0.949033,-0.305277,0.063537,-0.045874,0.068110,1.952725,1.000000,-0.194234,1.582147
3.525000,0.628959,0.094529,0.395995,0.948873,-0.305787,0.063493,-0.045861,0.068111,1.953509,1.000000,-0.195957,1.596090
3.530000,0.629040,0.093877,0.395971,0.948713,-0.306295,0.063446,-0.045845,0.068111,1.954300,1.000000,-0.197711,1.610044
3.535000,0.629119,0.093228,0.395943,0.948553,-0.306803,0.063396,-0.045827,0.068111,1.955099,1.000000,-0.199501,1.624079
3.540000,0.629196,0.092580,0.395913,0.948393,-0.307310,0.063344,-0.045807,0.068111,1.955904,1.000000,-0.201314,1.638135
3.545000,0.629272,0.091934,0.395880,0.948234,-0.307816,0.063289,-0.045784,0.068112,1.956717,1.000000,-0.203148,1.652201
3.550000,0.629347,0.091289,0.395844,0.948075,-0.308321,0.063232,-0.045759,0.068112,1.957537,1.000000,-0.204996,1.666264
3.555000,0.629421,0.090647,0.395804,0.947916,-0.308826,0.063172,-0.045731,0.068112,1.958364,1.000000,-0.206756,1.680672
3.560000,0.629493,0.090006,0.395762,0.947757,-0.309329,0.063108,-0.045701,0.068112,1.959198,1.000000,-0.208539,1.695092
3.565000,0.629564,0.089368,0.395716,0.947599,-0.309832,0.063042,-0.045668,0.068112,1.960040,1.000000,-0.210343,1.709519
3.570000,0.629633,0.088731,0.395667,0.947441,-0.310335,0.062973,-0.045633,0.068113,1.960888,1.000000,-0.212168,1.723960
3.575000,0.629702,0.088096,0.395614,0.947283,-0.310836,0.062901,-0.045595,0.068113,1.961745,1.000000,-0.214011,1.738413
3.580000,0.629769,0.087463,0.395558,0.947126,-0.311337,0.062825,-0.045554,0.068113,1.962608,1.000000,-0.215873,1.752875
3.585000,0.629834,0.086831,0.395498,0.946969,-0.311836,0.062746,-0.045511,0.068113,1.963479,1.000000,-0.217752,1.767344
3.590000,0.629899,0.086202,0.395434,0.946812,-0.312335,0.062664,-0.045465,0.068113,1.964357,1.000000,-0.219437,1.781094
3.595000,0.629962,0.085575,0.395366,0.946655,-0.312834,0.062579,-0.045417,0.068114,1.965241,1.000000,-0.221109,1.794856
3.600000,0.630025,0.084950,0.395295,0.946499,-0.313330,0.062491,-0.045367,0.068114,1.966132,1.000000,-0.222773,1.808624
3.605000,0.630086,0.084326,0.395219,0.946343,-0.313826,0.062399,-0.045315,0.068114,1.967030,1.000000,-0.224431,1.822383
3.610000,0.630146,0.083706,0.395140,0.946188,-0.314321,0.062304,-0.045260,0.068114,1.967934,1.000000,-0.226083,1.836112
3.615000,0.630205,0.083087,0.395057,0.946033,-0.314814,0.062206,-0.045203,0.068115,1.968845,1.000000,-0.227739,1.849850
3.620000,0.630264,0.082470,0.394970,0.945879,-0.315307,0.062105,-0.045144,0.068115,1.969762,1.000000,-0.229185,1.862555
3.625000,0.630321,0.081856,0.394880,0.945725,-0.315797,0.062001,-0.045083,0.068115,1.970685,1.000000,-0.230600,1.875273
3.630000,0.630377,0.081245,0.394785,0.945571,-0.316287,0.061894,-0.045020,0.068115,1.971613,1.000000,-0.231991,1.888002
3.635000,0.630433,0.080636,0.394687,0.945418,-0.316774,0.061783,-0.044955,0.068115,1.972547,1.000000,-0.233367,1.900739
3.640000,0.630487,0.080029,0.394585,0.945266,-0.317261,0.061670,-0.044888,0.068116,1.973486,1.000000,-0.234729,1.913484
3.645000,0.630541,0.079425,0.394479,0.945114,-0.317745,0.061555,-0.044819,0.068116,1.974431,1.000000,-0.236094,1.926308
3.650000,0.630594,0.078824,0.394370,0.944962,-0.318228,0.061436,-0.044748,0.068116,1.975381,1.000000,-0.237450,1.939140
3.655000,0.630646,0.078225,0.394257,0.944811,-0.318710,0.061315,-0.044676,0.068116,1.976335,1.000000,-0.238575,1.950995
3.660000,0.630697,0.077628,0.394141,0.944661,-0.319189,0.061191,-0.044601,0.068116,1.977294,1.000000,-0.239653,1.962835
3.665000,0.630747,0.077035,0.394022,0.944511,-0.319667,0.061065,-0.044525,0.068117,1.978258,1.000000,-0.240692,1.974642
3.670000,0.630797,0.076444,0.393899,0.944362,-0.320143,0.060936,-0.044447,0.068117,1.979225,1.000000,-0.241705,1.986459
3.675000,0.630845,0.075856,0.393772,0.944213,-0.320617,0.060805,-0.044368,0.068117,1.980196,1.000000,-0.242697,1.998284
3.680000,0.630893,0.075271,0.393643,0.944065,-0.321089,0.060672,-0.044286,0.068117,1.981172,1.000000,-0.243672,2.010132
3.685000,0.630940,0.074689,0.393510,0.943918,-0.321560,0.060536,-0.044203,0.068117,1.982151,1.000000,-0.244599,2.021993
3.690000,0.630986,0.074110,0.393375,0.943771,-0.322028,0.060397,-0.044119,0.068118,1.983133,1.000000,-0.245213,2.032524
3.695000,0.631031,0.073535,0.393237,0.943625,-0.322494,0.060256,-0.044034,0.068118,1.984117,1.000000,-0.245756,2.043069
3.700000,0.631075,0.072962,0.393096,0.943479,-0.322958,0.060112,-0.043950,0.068118,1.985103,1.000000,-0.246257,2.053686
3.705000,0.631118,0.072394,0.392952,0.943335,-0.323419,0.059965,-0.043865,0.068118,1.986091,1.000000,-0.246720,2.064315
3.710000,0.631161,0.071828,0.392806,0.943191,-0.323878,0.059815,-0.043781,0.068118,1.987080,1.000000,-0.247153,2.074953
3.715000,0.631202,0.071266,0.392658,0.943047,-0.324335,0.059663,-0.043696,0.068119,1.988072,1.000000,-0.247556,2.085579
3.720000,0.631241,0.070708,0.392507,0.942904,-0.324790,0.059508,-0.043611,0.068119,1.989065,1.000000,-0.247930,2.096184
3.725000,0.631280,0.070153,0.392355,0.942762,-0.325242,0.059350,-0.043525,0.068119,1.990058,1.000000,-0.247916,2.104570
3.730000,0.631318,0.069601,0.392201,0.942621,-0.325692,0.059191,-0.043440,0.068119,1.991051,1.000000,-0.247791,2.112966
3.735000,0.631354,0.069053,0.392046,0.942480,-0.326139,0.059030,-0.043356,0.068119,1.992043,1.000000,-0.247583,2.121384
3.740000,0.631390,0.068510,0.391889,0.942340,-0.326584,0.058866,-0.043271,0.068120,1.993034,1.000000,-0.247307,2.129815
3.745000,0.631424,0.067970,0.391732,0.942201,-0.327026,0.058700,-0.043187,0.068120,1.994024,1.000000,-0.246977,2.138256
3.750000,0.631457,0.067434,0.391573,0.942063,-0.327466,0.058533,-0.043103,0.068120,1.995012,1.000000,-0.246600,2.146706
3.755000,0.631488,0.066901,0.391414,0.941925,-0.327903,0.058364,-0.043019,0.068120,1.995999,1.000000,-0.246186,2.155168
3.760000,0.631518,0.066373,0.391254,0.941788,-0.328337,0.058193,-0.042935,0.068120,1.996983,1.000000,-0.245428,2.161500
3.765000,0.631546,0.065849,0.391094,0.941652,-0.328768,0.058021,-0.042852,0.068121,1.997964,1.000000,-0.244563,2.167840
3.770000,0.631574,0.065329,0.390934,0.941517,-0.329197,0.057848,-0.042769,0.068121,1.998941,1.000000,-0.243616,2.174197
3.775000,0.631600,0.064812,0.390775,0.941382,-0.329622,0.057675,-0.042686,0.068121,1.999914,1.000000,-0.242605,2.180571
3.780000,0.631625,0.064300,0.390615,0.941249,-0.330045,0.057501,-0.042603,0.068121,2.000883,1.000000,-0.241540,2.186955
3.785000,0.631648,0.063793,0.390457,0.941116,-0.330465,0.057327,-0.042520,0.068122,2.001847,1.000000,-0.240431,2.193345
3.790000,0.631670,0.063289,0.390300,0.940983,-0.330882,0.057152,-0.042437,0.068122,2.002807,1.000000,-0.239197,2.198989
3.795000,0.631691,0.062789,0.390143,0.940852,-0.331296,0.056978,-0.042354,0.068122,2.003762,1.000000,-0.237909,2.204640
3.800000,0.631710,0.062293,0.389988,0.940721,-0.331708,0.056804,-0.042271,0.068122,2.004711,1.000000,-0.236579,2.210296
3.805000,0.631728,0.061801,0.389835,0.940591,-0.332117,0.056631,-0.042187,0.068122,2.005655,1.000000,-0.235214,2.215965
3.810000,0.631744,0.061314,0.389683,0.940462,-0.332523,0.056458,-0.042103,0.068123,2.006593,1.000000,-0.233823,2.221660
3.815000,0.631759,0.060830,0.389533,0.940333,-0.332926,0.056285,-0.042018,0.068123,2.007526,1.000000,-0.232409,2.227362
3.820000,0.631772,0.060350,0.389384,0.940205,-0.333327,0.056113,-0.041933,0.068123,2.008453,1.000000,-0.230977,2.233072
3.825000,0.631784,0.059874,0.389238,0.940078,-0.333726,0.055942,-0.041847,0.068123,2.009375,1.000000,-0.229570,2.238924
3.830000,0.631794,0.059402,0.389094,0.939951,-0.334122,0.055772,-0.041760,0.068123,2.010290,1.000000,-0.228164,2.244799
3.835000,0.631802,0.058933,0.388953,0.939825,-0.334516,0.055602,-0.041673,0.068124,2.011201,1.000000,-0.226760,2.250684
3.840000,0.631808,0.058468,0.388813,0.939699,-0.334908,0.055433,-0.041584,0.068124,2.012105,1.000000,-0.225358,2.256575
3.845000,0.631812,0.058006,0.388676,0.939574,-0.335297,0.055265,-0.041494,0.068124,2.013004,1.000000,-0.223951,2.262402
3.850000,0.631815,0.057548,0.388542,0.939450,-0.335685,0.055097,-0.041403,0.068124,2.013897,1.000000,-0.222551,2.268238
3.855000,0.631816,0.057093,0.388410,0.939326,-0.336071,0.054930,-0.041312,0.068124,2.014785,1.000000,-0.221161,2.274081
3.860000,0.631815,0.056642,0.388281,0.939202,-0.336455,0.054765,-0.041218,0.068125,2.015668,1.000000,-0.219846,2.280056
3.865000,0.631812,0.056193,0.388155,0.939079,-0.336837,0.054600,-0.041124,0.068125,2.016545,1.000000,-0.218565,2.286107
3.870000,0.631807,0.055748,0.388031,0.938956,-0.337218,0.054436,-0.041028,0.068125,2.017417,1.000000,-0.217308,2.292167
3.875000,0.631801,0.055305,0.387911,0.938833,-0.337597,0.054274,-0.040931,0.068125,2.018284,1.000000,-0.216076,2.298233
3.880000,0.631792,0.054865,0.387793,0.938711,-0.337975,0.054113,-0.040833,0.068125,2.019147,1.000000,-0.214872,2.304308
3.885000,0.631782,0.054428,0.387679,0.938588,-0.338351,0.053953,-0.040733,0.068126,2.020004,1.000000,-0.213700,2.310390
3.890000,0.631770,0.053993,0.387568,0.938467,-0.338727,0.053794,-0.040632,0.068126,2.020857,1.000000,-0.212563,2.316481
3.895000,0.631756,0.053560,0.387459,0.938345,-0.339101,0.053637,-0.040530,0.068126,2.021706,1.000000,-0.211537,2.322518
3.900000,0.631741,0.053130,0.387354,0.938223,-0.339474,0.053482,-0.040425,0.068126,2.022551,1.000000,-0.210571,2.328517
3.905000,0.631724,0.052701,0.387253,0.938102,-0.339847,0.053329,-0.040320,0.068126,2.023392,1.000000,-0.209669,2.334525
3.910000,0.631705,0.052274,0.387154,0.937980,-0.340218,0.053178,-0.040213,0.068127,2.024229,1.000000,-0.208832,2.340538
3.915000,0.631685,0.051849,0.387059,0.937858,-0.340590,0.053030,-0.040105,0.068127,2.025064,1.000000,-0.208062,2.346593
3.920000,0.631663,0.051425,0.386967,0.937736,-0.340961,0.052884,-0.039996,0.068127,2.025895,1.000000,-0.207361,2.352697
3.925000,0.631639,0.051002,0.386879,0.937614,-0.341331,0.052740,-0.039886,0.068127,2.026724,1.000000,-0.206721,2.358808
3.930000,0.631614,0.050581,0.386794,0.937492,-0.341702,0.052599,-0.039775,0.068127,2.027551,1.000000,-0.206202,2.364877
3.935000,0.631587,0.050160,0.386712,0.937369,-0.342072,0.052461,-0.039663,0.068128,2.028376,1.000000,-0.205750,2.370954
3.940000,0.631559,0.049740,0.386633,0.937246,-0.342443,0.052327,-0.039550,0.068128,2.029199,1.000000,-0.205363,2.377038
3.945000,0.631529,0.049321,0.386558,0.937123,-0.342814,0.052195,-0.039437,0.068128,2.030021,1.000000,-0.205039,2.383131
3.950000,0.631498,0.048902,0.386487,0.936999,-0.343185,0.052067,-0.039323,0.068128,2.030841,1.000000,-0.204775,2.389226
3.955000,0.631466,0.048484,0.386418,0.936874,-0.343556,0.051941,-0.039208,0.068128,2.031661,1.000000,-0.204568,2.395306
3.960000,0.631432,0.048065,0.386354,0.936750,-0.343928,0.051820,-0.039093,0.068129,2.032480,1.000000,-0.204475,2.401550
3.965000,0.631397,0.047647,0.386292,0.936624,-0.344301,0.051702,-0.038978,0.068129,2.033299,1.000000,-0.204449,2.407800
3.970000,0.631360,0.047228,0.386234,0.936498,-0.344674,0.051587,-0.038862,0.068129,2.034118,1.000000,-0.204490,2.414091
3.975000,0.631323,0.046810,0.386178,0.936371,-0.345048,0.051476,-0.038746,0.068129,2.034937,1.000000,-0.204597,2.420423
3.980000,0.631284,0.046391,0.386127,0.936244,-0.345422,0.051369,-0.038629,0.068129,2.035757,1.000000,-0.204764,2.426764
3.985000,0.631245,0.045971,0.386078,0.936116,-0.345797,0.051266,-0.038513,0.068129,2.036578,1.000000,-0.204988,2.433111
3.990000,0.631204,0.045551,0.386032,0.935987,-0.346173,0.051166,-0.038396,0.068130,2.037400,1.000000,-0.205270,2.439487
3.995000,0.631163,0.045130,0.385989,0.935858,-0.346550,0.051070,-0.038279,0.068130,2.038223,1.000000,-0.205715,2.446660
4.000000,0.631120,0.044708,0.385949,0.935728,-0.346928,0.050977,-0.038163,0.068130,2.039048,1.000000,-0.206247,2.453839
4.005000,0.631077,0.044286,0.385912,0.935597,-0.347307,0.050887,-0.038046,0.068130,2.039876,1.000000,-0.206859,2.461016
4.010000,0.631033,0.043862,0.385877,0.935465,-0.347686,0.050801,-0.037929,0.068130,2.040706,1.000000,-0.207537,2.468165
4.015000,0.630987,0.043438,0.385845,0.935333,-0.348068,0.050717,-0.037813,0.068131,2.041540,1.000000,-0.208283,2.475322
4.020000,0.630942,0.043012,0.385815,0.935199,-0.348450,0.050637,-0.037696,0.068131,2.042376,1.000000,-0.209091,2.482485
4.025000,0.630895,0.042585,0.385787,0.935065,-0.348833,0.050560,-0.037580,0.068131,2.043216,1.000000,-0.209959,2.489669
4.030000,0.630848,0.042157,0.385761,0.934930,-0.349217,0.050486,-0.037464,0.068131,2.044059,1.000000,-0.211023,2.498038
4.035000,0.630800,0.041727,0.385737,0.934795,-0.349603,0.050414,-0.037348,0.068131,2.044908,1.000000,-0.212195,2.506415
4.040000,0.630751,0.041296,0.385715,0.934658,-0.349991,0.050344,-0.037233,0.068132,2.045761,1.000000,-0.213460,2.514798
4.045000,0.630702,0.040864,0.385694,0.934521,-0.350379,0.050276,-0.037117,0.068132,2.046619,1.000000,-0.214813,2.523257
4.050000,0.630651,0.040429,0.385675,0.934382,-0.350769,0.050210,-0.037002,0.068132,2.047483,1.000000,-0.216238,2.531733
4.055000,0.630601,0.039993,0.385657,0.934243,-0.351161,0.050146,-0.036888,0.068132,2.048353,1.000000,-0.217727,2.540214
4.060000,0.630549,0.039555,0.385640,0.934103,-0.351554,0.050084,-0.036774,0.068132,2.049229,1.000000,-0.219273,2.548687
4.065000,0.630497,0.039116,0.385623,0.933962,-0.351949,0.050023,-0.036660,0.068133,2.050112,1.000000,-0.220871,2.557360
4.070000,0.630445,0.038675,0.385608,0.933821,-0.352345,0.049964,-0.036547,0.068133,2.051001,1.000000,-0.222526,2.566039
4.075000,0.630392,0.038231,0.385593,0.933678,-0.352743,0.049906,-0.036435,0.068133,2.051896,1.000000,-0.224232,2.574723
4.080000,0.630338,0.037787,0.385578,0.933534,-0.353142,0.049849,-0.036323,0.068133,2.052799,1.000000,-0.225990,2.583458
4.085000,0.630285,0.037340,0.385564,0.933390,-0.353542,0.049793,-0.036213,0.068133,2.053709,1.000000,-0.227793,2.592229
4.090000,0.630231,0.036891,0.385550,0.933245,-0.353944,0.049738,-0.036103,0.068134,2.054626,1.000000,-0.229634,2.601007
4.095000,0.630176,0.036441,0.385536,0.933099,-0.354347,0.049684,-0.035994,0.068134,2.055550,1.000000,-0.231510,2.609790
4.100000,0.630122,0.035988,0.385522,0.932952,-0.354752,0.049631,-0.035886,0.068134,2.056482,1.000000,-0.233232,2.617323
4.105000,0.630068,0.035534,0.385508,0.932805,-0.355157,0.049580,-0.035780,0.068134,2.057420,1.000000,-0.234912,2.624858
4.110000,0.630014,0.035078,0.385493,0.932657,-0.355563,0.049529,-0.035675,0.068134,2.058365,1.000000,-0.236565,2.632396
4.115000,0.629961,0.034621,0.385479,0.932508,-0.355970,0.049480,-0.035571,0.068134,2.059317,1.000000,-0.238205,2.639959
4.120000,0.629908,0.034162,0.385464,0.932359,-0.356377,0.049431,-0.035469,0.068135,2.060275,1.000000,-0.239839,2.647576
4.125000,0.629855,0.033702,0.385448,0.932210,-0.356785,0.049384,-0.035368,0.068135,2.061239,1.000000,-0.241466,2.655199
4.130000,0.629803,0.033240,0.385433,0.932059,-0.357194,0.049339,-0.035269,0.068135,2.062210,1.000000,-0.242875,2.661171
4.135000,0.629753,0.032777,0.385417,0.931909,-0.357602,0.049295,-0.035171,0.068135,2.063186,1.000000,-0.244186,2.667115
4.140000,0.629703,0.032312,0.385400,0.931758,-0.358010,0.049253,-0.035076,0.068135,2.064166,1.000000,-0.245424,2.673044
4.145000,0.629655,0.031846,0.385384,0.931607,-0.358418,0.049213,-0.034982,0.068136,2.065152,1.000000,-0.246608,2.678979
4.150000,0.629608,0.031379,0.385366,0.931455,-0.358825,0.049175,-0.034890,0.068136,2.066142,1.000000,-0.247748,2.684916
4.155000,0.629562,0.030911,0.385349,0.931304,-0.359232,0.049138,-0.034800,0.068136,2.067137,1.000000,-0.248857,2.690926
4.160000,0.629518,0.030443,0.385331,0.931152,-0.359639,0.049104,-0.034712,0.068136,2.068136,1.000000,-0.249921,2.696940
4.165000,0.629475,0.029973,0.385313,0.931000,-0.360044,0.049070,-0.034626,0.068136,2.069139,1.000000,-0.250830,2.702073
4.170000,0.629432,0.029503,0.385294,0.930848,-0.360449,0.049037,-0.034542,0.068137,2.070146,1.000000,-0.251662,2.707200
4.175000,0.629391,0.029033,0.385276,0.930697,-0.360853,0.049004,-0.034460,0.068137,2.071155,1.000000,-0.252431,2.712316
4.180000,0.629352,0.028562,0.385256,0.930545,-0.361256,0.048973,-0.034380,0.068137,2.072168,1.000000,-0.253150,2.717438
4.185000,0.629313,0.028090,0.385237,0.930393,-0.361658,0.048941,-0.034301,0.068137,2.073183,1.000000,-0.253823,2.722562
4.190000,0.629275,0.027619,0.385217,0.930242,-0.362059,0.048910,-0.034225,0.068137,2.074201,1.000000,-0.254452,2.727668
4.195000,0.629239,0.027147,0.385197,0.930091,-0.362459,0.048880,-0.034149,0.068137,2.075221,1.000000,-0.255045,2.732765
4.200000,0.629203,0.026675,0.385177,0.929939,-0.362857,0.048850,-0.034076,0.068138,2.076244,1.000000,-0.255584,2.737836
4.205000,0.629169,0.026203,0.385157,0.929788,-0.363255,0.048821,-0.034004,0.068138,2.077268,1.000000,-0.256090,2.742910
4.210000,0.629136,0.025730,0.385137,0.929638,-0.363651,0.048792,-0.033933,0.068138,2.078295,1.000000,-0.256575,2.748020
4.215000,0.629104,0.025258,0.385117,0.929487,-0.364046,0.048763,-0.033863,0.068138,2.079323,1.000000,-0.257034,2.753136
4.220000,0.629073,0.024785,0.385097,0.929337,-0.364439,0.048736,-0.033795,0.068138,2.080354,1.000000,-0.257468,2.758255
4.225000,0.629043,0.024312,0.385077,0.929187,-0.364832,0.048708,-0.033727,0.068139,2.081386,1.000000,-0.257880,2.763371
4.230000,0.629014,0.023839,0.385057,0.929037,-0.365223,0.048682,-0.033661,0.068139,2.082419,1.000000,-0.258272,2.768483
4.235000,0.628987,0.023366,0.385037,0.928887,-0.365613,0.048655,-0.033595,0.068139,2.083454,1.000000,-0.258672,2.773798
4.240000,0.628961,0.022893,0.385018,0.928738,-0.366002,0.048630,-0.033530,0.068139,2.084491,1.000000,-0.259065,2.779115
4.245000,0.628936,0.022420,0.384998,0.928589,-0.366389,0.048605,-0.033466,0.068139,2.085529,1.000000,-0.259449,2.784420
4.250000,0.628911,0.021947,0.384979,0.928440,-0.366775,0.048580,-0.033403,0.068139,2.086569,1.000000,-0.259823,2.789722
4.255000,0.628888,0.021474,0.384960,0.928291,-0.367160,0.048556,-0.033340,0.068140,2.087610,1.000000,-0.260184,2.795029
4.260000,0.628866,0.021000,0.384941,0.928143,-0.367543,0.048532,-0.033278,0.068140,2.088653,1.000000,-0.260531,2.800336
4.265000,0.628846,0.020527,0.384922,0.927995,-0.367926,0.048508,-0.033217,0.068140,2.089697,1.000000,-0.260859,2.805593
4.270000,0.628826,0.020054,0.384903,0.927847,-0.368307,0.048485,-0.033156,0.068140,2.090742,1.000000,-0.261255,2.811207
4.275000,0.628807,0.019580,0.384884,0.927699,-0.368687,0.048462,-0.033096,0.068140,2.091789,1.000000,-0.261666,2.816826
4.280000,0.628789,0.019107,0.384866,0.927552,-0.369065,0.048440,-0.033036,0.068141,2.092838,1.000000,-0.262089,2.822459
4.285000,0.628772,0.018633,0.384848,0.927405,-0.369443,0.048417,-0.032976,0.068141,2.093888,1.000000,-0.262520,2.828112
4.290000,0.628756,0.018160,0.384830,0.927258,-0.369819,0.048395,-0.032918,0.068141,2.094941,1.000000,-0.262954,2.833771
4.295000,0.628741,0.017686,0.384813,0.927112,-0.370195,0.048373,-0.032859,0.068141,2.095995,1.000000,-0.263390,2.839435
4.300000,0.628727,0.017212,0.384796,0.926965,-0.370570,0.048351,-0.032801,0.068141,2.097051,1.000000,-0.264047,2.846142
4.305000,0.628713,0.016738,0.384779,0.926819,-0.370943,0.048330,-0.032743,0.068141,2.098110,1.000000,-0.264777,2.852851
4.310000,0.628700,0.016263,0.384763,0.926673,-0.371317,0.048308,-0.032686,0.068142,2.099173,1.000000,-0.265562,2.859569
4.315000,0.628688,0.015788,0.384747,0.926526,-0.371689,0.048287,-0.032628,0.068142,2.100238,1.000000,-0.266388,2.866289
4.320000,0.628677,0.015312,0.384732,0.926380,-0.372061,0.048266,-0.032570,0.068142,2.101307,1.000000,-0.267247,2.872989
4.325000,0.628666,0.014835,0.384718,0.926234,-0.372433,0.048245,-0.032512,0.068142,2.102380,1.000000,-0.268135,2.879698
4.330000,0.628656,0.014357,0.384703,0.926087,-0.372805,0.048224,-0.032455,0.068142,2.103456,1.000000,-0.269092,2.886413
4.335000,0.628646,0.013879,0.384690,0.925941,-0.373176,0.048204,-0.032398,0.068143,2.104537,1.000000,-0.270498,2.894898
4.340000,0.628636,0.013400,0.384676,0.925794,-0.373548,0.048184,-0.032341,0.068143,2.105625,1.000000,-0.272092,2.903356
4.345000,0.628626,0.012919,0.384664,0.925646,-0.373921,0.048165,-0.032284,0.068143,2.106719,1.000000,-0.273825,2.911824
4.350000,0.628616,0.012436,0.384652,0.925498,-0.374294,0.048146,-0.032228,0.068143,2.107820,1.000000,-0.275660,2.920301
4.355000,0.628606,0.011952,0.384640,0.925350,-0.374669,0.048127,-0.032172,0.068143,2.108929,1.000000,-0.277577,2.928824
4.360000,0.628595,0.011466,0.384629,0.925200,-0.375045,0.048109,-0.032116,0.068143,2.110046,1.000000,-0.279553,2.937365
4.365000,0.628585,0.010978,0.384618,0.925050,-0.375421,0.048091,-0.032060,0.068144,2.111171,1.000000,-0.281574,2.945918
4.370000,0.628574,0.010488,0.384608,0.924900,-0.375799,0.048074,-0.032005,0.068144,2.112305,1.000000,-0.283898,2.955754
4.375000,0.628562,0.009996,0.384598,0.924748,-0.376179,0.048058,-0.031949,0.068144,2.113448,1.000000,-0.286335,2.965586
4.380000,0.628551,0.009501,0.384588,0.924596,-0.376560,0.048041,-0.031894,0.068144,2.114602,1.000000,-0.288858,2.975431
4.385000,0.628539,0.009005,0.384580,0.924443,-0.376943,0.048026,-0.031838,0.068144,2.115765,1.000000,-0.291447,2.985288
4.390000,0.628526,0.008505,0.384571,0.924288,-0.377327,0.048010,-0.031782,0.068144,2.116940,1.000000,-0.294090,2.995149
4.395000,0.628513,0.008004,0.384564,0.924133,-0.377714,0.047995,-0.031727,0.068145,2.118124,1.000000,-0.296776,3.005015
4.400000,0.628500,0.007499,0.384556,0.923977,-0.378102,0.047981,-0.031671,0.068145,2.119320,1.000000,-0.299500,3.014894
4.405000,0.628487,0.006992,0.384549,0.923820,-0.378491,0.047967,-0.031616,0.068145,2.120527,1.000000,-0.302350,3.025035
4.410000,0.628473,0.006482,0.384543,0.923662,-0.378883,0.047954,-0.031561,0.068145,2.121746,1.000000,-0.305249,3.035144
4.415000,0.628459,0.005969,0.384538,0.923503,-0.379276,0.047942,-0.031506,0.068145,2.122976,1.000000,-0.308191,3.045255
4.420000,0.628445,0.005453,0.384533,0.923343,-0.379671,0.047931,-0.031451,0.068145,2.124218,1.000000,-0.311169,3.055384
4.425000,0.628431,0.004934,0.384528,0.923182,-0.380068,0.047922,-0.031396,0.068146,2.125472,1.000000,-0.314176,3.065536
4.430000,0.628417,0.004412,0.384525,0.923020,-0.380467,0.047914,-0.031341,0.068146,2.126739,1.000000,-0.317212,3.075749
4.435000,0.628404,0.003887,0.384522,0.922857,-0.380868,0.047908,-0.031287,0.068146,2.128017,1.000000,-0.320266,3.085977
4.440000,0.628390,0.003358,0.384519,0.922693,-0.381270,0.047903,-0.031233,0.068146,2.129308,1.000000,-0.323425,3.096440
4.445000,0.628377,0.002827,0.384517,0.922528,-0.381674,0.047900,-0.031180,0.068146,2.130612,1.000000,-0.326620,3.106927
4.450000,0.628364,0.002292,0.384516,0.922362,-0.382080,0.047900,-0.031127,0.068147,2.131929,1.000000,-0.329842,3.117438
4.455000,0.628351,0.001754,0.384516,0.922195,-0.382487,0.047901,-0.031075,0.068147,2.133258,1.000000,-0.333084,3.127968
4.460000,0.628339,0.001212,0.384516,0.922027,-0.382897,0.047903,-0.031024,0.068147,2.134601,1.000000,-0.336340,3.138513
4.465000,0.628326,0.000668,0.384517,0.921857,-0.383308,0.047908,-0.030973,0.068147,2.135957,1.000000,-0.339600,3.149035
4.470000,0.628315,0.000120,0.384518,0.921687,-0.383720,0.047914,-0.030923,0.068147,2.137326,1.000000,-0.343054,3.160308
4.475000,0.628303,-0.000432,0.384520,0.921516,-0.384135,0.047923,-0.030873,0.068147,2.138709,1.000000,-0.346571,3.171601
4.480000,0.628292,-0.000986,0.384523,0.921343,-0.384551,0.047933,-0.030825,0.068148,2.140107,1.000000,-0.350134,3.182928
4.485000,0.628281,-0.001545,0.384526,0.921169,-0.384969,0.047945,-0.030777,0.068148,2.141519,1.000000,-0.353734,3.194330
4.490000,0.628270,-0.002106,0.384530,0.920995,-0.385389,0.047959,-0.030729,0.068148,2.142945,1.000000,-0.357355,3.205753
4.495000,0.628259,-0.002671,0.384534,0.920819,-0.385810,0.047974,-0.030683,0.068148,2.144386,1.000000,-0.360989,3.217194
4.500000,0.628248,-0.003240,0.384540,0.920642,-0.386234,0.047991,-0.030637,0.068148,2.145842,1.000000,-0.364628,3.228631
4.505000,0.628238,-0.003812,0.384545,0.920464,-0.386659,0.048010,-0.030592,0.068148,2.147312,1.000000,-0.368375,3.240565
4.510000,0.628228,-0.004387,0.384552,0.920285,-0.387086,0.048031,-0.030548,0.068149,2.148797,1.000000,-0.372161,3.252521
4.515000,0.628218,-0.004966,0.384559,0.920104,-0.387515,0.048053,-0.030505,0.068149,2.150298,1.000000,-0.375971,3.264495
4.520000,0.628208,-0.005548,0.384566,0.919923,-0.387946,0.048076,-0.030462,0.068149,2.151814,1.000000,-0.379804,3.276573
4.525000,0.628198,-0.006133,0.384574,0.919741,-0.388379,0.048101,-0.030421,0.068149,2.153346,1.000000,-0.383645,3.288680
4.530000,0.628188,-0.006722,0.384583,0.919557,-0.388813,0.048127,-0.030380,0.068149,2.154893,1.000000,-0.387485,3.300804
4.535000,0.628178,-0.007314,0.384592,0.919372,-0.389249,0.048154,-0.030341,0.068150,2.156455,1.000000,-0.391319,3.312935
4.540000,0.628168,-0.007910,0.384602,0.919187,-0.389687,0.048183,-0.030303,0.068150,2.158032,1.000000,-0.395136,3.325219
4.545000,0.628158,-0.008508,0.384612,0.919000,-0.390127,0.048212,-0.030265,0.068150,2.159625,1.000000,-0.398951,3.337522
4.550000,0.628148,-0.009110,0.384622,0.918812,-0.390568,0.048243,-0.030229,0.068150,2.161233,1.000000,-0.402757,3.349840
4.555000,0.628137,-0.009714,0.384633,0.918623,-0.391011,0.048274,-0.030194,0.068150,2.162856,1.000000,-0.406557,3.362226
4.560000,0.628127,-0.010322,0.384645,0.918433,-0.391455,0.048306,-0.030161,0.068150,2.164495,1.000000,-0.410343,3.374659
4.565000,0.628116,-0.010932,0.384656,0.918243,-0.391901,0.048339,-0.030128,0.068151,2.166148,1.000000,-0.414109,3.387111
4.570000,0.628105,-0.011545,0.384668,0.918051,-0.392348,0.048372,-0.030097,0.068151,2.167817,1.000000,-0.417850,3.399578
4.575000,0.628094,-0.012161,0.384680,0.917858,-0.392797,0.048406,-0.030067,0.068151,2.169499,1.000000,-0.421273,3.411075
4.580000,0.628083,-0.012779,0.384693,0.917664,-0.393247,0.048440,-0.030039,0.068151,2.171195,1.000000,-0.424587,3.422586
4.585000,0.628071,-0.013400,0.384705,0.917470,-0.393698,0.048474,-0.030013,0.068151,2.172904,1.000000,-0.427812,3.434108
4.590000,0.628059,-0.014022,0.384718,0.917275,-0.394150,0.048509,-0.029988,0.068151,2.174626,1.000000,-0.430959,3.445645
4.595000,0.628047,-0.014647,0.384731,0.917079,-0.394602,0.048543,-0.029965,0.068151,2.176360,1.000000,-0.434036,3.457204
4.600000,0.628034,-0.015273,0.384743,0.916883,-0.395056,0.048577,-0.029944,0.068152,2.178106,1.000000,-0.437048,3.468777
4.605000,0.628021,-0.015900,0.384756,0.916686,-0.395510,0.048611,-0.029925,0.068152,2.179864,1.000000,-0.439996,3.480361
4.610000,0.628008,-0.016530,0.384769,0.916489,-0.395965,0.048645,-0.029907,0.068152,2.181635,1.000000,-0.443179,3.493249
4.615000,0.627994,-0.017161,0.384782,0.916290,-0.396420,0.048678,-0.029891,0.068152,2.183419,1.000000,-0.446402,3.506180
4.620000,0.627980,-0.017794,0.384794,0.916091,-0.396877,0.048712,-0.029875,0.068152,2.185215,1.000000,-0.449637,3.519127
4.625000,0.627965,-0.018428,0.384807,0.915892,-0.397334,0.048746,-0.029861,0.068152,2.187025,1.000000,-0.452865,3.532085
4.630000,0.627950,-0.019064,0.384820,0.915692,-0.397792,0.048779,-0.029848,0.068153,2.188847,1.000000,-0.456068,3.545026
4.635000,0.627934,-0.019701,0.384832,0.915491,-0.398251,0.048812,-0.029836,0.068153,2.190682,1.000000,-0.459249,3.557982
4.640000,0.627918,-0.020340,0.384845,0.915289,-0.398710,0.048846,-0.029825,0.068153,2.192530,1.000000,-0.462517,3.571437
4.645000,0.627901,-0.020980,0.384857,0.915087,-0.399171,0.048879,-0.029815,0.068153,2.194392,1.000000,-0.465792,3.584898
4.650000,0.627884,-0.021622,0.384869,0.914885,-0.399632,0.048912,-0.029805,0.068153,2.196266,1.000000,-0.469059,3.598357
4.655000,0.627866,-0.022266,0.384882,0.914681,-0.400094,0.048945,-0.029796,0.068154,2.198154,1.000000,-0.472312,3.611832
4.660000,0.627848,-0.022910,0.384894,0.914477,-0.400556,0.048978,-0.029788,0.068154,2.200054,1.000000,-0.475546,3.625317
4.665000,0.627829,-0.023556,0.384906,0.914273,-0.401020,0.049011,-0.029781,0.068154,2.201967,1.000000,-0.478764,3.638865
4.670000,0.627809,-0.024204,0.384918,0.914067,-0.401484,0.049043,-0.029774,0.068154,2.203893,1.000000,-0.481958,3.652440
4.675000,0.627789,-0.024852,0.384929,0.913862,-0.401948,0.049076,-0.029767,0.068154,2.205830,1.000000,-0.484600,3.663966
4.680000,0.627769,-0.025502,0.384941,0.913655,-0.402413,0.049108,-0.029762,0.068154,2.207778,1.000000,-0.487041,3.675502
4.685000,0.627748,-0.026152,0.384952,0.913449,-0.402878,0.049140,-0.029758,0.068154,2.209734,1.000000,-0.489326,3.687047
4.690000,0.627726,-0.026802,0.384964,0.913242,-0.403343,0.049172,-0.029756,0.068155,2.211700,1.000000,-0.491487,3.698603
4.695000,0.627704,-0.027453,0.384975,0.913035,-0.403807,0.049203,-0.029755,0.068155,2.213673,1.000000,-0.493543,3.710168
4.700000,0.627682,-0.028103,0.384985,0.912828,-0.404271,0.049234,-0.029755,0.068155,2.215655,1.000000,-0.495510,3.721756
4.705000,0.627659,-0.028754,0.384996,0.912621,-0.404735,0.049265,-0.029757,0.068155,2.217645,1.000000,-0.497395,3.733363
4.710000,0.627636,-0.029405,0.385006,0.912414,-0.405199,0.049295,-0.029760,0.068155,2.219642,1.000000,-0.499218,3.744971
4.715000,0.627612,-0.030055,0.385017,0.912206,-0.405662,0.049325,-0.029764,0.068155,2.221646,1.000000,-0.500971,3.756587
4.720000,0.627588,-0.030705,0.385027,0.911998,-0.406124,0.049355,-0.029769,0.068156,2.223657,1.000000,-0.502663,3.768245
4.725000,0.627563,-0.031355,0.385037,0.911791,-0.406586,0.049385,-0.029776,0.068156,2.225674,1.000000,-0.504291,3.779917
4.730000,0.627538,-0.032004,0.385047,0.911583,-0.407047,0.049415,-0.029783,0.068156,2.227698,1.000000,-0.505859,3.791596
4.735000,0.627513,-0.032653,0.385057,0.911376,-0.407507,0.049444,-0.029791,0.068156,2.229728,1.000000,-0.507368,3.803280
4.740000,0.627487,-0.033302,0.385067,0.911168,-0.407967,0.049474,-0.029800,0.068156,2.231764,1.000000,-0.508820,3.814966
4.745000,0.627460,-0.033950,0.385077,0.910960,-0.408427,0.049504,-0.029810,0.068156,2.233805,1.000000,-0.510174,3.826427
4.750000,0.627433,-0.034597,0.385086,0.910753,-0.408885,0.049533,-0.029820,0.068157,2.235852,1.000000,-0.511461,3.837896
4.755000,0.627406,-0.035243,0.385096,0.910545,-0.409343,0.049563,-0.029832,0.068157,2.237903,1.000000,-0.512680,3.849246
4.760000,0.627378,-0.035889,0.385106,0.910337,-0.409800,0.049592,-0.029843,0.068157,2.239960,1.000000,-0.513845,3.860591
4.765000,0.627349,-0.036533,0.385116,0.910130,-0.410255,0.049622,-0.029856,0.068157,2.242021,1.000000,-0.514961,3.871945
4.770000,0.627321,-0.037177,0.385126,0.909923,-0.410711,0.049652,-0.029868,0.068157,2.244086,1.000000,-0.516032,3.883304
4.775000,0.627291,-0.037820,0.385136,0.909715,-0.411165,0.049682,-0.029882,0.068157,2.246155,1.000000,-0.517061,3.894662
4.780000,0.627261,-0.038462,0.385147,0.909508,-0.411618,0.049713,-0.029895,0.068158,2.248228,1.000000,-0.517880,3.905295
4.785000,0.627231,-0.039102,0.385157,0.909301,-0.412070,0.049743,-0.029910,0.068158,2.250304,1.000000,-0.518601,3.915936
4.790000,0.627200,-0.039742,0.385168,0.909095,-0.412522,0.049774,-0.029924,0.068158,2.252383,1.000000,-0.519248,3.926597
4.795000,0.627169,-0.040380,0.385179,0.908888,-0.412972,0.049805,-0.029940,0.068158,2.254464,1.000000,-0.519834,3.937274
4.800000,0.627138,-0.041017,0.385190,0.908682,-0.413420,0.049836,-0.029955,0.068158,2.256547,1.000000,-0.520366,3.947964
4.805000,0.627106,-0.041652,0.385201,0.908476,-0.413868,0.049867,-0.029971,0.068158,2.258633,1.000000,-0.520852,3.958661
4.810000,0.627073,-0.042286,0.385213,0.908270,-0.414314,0.049899,-0.029988,0.068159,2.260719,1.000000,-0.521176,3.968823
4.815000,0.627040,-0.042918,0.385225,0.908065,-0.414759,0.049931,-0.030004,0.068159,2.262807,1.000000,-0.521423,3.978992
4.820000,0.627007,-0.043549,0.385237,0.907859,-0.415203,0.049964,-0.030021,0.068159,2.264896,1.000000,-0.521611,3.989169
4.825000,0.626973,-0.044178,0.385250,0.907655,-0.415646,0.049997,-0.030039,0.068159,2.266985,1.000000,-0.521752,3.999367
4.830000,0.626938,-0.044805,0.385263,0.907450,-0.416087,0.050030,-0.030057,0.068159,2.269075,1.000000,-0.521858,4.009605
4.835000,0.626904,-0.045431,0.385277,0.907246,-0.416526,0.050064,-0.030075,0.068159,2.271165,1.000000,-0.521930,4.019854
4.840000,0.626869,-0.046054,0.385291,0.907042,-0.416964,0.050098,-0.030093,0.068160,2.273255,1.000000,-0.521974,4.030111
4.845000,0.626833,-0.046676,0.385305,0.906839,-0.417401,0.050132,-0.030111,0.068160,2.275346,1.000000,-0.522000,4.040360
4.850000,0.626797,-0.047297,0.385320,0.906635,-0.417837,0.050168,-0.030129,0.068160,2.277436,1.000000,-0.522006,4.050617
4.855000,0.626761,-0.047915,0.385335,0.906433,-0.418271,0.050203,-0.030148,0.068160,2.279527,1.000000,-0.521995,4.060885
4.860000,0.626724,-0.048532,0.385351,0.906230,-0.418704,0.050240,-0.030166,0.068160,2.281617,1.000000,-0.521972,4.071162
4.865000,0.626686,-0.049146,0.385367,0.906028,-0.419135,0.050277,-0.030184,0.068160,2.283707,1.000000,-0.521938,4.081446
4.870000,0.626649,-0.049759,0.385384,0.905827,-0.419565,0.050314,-0.030202,0.068160,2.285798,1.000000,-0.521898,4.091743
4.875000,0.626610,-0.050371,0.385401,0.905625,-0.419993,0.050353,-0.030220,0.068161,2.287888,1.000000,-0.521854,4.102046
4.880000,0.626572,-0.050980,0.385419,0.905424,-0.420421,0.050391,-0.030237,0.068161,2.289977,1.000000,-0.521737,4.112004
4.885000,0.626533,-0.051588,0.385438,0.905223,-0.420847,0.050431,-0.030255,0.068161,2.292066,1.000000,-0.521589,4.121975
4.890000,0.626493,-0.052193,0.385457,0.905023,-0.421271,0.050472,-0.030272,0.068161,2.294154,1.000000,-0.521424,4.131958
4.895000,0.626454,-0.052797,0.385477,0.904823,-0.421694,0.050513,-0.030289,0.068161,2.296242,1.000000,-0.521249,4.141947
4.900000,0.626413,-0.053400,0.385498,0.904624,-0.422116,0.050555,-0.030306,0.068161,2.298329,1.000000,-0.521073,4.151963
4.905000,0.626373,-0.054000,0.385519,0.904424,-0.422537,0.050599,-0.030322,0.068161,2.300415,1.000000,-0.520900,4.161995
4.910000,0.626332,-0.054599,0.385540,0.904225,-0.422956,0.050643,-0.030339,0.068162,2.302501,1.000000,-0.520734,4.172039
4.915000,0.626291,-0.055196,0.385563,0.904027,-0.423373,0.050687,-0.030355,0.068162,2.304585,1.000000,-0.520378,4.181179
4.920000,0.626250,-0.055791,0.385586,0.903829,-0.423789,0.050733,-0.030371,0.068162,2.306668,1.000000,-0.519960,4.190394
4.925000,0.626208,-0.056384,0.385609,0.903631,-0.424204,0.050780,-0.030386,0.068162,2.308749,1.000000,-0.519498,4.199619
4.930000,0.626167,-0.056975,0.385634,0.903434,-0.424617,0.050829,-0.030402,0.068162,2.310828,1.000000,-0.519010,4.208852
4.935000,0.626125,-0.057564,0.385659,0.903237,-0.425028,0.050878,-0.030418,0.068162,2.312905,1.000000,-0.518507,4.218083
4.940000,0.626083,-0.058152,0.385685,0.903041,-0.425438,0.050928,-0.030434,0.068163,2.314980,1.000000,-0.517996,4.227302
4.945000,0.626040,-0.058737,0.385711,0.902845,-0.425847,0.050980,-0.030450,0.068163,2.317053,1.000000,-0.517490,4.236532
4.950000,0.625998,-0.059321,0.385738,0.902649,-0.426253,0.051032,-0.030466,0.068163,2.319123,1.000000,-0.516876,4.245164
4.955000,0.625956,-0.059902,0.385766,0.902454,-0.426658,0.051086,-0.030481,0.068163,2.321191,1.000000,-0.516220,4.253804
4.960000,0.625914,-0.060482,0.385795,0.902260,-0.427062,0.051142,-0.030497,0.068163,2.323257,1.000000,-0.515541,4.262454
4.965000,0.625871,-0.061060,0.385824,0.902066,-0.427464,0.051199,-0.030513,0.068163,2.325319,1.000000,-0.514853,4.271114
4.970000,0.625829,-0.061636,0.385855,0.901872,-0.427864,0.051257,-0.030529,0.068163,2.327379,1.000000,-0.514166,4.279780
4.975000,0.625787,-0.062210,0.385886,0.901679,-0.428262,0.051317,-0.030545,0.068164,2.329436,1.000000,-0.513490,4.288474
4.980000,0.625744,-0.062782,0.385917,0.901486,-0.428659,0.051378,-0.030561,0.068164,2.331491,1.000000,-0.512886,4.297305
4.985000,0.625702,-0.063352,0.385950,0.901294,-0.429054,0.051441,-0.030577,0.068164,2.333543,1.000000,-0.512315,4.306144
4.990000,0.625660,-0.063921,0.385984,0.901103,-0.429448,0.051506,-0.030592,0.068164,2.335593,1.000000,-0.511776,4.314993
4.995000,0.625618,-0.064488,0.386018,0.900911,-0.429840,0.051573,-0.030608,0.068164,2.337641,1.000000,-0.511269,4.323853
5.000000,0.625577,-0.065053,0.386053,0.900720,-0.430230,0.051641,-0.030623,0.068164,2.339687,1.000000,-0.510798,4.332725
5.005000,0.625535,-0.065617,0.386089,0.900530,-0.430619,0.051711,-0.030638,0.068165,2.341731,1.000000,-0.510362,4.341604
5.010000,0.625494,-0.066180,0.386126,0.900340,-0.431007,0.051783,-0.030653,0.068165,2.343774,1.000000,-0.509965,4.350504
5.015000,0.625452,-0.066740,0.386163,0.900150,-0.431393,0.051857,-0.030668,0.068165,2.345815,1.000000,-0.509687,4.359769
5.020000,0.625411,-0.067300,0.386202,0.899961,-0.431778,0.051933,-0.030683,0.068165,2.347856,1.000000,-0.509482,4.369045
5.025000,0.625370,-0.067858,0.386241,0.899771,-0.432162,0.052010,-0.030697,0.068165,2.349895,1.000000,-0.509342,4.378328
5.030000,0.625328,-0.068415,0.386281,0.899583,-0.432544,0.052089,-0.030710,0.068165,2.351935,1.000000,-0.509262,4.387632
5.035000,0.625287,-0.068970,0.386322,0.899394,-0.432926,0.052170,-0.030724,0.068165,2.353974,1.000000,-0.509238,4.396947
5.040000,0.625246,-0.069525,0.386364,0.899206,-0.433306,0.052252,-0.030737,0.068166,2.356013,1.000000,-0.509268,4.406269
5.045000,0.625205,-0.070078,0.386406,0.899017,-0.433685,0.052336,-0.030749,0.068166,2.358052,1.000000,-0.509348,4.415586
5.050000,0.625164,-0.070631,0.386449,0.898830,-0.434064,0.052422,-0.030761,0.068166,2.360092,1.000000,-0.509355,4.424598
5.055000,0.625123,-0.071182,0.386493,0.898642,-0.434441,0.052509,-0.030773,0.068166,2.362131,1.000000,-0.509380,4.433619
5.060000,0.625082,-0.071732,0.386537,0.898454,-0.434817,0.052597,-0.030785,0.068166,2.364171,1.000000,-0.509431,4.442647
5.065000,0.625040,-0.072281,0.386581,0.898267,-0.435192,0.052686,-0.030796,0.068166,2.366211,1.000000,-0.509519,4.451741
5.070000,0.624999,-0.072829,0.386627,0.898080,-0.435566,0.052776,-0.030808,0.068166,2.368251,1.000000,-0.509644,4.460865
5.075000,0.624957,-0.073376,0.386672,0.897893,-0.435940,0.052867,-0.030819,0.068167,2.370292,1.000000,-0.509804,4.469998
5.080000,0.624915,-0.073922,0.386718,0.897706,-0.436312,0.052958,-0.030830,0.068167,2.372334,1.000000,-0.509999,4.479142
5.085000,0.624874,-0.074467,0.386764,0.897520,-0.436684,0.053051,-0.030840,0.068167,2.374375,1.000000,-0.510035,4.487810
5.090000,0.624831,-0.075010,0.386811,0.897333,-0.437055,0.053143,-0.030851,0.068167,2.376417,1.000000,-0.510043,4.496486
5.095000,0.624789,-0.075553,0.386857,0.897147,-0.437424,0.053236,-0.030861,0.068167,2.378459,1.000000,-0.510038,4.505167
5.100000,0.624746,-0.076094,0.386904,0.896961,-0.437793,0.053329,-0.030872,0.068167,2.380501,1.000000,-0.510029,4.513839
5.105000,0.624703,-0.076634,0.386950,0.896776,-0.438161,0.053422,-0.030883,0.068167,2.382543,1.000000,-0.510019,4.522495
5.110000,0.624659,-0.077173,0.386997,0.896590,-0.438529,0.053515,-0.030894,0.068168,2.384585,1.000000,-0.510019,4.531158
5.115000,0.624616,-0.077710,0.387043,0.896405,-0.438895,0.053607,-0.030904,0.068168,2.386627,1.000000,-0.510033,4.539826
5.120000,0.624571,-0.078247,0.387090,0.896220,-0.439260,0.053699,-0.030915,0.068168,2.388668,1.000000,-0.509915,4.548160
5.125000,0.624527,-0.078782,0.387136,0.896036,-0.439625,0.053791,-0.030926,0.068168,2.390709,1.000000,-0.509771,4.556510
5.130000,0.624482,-0.079315,0.387182,0.895852,-0.439988,0.053882,-0.030937,0.068168,2.392749,1.000000,-0.509615,4.564869
5.135000,0.624436,-0.079847,0.387227,0.895667,-0.440351,0.053973,-0.030948,0.068168,2.394789,1.000000,-0.509455,4.573232
5.140000,0.624390,-0.080378,0.387272,0.895484,-0.440713,0.054062,-0.030958,0.068168,2.396828,1.000000,-0.509293,4.581615
5.145000,0.624344,-0.080907,0.387316,0.895300,-0.441074,0.054151,-0.030969,0.068169,2.398866,1.000000,-0.509135,4.590005
5.150000,0.624297,-0.081434,0.387360,0.895117,-0.441434,0.054238,-0.030980,0.068169,2.400904,1.000000,-0.508824,4.597946
5.155000,0.624250,-0.081960,0.387404,0.894934,-0.441793,0.054325,-0.030991,0.068169,2.402940,1.000000,-0.508471,4.605913
5.160000,0.624202,-0.082484,0.387446,0.894752,-0.442151,0.054410,-0.031002,0.068169,2.404974,1.000000,-0.508094,4.613916
5.165000,0.624153,-0.083007,0.387488,0.894570,-0.442508,0.054493,-0.031013,0.068169,2.407007,1.000000,-0.507699,4.621928
5.170000,0.624104,-0.083528,0.387529,0.894388,-0.442864,0.054575,-0.031024,0.068169,2.409038,1.000000,-0.507295,4.629945
5.175000,0.624055,-0.084047,0.387570,0.894207,-0.443220,0.054656,-0.031035,0.068169,2.411068,1.000000,-0.506879,4.637939
5.180000,0.624005,-0.084565,0.387609,0.894026,-0.443574,0.054735,-0.031046,0.068170,2.413096,1.000000,-0.506460,4.645928
5.185000,0.623954,-0.085080,0.387648,0.893845,-0.443928,0.054813,-0.031057,0.068170,2.415121,1.000000,-0.505794,4.653054
5.190000,0.623903,-0.085594,0.387686,0.893665,-0.444280,0.054889,-0.031068,0.068170,2.417144,1.000000,-0.505037,4.660194
5.195000,0.623851,-0.086106,0.387722,0.893486,-0.444631,0.054963,-0.031078,0.068170,2.419163,1.000000,-0.504226,4.667418
5.200000,0.623799,-0.086615,0.387758,0.893306,-0.444981,0.055036,-0.031089,0.068170,2.421179,1.000000,-0.503372,4.674649
5.205000,0.623746,-0.087123,0.387793,0.893128,-0.445330,0.055107,-0.031100,0.068170,2.423191,1.000000,-0.502490,4.681886
5.210000,0.623693,-0.087628,0.387826,0.892950,-0.445678,0.055176,-0.031111,0.068170,2.425200,1.000000,-0.501588,4.689144
5.215000,0.623640,-0.088131,0.387859,0.892772,-0.446024,0.055243,-0.031122,0.068171,2.427206,1.000000,-0.500674,4.696428
5.220000,0.623586,-0.088633,0.387890,0.892595,-0.446369,0.055309,-0.031132,0.068171,2.429207,1.000000,-0.499475,4.702667
5.225000,0.623532,-0.089131,0.387920,0.892419,-0.446713,0.055373,-0.031143,0.068171,2.431202,1.000000,-0.498156,4.708911
5.230000,0.623477,-0.089628,0.387950,0.892243,-0.447055,0.055435,-0.031154,0.068171,2.433193,1.000000,-0.496759,4.715189
5.235000,0.623422,-0.090122,0.387978,0.892068,-0.447396,0.055495,-0.031165,0.068171,2.435177,1.000000,-0.495306,4.721481
5.240000,0.623367,-0.090613,0.388004,0.891894,-0.447736,0.055554,-0.031176,0.068171,2.437156,1.000000,-0.493815,4.727782
5.245000,0.623311,-0.091102,0.388030,0.891720,-0.448073,0.055611,-0.031187,0.068171,2.439128,1.000000,-0.492297,4.734085
5.250000,0.623255,-0.091588,0.388054,0.891547,-0.448410,0.055666,-0.031198,0.068172,2.441095,1.000000,-0.490757,4.740369
5.255000,0.623199,-0.092072,0.388077,0.891375,-0.448744,0.055719,-0.031209,0.068172,2.443054,1.000000,-0.488997,4.745800
5.260000,0.623143,-0.092553,0.388099,0.891204,-0.449077,0.055771,-0.031220,0.068172,2.445006,1.000000,-0.487139,4.751236
5.265000,0.623086,-0.093031,0.388120,0.891033,-0.449408,0.055821,-0.031230,0.068172,2.446951,1.000000,-0.485221,4.756726
5.270000,0.623030,-0.093506,0.388140,0.890864,-0.449738,0.055870,-0.031241,0.068172,2.448888,1.000000,-0.483266,4.762274
5.275000,0.622973,-0.093979,0.388158,0.890695,-0.450066,0.055917,-0.031252,0.068172,2.450817,1.000000,-0.481284,4.767832
5.280000,0.622916,-0.094449,0.388175,0.890527,-0.450392,0.055963,-0.031262,0.068172,2.452738,1.000000,-0.479286,4.773395
5.285000,0.622860,-0.094916,0.388191,0.890360,-0.450716,0.056007,-0.031273,0.068172,2.454651,1.000000,-0.477276,4.778945
5.290000,0.622803,-0.095380,0.388206,0.890194,-0.451038,0.056050,-0.031283,0.068173,2.456556,1.000000,-0.475111,4.783836
5.295000,0.622746,-0.095841,0.388220,0.890028,-0.451358,0.056092,-0.031293,0.068173,2.458452,1.000000,-0.472881,4.788737
5.300000,0.622689,-0.096299,0.388233,0.889864,-0.451677,0.056132,-0.031302,0.068173,2.460338,1.000000,-0.470613,4.793661
5.305000,0.622632,-0.096754,0.388244,0.889700,-0.451994,0.056171,-0.031312,0.068173,2.462216,1.000000,-0.468331,4.798668
5.310000,0.622575,-0.097207,0.388255,0.889537,-0.452308,0.056209,-0.031321,0.068173,2.464084,1.000000,-0.466041,4.803684
5.315000,0.622518,-0.097656,0.388264,0.889376,-0.452621,0.056245,-0.031329,0.068173,2.465944,1.000000,-0.463751,4.808707
5.320000,0.622461,-0.098102,0.388273,0.889215,-0.452932,0.056281,-0.031337,0.068173,2.467794,1.000000,-0.461445,4.813645
5.325000,0.622404,-0.098546,0.388280,0.889055,-0.453242,0.056315,-0.031345,0.068174,2.469634,1.000000,-0.459143,4.818607
5.330000,0.622347,-0.098986,0.388287,0.888896,-0.453549,0.056349,-0.031352,0.068174,2.471466,1.000000,-0.456853,4.823579
5.335000,0.622290,-0.099424,0.388293,0.888737,-0.453854,0.056382,-0.031359,0.068174,2.473289,1.000000,-0.454580,4.828557
5.340000,0.622233,-0.099859,0.388298,0.888580,-0.454158,0.056413,-0.031364,0.068174,2.475102,1.000000,-0.452332,4.833564
5.345000,0.622177,-0.100291,0.388302,0.888423,-0.454460,0.056444,-0.031370,0.068174,2.476907,1.000000,-0.450111,4.838584
5.350000,0.622120,-0.100720,0.388305,0.888268,-0.454760,0.056474,-0.031374,0.068174,2.478703,1.000000,-0.447922,4.843611
5.355000,0.622063,-0.101147,0.388307,0.888113,-0.455059,0.056504,-0.031377,0.068174,2.480490,1.000000,-0.445795,4.848751
5.360000,0.622006,-0.101571,0.388309,0.887959,-0.455356,0.056532,-0.031380,0.068175,2.482268,1.000000,-0.443716,4.853886
5.365000,0.621950,-0.101992,0.388310,0.887805,-0.455651,0.056561,-0.031381,0.068175,2.484039,1.000000,-0.441687,4.859032
5.370000,0.621893,-0.102411,0.388310,0.887653,-0.455945,0.056588,-0.031382,0.068175,2.485802,1.000000,-0.439709,4.864184
5.375000,0.621836,-0.102827,0.388310,0.887501,-0.456237,0.056615,-0.031381,0.068175,2.487556,1.000000,-0.437785,4.869388
5.380000,0.621779,-0.103241,0.388309,0.887349,-0.456528,0.056641,-0.031380,0.068175,2.489304,1.000000,-0.435915,4.874634
5.385000,0.621722,-0.103652,0.388307,0.887199,-0.456818,0.056667,-0.031377,0.068175,2.491043,1.000000,-0.434097,4.879891
5.390000,0.621665,-0.104062,0.388306,0.887049,-0.457106,0.056693,-0.031373,0.068175,2.492776,1.000000,-0.432270,4.884857
5.395000,0.621608,-0.104468,0.388303,0.886900,-0.457393,0.056718,-0.031368,0.068175,2.494501,1.000000,-0.430467,4.889851
5.400000,0.621551,-0.104873,0.388300,0.886751,-0.457678,0.056743,-0.031362,0.068176,2.496219,1.000000,-0.428699,4.894857
5.405000,0.621494,-0.105276,0.388297,0.886603,-0.457962,0.056767,-0.031355,0.068176,2.497931,1.000000,-0.426970,4.899871
5.410000,0.621437,-0.105676,0.388293,0.886456,-0.458245,0.056791,-0.031347,0.068176,2.499635,1.000000,-0.425286,4.904896
5.415000,0.621380,-0.106074,0.388289,0.886309,-0.458527,0.056815,-0.031338,0.068176,2.501333,1.000000,-0.423652,4.909945
5.420000,0.621323,-0.106471,0.388285,0.886163,-0.458807,0.056839,-0.031328,0.068176,2.503024,1.000000,-0.422068,4.915004
5.425000,0.621266,-0.106865,0.388280,0.886017,-0.459086,0.056862,-0.031317,0.068176,2.504709,1.000000,-0.420449,4.919685
5.430000,0.621209,-0.107257,0.388276,0.885872,-0.459364,0.056885,-0.031305,0.068176,2.506387,1.000000,-0.418839,4.924360
5.435000,0.621151,-0.107648,0.388270,0.885727,-0.459641,0.056908,-0.031292,0.068177,2.508059,1.000000,-0.417252,4.929033
5.440000,0.621094,-0.108036,0.388265,0.885583,-0.459917,0.056931,-0.031278,0.068177,2.509725,1.000000,-0.415700,4.933718
5.445000,0.621036,-0.108423,0.388260,0.885439,-0.460192,0.056953,-0.031264,0.068177,2.511385,1.000000,-0.414186,4.938409
5.450000,0.620979,-0.108807,0.388254,0.885296,-0.460465,0.056976,-0.031248,0.068177,2.513038,1.000000,-0.412722,4.943168
5.455000,0.620921,-0.109190,0.388248,0.885154,-0.460738,0.056998,-0.031232,0.068177,2.514686,1.000000,-0.411304,4.947940
5.460000,0.620864,-0.109571,0.388242,0.885011,-0.461009,0.057020,-0.031214,0.068177,2.516328,1.000000,-0.409855,4.952373
5.465000,0.620806,-0.109951,0.388236,0.884870,-0.461279,0.057042,-0.031196,0.068177,2.517965,1.000000,-0.408414,4.956805
5.470000,0.620748,-0.110329,0.388230,0.884728,-0.461549,0.057063,-0.031178,0.068177,2.519595,1.000000,-0.406994,4.961226
5.475000,0.620690,-0.110705,0.388224,0.884588,-0.461817,0.057085,-0.031158,0.068178,2.521220,1.000000,-0.405605,4.965659
5.480000,0.620632,-0.111079,0.388218,0.884447,-0.462085,0.057106,-0.031138,0.068178,2.522840,1.000000,-0.404252,4.970099
5.485000,0.620574,-0.111452,0.388211,0.884307,-0.462351,0.057128,-0.031117,0.068178,2.524454,1.000000,-0.402944,4.974603
5.490000,0.620516,-0.111823,0.388205,0.884168,-0.462617,0.057149,-0.031096,0.068178,2.526063,1.000000,-0.401587,4.978713
5.495000,0.620457,-0.112193,0.388199,0.884029,-0.462881,0.057170,-0.031074,0.068178,2.527667,1.000000,-0.400225,4.982834
5.500000,0.620399,-0.112561,0.388193,0.883890,-0.463145,0.057191,-0.031052,0.068178,2.529265,1.000000,-0.398874,4.986962
5.505000,0.620340,-0.112927,0.388186,0.883752,-0.463407,0.057212,-0.031029,0.068178,2.530857,1.000000,-0.397539,4.991058
5.510000,0.620282,-0.113292,0.388180,0.883614,-0.463669,0.057233,-0.031005,0.068178,2.532445,1.000000,-0.396233,4.995163
5.515000,0.620223,-0.113656,0.388174,0.883477,-0.463930,0.057254,-0.030982,0.068179,2.534027,1.000000,-0.394959,4.999277
5.520000,0.620165,-0.114018,0.388168,0.883340,-0.464189,0.057275,-0.030957,0.068179,2.535604,1.000000,-0.393721,5.003407
5.525000,0.620106,-0.114379,0.388162,0.883203,-0.464448,0.057296,-0.030933,0.068179,2.537176,1.000000,-0.392471,5.007348
5.530000,0.620047,-0.114738,0.388156,0.883067,-0.464707,0.057316,-0.030908,0.068179,2.538743,1.000000,-0.391236,5.011301
5.535000,0.619988,-0.115096,0.388151,0.882931,-0.464964,0.057337,-0.030882,0.068179,2.540306,1.000000,-0.390022,5.015262
5.540000,0.619929,-0.115452,0.388145,0.882796,-0.465220,0.057358,-0.030856,0.068179,2.541863,1.000000,-0.388838,5.019251
5.545000,0.619870,-0.115807,0.388139,0.882660,-0.465476,0.057378,-0.030830,0.068179,2.543416,1.000000,-0.387685,5.023256
5.550000,0.619811,-0.116161,0.388134,0.882526,-0.465731,0.057399,-0.030804,0.068179,2.544965,1.000000,-0.386567,5.027273
5.555000,0.619751,-0.116513,0.388129,0.882391,-0.465985,0.057419,-0.030777,0.068180,2.546509,1.000000,-0.385485,5.031301
5.560000,0.619692,-0.116865,0.388124,0.882257,-0.466238,0.057440,-0.030750,0.068180,2.548048,1.000000,-0.384495,5.035617
5.565000,0.619633,-0.117215,0.388119,0.882123,-0.466491,0.057461,-0.030722,0.068180,2.549585,1.000000,-0.383571,5.039944
5.570000,0.619573,-0.117564,0.388114,0.881989,-0.466743,0.057481,-0.030694,0.068180,2.551117,1.000000,-0.382706,5.044279
5.575000,0.619513,-0.117912,0.388110,0.881856,-0.466994,0.057502,-0.030666,0.068180,2.552646,1.000000,-0.381890,5.048591
5.580000,0.619453,-0.118259,0.388105,0.881723,-0.467245,0.057523,-0.030637,0.068180,2.554172,1.000000,-0.381121,5.052871
5.585000,0.619393,-0.118605,0.388101,0.881590,-0.467495,0.057544,-0.030608,0.068180,2.555695,1.000000,-0.380401,5.057163
5.590000,0.619333,-0.118950,0.388097,0.881457,-0.467745,0.057565,-0.030578,0.068180,2.557216,1.000000,-0.379727,5.061462
5.595000,0.619272,-0.119294,0.388093,0.881324,-0.467994,0.057586,-0.030548,0.068181,2.558734,1.000000,-0.379149,5.066030
5.600000,0.619212,-0.119638,0.388090,0.881192,-0.468243,0.057607,-0.030518,0.068181,2.560249,1.000000,-0.378639,5.070627
5.605000,0.619151,-0.119981,0.388087,0.881059,-0.468491,0.057628,-0.030487,0.068181,2.561763,1.000000,-0.378188,5.075231
5.610000,0.619090,-0.120323,0.388084,0.880927,-0.468739,0.057650,-0.030455,0.068181,2.563275,1.000000,-0.377791,5.079850
5.615000,0.619029,-0.120665,0.388081,0.880795,-0.468987,0.057671,-0.030423,0.068181,2.564786,1.000000,-0.377443,5.084509
5.620000,0.618968,-0.121006,0.388078,0.880663,-0.469235,0.057693,-0.030391,0.068181,2.566295,1.000000,-0.377143,5.089179
5.625000,0.618906,-0.121346,0.388076,0.880531,-0.469482,0.057715,-0.030359,0.068181,2.567804,1.000000,-0.376889,5.093857
5.630000,0.618845,-0.121686,0.388074,0.880399,-0.469729,0.057737,-0.030326,0.068182,2.569311,1.000000,-0.376643,5.098413
5.635000,0.618783,-0.122026,0.388072,0.880267,-0.469976,0.057759,-0.030293,0.068182,2.570817,1.000000,-0.376422,5.103014
5.640000,0.618721,-0.122365,0.388070,0.880135,-0.470222,0.057782,-0.030259,0.068182,2.572323,1.000000,-0.376227,5.107625
5.645000,0.618659,-0.122704,0.388068,0.880003,-0.470468,0.057804,-0.030226,0.068182,2.573828,1.000000,-0.376062,5.112245
5.650000,0.618596,-0.123042,0.388067,0.879871,-0.470714,0.057827,-0.030192,0.068182,2.575332,1.000000,-0.375927,5.116892
5.655000,0.618534,-0.123380,0.388066,0.879739,-0.470960,0.057850,-0.030158,0.068182,2.576836,1.000000,-0.375824,5.121552
5.660000,0.618471,-0.123718,0.388065,0.879607,-0.471206,0.057872,-0.030124,0.068182,2.578339,1.000000,-0.375735,5.126150
5.665000,0.618408,-0.124055,0.388064,0.879475,-0.471451,0.057895,-0.030090,0.068182,2.579843,1.000000,-0.375670,5.130769
5.670000,0.618345,-0.124392,0.388064,0.879343,-0.471696,0.057919,-0.030055,0.068182,2.581345,1.000000,-0.375630,5.135439
5.675000,0.618282,-0.124729,0.388063,0.879211,-0.471941,0.057942,-0.030021,0.068183,2.582848,1.000000,-0.375616,5.140120
5.680000,0.618218,-0.125066,0.388063,0.879080,-0.472186,0.057965,-0.029987,0.068183,2.584351,1.000000,-0.375626,5.144809
5.685000,0.618155,-0.125402,0.388063,0.878948,-0.472431,0.057989,-0.029953,0.068183,2.585854,1.000000,-0.375659,5.149491
5.690000,0.618091,-0.125739,0.388063,0.878816,-0.472676,0.058012,-0.029918,0.068183,2.587357,1.000000,-0.375716,5.154170
5.695000,0.618027,-0.126075,0.388063,0.878684,-0.472920,0.058036,-0.029884,0.068183,2.588861,1.000000,-0.375864,5.159159
5.700000,0.617963,-0.126411,0.388064,0.878552,-0.473165,0.058060,-0.029850,0.068183,2.590365,1.000000,-0.376072,5.164157
5.705000,0.617899,-0.126747,0.388064,0.878420,-0.473409,0.058084,-0.029815,0.068183,2.591870,1.000000,-0.376334,5.169229
5.710000,0.617835,-0.127083,0.388065,0.878288,-0.473653,0.058109,-0.029781,0.068183,2.593377,1.000000,-0.376637,5.174316
5.715000,0.617770,-0.127419,0.388066,0.878155,-0.473898,0.058133,-0.029747,0.068184,2.594885,1.000000,-0.376974,5.179411
5.720000,0.617705,-0.127755,0.388067,0.878023,-0.474142,0.058158,-0.029712,0.068184,2.596394,1.000000,-0.377341,5.184498
5.725000,0.617641,-0.128091,0.388068,0.877890,-0.474387,0.058183,-0.029678,0.068184,2.597904,1.000000,-0.377733,5.189555
5.730000,0.617575,-0.128428,0.388069,0.877758,-0.474631,0.058208,-0.029643,0.068184,2.599417,1.000000,-0.378239,5.195008
5.735000,0.617510,-0.128765,0.388070,0.877625,-0.474876,0.058233,-0.029609,0.068184,2.600932,1.000000,-0.378815,5.200469
5.740000,0.617445,-0.129101,0.388072,0.877492,-0.475121,0.058259,-0.029574,0.068184,2.602449,1.000000,-0.379446,5.205936
5.745000,0.617379,-0.129439,0.388073,0.877358,-0.475366,0.058285,-0.029539,0.068184,2.603969,1.000000,-0.380123,5.211410
5.750000,0.617313,-0.129776,0.388075,0.877225,-0.475611,0.058311,-0.029505,0.068184,2.605492,1.000000,-0.380837,5.216894
5.755000,0.617247,-0.130115,0.388077,0.877091,-0.475856,0.058337,-0.029470,0.068185,2.607017,1.000000,-0.381585,5.222386
5.760000,0.617181,-0.130453,0.388079,0.876957,-0.476102,0.058364,-0.029435,0.068185,2.608546,1.000000,-0.382361,5.227879
5.765000,0.617115,-0.130792,0.388081,0.876823,-0.476348,0.058391,-0.029400,0.068185,2.610078,1.000000,-0.383322,5.234074
5.770000,0.617048,-0.131132,0.388083,0.876689,-0.476594,0.058419,-0.029365,0.068185,2.611614,1.000000,-0.384392,5.240277
5.775000,0.616982,-0.131472,0.388085,0.876554,-0.476840,0.058447,-0.029330,0.068185,2.613155,1.000000,-0.385541,5.246494
5.780000,0.616915,-0.131813,0.388088,0.876419,-0.477087,0.058475,-0.029294,0.068185,2.614701,1.000000,-0.386754,5.252731
5.785000,0.616847,-0.132155,0.388090,0.876283,-0.477335,0.058504,-0.029259,0.068185,2.616252,1.000000,-0.388016,5.258980
5.790000,0.616780,-0.132498,0.388093,0.876147,-0.477583,0.058533,-0.029223,0.068185,2.617807,1.000000,-0.389320,5.265234
5.795000,0.616712,-0.132842,0.388096,0.876011,-0.477832,0.058563,-0.029187,0.068185,2.619368,1.000000,-0.390658,5.271503
5.800000,0.616644,-0.133187,0.388099,0.875874,-0.478081,0.058593,-0.029151,0.068186,2.620935,1.000000,-0.392249,5.278727
5.805000,0.616576,-0.133533,0.388102,0.875737,-0.478330,0.058624,-0.029115,0.068186,2.622509,1.000000,-0.393983,5.285959
5.810000,0.616508,-0.133880,0.388105,0.875599,-0.478581,0.058656,-0.029078,0.068186,2.624090,1.000000,-0.395821,5.293201
5.815000,0.616439,-0.134228,0.388109,0.875461,-0.478832,0.058688,-0.029041,0.068186,2.625679,1.000000,-0.397740,5.300479
5.820000,0.616370,-0.134578,0.388112,0.875322,-0.479085,0.058721,-0.029003,0.068186,2.627275,1.000000,-0.399720,5.307766
5.825000,0.616300,-0.134930,0.388116,0.875182,-0.479338,0.058755,-0.028966,0.068186,2.628880,1.000000,-0.401751,5.315059
5.830000,0.616231,-0.135283,0.388120,0.875042,-0.479591,0.058789,-0.028928,0.068186,2.630493,1.000000,-0.403990,5.322979
5.835000,0.616161,-0.135637,0.388125,0.874901,-0.479846,0.058825,-0.028889,0.068186,2.632115,1.000000,-0.406345,5.330901
5.840000,0.616090,-0.135994,0.388130,0.874760,-0.480102,0.058861,-0.028851,0.068186,2.633748,1.000000,-0.408785,5.338832
5.845000,0.616020,-0.136352,0.388135,0.874618,-0.480359,0.058899,-0.028812,0.068187,2.635390,1.000000,-0.411290,5.346768
5.850000,0.615949,-0.136713,0.388140,0.874474,-0.480617,0.058937,-0.028772,0.068187,2.637042,1.000000,-0.413850,5.354757
5.855000,0.615878,-0.137075,0.388146,0.874331,-0.480876,0.058977,-0.028732,0.068187,2.638704,1.000000,-0.416451,5.362764
5.860000,0.615806,-0.137439,0.388152,0.874186,-0.481137,0.059018,-0.028693,0.068187,2.640377,1.000000,-0.419085,5.370779
5.865000,0.615734,-0.137806,0.388159,0.874041,-0.481398,0.059060,-0.028653,0.068187,2.642061,1.000000,-0.421831,5.378989
5.870000,0.615662,-0.138174,0.388166,0.873894,-0.481661,0.059104,-0.028613,0.068187,2.643756,1.000000,-0.424625,5.387174
5.875000,0.615590,-0.138545,0.388174,0.873747,-0.481924,0.059149,-0.028572,0.068187,2.645462,1.000000,-0.427454,5.395368
5.880000,0.615518,-0.138918,0.388183,0.873599,-0.482189,0.059196,-0.028532,0.068187,2.647180,1.000000,-0.430310,5.403568
5.885000,0.615445,-0.139294,0.388192,0.873450,-0.482455,0.059244,-0.028492,0.068188,2.648909,1.000000,-0.433184,5.411762
5.890000,0.615372,-0.139672,0.388202,0.873301,-0.482722,0.059295,-0.028452,0.068188,2.650650,1.000000,-0.436072,5.419950
5.895000,0.615299,-0.140052,0.388213,0.873150,-0.482990,0.059347,-0.028412,0.068188,2.652402,1.000000,-0.438969,5.428146
5.900000,0.615226,-0.140434,0.388224,0.872999,-0.483259,0.059401,-0.028372,0.068188,2.654166,1.000000,-0.441931,5.436344
5.905000,0.615152,-0.140820,0.388237,0.872847,-0.483529,0.059457,-0.028332,0.068188,2.655942,1.000000,-0.444894,5.444497
5.910000,0.615079,-0.141207,0.388250,0.872694,-0.483800,0.059516,-0.028293,0.068188,2.657730,1.000000,-0.447857,5.452645
5.915000,0.615006,-0.141598,0.388264,0.872540,-0.484073,0.059577,-0.028254,0.068188,2.659529,1.000000,-0.450818,5.460801
5.920000,0.614933,-0.141991,0.388280,0.872385,-0.484346,0.059641,-0.028215,0.068188,2.661341,1.000000,-0.453775,5.468954
5.925000,0.614860,-0.142386,0.388297,0.872229,-0.484620,0.059708,-0.028177,0.068188,2.663164,1.000000,-0.456727,5.477066
5.930000,0.614786,-0.142784,0.388315,0.872073,-0.484895,0.059777,-0.028140,0.068189,2.664999,1.000000,-0.459673,5.485187
5.935000,0.614713,-0.143185,0.388334,0.871916,-0.485172,0.059850,-0.028103,0.068189,2.666847,1.000000,-0.462710,5.493397
5.940000,0.614641,-0.143589,0.388355,0.871757,-0.485449,0.059925,-0.028066,0.068189,2.668706,1.000000,-0.465751,5.501576
5.945000,0.614568,-0.143995,0.388377,0.871598,-0.485727,0.060004,-0.028031,0.068189,2.670577,1.000000,-0.468790,5.509725
5.950000,0.614496,-0.144405,0.388401,0.871438,-0.486005,0.060087,-0.027996,0.068189,2.672461,1.000000,-0.471828,5.517883
5.955000,0.614424,-0.144817,0.388426,0.871277,-0.486285,0.060173,-0.027961,0.068189,2.674357,1.000000,-0.474863,5.526049
5.960000,0.614352,-0.145232,0.388453,0.871116,-0.486565,0.060264,-0.027928,0.068189,2.676265,1.000000,-0.477888,5.534136
5.965000,0.614281,-0.145650,0.388482,0.870953,-0.486847,0.060357,-0.027895,0.068189,2.678185,1.000000,-0.480907,5.542218
5.970000,0.614210,-0.146071,0.388512,0.870790,-0.487129,0.060455,-0.027863,0.068189,2.680118,1.000000,-0.484057,5.550709
5.975000,0.614139,-0.146495,0.388544,0.870625,-0.487412,0.060556,-0.027833,0.068190,2.682063,1.000000,-0.487249,5.559188
5.980000,0.614068,-0.146921,0.388578,0.870460,-0.487696,0.060661,-0.027803,0.068190,2.684021,1.000000,-0.490470,5.567597
5.985000,0.613998,-0.147351,0.388614,0.870294,-0.487980,0.060770,-0.027774,0.068190,2.685993,1.000000,-0.493857,5.576017
5.990000,0.613928,-0.147784,0.388651,0.870126,-0.488266,0.060883,-0.027745,0.068190,2.687978,1.000000,-0.497417,5.584444
5.995000,0.613858,-0.148220,0.388691,0.869958,-0.488553,0.060999,-0.027717,0.068190,2.689978,1.000000,-0.501120,5.592831
6.000000,0.613787,-0.148659,0.388732,0.869788,-0.488842,0.061118,-0.027689,0.068190,2.691993,1.000000,-0.504942,5.601605
6.005000,0.613716,-0.149101,0.388775,0.869618,-0.489131,0.061240,-0.027662,0.068190,2.694024,1.000000,-0.508810,5.610388
6.010000,0.613645,-0.149546,0.388819,0.869446,-0.489423,0.061365,-0.027635,0.068190,2.696070,1.000000,-0.512685,5.619178
6.015000,0.613574,-0.149993,0.388866,0.869273,-0.489715,0.061493,-0.027608,0.068190,2.698131,1.000000,-0.516540,5.627918
6.020000,0.613501,-0.150444,0.388913,0.869099,-0.490009,0.061622,-0.027582,0.068191,2.700208,1.000000,-0.520366,5.636665
6.025000,0.613429,-0.150898,0.388963,0.868924,-0.490304,0.061754,-0.027556,0.068191,2.702300,1.000000,-0.524154,5.645419
6.030000,0.613355,-0.151354,0.389014,0.868748,-0.490601,0.061888,-0.027530,0.068191,2.704407,1.000000,-0.527899,5.654203
6.035000,0.613282,-0.151813,0.389066,0.868570,-0.490899,0.062025,-0.027506,0.068191,2.706529,1.000000,-0.531520,5.663022
6.040000,0.613207,-0.152275,0.389119,0.868392,-0.491198,0.062162,-0.027482,0.068191,2.708665,1.000000,-0.535059,5.671849
6.045000,0.613133,-0.152738,0.389174,0.868213,-0.491499,0.062302,-0.027459,0.068191,2.710815,1.000000,-0.538522,5.680680
6.050000,0.613057,-0.153204,0.389230,0.868033,-0.491800,0.062442,-0.027438,0.068191,2.712979,1.000000,-0.541909,5.689510
6.055000,0.612981,-0.153672,0.389287,0.867852,-0.492103,0.062584,-0.027417,0.068191,2.715156,1.000000,-0.545225,5.698342
6.060000,0.612904,-0.154143,0.389345,0.867670,-0.492406,0.062727,-0.027397,0.068191,2.717346,1.000000,-0.548471,5.707181
6.065000,0.612827,-0.154615,0.389405,0.867487,-0.492711,0.062871,-0.027379,0.068191,2.719549,1.000000,-0.551649,5.716041
6.070000,0.612749,-0.155089,0.389465,0.867303,-0.493016,0.063017,-0.027361,0.068192,2.721765,1.000000,-0.554719,5.724776
6.075000,0.612671,-0.155565,0.389525,0.867119,-0.493323,0.063163,-0.027345,0.068192,2.723992,1.000000,-0.557700,5.733516
6.080000,0.612592,-0.156043,0.389587,0.866934,-0.493630,0.063310,-0.027330,0.068192,2.726232,1.000000,-0.560594,5.742259
6.085000,0.612512,-0.156522,0.389649,0.866748,-0.493938,0.063457,-0.027316,0.068192,2.728482,1.000000,-0.563408,5.751045
6.090000,0.612432,-0.157003,0.389712,0.866562,-0.494246,0.063606,-0.027304,0.068192,2.730744,1.000000,-0.566142,5.759865
6.095000,0.612352,-0.157485,0.389776,0.866375,-0.494555,0.063755,-0.027292,0.068192,2.733017,1.000000,-0.568795,5.768691
6.100000,0.612271,-0.157969,0.389840,0.866187,-0.494865,0.063905,-0.027282,0.068192,2.735300,1.000000,-0.571365,5.777519
6.105000,0.612190,-0.158454,0.389904,0.865999,-0.495175,0.064056,-0.027273,0.068192,2.737592,1.000000,-0.573813,5.786293
6.110000,0.612109,-0.158940,0.389969,0.865810,-0.495486,0.064207,-0.027265,0.068192,2.739895,1.000000,-0.576085,5.795079
6.115000,0.612027,-0.159428,0.390034,0.865621,-0.495797,0.064359,-0.027258,0.068193,2.742206,1.000000,-0.578177,5.803869
6.120000,0.611946,-0.159917,0.390100,0.865432,-0.496108,0.064512,-0.027251,0.068193,2.744525,1.000000,-0.580101,5.812665
6.125000,0.611864,-0.160406,0.390166,0.865243,-0.496419,0.064665,-0.027246,0.068193,2.746851,1.000000,-0.581877,5.821507
6.130000,0.611783,-0.160897,0.390233,0.865053,-0.496729,0.064818,-0.027241,0.068193,2.749184,1.000000,-0.583506,5.830354
6.135000,0.611702,-0.161388,0.390300,0.864863,-0.497039,0.064971,-0.027236,0.068193,2.751523,1.000000,-0.584998,5.839202
6.140000,0.611622,-0.161880,0.390367,0.864674,-0.497349,0.065125,-0.027232,0.068193,2.753868,1.000000,-0.586285,5.847952
6.145000,0.611542,-0.162373,0.390434,0.864484,-0.497659,0.065278,-0.027229,0.068193,2.756217,1.000000,-0.587418,5.856544
6.150000,0.611462,-0.162867,0.390502,0.864295,-0.497968,0.065432,-0.027226,0.068193,2.758571,1.000000,-0.588428,5.865142
6.155000,0.611383,-0.163360,0.390569,0.864106,-0.498276,0.065585,-0.027224,0.068193,2.760928,1.000000,-0.589330,5.873740
6.160000,0.611305,-0.163855,0.390637,0.863917,-0.498583,0.065737,-0.027222,0.068193,2.763289,1.000000,-0.590129,5.882226
6.165000,0.611227,-0.164350,0.390705,0.863729,-0.498889,0.065889,-0.027221,0.068194,2.765653,1.000000,-0.590832,5.890528
6.170000,0.611150,-0.164845,0.390772,0.863540,-0.499195,0.066041,-0.027220,0.068194,2.768019,1.000000,-0.591238,5.898223
6.175000,0.611073,-0.165340,0.390840,0.863353,-0.499500,0.066191,-0.027219,0.068194,2.770385,1.000000,-0.591484,5.905920
6.180000,0.610998,-0.165835,0.390907,0.863166,-0.499803,0.066340,-0.027219,0.068194,2.772753,1.000000,-0.591585,5.913306
6.185000,0.610923,-0.166330,0.390974,0.862979,-0.500105,0.066488,-0.027219,0.068194,2.775120,1.000000,-0.591572,5.920502
6.190000,0.610849,-0.166825,0.391040,0.862793,-0.500407,0.066634,-0.027220,0.068194,2.777488,1.000000,-0.591473,5.927705
6.195000,0.610775,-0.167319,0.391107,0.862608,-0.500707,0.066779,-0.027221,0.068194,2.779854,1.000000,-0.591301,5.934899
6.200000,0.610703,-0.167813,0.391172,0.862423,-0.501005,0.066923,-0.027223,0.068194,2.782220,1.000000,-0.591051,5.941502
6.205000,0.610631,-0.168307,0.391237,0.862240,-0.501302,0.067064,-0.027225,0.068194,2.784584,1.000000,-0.590477,5.947024
6.210000,0.610560,-0.168800,0.391302,0.862057,-0.501598,0.067204,-0.027228,0.068194,2.786945,1.000000,-0.589732,5.952551
6.215000,0.610490,-0.169293,0.391365,0.861874,-0.501893,0.067342,-0.027231,0.068195,2.789303,1.000000,-0.588836,5.957621
6.220000,0.610422,-0.169785,0.391428,0.861693,-0.502185,0.067477,-0.027234,0.068195,2.791657,1.000000,-0.587823,5.962420
6.225000,0.610354,-0.170276,0.391490,0.861513,-0.502476,0.067611,-0.027238,0.068195,2.794006,1.000000,-0.586725,5.967227
6.230000,0.610287,-0.170766,0.391551,0.861334,-0.502766,0.067742,-0.027242,0.068195,2.796351,1.000000,-0.585539,5.971668
6.235000,0.610220,-0.171255,0.391612,0.861155,-0.503054,0.067871,-0.027247,0.068195,2.798691,1.000000,-0.584280,5.975715
6.240000,0.610155,-0.171743,0.391671,0.860978,-0.503340,0.067998,-0.027252,0.068195,2.801025,1.000000,-0.582761,5.978779
6.245000,0.610091,-0.172230,0.391729,0.860802,-0.503624,0.068122,-0.027257,0.068195,2.803353,1.000000,-0.581063,5.981523
6.250000,0.610028,-0.172715,0.391787,0.860626,-0.503906,0.068244,-0.027263,0.068195,2.805673,1.000000,-0.579231,5.984088
6.255000,0.609967,-0.173199,0.391843,0.860452,-0.504187,0.068364,-0.027268,0.068195,2.807986,1.000000,-0.577310,5.986719
6.260000,0.609906,-0.173682,0.391898,0.860280,-0.504466,0.068482,-0.027274,0.068196,2.810292,1.000000,-0.575439,5.990903
6.265000,0.609846,-0.174164,0.391952,0.860108,-0.504742,0.068597,-0.027280,0.068196,2.812589,1.000000,-0.573481,5.995091
6.270000,0.609788,-0.174643,0.392006,0.859938,-0.505017,0.068711,-0.027286,0.068196,2.814879,1.000000,-0.571483,5.999635
6.275000,0.609731,-0.175122,0.392058,0.859768,-0.505289,0.068822,-0.027292,0.068196,2.817161,1.000000,-0.569384,6.005472
6.280000,0.609675,-0.175598,0.392110,0.859601,-0.505559,0.068931,-0.027298,0.068196,2.819434,1.000000,-0.567095,6.011316
6.285000,0.609620,-0.176073,0.392160,0.859434,-0.505827,0.069038,-0.027305,0.068196,2.821698,1.000000,-0.564651,6.017163
6.290000,0.609567,-0.176546,0.392210,0.859269,-0.506093,0.069143,-0.027311,0.068196,2.823951,1.000000,-0.561971,6.021805
6.295000,0.609515,-0.177017,0.392259,0.859106,-0.506356,0.069246,-0.027317,0.068196,2.826192,1.000000,-0.558949,6.023625
6.300000,0.609464,-0.177485,0.392307,0.858943,-0.506617,0.069347,-0.027323,0.068196,2.828421,1.000000,-0.555896,6.025448
6.305000,0.609414,-0.177952,0.392354,0.858783,-0.506875,0.069446,-0.027329,0.068197,2.830637,1.000000,-0.552835,6.027275
6.310000,0.609366,-0.178416,0.392400,0.858623,-0.507132,0.069543,-0.027335,0.068197,2.832841,1.000000,-0.549522,6.028338
6.315000,0.609318,-0.178878,0.392446,0.858466,-0.507385,0.069637,-0.027341,0.068197,2.835031,1.000000,-0.546096,6.029402
6.320000,0.609272,-0.179338,0.392490,0.858309,-0.507637,0.069729,-0.027347,0.068197,2.837207,1.000000,-0.542585,6.030367
6.325000,0.609227,-0.179794,0.392533,0.858154,-0.507886,0.069818,-0.027354,0.068197,2.839369,1.000000,-0.539024,6.031316
6.330000,0.609182,-0.180248,0.392576,0.858001,-0.508133,0.069905,-0.027361,0.068197,2.841516,1.000000,-0.535437,6.032257
6.335000,0.609139,-0.180700,0.392617,0.857849,-0.508377,0.069989,-0.027367,0.068197,2.843649,1.000000,-0.531832,6.032783
6.340000,0.609097,-0.181149,0.392657,0.857699,-0.508619,0.070071,-0.027374,0.068197,2.845767,1.000000,-0.527958,6.032338
6.345000,0.609056,-0.181594,0.392695,0.857550,-0.508859,0.070149,-0.027381,0.068198,2.847870,1.000000,-0.523972,6.031846
6.350000,0.609015,-0.182037,0.392733,0.857403,-0.509096,0.070225,-0.027389,0.068198,2.849956,1.000000,-0.519929,6.031012
6.355000,0.608976,-0.182476,0.392769,0.857257,-0.509331,0.070298,-0.027397,0.068198,2.852025,1.000000,-0.515844,6.030180
6.360000,0.608937,-0.182912,0.392804,0.857112,-0.509564,0.070368,-0.027405,0.068198,2.854079,1.000000,-0.511736,6.029254
6.365000,0.608899,-0.183345,0.392837,0.856970,-0.509794,0.070435,-0.027414,0.068198,2.856116,1.000000,-0.507613,6.027948
6.370000,0.608862,-0.183775,0.392869,0.856828,-0.510022,0.070500,-0.027423,0.068198,2.858136,1.000000,-0.503509,6.026646
6.375000,0.608825,-0.184201,0.392900,0.856689,-0.510248,0.070562,-0.027432,0.068198,2.860139,1.000000,-0.499111,6.023952
6.380000,0.608789,-0.184624,0.392930,0.856550,-0.510471,0.070621,-0.027441,0.068198,2.862124,1.000000,-0.494575,6.021156
6.385000,0.608754,-0.185043,0.392958,0.856414,-0.510692,0.070677,-0.027451,0.068198,2.864091,1.000000,-0.489964,6.018362
6.390000,0.608720,-0.185459,0.392984,0.856279,-0.510911,0.070730,-0.027461,0.068199,2.866039,1.000000,-0.485307,6.015788
6.395000,0.608686,-0.185871,0.393009,0.856145,-0.511127,0.070780,-0.027471,0.068199,2.867969,1.000000,-0.480627,6.013352
6.400000,0.608653,-0.186278,0.393032,0.856013,-0.511341,0.070827,-0.027482,0.068199,2.869880,1.000000,-0.475946,6.010917
6.405000,0.608620,-0.186683,0.393054,0.855882,-0.511553,0.070872,-0.027493,0.068199,2.871772,1.000000,-0.471273,6.008316
6.410000,0.608588,-0.187083,0.393075,0.855753,-0.511763,0.070914,-0.027505,0.068199,2.873645,1.000000,-0.466316,6.004262
6.415000,0.608556,-0.187479,0.393093,0.855626,-0.511970,0.070953,-0.027516,0.068199,2.875497,1.000000,-0.461233,6.000209
6.420000,0.608525,-0.187871,0.393111,0.855500,-0.512175,0.070990,-0.027529,0.068199,2.877329,1.000000,-0.456102,5.995884
6.425000,0.608495,-0.188259,0.393126,0.855375,-0.512377,0.071023,-0.027541,0.068199,2.879140,1.000000,-0.450920,5.991531
6.430000,0.608464,-0.188642,0.393140,0.855252,-0.512577,0.071054,-0.027554,0.068200,2.880931,1.000000,-0.445708,5.987178
6.435000,0.608435,-0.189021,0.393153,0.855131,-0.512775,0.071083,-0.027567,0.068200,2.882701,1.000000,-0.440528,5.982631
6.440000,0.608406,-0.189396,0.393163,0.855011,-0.512971,0.071109,-0.027580,0.068200,2.884450,1.000000,-0.435359,5.978070
6.445000,0.608377,-0.189767,0.393173,0.854893,-0.513164,0.071133,-0.027593,0.068200,2.886178,1.000000,-0.429878,5.971979
6.450000,0.608349,-0.190132,0.393181,0.854776,-0.513354,0.071154,-0.027607,0.068200,2.887883,1.000000,-0.424279,5.965636
6.455000,0.608322,-0.190493,0.393187,0.854661,-0.513543,0.071172,-0.027621,0.068200,2.889566,1.000000,-0.418581,5.959298
6.460000,0.608294,-0.190850,0.393191,0.854548,-0.513728,0.071188,-0.027636,0.068200,2.891226,1.000000,-0.412837,5.953000
6.465000,0.608267,-0.191201,0.393194,0.854436,-0.513912,0.071201,-0.027650,0.068200,2.892863,1.000000,-0.407110,5.946840
6.470000,0.608241,-0.191547,0.393195,0.854326,-0.514093,0.071212,-0.027665,0.068200,2.894477,1.000000,-0.401371,5.940688
6.475000,0.608215,-0.191889,0.393195,0.854217,-0.514271,0.071221,-0.027681,0.068201,2.896069,1.000000,-0.395691,5.934825
6.480000,0.608189,-0.192225,0.393193,0.854110,-0.514447,0.071226,-0.027696,0.068201,2.897637,1.000000,-0.389811,5.928049
6.485000,0.608163,-0.192556,0.393189,0.854004,-0.514621,0.071230,-0.027712,0.068201,2.899181,1.000000,-0.383814,5.921282
6.490000,0.608138,-0.192882,0.393183,0.853901,-0.514792,0.071230,-0.027728,0.068201,2.900702,1.000000,-0.377839,5.915154
6.495000,0.608113,-0.193202,0.393176,0.853799,-0.514961,0.071228,-0.027745,0.068201,2.902198,1.000000,-0.371839,5.909181
6.500000,0.608088,-0.193517,0.393167,0.853698,-0.515127,0.071224,-0.027762,0.068201,2.903671,1.000000,-0.365827,5.903283
6.505000,0.608064,-0.193826,0.393156,0.853599,-0.515291,0.071217,-0.027779,0.068201,2.905120,1.000000,-0.359924,5.898360
6.510000,0.608039,-0.194130,0.393144,0.853502,-0.515452,0.071207,-0.027797,0.068201,2.906545,1.000000,-0.353882,5.892833
6.515000,0.608015,-0.194428,0.393130,0.853406,-0.515611,0.071195,-0.027815,0.068202,2.907946,1.000000,-0.347802,5.887467
6.520000,0.607991,-0.194720,0.393114,0.853312,-0.515768,0.071181,-0.027833,0.068202,2.909322,1.000000,-0.341776,5.882884
6.525000,0.607966,-0.195006,0.393096,0.853220,-0.515922,0.071165,-0.027851,0.068202,2.910675,1.000000,-0.335744,5.878326
6.530000,0.607942,-0.195287,0.393077,0.853129,-0.516074,0.071146,-0.027870,0.068202,2.912003,1.000000,-0.329734,5.873878
6.535000,0.607918,-0.195562,0.393057,0.853040,-0.516224,0.071125,-0.027889,0.068202,2.913308,1.000000,-0.323820,5.870252
6.540000,0.607894,-0.195832,0.393034,0.852952,-0.516371,0.071102,-0.027907,0.068202,2.914589,1.000000,-0.317943,5.866654
6.545000,0.607870,-0.196095,0.393011,0.852865,-0.516516,0.071078,-0.027926,0.068202,2.915847,1.000000,-0.311985,5.862379
6.550000,0.607846,-0.196353,0.392986,0.852781,-0.516659,0.071052,-0.027944,0.068202,2.917081,1.000000,-0.306052,5.858572
6.555000,0.607822,-0.196605,0.392959,0.852697,-0.516799,0.071024,-0.027963,0.068202,2.918291,1.000000,-0.300131,5.854904
6.560000,0.607797,-0.196851,0.392932,0.852615,-0.516938,0.070995,-0.027981,0.068202,2.919477,1.000000,-0.294233,5.851262
6.565000,0.607773,-0.197091,0.392903,0.852534,-0.517074,0.070964,-0.028000,0.068203,2.920640,1.000000,-0.288382,5.847745
6.570000,0.607748,-0.197326,0.392873,0.852455,-0.517208,0.070933,-0.028018,0.068203,2.921780,1.000000,-0.282603,5.844538
6.575000,0.607723,-0.197555,0.392841,0.852377,-0.517340,0.070900,-0.028035,0.068203,2.922897,1.000000,-0.276885,5.841360
6.580000,0.607698,-0.197778,0.392809,0.852300,-0.517470,0.070867,-0.028053,0.068203,2.923990,1.000000,-0.271108,5.837348
6.585000,0.607673,-0.197996,0.392776,0.852224,-0.517599,0.070833,-0.028070,0.068203,2.925061,1.000000,-0.265334,5.833437
6.590000,0.607647,-0.198208,0.392742,0.852150,-0.517725,0.070798,-0.028086,0.068203,2.926109,1.000000,-0.259585,5.829651
6.595000,0.607621,-0.198414,0.392707,0.852077,-0.517849,0.070763,-0.028103,0.068203,2.927133,1.000000,-0.253866,5.825892
6.600000,0.607595,-0.198615,0.392672,0.852005,-0.517972,0.070728,-0.028119,0.068203,2.928135,1.000000,-0.248193,5.822159
6.605000,0.607569,-0.198810,0.392636,0.851934,-0.518092,0.070692,-0.028134,0.068203,2.929115,1.000000,-0.242580,5.818411
6.610000,0.607542,-0.199000,0.392599,0.851864,-0.518211,0.070657,-0.028149,0.068203,2.930072,1.000000,-0.237037,5.814648
6.615000,0.607515,-0.199185,0.392562,0.851796,-0.518328,0.070621,-0.028163,0.068203,2.931007,1.000000,-0.231480,5.810214
6.620000,0.607487,-0.199363,0.392525,0.851728,-0.518443,0.070586,-0.028177,0.068204,2.931919,1.000000,-0.225946,5.805803
6.625000,0.607459,-0.199537,0.392487,0.851662,-0.518556,0.070551,-0.028190,0.068204,2.932810,1.000000,-0.220441,5.801503
6.630000,0.607431,-0.199705,0.392449,0.851596,-0.518668,0.070516,-0.028203,0.068204,2.933678,1.000000,-0.214984,5.797232
6.635000,0.607402,-0.199868,0.392411,0.851531,-0.518778,0.070482,-0.028215,0.068204,2.934525,1.000000,-0.209588,5.793138
6.640000,0.607373,-0.200026,0.392372,0.851468,-0.518887,0.070448,-0.028226,0.068204,2.935351,1.000000,-0.204263,5.789765
6.645000,0.607343,-0.200178,0.392334,0.851405,-0.518994,0.070415,-0.028237,0.068204,2.936155,1.000000,-0.199013,5.786420
6.650000,0.607313,-0.200325,0.392295,0.851343,-0.519099,0.070382,-0.028247,0.068204,2.936939,1.000000,-0.193795,5.782674
6.655000,0.607283,-0.200467,0.392256,0.851282,-0.519203,0.070351,-0.028257,0.068204,2.937702,1.000000,-0.188634,5.778877
6.660000,0.607251,-0.200604,0.392218,0.851221,-0.519306,0.070319,-0.028266,0.068204,2.938444,1.000000,-0.183543,5.775105
6.665000,0.607219,-0.200737,0.392179,0.851162,-0.519407,0.070289,-0.028274,0.068204,2.939166,1.000000,-0.178524,5.771048
6.670000,0.607187,-0.200864,0.392141,0.851103,-0.519507,0.070259,-0.028283,0.068205,2.939867,1.000000,-0.172987,5.766896
6.675000,0.607155,-0.200986,0.392102,0.851046,-0.519604,0.070229,-0.028291,0.068205,2.940545,1.000000,-0.166989,5.762768
6.680000,0.607123,-0.201102,0.392064,0.850990,-0.519699,0.070199,-0.028299,0.068205,2.941198,1.000000,-0.160803,5.758525
6.685000,0.607092,-0.201214,0.392027,0.850936,-0.519792,0.070170,-0.028307,0.068205,2.941826,1.000000,-0.154658,5.754291
6.690000,0.607062,-0.201321,0.391991,0.850883,-0.519881,0.070140,-0.028315,0.068205,2.942430,1.000000,-0.148636,5.750079
6.695000,0.607034,-0.201424,0.391955,0.850832,-0.519968,0.070111,-0.028323,0.068205,2.943011,1.000000,-0.142778,5.745885
6.700000,0.607006,-0.201522,0.391920,0.850783,-0.520052,0.070083,-0.028330,0.068205,2.943568,1.000000,-0.137115,5.741717
6.705000,0.606979,-0.201616,0.391886,0.850735,-0.520134,0.070055,-0.028337,0.068205,2.944103,1.000000,-0.131664,5.737546
6.710000,0.606954,-0.201706,0.391853,0.850689,-0.520213,0.070027,-0.028344,0.068205,2.944617,1.000000,-0.126425,5.733182
6.715000,0.606929,-0.201792,0.391821,0.850644,-0.520289,0.070000,-0.028351,0.068205,2.945111,1.000000,-0.121433,5.729075
6.720000,0.606905,-0.201875,0.391790,0.850601,-0.520364,0.069974,-0.028358,0.068206,2.945585,1.000000,-0.116677,5.724746
6.725000,0.606882,-0.201954,0.391759,0.850558,-0.520436,0.069948,-0.028364,0.068207,2.946041,1.000000,-0.112158,5.720152
6.730000,0.606860,-0.202029,0.391729,0.850517,-0.520506,0.069923,-0.028369,0.068209,2.946479,1.000000,-0.107885,5.715564
6.735000,0.606839,-0.202102,0.391700,0.850477,-0.520575,0.069898,-0.028375,0.068211,2.946901,1.000000,-0.103846,5.710520
6.740000,0.606819,-0.202172,0.391672,0.850438,-0.520641,0.069874,-0.028380,0.068212,2.947307,1.000000,-0.100048,5.705354
6.745000,0.606799,-0.202239,0.391645,0.850400,-0.520706,0.069849,-0.028385,0.068213,2.947698,1.000000,-0.096492,5.700098
6.750000,0.606780,-0.202304,0.391618,0.850363,-0.520770,0.069826,-0.028389,0.068214,2.948076,1.000000,-0.093197,5.695079
6.755000,0.606761,-0.202366,0.391591,0.850327,-0.520832,0.069802,-0.028393,0.068215,2.948442,1.000000,-0.090157,5.690056
6.760000,0.606743,-0.202426,0.391565,0.850291,-0.520893,0.069778,-0.028397,0.068216,2.948796,1.000000,-0.087433,5.685006
6.765000,0.606725,-0.202484,0.391539,0.850257,-0.520952,0.069755,-0.028401,0.068217,2.949140,1.000000,-0.085327,5.680061
6.770000,0.606707,-0.202540,0.391514,0.850222,-0.521012,0.069730,-0.028402,0.068218,2.949477,1.000000,-0.083731,5.675355
6.775000,0.606689,-0.202595,0.391488,0.850188,-0.521071,0.069705,-0.028402,0.068219,2.949809,1.000000,-0.082424,5.669885
6.780000,0.606670,-0.202649,0.391462,0.850154,-0.521131,0.069678,-0.028401,0.068219,2.950136,1.000000,-0.081332,5.664495
6.785000,0.606651,-0.202702,0.391436,0.850119,-0.521190,0.069650,-0.028397,0.068220,2.950459,1.000000,-0.080605,5.660596
6.790000,0.606630,-0.202754,0.391410,0.850085,-0.521250,0.069621,-0.028390,0.068221,2.950780,1.000000,-0.080233,5.655756
6.795000,0.606609,-0.202805,0.391383,0.850051,-0.521311,0.069589,-0.028382,0.068222,2.951101,1.000000,-0.080061,5.650993
6.800000,0.606587,-0.202855,0.391356,0.850016,-0.521372,0.069555,-0.028370,0.068223,2.951421,1.000000,-0.080039,5.646022
6.805000,0.606564,-0.202905,0.391327,0.849982,-0.521435,0.069519,-0.028357,0.068224,2.951741,1.000000,-0.080138,5.640972
6.810000,0.606540,-0.202954,0.391298,0.849947,-0.521497,0.069481,-0.028340,0.068224,2.952062,1.000000,-0.080336,5.635895
6.815000,0.606515,-0.203003,0.391268,0.849912,-0.521561,0.069441,-0.028322,0.068225,2.952384,1.000000,-0.080619,5.630831
6.820000,0.606489,-0.203052,0.391236,0.849876,-0.521626,0.069397,-0.028301,0.068226,2.952708,1.000000,-0.081134,5.625771
6.825000,0.606462,-0.203100,0.391204,0.849841,-0.521691,0.069351,-0.028277,0.068226,2.953034,1.000000,-0.081829,5.620770
6.830000,0.606433,-0.203148,0.391169,0.849805,-0.521758,0.069302,-0.028251,0.068227,2.953363,1.000000,-0.082651,5.615893
6.835000,0.606403,-0.203195,0.391133,0.849768,-0.521826,0.069249,-0.028223,0.068227,2.953696,1.000000,-0.083559,5.610813
6.840000,0.606372,-0.203243,0.391095,0.849731,-0.521895,0.069193,-0.028192,0.068228,2.954032,1.000000,-0.084534,5.605672
6.845000,0.606340,-0.203290,0.391056,0.849694,-0.521965,0.069133,-0.028158,0.068229,2.954373,1.000000,-0.085561,5.600615
6.850000,0.606306,-0.203337,0.391014,0.849657,-0.522037,0.069069,-0.028122,0.068229,2.954718,1.000000,-0.086596,5.595541
6.855000,0.606271,-0.203384,0.390969,0.849619,-0.522109,0.069001,-0.028084,0.068230,2.955066,1.000000,-0.087550,5.590339
6.860000,0.606234,-0.203430,0.390922,0.849580,-0.522184,0.068926,-0.028045,0.068230,2.955419,1.000000,-0.088468,5.585135
6.865000,0.606195,-0.203475,0.390873,0.849542,-0.522259,0.068844,-0.028004,0.068231,2.955775,1.000000,-0.089391,5.579918
6.870000,0.606153,-0.203519,0.390820,0.849503,-0.522337,0.068755,-0.027961,0.068231,2.956135,1.000000,-0.090338,5.574677
6.875000,0.606109,-0.203561,0.390765,0.849464,-0.522415,0.068659,-0.027917,0.068231,2.956498,1.000000,-0.091313,5.569352
6.880000,0.606062,-0.203603,0.390706,0.849424,-0.522496,0.068556,-0.027872,0.068232,2.956866,1.000000,-0.092322,5.564007
6.885000,0.606013,-0.203644,0.390645,0.849384,-0.522578,0.068445,-0.027825,0.068232,2.957238,1.000000,-0.093323,5.558263
6.890000,0.605962,-0.203684,0.390582,0.849344,-0.522661,0.068327,-0.027777,0.068233,2.957613,1.000000,-0.094321,5.552524
6.895000,0.605908,-0.203723,0.390515,0.849303,-0.522746,0.068201,-0.027728,0.068233,2.957993,1.000000,-0.095319,5.546694
6.900000,0.605852,-0.203761,0.390446,0.849262,-0.522833,0.068068,-0.027677,0.068233,2.958377,1.000000,-0.096322,5.540871
6.905000,0.605794,-0.203798,0.390373,0.849221,-0.522921,0.067928,-0.027625,0.068234,2.958764,1.000000,-0.097327,5.534976
6.910000,0.605733,-0.203834,0.390299,0.849179,-0.523010,0.067781,-0.027572,0.068234,2.959156,1.000000,-0.098337,5.529065
6.915000,0.605670,-0.203869,0.390221,0.849137,-0.523101,0.067628,-0.027517,0.068234,2.959552,1.000000,-0.099347,5.523009
6.920000,0.605605,-0.203904,0.390142,0.849095,-0.523194,0.067467,-0.027461,0.068235,2.959952,1.000000,-0.100400,5.516953
6.925000,0.605537,-0.203937,0.390059,0.849052,-0.523288,0.067300,-0.027404,0.068235,2.960356,1.000000,-0.101482,5.510888
6.930000,0.605467,-0.203970,0.389974,0.849009,-0.523383,0.067126,-0.027345,0.068235,2.960765,1.000000,-0.102581,5.504795
6.935000,0.605395,-0.204002,0.389887,0.848965,-0.523480,0.066946,-0.027285,0.068235,2.961178,1.000000,-0.103690,5.498707
6.940000,0.605321,-0.204033,0.389797,0.848921,-0.523578,0.066760,-0.027223,0.068236,2.961595,1.000000,-0.104803,5.492350
6.945000,0.605245,-0.204064,0.389706,0.848877,-0.523678,0.066567,-0.027160,0.068236,2.962017,1.000000,-0.105917,5.485997
6.950000,0.605166,-0.204094,0.389611,0.848832,-0.523779,0.066368,-0.027096,0.068236,2.962443,1.000000,-0.107033,5.479575
6.955000,0.605085,-0.204123,0.389515,0.848787,-0.523882,0.066163,-0.027030,0.068237,2.962874,1.000000,-0.108272,5.473722
6.960000,0.605002,-0.204152,0.389417,0.848741,-0.523986,0.065953,-0.026963,0.068237,2.963311,1.000000,-0.109599,5.467795
6.965000,0.604917,-0.204181,0.389316,0.848695,-0.524092,0.065736,-0.026893,0.068237,2.963753,1.000000,-0.110980,5.461741
6.970000,0.604830,-0.204209,0.389214,0.848648,-0.524199,0.065514,-0.026823,0.068237,2.964200,1.000000,-0.112393,5.455690
6.975000,0.604740,-0.204237,0.389110,0.848601,-0.524308,0.065286,-0.026750,0.068238,2.964653,1.000000,-0.113827,5.449539
6.980000,0.604649,-0.204264,0.389004,0.848553,-0.524418,0.065053,-0.026676,0.068238,2.965112,1.000000,-0.115270,5.443393
6.985000,0.604555,-0.204291,0.388896,0.848504,-0.524530,0.064814,-0.026601,0.068238,2.965577,1.000000,-0.116717,5.437273
6.990000,0.604459,-0.204318,0.388787,0.848455,-0.524643,0.064571,-0.026523,0.068238,2.966047,1.000000,-0.118152,5.431597
6.995000,0.604361,-0.204345,0.388676,0.848406,-0.524758,0.064323,-0.026445,0.068239,2.966523,1.000000,-0.119624,5.425924
7.000000,0.604261,-0.204373,0.388565,0.848355,-0.524875,0.064072,-0.026364,0.068239,2.967005,1.000000,-0.121113,5.420269
7.005000,0.604160,-0.204400,0.388452,0.848304,-0.524992,0.063818,-0.026282,0.068239,2.967493,1.000000,-0.122607,5.414625
7.010000,0.604057,-0.204429,0.388339,0.848252,-0.525111,0.063560,-0.026198,0.068239,2.967987,1.000000,-0.124100,5.408993
7.015000,0.603952,-0.204457,0.388225,0.848200,-0.525232,0.063300,-0.026112,0.068239,2.968487,1.000000,-0.125591,5.403511
7.020000,0.603846,-0.204486,0.388111,0.848147,-0.525354,0.063037,-0.026025,0.068240,2.968993,1.000000,-0.126963,5.398225
7.025000,0.603739,-0.204516,0.387997,0.848093,-0.525477,0.062774,-0.025936,0.068240,2.969504,1.000000,-0.128337,5.392984
7.030000,0.603630,-0.204547,0.387883,0.848038,-0.525601,0.062510,-0.025846,0.068240,2.970020,1.000000,-0.129710,5.387970
7.035000,0.603521,-0.204579,0.387770,0.847983,-0.525726,0.062246,-0.025755,0.068240,2.970542,1.000000,-0.131071,5.382963
7.040000,0.603412,-0.204613,0.387658,0.847927,-0.525852,0.061983,-0.025662,0.068241,2.971069,1.000000,-0.132423,5.377996
7.045000,0.603301,-0.204648,0.387546,0.847870,-0.525979,0.061721,-0.025568,0.068241,2.971602,1.000000,-0.133772,5.373299
7.050000,0.603190,-0.204684,0.387436,0.847812,-0.526106,0.061459,-0.025473,0.068241,2.972140,1.000000,-0.135107,5.368610
7.055000,0.603078,-0.204722,0.387327,0.847754,-0.526235,0.061199,-0.025377,0.068241,2.972683,1.000000,-0.136409,5.364357
7.060000,0.602966,-0.204761,0.387219,0.847695,-0.526365,0.060941,-0.025280,0.068241,2.973232,1.000000,-0.137736,5.361429
7.065000,0.602853,-0.204802,0.387113,0.847635,-0.526496,0.060686,-0.025182,0.068241,2.973786,1.000000,-0.139075,5.358569
7.070000,0.602740,-0.204845,0.387010,0.847574,-0.526627,0.060433,-0.025083,0.068242,2.974345,1.000000,-0.140420,5.355717
7.075000,0.602627,-0.204891,0.386909,0.847513,-0.526760,0.060183,-0.024983,0.068242,2.974909,1.000000,-0.141766,5.352866
7.080000,0.602513,-0.204938,0.386809,0.847451,-0.526893,0.059937,-0.024882,0.068242,2.975479,1.000000,-0.143111,5.350025
7.085000,0.602399,-0.204987,0.386713,0.847387,-0.527027,0.059693,-0.024781,0.068242,2.976055,1.000000,-0.144452,5.347191
7.090000,0.602284,-0.205038,0.386619,0.847323,-0.527162,0.059453,-0.024680,0.068242,2.976635,1.000000,-0.145849,5.344942
7.095000,0.602169,-0.205092,0.386528,0.847258,-0.527298,0.059216,-0.024578,0.068242,2.977222,1.000000,-0.147319,5.342658
7.100000,0.602054,-0.205148,0.386440,0.847192,-0.527435,0.058984,-0.024475,0.068243,2.977814,1.000000,-0.148834,5.340387
7.105000,0.601938,-0.205206,0.386355,0.847125,-0.527573,0.058755,-0.024372,0.068243,2.978413,1.000000,-0.150376,5.338112
7.110000,0.601822,-0.205267,0.386273,0.847057,-0.527712,0.058530,-0.024269,0.068243,2.979018,1.000000,-0.151933,5.335789
7.115000,0.601706,-0.205330,0.386194,0.846988,-0.527852,0.058309,-0.024165,0.068243,2.979629,1.000000,-0.153499,5.333480
7.120000,0.601589,-0.205395,0.386119,0.846918,-0.527993,0.058092,-0.024062,0.068243,2.980246,1.000000,-0.155067,5.331182
7.125000,0.601471,-0.205463,0.386047,0.846847,-0.528135,0.057878,-0.023958,0.068243,2.980870,1.000000,-0.156789,5.329689
7.130000,0.601352,-0.205534,0.385978,0.846775,-0.528278,0.057669,-0.023854,0.068244,2.981502,1.000000,-0.158619,5.328210
7.135000,0.601233,-0.205607,0.385913,0.846701,-0.528423,0.057463,-0.023751,0.068244,2.982140,1.000000,-0.160516,5.326740
7.140000,0.601113,-0.205682,0.385852,0.846627,-0.528569,0.057260,-0.023647,0.068244,2.982787,1.000000,-0.162451,5.325268
7.145000,0.600992,-0.205761,0.385795,0.846551,-0.528717,0.057062,-0.023543,0.068244,2.983441,1.000000,-0.164401,5.323806
7.150000,0.600870,-0.205841,0.385740,0.846474,-0.528866,0.056866,-0.023439,0.068244,2.984103,1.000000,-0.166340,5.322353
7.155000,0.600748,-0.205925,0.385690,0.846395,-0.529016,0.056674,-0.023337,0.068244,2.984773,1.000000,-0.168297,5.320923
7.160000,0.600624,-0.206011,0.385642,0.846316,-0.529168,0.056484,-0.023236,0.068245,2.985451,1.000000,-0.170490,5.320307
7.165000,0.600499,-0.206099,0.385597,0.846235,-0.529322,0.056296,-0.023135,0.068245,2.986138,1.000000,-0.172827,5.319700
7.170000,0.600374,-0.206190,0.385555,0.846153,-0.529477,0.056110,-0.023036,0.068245,2.986835,1.000000,-0.175263,5.319097
7.175000,0.600246,-0.206283,0.385515,0.846070,-0.529634,0.055926,-0.022939,0.068245,2.987542,1.000000,-0.177766,5.318496
7.180000,0.600118,-0.206379,0.385478,0.845985,-0.529792,0.055743,-0.022842,0.068245,2.988259,1.000000,-0.180470,5.317904
7.185000,0.599987,-0.206478,0.385444,0.845899,-0.529953,0.055562,-0.022745,0.068245,2.988988,1.000000,-0.183440,5.317333
7.190000,0.599856,-0.206580,0.385411,0.845812,-0.530116,0.055381,-0.022649,0.068245,2.989730,1.000000,-0.186744,5.317511
7.195000,0.599723,-0.206684,0.385379,0.845722,-0.530281,0.055201,-0.022552,0.068246,2.990485,1.000000,-0.190168,5.317694
7.200000,0.599587,-0.206791,0.385348,0.845632,-0.530448,0.055020,-0.022454,0.068246,2.991254,1.000000,-0.193546,5.317886
7.205000,0.599450,-0.206900,0.385318,0.845540,-0.530618,0.054838,-0.022357,0.068246,2.992036,1.000000,-0.196860,5.318142
7.210000,0.599311,-0.207012,0.385289,0.845446,-0.530790,0.054655,-0.022259,0.068246,2.992831,1.000000,-0.200119,5.318402
7.215000,0.599170,-0.207126,0.385261,0.845351,-0.530965,0.054471,-0.022161,0.068246,2.993639,1.000000,-0.203328,5.318663
7.220000,0.599026,-0.207243,0.385234,0.845254,-0.531142,0.054285,-0.022064,0.068246,2.994460,1.000000,-0.206476,5.318937
7.225000,0.598880,-0.207361,0.385208,0.845156,-0.531321,0.054097,-0.021966,0.068247,2.995294,1.000000,-0.209786,5.319792
7.230000,0.598732,-0.207481,0.385183,0.845056,-0.531504,0.053906,-0.021869,0.068247,2.996142,1.000000,-0.213130,5.320646
7.235000,0.598580,-0.207604,0.385158,0.844955,-0.531689,0.053712,-0.021771,0.068247,2.997002,1.000000,-0.216466,5.321511
7.240000,0.598425,-0.207727,0.385134,0.844851,-0.531877,0.053514,-0.021673,0.068247,2.997876,1.000000,-0.219766,5.322379
7.245000,0.598267,-0.207853,0.385112,0.844746,-0.532067,0.053312,-0.021575,0.068247,2.998763,1.000000,-0.223010,5.323246
7.250000,0.598105,-0.207980,0.385090,0.844640,-0.532261,0.053107,-0.021477,0.068247,2.999663,1.000000,-0.226187,5.324120
7.255000,0.597940,-0.208109,0.385069,0.844531,-0.532458,0.052897,-0.021379,0.068247,3.000576,1.000000,-0.229299,5.324998
7.260000,0.597772,-0.208239,0.385049,0.844421,-0.532658,0.052683,-0.021281,0.068248,3.001501,1.000000,-0.232498,5.326215
7.265000,0.597600,-0.208371,0.385029,0.844309,-0.532861,0.052464,-0.021183,0.068248,3.002439,1.000000,-0.235696,5.327421
7.270000,0.597424,-0.208503,0.385011,0.844196,-0.533067,0.052241,-0.021085,0.068248,3.003389,1.000000,-0.238868,5.328628
7.275000,0.597244,-0.208637,0.384993,0.844080,-0.533276,0.052013,-0.020986,0.068248,3.004353,1.000000,-0.241992,5.329836
7.280000,0.597061,-0.208772,0.384977,0.843962,-0.533489,0.051779,-0.020888,0.068248,3.005328,1.000000,-0.245055,5.331072
7.285000,0.596873,-0.208908,0.384961,0.843843,-0.533704,0.051541,-0.020790,0.068248,3.006316,1.000000,-0.248046,5.332311
7.290000,0.596681,-0.209044,0.384946,0.843722,-0.533923,0.051298,-0.020692,0.068249,3.007316,1.000000,-0.250955,5.333552
7.295000,0.596486,-0.209182,0.384932,0.843599,-0.534145,0.051049,-0.020595,0.068249,3.008327,1.000000,-0.253860,5.334911
7.300000,0.596286,-0.209320,0.384919,0.843474,-0.534370,0.050796,-0.020497,0.068249,3.009350,1.000000,-0.256718,5.336274
7.305000,0.596082,-0.209459,0.384906,0.843347,-0.534599,0.050539,-0.020400,0.068249,3.010384,1.000000,-0.259512,5.337664
7.310000,0.595875,-0.209599,0.384895,0.843218,-0.534830,0.050276,-0.020303,0.068249,3.011429,1.000000,-0.262232,5.339108
7.315000,0.595663,-0.209739,0.384885,0.843087,-0.535065,0.050009,-0.020206,0.068249,3.012484,1.000000,-0.264867,5.340556
7.320000,0.595448,-0.209880,0.384876,0.842955,-0.535302,0.049738,-0.020109,0.068249,3.013550,1.000000,-0.267409,5.341986
7.325000,0.595228,-0.210021,0.384868,0.842821,-0.535543,0.049462,-0.020013,0.068250,3.014626,1.000000,-0.269855,5.343406
7.330000,0.595005,-0.210163,0.384862,0.842685,-0.535786,0.049183,-0.019917,0.068250,3.015712,1.000000,-0.272240,5.344678
7.335000,0.594778,-0.210305,0.384856,0.842547,-0.536033,0.048898,-0.019822,0.068250,3.016807,1.000000,-0.274533,5.345975
7.340000,0.594547,-0.210448,0.384852,0.842407,-0.536282,0.048610,-0.019727,0.068250,3.017911,1.000000,-0.276730,5.347279
7.345000,0.594312,-0.210590,0.384849,0.842266,-0.536534,0.048318,-0.019632,0.068250,3.019023,1.000000,-0.278827,5.348593
7.350000,0.594074,-0.210733,0.384847,0.842123,-0.536788,0.048022,-0.019538,0.068250,3.020144,1.000000,-0.280822,5.349941
7.355000,0.593832,-0.210875,0.384847,0.841978,-0.537046,0.047722,-0.019444,0.068251,3.021272,1.000000,-0.282715,5.351293
7.360000,0.593586,-0.211018,0.384847,0.841831,-0.537305,0.047418,-0.019351,0.068251,3.022408,1.000000,-0.284598,5.352825
7.365000,0.593337,-0.211161,0.384850,0.841683,-0.537568,0.047110,-0.019258,0.068251,3.023552,1.000000,-0.286430,5.354396
7.370000,0.593084,-0.211303,0.384853,0.841534,-0.537833,0.046800,-0.019165,0.068251,3.024702,1.000000,-0.288191,5.355963
7.375000,0.592828,-0.211446,0.384859,0.841382,-0.538100,0.046486,-0.019073,0.068251,3.025860,1.000000,-0.289864,5.357483
7.380000,0.592569,-0.211589,0.384865,0.841229,-0.538369,0.046169,-0.018980,0.068251,3.027023,1.000000,-0.291452,5.359007
7.385000,0.592306,-0.211731,0.384874,0.841075,-0.538641,0.045849,-0.018888,0.068251,3.028193,1.000000,-0.292955,5.360587
7.390000,0.592040,-0.211873,0.384884,0.840919,-0.538916,0.045526,-0.018796,0.068252,3.029369,1.000000,-0.294372,5.362203
7.395000,0.591770,-0.212016,0.384896,0.840761,-0.539192,0.045201,-0.018705,0.068252,3.030550,1.000000,-0.295705,5.364017
7.400000,0.591498,-0.212158,0.384911,0.840602,-0.539470,0.044874,-0.018613,0.068252,3.031737,1.000000,-0.296990,5.365825
7.405000,0.591224,-0.212300,0.384927,0.840441,-0.539751,0.044546,-0.018522,0.068252,3.032928,1.000000,-0.298217,5.367635
7.410000,0.590946,-0.212443,0.384946,0.840280,-0.540033,0.044218,-0.018431,0.068252,3.034124,1.000000,-0.299382,5.369517
7.415000,0.590666,-0.212585,0.384967,0.840116,-0.540317,0.043889,-0.018339,0.068252,3.035325,1.000000,-0.300481,5.371416
7.420000,0.590384,-0.212728,0.384991,0.839952,-0.540602,0.043559,-0.018248,0.068253,3.036530,1.000000,-0.301513,5.373330
7.425000,0.590100,-0.212871,0.385017,0.839786,-0.540890,0.043229,-0.018158,0.068253,3.037739,1.000000,-0.302482,5.375261
7.430000,0.589813,-0.213014,0.385046,0.839618,-0.541178,0.042900,-0.018067,0.068253,3.038951,1.000000,-0.303258,5.377026
7.435000,0.589524,-0.213157,0.385078,0.839450,-0.541469,0.042572,-0.017976,0.068253,3.040166,1.000000,-0.303946,5.378824
7.440000,0.589234,-0.213301,0.385112,0.839280,-0.541760,0.042245,-0.017886,0.068253,3.041384,1.000000,-0.304559,5.380627
7.445000,0.588942,-0.213445,0.385150,0.839110,-0.542052,0.041921,-0.017796,0.068253,3.042604,1.000000,-0.305106,5.382492
7.450000,0.588649,-0.213590,0.385192,0.838938,-0.542346,0.041598,-0.017707,0.068254,3.043826,1.000000,-0.305595,5.384363
7.455000,0.588355,-0.213735,0.385236,0.838766,-0.542640,0.041278,-0.017618,0.068254,3.045050,1.000000,-0.306030,5.386295
7.460000,0.588059,-0.213880,0.385284,0.838592,-0.542935,0.040960,-0.017529,0.068254,3.046275,1.000000,-0.306418,5.388248
7.465000,0.587762,-0.214026,0.385335,0.838417,-0.543231,0.040645,-0.017441,0.068254,3.047502,1.000000,-0.306695,5.389917
7.470000,0.587465,-0.214172,0.385390,0.838242,-0.543528,0.040333,-0.017354,0.068254,3.048730,1.000000,-0.306908,5.391593
7.475000,0.587166,-0.214318,0.385448,0.838066,-0.543825,0.040023,-0.017267,0.068254,3.049958,1.000000,-0.307070,5.393315
7.480000,0.586866,-0.214465,0.385510,0.837889,-0.544123,0.039717,-0.017181,0.068255,3.051187,1.000000,-0.307187,5.395103
7.485000,0.586566,-0.214612,0.385575,0.837711,-0.544421,0.039414,-0.017095,0.068255,3.052416,1.000000,-0.307264,5.396906
7.490000,0.586265,-0.214760,0.385644,0.837533,-0.544720,0.039114,-0.017010,0.068255,3.053646,1.000000,-0.307304,5.398751
7.495000,0.585963,-0.214908,0.385716,0.837354,-0.545019,0.038817,-0.016926,0.068255,3.054875,1.000000,-0.307314,5.400604
7.500000,0.585661,-0.215057,0.385792,0.837174,-0.545318,0.038523,-0.016842,0.068255,3.056105,1.000000,-0.307364,5.402697
7.505000,0.585357,-0.215205,0.385871,0.836994,-0.545618,0.038232,-0.016759,0.068255,3.057335,1.000000,-0.307425,5.404798
7.510000,0.585053,-0.215354,0.385954,0.836813,-0.545918,0.037944,-0.016676,0.068256,3.058565,1.000000,-0.307490,5.406970
7.515000,0.584749,-0.215503,0.386040,0.836631,-0.546219,0.037659,-0.016595,0.068256,3.059796,1.000000,-0.307553,5.409159
7.520000,0.584443,-0.215653,0.386129,0.836448,-0.546520,0.037376,-0.016513,0.068256,3.061027,1.000000,-0.307609,5.411388
7.525000,0.584137,-0.215803,0.386222,0.836266,-0.546822,0.037095,-0.016433,0.068256,3.062258,1.000000,-0.307659,5.413643
7.530000,0.583830,-0.215953,0.386318,0.836082,-0.547123,0.036817,-0.016353,0.068256,3.063490,1.000000,-0.307876,5.416395
7.535000,0.583522,-0.216103,0.386417,0.835898,-0.547426,0.036541,-0.016273,0.068256,3.064722,1.000000,-0.308165,5.419204
7.540000,0.583213,-0.216253,0.386519,0.835713,-0.547729,0.036266,-0.016194,0.068257,3.065956,1.000000,-0.308501,5.422016
7.545000,0.582903,-0.216403,0.386624,0.835527,-0.548032,0.035993,-0.016115,0.068257,3.067192,1.000000,-0.308863,5.424828
7.550000,0.582591,-0.216554,0.386732,0.835340,-0.548337,0.035721,-0.016037,0.068257,3.068429,1.000000,-0.309252,5.427643
7.555000,0.582279,-0.216704,0.386843,0.835153,-0.548642,0.035451,-0.015960,0.068257,3.069668,1.000000,-0.309667,5.430597
7.560000,0.581966,-0.216855,0.386956,0.834965,-0.548947,0.035181,-0.015882,0.068257,3.070908,1.000000,-0.310097,5.433569
7.565000,0.581651,-0.217006,0.387072,0.834777,-0.549253,0.034913,-0.015805,0.068257,3.072150,1.000000,-0.310540,5.436452
7.570000,0.581335,-0.217156,0.387191,0.834587,-0.549560,0.034645,-0.015729,0.068258,3.073394,1.000000,-0.310982,5.439375
7.575000,0.581018,-0.217307,0.387311,0.834397,-0.549868,0.034377,-0.015654,0.068258,3.074640,1.000000,-0.311427,5.442314
7.580000,0.580700,-0.217458,0.387434,0.834206,-0.550176,0.034110,-0.015579,0.068258,3.075887,1.000000,-0.311878,5.445323
7.585000,0.580381,-0.217608,0.387559,0.834015,-0.550485,0.033844,-0.015505,0.068258,3.077136,1.000000,-0.312334,5.448337
7.590000,0.580060,-0.217758,0.387686,0.833822,-0.550795,0.033577,-0.015431,0.068258,3.078388,1.000000,-0.312800,5.451447
7.595000,0.579738,-0.217909,0.387815,0.833629,-0.551105,0.033311,-0.015358,0.068258,3.079641,1.000000,-0.313273,5.454598
7.600000,0.579415,-0.218059,0.387946,0.833436,-0.551416,0.033045,-0.015286,0.068258,3.080895,1.000000,-0.313622,5.457364
7.605000,0.579091,-0.218208,0.388079,0.833241,-0.551727,0.032779,-0.015215,0.068258,3.082151,1.000000,-0.313916,5.460214
7.610000,0.578766,-0.218358,0.388212,0.833046,-0.552039,0.032513,-0.015145,0.068259,3.083408,1.000000,-0.314176,5.463069
7.615000,0.578440,-0.218507,0.388348,0.832851,-0.552351,0.032248,-0.015076,0.068259,3.084666,1.000000,-0.314416,5.465986
7.620000,0.578113,-0.218656,0.388485,0.832655,-0.552664,0.031982,-0.015008,0.068259,3.085925,1.000000,-0.314644,5.468955
7.625000,0.577786,-0.218805,0.388623,0.832459,-0.552977,0.031717,-0.014941,0.068259,3.087184,1.000000,-0.314866,5.471925
7.630000,0.577457,-0.218953,0.388762,0.832262,-0.553290,0.031453,-0.014876,0.068259,3.088445,1.000000,-0.315086,5.474999
7.635000,0.577128,-0.219101,0.388902,0.832064,-0.553604,0.031188,-0.014811,0.068259,3.089707,1.000000,-0.315315,5.478209
7.640000,0.576799,-0.219249,0.389043,0.831866,-0.553918,0.030924,-0.014747,0.068259,3.090969,1.000000,-0.315559,5.481429
7.645000,0.576468,-0.219397,0.389185,0.831668,-0.554232,0.030660,-0.014685,0.068260,3.092233,1.000000,-0.315823,5.484750
7.650000,0.576137,-0.219544,0.389327,0.831469,-0.554546,0.030396,-0.014623,0.068260,3.093497,1.000000,-0.316104,5.488076
7.655000,0.575805,-0.219691,0.389470,0.831270,-0.554861,0.030133,-0.014563,0.068260,3.094763,1.000000,-0.316405,5.491438
7.660000,0.575473,-0.219837,0.389613,0.831070,-0.555175,0.029870,-0.014503,0.068260,3.096030,1.000000,-0.316733,5.494930
7.665000,0.575140,-0.219983,0.389757,0.830870,-0.555491,0.029608,-0.014445,0.068260,3.097298,1.000000,-0.317076,5.498425
7.670000,0.574806,-0.220129,0.389901,0.830669,-0.555806,0.029345,-0.014388,0.068260,3.098569,1.000000,-0.317534,5.502420
7.675000,0.574472,-0.220275,0.390045,0.830468,-0.556122,0.029083,-0.014332,0.068260,3.099841,1.000000,-0.318072,5.506504
7.680000,0.574138,-0.220420,0.390189,0.830266,-0.556438,0.028822,-0.014276,0.068260,3.101115,1.000000,-0.318672,5.510592
7.685000,0.573802,-0.220565,0.390333,0.830064,-0.556755,0.028560,-0.014222,0.068260,3.102392,1.000000,-0.319327,5.514720
7.690000,0.573466,-0.220710,0.390476,0.829861,-0.557072,0.028299,-0.014169,0.068260,3.103672,1.000000,-0.320037,5.518973
7.695000,0.573129,-0.220855,0.390619,0.829658,-0.557389,0.028038,-0.014116,0.068261,3.104955,1.000000,-0.320785,5.523230
7.700000,0.572792,-0.220999,0.390761,0.829454,-0.557707,0.027777,-0.014065,0.068261,3.106240,1.000000,-0.321532,5.527454
7.705000,0.572454,-0.221143,0.390903,0.829249,-0.558026,0.027516,-0.014014,0.068261,3.107529,1.000000,-0.322310,5.531826
7.710000,0.572115,-0.221287,0.391044,0.829044,-0.558345,0.027256,-0.013964,0.068261,3.108821,1.000000,-0.323108,5.536201
7.715000,0.571776,-0.221431,0.391184,0.828838,-0.558664,0.026996,-0.013916,0.068261,3.110116,1.000000,-0.323929,5.540577
7.720000,0.571435,-0.221574,0.391323,0.828631,-0.558984,0.026736,-0.013868,0.068261,3.111415,1.000000,-0.324778,5.545060
7.725000,0.571095,-0.221717,0.391460,0.828424,-0.559305,0.026476,-0.013822,0.068261,3.112717,1.000000,-0.325649,5.549551
7.730000,0.570753,-0.221860,0.391597,0.828216,-0.559626,0.026216,-0.013777,0.068261,3.114022,1.000000,-0.326538,5.554043
7.735000,0.570411,-0.222003,0.391731,0.828007,-0.559948,0.025956,-0.013733,0.068261,3.115331,1.000000,-0.327333,5.558215
7.740000,0.570068,-0.222145,0.391865,0.827798,-0.560270,0.025697,-0.013690,0.068261,3.116643,1.000000,-0.328078,5.562439
7.745000,0.569725,-0.222286,0.391996,0.827588,-0.560593,0.025437,-0.013648,0.068262,3.117958,1.000000,-0.328790,5.566663
7.750000,0.569381,-0.222427,0.392126,0.827378,-0.560916,0.025177,-0.013608,0.068262,3.119275,1.000000,-0.329486,5.570947
7.755000,0.569036,-0.222567,0.392254,0.827167,-0.561240,0.024917,-0.013568,0.068262,3.120596,1.000000,-0.330174,5.575306
7.760000,0.568691,-0.222707,0.392379,0.826955,-0.561564,0.024657,-0.013531,0.068262,3.121919,1.000000,-0.330853,5.579669
7.765000,0.568345,-0.222846,0.392503,0.826743,-0.561888,0.024397,-0.013494,0.068262,3.123245,1.000000,-0.331528,5.584046
7.770000,0.567998,-0.222985,0.392624,0.826530,-0.562213,0.024136,-0.013459,0.068262,3.124573,1.000000,-0.332286,5.588757
7.775000,0.567651,-0.223122,0.392742,0.826317,-0.562539,0.023875,-0.013424,0.068262,3.125905,1.000000,-0.333071,5.593470
7.780000,0.567303,-0.223259,0.392858,0.826103,-0.562865,0.023614,-0.013391,0.068262,3.127240,1.000000,-0.333879,5.598185
7.785000,0.566954,-0.223396,0.392971,0.825888,-0.563192,0.023352,-0.013359,0.068262,3.128579,1.000000,-0.334711,5.603039
7.790000,0.566605,-0.223531,0.393082,0.825673,-0.563519,0.023090,-0.013327,0.068262,3.129920,1.000000,-0.335557,5.607947
7.795000,0.566254,-0.223666,0.393190,0.825456,-0.563847,0.022827,-0.013297,0.068262,3.131266,1.000000,-0.336384,5.612859
7.800000,0.565903,-0.223800,0.393295,0.825240,-0.564176,0.022564,-0.013267,0.068262,3.132614,1.000000,-0.337057,5.617804
7.805000,0.565551,-0.223933,0.393397,0.825023,-0.564503,0.022300,-0.013238,0.068263,3.133965,1.000000,-0.337773,5.623253
7.810000,0.565198,-0.224066,0.393496,0.824807,-0.564830,0.022036,-0.013210,0.068263,3.135318,1.000000,-0.338552,5.628705
7.815000,0.564844,-0.224198,0.393592,0.824592,-0.565155,0.021772,-0.013181,0.068263,3.136676,1.000000,-0.339417,5.634159
7.820000,0.564488,-0.224329,0.393685,0.824377,-0.565479,0.021507,-0.013153,0.068263,3.138037,1.000000,-0.340385,5.639752
7.825000,0.564130,-0.224460,0.393775,0.824164,-0.565801,0.021243,-0.013124,0.068263,3.139402,1.000000,-0.341447,5.645379
7.830000,0.563771,-0.224591,0.393862,0.823951,-0.566121,0.020978,-0.013095,0.068263,3.140771,1.000000,-0.342598,5.651008
7.835000,0.563410,-0.224722,0.393946,0.823739,-0.566440,0.020712,-0.013066,0.068263,3.142146,1.000000,-0.343831,5.656669
7.840000,0.563048,-0.224852,0.394027,0.823528,-0.566756,0.020447,-0.013036,0.068263,3.143525,1.000000,-0.345135,5.662501
7.845000,0.562683,-0.224982,0.394105,0.823319,-0.567071,0.020182,-0.013006,0.068263,3.144910,1.000000,-0.346513,5.668336
7.850000,0.562316,-0.225112,0.394180,0.823110,-0.567384,0.019916,-0.012976,0.068263,3.146300,1.000000,-0.347958,5.674173
7.855000,0.561947,-0.225242,0.394252,0.822902,-0.567695,0.019651,-0.012945,0.068263,3.147697,1.000000,-0.349469,5.680115
7.860000,0.561576,-0.225372,0.394321,0.822696,-0.568005,0.019386,-0.012914,0.068263,3.149100,1.000000,-0.351035,5.686083
7.865000,0.561203,-0.225502,0.394386,0.822490,-0.568312,0.019121,-0.012883,0.068263,3.150509,1.000000,-0.352647,5.692053
7.870000,0.560827,-0.225631,0.394449,0.822286,-0.568617,0.018857,-0.012851,0.068263,3.151924,1.000000,-0.354347,5.698180
7.875000,0.560449,-0.225761,0.394509,0.822082,-0.568921,0.018593,-0.012819,0.068264,3.153347,1.000000,-0.356106,5.704349
7.880000,0.560069,-0.225891,0.394565,0.821879,-0.569223,0.018330,-0.012786,0.068264,3.154777,1.000000,-0.357911,5.710522
7.885000,0.559686,-0.226021,0.394619,0.821678,-0.569523,0.018068,-0.012753,0.068264,3.156214,1.000000,-0.359748,5.716695
7.890000,0.559301,-0.226151,0.394670,0.821477,-0.569822,0.017808,-0.012719,0.068264,3.157658,1.000000,-0.361613,5.722970
7.895000,0.558913,-0.226281,0.394718,0.821277,-0.570119,0.017548,-0.012685,0.068264,3.159110,1.000000,-0.363494,5.729272
7.900000,0.558524,-0.226411,0.394763,0.821078,-0.570414,0.017290,-0.012651,0.068264,3.160570,1.000000,-0.365382,5.735575
7.905000,0.558131,-0.226542,0.394806,0.820880,-0.570707,0.017033,-0.012617,0.068264,3.162037,1.000000,-0.367300,5.741925
7.910000,0.557736,-0.226672,0.394846,0.820683,-0.570999,0.016778,-0.012581,0.068264,3.163512,1.000000,-0.369241,5.748327
7.915000,0.557339,-0.226803,0.394883,0.820487,-0.571289,0.016525,-0.012546,0.068264,3.164995,1.000000,-0.371185,5.754732
7.920000,0.556940,-0.226935,0.394918,0.820291,-0.571578,0.016275,-0.012510,0.068264,3.166485,1.000000,-0.373118,5.761140
7.925000,0.556538,-0.227067,0.394951,0.820097,-0.571864,0.016027,-0.012474,0.068264,3.167983,1.000000,-0.375001,5.767573
7.930000,0.556134,-0.227198,0.394982,0.819903,-0.572150,0.015781,-0.012438,0.068264,3.169488,1.000000,-0.376505,5.774016
7.935000,0.555729,-0.227330,0.395011,0.819711,-0.572433,0.015537,-0.012402,0.068264,3.170998,1.000000,-0.377901,5.780462
7.940000,0.555321,-0.227463,0.395038,0.819519,-0.572714,0.015295,-0.012368,0.068264,3.172515,1.000000,-0.379644,5.787239
7.945000,0.554911,-0.227596,0.395064,0.819329,-0.572994,0.015054,-0.012335,0.068264,3.174040,1.000000,-0.381638,5.794077
7.950000,0.554500,-0.227729,0.395089,0.819139,-0.573272,0.014814,-0.012303,0.068264,3.175572,1.000000,-0.383835,5.800920
7.955000,0.554087,-0.227864,0.395114,0.818950,-0.573548,0.014576,-0.012271,0.068265,3.177115,1.000000,-0.386204,5.807765
7.960000,0.553673,-0.228000,0.395138,0.818762,-0.573824,0.014339,-0.012240,0.068265,3.178666,1.000000,-0.388664,5.814626
7.965000,0.553256,-0.228138,0.395161,0.818574,-0.574098,0.014104,-0.012209,0.068265,3.180228,1.000000,-0.391157,5.821494
7.970000,0.552838,-0.228276,0.395184,0.818387,-0.574371,0.013871,-0.012178,0.068265,3.181800,1.000000,-0.393653,5.828366
7.975000,0.552419,-0.228416,0.395207,0.818201,-0.574642,0.013639,-0.012147,0.068265,3.183382,1.000000,-0.396083,5.834970
7.980000,0.551997,-0.228557,0.395230,0.818015,-0.574913,0.013410,-0.012116,0.068265,3.184973,1.000000,-0.398452,5.841610
7.985000,0.551574,-0.228700,0.395253,0.817830,-0.575182,0.013182,-0.012086,0.068265,3.186573,1.000000,-0.400761,5.848255
7.990000,0.551149,-0.228843,0.395276,0.817646,-0.575450,0.012956,-0.012055,0.068265,3.188183,1.000000,-0.403008,5.854902
7.995000,0.550723,-0.228988,0.395299,0.817462,-0.575717,0.012732,-0.012025,0.068265,3.189801,1.000000,-0.405197,5.861588
8.000000,0.550295,-0.229134,0.395322,0.817278,-0.575982,0.012509,-0.011995,0.068265,3.191428,1.000000,-0.407326,5.868289
8.005000,0.549865,-0.229280,0.395345,0.817096,-0.576247,0.012289,-0.011965,0.068265,3.193064,1.000000,-0.409391,5.874994
8.010000,0.549434,-0.229428,0.395368,0.816914,-0.576510,0.012070,-0.011935,0.068265,3.194707,1.000000,-0.411194,5.880937
8.015000,0.549001,-0.229576,0.395392,0.816733,-0.576772,0.011853,-0.011905,0.068265,3.196357,1.000000,-0.412839,5.886898
8.020000,0.548567,-0.229725,0.395415,0.816552,-0.577032,0.011638,-0.011876,0.068265,3.198013,1.000000,-0.414354,5.892864
8.025000,0.548132,-0.229875,0.395440,0.816373,-0.577291,0.011426,-0.011848,0.068265,3.199675,1.000000,-0.415757,5.898831
8.030000,0.547696,-0.230025,0.395464,0.816194,-0.577549,0.011215,-0.011820,0.068265,3.201342,1.000000,-0.417056,5.904825
8.035000,0.547258,-0.230176,0.395489,0.816016,-0.577805,0.011007,-0.011792,0.068265,3.203014,1.000000,-0.418258,5.910830
8.040000,0.546820,-0.230328,0.395515,0.815838,-0.578060,0.010800,-0.011765,0.068265,3.204691,1.000000,-0.419342,5.916497
8.045000,0.546380,-0.230480,0.395541,0.815661,-0.578313,0.010596,-0.011738,0.068266,3.206372,1.000000,-0.420314,5.922183
8.050000,0.545940,-0.230632,0.395568,0.815486,-0.578566,0.010394,-0.011711,0.068266,3.208056,1.000000,-0.421191,5.927918
8.055000,0.545498,-0.230784,0.395595,0.815310,-0.578816,0.010194,-0.011685,0.068266,3.209744,1.000000,-0.421968,5.933657
8.060000,0.545056,-0.230937,0.395623,0.815136,-0.579066,0.009996,-0.011659,0.068266,3.211435,1.000000,-0.422651,5.939399
8.065000,0.544613,-0.231090,0.395652,0.814962,-0.579314,0.009799,-0.011634,0.068266,3.213128,1.000000,-0.423236,5.945129
8.070000,0.544169,-0.231243,0.395682,0.814789,-0.579561,0.009605,-0.011608,0.068266,3.214823,1.000000,-0.423734,5.950859
8.075000,0.543724,-0.231395,0.395712,0.814617,-0.579807,0.009413,-0.011584,0.068266,3.216520,1.000000,-0.424026,5.956015
8.080000,0.543279,-0.231548,0.395743,0.814445,-0.580052,0.009222,-0.011559,0.068266,3.218217,1.000000,-0.424172,5.961189
8.085000,0.542833,-0.231700,0.395775,0.814275,-0.580295,0.009034,-0.011535,0.068266,3.219915,1.000000,-0.424202,5.966403
8.090000,0.542386,-0.231852,0.395809,0.814105,-0.580537,0.008847,-0.011512,0.068266,3.221613,1.000000,-0.424131,5.971621
8.095000,0.541939,-0.232004,0.395843,0.813936,-0.580777,0.008661,-0.011488,0.068266,3.223310,1.000000,-0.423969,5.976842
8.100000,0.541492,-0.232155,0.395877,0.813767,-0.581016,0.008477,-0.011465,0.068266,3.225006,1.000000,-0.423724,5.982077
8.105000,0.541044,-0.232306,0.395913,0.813599,-0.581254,0.008295,-0.011443,0.068266,3.226701,1.000000,-0.423404,5.987317
8.110000,0.540596,-0.232456,0.395950,0.813433,-0.581491,0.008114,-0.011421,0.068266,3.228394,1.000000,-0.422764,5.991604
8.115000,0.540147,-0.232605,0.395988,0.813267,-0.581726,0.007935,-0.011399,0.068266,3.230084,1.000000,-0.421943,5.995933
8.120000,0.539699,-0.232754,0.396027,0.813101,-0.581959,0.007758,-0.011377,0.068266,3.231771,1.000000,-0.420972,6.000324
8.125000,0.539251,-0.232902,0.396067,0.812937,-0.582191,0.007582,-0.011356,0.068266,3.233453,1.000000,-0.419840,6.004719
8.130000,0.538803,-0.233049,0.396108,0.812774,-0.582422,0.007408,-0.011336,0.068266,3.235130,1.000000,-0.418567,6.009118
8.135000,0.538355,-0.233195,0.396150,0.812612,-0.582650,0.007235,-0.011316,0.068266,3.236802,1.000000,-0.417165,6.013526
8.140000,0.537907,-0.233339,0.396193,0.812451,-0.582878,0.007064,-0.011296,0.068266,3.238468,1.000000,-0.415650,6.017938
8.145000,0.537460,-0.233483,0.396237,0.812290,-0.583104,0.006895,-0.011277,0.068266,3.240128,1.000000,-0.414039,6.022038
8.150000,0.537013,-0.233625,0.396282,0.812130,-0.583328,0.006727,-0.011259,0.068266,3.241781,1.000000,-0.412315,6.026156
8.155000,0.536566,-0.233765,0.396328,0.811972,-0.583552,0.006561,-0.011240,0.068267,3.243427,1.000000,-0.410490,6.030294
8.160000,0.536120,-0.233904,0.396375,0.811814,-0.583773,0.006396,-0.011222,0.068267,3.245065,1.000000,-0.408576,6.034436
8.165000,0.535674,-0.234042,0.396424,0.811657,-0.583994,0.006233,-0.011205,0.068267,3.246695,1.000000,-0.406580,6.038582
8.170000,0.535229,-0.234177,0.396473,0.811501,-0.584213,0.006070,-0.011187,0.068267,3.248318,1.000000,-0.404506,6.042727
8.175000,0.534783,-0.234311,0.396523,0.811345,-0.584431,0.005910,-0.011170,0.068267,3.249931,1.000000,-0.402368,6.046877
8.180000,0.534338,-0.234443,0.396574,0.811191,-0.584647,0.005750,-0.011153,0.068267,3.251537,1.000000,-0.400290,6.051109
8.185000,0.533894,-0.234573,0.396627,0.811037,-0.584863,0.005591,-0.011136,0.068267,3.253134,1.000000,-0.398200,6.055391
8.190000,0.533449,-0.234702,0.396680,0.810883,-0.585077,0.005434,-0.011119,0.068267,3.254723,1.000000,-0.396089,6.059703
8.195000,0.533005,-0.234828,0.396735,0.810731,-0.585290,0.005277,-0.011101,0.068267,3.256303,1.000000,-0.393955,6.064021
8.200000,0.532561,-0.234952,0.396790,0.810579,-0.585502,0.005121,-0.011084,0.068267,3.257875,1.000000,-0.391800,6.068347
8.205000,0.532116,-0.235074,0.396846,0.810428,-0.585713,0.004966,-0.011066,0.068267,3.259438,1.000000,-0.389625,6.072688
8.210000,0.531672,-0.235194,0.396904,0.810277,-0.585923,0.004811,-0.011048,0.068267,3.260992,1.000000,-0.387314,6.076578
8.215000,0.531228,-0.235312,0.396962,0.810127,-0.586132,0.004657,-0.011030,0.068267,3.262536,1.000000,-0.384926,6.080472
8.220000,0.530783,-0.235427,0.397021,0.809978,-0.586340,0.004504,-0.011011,0.068267,3.264071,1.000000,-0.382500,6.084423
8.225000,0.530339,-0.235540,0.397081,0.809829,-0.586547,0.004351,-0.010992,0.068267,3.265597,1.000000,-0.380049,6.088395
8.230000,0.529895,-0.235651,0.397142,0.809681,-0.586752,0.004199,-0.010974,0.068267,3.267112,1.000000,-0.377585,6.092369
8.235000,0.529450,-0.235760,0.397203,0.809534,-0.586956,0.004048,-0.010954,0.068267,3.268617,1.000000,-0.375115,6.096351
8.240000,0.529006,-0.235866,0.397265,0.809388,-0.587160,0.003897,-0.010935,0.068267,3.270113,1.000000,-0.372645,6.100341
8.245000,0.528561,-0.235969,0.397328,0.809242,-0.587362,0.003747,-0.010915,0.068267,3.271598,1.000000,-0.370134,6.104017
8.250000,0.528116,-0.236070,0.397392,0.809097,-0.587563,0.003597,-0.010895,0.068267,3.273074,1.000000,-0.367597,6.107696
8.255000,0.527671,-0.236169,0.397456,0.808953,-0.587763,0.003448,-0.010875,0.068267,3.274539,1.000000,-0.365055,6.111407
8.260000,0.527226,-0.236265,0.397521,0.808809,-0.587962,0.003299,-0.010855,0.068267,3.275994,1.000000,-0.362519,6.115126
8.265000,0.526781,-0.236359,0.397586,0.808666,-0.588160,0.003151,-0.010834,0.068267,3.277439,1.000000,-0.359999,6.118848
8.270000,0.526336,-0.236450,0.397652,0.808523,-0.588357,0.003003,-0.010813,0.068267,3.278874,1.000000,-0.357502,6.122595
8.275000,0.525890,-0.236538,0.397718,0.808381,-0.588553,0.002855,-0.010792,0.068267,3.280299,1.000000,-0.355034,6.126366
8.280000,0.525445,-0.236624,0.397785,0.808240,-0.588748,0.002709,-0.010771,0.068267,3.281714,1.000000,-0.352599,6.129957
8.285000,0.524999,-0.236708,0.397852,0.808099,-0.588943,0.002562,-0.010749,0.068267,3.283120,1.000000,-0.350191,6.133554
8.290000,0.524553,-0.236789,0.397919,0.807959,-0.589136,0.002417,-0.010727,0.068267,3.284516,1.000000,-0.347814,6.137187
8.295000,0.524107,-0.236868,0.397986,0.807819,-0.589329,0.002272,-0.010705,0.068268,3.285903,1.000000,-0.345474,6.140826
8.300000,0.523660,-0.236944,0.398054,0.807680,-0.589521,0.002128,-0.010683,0.068268,3.287280,1.000000,-0.343174,6.144468
8.305000,0.523213,-0.237017,0.398122,0.807541,-0.589712,0.001985,-0.010660,0.068268,3.288648,1.000000,-0.340919,6.148135
8.310000,0.522766,-0.237089,0.398190,0.807402,-0.589903,0.001842,-0.010637,0.068268,3.290008,1.000000,-0.338712,6.151817
8.315000,0.522319,-0.237158,0.398259,0.807264,-0.590092,0.001700,-0.010613,0.068268,3.291358,1.000000,-0.336544,6.155542
8.320000,0.521871,-0.237224,0.398327,0.807127,-0.590281,0.001560,-0.010589,0.068268,3.292700,1.000000,-0.334431,6.159283
8.325000,0.521423,-0.237288,0.398396,0.806989,-0.590470,0.001420,-0.010565,0.068268,3.294034,1.000000,-0.332375,6.163062
8.330000,0.520975,-0.237351,0.398465,0.806853,-0.590657,0.001281,-0.010540,0.068268,3.295360,1.000000,-0.330376,6.166847
8.335000,0.520527,-0.237410,0.398534,0.806716,-0.590845,0.001144,-0.010515,0.068268,3.296677,1.000000,-0.328437,6.170635
8.340000,0.520078,-0.237468,0.398603,0.806580,-0.591031,0.001007,-0.010490,0.068268,3.297988,1.000000,-0.326554,6.174447
8.345000,0.519629,-0.237524,0.398672,0.806444,-0.591217,0.000872,-0.010464,0.068268,3.299290,1.000000,-0.324733,6.178268
8.350000,0.519180,-0.237577,0.398741,0.806309,-0.591402,0.000738,-0.010438,0.068268,3.300586,1.000000,-0.322973,6.182140
8.355000,0.518730,-0.237629,0.398810,0.806174,-0.591587,0.000605,-0.010411,0.068268,3.301875,1.000000,-0.321286,6.186041
8.360000,0.518280,-0.237678,0.398879,0.806039,-0.591771,0.000474,-0.010384,0.068268,3.303157,1.000000,-0.319671,6.189982
8.365000,0.517830,-0.237726,0.398947,0.805905,-0.591955,0.000344,-0.010356,0.068268,3.304433,1.000000,-0.318126,6.193927
8.370000,0.517380,-0.237772,0.399016,0.805770,-0.592138,0.000215,-0.010328,0.068268,3.305703,1.000000,-0.316650,6.197876
8.375000,0.516929,-0.237816,0.399084,0.805637,-0.592320,0.000087,-0.010300,0.068268,3.306967,1.000000,-0.315238,6.201861
8.380000,0.516478,-0.237858,0.399152,0.805503,-0.592503,-0.000039,-0.010271,0.068268,3.308225,1.000000,-0.313757,6.205266
8.385000,0.516026,-0.237899,0.399220,0.805370,-0.592684,-0.000163,-0.010242,0.068268,3.309477,1.000000,-0.312269,6.208675
8.390000,0.515575,-0.237937,0.399287,0.805237,-0.592865,-0.000286,-0.010212,0.068268,3.310724,1.000000,-0.310799,6.212103
8.395000,0.515123,-0.237974,0.399354,0.805105,-0.593045,-0.000407,-0.010182,0.068268,3.311964,1.000000,-0.309360,6.215544
8.400000,0.514671,-0.238010,0.399421,0.804972,-0.593225,-0.000527,-0.010152,0.068268,3.313199,1.000000,-0.307959,6.218989
8.405000,0.514219,-0.238044,0.399487,0.804841,-0.593404,-0.000645,-0.010122,0.068268,3.314429,1.000000,-0.306603,6.222447
8.410000,0.513767,-0.238076,0.399554,0.804709,-0.593583,-0.000761,-0.010091,0.068268,3.315653,1.000000,-0.305292,6.225943
8.415000,0.513315,-0.238107,0.399619,0.804578,-0.593761,-0.000875,-0.010060,0.068268,3.316872,1.000000,-0.303901,6.228923
8.420000,0.512862,-0.238136,0.399685,0.804448,-0.593938,-0.000988,-0.010029,0.068268,3.318085,1.000000,-0.302488,6.231906
8.425000,0.512410,-0.238164,0.399749,0.804318,-0.594115,-0.001099,-0.009998,0.068268,3.319292,1.000000,-0.301078,6.234919
8.430000,0.511958,-0.238190,0.399814,0.804188,-0.594291,-0.001208,-0.009967,0.068268,3.320494,1.000000,-0.299684,6.237943
8.435000,0.511506,-0.238214,0.399878,0.804058,-0.594466,-0.001315,-0.009936,0.068268,3.321690,1.000000,-0.298315,6.240970
8.440000,0.511054,-0.238238,0.399942,0.803929,-0.594641,-0.001420,-0.009904,0.068268,3.322881,1.000000,-0.296975,6.244016
8.445000,0.510602,-0.238259,0.400005,0.803801,-0.594815,-0.001523,-0.009872,0.068268,3.324066,1.000000,-0.295667,6.247091
8.450000,0.510150,-0.238280,0.400068,0.803673,-0.594988,-0.001625,-0.009840,0.068268,3.325246,1.000000,-0.294251,6.249723
8.455000,0.509698,-0.238299,0.400130,0.803545,-0.595161,-0.001724,-0.009809,0.068268,3.326420,1.000000,-0.292794,6.252358
8.460000,0.509247,-0.238316,0.400192,0.803418,-0.595333,-0.001823,-0.009777,0.068268,3.327589,1.000000,-0.291325,6.255013
8.465000,0.508795,-0.238332,0.400253,0.803291,-0.595504,-0.001919,-0.009745,0.068268,3.328751,1.000000,-0.289864,6.257671
8.470000,0.508345,-0.238347,0.400313,0.803164,-0.595675,-0.002014,-0.009713,0.068268,3.329908,1.000000,-0.288421,6.260331
8.475000,0.507894,-0.238360,0.400373,0.803038,-0.595845,-0.002107,-0.009682,0.068268,3.331059,1.000000,-0.287000,6.262994
8.480000,0.507444,-0.238372,0.400432,0.802913,-0.596014,-0.002198,-0.009650,0.068268,3.332204,1.000000,-0.285607,6.265660
8.485000,0.506994,-0.238383,0.400490,0.802788,-0.596183,-0.002288,-0.009618,0.068268,3.333344,1.000000,-0.284022,6.267625
8.490000,0.506544,-0.238392,0.400548,0.802663,-0.596351,-0.002377,-0.009587,0.068268,3.334476,1.000000,-0.282358,6.269595
8.495000,0.506095,-0.238400,0.400605,0.802539,-0.596518,-0.002464,-0.009555,0.068268,3.335602,1.000000,-0.280659,6.271577
8.500000,0.505647,-0.238406,0.400661,0.802416,-0.596684,-0.002549,-0.009524,0.068268,3.336721,1.000000,-0.278948,6.273561
8.505000,0.505199,-0.238411,0.400716,0.802293,-0.596850,-0.002632,-0.009493,0.068268,3.337833,1.000000,-0.277240,6.275547
8.510000,0.504752,-0.238414,0.400770,0.802170,-0.597014,-0.002715,-0.009463,0.068268,3.338939,1.000000,-0.275547,6.277555
8.515000,0.504306,-0.238417,0.400823,0.802048,-0.597178,-0.002795,-0.009432,0.068268,3.340038,1.000000,-0.273872,6.279569
8.520000,0.503861,-0.238418,0.400876,0.801927,-0.597341,-0.002874,-0.009402,0.068268,3.341129,1.000000,-0.272096,6.281216
8.525000,0.503417,-0.238417,0.400928,0.801806,-0.597503,-0.002951,-0.009372,0.068268,3.342214,1.000000,-0.270287,6.282851
8.530000,0.502973,-0.238416,0.400978,0.801686,-0.597664,-0.003027,-0.009342,0.068268,3.343291,1.000000,-0.268466,6.284475
8.535000,0.502531,-0.238413,0.401028,0.801567,-0.597825,-0.003101,-0.009312,0.068268,3.344361,1.000000,-0.266650,6.286099
8.540000,0.502090,-0.238409,0.401077,0.801448,-0.597985,-0.003173,-0.009282,0.068268,3.345424,1.000000,-0.264849,6.287729
8.545000,0.501649,-0.238404,0.401125,0.801329,-0.598144,-0.003244,-0.009253,0.068268,3.346479,1.000000,-0.263076,6.289398
8.550000,0.501210,-0.238397,0.401172,0.801211,-0.598302,-0.003313,-0.009223,0.068268,3.347528,1.000000,-0.261190,6.290649
8.555000,0.500773,-0.238390,0.401218,0.801094,-0.598459,-0.003381,-0.009194,0.068268,3.348568,1.000000,-0.259248,6.291901
8.560000,0.500336,-0.238381,0.401263,0.800977,-0.598616,-0.003448,-0.009165,0.068268,3.349601,1.000000,-0.257280,6.293135
8.565000,0.499901,-0.238370,0.401307,0.800860,-0.598771,-0.003513,-0.009136,0.068268,3.350626,1.000000,-0.255311,6.294362
8.570000,0.499467,-0.238359,0.401349,0.800744,-0.598926,-0.003577,-0.009108,0.068268,3.351643,1.000000,-0.253358,6.295590
8.575000,0.499034,-0.238346,0.401390,0.800629,-0.599080,-0.003641,-0.009080,0.068268,3.352652,1.000000,-0.251428,6.296816
8.580000,0.498602,-0.238332,0.401430,0.800514,-0.599234,-0.003703,-0.009052,0.068268,3.353653,1.000000,-0.249531,6.298037
8.585000,0.498172,-0.238316,0.401469,0.800400,-0.599387,-0.003765,-0.009024,0.068268,3.354647,1.000000,-0.247502,6.298684
8.590000,0.497743,-0.238300,0.401507,0.800286,-0.599538,-0.003826,-0.008996,0.068268,3.355632,1.000000,-0.245410,6.299331
8.595000,0.497316,-0.238282,0.401543,0.800173,-0.599689,-0.003887,-0.008969,0.068268,3.356609,1.000000,-0.243301,6.299992
8.600000,0.496890,-0.238262,0.401577,0.800061,-0.599839,-0.003947,-0.008942,0.068268,3.357578,1.000000,-0.241196,6.300652
8.605000,0.496465,-0.238242,0.401610,0.799949,-0.599989,-0.004006,-0.008915,0.068268,3.358538,1.000000,-0.239108,6.301314
8.610000,0.496042,-0.238220,0.401641,0.799837,-0.600137,-0.004066,-0.008889,0.068268,3.359490,1.000000,-0.237046,6.301943
8.615000,0.495620,-0.238196,0.401671,0.799727,-0.600285,-0.004125,-0.008863,0.068268,3.360433,1.000000,-0.235018,6.302554
8.620000,0.495200,-0.238172,0.401699,0.799616,-0.600432,-0.004183,-0.008836,0.068268,3.361368,1.000000,-0.232848,6.302464
8.625000,0.494781,-0.238146,0.401726,0.799507,-0.600578,-0.004242,-0.008811,0.068268,3.362295,1.000000,-0.230613,6.302379
8.630000,0.494364,-0.238119,0.401751,0.799398,-0.600722,-0.004300,-0.008785,0.068268,3.363212,1.000000,-0.228356,6.302300
8.635000,0.493948,-0.238090,0.401774,0.799290,-0.600866,-0.004359,-0.008760,0.068268,3.364120,1.000000,-0.226099,6.302222
8.640000,0.493534,-0.238060,0.401795,0.799182,-0.601009,-0.004417,-0.008735,0.068268,3.365020,1.000000,-0.223859,6.302144
8.645000,0.493121,-0.238029,0.401815,0.799075,-0.601151,-0.004475,-0.008710,0.068268,3.365910,1.000000,-0.221646,6.302051
8.650000,0.492711,-0.237997,0.401832,0.798969,-0.601293,-0.004533,-0.008685,0.068268,3.366792,1.000000,-0.219464,6.301958
8.655000,0.492302,-0.237963,0.401848,0.798863,-0.601433,-0.004591,-0.008660,0.068268,3.367664,1.000000,-0.217261,6.301614
8.660000,0.491894,-0.237928,0.401863,0.798758,-0.601572,-0.004649,-0.008636,0.068268,3.368528,1.000000,-0.215055,6.301245
8.665000,0.491488,-0.237892,0.401875,0.798654,-0.601711,-0.004707,-0.008611,0.068268,3.369384,1.000000,-0.212865,6.300861
8.670000,0.491084,-0.237854,0.401886,0.798550,-0.601848,-0.004766,-0.008587,0.068268,3.370230,1.000000,-0.210704,6.300478
8.675000,0.490681,-0.237815,0.401895,0.798447,-0.601985,-0.004824,-0.008562,0.068268,3.371068,1.000000,-0.208582,6.300104
8.680000,0.490280,-0.237775,0.401902,0.798344,-0.602121,-0.004882,-0.008538,0.068268,3.371898,1.000000,-0.206508,6.299754
8.685000,0.489881,-0.237734,0.401907,0.798242,-0.602256,-0.004941,-0.008513,0.068268,3.372719,1.000000,-0.204478,6.299404
8.690000,0.489483,-0.237692,0.401911,0.798141,-0.602390,-0.005000,-0.008488,0.068268,3.373532,1.000000,-0.202440,6.299037
8.695000,0.489086,-0.237648,0.401912,0.798040,-0.602524,-0.005058,-0.008463,0.068268,3.374337,1.000000,-0.200421,6.298593
8.700000,0.488692,-0.237604,0.401912,0.797940,-0.602656,-0.005117,-0.008438,0.068268,3.375134,1.000000,-0.198444,6.298147
8.705000,0.488299,-0.237558,0.401910,0.797840,-0.602788,-0.005176,-0.008413,0.068268,3.375924,1.000000,-0.196515,6.297700
8.710000,0.487907,-0.237511,0.401907,0.797741,-0.602920,-0.005236,-0.008388,0.068268,3.376706,1.000000,-0.194646,6.297275
8.715000,0.487517,-0.237464,0.401901,0.797642,-0.603050,-0.005295,-0.008362,0.068268,3.377480,1.000000,-0.192836,6.296861
8.720000,0.487128,-0.237415,0.401894,0.797544,-0.603180,-0.005354,-0.008336,0.068268,3.378247,1.000000,-0.191048,6.296518
8.725000,0.486741,-0.237365,0.401885,0.797446,-0.603309,-0.005414,-0.008310,0.068268,3.379007,1.000000,-0.189319,6.296167
8.730000,0.486356,-0.237315,0.401874,0.797349,-0.603437,-0.005474,-0.008283,0.068268,3.379761,1.000000,-0.187652,6.295799
8.735000,0.485972,-0.237263,0.401862,0.797252,-0.603565,-0.005533,-0.008256,0.068268,3.380508,1.000000,-0.186047,6.295432
8.740000,0.485589,-0.237211,0.401848,0.797155,-0.603692,-0.005593,-0.008228,0.068268,3.381248,1.000000,-0.184505,6.295064
8.745000,0.485209,-0.237158,0.401832,0.797060,-0.603819,-0.005653,-0.008200,0.068268,3.381983,1.000000,-0.183024,6.294658
8.750000,0.484829,-0.237105,0.401814,0.796964,-0.603944,-0.005712,-0.008172,0.068268,3.382712,1.000000,-0.181606,6.294253
8.755000,0.484451,-0.237051,0.401795,0.796869,-0.604070,-0.005772,-0.008143,0.068268,3.383435,1.000000,-0.180277,6.294028
8.760000,0.484075,-0.236996,0.401774,0.796774,-0.604194,-0.005831,-0.008114,0.068268,3.384153,1.000000,-0.179049,6.293797
8.765000,0.483700,-0.236941,0.401752,0.796680,-0.604318,-0.005890,-0.008084,0.068268,3.384867,1.000000,-0.177906,6.293563
8.770000,0.483326,-0.236886,0.401728,0.796586,-0.604442,-0.005949,-0.008053,0.068268,3.385576,1.000000,-0.176838,6.293330
8.775000,0.482954,-0.236830,0.401703,0.796493,-0.604565,-0.006007,-0.008022,0.068268,3.386281,1.000000,-0.175839,6.293086
8.780000,0.482583,-0.236774,0.401676,0.796399,-0.604688,-0.006064,-0.007989,0.068268,3.386982,1.000000,-0.174904,6.292829
8.785000,0.482213,-0.236717,0.401648,0.796306,-0.604810,-0.006121,-0.007957,0.068268,3.387680,1.000000,-0.174031,6.292572
8.790000,0.481845,-0.236661,0.401619,0.796214,-0.604932,-0.006177,-0.007923,0.068268,3.388374,1.000000,-0.173221,6.292419
8.795000,0.481478,-0.236604,0.401589,0.796121,-0.605054,-0.006233,-0.007889,0.068268,3.389065,1.000000,-0.172475,6.292225
8.800000,0.481113,-0.236547,0.401558,0.796029,-0.605175,-0.006289,-0.007854,0.068268,3.389754,1.000000,-0.171793,6.292032
8.805000,0.480748,-0.236491,0.401525,0.795937,-0.605296,-0.006344,-0.007818,0.068268,3.390439,1.000000,-0.171172,6.291838
8.810000,0.480385,-0.236434,0.401492,0.795845,-0.605416,-0.006398,-0.007782,0.068268,3.391123,1.000000,-0.170614,6.291648
8.815000,0.480023,-0.236377,0.401457,0.795754,-0.605536,-0.006452,-0.007745,0.068268,3.391804,1.000000,-0.170113,6.291458
8.820000,0.479661,-0.236320,0.401421,0.795663,-0.605656,-0.006506,-0.007707,0.068268,3.392484,1.000000,-0.169667,6.291268
8.825000,0.479301,-0.236263,0.401385,0.795572,-0.605776,-0.006559,-0.007668,0.068268,3.393162,1.000000,-0.169294,6.291262
8.830000,0.478942,-0.236206,0.401347,0.795481,-0.605895,-0.006611,-0.007629,0.068268,3.393838,1.000000,-0.168993,6.291247
8.835000,0.478584,-0.236150,0.401309,0.795390,-0.606014,-0.006663,-0.007590,0.068268,3.394514,1.000000,-0.168757,6.291232
8.840000,0.478227,-0.236093,0.401270,0.795300,-0.606133,-0.006715,-0.007549,0.068268,3.395188,1.000000,-0.168579,6.291210
8.845000,0.477870,-0.236037,0.401230,0.795209,-0.606251,-0.006767,-0.007508,0.068268,3.395862,1.000000,-0.168454,6.291164
8.850000,0.477515,-0.235981,0.401189,0.795119,-0.606369,-0.006818,-0.007466,0.068268,3.396536,1.000000,-0.168382,6.291118
8.855000,0.477160,-0.235925,0.401147,0.795029,-0.606487,-0.006869,-0.007424,0.068268,3.397210,1.000000,-0.168361,6.291072
8.860000,0.476805,-0.235870,0.401105,0.794939,-0.606605,-0.006919,-0.007381,0.068268,3.397883,1.000000,-0.168347,6.290954
8.865000,0.476452,-0.235815,0.401062,0.794849,-0.606723,-0.006969,-0.007337,0.068268,3.398557,1.000000,-0.168367,6.290836
8.870000,0.476099,-0.235760,0.401018,0.794759,-0.606840,-0.007019,-0.007293,0.068268,3.399230,1.000000,-0.168423,6.290718
8.875000,0.475748,-0.235706,0.400974,0.794670,-0.606957,-0.007068,-0.007248,0.068268,3.399904,1.000000,-0.168515,6.290600
8.880000,0.475396,-0.235652,0.400929,0.794581,-0.607074,-0.007117,-0.007203,0.068268,3.400579,1.000000,-0.168642,6.290480
8.885000,0.475046,-0.235598,0.400883,0.794492,-0.607191,-0.007166,-0.007157,0.068268,3.401254,1.000000,-0.168803,6.290360
8.890000,0.474696,-0.235545,0.400837,0.794403,-0.607307,-0.007214,-0.007111,0.068268,3.401929,1.000000,-0.168985,6.290335
8.895000,0.474347,-0.235493,0.400791,0.794314,-0.607423,-0.007261,-0.007065,0.068268,3.402606,1.000000,-0.169216,6.290274
8.900000,0.473999,-0.235441,0.400744,0.794225,-0.607539,-0.007308,-0.007018,0.068268,3.403283,1.000000,-0.169481,6.290212
8.905000,0.473651,-0.235390,0.400697,0.794137,-0.607655,-0.007353,-0.006970,0.068268,3.403962,1.000000,-0.169700,6.290152
8.910000,0.473304,-0.235339,0.400650,0.794049,-0.607770,-0.007399,-0.006922,0.068268,3.404641,1.000000,-0.169855,6.290107
8.915000,0.472958,-0.235289,0.400603,0.793960,-0.607885,-0.007444,-0.006874,0.068268,3.405321,1.000000,-0.169982,6.290062
8.920000,0.472612,-0.235240,0.400555,0.793872,-0.608000,-0.007489,-0.006826,0.068268,3.406001,1.000000,-0.170111,6.290017
8.925000,0.472267,-0.235190,0.400508,0.793784,-0.608115,-0.007534,-0.006779,0.068268,3.406682,1.000000,-0.170302,6.290230
8.930000,0.471922,-0.235142,0.400460,0.793696,-0.608230,-0.007578,-0.006731,0.068268,3.407364,1.000000,-0.170550,6.290441
8.935000,0.471578,-0.235093,0.400413,0.793608,-0.608345,-0.007623,-0.006683,0.068268,3.408046,1.000000,-0.170847,6.290653
8.940000,0.471234,-0.235046,0.400365,0.793520,-0.608460,-0.007667,-0.006634,0.068268,3.408731,1.000000,-0.171189,6.290866
8.945000,0.470891,-0.234998,0.400318,0.793432,-0.608575,-0.007712,-0.006586,0.068268,3.409416,1.000000,-0.171571,6.291079
8.950000,0.470548,-0.234952,0.400271,0.793344,-0.608689,-0.007756,-0.006538,0.068267,3.410104,1.000000,-0.171990,6.291292
8.955000,0.470206,-0.234906,0.400225,0.793256,-0.608804,-0.007800,-0.006489,0.068267,3.410793,1.000000,-0.172444,6.291507
8.960000,0.469864,-0.234861,0.400178,0.793168,-0.608919,-0.007844,-0.006441,0.068267,3.411484,1.000000,-0.173023,6.292324
8.965000,0.469522,-0.234816,0.400132,0.793079,-0.609034,-0.007887,-0.006392,0.068267,3.412178,1.000000,-0.173701,6.293140
8.970000,0.469181,-0.234773,0.400087,0.792991,-0.609149,-0.007931,-0.006343,0.068267,3.412874,1.000000,-0.174453,6.293957
8.975000,0.468840,-0.234730,0.400042,0.792902,-0.609264,-0.007974,-0.006294,0.068267,3.413574,1.000000,-0.175262,6.294744
8.980000,0.468499,-0.234688,0.399997,0.792813,-0.609380,-0.008018,-0.006244,0.068267,3.414277,1.000000,-0.176123,6.295525
8.985000,0.468158,-0.234647,0.399953,0.792724,-0.609495,-0.008061,-0.006194,0.068267,3.414984,1.000000,-0.177029,6.296307
8.990000,0.467817,-0.234606,0.399910,0.792635,-0.609611,-0.008104,-0.006144,0.068267,3.415694,1.000000,-0.177977,6.297102
8.995000,0.467477,-0.234567,0.399867,0.792546,-0.609727,-0.008147,-0.006094,0.068267,3.416409,1.000000,-0.179005,6.298381
9.000000,0.467137,-0.234529,0.399824,0.792457,-0.609843,-0.008190,-0.006044,0.068267,3.417127,1.000000,-0.180112,6.299660
9.005000,0.466797,-0.234492,0.399783,0.792367,-0.609960,-0.008232,-0.005994,0.068267,3.417850,1.000000,-0.181280,6.300936
9.010000,0.466457,-0.234456,0.399742,0.792277,-0.610077,-0.008275,-0.005943,0.068267,3.418578,1.000000,-0.182498,6.302209
9.015000,0.466117,-0.234421,0.399702,0.792186,-0.610194,-0.008317,-0.005893,0.068267,3.419312,1.000000,-0.183761,6.303481
9.020000,0.465777,-0.234388,0.399662,0.792096,-0.610311,-0.008360,-0.005842,0.068267,3.420050,1.000000,-0.185064,6.304756
9.025000,0.465438,-0.234355,0.399623,0.792005,-0.610429,-0.008402,-0.005791,0.068267,3.420793,1.000000,-0.186404,6.306050
9.030000,0.465098,-0.234324,0.399585,0.791914,-0.610547,-0.008443,-0.005740,0.068267,3.421542,1.000000,-0.187804,6.307500
9.035000,0.464759,-0.234295,0.399548,0.791823,-0.610665,-0.008485,-0.005689,0.068267,3.422297,1.000000,-0.189250,6.308950
9.040000,0.464419,-0.234266,0.399511,0.791731,-0.610784,-0.008527,-0.005638,0.068267,3.423058,1.000000,-0.190733,6.310422
9.045000,0.464080,-0.234239,0.399476,0.791639,-0.610903,-0.008569,-0.005587,0.068267,3.423824,1.000000,-0.192244,6.311898
9.050000,0.463741,-0.234213,0.399440,0.791547,-0.611022,-0.008611,-0.005536,0.068267,3.424597,1.000000,-0.193781,6.313374
9.055000,0.463401,-0.234189,0.399406,0.791455,-0.611142,-0.008652,-0.005486,0.068267,3.425376,1.000000,-0.195335,6.314837
9.060000,0.463062,-0.234166,0.399372,0.791362,-0.611261,-0.008694,-0.005435,0.068267,3.426161,1.000000,-0.196953,6.316381
9.065000,0.462722,-0.234144,0.399339,0.791270,-0.611381,-0.008736,-0.005385,0.068267,3.426953,1.000000,-0.198609,6.317925
9.070000,0.462383,-0.234124,0.399307,0.791176,-0.611502,-0.008779,-0.005334,0.068267,3.427751,1.000000,-0.200291,6.319470
9.075000,0.462044,-0.234105,0.399275,0.791083,-0.611623,-0.008821,-0.005284,0.068267,3.428557,1.000000,-0.201993,6.321017
9.080000,0.461704,-0.234088,0.399243,0.790989,-0.611744,-0.008864,-0.005234,0.068267,3.429369,1.000000,-0.203707,6.322563
9.085000,0.461364,-0.234072,0.399213,0.790895,-0.611865,-0.008907,-0.005185,0.068267,3.430188,1.000000,-0.205430,6.324111
9.090000,0.461025,-0.234057,0.399182,0.790801,-0.611986,-0.008951,-0.005135,0.068266,3.431014,1.000000,-0.207160,6.325676
9.095000,0.460685,-0.234044,0.399153,0.790707,-0.612108,-0.008995,-0.005086,0.068266,3.431847,1.000000,-0.208908,6.327097
9.100000,0.460345,-0.234032,0.399124,0.790612,-0.612230,-0.009039,-0.005038,0.068266,3.432687,1.000000,-0.210653,6.328518
9.105000,0.460005,-0.234022,0.399095,0.790517,-0.612353,-0.009084,-0.004989,0.068266,3.433534,1.000000,-0.212387,6.329924
9.110000,0.459664,-0.234013,0.399066,0.790422,-0.612475,-0.009129,-0.004941,0.068266,3.434387,1.000000,-0.214110,6.331326
9.115000,0.459324,-0.234006,0.399038,0.790326,-0.612598,-0.009176,-0.004894,0.068266,3.435248,1.000000,-0.215822,6.332729
9.120000,0.458983,-0.234000,0.399011,0.790231,-0.612721,-0.009222,-0.004847,0.068266,3.436116,1.000000,-0.217523,6.334163
9.125000,0.458642,-0.233995,0.398983,0.790135,-0.612844,-0.009270,-0.004800,0.068266,3.436990,1.000000,-0.219212,6.335624
9.130000,0.458301,-0.233992,0.398956,0.790039,-0.612967,-0.009318,-0.004754,0.068266,3.437871,1.000000,-0.220902,6.337073
9.135000,0.457960,-0.233989,0.398929,0.789943,-0.613090,-0.009367,-0.004708,0.068266,3.438759,1.000000,-0.222580,6.338531
9.140000,0.457619,-0.233989,0.398902,0.789847,-0.613214,-0.009416,-0.004663,0.068266,3.439653,1.000000,-0.224242,6.340015
9.145000,0.457277,-0.233989,0.398876,0.789751,-0.613337,-0.009466,-0.004618,0.068266,3.440554,1.000000,-0.225883,6.341497
9.150000,0.456936,-0.233991,0.398850,0.789654,-0.613461,-0.009517,-0.004574,0.068266,3.441462,1.000000,-0.227502,6.342980
9.155000,0.456594,-0.233994,0.398824,0.789557,-0.613585,-0.009569,-0.004531,0.068266,3.442376,1.000000,-0.229095,6.344483
9.160000,0.456252,-0.233998,0.398798,0.789461,-0.613709,-0.009621,-0.004488,0.068266,3.443296,1.000000,-0.230662,6.345985
9.165000,0.455909,-0.234003,0.398772,0.789364,-0.613834,-0.009674,-0.004445,0.068266,3.444222,1.000000,-0.232234,6.347542
9.170000,0.455567,-0.234010,0.398747,0.789266,-0.613958,-0.009728,-0.004403,0.068266,3.445155,1.000000,-0.233792,6.349135
9.175000,0.455224,-0.234017,0.398721,0.789169,-0.614083,-0.009783,-0.004362,0.068266,3.446094,1.000000,-0.235329,6.350743
9.180000,0.454881,-0.234026,0.398696,0.789071,-0.614207,-0.009838,-0.004321,0.068266,3.447039,1.000000,-0.236841,6.352352
9.185000,0.454537,-0.234036,0.398671,0.788974,-0.614332,-0.009895,-0.004281,0.068266,3.447991,1.000000,-0.238325,6.353975
9.190000,0.454194,-0.234047,0.398646,0.788876,-0.614457,-0.009951,-0.004242,0.068266,3.448947,1.000000,-0.239777,6.355618
9.195000,0.453850,-0.234059,0.398621,0.788778,-0.614583,-0.010009,-0.004203,0.068265,3.449910,1.000000,-0.241197,6.357261
9.200000,0.453506,-0.234072,0.398596,0.788680,-0.614708,-0.010068,-0.004164,0.068265,3.450878,1.000000,-0.242580,6.358716
9.205000,0.453162,-0.234086,0.398571,0.788581,-0.614833,-0.010127,-0.004126,0.068265,3.451852,1.000000,-0.243917,6.360214
9.210000,0.452817,-0.234101,0.398546,0.788483,-0.614959,-0.010187,-0.004089,0.068265,3.452831,1.000000,-0.245208,6.361712
9.215000,0.452472,-0.234116,0.398522,0.788384,-0.615084,-0.010247,-0.004053,0.068265,3.453815,1.000000,-0.246453,6.363210
9.220000,0.452127,-0.234133,0.398497,0.788286,-0.615210,-0.010309,-0.004017,0.068265,3.454804,1.000000,-0.247653,6.364731
9.225000,0.451782,-0.234150,0.398472,0.788187,-0.615336,-0.010371,-0.003981,0.068265,3.455798,1.000000,-0.248808,6.366256
9.230000,0.451436,-0.234168,0.398448,0.788088,-0.615462,-0.010434,-0.003946,0.068265,3.456796,1.000000,-0.249886,6.367435
9.235000,0.451090,-0.234187,0.398423,0.787989,-0.615588,-0.010498,-0.003912,0.068265,3.457798,1.000000,-0.250890,6.368630
9.240000,0.450744,-0.234207,0.398398,0.787890,-0.615713,-0.010563,-0.003879,0.068265,3.458804,1.000000,-0.251827,6.369838
9.245000,0.450397,-0.234227,0.398374,0.787791,-0.615839,-0.010628,-0.003846,0.068265,3.459813,1.000000,-0.252702,6.371043
9.250000,0.450051,-0.234247,0.398349,0.787692,-0.615965,-0.010694,-0.003814,0.068265,3.460826,1.000000,-0.253521,6.372269
9.255000,0.449704,-0.234268,0.398324,0.787593,-0.616091,-0.010761,-0.003782,0.068265,3.461842,1.000000,-0.254287,6.373535
9.260000,0.449356,-0.234290,0.398299,0.787493,-0.616217,-0.010828,-0.003751,0.068265,3.462861,1.000000,-0.254996,6.374801
9.265000,0.449009,-0.234312,0.398275,0.787394,-0.616342,-0.010896,-0.003721,0.068265,3.463883,1.000000,-0.255680,6.376002
9.270000,0.448661,-0.234334,0.398250,0.787295,-0.616468,-0.010964,-0.003691,0.068265,3.464908,1.000000,-0.256316,6.377212
9.275000,0.448313,-0.234357,0.398226,0.787196,-0.616594,-0.011034,-0.003662,0.068265,3.465935,1.000000,-0.256905,6.378421
9.280000,0.447965,-0.234379,0.398201,0.787096,-0.616719,-0.011103,-0.003633,0.068265,3.466964,1.000000,-0.257445,6.379631
9.285000,0.447617,-0.234403,0.398177,0.786997,-0.616845,-0.011173,-0.003605,0.068265,3.467995,1.000000,-0.257936,6.380878
9.290000,0.447268,-0.234426,0.398152,0.786898,-0.616971,-0.011244,-0.003578,0.068264,3.469028,1.000000,-0.258377,6.382134
9.295000,0.446919,-0.234449,0.398128,0.786798,-0.617096,-0.011315,-0.003550,0.068264,3.470063,1.000000,-0.258767,6.383391
9.300000,0.446569,-0.234473,0.398104,0.786699,-0.617222,-0.011386,-0.003524,0.068264,3.471099,1.000000,-0.259278,6.385215
9.305000,0.446219,-0.234496,0.398081,0.786599,-0.617348,-0.011458,-0.003497,0.068264,3.472138,1.000000,-0.259831,6.387055
9.310000,0.445869,-0.234520,0.398057,0.786499,-0.617474,-0.011530,-0.003471,0.068264,3.473179,1.000000,-0.260398,6.388894
9.315000,0.445518,-0.234544,0.398034,0.786398,-0.617601,-0.011603,-0.003445,0.068264,3.474222,1.000000,-0.260961,6.390744
9.320000,0.445166,-0.234568,0.398011,0.786298,-0.617728,-0.011676,-0.003419,0.068264,3.475268,1.000000,-0.261512,6.392620
9.325000,0.444814,-0.234591,0.397988,0.786197,-0.617855,-0.011750,-0.003394,0.068264,3.476315,1.000000,-0.262042,6.394494
9.330000,0.444461,-0.234615,0.397966,0.786096,-0.617982,-0.011824,-0.003368,0.068264,3.477365,1.000000,-0.262551,6.396371
9.335000,0.444107,-0.234639,0.397944,0.785995,-0.618110,-0.011898,-0.003343,0.068264,3.478417,1.000000,-0.263226,6.398990
9.340000,0.443753,-0.234662,0.397922,0.785893,-0.618238,-0.011972,-0.003318,0.068264,3.479472,1.000000,-0.263980,6.401608
9.345000,0.443398,-0.234686,0.397900,0.785791,-0.618366,-0.012047,-0.003293,0.068264,3.480531,1.000000,-0.264776,6.404226
9.350000,0.443041,-0.234709,0.397879,0.785688,-0.618495,-0.012123,-0.003267,0.068264,3.481592,1.000000,-0.265597,6.406888
9.355000,0.442684,-0.234733,0.397858,0.785585,-0.618625,-0.012199,-0.003242,0.068264,3.482657,1.000000,-0.266427,6.409559
9.360000,0.442326,-0.234756,0.397837,0.785482,-0.618755,-0.012275,-0.003217,0.068264,3.483725,1.000000,-0.267260,6.412231
9.365000,0.441966,-0.234779,0.397816,0.785378,-0.618885,-0.012352,-0.003192,0.068264,3.484796,1.000000,-0.268087,6.414897
9.370000,0.441605,-0.234802,0.397796,0.785274,-0.619016,-0.012429,-0.003167,0.068263,3.485872,1.000000,-0.269106,6.418207
9.375000,0.441243,-0.234825,0.397776,0.785169,-0.619148,-0.012506,-0.003141,0.068263,3.486951,1.000000,-0.270229,6.421516
9.380000,0.440880,-0.234848,0.397756,0.785063,-0.619280,-0.012584,-0.003116,0.068263,3.488036,1.000000,-0.271420,6.424852
9.385000,0.440515,-0.234871,0.397737,0.784957,-0.619413,-0.012662,-0.003090,0.068263,3.489125,1.000000,-0.272658,6.428235
9.390000,0.440149,-0.234894,0.397718,0.784851,-0.619546,-0.012741,-0.003065,0.068263,3.490218,1.000000,-0.273474,6.431535
9.395000,0.439781,-0.234917,0.397699,0.784745,-0.619679,-0.012820,-0.003039,0.068263,3.491313,1.000000,-0.273929,6.434812
9.400000,0.439412,-0.234939,0.397681,0.784640,-0.619811,-0.012898,-0.003013,0.068263,3.492410,1.000000,-0.274233,6.438000
9.405000,0.439042,-0.234962,0.397663,0.784536,-0.619941,-0.012976,-0.002988,0.068263,3.493508,1.000000,-0.274472,6.441187
9.410000,0.438670,-0.234984,0.397645,0.784433,-0.620069,-0.013054,-0.002962,0.068263,3.494607,1.000000,-0.274690,6.444376
9.415000,0.438297,-0.235006,0.397629,0.784331,-0.620196,-0.013132,-0.002936,0.068263,3.495707,1.000000,-0.274913,6.447593
9.420000,0.437922,-0.235028,0.397612,0.784231,-0.620322,-0.013209,-0.002910,0.068263,3.496807,1.000000,-0.275143,6.450811
9.425000,0.437546,-0.235050,0.397597,0.784132,-0.620445,-0.013286,-0.002884,0.068263,3.497909,1.000000,-0.275384,6.454031
9.430000,0.437168,-0.235072,0.397583,0.784034,-0.620567,-0.013363,-0.002858,0.068263,3.499012,1.000000,-0.275633,6.457259
9.435000,0.436788,-0.235094,0.397569,0.783938,-0.620687,-0.013438,-0.002831,0.068263,3.500115,1.000000,-0.275869,6.460074
9.440000,0.436406,-0.235115,0.397556,0.783843,-0.620805,-0.013514,-0.002804,0.068263,3.501220,1.000000,-0.276087,6.462890
9.445000,0.436023,-0.235136,0.397544,0.783750,-0.620922,-0.013588,-0.002776,0.068262,3.502325,1.000000,-0.276285,6.465703
9.450000,0.435638,-0.235158,0.397533,0.783658,-0.621036,-0.013662,-0.002749,0.068262,3.503431,1.000000,-0.276464,6.468511
9.455000,0.435252,-0.235178,0.397524,0.783567,-0.621149,-0.013735,-0.002721,0.068262,3.504538,1.000000,-0.276622,6.471322
9.460000,0.434863,-0.235199,0.397515,0.783478,-0.621261,-0.013808,-0.002693,0.068262,3.505645,1.000000,-0.276758,6.474132
9.465000,0.434473,-0.235219,0.397507,0.783390,-0.621370,-0.013879,-0.002664,0.068262,3.506753,1.000000,-0.276871,6.476942
9.470000,0.434081,-0.235239,0.397500,0.783303,-0.621478,-0.013950,-0.002636,0.068262,3.507861,1.000000,-0.276959,6.479653
9.475000,0.433687,-0.235258,0.397494,0.783217,-0.621585,-0.014020,-0.002607,0.068262,3.508969,1.000000,-0.277020,6.482366
9.480000,0.433292,-0.235278,0.397489,0.783133,-0.621690,-0.014089,-0.002579,0.068262,3.510078,1.000000,-0.277052,6.485084
9.485000,0.432894,-0.235296,0.397485,0.783050,-0.621793,-0.014157,-0.002550,0.068262,3.511187,1.000000,-0.277055,6.487801
9.490000,0.432495,-0.235314,0.397482,0.782968,-0.621894,-0.014224,-0.002521,0.068262,3.512295,1.000000,-0.277027,6.490516
9.495000,0.432094,-0.235332,0.397481,0.782887,-0.621995,-0.014290,-0.002492,0.068262,3.513404,1.000000,-0.276972,6.493223
9.500000,0.431692,-0.235349,0.397480,0.782808,-0.622093,-0.014355,-0.002463,0.068262,3.514512,1.000000,-0.276884,6.495929
9.505000,0.431288,-0.235366,0.397481,0.782729,-0.622191,-0.014419,-0.002434,0.068262,3.515620,1.000000,-0.276778,6.498526
9.510000,0.430882,-0.235382,0.397483,0.782652,-0.622286,-0.014482,-0.002406,0.068261,3.516727,1.000000,-0.276641,6.501091
9.515000,0.430475,-0.235397,0.397486,0.782576,-0.622381,-0.014544,-0.002377,0.068261,3.517834,1.000000,-0.276477,6.503657
9.520000,0.430066,-0.235412,0.397490,0.782501,-0.622474,-0.014604,-0.002348,0.068261,3.518940,1.000000,-0.276283,6.506225
9.525000,0.429655,-0.235427,0.397495,0.782427,-0.622566,-0.014663,-0.002319,0.068261,3.520045,1.000000,-0.276063,6.508793
9.530000,0.429243,-0.235440,0.397502,0.782353,-0.622657,-0.014720,-0.002291,0.068261,3.521149,1.000000,-0.275810,6.511361
9.535000,0.428829,-0.235453,0.397510,0.782281,-0.622746,-0.014777,-0.002262,0.068261,3.522252,1.000000,-0.275525,6.513929
9.540000,0.428414,-0.235465,0.397520,0.782210,-0.622834,-0.014831,-0.002234,0.068261,3.523354,1.000000,-0.275235,6.516324
9.545000,0.427998,-0.235477,0.397531,0.782140,-0.622921,-0.014885,-0.002205,0.068261,3.524455,1.000000,-0.274927,6.518720
9.550000,0.427580,-0.235487,0.397543,0.782070,-0.623007,-0.014936,-0.002177,0.068261,3.525554,1.000000,-0.274595,6.521120
9.555000,0.427161,-0.235498,0.397557,0.782002,-0.623092,-0.014986,-0.002149,0.068261,3.526652,1.000000,-0.274242,6.523516
9.560000,0.426740,-0.235507,0.397572,0.781934,-0.623176,-0.015035,-0.002121,0.068261,3.527749,1.000000,-0.273860,6.525912
9.565000,0.426318,-0.235515,0.397589,0.781867,-0.623259,-0.015081,-0.002093,0.068261,3.528844,1.000000,-0.273451,6.528313
9.570000,0.425895,-0.235523,0.397607,0.781801,-0.623341,-0.015126,-0.002065,0.068260,3.529937,1.000000,-0.272969,6.530348
9.575000,0.425470,-0.235530,0.397627,0.781736,-0.623422,-0.015170,-0.002037,0.068260,3.531028,1.000000,-0.272431,6.532385
9.580000,0.425044,-0.235536,0.397649,0.781671,-0.623502,-0.015212,-0.002009,0.068260,3.532117,1.000000,-0.271843,6.534424
9.585000,0.424618,-0.235541,0.397672,0.781607,-0.623581,-0.015252,-0.001982,0.068260,3.533204,1.000000,-0.271207,6.536414
9.590000,0.424189,-0.235545,0.397697,0.781544,-0.623659,-0.015290,-0.001955,0.068260,3.534288,1.000000,-0.270531,6.538404
9.595000,0.423760,-0.235548,0.397723,0.781482,-0.623736,-0.015327,-0.001928,0.068260,3.535369,1.000000,-0.269819,6.540397
9.600000,0.423330,-0.235550,0.397750,0.781421,-0.623813,-0.015362,-0.001901,0.068260,3.536447,1.000000,-0.269077,6.542366
9.605000,0.422899,-0.235551,0.397779,0.781360,-0.623888,-0.015396,-0.001874,0.068260,3.537522,1.000000,-0.268365,6.544530
9.610000,0.422467,-0.235551,0.397809,0.781300,-0.623963,-0.015428,-0.001848,0.068260,3.538594,1.000000,-0.267654,6.546695
9.615000,0.422034,-0.235550,0.397841,0.781240,-0.624036,-0.015459,-0.001822,0.068260,3.539664,1.000000,-0.266927,6.548771
9.620000,0.421600,-0.235548,0.397874,0.781181,-0.624110,-0.015488,-0.001796,0.068260,3.540730,1.000000,-0.266192,6.550848
9.625000,0.421165,-0.235546,0.397909,0.781123,-0.624182,-0.015516,-0.001771,0.068260,3.541794,1.000000,-0.265450,6.552926
9.630000,0.420729,-0.235542,0.397945,0.781065,-0.624254,-0.015542,-0.001746,0.068259,3.542854,1.000000,-0.264710,6.554995
9.635000,0.420292,-0.235537,0.397983,0.781008,-0.624325,-0.015567,-0.001720,0.068259,3.543912,1.000000,-0.263961,6.557064
9.640000,0.419854,-0.235531,0.398021,0.780951,-0.624395,-0.015591,-0.001696,0.068259,3.544967,1.000000,-0.263275,6.559508
9.645000,0.419416,-0.235524,0.398062,0.780895,-0.624465,-0.015612,-0.001671,0.068259,3.546019,1.000000,-0.262623,6.561913
9.650000,0.418977,-0.235516,0.398103,0.780840,-0.624534,-0.015632,-0.001646,0.068259,3.547069,1.000000,-0.262002,6.564319
9.655000,0.418537,-0.235507,0.398146,0.780784,-0.624602,-0.015651,-0.001622,0.068259,3.548116,1.000000,-0.261402,6.566714
9.660000,0.418096,-0.235497,0.398191,0.780730,-0.624671,-0.015668,-0.001598,0.068259,3.549161,1.000000,-0.260819,6.569048
9.665000,0.417655,-0.235487,0.398237,0.780675,-0.624738,-0.015683,-0.001573,0.068259,3.550204,1.000000,-0.260253,6.571383
9.670000,0.417213,-0.235475,0.398284,0.780621,-0.624806,-0.015697,-0.001549,0.068259,3.551244,1.000000,-0.259803,6.573724
9.675000,0.416770,-0.235463,0.398333,0.780567,-0.624873,-0.015709,-0.001525,0.068259,3.552283,1.000000,-0.259506,6.575914
9.680000,0.416326,-0.235450,0.398384,0.780514,-0.624939,-0.015719,-0.001500,0.068258,3.553321,1.000000,-0.259304,6.578105
9.685000,0.415882,-0.235437,0.398435,0.780461,-0.625005,-0.015726,-0.001475,0.068258,3.554359,1.000000,-0.259161,6.580275
9.690000,0.415438,-0.235424,0.398489,0.780409,-0.625070,-0.015731,-0.001450,0.068258,3.555396,1.000000,-0.259057,6.582404
9.695000,0.414993,-0.235410,0.398543,0.780357,-0.625135,-0.015734,-0.001424,0.068258,3.556433,1.000000,-0.258985,6.584533
9.700000,0.414548,-0.235395,0.398599,0.780305,-0.625199,-0.015735,-0.001397,0.068258,3.557469,1.000000,-0.258939,6.586651
9.705000,0.414102,-0.235381,0.398655,0.780254,-0.625263,-0.015734,-0.001370,0.068258,3.558505,1.000000,-0.258914,6.588754
9.710000,0.413657,-0.235366,0.398713,0.780204,-0.625326,-0.015730,-0.001343,0.068258,3.559542,1.000000,-0.258840,6.590475
9.715000,0.413210,-0.235351,0.398772,0.780154,-0.625389,-0.015724,-0.001315,0.068258,3.560577,1.000000,-0.258738,6.592177
9.720000,0.412764,-0.235336,0.398831,0.780104,-0.625451,-0.015716,-0.001287,0.068258,3.561613,1.000000,-0.258622,6.593857
9.725000,0.412318,-0.235320,0.398892,0.780055,-0.625513,-0.015706,-0.001258,0.068258,3.562648,1.000000,-0.258499,6.595540
9.730000,0.411871,-0.235304,0.398953,0.780006,-0.625574,-0.015694,-0.001230,0.068257,3.563682,1.000000,-0.258377,6.597224
9.735000,0.411424,-0.235288,0.399015,0.779958,-0.625634,-0.015679,-0.001201,0.068257,3.564716,1.000000,-0.258258,6.598905
9.740000,0.410977,-0.235272,0.399078,0.779910,-0.625694,-0.015663,-0.001172,0.068257,3.565749,1.000000,-0.258125,6.600389
9.745000,0.410531,-0.235255,0.399142,0.779863,-0.625753,-0.015645,-0.001143,0.068257,3.566782,1.000000,-0.257990,6.601868
9.750000,0.410084,-0.235239,0.399206,0.779816,-0.625812,-0.015624,-0.001114,0.068257,3.567814,1.000000,-0.257852,6.603342
9.755000,0.409637,-0.235222,0.399271,0.779770,-0.625871,-0.015602,-0.001084,0.068257,3.568846,1.000000,-0.257711,6.604821
9.760000,0.409191,-0.235204,0.399336,0.779724,-0.625929,-0.015577,-0.001055,0.068257,3.569877,1.000000,-0.257563,6.606267
9.765000,0.408745,-0.235187,0.399402,0.779678,-0.625986,-0.015550,-0.001025,0.068257,3.570908,1.000000,-0.257411,6.607698
9.770000,0.408299,-0.235170,0.399468,0.779633,-0.626043,-0.015522,-0.000995,0.068257,3.571937,1.000000,-0.257257,6.609132
9.775000,0.407853,-0.235152,0.399535,0.779588,-0.626100,-0.015491,-0.000965,0.068257,3.572967,1.000000,-0.257084,6.610547
9.780000,0.407408,-0.235134,0.399603,0.779544,-0.626156,-0.015458,-0.000935,0.068256,3.573995,1.000000,-0.256897,6.611960
9.785000,0.406962,-0.235116,0.399670,0.779500,-0.626212,-0.015424,-0.000905,0.068256,3.575023,1.000000,-0.256704,6.613376
9.790000,0.406518,-0.235098,0.399739,0.779456,-0.626267,-0.015388,-0.000874,0.068256,3.576050,1.000000,-0.256507,6.614767
9.795000,0.406073,-0.235079,0.399807,0.779413,-0.626322,-0.015350,-0.000844,0.068256,3.577076,1.000000,-0.256313,6.616147
9.800000,0.405629,-0.235061,0.399876,0.779370,-0.626377,-0.015311,-0.000813,0.068256,3.578102,1.000000,-0.256124,6.617531
9.805000,0.405185,-0.235042,0.399944,0.779327,-0.626431,-0.015270,-0.000782,0.068256,3.579126,1.000000,-0.255947,6.618927
9.810000,0.404741,-0.235023,0.400013,0.779285,-0.626484,-0.015228,-0.000752,0.068256,3.580150,1.000000,-0.255665,6.619934
9.815000,0.404298,-0.235003,0.400082,0.779243,-0.626538,-0.015184,-0.000721,0.068256,3.581173,1.000000,-0.255332,6.620944
9.820000,0.403855,-0.234984,0.400151,0.779201,-0.626591,-0.015139,-0.000690,0.068256,3.582194,1.000000,-0.254968,6.621937
9.825000,0.403413,-0.234964,0.400220,0.779160,-0.626643,-0.015093,-0.000660,0.068255,3.583213,1.000000,-0.254588,6.622921
9.830000,0.402971,-0.234944,0.400289,0.779119,-0.626695,-0.015045,-0.000629,0.068255,3.584231,1.000000,-0.254200,6.623909
9.835000,0.402529,-0.234923,0.400358,0.779079,-0.626747,-0.014996,-0.000598,0.068255,3.585248,1.000000,-0.253805,6.624878
9.840000,0.402089,-0.234903,0.400427,0.779038,-0.626798,-0.014946,-0.000568,0.068255,3.586262,1.000000,-0.253410,6.625835
9.845000,0.401648,-0.234882,0.400495,0.778999,-0.626848,-0.014895,-0.000537,0.068255,3.587275,1.000000,-0.252915,6.626305
9.850000,0.401209,-0.234861,0.400564,0.778959,-0.626899,-0.014843,-0.000507,0.068255,3.588286,1.000000,-0.252368,6.626780
9.855000,0.400770,-0.234839,0.400632,0.778920,-0.626949,-0.014790,-0.000476,0.068255,3.589295,1.000000,-0.251789,6.627260
9.860000,0.400332,-0.234818,0.400700,0.778881,-0.626998,-0.014735,-0.000446,0.068255,3.590301,1.000000,-0.251187,6.627739
9.865000,0.399894,-0.234796,0.400767,0.778843,-0.627047,-0.014679,-0.000416,0.068255,3.591305,1.000000,-0.250570,6.628225
9.870000,0.399458,-0.234773,0.400834,0.778805,-0.627096,-0.014623,-0.000386,0.068255,3.592306,1.000000,-0.249943,6.628717
9.875000,0.399022,-0.234751,0.400901,0.778767,-0.627144,-0.014565,-0.000356,0.068254,3.593305,1.000000,-0.249309,6.629209
9.880000,0.398587,-0.234728,0.400968,0.778730,-0.627192,-0.014506,-0.000326,0.068254,3.594301,1.000000,-0.248603,6.629480
9.885000,0.398153,-0.234704,0.401034,0.778693,-0.627239,-0.014447,-0.000297,0.068254,3.595294,1.000000,-0.247861,6.629740
9.890000,0.397720,-0.234681,0.401100,0.778656,-0.627286,-0.014386,-0.000267,0.068254,3.596284,1.000000,-0.247096,6.630000
9.895000,0.397288,-0.234657,0.401165,0.778619,-0.627333,-0.014324,-0.000237,0.068254,3.597271,1.000000,-0.246317,6.630291
9.900000,0.396856,-0.234632,0.401230,0.778583,-0.627379,-0.014262,-0.000208,0.068254,3.598255,1.000000,-0.245527,6.630838
9.905000,0.396426,-0.234607,0.401295,0.778547,-0.627426,-0.014198,-0.000178,0.068254,3.599236,1.000000,-0.244730,6.631384
9.910000,0.395997,-0.234582,0.401359,0.778511,-0.627471,-0.014134,-0.000149,0.068254,3.600213,1.000000,-0.243813,6.631613
9.915000,0.395568,-0.234557,0.401423,0.778476,-0.627517,-0.014068,-0.000119,0.068254,3.601186,1.000000,-0.242834,6.631937
9.920000,0.395141,-0.234531,0.401486,0.778441,-0.627562,-0.014003,-0.000090,0.068253,3.602156,1.000000,-0.241817,6.632259
9.925000,0.394715,-0.234504,0.401548,0.778406,-0.627606,-0.013936,-0.000061,0.068253,3.603121,1.000000,-0.240779,6.632584
9.930000,0.394290,-0.234477,0.401610,0.778372,-0.627651,-0.013869,-0.000032,0.068253,3.604082,1.000000,-0.239727,6.632965
9.935000,0.393866,-0.234450,0.401672,0.778337,-0.627695,-0.013801,-0.000003,0.068253,3.605039,1.000000,-0.238670,6.633350
9.940000,0.393444,-0.234422,0.401732,0.778303,-0.627738,-0.013733,0.000026,0.068253,3.605991,1.000000,-0.237614,6.633737
9.945000,0.393022,-0.234394,0.401793,0.778270,-0.627782,-0.013664,0.000055,0.068253,3.606939,1.000000,-0.236479,6.633929
9.950000,0.392602,-0.234365,0.401852,0.778236,-0.627824,-0.013595,0.000084,0.068253,3.607883,1.000000,-0.235307,6.634139
9.955000,0.392183,-0.234335,0.401911,0.778203,-0.627867,-0.013525,0.000113,0.068253,3.608822,1.000000,-0.234114,6.634352
9.960000,0.391765,-0.234305,0.401969,0.778170,-0.627909,-0.013455,0.000141,0.068253,3.609755,1.000000,-0.232905,6.634592
9.965000,0.391349,-0.234275,0.402026,0.778138,-0.627951,-0.013384,0.000170,0.068252,3.610685,1.000000,-0.231689,6.634836
9.970000,0.390933,-0.234244,0.402082,0.778105,-0.627993,-0.013313,0.000199,0.068252,3.611609,1.000000,-0.230475,6.635083
9.975000,0.390519,-0.234213,0.402138,0.778073,-0.628034,-0.013241,0.000227,0.068252,3.612528,1.000000,-0.229265,6.635397
9.980000,0.390107,-0.234181,0.402193,0.778041,-0.628075,-0.013169,0.000256,0.068252,3.613442,1.000000,-0.227949,6.635311
9.985000,0.389696,-0.234148,0.402247,0.778009,-0.628116,-0.013097,0.000285,0.068252,3.614351,1.000000,-0.226581,6.635228
9.990000,0.389286,-0.234116,0.402301,0.777978,-0.628156,-0.013024,0.000314,0.068252,3.615254,1.000000,-0.225189,6.635212
9.995000,0.388878,-0.234082,0.402354,0.777947,-0.628196,-0.012950,0.000343,0.068252,3.616152,1.000000,-0.223783,6.635212
10.000000,0.388471,-0.234048,0.402406,0.777916,-0.628236,-0.012876,0.000371,0.068252,3.617044,1.000000,-0.222370,6.635215
10.005000,0.388065,-0.234013,0.402457,0.777885,-0.628276,-0.012802,0.000400,0.068252,3.617930,1.000000,-0.220949,6.635215
10.010000,0.387661,-0.233978,0.402508,0.777855,-0.628315,-0.012728,0.000429,0.068251,3.618811,1.000000,-0.219530,6.635212
10.015000,0.387259,-0.233942,0.402557,0.777824,-0.628354,-0.012653,0.000458,0.068251,3.619686,1.000000,-0.217975,6.634744
10.020000,0.386858,-0.233906,0.402606,0.777794,-0.628393,-0.012578,0.000487,0.068251,3.620554,1.000000,-0.216356,6.634368
10.025000,0.386458,-0.233868,0.402654,0.777765,-0.628431,-0.012503,0.000516,0.068251,3.621416,1.000000,-0.214699,6.634011
10.030000,0.386060,-0.233830,0.402701,0.777735,-0.628469,-0.012428,0.000545,0.068251,3.622271,1.000000,-0.213022,6.633656
10.035000,0.385664,-0.233792,0.402748,0.777706,-0.628507,-0.012352,0.000573,0.068251,3.623119,1.000000,-0.211333,6.633285
10.040000,0.385269,-0.233752,0.402793,0.777677,-0.628544,-0.012277,0.000602,0.068251,3.623960,1.000000,-0.209645,6.632910
10.045000,0.384875,-0.233712,0.402838,0.777648,-0.628582,-0.012202,0.000631,0.068251,3.624795,1.000000,-0.207967,6.632537
10.050000,0.384483,-0.233671,0.402881,0.777619,-0.628619,-0.012127,0.000660,0.068250,3.625623,1.000000,-0.206167,6.631725
10.055000,0.384093,-0.233630,0.402924,0.777590,-0.628655,-0.012052,0.000688,0.068250,3.626443,1.000000,-0.204311,6.630912
10.060000,0.383704,-0.233587,0.402965,0.777562,-0.628692,-0.011977,0.000717,0.068250,3.627256,1.000000,-0.202427,6.630100
10.065000,0.383317,-0.233544,0.403006,0.777534,-0.628728,-0.011902,0.000745,0.068250,3.628062,1.000000,-0.200541,6.629326
10.070000,0.382931,-0.233500,0.403045,0.777506,-0.628763,-0.011828,0.000773,0.068250,3.628859,1.000000,-0.198658,6.628553
10.075000,0.382547,-0.233455,0.403084,0.777479,-0.628799,-0.011753,0.000802,0.068250,3.629650,1.000000,-0.196785,6.627781
10.080000,0.382165,-0.233409,0.403121,0.777451,-0.628834,-0.011680,0.000830,0.068250,3.630432,1.000000,-0.194878,6.626976
10.085000,0.381784,-0.233363,0.403158,0.777424,-0.628869,-0.011606,0.000858,0.068250,3.631207,1.000000,-0.192971,6.626169
10.090000,0.381405,-0.233315,0.403193,0.777397,-0.628904,-0.011533,0.000887,0.068249,3.631975,1.000000,-0.191078,6.625365
10.095000,0.381027,-0.233267,0.403227,0.777370,-0.628938,-0.011460,0.000915,0.068249,3.632735,1.000000,-0.189210,6.624612
10.100000,0.380651,-0.233218,0.403260,0.777344,-0.628972,-0.011387,0.000944,0.068249,3.633487,1.000000,-0.187369,6.623856
10.105000,0.380277,-0.233168,0.403292,0.777317,-0.629006,-0.011315,0.000972,0.068249,3.634233,1.000000,-0.185557,6.623102
10.110000,0.379904,-0.233117,0.403323,0.777291,-0.629040,-0.011243,0.001001,0.068249,3.634971,1.000000,-0.183769,6.622337
10.115000,0.379532,-0.233066,0.403352,0.777265,-0.629073,-0.011171,0.001030,0.068249,3.635701,1.000000,-0.182004,6.621750
10.120000,0.379162,-0.233014,0.403381,0.777239,-0.629106,-0.011100,0.001059,0.068249,3.636425,1.000000,-0.180284,6.621168
10.125000,0.378794,-0.232961,0.403408,0.777213,-0.629139,-0.011029,0.001089,0.068249,3.637143,1.000000,-0.178616,6.620634
10.130000,0.378427,-0.232908,0.403434,0.777188,-0.629172,-0.010959,0.001119,0.068248,3.637853,1.000000,-0.176996,6.620097
10.135000,0.378061,-0.232854,0.403459,0.777162,-0.629205,-0.010889,0.001149,0.068248,3.638558,1.000000,-0.175428,6.619569
10.140000,0.377697,-0.232799,0.403482,0.777137,-0.629237,-0.010819,0.001179,0.068248,3.639256,1.000000,-0.173912,6.619109
10.145000,0.377335,-0.232744,0.403504,0.777112,-0.629269,-0.010750,0.001210,0.068248,3.639948,1.000000,-0.172448,6.618646
10.150000,0.376973,-0.232688,0.403525,0.777087,-0.629301,-0.010681,0.001242,0.068248,3.640634,1.000000,-0.170977,6.618158
10.155000,0.376614,-0.232631,0.403545,0.777062,-0.629333,-0.010612,0.001273,0.068248,3.641315,1.000000,-0.169530,6.617709
10.160000,0.376255,-0.232574,0.403564,0.777038,-0.629365,-0.010544,0.001305,0.068248,3.641990,1.000000,-0.168123,6.617257
10.165000,0.375898,-0.232517,0.403581,0.777013,-0.629396,-0.010477,0.001338,0.068248,3.642659,1.000000,-0.166761,6.616815
10.170000,0.375542,-0.232459,0.403596,0.776989,-0.629427,-0.010409,0.001371,0.068247,3.643323,1.000000,-0.165447,6.616442
10.175000,0.375187,-0.232401,0.403611,0.776964,-0.629458,-0.010343,0.001404,0.068247,3.643981,1.000000,-0.164185,6.616066
10.180000,0.374834,-0.232342,0.403624,0.776940,-0.629489,-0.010277,0.001438,0.068247,3.644635,1.000000,-0.162977,6.615705
10.185000,0.374482,-0.232282,0.403635,0.776917,-0.629519,-0.010211,0.001472,0.068247,3.645284,1.000000,-0.161724,6.615118
10.190000,0.374131,-0.232223,0.403645,0.776893,-0.629549,-0.010146,0.001506,0.068247,3.645928,1.000000,-0.160460,6.614529
10.195000,0.373781,-0.232163,0.403653,0.776869,-0.629579,-0.010082,0.001541,0.068247,3.646567,1.000000,-0.159209,6.613949
10.200000,0.373433,-0.232102,0.403660,0.776846,-0.629609,-0.010018,0.001576,0.068247,3.647201,1.000000,-0.157979,6.613457
10.205000,0.373086,-0.232041,0.403666,0.776823,-0.629638,-0.009955,0.001612,0.068247,3.647830,1.000000,-0.156784,6.612963
10.210000,0.372740,-0.231980,0.403670,0.776800,-0.629668,-0.009893,0.001647,0.068246,3.648454,1.000000,-0.155629,6.612480
10.215000,0.372395,-0.231918,0.403672,0.776777,-0.629696,-0.009832,0.001683,0.068246,3.649074,1.000000,-0.154511,6.612106
10.220000,0.372051,-0.231855,0.403673,0.776755,-0.629725,-0.009771,0.001720,0.068246,3.649689,1.000000,-0.153335,6.611407
10.225000,0.371708,-0.231793,0.403672,0.776732,-0.629754,-0.009711,0.001756,0.068246,3.650300,1.000000,-0.152142,6.610728
10.230000,0.371366,-0.231730,0.403669,0.776710,-0.629782,-0.009651,0.001793,0.068246,3.650905,1.000000,-0.150958,6.610217
10.235000,0.371026,-0.231666,0.403665,0.776688,-0.629810,-0.009593,0.001830,0.068246,3.651506,1.000000,-0.149792,6.609704
10.240000,0.370686,-0.231602,0.403659,0.776667,-0.629837,-0.009535,0.001867,0.068246,3.652103,1.000000,-0.148653,6.609212
10.245000,0.370348,-0.231538,0.403652,0.776645,-0.629864,-0.009478,0.001904,0.068245,3.652695,1.000000,-0.147543,6.608868
10.250000,0.370010,-0.231474,0.403643,0.776624,-0.629891,-0.009422,0.001942,0.068245,3.653282,1.000000,-0.146369,6.608255
10.255000,0.369674,-0.231409,0.403632,0.776603,-0.629918,-0.009367,0.001979,0.068245,3.653865,1.000000,-0.145173,6.607671
10.260000,0.369339,-0.231343,0.403619,0.776582,-0.629944,-0.009313,0.002017,0.068245,3.654442,1.000000,-0.143978,6.607236
10.265000,0.369005,-0.231277,0.403605,0.776561,-0.629970,-0.009259,0.002055,0.068245,3.655015,1.000000,-0.142796,6.606798
10.270000,0.368672,-0.231211,0.403589,0.776541,-0.629996,-0.009207,0.002092,0.068245,3.655584,1.000000,-0.141634,6.606392
10.275000,0.368340,-0.231144,0.403571,0.776521,-0.630021,-0.009155,0.002130,0.068245,3.656147,1.000000,-0.140492,6.606091
10.280000,0.368009,-0.231077,0.403552,0.776501,-0.630046,-0.009104,0.002168,0.068245,3.656707,1.000000,-0.139379,6.605788
10.285000,0.367679,-0.231010,0.403531,0.776482,-0.630071,-0.009054,0.002207,0.068244,3.657261,1.000000,-0.138140,6.604971
10.290000,0.367350,-0.230942,0.403508,0.776462,-0.630095,-0.009005,0.002245,0.068244,3.657810,1.000000,-0.136834,6.604280
10.295000,0.367023,-0.230874,0.403483,0.776443,-0.630119,-0.008957,0.002283,0.068244,3.658355,1.000000,-0.135494,6.603586
10.300000,0.366696,-0.230805,0.403456,0.776425,-0.630143,-0.008910,0.002321,0.068244,3.658893,1.000000,-0.134139,6.602932
10.305000,0.366371,-0.230735,0.403428,0.776406,-0.630166,-0.008864,0.002359,0.068244,3.659426,1.000000,-0.132781,6.602331
10.310000,0.366047,-0.230666,0.403398,0.776388,-0.630189,-0.008819,0.002396,0.068244,3.659954,1.000000,-0.131431,6.601728
10.315000,0.365724,-0.230595,0.403366,0.776370,-0.630211,-0.008775,0.002434,0.068244,3.660477,1.000000,-0.130099,6.601217
10.320000,0.365402,-0.230525,0.403332,0.776353,-0.630234,-0.008732,0.002472,0.068243,3.660993,1.000000,-0.128687,6.600433
10.325000,0.365081,-0.230453,0.403296,0.776335,-0.630255,-0.008690,0.002509,0.068243,3.661505,1.000000,-0.127229,6.599652
10.330000,0.364762,-0.230381,0.403259,0.776318,-0.630277,-0.008650,0.002547,0.068243,3.662010,1.000000,-0.125748,6.598951
10.335000,0.364443,-0.230309,0.403220,0.776302,-0.630298,-0.008610,0.002584,0.068243,3.662509,1.000000,-0.124262,6.598281
10.340000,0.364126,-0.230236,0.403178,0.776285,-0.630318,-0.008571,0.002621,0.068243,3.663002,1.000000,-0.122782,6.597615
10.345000,0.363810,-0.230162,0.403135,0.776269,-0.630339,-0.008534,0.002658,0.068243,3.663490,1.000000,-0.121314,6.597076
10.350000,0.363495,-0.230088,0.403091,0.776253,-0.630358,-0.008498,0.002695,0.068243,3.663972,1.000000,-0.119862,6.596556
10.355000,0.363182,-0.230013,0.403044,0.776237,-0.630378,-0.008463,0.002732,0.068242,3.664448,1.000000,-0.118439,6.596141
10.360000,0.362870,-0.229938,0.402996,0.776222,-0.630397,-0.008429,0.002769,0.068242,3.664918,1.000000,-0.117053,6.595942
10.365000,0.362558,-0.229862,0.402946,0.776207,-0.630416,-0.008396,0.002806,0.068242,3.665383,1.000000,-0.115699,6.595742
10.370000,0.362248,-0.229786,0.402894,0.776192,-0.630435,-0.008364,0.002843,0.068242,3.665842,1.000000,-0.114373,6.595593
10.375000,0.361939,-0.229709,0.402840,0.776177,-0.630453,-0.008333,0.002880,0.068242,3.666296,1.000000,-0.113070,6.595664
10.380000,0.361632,-0.229632,0.402785,0.776163,-0.630471,-0.008303,0.002918,0.068242,3.666745,1.000000,-0.111793,6.595734
10.385000,0.361325,-0.229555,0.402729,0.776148,-0.630489,-0.008274,0.002956,0.068242,3.667190,1.000000,-0.110546,6.595959
10.390000,0.361020,-0.229477,0.402670,0.776134,-0.630507,-0.008246,0.002994,0.068241,3.667629,1.000000,-0.109307,6.596418
10.395000,0.360715,-0.229398,0.402610,0.776120,-0.630524,-0.008218,0.003032,0.068241,3.668063,1.000000,-0.108093,6.596876
10.400000,0.360412,-0.229319,0.402549,0.776107,-0.630541,-0.008192,0.003071,0.068241,3.668492,1.000000,-0.106897,6.597586
10.405000,0.360110,-0.229240,0.402486,0.776093,-0.630558,-0.008165,0.003110,0.068241,3.668917,1.000000,-0.105719,6.598525
10.410000,0.359810,-0.229161,0.402422,0.776080,-0.630574,-0.008140,0.003150,0.068241,3.669337,1.000000,-0.104560,6.599467
10.415000,0.359510,-0.229081,0.402357,0.776067,-0.630590,-0.008115,0.003189,0.068241,3.669752,1.000000,-0.103425,6.600884
10.420000,0.359211,-0.229001,0.402290,0.776054,-0.630606,-0.008090,0.003230,0.068240,3.670163,1.000000,-0.102188,6.602037
10.425000,0.358914,-0.228920,0.402222,0.776042,-0.630622,-0.008066,0.003270,0.068240,3.670568,1.000000,-0.100903,6.603194
10.430000,0.358618,-0.228839,0.402153,0.776029,-0.630637,-0.008043,0.003311,0.068240,3.670968,1.000000,-0.099583,6.605067
10.435000,0.358323,-0.228758,0.402083,0.776017,-0.630652,-0.008019,0.003352,0.068240,3.671363,1.000000,-0.098241,6.607002
10.440000,0.358029,-0.228676,0.402011,0.776005,-0.630666,-0.007996,0.003394,0.068240,3.671753,1.000000,-0.096890,6.609103
10.445000,0.357737,-0.228594,0.401939,0.775994,-0.630681,-0.007974,0.003435,0.068240,3.672137,1.000000,-0.095543,6.611949
10.450000,0.357446,-0.228511,0.401866,0.775983,-0.630695,-0.007952,0.003477,0.068240,3.672516,1.000000,-0.094186,6.614796
10.455000,0.357156,-0.228428,0.401791,0.775971,-0.630708,-0.007930,0.003519,0.068239,3.672889,1.000000,-0.092721,6.617654
10.460000,0.356868,-0.228345,0.401716,0.775961,-0.630722,-0.007908,0.003562,0.068239,3.673256,1.000000,-0.091184,6.621073
10.465000,0.356581,-0.228261,0.401640,0.775950,-0.630735,-0.007887,0.003604,0.068239,3.673617,1.000000,-0.089599,6.624495
10.470000,0.356295,-0.228176,0.401563,0.775940,-0.630747,-0.007866,0.003646,0.068239,3.673971,1.000000,-0.087991,6.628714
10.475000,0.356011,-0.228091,0.401486,0.775930,-0.630760,-0.007845,0.003689,0.068239,3.674319,1.000000,-0.086358,6.633183
10.480000,0.355728,-0.228005,0.401407,0.775920,-0.630772,-0.007825,0.003732,0.068239,3.674661,1.000000,-0.084706,6.637765
10.485000,0.355447,-0.227919,0.401328,0.775911,-0.630783,-0.007805,0.003775,0.068239,3.674995,1.000000,-0.083050,6.643331
10.490000,0.355167,-0.227832,0.401249,0.775901,-0.630795,-0.007785,0.003818,0.068238,3.675323,1.000000,-0.081270,6.648408
10.495000,0.354888,-0.227745,0.401169,0.775892,-0.630806,-0.007766,0.003861,0.068238,3.675644,1.000000,-0.079420,6.653979
10.500000,0.354611,-0.227657,0.401088,0.775884,-0.630816,-0.007747,0.003903,0.068238,3.675957,1.000000,-0.077524,6.660124
10.505000,0.354336,-0.227568,0.401007,0.775876,-0.630826,-0.007728,0.003946,0.068238,3.676262,1.000000,-0.075584,6.666271
10.510000,0.354062,-0.227478,0.400925,0.775868,-0.630836,-0.007710,0.003989,0.068238,3.676560,1.000000,-0.073626,6.673281
10.515000,0.353790,-0.227388,0.400844,0.775860,-0.630846,-0.007692,0.004032,0.068238,3.676850,1.000000,-0.071639,6.680476
10.520000,0.353519,-0.227296,0.400761,0.775852,-0.630855,-0.007674,0.004075,0.068237,3.677131,1.000000,-0.069635,6.687859
10.525000,0.353250,-0.227204,0.400679,0.775845,-0.630863,-0.007657,0.004118,0.068237,3.677405,1.000000,-0.067518,6.695363
10.530000,0.352983,-0.227112,0.400596,0.775838,-0.630872,-0.007639,0.004161,0.068237,3.677670,1.000000,-0.065324,6.702865
10.535000,0.352717,-0.227018,0.400513,0.775832,-0.630880,-0.007622,0.004203,0.068237,3.677926,1.000000,-0.063089,6.710857
10.540000,0.352453,-0.226924,0.400430,0.775826,-0.630887,-0.007605,0.004246,0.068237,3.678172,1.000000,-0.060817,6.719231
10.545000,0.352192,-0.226829,0.400348,0.775820,-0.630894,-0.007587,0.004289,0.068237,3.678410,1.000000,-0.058502,6.727606
10.550000,0.351932,-0.226732,0.400265,0.775814,-0.630901,-0.007569,0.004331,0.068236,3.678639,1.000000,-0.056172,6.736752
10.555000,0.351674,-0.226635,0.400183,0.775809,-0.630907,-0.007552,0.004374,0.068236,3.678858,1.000000,-0.053809,6.745979
10.560000,0.351418,-0.226538,0.400101,0.775804,-0.630913,-0.007534,0.004417,0.068236,3.679067,1.000000,-0.051390,6.755723
10.565000,0.351164,-0.226439,0.400020,0.775799,-0.630919,-0.007516,0.004459,0.068236,3.679268,1.000000,-0.049089,6.768891
10.570000,0.350912,-0.226339,0.399938,0.775795,-0.630924,-0.007497,0.004501,0.068236,3.679459,1.000000,-0.046673,6.782060
10.575000,0.350663,-0.226238,0.399858,0.775791,-0.630929,-0.007479,0.004544,0.068236,3.679640,1.000000,-0.044172,6.795233
10.580000,0.350415,-0.226136,0.399778,0.775787,-0.630934,-0.007460,0.004586,0.068235,3.679811,1.000000,-0.041606,6.808418
10.585000,0.350170,-0.226032,0.399698,0.775784,-0.630938,-0.007441,0.004627,0.068235,3.679972,1.000000,-0.038987,6.821611
10.590000,0.349927,-0.225928,0.399619,0.775781,-0.630942,-0.007422,0.004669,0.068235,3.680122,1.000000,-0.036260,6.834562
10.595000,0.349686,-0.225823,0.399541,0.775778,-0.630945,-0.007402,0.004711,0.068235,3.680261,1.000000,-0.033454,6.847517
10.600000,0.349448,-0.225716,0.399464,0.775775,-0.630948,-0.007383,0.004752,0.068235,3.680388,1.000000,-0.030593,6.860466
10.605000,0.349212,-0.225608,0.399387,0.775773,-0.630951,-0.007363,0.004793,0.068235,3.680504,1.000000,-0.027694,6.873416
10.610000,0.348978,-0.225498,0.399311,0.775771,-0.630953,-0.007344,0.004834,0.068235,3.680608,1.000000,-0.024769,6.886370
10.615000,0.348747,-0.225388,0.399236,0.775769,-0.630955,-0.007325,0.004875,0.068234,3.680701,1.000000,-0.021828,6.899357
10.620000,0.348518,-0.225276,0.399162,0.775768,-0.630957,-0.007305,0.004915,0.068234,3.680782,1.000000,-0.018879,6.912373
10.625000,0.348291,-0.225163,0.399089,0.775767,-0.630959,-0.007286,0.004956,0.068234,3.680851,1.000000,-0.015963,6.925586
10.630000,0.348066,-0.225049,0.399017,0.775765,-0.630960,-0.007267,0.004997,0.068234,3.680908,1.000000,-0.013074,6.938803
10.635000,0.347844,-0.224933,0.398945,0.775764,-0.630961,-0.007248,0.005037,0.068234,3.680954,1.000000,-0.010214,6.951985
10.640000,0.347624,-0.224816,0.398874,0.775763,-0.630962,-0.007229,0.005078,0.068234,3.680988,1.000000,-0.007387,6.965166
10.645000,0.347406,-0.224698,0.398805,0.775763,-0.630963,-0.007211,0.005119,0.068234,3.681011,1.000000,-0.004596,6.978351
10.650000,0.347190,-0.224579,0.398736,0.775762,-0.630963,-0.007193,0.005160,0.068233,3.681024,1.000000,-0.001845,6.991551
10.655000,0.346976,-0.224458,0.398668,0.775762,-0.630964,-0.007176,0.005201,0.068233,3.681025,1.000000,0.000860,7.004773
10.660000,0.346764,-0.224336,0.398601,0.775761,-0.630964,-0.007158,0.005242,0.068233,3.681013,1.000000,0.003458,7.018331
10.665000,0.346554,-0.224214,0.398534,0.775761,-0.630964,-0.007142,0.005284,0.068233,3.680989,1.000000,0.005966,7.031894
10.670000,0.346345,-0.224090,0.398469,0.775761,-0.630964,-0.007126,0.005326,0.068233,3.680952,1.000000,0.008388,7.045414
10.675000,0.346139,-0.223965,0.398404,0.775761,-0.630964,-0.007110,0.005368,0.068233,3.680903,1.000000,0.010726,7.058925
10.680000,0.345933,-0.223838,0.398341,0.775761,-0.630964,-0.007095,0.005410,0.068233,3.680843,1.000000,0.012980,7.072436
10.685000,0.345730,-0.223711,0.398278,0.775761,-0.630964,-0.007081,0.005453,0.068233,3.680772,1.000000,0.015148,7.085967
10.690000,0.345528,-0.223583,0.398216,0.775761,-0.630963,-0.007068,0.005497,0.068232,3.680691,1.000000,0.017232,7.099577
10.695000,0.345327,-0.223454,0.398154,0.775761,-0.630963,-0.007055,0.005540,0.068232,3.680599,1.000000,0.019191,7.113486
10.700000,0.345127,-0.223324,0.398093,0.775762,-0.630962,-0.007043,0.005584,0.068232,3.680498,1.000000,0.021011,7.127399
10.705000,0.344929,-0.223194,0.398033,0.775762,-0.630961,-0.007031,0.005629,0.068232,3.680388,1.000000,0.022708,7.141283
10.710000,0.344732,-0.223063,0.397974,0.775763,-0.630960,-0.007020,0.005674,0.068232,3.680270,1.000000,0.024290,7.155145
10.715000,0.344536,-0.222931,0.397916,0.775763,-0.630959,-0.007009,0.005719,0.068232,3.680144,1.000000,0.025765,7.169005
10.720000,0.344342,-0.222798,0.397858,0.775764,-0.630958,-0.006998,0.005765,0.068232,3.680012,1.000000,0.027138,7.182870
10.725000,0.344148,-0.222665,0.397801,0.775765,-0.630957,-0.006988,0.005812,0.068232,3.679873,1.000000,0.028412,7.196810
10.730000,0.343955,-0.222532,0.397744,0.775766,-0.630955,-0.006978,0.005859,0.068231,3.679728,1.000000,0.029498,7.211185
10.735000,0.343763,-0.222398,0.397688,0.775766,-0.630954,-0.006969,0.005907,0.068231,3.679578,1.000000,0.030416,7.225565
10.740000,0.343572,-0.222264,0.397633,0.775767,-0.630952,-0.006960,0.005955,0.068231,3.679423,1.000000,0.031191,7.239928
10.745000,0.343382,-0.222130,0.397579,0.775768,-0.630951,-0.006951,0.006004,0.068231,3.679266,1.000000,0.031836,7.254255
10.750000,0.343192,-0.221995,0.397525,0.775769,-0.630949,-0.006942,0.006054,0.068231,3.679105,1.000000,0.032363,7.268580
10.755000,0.343002,-0.221861,0.397472,0.775770,-0.630948,-0.006933,0.006104,0.068231,3.678942,1.000000,0.032778,7.282910
10.760000,0.342813,-0.221726,0.397420,0.775771,-0.630946,-0.006925,0.006155,0.068231,3.678778,1.000000,0.033016,7.297587
10.765000,0.342625,-0.221592,0.397368,0.775773,-0.630944,-0.006917,0.006207,0.068230,3.678613,1.000000,0.033096,7.312272
10.770000,0.342436,-0.221457,0.397317,0.775774,-0.630942,-0.006908,0.006259,0.068230,3.678448,1.000000,0.033038,7.326955
10.775000,0.342248,-0.221323,0.397266,0.775775,-0.630941,-0.006901,0.006312,0.068230,3.678284,1.000000,0.032859,7.341643
10.780000,0.342060,-0.221189,0.397216,0.775776,-0.630939,-0.006893,0.006365,0.068230,3.678120,1.000000,0.032567,7.356341
10.785000,0.341872,-0.221055,0.397167,0.775777,-0.630937,-0.006885,0.006419,0.068230,3.677959,1.000000,0.032170,7.371037
10.790000,0.341683,-0.220921,0.397118,0.775778,-0.630935,-0.006877,0.006474,0.068230,3.677800,1.000000,0.031674,7.385738
10.795000,0.341495,-0.220788,0.397069,0.775780,-0.630933,-0.006869,0.006529,0.068230,3.677644,1.000000,0.031049,7.400609
10.800000,0.341306,-0.220655,0.397022,0.775781,-0.630931,-0.006862,0.006585,0.068230,3.677491,1.000000,0.030301,7.415491
10.805000,0.341117,-0.220522,0.396974,0.775782,-0.630929,-0.006854,0.006641,0.068229,3.677342,1.000000,0.029446,7.430371
10.810000,0.340928,-0.220390,0.396928,0.775784,-0.630926,-0.006846,0.006698,0.068229,3.677198,1.000000,0.028496,7.445255
10.815000,0.340739,-0.220258,0.396881,0.775785,-0.630924,-0.006838,0.006755,0.068229,3.677059,1.000000,0.027460,7.460143
10.820000,0.340549,-0.220127,0.396836,0.775786,-0.630922,-0.006830,0.006813,0.068229,3.676925,1.000000,0.026343,7.475030
10.825000,0.340358,-0.219997,0.396790,0.775788,-0.630919,-0.006822,0.006871,0.068229,3.676798,1.000000,0.025152,7.489921
10.830000,0.340167,-0.219867,0.396746,0.775790,-0.630917,-0.006813,0.006929,0.068229,3.676676,1.000000,0.023862,7.504981
10.835000,0.339976,-0.219738,0.396701,0.775791,-0.630914,-0.006805,0.006988,0.068229,3.676561,1.000000,0.022484,7.520003
10.840000,0.339783,-0.219610,0.396657,0.775793,-0.630912,-0.006796,0.007046,0.068229,3.676453,1.000000,0.021028,7.535024
10.845000,0.339591,-0.219482,0.396614,0.775795,-0.630909,-0.006788,0.007106,0.068228,3.676353,1.000000,0.019503,7.550049
10.850000,0.339397,-0.219355,0.396571,0.775796,-0.630906,-0.006779,0.007165,0.068228,3.676261,1.000000,0.017917,7.565117
10.855000,0.339203,-0.219229,0.396528,0.775798,-0.630903,-0.006770,0.007224,0.068228,3.676176,1.000000,0.016276,7.580215
10.860000,0.339008,-0.219104,0.396486,0.775800,-0.630900,-0.006761,0.007284,0.068228,3.676100,1.000000,0.014583,7.595312
10.865000,0.338812,-0.218979,0.396444,0.775802,-0.630897,-0.006751,0.007344,0.068228,3.676033,1.000000,0.012860,7.610393
10.870000,0.338616,-0.218856,0.396402,0.775805,-0.630894,-0.006742,0.007403,0.068228,3.675974,1.000000,0.011077,7.625418
10.875000,0.338419,-0.218733,0.396361,0.775807,-0.630890,-0.006731,0.007463,0.068228,3.675925,1.000000,0.009248,7.640438
10.880000,0.338221,-0.218611,0.396320,0.775809,-0.630887,-0.006720,0.007523,0.068227,3.675884,1.000000,0.007386,7.655462
10.885000,0.338023,-0.218491,0.396279,0.775812,-0.630883,-0.006709,0.007583,0.068227,3.675853,1.000000,0.005499,7.670494
10.890000,0.337824,-0.218371,0.396239,0.775815,-0.630879,-0.006696,0.007643,0.068227,3.675832,1.000000,0.003596,7.685539
10.895000,0.337624,-0.218253,0.396200,0.775818,-0.630875,-0.006683,0.007703,0.068227,3.675820,1.000000,0.001682,7.700582
10.900000,0.337424,-0.218136,0.396161,0.775821,-0.630870,-0.006669,0.007763,0.068227,3.675817,1.000000,-0.000181,7.715146
10.905000,0.337223,-0.218019,0.396123,0.775824,-0.630866,-0.006655,0.007822,0.068227,3.675823,1.000000,-0.002013,7.729721
10.910000,0.337022,-0.217904,0.396085,0.775827,-0.630861,-0.006639,0.007882,0.068227,3.675835,1.000000,-0.003811,7.744301
10.915000,0.336821,-0.217790,0.396048,0.775831,-0.630856,-0.006621,0.007941,0.068227,3.675855,1.000000,-0.005573,7.758879
10.920000,0.336619,-0.217677,0.396012,0.775835,-0.630851,-0.006603,0.008000,0.068226,3.675882,1.000000,-0.007295,7.773459
10.925000,0.336417,-0.217566,0.395976,0.775838,-0.630846,-0.006583,0.008059,0.068226,3.675915,1.000000,-0.008974,7.788046
10.930000,0.336215,-0.217455,0.395941,0.775842,-0.630840,-0.006563,0.008117,0.068226,3.675955,1.000000,-0.010428,7.801593
10.935000,0.336013,-0.217345,0.395907,0.775847,-0.630835,-0.006541,0.008175,0.068226,3.676000,1.000000,-0.011687,7.815143
10.940000,0.335810,-0.217236,0.395874,0.775851,-0.630829,-0.006518,0.008232,0.068226,3.676050,1.000000,-0.012792,7.828698
10.945000,0.335608,-0.217128,0.395842,0.775855,-0.630823,-0.006493,0.008289,0.068226,3.676103,1.000000,-0.013768,7.842259
10.950000,0.335406,-0.217020,0.395810,0.775860,-0.630817,-0.006468,0.008345,0.068226,3.676161,1.000000,-0.014631,7.855817
10.955000,0.335203,-0.216914,0.395780,0.775865,-0.630810,-0.006442,0.008400,0.068226,3.676221,1.000000,-0.015391,7.869378
10.960000,0.335001,-0.216808,0.395751,0.775870,-0.630804,-0.006415,0.008454,0.068225,3.676285,1.000000,-0.016053,7.882937
10.965000,0.334800,-0.216702,0.395722,0.775875,-0.630797,-0.006386,0.008507,0.068225,3.676350,1.000000,-0.016207,7.894616
10.970000,0.334598,-0.216597,0.395695,0.775880,-0.630790,-0.006357,0.008559,0.068225,3.676414,1.000000,-0.015966,7.906291
10.975000,0.334398,-0.216492,0.395668,0.775886,-0.630782,-0.006327,0.008609,0.068225,3.676477,1.000000,-0.015431,7.917962
10.980000,0.334198,-0.216387,0.395643,0.775892,-0.630774,-0.006295,0.008658,0.068225,3.676537,1.000000,-0.014661,7.929589
10.985000,0.334000,-0.216282,0.395619,0.775899,-0.630766,-0.006263,0.008706,0.068225,3.676594,1.000000,-0.013691,7.941214
10.990000,0.333802,-0.216178,0.395596,0.775906,-0.630757,-0.006230,0.008752,0.068225,3.676646,1.000000,-0.012544,7.952840
10.995000,0.333606,-0.216073,0.395574,0.775914,-0.630747,-0.006195,0.008796,0.068224,3.676693,1.000000,-0.011236,7.964498
11.000000,0.333411,-0.215968,0.395553,0.775922,-0.630737,-0.006160,0.008839,0.068224,3.676733,1.000000,-0.008910,7.972781
11.005000,0.333217,-0.215863,0.395533,0.775931,-0.630726,-0.006124,0.008880,0.068224,3.676761,1.000000,-0.005790,7.981059
11.010000,0.333026,-0.215757,0.395515,0.775941,-0.630713,-0.006087,0.008918,0.068224,3.676776,1.000000,-0.002120,7.989340
11.015000,0.332838,-0.215650,0.395498,0.775953,-0.630698,-0.006049,0.008954,0.068224,3.676774,1.000000,0.001962,7.997566
11.020000,0.332652,-0.215542,0.395482,0.775967,-0.630681,-0.006010,0.008988,0.068224,3.676751,1.000000,0.006375,8.005777
11.025000,0.332468,-0.215433,0.395467,0.775981,-0.630663,-0.005971,0.009019,0.068224,3.676705,1.000000,0.011066,8.013991
11.030000,0.332288,-0.215323,0.395454,0.775997,-0.630643,-0.005931,0.009048,0.068224,3.676635,1.000000,0.015999,8.022207
11.035000,0.332111,-0.215211,0.395442,0.776015,-0.630621,-0.005890,0.009074,0.068223,3.676537,1.000000,0.022455,8.025094
11.040000,0.331937,-0.215097,0.395431,0.776035,-0.630597,-0.005848,0.009097,0.068223,3.676402,1.000000,0.030127,8.027977
11.045000,0.331768,-0.214981,0.395421,0.776059,-0.630568,-0.005807,0.009116,0.068223,3.676226,1.000000,0.038629,8.030861
11.050000,0.331602,-0.214862,0.395413,0.776085,-0.630536,-0.005765,0.009132,0.068223,3.676005,1.000000,0.047740,8.033773
11.055000,0.331442,-0.214741,0.395406,0.776114,-0.630501,-0.005723,0.009145,0.068223,3.675738,1.000000,0.057324,8.036711
11.060000,0.331286,-0.214616,0.395401,0.776145,-0.630462,-0.005681,0.009154,0.068223,3.675421,1.000000,0.067294,8.039644
11.065000,0.331136,-0.214489,0.395396,0.776180,-0.630419,-0.005639,0.009160,0.068223,3.675054,1.000000,0.077588,8.042579
11.070000,0.330991,-0.214358,0.395393,0.776218,-0.630373,-0.005598,0.009162,0.068222,3.674630,1.000000,0.089691,8.038821
11.075000,0.330851,-0.214222,0.395392,0.776261,-0.630321,-0.005557,0.009160,0.068222,3.674142,1.000000,0.103261,8.035052
11.080000,0.330719,-0.214082,0.395391,0.776307,-0.630264,-0.005516,0.009154,0.068222,3.673582,1.000000,0.117824,8.031285
11.085000,0.330593,-0.213938,0.395392,0.776359,-0.630201,-0.005476,0.009143,0.068222,3.672947,1.000000,0.133103,8.027516
11.090000,0.330475,-0.213788,0.395394,0.776415,-0.630132,-0.005437,0.009128,0.068222,3.672234,1.000000,0.148929,8.023737
11.095000,0.330364,-0.213633,0.395398,0.776476,-0.630058,-0.005398,0.009109,0.068222,3.671441,1.000000,0.165189,8.019954
11.100000,0.330261,-0.213472,0.395403,0.776542,-0.629977,-0.005361,0.009087,0.068222,3.670564,1.000000,0.182272,8.010542
11.105000,0.330167,-0.213306,0.395409,0.776614,-0.629889,-0.005322,0.009062,0.068222,3.669601,1.000000,0.199514,8.001131
11.110000,0.330081,-0.213135,0.395417,0.776692,-0.629794,-0.005283,0.009035,0.068221,3.668552,1.000000,0.216916,7.991721
11.115000,0.330005,-0.212959,0.395427,0.776776,-0.629691,-0.005242,0.009008,0.068221,3.667415,1.000000,0.234584,7.982309
11.120000,0.329938,-0.212778,0.395439,0.776867,-0.629580,-0.005200,0.008980,0.068221,3.666188,1.000000,0.252548,7.972899
11.125000,0.329882,-0.212591,0.395452,0.776964,-0.629461,-0.005156,0.008952,0.068221,3.664871,1.000000,0.270801,7.963481
11.130000,0.329835,-0.212400,0.395466,0.777067,-0.629334,-0.005110,0.008925,0.068221,3.663462,1.000000,0.289315,7.954058
11.135000,0.329799,-0.212202,0.395482,0.777177,-0.629199,-0.005063,0.008898,0.068221,3.661959,1.000000,0.308489,7.941242
11.140000,0.329773,-0.211999,0.395500,0.777294,-0.629055,-0.005014,0.008872,0.068221,3.660359,1.000000,0.328304,7.928447
11.145000,0.329757,-0.211790,0.395518,0.777418,-0.628903,-0.004964,0.008846,0.068220,3.658657,1.000000,0.348692,7.915706
11.150000,0.329753,-0.211573,0.395538,0.777548,-0.628742,-0.004914,0.008819,0.068220,3.656849,1.000000,0.370602,7.902963
11.155000,0.329759,-0.211349,0.395558,0.777687,-0.628572,-0.004864,0.008791,0.068220,3.654927,1.000000,0.394100,7.890222
11.160000,0.329777,-0.211116,0.395579,0.777833,-0.628391,-0.004817,0.008761,0.068220,3.652885,1.000000,0.418661,7.877434
11.165000,0.329804,-0.210874,0.395600,0.777989,-0.628199,-0.004772,0.008730,0.068220,3.650718,1.000000,0.443649,7.864614
11.170000,0.329842,-0.210622,0.395622,0.778154,-0.627995,-0.004731,0.008696,0.068220,3.648425,1.000000,0.469062,7.849419
11.175000,0.329890,-0.210360,0.395645,0.778329,-0.627779,-0.004694,0.008660,0.068220,3.646005,1.000000,0.494777,7.834227
11.180000,0.329948,-0.210087,0.395668,0.778513,-0.627552,-0.004662,0.008623,0.068220,3.643455,1.000000,0.520542,7.819028
11.185000,0.330015,-0.209804,0.395691,0.778707,-0.627312,-0.004635,0.008584,0.068219,3.640778,1.000000,0.546194,7.803827
11.190000,0.330091,-0.209510,0.395715,0.778910,-0.627061,-0.004614,0.008545,0.068219,3.637972,1.000000,0.571630,7.788630
11.195000,0.330176,-0.209205,0.395738,0.779122,-0.626798,-0.004598,0.008504,0.068219,3.635041,1.000000,0.596775,7.773436
11.200000,0.330270,-0.208890,0.395763,0.779343,-0.626523,-0.004587,0.008463,0.068219,3.631985,1.000000,0.621574,7.758246
11.205000,0.330372,-0.208563,0.395787,0.779573,-0.626237,-0.004582,0.008423,0.068219,3.628806,1.000000,0.646237,7.740796
11.210000,0.330482,-0.208225,0.395812,0.779812,-0.625940,-0.004583,0.008382,0.068219,3.625504,1.000000,0.670872,7.723353
11.215000,0.330600,-0.207875,0.395837,0.780060,-0.625632,-0.004590,0.008340,0.068219,3.622079,1.000000,0.695325,7.705902
11.220000,0.330727,-0.207514,0.395861,0.780316,-0.625313,-0.004603,0.008299,0.068218,3.618533,1.000000,0.719492,7.688449
11.225000,0.330860,-0.207141,0.395886,0.780581,-0.624983,-0.004622,0.008259,0.068218,3.614867,1.000000,0.743297,7.670996
11.230000,0.331001,-0.206757,0.395910,0.780854,-0.624642,-0.004647,0.008219,0.068218,3.611084,1.000000,0.766688,7.653549
11.235000,0.331150,-0.206360,0.395934,0.781135,-0.624291,-0.004678,0.008180,0.068218,3.607185,1.000000,0.789629,7.636171
11.240000,0.331305,-0.205953,0.395958,0.781425,-0.623929,-0.004714,0.008142,0.068218,3.603173,1.000000,0.812208,7.617065
11.245000,0.331466,-0.205533,0.395980,0.781722,-0.623556,-0.004757,0.008105,0.068218,3.599050,1.000000,0.834557,7.597968
11.250000,0.331634,-0.205101,0.396003,0.782027,-0.623174,-0.004805,0.008070,0.068218,3.594815,1.000000,0.856564,7.578847
11.255000,0.331809,-0.204658,0.396024,0.782340,-0.622781,-0.004859,0.008036,0.068217,3.590472,1.000000,0.878148,7.559668
11.260000,0.331989,-0.204203,0.396044,0.782660,-0.622378,-0.004918,0.008003,0.068217,3.586022,1.000000,0.899263,7.540492
11.265000,0.332176,-0.203736,0.396064,0.782988,-0.621965,-0.004983,0.007972,0.068217,3.581469,1.000000,0.919873,7.521323
11.270000,0.332368,-0.203258,0.396082,0.783324,-0.621543,-0.005052,0.007943,0.068217,3.576814,1.000000,0.939999,7.501101
11.275000,0.332565,-0.202768,0.396099,0.783666,-0.621110,-0.005126,0.007917,0.068217,3.572060,1.000000,0.959743,7.480909
11.280000,0.332768,-0.202266,0.396115,0.784016,-0.620668,-0.005205,0.007892,0.068217,3.567209,1.000000,0.979035,7.460719
11.285000,0.332975,-0.201753,0.396130,0.784373,-0.620217,-0.005288,0.007870,0.068217,3.562263,1.000000,0.997834,7.440535
11.290000,0.333188,-0.201229,0.396143,0.784737,-0.619756,-0.005375,0.007850,0.068217,3.557225,1.000000,1.016097,7.420274
11.295000,0.333405,-0.200694,0.396155,0.785107,-0.619286,-0.005466,0.007834,0.068216,3.552097,1.000000,1.033812,7.400015
11.300000,0.333627,-0.200147,0.396165,0.785484,-0.618807,-0.005560,0.007820,0.068216,3.546882,1.000000,1.050964,7.379764
11.305000,0.333853,-0.199589,0.396174,0.785868,-0.618319,-0.005658,0.007809,0.068216,3.541584,1.000000,1.067546,7.358360
11.310000,0.334082,-0.199021,0.396180,0.786258,-0.617822,-0.005758,0.007801,0.068216,3.536204,1.000000,1.083713,7.336996
11.315000,0.334316,-0.198442,0.396186,0.786654,-0.617317,-0.005861,0.007796,0.068216,3.530745,1.000000,1.099408,7.315634
11.320000,0.334554,-0.197852,0.396189,0.787057,-0.616803,-0.005967,0.007795,0.068216,3.525209,1.000000,1.114602,7.294279
11.325000,0.334795,-0.197252,0.396191,0.787465,-0.616280,-0.006074,0.007797,0.068216,3.519599,1.000000,1.129267,7.272883
11.330000,0.335040,-0.196641,0.396191,0.787879,-0.615749,-0.006184,0.007803,0.068215,3.513918,1.000000,1.143391,7.251475
11.335000,0.335287,-0.196020,0.396189,0.788300,-0.615210,-0.006294,0.007813,0.068215,3.508167,1.000000,1.156968,7.230070
11.340000,0.335538,-0.195389,0.396185,0.788725,-0.614663,-0.006407,0.007826,0.068215,3.502351,1.000000,1.169975,7.207529
11.345000,0.335792,-0.194748,0.396179,0.789157,-0.614107,-0.006520,0.007843,0.068215,3.496471,1.000000,1.182600,7.185051
11.350000,0.336048,-0.194098,0.396171,0.789593,-0.613544,-0.006634,0.007864,0.068215,3.490529,1.000000,1.194785,7.162575
11.355000,0.336307,-0.193437,0.396161,0.790036,-0.612973,-0.006749,0.007888,0.068215,3.484528,1.000000,1.206504,7.140107
11.360000,0.336568,-0.192767,0.396149,0.790483,-0.612394,-0.006865,0.007917,0.068215,3.478470,1.000000,1.217740,7.117639
11.365000,0.336831,-0.192088,0.396135,0.790935,-0.611808,-0.006980,0.007949,0.068214,3.472357,1.000000,1.228481,7.095171
11.370000,0.337097,-0.191399,0.396119,0.791393,-0.611215,-0.007095,0.007986,0.068214,3.466192,1.000000,1.238721,7.072704
11.375000,0.337364,-0.190702,0.396101,0.791855,-0.610614,-0.007210,0.008027,0.068214,3.459979,1.000000,1.248452,7.048901
11.380000,0.337634,-0.189995,0.396080,0.792322,-0.610005,-0.007325,0.008072,0.068214,3.453717,1.000000,1.257853,7.025045
11.385000,0.337906,-0.189280,0.396058,0.792794,-0.609390,-0.007438,0.008121,0.068214,3.447410,1.000000,1.266888,7.001177
11.390000,0.338179,-0.188556,0.396034,0.793271,-0.608767,-0.007550,0.008175,0.068214,3.441059,1.000000,1.275530,6.977310
11.395000,0.338454,-0.187824,0.396008,0.793753,-0.608136,-0.007660,0.008232,0.068214,3.434666,1.000000,1.283764,6.953455
11.400000,0.338731,-0.187083,0.395980,0.794239,-0.607499,-0.007768,0.008294,0.068213,3.428233,1.000000,1.291589,6.929650
11.405000,0.339009,-0.186334,0.395950,0.794730,-0.606854,-0.007874,0.008360,0.068213,3.421762,1.000000,1.298986,6.905846
11.410000,0.339289,-0.185578,0.395919,0.795225,-0.606203,-0.007978,0.008431,0.068213,3.415257,1.000000,1.305939,6.880141
11.415000,0.339571,-0.184813,0.395886,0.795725,-0.605544,-0.008079,0.008506,0.068213,3.408717,1.000000,1.312714,6.854419
11.420000,0.339855,-0.184041,0.395851,0.796230,-0.604878,-0.008177,0.008585,0.068213,3.402144,1.000000,1.319247,6.828676
11.425000,0.340140,-0.183262,0.395815,0.796739,-0.604205,-0.008271,0.008668,0.068213,3.395540,1.000000,1.325499,6.802932
11.430000,0.340427,-0.182475,0.395777,0.797253,-0.603524,-0.008361,0.008756,0.068213,3.388905,1.000000,1.331443,6.777193
11.435000,0.340715,-0.181681,0.395739,0.797771,-0.602837,-0.008447,0.008848,0.068213,3.382242,1.000000,1.337069,6.751480
11.440000,0.341006,-0.180880,0.395699,0.798293,-0.602142,-0.008529,0.008944,0.068212,3.375552,1.000000,1.342335,6.724200
11.445000,0.341298,-0.180072,0.395658,0.798821,-0.601440,-0.008607,0.009045,0.068212,3.368837,1.000000,1.347451,6.696924
11.450000,0.341592,-0.179258,0.395617,0.799352,-0.600730,-0.008679,0.009149,0.068212,3.362096,1.000000,1.352365,6.669649
11.455000,0.341889,-0.178436,0.395575,0.799889,-0.600013,-0.008746,0.009259,0.068212,3.355332,1.000000,1.357040,6.642367
11.460000,0.342187,-0.177609,0.395533,0.800430,-0.599289,-0.008807,0.009372,0.068212,3.348545,1.000000,1.361450,6.615083
11.465000,0.342487,-0.176775,0.395491,0.800975,-0.598557,-0.008864,0.009490,0.068212,3.341738,1.000000,1.365444,6.587804
11.470000,0.342789,-0.175934,0.395449,0.801524,-0.597818,-0.008915,0.009613,0.068211,3.334913,1.000000,1.368851,6.560526
11.475000,0.343091,-0.175088,0.395406,0.802078,-0.597073,-0.008962,0.009742,0.068211,3.328072,1.000000,1.371706,6.532414
11.480000,0.343395,-0.174235,0.395365,0.802634,-0.596322,-0.009006,0.009876,0.068211,3.321218,1.000000,1.374231,6.504300
11.485000,0.343700,-0.173377,0.395323,0.803195,-0.595564,-0.009045,0.010017,0.068211,3.314353,1.000000,1.376508,6.476193
11.490000,0.344005,-0.172512,0.395283,0.803758,-0.594800,-0.009081,0.010163,0.068211,3.307477,1.000000,1.378584,6.448133
11.495000,0.344310,-0.171642,0.395243,0.804325,-0.594030,-0.009113,0.010315,0.068211,3.300591,1.000000,1.380458,6.420071
11.500000,0.344616,-0.170766,0.395204,0.804895,-0.593255,-0.009142,0.010474,0.068211,3.293696,1.000000,1.382134,6.392013
11.505000,0.344923,-0.169884,0.395167,0.805468,-0.592473,-0.009166,0.010638,0.068211,3.286794,1.000000,1.383597,6.363924
11.510000,0.345230,-0.168996,0.395131,0.806044,-0.591685,-0.009188,0.010808,0.068210,3.279886,1.000000,1.384786,6.335283
11.515000,0.345538,-0.168103,0.395097,0.806623,-0.590892,-0.009205,0.010984,0.068210,3.272972,1.000000,1.385810,6.306641
11.520000,0.345846,-0.167205,0.395064,0.807206,-0.590093,-0.009218,0.011165,0.068210,3.266054,1.000000,1.386643,6.277998
11.525000,0.346154,-0.166301,0.395033,0.807791,-0.589288,-0.009228,0.011351,0.068210,3.259132,1.000000,1.387261,6.249319
11.530000,0.346463,-0.165392,0.395004,0.808379,-0.588477,-0.009234,0.011543,0.068210,3.252208,1.000000,1.387656,6.220639
11.535000,0.346772,-0.164478,0.394977,0.808970,-0.587661,-0.009235,0.011740,0.068210,3.245283,1.000000,1.387820,6.191962
11.540000,0.347081,-0.163559,0.394952,0.809563,-0.586839,-0.009233,0.011941,0.068209,3.238358,1.000000,1.387765,6.163374
11.545000,0.347390,-0.162635,0.394930,0.810159,-0.586011,-0.009227,0.012148,0.068209,3.231435,1.000000,1.387357,6.133952
11.550000,0.347700,-0.161706,0.394909,0.810758,-0.585178,-0.009217,0.012359,0.068209,3.224514,1.000000,1.386800,6.104533
11.555000,0.348010,-0.160773,0.394891,0.811359,-0.584340,-0.009203,0.012574,0.068209,3.217596,1.000000,1.386053,6.075078
11.560000,0.348320,-0.159835,0.394876,0.811963,-0.583496,-0.009184,0.012794,0.068209,3.210683,1.000000,1.385095,6.045594
11.565000,0.348631,-0.158892,0.394863,0.812569,-0.582647,-0.009162,0.013017,0.068209,3.203776,1.000000,1.383920,6.016106
11.570000,0.348941,-0.157944,0.394852,0.813178,-0.581793,-0.009136,0.013245,0.068209,3.196875,1.000000,1.382531,5.986675
11.575000,0.349251,-0.156993,0.394844,0.813789,-0.580933,-0.009106,0.013476,0.068208,3.189982,1.000000,1.380926,5.957312
11.580000,0.349562,-0.156037,0.394838,0.814402,-0.580068,-0.009073,0.013712,0.068208,3.183098,1.000000,1.379001,5.927361
11.585000,0.349872,-0.155077,0.394836,0.815017,-0.579198,-0.009035,0.013950,0.068208,3.176224,1.000000,1.376904,5.897339
11.590000,0.350183,-0.154113,0.394836,0.815635,-0.578323,-0.008994,0.014192,0.068208,3.169362,1.000000,1.374602,5.867248
11.595000,0.350493,-0.153145,0.394838,0.816254,-0.577443,-0.008949,0.014437,0.068208,3.162512,1.000000,1.372096,5.837159
11.600000,0.350803,-0.152173,0.394843,0.816875,-0.576558,-0.008900,0.014685,0.068208,3.155675,1.000000,1.369392,5.807159
11.605000,0.351113,-0.151197,0.394851,0.817499,-0.575669,-0.008848,0.014935,0.068207,3.148852,1.000000,1.366470,5.777187
11.610000,0.351423,-0.150217,0.394861,0.818124,-0.574774,-0.008792,0.015189,0.068207,3.142044,1.000000,1.363380,5.747524
11.615000,0.351733,-0.149234,0.394874,0.818750,-0.573875,-0.008733,0.015445,0.068207,3.135252,1.000000,1.360064,5.717930
11.620000,0.352042,-0.148248,0.394890,0.819379,-0.572972,-0.008670,0.015703,0.068207,3.128478,1.000000,1.356499,5.688335
11.625000,0.352351,-0.147258,0.394908,0.820009,-0.572064,-0.008605,0.015964,0.068207,3.121723,1.000000,1.352648,5.658475
11.630000,0.352659,-0.146266,0.394929,0.820640,-0.571152,-0.008535,0.016226,0.068207,3.114987,1.000000,1.348533,5.628538
11.635000,0.352967,-0.145270,0.394952,0.821272,-0.570235,-0.008463,0.016491,0.068206,3.108273,1.000000,1.344169,5.598604
11.640000,0.353274,-0.144272,0.394978,0.821906,-0.569315,-0.008388,0.016758,0.068206,3.101582,1.000000,1.339559,5.568667
11.645000,0.353581,-0.143270,0.395006,0.822541,-0.568390,-0.008309,0.017027,0.068206,3.094914,1.000000,1.334819,5.539367
11.650000,0.353887,-0.142267,0.395036,0.823177,-0.567462,-0.008227,0.017297,0.068206,3.088270,1.000000,1.329801,5.510066
11.655000,0.354192,-0.141261,0.395069,0.823814,-0.566530,-0.008143,0.017569,0.068206,3.081652,1.000000,1.324512,5.480767
11.660000,0.354496,-0.140253,0.395104,0.824451,-0.565594,-0.008055,0.017843,0.068205,3.075062,1.000000,1.318973,5.451506
11.665000,0.354800,-0.139243,0.395141,0.825089,-0.564656,-0.007965,0.018118,0.068205,3.068500,1.000000,1.313186,5.422264
11.670000,0.355102,-0.138231,0.395180,0.825728,-0.563714,-0.007872,0.018394,0.068205,3.061968,1.000000,1.307156,5.393020
11.675000,0.355403,-0.137217,0.395222,0.826367,-0.562768,-0.007777,0.018672,0.068205,3.055466,1.000000,1.300890,5.363765
11.680000,0.355704,-0.136202,0.395265,0.827007,-0.561820,-0.007678,0.018950,0.068205,3.048996,1.000000,1.294521,5.335086
11.685000,0.356002,-0.135186,0.395310,0.827646,-0.560869,-0.007578,0.019230,0.068205,3.042559,1.000000,1.287906,5.306405
11.690000,0.356300,-0.134168,0.395357,0.828286,-0.559916,-0.007475,0.019510,0.068205,3.036155,1.000000,1.281054,5.277727
11.695000,0.356597,-0.133149,0.395406,0.828926,-0.558960,-0.007369,0.019791,0.068204,3.029786,1.000000,1.273992,5.249100
11.700000,0.356892,-0.132130,0.395457,0.829565,-0.558001,-0.007262,0.020073,0.068204,3.023454,1.000000,1.266722,5.220500
11.705000,0.357185,-0.131110,0.395509,0.830205,-0.557041,-0.007152,0.020355,0.068204,3.017158,1.000000,1.259249,5.191897
11.710000,0.357477,-0.130089,0.395563,0.830844,-0.556078,-0.007041,0.020637,0.068204,3.010900,1.000000,1.251583,5.163285
11.715000,0.357767,-0.129068,0.395618,0.831483,-0.555113,-0.006927,0.020920,0.068204,3.004680,1.000000,1.243964,5.135695
11.720000,0.358056,-0.128046,0.395674,0.832121,-0.554147,-0.006811,0.021203,0.068204,2.998498,1.000000,1.236020,5.108102
11.725000,0.358343,-0.127025,0.395732,0.832758,-0.553179,-0.006694,0.021486,0.068203,2.992358,1.000000,1.227626,5.080513
11.730000,0.358628,-0.126004,0.395791,0.833395,-0.552210,-0.006574,0.021769,0.068203,2.986261,1.000000,1.218858,5.052928
11.735000,0.358910,-0.124983,0.395851,0.834030,-0.551240,-0.006453,0.022051,0.068203,2.980209,1.000000,1.209806,5.025343
11.740000,0.359189,-0.123963,0.395911,0.834664,-0.550270,-0.006329,0.022332,0.068203,2.974202,1.000000,1.200553,4.997761
11.745000,0.359466,-0.122943,0.395972,0.835297,-0.549299,-0.006203,0.022612,0.068203,2.968242,1.000000,1.191160,4.970170
11.750000,0.359740,-0.121925,0.396033,0.835928,-0.548328,-0.006075,0.022891,0.068203,2.962328,1.000000,1.181898,4.943774
11.755000,0.360012,-0.120907,0.396095,0.836558,-0.547356,-0.005945,0.023170,0.068203,2.956461,1.000000,1.172499,4.917377
11.760000,0.360281,-0.119891,0.396157,0.837187,-0.546383,-0.005813,0.023447,0.068202,2.950641,1.000000,1.163007,4.890982
11.765000,0.360547,-0.118876,0.396219,0.837814,-0.545411,-0.005678,0.023722,0.068202,2.944868,1.000000,1.153449,4.864551
11.770000,0.360811,-0.117863,0.396282,0.838439,-0.544438,-0.005542,0.023996,0.068202,2.939144,1.000000,1.143831,4.838113
11.775000,0.361073,-0.116851,0.396344,0.839064,-0.543465,-0.005402,0.024267,0.068202,2.933468,1.000000,1.134184,4.811678
11.780000,0.361332,-0.115842,0.396407,0.839686,-0.542492,-0.005261,0.024537,0.068202,2.927839,1.000000,1.124656,4.786388
11.785000,0.361589,-0.114834,0.396470,0.840307,-0.541518,-0.005117,0.024804,0.068202,2.922258,1.000000,1.114993,4.761124
11.790000,0.361844,-0.113828,0.396533,0.840927,-0.540545,-0.004970,0.025070,0.068201,2.916725,1.000000,1.105220,4.735859
11.795000,0.362097,-0.112825,0.396595,0.841545,-0.539572,-0.004821,0.025333,0.068201,2.911242,1.000000,1.095362,4.710595
11.800000,0.362348,-0.111825,0.396658,0.842161,-0.538599,-0.004670,0.025594,0.068201,2.905809,1.000000,1.085417,4.685250
11.805000,0.362596,-0.110826,0.396720,0.842775,-0.537626,-0.004517,0.025852,0.068201,2.900425,1.000000,1.075420,4.659904
11.810000,0.362842,-0.109831,0.396783,0.843387,-0.536654,-0.004361,0.026108,0.068201,2.895091,1.000000,1.065385,4.634562
11.815000,0.363087,-0.108838,0.396844,0.843998,-0.535681,-0.004203,0.026362,0.068201,2.889806,1.000000,1.055524,4.610256
11.820000,0.363329,-0.107849,0.396906,0.844607,-0.534710,-0.004043,0.026612,0.068201,2.884571,1.000000,1.045583,4.585974
11.825000,0.363569,-0.106862,0.396967,0.845213,-0.533739,-0.003882,0.026860,0.068200,2.879386,1.000000,1.035580,4.561692
11.830000,0.363807,-0.105879,0.397028,0.845818,-0.532770,-0.003718,0.027106,0.068200,2.874251,1.000000,1.025537,4.537409
11.835000,0.364043,-0.104898,0.397088,0.846420,-0.531801,-0.003553,0.027348,0.068200,2.869166,1.000000,1.015467,4.513105
11.840000,0.364277,-0.103921,0.397148,0.847021,-0.530833,-0.003386,0.027587,0.068200,2.864131,1.000000,1.005387,4.488800
11.845000,0.364509,-0.102948,0.397207,0.847619,-0.529866,-0.003218,0.027823,0.068200,2.859147,1.000000,0.995309,4.464498
11.850000,0.364739,-0.101978,0.397266,0.848215,-0.528900,-0.003048,0.028056,0.068200,2.854212,1.000000,0.985461,4.441221
11.855000,0.364966,-0.101011,0.397324,0.848808,-0.527936,-0.002877,0.028286,0.068199,2.849326,1.000000,0.975564,4.417936
11.860000,0.365192,-0.100048,0.397382,0.849400,-0.526973,-0.002704,0.028512,0.068199,2.844490,1.000000,0.965644,4.394656
11.865000,0.365416,-0.099089,0.397439,0.849988,-0.526011,-0.002531,0.028735,0.068199,2.839703,1.000000,0.955717,4.371366
11.870000,0.365637,-0.098133,0.397495,0.850575,-0.525051,-0.002356,0.028954,0.068199,2.834966,1.000000,0.945796,4.348053
11.875000,0.365857,-0.097182,0.397551,0.851159,-0.524093,-0.002181,0.029169,0.068199,2.830278,1.000000,0.935895,4.324741
11.880000,0.366075,-0.096234,0.397605,0.851740,-0.523136,-0.002005,0.029381,0.068199,2.825640,1.000000,0.926026,4.301432
11.885000,0.366290,-0.095290,0.397660,0.852319,-0.522182,-0.001828,0.029590,0.068199,2.821049,1.000000,0.916464,4.279827
11.890000,0.366504,-0.094350,0.397713,0.852895,-0.521229,-0.001650,0.029794,0.068198,2.816507,1.000000,0.906817,4.258226
11.895000,0.366716,-0.093414,0.397766,0.853469,-0.520278,-0.001471,0.029995,0.068198,2.812012,1.000000,0.897130,4.236630
11.900000,0.366925,-0.092483,0.397817,0.854040,-0.519330,-0.001292,0.030193,0.068198,2.807566,1.000000,0.887432,4.215021
11.905000,0.367133,-0.091556,0.397869,0.854608,-0.518383,-0.001113,0.030386,0.068198,2.803169,1.000000,0.877748,4.193400
11.910000,0.367338,-0.090633,0.397919,0.855173,-0.517440,-0.000933,0.030577,0.068198,2.798819,1.000000,0.868097,4.171779
11.915000,0.367542,-0.089715,0.397969,0.855735,-0.516498,-0.000752,0.030763,0.068198,2.794518,1.000000,0.858489,4.150152
11.920000,0.367743,-0.088801,0.398018,0.856295,-0.515559,-0.000571,0.030945,0.068197,2.790264,1.000000,0.849054,4.129686
11.925000,0.367943,-0.087891,0.398066,0.856852,-0.514623,-0.000390,0.031124,0.068197,2.786057,1.000000,0.839577,4.109220
11.930000,0.368141,-0.086987,0.398113,0.857405,-0.513689,-0.000208,0.031299,0.068197,2.781897,1.000000,0.830101,4.088758
11.935000,0.368336,-0.086087,0.398160,0.857956,-0.512758,-0.000026,0.031471,0.068197,2.777785,1.000000,0.820676,4.068378
11.940000,0.368530,-0.085192,0.398206,0.858504,-0.511830,0.000156,0.031638,0.068197,2.773719,1.000000,0.811312,4.048039
11.945000,0.368722,-0.084301,0.398251,0.859049,-0.510904,0.000339,0.031802,0.068197,2.769700,1.000000,0.802012,4.027700
11.950000,0.368912,-0.083416,0.398296,0.859591,-0.509982,0.000522,0.031963,0.068197,2.765727,1.000000,0.792892,4.008317
11.955000,0.369100,-0.082535,0.398340,0.860130,-0.509062,0.000705,0.032119,0.068196,2.761799,1.000000,0.783757,3.988859
11.960000,0.369286,-0.081659,0.398384,0.860666,-0.508145,0.000888,0.032272,0.068196,2.757917,1.000000,0.774654,3.969403
11.965000,0.369470,-0.080788,0.398427,0.861199,-0.507231,0.001072,0.032421,0.068196,2.754080,1.000000,0.765608,3.949951
11.970000,0.369653,-0.079922,0.398469,0.861729,-0.506321,0.001255,0.032567,0.068196,2.750288,1.000000,0.756633,3.930491
11.975000,0.369834,-0.079061,0.398510,0.862256,-0.505413,0.001439,0.032708,0.068196,2.746540,1.000000,0.747741,3.911031
11.980000,0.370013,-0.078205,0.398551,0.862780,-0.504508,0.001623,0.032846,0.068196,2.742837,1.000000,0.738942,3.891576
11.985000,0.370190,-0.077354,0.398592,0.863301,-0.503607,0.001807,0.032980,0.068195,2.739176,1.000000,0.730405,3.873407
11.990000,0.370366,-0.076507,0.398631,0.863820,-0.502708,0.001991,0.033111,0.068195,2.735558,1.000000,0.721877,3.855264
11.995000,0.370540,-0.075666,0.398671,0.864335,-0.501813,0.002175,0.033238,0.068195,2.731982,1.000000,0.713386,3.837122
12.000000,0.370712,-0.074830,0.398709,0.864847,-0.500921,0.002359,0.033361,0.068195,2.728449,1.000000,0.704954,3.818972
12.005000,0.370882,-0.073999,0.398747,0.865356,-0.500032,0.002543,0.033481,0.068195,2.724957,1.000000,0.696583,3.800744
12.010000,0.371051,-0.073172,0.398785,0.865862,-0.499146,0.002727,0.033597,0.068195,2.721507,1.000000,0.688302,3.782517
12.015000,0.371218,-0.072351,0.398821,0.866365,-0.498264,0.002910,0.033709,0.068194,2.718099,1.000000,0.680118,3.764294
12.020000,0.371384,-0.071535,0.398858,0.866865,-0.497384,0.003094,0.033818,0.068194,2.714729,1.000000,0.672277,3.747972
12.025000,0.371548,-0.070724,0.398893,0.867363,-0.496508,0.003277,0.033923,0.068194,2.711398,1.000000,0.664399,3.731661
12.030000,0.371711,-0.069917,0.398928,0.867857,-0.495636,0.003460,0.034025,0.068194,2.708107,1.000000,0.656531,3.715353
12.035000,0.371872,-0.069117,0.398963,0.868348,-0.494767,0.003643,0.034124,0.068194,2.704855,1.000000,0.648701,3.699019
12.040000,0.372031,-0.068321,0.398997,0.868836,-0.493902,0.003825,0.034219,0.068194,2.701642,1.000000,0.640925,3.682629
12.045000,0.372188,-0.067530,0.399030,0.869320,-0.493040,0.004007,0.034312,0.068194,2.698467,1.000000,0.633229,3.666240
12.050000,0.372344,-0.066744,0.399063,0.869802,-0.492182,0.004188,0.034401,0.068193,2.695331,1.000000,0.625624,3.649854
12.055000,0.372499,-0.065964,0.399096,0.870281,-0.491327,0.004369,0.034487,0.068193,2.692229,1.000000,0.618635,3.637219
12.060000,0.372651,-0.065189,0.399127,0.870756,-0.490477,0.004550,0.034571,0.068193,2.689163,1.000000,0.611460,3.624586
12.065000,0.372802,-0.064420,0.399159,0.871228,-0.489631,0.004729,0.034652,0.068193,2.686132,1.000000,0.604192,3.611955
12.070000,0.372951,-0.063656,0.399189,0.871696,-0.488790,0.004908,0.034731,0.068193,2.683138,1.000000,0.596883,3.599283
12.075000,0.373098,-0.062899,0.399220,0.872161,-0.487953,0.005086,0.034808,0.068193,2.680181,1.000000,0.589576,3.586579
12.080000,0.373243,-0.062147,0.399249,0.872622,-0.487121,0.005264,0.034883,0.068192,2.677260,1.000000,0.582304,3.573874
12.085000,0.373387,-0.061401,0.399279,0.873079,-0.486293,0.005440,0.034955,0.068192,2.674375,1.000000,0.575085,3.561159
12.090000,0.373528,-0.060661,0.399307,0.873533,-0.485471,0.005616,0.035025,0.068192,2.671526,1.000000,0.568065,3.549000
12.095000,0.373668,-0.059926,0.399335,0.873983,-0.484653,0.005790,0.035093,0.068192,2.668711,1.000000,0.561103,3.536840
12.100000,0.373806,-0.059198,0.399362,0.874430,-0.483840,0.005963,0.035157,0.068192,2.665931,1.000000,0.554209,3.524683
12.105000,0.373943,-0.058475,0.399389,0.874873,-0.483032,0.006134,0.035219,0.068192,2.663185,1.000000,0.547396,3.512542
12.110000,0.374077,-0.057758,0.399415,0.875312,-0.482229,0.006304,0.035278,0.068191,2.660473,1.000000,0.540666,3.500406
12.115000,0.374210,-0.057047,0.399440,0.875748,-0.481431,0.006472,0.035334,0.068191,2.657794,1.000000,0.534022,3.488273
12.120000,0.374342,-0.056341,0.399464,0.876180,-0.480638,0.006638,0.035386,0.068191,2.655147,1.000000,0.527591,3.476946
12.125000,0.374471,-0.055641,0.399487,0.876609,-0.479849,0.006802,0.035435,0.068191,2.652533,1.000000,0.521219,3.465631
12.130000,0.374599,-0.054947,0.399510,0.877034,-0.479066,0.006965,0.035481,0.068191,2.649950,1.000000,0.514913,3.454316
12.135000,0.374725,-0.054258,0.399531,0.877456,-0.478287,0.007125,0.035524,0.068191,2.647398,1.000000,0.508683,3.443004
12.140000,0.374850,-0.053574,0.399552,0.877874,-0.477514,0.007282,0.035563,0.068191,2.644877,1.000000,0.502528,3.431630
12.145000,0.374973,-0.052896,0.399572,0.878289,-0.476745,0.007438,0.035599,0.068190,2.642387,1.000000,0.496461,3.420249
12.150000,0.375095,-0.052223,0.399590,0.878700,-0.475982,0.007591,0.035631,0.068190,2.639926,1.000000,0.490488,3.408870
12.155000,0.375215,-0.051556,0.399608,0.879108,-0.475223,0.007742,0.035660,0.068190,2.637493,1.000000,0.484959,3.400958
12.160000,0.375334,-0.050895,0.399625,0.879513,-0.474470,0.007890,0.035686,0.068190,2.635088,1.000000,0.479252,3.393006
12.165000,0.375451,-0.050239,0.399641,0.879914,-0.473722,0.008037,0.035709,0.068190,2.632712,1.000000,0.473460,3.385053
12.170000,0.375566,-0.049590,0.399656,0.880311,-0.472980,0.008181,0.035730,0.068190,2.630365,1.000000,0.467640,3.377100
12.175000,0.375679,-0.048946,0.399670,0.880704,-0.472243,0.008322,0.035749,0.068189,2.628046,1.000000,0.461835,3.369139
12.180000,0.375791,-0.048309,0.399684,0.881093,-0.471513,0.008462,0.035766,0.068189,2.625757,1.000000,0.456064,3.361176
12.185000,0.375901,-0.047678,0.399696,0.881479,-0.470788,0.008599,0.035780,0.068189,2.623497,1.000000,0.450346,3.353214
12.190000,0.376010,-0.047053,0.399708,0.881861,-0.470069,0.008734,0.035791,0.068189,2.621263,1.000000,0.444901,3.347103
12.195000,0.376117,-0.046434,0.399720,0.882239,-0.469356,0.008867,0.035801,0.068189,2.619057,1.000000,0.439390,3.340980
12.200000,0.376222,-0.045822,0.399730,0.882613,-0.468649,0.008998,0.035809,0.068189,2.616878,1.000000,0.433858,3.334855
12.205000,0.376326,-0.045216,0.399740,0.882983,-0.467948,0.009126,0.035814,0.068189,2.614727,1.000000,0.428340,3.328730
12.210000,0.376428,-0.044616,0.399749,0.883349,-0.467254,0.009252,0.035818,0.068188,2.612604,1.000000,0.422858,3.322590
12.215000,0.376528,-0.044023,0.399757,0.883711,-0.466565,0.009376,0.035819,0.068188,2.610507,1.000000,0.417426,3.316449
12.220000,0.376627,-0.043436,0.399764,0.884070,-0.465883,0.009497,0.035817,0.068188,2.608438,1.000000,0.412056,3.310309
12.225000,0.376725,-0.042856,0.399771,0.884425,-0.465207,0.009616,0.035814,0.068188,2.606394,1.000000,0.406948,3.305822
12.230000,0.376821,-0.042282,0.399777,0.884775,-0.464538,0.009733,0.035808,0.068188,2.604376,1.000000,0.401785,3.301293
12.235000,0.376916,-0.041715,0.399783,0.885122,-0.463875,0.009848,0.035800,0.068188,2.602384,1.000000,0.396612,3.296763
12.240000,0.377009,-0.041155,0.399787,0.885465,-0.463219,0.009960,0.035790,0.068187,2.600417,1.000000,0.391457,3.292234
12.245000,0.377101,-0.040601,0.399792,0.885804,-0.462569,0.010070,0.035777,0.068187,2.598476,1.000000,0.386344,3.287703
12.250000,0.377191,-0.040053,0.399795,0.886139,-0.461926,0.010178,0.035762,0.068187,2.596560,1.000000,0.381279,3.283171
12.255000,0.377280,-0.039512,0.399798,0.886470,-0.461289,0.010283,0.035744,0.068187,2.594670,1.000000,0.376272,3.278640
12.260000,0.377368,-0.038978,0.399800,0.886797,-0.460659,0.010386,0.035724,0.068187,2.592804,1.000000,0.371419,3.275390
12.265000,0.377454,-0.038450,0.399802,0.887121,-0.460035,0.010487,0.035701,0.068187,2.590962,1.000000,0.366534,3.272121
12.270000,0.377539,-0.037929,0.399803,0.887440,-0.459418,0.010585,0.035676,0.068187,2.589144,1.000000,0.361654,3.268852
12.275000,0.377622,-0.037415,0.399804,0.887756,-0.458808,0.010681,0.035648,0.068186,2.587351,1.000000,0.356803,3.265566
12.280000,0.377705,-0.036907,0.399804,0.888068,-0.458204,0.010775,0.035618,0.068186,2.585582,1.000000,0.351993,3.262221
12.285000,0.377786,-0.036406,0.399803,0.888375,-0.457607,0.010867,0.035585,0.068186,2.583837,1.000000,0.347241,3.258875
12.290000,0.377866,-0.035911,0.399802,0.888680,-0.457017,0.010956,0.035550,0.068186,2.582115,1.000000,0.342561,3.256529
12.295000,0.377946,-0.035422,0.399800,0.888983,-0.456429,0.011036,0.035500,0.068186,2.580409,1.000000,0.340574,3.254212
12.300000,0.378025,-0.034940,0.399797,0.889286,-0.455842,0.011101,0.035427,0.068186,2.578718,1.000000,0.336436,3.251903
12.305000,0.378104,-0.034467,0.399793,0.889588,-0.455258,0.011160,0.035341,0.068185,2.577053,1.000000,0.330856,3.249596
12.310000,0.378181,-0.034003,0.399790,0.889886,-0.454681,0.011215,0.035249,0.068185,2.575417,1.000000,0.324737,3.247238
12.315000,0.378256,-0.033548,0.399789,0.890180,-0.454111,0.011270,0.035154,0.068185,2.573812,1.000000,0.318562,3.244782
12.320000,0.378330,-0.033102,0.399789,0.890470,-0.453548,0.011325,0.035058,0.068185,2.572238,1.000000,0.312589,3.242326
12.325000,0.378402,-0.032664,0.399791,0.890755,-0.452995,0.011382,0.034961,0.068185,2.570692,1.000000,0.306939,3.240928
12.330000,0.378472,-0.032234,0.399794,0.891035,-0.452449,0.011439,0.034866,0.068185,2.569174,1.000000,0.301555,3.239544
12.335000,0.378541,-0.031810,0.399798,0.891311,-0.451911,0.011498,0.034771,0.068184,2.567682,1.000000,0.296456,3.238162
12.340000,0.378608,-0.031394,0.399803,0.891582,-0.451382,0.011557,0.034676,0.068184,2.566214,1.000000,0.291638,3.236783
12.345000,0.378674,-0.030984,0.399808,0.891849,-0.450860,0.011617,0.034583,0.068184,2.564770,1.000000,0.287080,3.235363
12.350000,0.378739,-0.030580,0.399815,0.892112,-0.450345,0.011678,0.034489,0.068184,2.563348,1.000000,0.282761,3.233903
12.355000,0.378802,-0.030181,0.399821,0.892371,-0.449837,0.011739,0.034396,0.068184,2.561946,1.000000,0.278661,3.232443
12.360000,0.378865,-0.029789,0.399828,0.892626,-0.449336,0.011800,0.034302,0.068184,2.560565,1.000000,0.274780,3.232151
12.365000,0.378926,-0.029401,0.399835,0.892878,-0.448842,0.011861,0.034209,0.068184,2.559202,1.000000,0.270993,3.231856
12.370000,0.378987,-0.029020,0.399842,0.893125,-0.448353,0.011921,0.034116,0.068183,2.557858,1.000000,0.267309,3.231562
12.375000,0.379047,-0.028643,0.399849,0.893370,-0.447872,0.011982,0.034023,0.068183,2.556532,1.000000,0.263737,3.231271
12.380000,0.379106,-0.028271,0.399856,0.893611,-0.447396,0.012042,0.033930,0.068183,2.555224,1.000000,0.260293,3.231662
12.385000,0.379164,-0.027904,0.399863,0.893849,-0.446926,0.012102,0.033837,0.068183,2.553932,1.000000,0.256946,3.231494
12.390000,0.379222,-0.027543,0.399869,0.894084,-0.446461,0.012161,0.033745,0.068183,2.552657,1.000000,0.253712,3.231273
12.395000,0.379279,-0.027185,0.399875,0.894316,-0.446002,0.012219,0.033652,0.068182,2.551397,1.000000,0.250600,3.232226
12.400000,0.379335,-0.026833,0.399881,0.894544,-0.445549,0.012277,0.033559,0.068182,2.550153,1.000000,0.247498,3.233180
12.405000,0.379391,-0.026485,0.399886,0.894770,-0.445100,0.012334,0.033467,0.068182,2.548925,1.000000,0.244423,3.234039
12.410000,0.379446,-0.026142,0.399891,0.894993,-0.444657,0.012391,0.033375,0.068182,2.547712,1.000000,0.241403,3.234900
12.415000,0.379501,-0.025804,0.399896,0.895213,-0.444219,0.012447,0.033283,0.068181,2.546513,1.000000,0.238458,3.235853
12.420000,0.379556,-0.025470,0.399900,0.895431,-0.443786,0.012502,0.033192,0.068181,2.545329,1.000000,0.235590,3.236857
12.425000,0.379610,-0.025140,0.399903,0.895646,-0.443357,0.012556,0.033100,0.068181,2.544159,1.000000,0.232798,3.237878
12.430000,0.379663,-0.024815,0.399906,0.895858,-0.442934,0.012609,0.033010,0.068181,2.543003,1.000000,0.230087,3.240292
12.435000,0.379717,-0.024494,0.399909,0.896067,-0.442515,0.012662,0.032920,0.068180,2.541860,1.000000,0.227366,3.242933
12.440000,0.379769,-0.024177,0.399911,0.896274,-0.442101,0.012714,0.032830,0.068180,2.540731,1.000000,0.224644,3.245561
12.445000,0.379822,-0.023865,0.399912,0.896479,-0.441691,0.012765,0.032742,0.068180,2.539615,1.000000,0.221953,3.248294
12.450000,0.379874,-0.023557,0.399913,0.896681,-0.441286,0.012816,0.032654,0.068179,2.538513,1.000000,0.219316,3.251218
12.455000,0.379925,-0.023253,0.399914,0.896880,-0.440886,0.012866,0.032567,0.068179,2.537423,1.000000,0.216722,3.254125
12.460000,0.379976,-0.022954,0.399914,0.897077,-0.440490,0.012915,0.032481,0.068179,2.536347,1.000000,0.214187,3.257873
12.465000,0.380027,-0.022658,0.399914,0.897272,-0.440098,0.012964,0.032396,0.068178,2.535283,1.000000,0.211674,3.262040
12.470000,0.380078,-0.022367,0.399913,0.897464,-0.439710,0.013012,0.032312,0.068178,2.534231,1.000000,0.209202,3.266577
12.475000,0.380128,-0.022080,0.399911,0.897654,-0.439327,0.013059,0.032228,0.068177,2.533192,1.000000,0.206767,3.271121
12.480000,0.380178,-0.021797,0.399910,0.897842,-0.438948,0.013106,0.032146,0.068176,2.532165,1.000000,0.204384,3.275700
12.480800,0.380188,-0.021740,0.399909,0.897879,-0.438873,0.013115,0.032130,0.068176,2.532002,1.000000,0.203818,3.276403
