{
  "skill_name": "rectangle_1",
  "match_ms": 222.605,
  "j_end": 258,
  "s": 1.25555224,
  "t": [
    -0.07234818,
    0.00628422,
    -0.10954292
  ],
  "R": [
    [
      0.99931805,
      -0.03623211,
      -0.00711881
    ],
    [
      0.03622468,
      0.99934299,
      -0.00116885
    ],
    [
      0.00715649,
      0.00091017,
      0.99997398
    ]
  ]
}
