{
  "skill_name": "line2_2",
  "match_ms": 1739.385,
  "j_end": 528,
  "s": 0.5979772,
  "t": [
    0.20049246,
    -0.12211825,
    0.07835682
  ],
  "R": [
    [
      0.8438986,
      0.51274995,
      -0.15786909
    ],
    [
      -0.51859392,
      0.85500697,
      0.00484008
    ],
    [
      0.13746092,
      0.07778541,
      0.98744819
    ]
  ]
}
