{
  "skill_name": "lc1_3",
  "match_ms": 3932.227,
  "j_end": 838,
  "s": 0.83762754,
  "t": [
    0.14858579,
    0.01632437,
    0.00377043
  ],
  "R": [
    [
      0.53196546,
      -0.83465307,
      -0.142713
    ],
    [
      0.83177305,
      0.5466466,
      -0.09659756
    ],
    [
      0.15863903,
      -0.06731826,
      0.98503904
    ]
  ]
}
