{
  "skill_name": "lc1_3",
  "match_ms": 3192.55,
  "j_end": 788,
  "s": 0.70024595,
  "t": [
    0.11747029,
    0.12129474,
    0.09505085
  ],
  "R": [
    [
      0.72046816,
      -0.69149132,
      -0.05258692
    ],
    [
      0.68317674,
      0.72073995,
      -0.11748814
    ],
    [
      0.11914353,
      0.04872031,
      0.99168097
    ]
  ]
}
